# vtk DataFile Version 3.0
wing
ASCII
DATASET POLYDATA
POINTS 4800 float
-0.9556005080712667 -0.2639981848638642 0.1308916626929382
-0.9310979309412343 -0.25722900063658566 0.1275354662136321
-0.9065953538112017 -0.2504598164093071 0.12417926973432598
-0.8820927766811694 -0.24369063218202852 0.12082307325501988
-0.8575901995511368 -0.23692144795474995 0.11746687677571377
-0.8330876224211043 -0.23015226372747138 0.11411068029640767
-0.8085850452910719 -0.22338307950019282 0.11075448381710155
-0.7840824681610393 -0.21661389527291422 0.10739828733779544
-0.759579891031007 -0.20984471104563568 0.10404209085848934
-0.7350773139009744 -0.2030755268183571 0.10068589437918324
-0.710574736770942 -0.19630634259107854 0.09732969789987712
-0.6860721596409094 -0.18953715836379995 0.09397350142057101
-0.6615695825108769 -0.18276797413652138 0.09061730494126491
-0.6370670053808446 -0.17599878990924284 0.08726110846195881
-0.6125644282508119 -0.16922960568196424 0.08390491198265268
-0.5880618511207796 -0.1624604214546857 0.0805487155033466
-0.563559273990747 -0.1556912372274071 0.07719251902404048
-0.5390566968607146 -0.14892205300012853 0.07383632254473436
-0.5145541197306822 -0.14215286877285 0.07048012606542828
-0.49005154260064954 -0.1353836845455714 0.06712392958612215
-0.4655489654706172 -0.12861450031829283 0.06376773310681605
-0.4410463883405847 -0.12184531609101426 0.06041153662750994
-0.4165438112105522 -0.11507613186373569 0.057055340148203834
-0.39204123408051966 -0.10830694763645711 0.05369914366889772
-0.36753865695048715 -0.10153776340917854 0.05034294718959161
-0.34303607982045475 -0.0947685791819 0.04698675071028551
-0.3185335026904223 -0.08799939495462142 0.043630554230979404
-0.2940309255603898 -0.08123021072734285 0.0402743577516733
-0.2695283484303573 -0.07446102650006427 0.03691816127236718
-0.24502577130032477 -0.0676918422727857 0.033561964793061075
-0.2205231941702924 -0.060922658045507144 0.030205768313754978
-0.1960206170402599 -0.05415347381822857 0.026849571834448867
-0.17151803991022738 -0.04738428959095 0.023493375355142756
-0.1470154627801949 -0.040615105363671425 0.02013717887583665
-0.12251288565016238 -0.03384592113639285 0.016780982396530537
-0.09801030852013 -0.027076736909114302 0.01342478591722444
-0.0735077313900975 -0.020307552681835726 0.010068589437918331
-0.049005154260065 -0.013538368454557151 0.00671239295861222
-0.0245025771300325 -0.0067691842272785754 0.00335619647930611
0.0 0.0 0.0
-0.9556005080712667 -0.25466615841814527 0.14971362577358827
-0.9310979309412343 -0.2478969741908667 0.14635742929428217
-0.9065953538112017 -0.24112778996358813 0.14300123281497606
-0.8820927766811694 -0.23435860573630957 0.13964503633566996
-0.8575901995511368 -0.227589421509031 0.13628883985636384
-0.8330876224211043 -0.22082023728175243 0.13293264337705774
-0.8085850452910719 -0.21405105305447386 0.12957644689775163
-0.7840824681610393 -0.20728186882719526 0.1262202504184455
-0.759579891031007 -0.20051268459991672 0.1228640539391394
-0.7350773139009744 -0.19374350037263816 0.1195078574598333
-0.710574736770942 -0.1869743161453596 0.11615166098052719
-0.6860721596409094 -0.180205131918081 0.11279546450122108
-0.6615695825108769 -0.17343594769080242 0.10943926802191498
-0.6370670053808446 -0.16666676346352388 0.10608307154260888
-0.6125644282508119 -0.15989757923624529 0.10272687506330275
-0.5880618511207796 -0.15312839500896674 0.09937067858399666
-0.563559273990747 -0.14635921078168815 0.09601448210469055
-0.5390566968607146 -0.13959002655440958 0.09265828562538443
-0.5145541197306822 -0.13282084232713104 0.08930208914607835
-0.49005154260064954 -0.12605165809985244 0.08594589266677222
-0.4655489654706172 -0.11928247387257386 0.08258969618746612
-0.4410463883405847 -0.11251328964529529 0.07923349970816002
-0.4165438112105522 -0.10574410541801672 0.0758773032288539
-0.39204123408051966 -0.09897492119073814 0.07252110674954779
-0.36753865695048715 -0.09220573696345957 0.06916491027024169
-0.34303607982045475 -0.08543655273618103 0.06580871379093559
-0.3185335026904223 -0.07866736850890245 0.06245251731162948
-0.2940309255603898 -0.07189818428162388 0.05909632083232337
-0.2695283484303573 -0.0651290000543453 0.055740124353017256
-0.24502577130032477 -0.05835981582706673 0.05238392787371115
-0.2205231941702924 -0.051590631599788175 0.04902773139440505
-0.1960206170402599 -0.0448214473725096 0.04567153491509894
-0.17151803991022738 -0.03805226314523103 0.042315338435792826
-0.1470154627801949 -0.031283078917952456 0.03895914195648672
-0.12251288565016238 -0.024513894690673884 0.03560294547718061
-0.09801030852013 -0.017744710463395336 0.03224674899787451
-0.0735077313900975 -0.010975526236116761 0.028890552518568403
-0.049005154260065 -0.0042063420088381855 0.025534356039262292
-0.0245025771300325 0.00256284221844039 0.02217815955995618
0.0 0.009332026445718965 0.01882196308065007
-0.9556005080712667 -0.2453341319724263 0.16853558885423833
-0.9310979309412343 -0.23856494774514772 0.16517939237493223
-0.9065953538112017 -0.23179576351786915 0.16182319589562613
-0.8820927766811694 -0.22502657929059058 0.15846699941632003
-0.8575901995511368 -0.21825739506331202 0.1551108029370139
-0.8330876224211043 -0.21148821083603345 0.1517546064577078
-0.8085850452910719 -0.20471902660875488 0.1483984099784017
-0.7840824681610393 -0.19794984238147628 0.14504221349909557
-0.759579891031007 -0.19118065815419774 0.14168601701978947
-0.7350773139009744 -0.18441147392691917 0.13832982054048337
-0.710574736770942 -0.1776422896996406 0.13497362406117727
-0.6860721596409094 -0.170873105472362 0.13161742758187114
-0.6615695825108769 -0.16410392124508344 0.12826123110256504
-0.6370670053808446 -0.1573347370178049 0.12490503462325896
-0.6125644282508119 -0.1505655527905263 0.12154883814395283
-0.5880618511207796 -0.14379636856324776 0.11819264166464674
-0.563559273990747 -0.13702718433596917 0.11483644518534063
-0.5390566968607146 -0.1302580001086906 0.11148024870603451
-0.5145541197306822 -0.12348881588141206 0.10812405222672843
-0.49005154260064954 -0.11671963165413346 0.1047678557474223
-0.4655489654706172 -0.10995044742685489 0.1014116592681162
-0.4410463883405847 -0.10318126319957632 0.09805546278881008
-0.4165438112105522 -0.09641207897229775 0.09469926630950398
-0.39204123408051966 -0.08964289474501917 0.09134306983019787
-0.36753865695048715 -0.0828737105177406 0.08798687335089175
-0.34303607982045475 -0.07610452629046206 0.08463067687158565
-0.3185335026904223 -0.06933534206318348 0.08127448039227955
-0.2940309255603898 -0.06256615783590491 0.07791828391297344
-0.2695283484303573 -0.05579697360862634 0.07456208743366732
-0.24502577130032477 -0.04902778938134777 0.07120589095436122
-0.2205231941702924 -0.04225860515406921 0.06784969447505512
-0.1960206170402599 -0.03548942092679064 0.06449349799574901
-0.17151803991022738 -0.02872023669951207 0.0611373015164429
-0.1470154627801949 -0.021951052472233494 0.05778110503713679
-0.12251288565016238 -0.015181868244954919 0.05442490855783068
-0.09801030852013 -0.008412684017676371 0.051068712078524585
-0.0735077313900975 -0.0016434997903977953 0.04771251559921848
-0.049005154260065 0.00512568443688078 0.04435631911991236
-0.0245025771300325 0.011894868664159355 0.041000122640606255
0.0 0.01866405289143793 0.03764392616130014
-0.9556005080712667 -0.23600210552670733 0.1873575519348884
-0.9310979309412343 -0.22923292129942877 0.1840013554555823
-0.9065953538112017 -0.2224637370721502 0.1806451589762762
-0.8820927766811694 -0.21569455284487163 0.1772889624969701
-0.8575901995511368 -0.20892536861759306 0.17393276601766397
-0.8330876224211043 -0.2021561843903145 0.17057656953835787
-0.8085850452910719 -0.19538700016303592 0.16722037305905177
-0.7840824681610393 -0.18861781593575733 0.16386417657974564
-0.759579891031007 -0.1818486317084788 0.16050798010043954
-0.7350773139009744 -0.17507944748120022 0.15715178362113344
-0.710574736770942 -0.16831026325392165 0.15379558714182734
-0.6860721596409094 -0.16154107902664305 0.1504393906625212
-0.6615695825108769 -0.15477189479936448 0.1470831941832151
-0.6370670053808446 -0.14800271057208594 0.143726997703909
-0.6125644282508119 -0.14123352634480735 0.14037080122460288
-0.5880618511207796 -0.1344643421175288 0.1370146047452968
-0.563559273990747 -0.1276951578902502 0.13365840826599068
-0.5390566968607146 -0.12092597366297164 0.13030221178668458
-0.5145541197306822 -0.1141567894356931 0.12694601530737848
-0.49005154260064954 -0.1073876052084145 0.12358981882807236
-0.4655489654706172 -0.10061842098113594 0.12023362234876626
-0.4410463883405847 -0.09384923675385737 0.11687742586946015
-0.4165438112105522 -0.0870800525265788 0.11352122939015405
-0.39204123408051966 -0.08031086829930022 0.11016503291084793
-0.36753865695048715 -0.07354168407202165 0.10680883643154182
-0.34303607982045475 -0.06677249984474311 0.10345263995223572
-0.3185335026904223 -0.060003315617464525 0.10009644347292962
-0.2940309255603898 -0.05323413139018596 0.0967402469936235
-0.2695283484303573 -0.046464947162907375 0.09338405051431739
-0.24502577130032477 -0.039695762935628806 0.09002785403501129
-0.2205231941702924 -0.03292657870835025 0.08667165755570519
-0.1960206170402599 -0.026157394481071676 0.08331546107639907
-0.17151803991022738 -0.019388210253793108 0.07995926459709296
-0.1470154627801949 -0.012619026026514532 0.07660306811778686
-0.12251288565016238 -0.005849841799235956 0.07324687163848075
-0.09801030852013 0.0009193424280425918 0.06989067515917465
-0.0735077313900975 0.007688526655321167 0.06653447867986854
-0.049005154260065 0.014457710882599742 0.06317828220056243
-0.0245025771300325 0.021226895109878317 0.05982208572125632
0.0 0.027996079337156893 0.05646588924195021
-0.9556005080712667 -0.22667007908098835 0.2061795150155385
-0.9310979309412343 -0.21990089485370978 0.2028233185362324
-0.9065953538112017 -0.21313171062643121 0.19946712205692627
-0.8820927766811694 -0.20636252639915265 0.19611092557762017
-0.8575901995511368 -0.19959334217187408 0.19275472909831406
-0.8330876224211043 -0.1928241579445955 0.18939853261900796
-0.8085850452910719 -0.18605497371731694 0.18604233613970184
-0.7840824681610393 -0.17928578949003834 0.18268613966039574
-0.759579891031007 -0.1725166052627598 0.17932994318108963
-0.7350773139009744 -0.16574742103548123 0.17597374670178353
-0.710574736770942 -0.15897823680820267 0.1726175502224774
-0.6860721596409094 -0.15220905258092407 0.1692613537431713
-0.6615695825108769 -0.1454398683536455 0.1659051572638652
-0.6370670053808446 -0.13867068412636696 0.1625489607845591
-0.6125644282508119 -0.13190149989908836 0.15919276430525298
-0.5880618511207796 -0.12513231567180982 0.15583656782594688
-0.563559273990747 -0.11836313144453124 0.15248037134664078
-0.5390566968607146 -0.11159394721725267 0.14912417486733465
-0.5145541197306822 -0.10482476298997413 0.14576797838802857
-0.49005154260064954 -0.09805557876269554 0.14241178190872245
-0.4655489654706172 -0.09128639453541697 0.13905558542941635
-0.4410463883405847 -0.0845172103081384 0.13569938895011022
-0.4165438112105522 -0.07774802608085983 0.13234319247080412
-0.39204123408051966 -0.07097884185358125 0.12898699599149802
-0.36753865695048715 -0.06420965762630268 0.1256307995121919
-0.34303607982045475 -0.05744047339902414 0.1222746030328858
-0.3185335026904223 -0.05067128917174556 0.11891840655357969
-0.2940309255603898 -0.04390210494446699 0.11556221007427359
-0.2695283484303573 -0.037132920717188406 0.11220601359496747
-0.24502577130032477 -0.030363736489909837 0.10884981711566136
-0.2205231941702924 -0.023594552262631283 0.10549362063635527
-0.1960206170402599 -0.016825368035352707 0.10213742415704916
-0.17151803991022738 -0.010056183808074139 0.09878122767774304
-0.1470154627801949 -0.0032869995807955628 0.09542503119843694
-0.12251288565016238 0.0034821846464830127 0.09206883471913083
-0.09801030852013 0.01025136887376156 0.08871263823982473
-0.0735077313900975 0.017020553101040135 0.08535644176051863
-0.049005154260065 0.02378973732831871 0.08200024528121251
-0.0245025771300325 0.030558921555597286 0.0786440488019064
0.0 0.03732810578287586 0.07528785232260028
-0.9556005080712667 -0.2173380526352694 0.22500147809618856
-0.9310979309412343 -0.21056886840799083 0.22164528161688246
-0.9065953538112017 -0.20379968418071226 0.21828908513757636
-0.8820927766811694 -0.1970304999534337 0.21493288865827026
-0.8575901995511368 -0.19026131572615512 0.21157669217896413
-0.8330876224211043 -0.18349213149887655 0.20822049569965803
-0.8085850452910719 -0.17672294727159799 0.20486429922035193
-0.7840824681610393 -0.1699537630443194 0.2015081027410458
-0.759579891031007 -0.16318457881704085 0.1981519062617397
-0.7350773139009744 -0.15641539458976228 0.1947957097824336
-0.710574736770942 -0.1496462103624837 0.1914395133031275
-0.6860721596409094 -0.14287702613520512 0.18808331682382137
-0.6615695825108769 -0.13610784190792655 0.18472712034451527
-0.6370670053808446 -0.129338657680648 0.18137092386520917
-0.6125644282508119 -0.12256947345336941 0.17801472738590304
-0.5880618511207796 -0.11580028922609087 0.17465853090659697
-0.563559273990747 -0.10903110499881227 0.17130233442729084
-0.5390566968607146 -0.1022619207715337 0.16794613794798474
-0.5145541197306822 -0.09549273654425516 0.16458994146867864
-0.49005154260064954 -0.08872355231697657 0.1612337449893725
-0.4655489654706172 -0.081954368089698 0.1578775485100664
-0.4410463883405847 -0.07518518386241943 0.1545213520307603
-0.4165438112105522 -0.06841599963514086 0.1511651555514542
-0.39204123408051966 -0.06164681540786228 0.14780895907214808
-0.36753865695048715 -0.05487763118058371 0.14445276259284198
-0.34303607982045475 -0.04810844695330517 0.14109656611353588
-0.3185335026904223 -0.04133926272602659 0.13774036963422978
-0.2940309255603898 -0.03457007849874802 0.13438417315492365
-0.2695283484303573 -0.027800894271469437 0.13102797667561755
-0.24502577130032477 -0.02103171004419087 0.12767178019631145
-0.2205231941702924 -0.014262525816912314 0.12431558371700535
-0.1960206170402599 -0.007493341589633738 0.12095938723769924
-0.17151803991022738 -0.0007241573623551694 0.11760319075839312
-0.1470154627801949 0.006045026864923406 0.11424699427908702
-0.12251288565016238 0.012814211092201981 0.11089079779978091
-0.09801030852013 0.01958339531948053 0.1075346013204748
-0.0735077313900975 0.026352579546759104 0.10417840484116869
-0.049005154260065 0.03312176377403768 0.10082220836186259
-0.0245025771300325 0.039890948001316255 0.09746601188255648
0.0 0.04666013222859483 0.09410981540325036
-0.9556005080712667 -0.20800602618955044 0.24382344117683863
-0.9310979309412343 -0.20123684196227187 0.24046724469753253
-0.9065953538112017 -0.1944676577349933 0.2371110482182264
-0.8820927766811694 -0.18769847350771474 0.2337548517389203
-0.8575901995511368 -0.18092928928043617 0.2303986552596142
-0.8330876224211043 -0.1741601050531576 0.2270424587803081
-0.8085850452910719 -0.16739092082587903 0.22368626230100197
-0.7840824681610393 -0.16062173659860043 0.22033006582169587
-0.759579891031007 -0.1538525523713219 0.21697386934238977
-0.7350773139009744 -0.14708336814404332 0.21361767286308367
-0.710574736770942 -0.14031418391676476 0.21026147638377754
-0.6860721596409094 -0.13354499968948616 0.20690527990447144
-0.6615695825108769 -0.1267758154622076 0.20354908342516534
-0.6370670053808446 -0.12000663123492905 0.20019288694585924
-0.6125644282508119 -0.11323744700765045 0.1968366904665531
-0.5880618511207796 -0.10646826278037191 0.193480493987247
-0.563559273990747 -0.09969907855309332 0.1901242975079409
-0.5390566968607146 -0.09292989432581475 0.18676810102863478
-0.5145541197306822 -0.08616071009853621 0.1834119045493287
-0.49005154260064954 -0.07939152587125761 0.18005570807002258
-0.4655489654706172 -0.07262234164397904 0.17669951159071648
-0.4410463883405847 -0.06585315741670048 0.17334331511141035
-0.4165438112105522 -0.05908397318942191 0.16998711863210425
-0.39204123408051966 -0.052314788962143324 0.16663092215279815
-0.36753865695048715 -0.045545604734864756 0.16327472567349202
-0.34303607982045475 -0.038776420507586215 0.15991852919418592
-0.3185335026904223 -0.03200723628030763 0.15656233271487982
-0.2940309255603898 -0.025238052053029064 0.15320613623557372
-0.2695283484303573 -0.018468867825750482 0.1498499397562676
-0.24502577130032477 -0.011699683598471912 0.1464937432769615
-0.2205231941702924 -0.004930499371193357 0.1431375467976554
-0.1960206170402599 0.0018386848560852183 0.1397813503183493
-0.17151803991022738 0.008607869083363787 0.1364251538390432
-0.1470154627801949 0.015377053310642362 0.13306895735973706
-0.12251288565016238 0.022146237537920936 0.12971276088043096
-0.09801030852013 0.028915421765199484 0.12635656440112486
-0.0735077313900975 0.03568460599247806 0.12300036792181875
-0.049005154260065 0.042453790219756635 0.11964417144251265
-0.0245025771300325 0.04922297444703521 0.11628797496320653
0.0 0.055992158674313786 0.11293177848390042
-0.9556005080712667 -0.19867399974383146 0.2626454042574887
-0.9310979309412343 -0.1919048155165529 0.2592892077781826
-0.9065953538112017 -0.18513563128927432 0.25593301129887647
-0.8820927766811694 -0.17836644706199575 0.2525768148195704
-0.8575901995511368 -0.17159726283471718 0.24922061834026427
-0.8330876224211043 -0.16482807860743862 0.24586442186095817
-0.8085850452910719 -0.15805889438016005 0.24250822538165206
-0.7840824681610393 -0.15128971015288145 0.23915202890234594
-0.759579891031007 -0.1445205259256029 0.23579583242303984
-0.7350773139009744 -0.13775134169832434 0.23243963594373374
-0.710574736770942 -0.13098215747104577 0.22908343946442764
-0.6860721596409094 -0.12421297324376719 0.2257272429851215
-0.6615695825108769 -0.11744378901648862 0.2223710465058154
-0.6370670053808446 -0.11067460478921008 0.2190148500265093
-0.6125644282508119 -0.10390542056193149 0.21565865354720318
-0.5880618511207796 -0.09713623633465295 0.2123024570678971
-0.563559273990747 -0.09036705210737435 0.20894626058859098
-0.5390566968607146 -0.08359786788009578 0.20559006410928488
-0.5145541197306822 -0.07682868365281724 0.20223386762997878
-0.49005154260064954 -0.07005949942553864 0.19887767115067265
-0.4655489654706172 -0.06329031519826007 0.19552147467136655
-0.4410463883405847 -0.056521130970981506 0.19216527819206045
-0.4165438112105522 -0.04975194674370294 0.18880908171275435
-0.39204123408051966 -0.042982762516424355 0.18545288523344822
-0.36753865695048715 -0.03621357828914579 0.18209668875414212
-0.34303607982045475 -0.029444394061867246 0.17874049227483602
-0.3185335026904223 -0.022675209834588664 0.17538429579552992
-0.2940309255603898 -0.015906025607310095 0.1720280993162238
-0.2695283484303573 -0.009136841380031511 0.1686719028369177
-0.24502577130032477 -0.002367657152752943 0.16531570635761159
-0.2205231941702924 0.004401527074525612 0.16195950987830549
-0.1960206170402599 0.011170711301804187 0.15860331339899936
-0.17151803991022738 0.017939895529082754 0.15524711691969326
-0.1470154627801949 0.02470907975636133 0.15189092044038716
-0.12251288565016238 0.031478263983639905 0.14853472396108103
-0.09801030852013 0.03824744821091845 0.14517852748177493
-0.0735077313900975 0.04501663243819703 0.14182233100246883
-0.049005154260065 0.051785816665475604 0.13846613452316273
-0.0245025771300325 0.05855500089275418 0.1351099380438566
0.0 0.06532418512003275 0.1317537415645505
-0.9556005080712667 -0.1893419732981125 0.28146736733813876
-0.9310979309412343 -0.18257278907083394 0.2781111708588327
-0.9065953538112017 -0.17580360484355537 0.27475497437952656
-0.8820927766811694 -0.1690344206162768 0.27139877790022043
-0.8575901995511368 -0.16226523638899823 0.26804258142091436
-0.8330876224211043 -0.15549605216171966 0.26468638494160823
-0.8085850452910719 -0.1487268679344411 0.2613301884623021
-0.7840824681610393 -0.1419576837071625 0.25797399198299603
-0.759579891031007 -0.13518849947988396 0.2546177955036899
-0.7350773139009744 -0.1284193152526054 0.25126159902438383
-0.710574736770942 -0.12165013102532682 0.2479054025450777
-0.6860721596409094 -0.11488094679804822 0.24454920606577157
-0.6615695825108769 -0.10811176257076965 0.24119300958646547
-0.6370670053808446 -0.10134257834349111 0.23783681310715937
-0.6125644282508119 -0.09457339411621252 0.23448061662785324
-0.5880618511207796 -0.08780420988893398 0.23112442014854717
-0.563559273990747 -0.08103502566165538 0.22776822366924104
-0.5390566968607146 -0.07426584143437681 0.22441202718993494
-0.5145541197306822 -0.06749665720709827 0.22105583071062884
-0.49005154260064954 -0.060727472979819674 0.21769963423132271
-0.4655489654706172 -0.053958288752541106 0.2143434377520166
-0.4410463883405847 -0.04718910452526254 0.2109872412727105
-0.4165438112105522 -0.04041992029798397 0.2076310447934044
-0.39204123408051966 -0.033650736070705387 0.20427484831409828
-0.36753865695048715 -0.026881551843426818 0.20091865183479218
-0.34303607982045475 -0.020112367616148277 0.19756245535548608
-0.3185335026904223 -0.013343183388869693 0.19420625887617998
-0.2940309255603898 -0.0065739991615911255 0.19085006239687388
-0.2695283484303573 0.00019518506568745708 0.18749386591756775
-0.24502577130032477 0.006964369292966025 0.18413766943826165
-0.2205231941702924 0.01373355352024458 0.18078147295895555
-0.1960206170402599 0.020502737747523155 0.17742527647964945
-0.17151803991022738 0.027271921974801723 0.17406908000034332
-0.1470154627801949 0.0340411062020803 0.17071288352103722
-0.12251288565016238 0.040810290429358874 0.16735668704173112
-0.09801030852013 0.04757947465663742 0.16400049056242502
-0.0735077313900975 0.054348658883916 0.16064429408311892
-0.049005154260065 0.06111784311119457 0.1572880976038128
-0.0245025771300325 0.06788702733847315 0.1539319011245067
0.0 0.07465621156575172 0.15057570464520056
-0.9556005080712667 -0.18000994685239352 0.30028933041878886
-0.9310979309412343 -0.17324076262511495 0.29693313393948273
-0.9065953538112017 -0.16647157839783638 0.29357693746017666
-0.8820927766811694 -0.15970239417055782 0.29022074098087053
-0.8575901995511368 -0.15293320994327925 0.2868645445015644
-0.8330876224211043 -0.14616402571600068 0.2835083480222583
-0.8085850452910719 -0.1393948414887221 0.2801521515429522
-0.7840824681610393 -0.1326256572614435 0.27679595506364607
-0.759579891031007 -0.12585647303416497 0.27343975858434
-0.7350773139009744 -0.11908728880688642 0.27008356210503387
-0.710574736770942 -0.11231810457960785 0.2667273656257278
-0.6860721596409094 -0.10554892035232925 0.26337116914642167
-0.6615695825108769 -0.09877973612505069 0.26001497266711554
-0.6370670053808446 -0.09201055189777214 0.25665877618780947
-0.6125644282508119 -0.08524136767049355 0.25330257970850334
-0.5880618511207796 -0.07847218344321501 0.24994638322919724
-0.563559273990747 -0.07170299921593641 0.24659018674989114
-0.5390566968607146 -0.06493381498865784 0.243233990270585
-0.5145541197306822 -0.0581646307613793 0.23987779379127894
-0.49005154260064954 -0.051395446534100706 0.2365215973119728
-0.4655489654706172 -0.04462626230682214 0.2331654008326667
-0.4410463883405847 -0.03785707807954357 0.2298092043533606
-0.4165438112105522 -0.031087893852265 0.22645300787405448
-0.39204123408051966 -0.024318709624986418 0.22309681139474838
-0.36753865695048715 -0.01754952539770785 0.21974061491544228
-0.34303607982045475 -0.010780341170429308 0.21638441843613618
-0.3185335026904223 -0.004011156943150725 0.21302822195683005
-0.2940309255603898 0.0027580272841278433 0.20967202547752395
-0.2695283484303573 0.009527211511406425 0.20631582899821785
-0.24502577130032477 0.016296395738684993 0.20295963251891172
-0.2205231941702924 0.023065579965963548 0.19960343603960562
-0.1960206170402599 0.029834764193242123 0.19624723956029952
-0.17151803991022738 0.03660394842052069 0.19289104308099342
-0.1470154627801949 0.04337313264779927 0.1895348466016873
-0.12251288565016238 0.05014231687507784 0.1861786501223812
-0.09801030852013 0.05691150110235639 0.1828224536430751
-0.0735077313900975 0.06368068532963497 0.179466257163769
-0.049005154260065 0.07044986955691354 0.1761100606844629
-0.0245025771300325 0.07721905378419212 0.17275386420515676
0.0 0.08398823801147069 0.16939766772585066
-0.9556005080712667 -0.17067792040667457 0.31911129349943895
-0.9310979309412343 -0.163908736179396 0.3157550970201328
-0.9065953538112017 -0.15713955195211743 0.3123989005408267
-0.8820927766811694 -0.15037036772483886 0.3090427040615206
-0.8575901995511368 -0.1436011834975603 0.3056865075822145
-0.8330876224211043 -0.13683199927028172 0.3023303111029084
-0.8085850452910719 -0.13006281504300315 0.2989741146236023
-0.7840824681610393 -0.12329363081572456 0.29561791814429617
-0.759579891031007 -0.11652444658844602 0.2922617216649901
-0.7350773139009744 -0.10975526236116745 0.28890552518568396
-0.710574736770942 -0.10298607813388888 0.28554932870637784
-0.6860721596409094 -0.09621689390661028 0.28219313222707176
-0.6615695825108769 -0.08944770967933172 0.27883693574776564
-0.6370670053808446 -0.08267852545205318 0.27548073926845956
-0.6125644282508119 -0.07590934122477458 0.27212454278915343
-0.5880618511207796 -0.06914015699749604 0.2687683463098473
-0.563559273990747 -0.06237097277021744 0.26541214983054123
-0.5390566968607146 -0.055601788542938874 0.2620559533512351
-0.5145541197306822 -0.04883260431566033 0.25869975687192903
-0.49005154260064954 -0.04206342008838174 0.2553435603926229
-0.4655489654706172 -0.03529423586110317 0.2519873639133168
-0.4410463883405847 -0.0285250516338246 0.24863116743401067
-0.4165438112105522 -0.02175586740654603 0.24527497095470457
-0.39204123408051966 -0.014986683179267449 0.24191877447539845
-0.36753865695048715 -0.00821749895198888 0.23856257799609235
-0.34303607982045475 -0.0014483147247103389 0.23520638151678624
-0.3185335026904223 0.005320869502568244 0.23185018503748014
-0.2940309255603898 0.012090053729846811 0.22849398855817404
-0.2695283484303573 0.018859237957125394 0.22513779207886792
-0.24502577130032477 0.025628422184403962 0.22178159559956181
-0.2205231941702924 0.03239760641168252 0.21842539912025571
-0.1960206170402599 0.03916679063896109 0.2150692026409496
-0.17151803991022738 0.04593597486623966 0.21171300616164349
-0.1470154627801949 0.052705159093518236 0.20835680968233738
-0.12251288565016238 0.05947434332079681 0.20500061320303128
-0.09801030852013 0.06624352754807536 0.20164441672372518
-0.0735077313900975 0.07301271177535394 0.19828822024441906
-0.049005154260065 0.07978189600263251 0.19493202376511296
-0.0245025771300325 0.08655108022991109 0.19157582728580685
0.0 0.09332026445718966 0.18821963080650073
-0.9556005080712667 -0.1613458939609556 0.337933256580089
-0.9310979309412343 -0.15457670973367704 0.33457706010078286
-0.9065953538112017 -0.14780752550639847 0.3312208636214768
-0.8820927766811694 -0.1410383412791199 0.32786466714217066
-0.8575901995511368 -0.13426915705184134 0.32450847066286453
-0.8330876224211043 -0.12749997282456277 0.32115227418355846
-0.8085850452910719 -0.1207307885972842 0.31779607770425233
-0.7840824681610393 -0.1139616043700056 0.3144398812249462
-0.759579891031007 -0.10719242014272706 0.31108368474564013
-0.7350773139009744 -0.1004232359154485 0.307727488266334
-0.710574736770942 -0.09365405168816993 0.30437129178702793
-0.6860721596409094 -0.08688486746089133 0.3010150953077218
-0.6615695825108769 -0.08011568323361276 0.2976588988284157
-0.6370670053808446 -0.07334649900633422 0.2943027023491096
-0.6125644282508119 -0.06657731477905562 0.2909465058698035
-0.5880618511207796 -0.05980813055177708 0.2875903093904974
-0.563559273990747 -0.05303894632449849 0.2842341129111913
-0.5390566968607146 -0.04626976209721992 0.28087791643188514
-0.5145541197306822 -0.03950057786994138 0.27752171995257907
-0.49005154260064954 -0.03273139364266278 0.27416552347327294
-0.4655489654706172 -0.02596220941538421 0.2708093269939668
-0.4410463883405847 -0.01919302518810564 0.26745313051466074
-0.4165438112105522 -0.012423840960827074 0.2640969340353546
-0.39204123408051966 -0.005654656733548492 0.2607407375560485
-0.36753865695048715 0.0011145274937300767 0.2573845410767424
-0.34303607982045475 0.007883711721008617 0.2540283445974363
-0.3185335026904223 0.0146528959482872 0.2506721481181302
-0.2940309255603898 0.02142208017556577 0.24731595163882408
-0.2695283484303573 0.028191264402844352 0.24395975515951798
-0.24502577130032477 0.03496044863012292 0.24060355868021185
-0.2205231941702924 0.04172963285740147 0.23724736220090575
-0.1960206170402599 0.04849881708468005 0.23389116572159965
-0.17151803991022738 0.055268001311958616 0.23053496924229355
-0.1470154627801949 0.06203718553923719 0.22717877276298742
-0.12251288565016238 0.06880636976651577 0.22382257628368132
-0.09801030852013 0.07557555399379431 0.22046637980437522
-0.0735077313900975 0.0823447382210729 0.21711018332506912
-0.049005154260065 0.08911392244835147 0.213753986845763
-0.0245025771300325 0.09588310667563005 0.2103977903664569
0.0 0.10265229090290862 0.2070415938871508
-0.9556005080712667 -0.15201386751523666 0.35675521966073903
-0.9310979309412343 -0.1452446832879581 0.35339902318143296
-0.9065953538112017 -0.13847549906067952 0.35004282670212683
-0.8820927766811694 -0.13170631483340095 0.3466866302228207
-0.8575901995511368 -0.12493713060612238 0.34333043374351463
-0.8330876224211043 -0.11816794637884381 0.3399742372642085
-0.8085850452910719 -0.11139876215156524 0.3366180407849024
-0.7840824681610393 -0.10462957792428665 0.3332618443055963
-0.759579891031007 -0.09786039369700811 0.32990564782629017
-0.7350773139009744 -0.09109120946972954 0.3265494513469841
-0.710574736770942 -0.08432202524245097 0.32319325486767797
-0.6860721596409094 -0.07755284101517237 0.31983705838837184
-0.6615695825108769 -0.0707836567878938 0.31648086190906577
-0.6370670053808446 -0.06401447256061527 0.31312466542975964
-0.6125644282508119 -0.05724528833333667 0.3097684689504535
-0.5880618511207796 -0.05047610410605813 0.30641227247114744
-0.563559273990747 -0.04370691987877953 0.3030560759918413
-0.5390566968607146 -0.036937735651500964 0.2996998795125352
-0.5145541197306822 -0.03016855142422242 0.2963436830332291
-0.49005154260064954 -0.023399367196943823 0.292987486553923
-0.4655489654706172 -0.016630182969665255 0.2896312900746169
-0.4410463883405847 -0.009860998742386686 0.2862750935953108
-0.4165438112105522 -0.003091814515108118 0.28291889711600465
-0.39204123408051966 0.0036773697121704643 0.2795627006366986
-0.36753865695048715 0.010446553939449033 0.27620650415739245
-0.34303607982045475 0.017215738166727574 0.2728503076780864
-0.3185335026904223 0.023984922394006156 0.26949411119878025
-0.2940309255603898 0.030754106621284725 0.2661379147194741
-0.2695283484303573 0.037523290848563304 0.26278171824016805
-0.24502577130032477 0.04429247507584187 0.2594255217608619
-0.2205231941702924 0.05106165930312043 0.2560693252815558
-0.1960206170402599 0.057830843530399 0.2527131288022497
-0.17151803991022738 0.06460002775767758 0.2493569323229436
-0.1470154627801949 0.07136921198495615 0.2460007358436375
-0.12251288565016238 0.07813839621223473 0.2426445393643314
-0.09801030852013 0.08490758043951327 0.2392883428850253
-0.0735077313900975 0.09167676466679185 0.23593214640571916
-0.049005154260065 0.09844594889407042 0.23257594992641306
-0.0245025771300325 0.105215133121349 0.22921975344710696
0.0 0.11198431734862757 0.22586355696780083
-0.9556005080712667 -0.14268184106951767 0.3755771827413891
-0.9310979309412343 -0.1359126568422391 0.37222098626208305
-0.9065953538112017 -0.12914347261496054 0.3688647897827769
-0.8820927766811694 -0.12237428838768197 0.36550859330347085
-0.8575901995511368 -0.1156051041604034 0.3621523968241647
-0.8330876224211043 -0.10883591993312483 0.3587962003448586
-0.8085850452910719 -0.10206673570584626 0.3554400038655525
-0.7840824681610393 -0.09529755147856767 0.3520838073862464
-0.759579891031007 -0.08852836725128913 0.34872761090694027
-0.7350773139009744 -0.08175918302401056 0.3453714144276342
-0.710574736770942 -0.07498999879673199 0.34201521794832807
-0.6860721596409094 -0.06822081456945339 0.33865902146902194
-0.6615695825108769 -0.06145163034217482 0.33530282498971586
-0.6370670053808446 -0.05468244611489628 0.33194662851040974
-0.6125644282508119 -0.047913261887617686 0.3285904320311036
-0.5880618511207796 -0.041144077660339146 0.32523423555179753
-0.563559273990747 -0.03437489343306055 0.3218780390724914
-0.5390566968607146 -0.02760570920578198 0.31852184259318533
-0.5145541197306822 -0.02083652497850344 0.3151656461138792
-0.49005154260064954 -0.014067340751224842 0.3118094496345731
-0.4655489654706172 -0.007298156523946274 0.308453253155267
-0.4410463883405847 -0.0005289722966677054 0.3050970566759609
-0.4165438112105522 0.006240211930610863 0.3017408601966548
-0.39204123408051966 0.013009396157889446 0.2983846637173487
-0.36753865695048715 0.019778580385168013 0.29502846723804255
-0.34303607982045475 0.026547764612446553 0.2916722707587365
-0.3185335026904223 0.033316948839725136 0.28831607427943035
-0.2940309255603898 0.040086133067003704 0.2849598778001242
-0.2695283484303573 0.04685531729428229 0.28160368132081814
-0.24502577130032477 0.053624501521560855 0.278247484841512
-0.2205231941702924 0.06039368574883941 0.27489128836220594
-0.1960206170402599 0.06716286997611799 0.2715350918828998
-0.17151803991022738 0.07393205420339656 0.2681788954035937
-0.1470154627801949 0.08070123843067513 0.2648226989242876
-0.12251288565016238 0.08747042265795371 0.2614665024449815
-0.09801030852013 0.09423960688523225 0.25811030596567536
-0.0735077313900975 0.10100879111251083 0.2547541094863693
-0.049005154260065 0.1077779753397894 0.25139791300706316
-0.0245025771300325 0.11454715956706799 0.24804171652775706
0.0 0.12131634379434655 0.24468552004845096
-0.9556005080712667 -0.13334981462379872 0.3943991458220392
-0.9310979309412343 -0.12658063039652015 0.3910429493427331
-0.9065953538112017 -0.11981144616924158 0.38768675286342696
-0.8820927766811694 -0.11304226194196301 0.3843305563841209
-0.8575901995511368 -0.10627307771468444 0.38097435990481476
-0.8330876224211043 -0.09950389348740588 0.3776181634255087
-0.8085850452910719 -0.09273470926012731 0.37426196694620256
-0.7840824681610393 -0.08596552503284871 0.37090577046689643
-0.759579891031007 -0.07919634080557017 0.36754957398759036
-0.7350773139009744 -0.0724271565782916 0.36419337750828423
-0.710574736770942 -0.06565797235101303 0.3608371810289781
-0.6860721596409094 -0.05888878812373444 0.35748098454967203
-0.6615695825108769 -0.05211960389645587 0.3541247880703659
-0.6370670053808446 -0.04535041966917733 0.35076859159105983
-0.6125644282508119 -0.03858123544189873 0.3474123951117537
-0.5880618511207796 -0.03181205121462019 0.3440561986324476
-0.563559273990747 -0.02504286698734159 0.3407000021531415
-0.5390566968607146 -0.018273682760063022 0.3373438056738354
-0.5145541197306822 -0.011504498532784482 0.3339876091945293
-0.49005154260064954 -0.004735314305505886 0.33063141271522317
-0.4655489654706172 0.0020338699217726823 0.32727521623591704
-0.4410463883405847 0.008803054149051252 0.3239190197566109
-0.4165438112105522 0.01557223837632982 0.32056282327730484
-0.39204123408051966 0.022341422603608403 0.3172066267979987
-0.36753865695048715 0.02911060683088697 0.3138504303186926
-0.34303607982045475 0.03587979105816551 0.3104942338393865
-0.3185335026904223 0.04264897528544409 0.3071380373600804
-0.2940309255603898 0.04941815951272266 0.3037818408807743
-0.2695283484303573 0.05618734374000124 0.3004256444014682
-0.24502577130032477 0.06295652796727981 0.29706944792216206
-0.2205231941702924 0.06972571219455836 0.293713251442856
-0.1960206170402599 0.07649489642183695 0.29035705496354985
-0.17151803991022738 0.08326408064911552 0.2870008584842437
-0.1470154627801949 0.09003326487639408 0.28364466200493765
-0.12251288565016238 0.09680244910367267 0.2802884655256315
-0.09801030852013 0.10357163333095121 0.27693226904632545
-0.0735077313900975 0.11034081755822979 0.2735760725670193
-0.049005154260065 0.11711000178550836 0.2702198760877132
-0.0245025771300325 0.12387918601278694 0.2668636796084071
0.0 0.1306483702400655 0.263507483129101
-0.9556005080712667 -0.12401778817807974 0.4132211089026893
-0.9310979309412343 -0.11724860395080117 0.4098649124233832
-0.9065953538112017 -0.1104794197235226 0.40650871594407706
-0.8820927766811694 -0.10371023549624403 0.403152519464771
-0.8575901995511368 -0.09694105126896546 0.39979632298546486
-0.8330876224211043 -0.09017186704168689 0.3964401265061588
-0.8085850452910719 -0.08340268281440832 0.39308393002685266
-0.7840824681610393 -0.07663349858712973 0.38972773354754653
-0.759579891031007 -0.06986431435985119 0.38637153706824046
-0.7350773139009744 -0.06309513013257262 0.3830153405889343
-0.710574736770942 -0.05632594590529405 0.3796591441096282
-0.6860721596409094 -0.049556761678015454 0.3763029476303221
-0.6615695825108769 -0.042787577450736886 0.372946751151016
-0.6370670053808446 -0.036018393223458345 0.3695905546717099
-0.6125644282508119 -0.02924920899617975 0.3662343581924038
-0.5880618511207796 -0.022480024768901208 0.36287816171309767
-0.563559273990747 -0.01571084054162261 0.3595219652337916
-0.5390566968607146 -0.008941656314344041 0.35616576875448547
-0.5145541197306822 -0.0021724720870655015 0.3528095722751794
-0.49005154260064954 0.004596712140213095 0.34945337579587327
-0.4655489654706172 0.011365896367491664 0.34609717931656714
-0.4410463883405847 0.01813508059477023 0.34274098283726107
-0.4165438112105522 0.0249042648220488 0.33938478635795494
-0.39204123408051966 0.03167344904932738 0.3360285898786488
-0.36753865695048715 0.03844263327660595 0.33267239339934274
-0.34303607982045475 0.04521181750388449 0.3293161969200366
-0.3185335026904223 0.05198100173116307 0.3259600004407305
-0.2940309255603898 0.05875018595844164 0.3226038039614244
-0.2695283484303573 0.06551937018572022 0.3192476074821183
-0.24502577130032477 0.07228855441299879 0.31589141100281215
-0.2205231941702924 0.07905773864027735 0.3125352145235061
-0.1960206170402599 0.08582692286755593 0.30917901804419995
-0.17151803991022738 0.0925961070948345 0.3058228215648939
-0.1470154627801949 0.09936529132211307 0.30246662508558775
-0.12251288565016238 0.10613447554939165 0.2991104286062816
-0.09801030852013 0.11290365977667019 0.29575423212697555
-0.0735077313900975 0.11967284400394877 0.2923980356476694
-0.049005154260065 0.12644202823122735 0.28904183916836335
-0.0245025771300325 0.13321121245850592 0.2856856426890572
0.0 0.1399803966857845 0.2823294462097511
-0.9556005080712667 -0.11468576173236078 0.43204307198333936
-0.9310979309412343 -0.10791657750508221 0.4286868755040332
-0.9065953538112017 -0.10114739327780364 0.42533067902472715
-0.8820927766811694 -0.09437820905052507 0.421974482545421
-0.8575901995511368 -0.0876090248232465 0.4186182860661149
-0.8330876224211043 -0.08083984059596794 0.4152620895868088
-0.8085850452910719 -0.07407065636868937 0.4119058931075027
-0.7840824681610393 -0.06730147214141077 0.40854969662819657
-0.759579891031007 -0.06053228791413223 0.4051935001488905
-0.7350773139009744 -0.053763103686853664 0.40183730366958437
-0.710574736770942 -0.046993919459575095 0.3984811071902783
-0.6860721596409094 -0.0402247352322965 0.39512491071097217
-0.6615695825108769 -0.03345555100501793 0.39176871423166604
-0.6370670053808446 -0.026686366777739386 0.38841251775235996
-0.6125644282508119 -0.01991718255046079 0.38505632127305384
-0.5880618511207796 -0.013147998323182251 0.38170012479374776
-0.563559273990747 -0.006378814095903654 0.37834392831444164
-0.5390566968607146 0.00039037013137491417 0.3749877318351355
-0.5145541197306822 0.007159554358653455 0.37163153535582943
-0.49005154260064954 0.01392873858593205 0.3682753388765233
-0.4655489654706172 0.02069792281321062 0.3649191423972172
-0.4410463883405847 0.02746710704048919 0.3615629459179111
-0.4165438112105522 0.034236291267767754 0.358206749438605
-0.39204123408051966 0.04100547549504634 0.35485055295929885
-0.36753865695048715 0.047774659722324905 0.3514943564799928
-0.34303607982045475 0.054543843949603446 0.34813816000068665
-0.3185335026904223 0.06131302817688203 0.3447819635213806
-0.2940309255603898 0.0680822124041606 0.34142576704207445
-0.2695283484303573 0.07485139663143918 0.3380695705627683
-0.24502577130032477 0.08162058085871775 0.33471337408346225
-0.2205231941702924 0.0883897650859963 0.3313571776041561
-0.1960206170402599 0.09515894931327488 0.32800098112485004
-0.17151803991022738 0.10192813354055345 0.3246447846455439
-0.1470154627801949 0.10869731776783202 0.3212885881662378
-0.12251288565016238 0.1154665019951106 0.3179323916869317
-0.09801030852013 0.12223568622238914 0.3145761952076256
-0.0735077313900975 0.1290048704496677 0.31121999872831946
-0.049005154260065 0.1357740546769463 0.3078638022490134
-0.0245025771300325 0.14254323890422488 0.30450760576970726
0.0 0.14931242313150345 0.30115140929040113
-0.9556005080712667 -0.10535373528664183 0.4508650350639894
-0.9310979309412343 -0.09858455105936326 0.4475088385846833
-0.9065953538112017 -0.09181536683208469 0.4441526421053772
-0.8820927766811694 -0.08504618260480612 0.44079644562607107
-0.8575901995511368 -0.07827699837752755 0.437440249146765
-0.8330876224211043 -0.07150781415024898 0.43408405266745886
-0.8085850452910719 -0.06473862992297041 0.43072785618815274
-0.7840824681610393 -0.05796944569569181 0.42737165970884666
-0.759579891031007 -0.05120026146841327 0.42401546322954053
-0.7350773139009744 -0.0444310772411347 0.42065926675023446
-0.710574736770942 -0.03766189301385613 0.41730307027092833
-0.6860721596409094 -0.03089270878657754 0.4139468737916222
-0.6615695825108769 -0.024123524559298972 0.41059067731231613
-0.6370670053808446 -0.01735434033202043 0.40723448083301
-0.6125644282508119 -0.010585156104741835 0.4038782843537039
-0.5880618511207796 -0.0038159718774632943 0.4005220878743978
-0.563559273990747 0.002953212349815302 0.3971658913950917
-0.5390566968607146 0.00972239657709387 0.39380969491578555
-0.5145541197306822 0.01649158080437241 0.3904534984364795
-0.49005154260064954 0.023260765031651007 0.38709730195717335
-0.4655489654706172 0.030029949258929576 0.3837411054778673
-0.4410463883405847 0.03679913348620815 0.38038490899856114
-0.4165438112105522 0.043568317713486716 0.377028712519255
-0.39204123408051966 0.0503375019407653 0.37367251603994894
-0.36753865695048715 0.05710668616804387 0.3703163195606428
-0.34303607982045475 0.0638758703953224 0.36696012308133674
-0.3185335026904223 0.07064505462260098 0.3636039266020306
-0.2940309255603898 0.07741423884987955 0.3602477301227245
-0.2695283484303573 0.08418342307715813 0.3568915336434184
-0.24502577130032477 0.0909526073044367 0.3535353371641123
-0.2205231941702924 0.09772179153171526 0.3501791406848062
-0.1960206170402599 0.10449097575899384 0.3468229442055001
-0.17151803991022738 0.11126015998627241 0.34346674772619395
-0.1470154627801949 0.11802934421355098 0.3401105512468879
-0.12251288565016238 0.12479852844082956 0.33675435476758175
-0.09801030852013 0.1315677126681081 0.3333981582882756
-0.0735077313900975 0.13833689689538667 0.33004196180896955
-0.049005154260065 0.14510608112266526 0.3266857653296634
-0.0245025771300325 0.15187526534994383 0.3233295688503573
0.0 0.1586444495772224 0.3199733723710512
-0.9556005080712667 -0.09602170884092284 0.4696869981446395
-0.9310979309412343 -0.08925252461364427 0.4663308016653334
-0.9065953538112017 -0.0824833403863657 0.4629746051860273
-0.8820927766811694 -0.07571415615908714 0.4596184087067212
-0.8575901995511368 -0.06894497193180857 0.4562622122274151
-0.8330876224211043 -0.06217578770453 0.45290601574810896
-0.8085850452910719 -0.05540660347725143 0.4495498192688029
-0.7840824681610393 -0.048637419249972835 0.44619362278949676
-0.759579891031007 -0.041868235022694295 0.44283742631019063
-0.7350773139009744 -0.035099050795415726 0.43948122983088456
-0.710574736770942 -0.028329866568137158 0.43612503335157843
-0.6860721596409094 -0.02156068234085856 0.4327688368722723
-0.6615695825108769 -0.014791498113579991 0.4294126403929662
-0.6370670053808446 -0.00802231388630145 0.4260564439136601
-0.6125644282508119 -0.001253129659022854 0.42270024743435397
-0.5880618511207796 0.005516054568255687 0.4193440509550479
-0.563559273990747 0.012285238795534283 0.41598785447574177
-0.5390566968607146 0.01905442302281285 0.4126316579964357
-0.5145541197306822 0.02582360725009139 0.40927546151712957
-0.49005154260064954 0.03259279147736999 0.40591926503782344
-0.4655489654706172 0.039361975704648555 0.40256306855851737
-0.4410463883405847 0.046131159931927124 0.39920687207921124
-0.4165438112105522 0.05290034415920569 0.39585067559990517
-0.39204123408051966 0.059669528386484275 0.39249447912059904
-0.36753865695048715 0.06643871261376284 0.3891382826412929
-0.34303607982045475 0.07320789684104138 0.38578208616198684
-0.3185335026904223 0.07997708106831997 0.3824258896826807
-0.2940309255603898 0.08674626529559853 0.3790696932033746
-0.2695283484303573 0.09351544952287712 0.3757134967240685
-0.24502577130032477 0.10028463375015569 0.3723573002447624
-0.2205231941702924 0.10705381797743424 0.3690011037654563
-0.1960206170402599 0.11382300220471282 0.3656449072861502
-0.17151803991022738 0.12059218643199139 0.36228871080684405
-0.1470154627801949 0.12736137065926997 0.358932514327538
-0.12251288565016238 0.13413055488654854 0.35557631784823185
-0.09801030852013 0.14089973911382708 0.3522201213689258
-0.0735077313900975 0.14766892334110565 0.34886392488961965
-0.049005154260065 0.15443810756838425 0.3455077284103135
-0.0245025771300325 0.16120729179566282 0.34215153193100745
0.0 0.16797647602294138 0.3387953354517013
-0.9556005080712667 -0.08668968239520389 0.4885089612252896
-0.9310979309412343 -0.07992049816792532 0.48515276474598346
-0.9065953538112017 -0.07315131394064675 0.4817965682666773
-0.8820927766811694 -0.06638212971336818 0.47844037178737125
-0.8575901995511368 -0.059612945486089614 0.4750841753080651
-0.8330876224211043 -0.052843761258811045 0.47172797882875905
-0.8085850452910719 -0.046074577031532477 0.4683717823494529
-0.7840824681610393 -0.03930539280425388 0.4650155858701468
-0.759579891031007 -0.03253620857697534 0.4616593893908407
-0.7350773139009744 -0.025767024349696768 0.4583031929115346
-0.710574736770942 -0.0189978401224182 0.45494699643222847
-0.6860721596409094 -0.012228655895139603 0.4515907999529224
-0.6615695825108769 -0.005459471667861035 0.44823460347361627
-0.6370670053808446 0.001309712559417506 0.4448784069943102
-0.6125644282508119 0.008078896786696103 0.44152221051500407
-0.5880618511207796 0.014848081013974643 0.43816601403569794
-0.563559273990747 0.02161726524125324 0.43480981755639186
-0.5390566968607146 0.028386449468531808 0.43145362107708574
-0.5145541197306822 0.035155633695810345 0.42809742459777966
-0.49005154260064954 0.04192481792308894 0.42474122811847353
-0.4655489654706172 0.04869400215036751 0.4213850316391674
-0.4410463883405847 0.05546318637764608 0.4180288351598613
-0.4165438112105522 0.06223237060492465 0.4146726386805552
-0.39204123408051966 0.06900155483220323 0.4113164422012491
-0.36753865695048715 0.0757707390594818 0.40796024572194295
-0.34303607982045475 0.08253992328676034 0.4046040492426369
-0.3185335026904223 0.08930910751403892 0.40124785276333075
-0.2940309255603898 0.09607829174131749 0.3978916562840247
-0.2695283484303573 0.10284747596859607 0.39453545980471855
-0.24502577130032477 0.10961666019587464 0.3911792633254124
-0.2205231941702924 0.1163858444231532 0.38782306684610635
-0.1960206170402599 0.12315502865043178 0.3844668703668002
-0.17151803991022738 0.12992421287771033 0.38111067388749414
-0.1470154627801949 0.13669339710498893 0.377754477408188
-0.12251288565016238 0.1434625813322675 0.3743982809288819
-0.09801030852013 0.15023176555954604 0.3710420844495758
-0.0735077313900975 0.1570009497868246 0.3676858879702697
-0.049005154260065 0.1637701340141032 0.36432969149096356
-0.0245025771300325 0.17053931824138177 0.3609734950116575
0.0 0.17730850246866034 0.35761729853235136
-0.9556005080712667 -0.0773576559494849 0.5073309243059396
-0.9310979309412343 -0.07058847172220634 0.5039747278266336
-0.9065953538112017 -0.06381928749492777 0.5006185313473275
-0.8820927766811694 -0.0570501032676492 0.49726233486802135
-0.8575901995511368 -0.05028091904037063 0.4939061383887152
-0.8330876224211043 -0.04351173481309206 0.49054994190940915
-0.8085850452910719 -0.036742550585813494 0.487193745430103
-0.7840824681610393 -0.029973366358534898 0.4838375489507969
-0.759579891031007 -0.023204182131256357 0.4804813524714908
-0.7350773139009744 -0.016434997903977788 0.4771251559921847
-0.710574736770942 -0.009665813676699218 0.4737689595128786
-0.6860721596409094 -0.002896629449420622 0.4704127630335725
-0.6615695825108769 0.0038725547778579463 0.46705656655426636
-0.6370670053808446 0.010641739005136487 0.4637003700749603
-0.6125644282508119 0.017410923232415082 0.46034417359565416
-0.5880618511207796 0.024180107459693623 0.4569879771163481
-0.563559273990747 0.03094929168697222 0.45363178063704196
-0.5390566968607146 0.03771847591425079 0.45027558415773583
-0.5145541197306822 0.04448766014152933 0.44691938767842976
-0.49005154260064954 0.051256844368807924 0.44356319119912363
-0.4655489654706172 0.05802602859608649 0.4402069947198175
-0.4410463883405847 0.06479521282336506 0.43685079824051143
-0.4165438112105522 0.07156439705064363 0.4334946017612053
-0.39204123408051966 0.07833358127792221 0.43013840528189917
-0.36753865695048715 0.08510276550520078 0.4267822088025931
-0.34303607982045475 0.09187194973247932 0.42342601232328697
-0.3185335026904223 0.0986411339597579 0.4200698158439809
-0.2940309255603898 0.10541031818703647 0.41671361936467477
-0.2695283484303573 0.11217950241431505 0.41335742288536864
-0.24502577130032477 0.11894868664159362 0.41000122640606257
-0.2205231941702924 0.12571787086887218 0.40664502992675644
-0.1960206170402599 0.13248705509615075 0.4032888334474503
-0.17151803991022738 0.13925623932342931 0.39993263696814424
-0.1470154627801949 0.1460254235507079 0.3965764404888381
-0.12251288565016238 0.15279460777798648 0.393220244009532
-0.09801030852013 0.15956379200526502 0.3898640475302259
-0.0735077313900975 0.1663329762325436 0.3865078510509198
-0.049005154260065 0.17310216045982219 0.3831516545716137
-0.0245025771300325 0.17987134468710075 0.3797954580923076
0.0 0.18664052891437932 0.37643926161300145
-0.9556005080712667 -0.06802562950376595 0.5261528873865897
-0.9310979309412343 -0.06125644527648738 0.5227966909072836
-0.9065953538112017 -0.05448726104920881 0.5194404944279775
-0.8820927766811694 -0.047718076821930244 0.5160842979486714
-0.8575901995511368 -0.040948892594651676 0.5127281014693653
-0.8330876224211043 -0.03417970836737311 0.5093719049900592
-0.8085850452910719 -0.027410524140094535 0.5060157085107531
-0.7840824681610393 -0.02064133991281594 0.502659512031447
-0.759579891031007 -0.0138721556855374 0.49930331555214086
-0.7350773139009744 -0.007102971458258831 0.4959471190728348
-0.710574736770942 -0.0003337872309802622 0.49259092259352866
-0.6860721596409094 0.006435396996298334 0.48923472611422253
-0.6615695825108769 0.013204581223576902 0.48587852963491646
-0.6370670053808446 0.019973765450855444 0.48252233315561033
-0.6125644282508119 0.02674294967813404 0.4791661366763042
-0.5880618511207796 0.03351213390541258 0.4758099401969981
-0.563559273990747 0.040281318132691174 0.472453743717692
-0.5390566968607146 0.04705050235996974 0.46909754723838587
-0.5145541197306822 0.05381968658724828 0.4657413507590798
-0.49005154260064954 0.06058887081452688 0.46238515427977367
-0.4655489654706172 0.06735805504180545 0.4590289578004676
-0.4410463883405847 0.07412723926908402 0.45567276132116147
-0.4165438112105522 0.08089642349636259 0.45231656484185534
-0.39204123408051966 0.08766560772364117 0.44896036836254927
-0.36753865695048715 0.09443479195091974 0.44560417188324314
-0.34303607982045475 0.10120397617819828 0.442247975403937
-0.3185335026904223 0.10797316040547686 0.43889177892463094
-0.2940309255603898 0.11474234463275543 0.4355355824453248
-0.2695283484303573 0.12151152886003401 0.4321793859660187
-0.24502577130032477 0.1282807130873126 0.4288231894867126
-0.2205231941702924 0.13504989731459113 0.4254669930074065
-0.1960206170402599 0.1418190815418697 0.4221107965281004
-0.17151803991022738 0.14858826576914827 0.4187546000487943
-0.1470154627801949 0.15535744999642687 0.41539840356948815
-0.12251288565016238 0.16212663422370543 0.4120422070901821
-0.09801030852013 0.16889581845098398 0.40868601061087595
-0.0735077313900975 0.17566500267826254 0.4053298141315699
-0.049005154260065 0.18243418690554114 0.40197361765226375
-0.0245025771300325 0.1892033711328197 0.3986174211729576
0.0 0.19597255536009828 0.39526122469365155
-0.9556005080712667 -0.05869360305804699 0.5449748504672398
-0.9310979309412343 -0.05192441883076842 0.5416186539879336
-0.9065953538112017 -0.04515523460348985 0.5382624575086276
-0.8820927766811694 -0.03838605037621128 0.5349062610293215
-0.8575901995511368 -0.031616866148932714 0.5315500645500153
-0.8330876224211043 -0.02484768192165415 0.5281938680707092
-0.8085850452910719 -0.01807849769437558 0.5248376715914032
-0.7840824681610393 -0.011309313467096984 0.521481475112097
-0.759579891031007 -0.004540129239818443 0.5181252786327909
-0.7350773139009744 0.0022290549874601257 0.5147690821534848
-0.710574736770942 0.008998239214738694 0.5114128856741788
-0.6860721596409094 0.01576742344201729 0.5080566891948726
-0.6615695825108769 0.02253660766929586 0.5047004927155665
-0.6370670053808446 0.0293057918965744 0.5013442962362604
-0.6125644282508119 0.036074976123853 0.49798809975695424
-0.5880618511207796 0.04284416035113154 0.49463190327764817
-0.563559273990747 0.049613344578410136 0.49127570679834204
-0.5390566968607146 0.056382528805688704 0.48791951031903597
-0.5145541197306822 0.06315171303296724 0.48456331383972984
-0.49005154260064954 0.06992089726024583 0.4812071173604237
-0.4655489654706172 0.0766900814875244 0.47785092088111764
-0.4410463883405847 0.08345926571480297 0.4744947244018115
-0.4165438112105522 0.09022844994208154 0.47113852792250543
-0.39204123408051966 0.09699763416936012 0.4677823314431993
-0.36753865695048715 0.10376681839663869 0.4644261349638932
-0.34303607982045475 0.11053600262391723 0.4610699384845871
-0.3185335026904223 0.11730518685119581 0.457713742005281
-0.2940309255603898 0.12407437107847438 0.45435754552597485
-0.2695283484303573 0.13084355530575298 0.4510013490466688
-0.24502577130032477 0.13761273953303155 0.44764515256736265
-0.2205231941702924 0.1443819237603101 0.4442889560880566
-0.1960206170402599 0.15115110798758866 0.44093275960875045
-0.17151803991022738 0.15792029221486723 0.4375765631294443
-0.1470154627801949 0.16468947644214582 0.43422036665013825
-0.12251288565016238 0.1714586606694244 0.4308641701708321
-0.09801030852013 0.17822784489670293 0.427507973691526
-0.0735077313900975 0.1849970291239815 0.4241517772122199
-0.049005154260065 0.1917662133512601 0.4207955807329138
-0.0245025771300325 0.19853539757853866 0.41743938425360766
0.0 0.20530458180581723 0.4140831877743016
-0.9556005080712667 -0.04936157661232801 0.5637968135478899
-0.9310979309412343 -0.042592392385049443 0.5604406170685837
-0.9065953538112017 -0.035823208157770875 0.5570844205892777
-0.8820927766811694 -0.029054023930492303 0.5537282241099716
-0.8575901995511368 -0.022284839703213735 0.5503720276306654
-0.8330876224211043 -0.015515655475935168 0.5470158311513593
-0.8085850452910719 -0.0087464712486566 0.5436596346720532
-0.7840824681610393 -0.0019772870213780025 0.5403034381927471
-0.759579891031007 0.004791897205900538 0.536947241713441
-0.7350773139009744 0.011561081433179106 0.5335910452341349
-0.710574736770942 0.018330265660457676 0.5302348487548288
-0.6860721596409094 0.025099449887736273 0.5268786522755227
-0.6615695825108769 0.03186863411501484 0.5235224557962166
-0.6370670053808446 0.03863781834229338 0.5201662593169105
-0.6125644282508119 0.045407002569571975 0.5168100628376043
-0.5880618511207796 0.052176186796850516 0.5134538663582983
-0.563559273990747 0.05894537102412911 0.5100976698789922
-0.5390566968607146 0.06571455525140768 0.506741473399686
-0.5145541197306822 0.07248373947868622 0.5033852769203799
-0.49005154260064954 0.07925292370596482 0.5000290804410739
-0.4655489654706172 0.08602210793324339 0.49667288396176773
-0.4410463883405847 0.09279129216052195 0.4933166874824616
-0.4165438112105522 0.09956047638780052 0.48996049100315553
-0.39204123408051966 0.1063296606150791 0.4866042945238494
-0.36753865695048715 0.11309884484235767 0.4832480980445433
-0.34303607982045475 0.11986802906963621 0.4798919015652372
-0.3185335026904223 0.1266372132969148 0.47653570508593107
-0.2940309255603898 0.13340639752419337 0.473179508606625
-0.2695283484303573 0.14017558175147196 0.46982331212731887
-0.24502577130032477 0.14694476597875053 0.46646711564801274
-0.2205231941702924 0.15371395020602907 0.46311091916870667
-0.1960206170402599 0.16048313443330764 0.45975472268940054
-0.17151803991022738 0.1672523186605862 0.4563985262100944
-0.1470154627801949 0.1740215028878648 0.45304232973078834
-0.12251288565016238 0.18079068711514337 0.4496861332514822
-0.09801030852013 0.1875598713424219 0.44632993677217614
-0.0735077313900975 0.19432905556970048 0.44297374029287
-0.049005154260065 0.20109823979697908 0.4396175438135639
-0.0245025771300325 0.20786742402425765 0.4362613473342578
0.0 0.21463660825153622 0.4329051508549517
-0.9556005080712667 -0.04002955016660908 0.5826187766285399
-0.9310979309412343 -0.03326036593933051 0.5792625801492338
-0.9065953538112017 -0.02649118171205194 0.5759063836699276
-0.8820927766811694 -0.019721997484773372 0.5725501871906216
-0.8575901995511368 -0.012952813257494804 0.5691939907113155
-0.8330876224211043 -0.006183629030216236 0.5658377942320093
-0.8085850452910719 0.0005855551970623327 0.5624815977527032
-0.7840824681610393 0.007354739424340929 0.5591254012733972
-0.759579891031007 0.01412392365161947 0.555769204794091
-0.7350773139009744 0.02089310787889804 0.5524130083147849
-0.710574736770942 0.027662292106176607 0.5490568118354788
-0.6860721596409094 0.034431476333455203 0.5457006153561726
-0.6615695825108769 0.04120066056073377 0.5423444188768666
-0.6370670053808446 0.04796984478801231 0.5389882223975605
-0.6125644282508119 0.05473902901529091 0.5356320259182543
-0.5880618511207796 0.06150821324256945 0.5322758294389482
-0.563559273990747 0.06827739746984804 0.5289196329596422
-0.5390566968607146 0.07504658169712661 0.5255634364803361
-0.5145541197306822 0.08181576592440515 0.5222072400010299
-0.49005154260064954 0.08858495015168374 0.5188510435217238
-0.4655489654706172 0.09535413437896231 0.5154948470424178
-0.4410463883405847 0.10212331860624088 0.5121386505631116
-0.4165438112105522 0.10889250283351945 0.5087824540838055
-0.39204123408051966 0.11566168706079803 0.5054262576044994
-0.36753865695048715 0.1224308712880766 0.5020700611251933
-0.34303607982045475 0.12920005551535516 0.4987138646458872
-0.3185335026904223 0.13596923974263372 0.4953576681665811
-0.2940309255603898 0.1427384239699123 0.492001471687275
-0.2695283484303573 0.1495076081971909 0.48864527520796885
-0.24502577130032477 0.15627679242446946 0.4852890787286628
-0.2205231941702924 0.163045976651748 0.48193288224935665
-0.1960206170402599 0.16981516087902657 0.4785766857700505
-0.17151803991022738 0.17658434510630514 0.47522048929074445
-0.1470154627801949 0.18335352933358373 0.4718642928114383
-0.12251288565016238 0.1901227135608623 0.4685080963321322
-0.09801030852013 0.19689189778814084 0.4651518998528261
-0.0735077313900975 0.2036610820154194 0.46179570337352
-0.049005154260065 0.210430266242698 0.4584395068942139
-0.0245025771300325 0.21719945046997657 0.4550833104149078
0.0 0.22396863469725514 0.45172711393560167
-0.9556005080712667 -0.0306975237208901 0.60144073970919
-0.9310979309412343 -0.02392833949361153 0.5980845432298839
-0.9065953538112017 -0.01715915526633296 0.5947283467505777
-0.8820927766811694 -0.010389971039054391 0.5913721502712717
-0.8575901995511368 -0.003620786811775823 0.5880159537919656
-0.8330876224211043 0.0031483974155027453 0.5846597573126594
-0.8085850452910719 0.009917581642781314 0.5813035608333533
-0.7840824681610393 0.01668676587005991 0.5779473643540473
-0.759579891031007 0.02345595009733845 0.5745911678747411
-0.7350773139009744 0.030225134324617018 0.571234971395435
-0.710574736770942 0.03699431855189559 0.5678787749161289
-0.6860721596409094 0.043763502779174186 0.5645225784368227
-0.6615695825108769 0.050532687006452755 0.5611663819575167
-0.6370670053808446 0.057301871233731295 0.5578101854782106
-0.6125644282508119 0.06407105546100988 0.5544539889989044
-0.5880618511207796 0.07084023968828843 0.5510977925195983
-0.563559273990747 0.07760942391556702 0.5477415960402923
-0.5390566968607146 0.08437860814284559 0.5443853995609862
-0.5145541197306822 0.09114779237012413 0.54102920308168
-0.49005154260064954 0.09791697659740273 0.5376730066023739
-0.4655489654706172 0.1046861608246813 0.5343168101230679
-0.4410463883405847 0.11145534505195986 0.5309606136437617
-0.4165438112105522 0.11822452927923843 0.5276044171644556
-0.39204123408051966 0.12499371350651702 0.5242482206851495
-0.36753865695048715 0.1317628977337956 0.5208920242058434
-0.34303607982045475 0.13853208196107414 0.5175358277265373
-0.3185335026904223 0.1453012661883527 0.5141796312472312
-0.2940309255603898 0.15207045041563128 0.5108234347679251
-0.2695283484303573 0.15883963464290987 0.507467238288619
-0.24502577130032477 0.16560881887018844 0.5041110418093129
-0.2205231941702924 0.17237800309746698 0.5007548453300068
-0.1960206170402599 0.17914718732474555 0.4973986488507007
-0.17151803991022738 0.18591637155202412 0.49404245237139455
-0.1470154627801949 0.19268555577930271 0.4906862558920884
-0.12251288565016238 0.19945474000658128 0.48733005941278235
-0.09801030852013 0.20622392423385982 0.4839738629334762
-0.0735077313900975 0.2129931084611384 0.4806176664541701
-0.049005154260065 0.219762292688417 0.477261469974864
-0.0245025771300325 0.22653147691569556 0.4739052734955579
0.0 0.23330066114297413 0.47054907701625176
-0.9556005080712667 -0.021365497275171116 0.6202627027898401
-0.9310979309412343 -0.014596313047892547 0.616906506310534
-0.9065953538112017 -0.007827128820613979 0.6135503098312278
-0.8820927766811694 -0.0010579445933354109 0.6101941133519218
-0.8575901995511368 0.005711239633943157 0.6068379168726157
-0.8330876224211043 0.012480423861221727 0.6034817203933096
-0.8085850452910719 0.019249608088500295 0.6001255239140034
-0.7840824681610393 0.02601879231577889 0.5967693274346973
-0.759579891031007 0.03278797654305743 0.5934131309553913
-0.7350773139009744 0.039557160770336 0.5900569344760851
-0.710574736770942 0.046326344997614566 0.586700737996779
-0.6860721596409094 0.05309552922489316 0.583344541517473
-0.6615695825108769 0.05986471345217173 0.5799883450381668
-0.6370670053808446 0.06663389767945027 0.5766321485588607
-0.6125644282508119 0.07340308190672887 0.5732759520795546
-0.5880618511207796 0.08017226613400741 0.5699197556002484
-0.563559273990747 0.086941450361286 0.5665635591209424
-0.5390566968607146 0.09371063458856457 0.5632073626416363
-0.5145541197306822 0.10047981881584311 0.5598511661623302
-0.49005154260064954 0.10724900304312171 0.556494969683024
-0.4655489654706172 0.11401818727040028 0.553138773203718
-0.4410463883405847 0.12078737149767885 0.5497825767244118
-0.4165438112105522 0.12755655572495742 0.5464263802451057
-0.39204123408051966 0.134325739952236 0.5430701837657996
-0.36753865695048715 0.14109492417951458 0.5397139872864934
-0.34303607982045475 0.14786410840679312 0.5363577908071874
-0.3185335026904223 0.1546332926340717 0.5330015943278813
-0.2940309255603898 0.16140247686135026 0.5296453978485752
-0.2695283484303573 0.16817166108862885 0.526289201369269
-0.24502577130032477 0.17494084531590742 0.522933004889963
-0.2205231941702924 0.18171002954318596 0.5195768084106569
-0.1960206170402599 0.18847921377046453 0.5162206119313507
-0.17151803991022738 0.1952483979977431 0.5128644154520446
-0.1470154627801949 0.2020175822250217 0.5095082189727386
-0.12251288565016238 0.20878676645230027 0.5061520224934324
-0.09801030852013 0.2155559506795788 0.5027958260141263
-0.0735077313900975 0.22232513490685737 0.49943962953482024
-0.049005154260065 0.22909431913413597 0.4960834330555141
-0.0245025771300325 0.23586350336141454 0.492727236576208
0.0 0.2426326875886931 0.4893710400969019
-0.9556005080712667 -0.012033470829452135 0.6390846658704902
-0.9310979309412343 -0.005264286602173567 0.6357284693911841
-0.9065953538112017 0.0015048976251050017 0.6323722729118779
-0.8820927766811694 0.00827408185238357 0.6290160764325718
-0.8575901995511368 0.01504326607966214 0.6256598799532658
-0.8330876224211043 0.021812450306940706 0.6223036834739597
-0.8085850452910719 0.028581634534219275 0.6189474869946535
-0.7840824681610393 0.03535081876149787 0.6155912905153474
-0.759579891031007 0.04212000298877641 0.6122350940360414
-0.7350773139009744 0.04888918721605498 0.6088788975567352
-0.710574736770942 0.05565837144333355 0.6055227010774291
-0.6860721596409094 0.062427555670612145 0.602166504598123
-0.6615695825108769 0.06919673989789071 0.5988103081188169
-0.6370670053808446 0.07596592412516925 0.5954541116395108
-0.6125644282508119 0.08273510835244785 0.5920979151602047
-0.5880618511207796 0.08950429257972639 0.5887417186808985
-0.563559273990747 0.09627347680700499 0.5853855222015925
-0.5390566968607146 0.10304266103428356 0.5820293257222864
-0.5145541197306822 0.1098118452615621 0.5786731292429803
-0.49005154260064954 0.11658102948884069 0.5753169327636741
-0.4655489654706172 0.12335021371611926 0.571960736284368
-0.4410463883405847 0.13011939794339783 0.568604539805062
-0.4165438112105522 0.1368885821706764 0.5652483433257558
-0.39204123408051966 0.143657766397955 0.5618921468464497
-0.36753865695048715 0.15042695062523356 0.5585359503671437
-0.34303607982045475 0.1571961348525121 0.5551797538878375
-0.3185335026904223 0.16396531907979067 0.5518235574085314
-0.2940309255603898 0.17073450330706924 0.5484673609292253
-0.2695283484303573 0.17750368753434784 0.5451111644499191
-0.24502577130032477 0.1842728717616264 0.5417549679706131
-0.2205231941702924 0.19104205598890495 0.538398771491307
-0.1960206170402599 0.19781124021618351 0.5350425750120008
-0.17151803991022738 0.20458042444346208 0.5316863785326947
-0.1470154627801949 0.21134960867074068 0.5283301820533887
-0.12251288565016238 0.21811879289801925 0.5249739855740825
-0.09801030852013 0.2248879771252978 0.5216177890947764
-0.0735077313900975 0.23165716135257636 0.5182615926154703
-0.049005154260065 0.23842634557985495 0.5149053961361643
-0.0245025771300325 0.24519552980713352 0.5115491996568581
0.0 0.2519647140344121 0.508193003177552
-0.9556005080712667 -0.0027014443837332035 0.6579066289511402
-0.9310979309412343 0.0040677398435453645 0.6545504324718341
-0.9065953538112017 0.010836924070823933 0.651194235992528
-0.8820927766811694 0.017606108298102503 0.6478380395132218
-0.8575901995511368 0.024375292525381072 0.6444818430339158
-0.8330876224211043 0.03114447675265964 0.6411256465546097
-0.8085850452910719 0.03791366097993821 0.6377694500753035
-0.7840824681610393 0.044682845207216805 0.6344132535959974
-0.759579891031007 0.051452029434495346 0.6310570571166914
-0.7350773139009744 0.058221213661773914 0.6277008606373853
-0.710574736770942 0.06499039788905248 0.6243446641580791
-0.6860721596409094 0.07175958211633107 0.620988467678773
-0.6615695825108769 0.07852876634360964 0.617632271199467
-0.6370670053808446 0.08529795057088818 0.6142760747201608
-0.6125644282508119 0.09206713479816678 0.6109198782408547
-0.5880618511207796 0.09883631902544532 0.6075636817615486
-0.563559273990747 0.10560550325272391 0.6042074852822424
-0.5390566968607146 0.11237468748000248 0.6008512888029364
-0.5145541197306822 0.11914387170728102 0.5974950923236303
-0.49005154260064954 0.12591305593455962 0.5941388958443241
-0.4655489654706172 0.1326822401618382 0.590782699365018
-0.4410463883405847 0.13945142438911676 0.587426502885712
-0.4165438112105522 0.14622060861639533 0.5840703064064058
-0.39204123408051966 0.15298979284367392 0.5807141099270997
-0.36753865695048715 0.1597589770709525 0.5773579134477936
-0.34303607982045475 0.16652816129823103 0.5740017169684875
-0.3185335026904223 0.1732973455255096 0.5706455204891814
-0.2940309255603898 0.18006652975278817 0.5672893240098753
-0.2695283484303573 0.18683571398006676 0.5639331275305691
-0.24502577130032477 0.19360489820734533 0.560576931051263
-0.2205231941702924 0.20037408243462387 0.557220734571957
-0.1960206170402599 0.20714326666190244 0.5538645380926509
-0.17151803991022738 0.213912450889181 0.5505083416133447
-0.1470154627801949 0.2206816351164596 0.5471521451340386
-0.12251288565016238 0.22745081934373818 0.5437959486547326
-0.09801030852013 0.23422000357101672 0.5404397521754264
-0.0735077313900975 0.24098918779829528 0.5370835556961203
-0.049005154260065 0.24775837202557388 0.5337273592168142
-0.0245025771300325 0.25452755625285245 0.5303711627375081
0.0 0.261296740480131 0.527014966258202
-0.9556005080712667 0.006630582061985777 0.6767285920317903
-0.9310979309412343 0.013399766289264346 0.6733723955524842
-0.9065953538112017 0.020168950516542914 0.6700161990731781
-0.8820927766811694 0.026938134743821483 0.6666600025938719
-0.8575901995511368 0.033707318971100055 0.6633038061145659
-0.8330876224211043 0.04047650319837862 0.6599476096352598
-0.8085850452910719 0.04724568742565719 0.6565914131559536
-0.7840824681610393 0.05401487165293579 0.6532352166766475
-0.759579891031007 0.06078405588021433 0.6498790201973415
-0.7350773139009744 0.06755324010749289 0.6465228237180354
-0.710574736770942 0.07432242433477146 0.6431666272387292
-0.6860721596409094 0.08109160856205005 0.6398104307594231
-0.6615695825108769 0.08786079278932862 0.636454234280117
-0.6370670053808446 0.09462997701660716 0.6330980378008109
-0.6125644282508119 0.10139916124388576 0.6297418413215048
-0.5880618511207796 0.1081683454711643 0.6263856448421987
-0.563559273990747 0.1149375296984429 0.6230294483628925
-0.5390566968607146 0.12170671392572147 0.6196732518835865
-0.5145541197306822 0.128475898153 0.6163170554042804
-0.49005154260064954 0.1352450823802786 0.6129608589249742
-0.4655489654706172 0.14201426660755717 0.6096046624456681
-0.4410463883405847 0.14878345083483574 0.6062484659663621
-0.4165438112105522 0.1555526350621143 0.6028922694870559
-0.39204123408051966 0.1623218192893929 0.5995360730077498
-0.36753865695048715 0.16909100351667147 0.5961798765284437
-0.34303607982045475 0.17586018774395 0.5928236800491377
-0.3185335026904223 0.18262937197122858 0.5894674835698315
-0.2940309255603898 0.18939855619850715 0.5861112870905254
-0.2695283484303573 0.19616774042578575 0.5827550906112193
-0.24502577130032477 0.20293692465306432 0.5793988941319131
-0.2205231941702924 0.20970610888034286 0.5760426976526071
-0.1960206170402599 0.21647529310762142 0.572686501173301
-0.17151803991022738 0.2232444773349 0.5693303046939948
-0.1470154627801949 0.2300136615621786 0.5659741082146887
-0.12251288565016238 0.23678284578945716 0.5626179117353827
-0.09801030852013 0.2435520300167357 0.5592617152560765
-0.0735077313900975 0.25032121424401427 0.5559055187767704
-0.049005154260065 0.25709039847129284 0.5525493222974643
-0.0245025771300325 0.2638595826985714 0.5491931258181582
0.0 0.27062876692585003 0.5458369293388521
-0.9556005080712667 0.01596260850770476 0.6955505551124403
-0.9310979309412343 0.02273179273498333 0.6921943586331343
-0.9065953538112017 0.029500976962261897 0.6888381621538282
-0.8820927766811694 0.03627016118954046 0.6854819656745221
-0.8575901995511368 0.04303934541681903 0.682125769195216
-0.8330876224211043 0.0498085296440976 0.6787695727159099
-0.8085850452910719 0.05657771387137617 0.6754133762366038
-0.7840824681610393 0.06334689809865476 0.6720571797572976
-0.759579891031007 0.0701160823259333 0.6687009832779915
-0.7350773139009744 0.07688526655321187 0.6653447867986855
-0.710574736770942 0.08365445078049044 0.6619885903193793
-0.6860721596409094 0.09042363500776904 0.6586323938400732
-0.6615695825108769 0.0971928192350476 0.6552761973607671
-0.6370670053808446 0.10396200346232615 0.651920000881461
-0.6125644282508119 0.11073118768960474 0.6485638044021549
-0.5880618511207796 0.11750037191688328 0.6452076079228488
-0.563559273990747 0.12426955614416188 0.6418514114435426
-0.5390566968607146 0.13103874037144045 0.6384952149642366
-0.5145541197306822 0.137807924598719 0.6351390184849305
-0.49005154260064954 0.14457710882599759 0.6317828220056243
-0.4655489654706172 0.15134629305327615 0.6284266255263182
-0.4410463883405847 0.15811547728055472 0.6250704290470122
-0.4165438112105522 0.1648846615078333 0.6217142325677061
-0.39204123408051966 0.1716538457351119 0.6183580360883999
-0.36753865695048715 0.17842302996239046 0.6150018396090938
-0.34303607982045475 0.185192214189669 0.6116456431297878
-0.3185335026904223 0.19196139841694757 0.6082894466504816
-0.2940309255603898 0.19873058264422613 0.6049332501711755
-0.2695283484303573 0.20549976687150473 0.6015770536918694
-0.24502577130032477 0.2122689510987833 0.5982208572125632
-0.2205231941702924 0.21903813532606184 0.5948646607332572
-0.1960206170402599 0.2258073195533404 0.5915084642539511
-0.17151803991022738 0.23257650378061898 0.5881522677746449
-0.1470154627801949 0.23934568800789757 0.5847960712953388
-0.12251288565016238 0.24611487223517614 0.5814398748160328
-0.09801030852013 0.2528840564624547 0.5780836783367267
-0.0735077313900975 0.2596532406897333 0.5747274818574205
-0.049005154260065 0.26642242491701185 0.5713712853781144
-0.0245025771300325 0.2731916091442904 0.5680150888988084
0.0 0.279960793371569 0.5646588924195022
-0.9556005080712667 0.02529463495342369 0.7143725181930904
-0.9310979309412343 0.03206381918070226 0.7110163217137843
-0.9065953538112017 0.03883300340798083 0.7076601252344782
-0.8820927766811694 0.045602187635259396 0.7043039287551721
-0.8575901995511368 0.052371371862537965 0.7009477322758659
-0.8330876224211043 0.05914055608981653 0.6975915357965599
-0.8085850452910719 0.0659097403170951 0.6942353393172538
-0.7840824681610393 0.07267892454437369 0.6908791428379476
-0.759579891031007 0.07944810877165223 0.6875229463586415
-0.7350773139009744 0.0862172929989308 0.6841667498793355
-0.710574736770942 0.09298647722620937 0.6808105534000293
-0.6860721596409094 0.09975566145348796 0.6774543569207232
-0.6615695825108769 0.10652484568076653 0.6740981604414171
-0.6370670053808446 0.11329402990804507 0.670741963962111
-0.6125644282508119 0.12006321413532367 0.6673857674828049
-0.5880618511207796 0.1268323983626022 0.6640295710034988
-0.563559273990747 0.1336015825898808 0.6606733745241927
-0.5390566968607146 0.14037076681715938 0.6573171780448865
-0.5145541197306822 0.14713995104443792 0.6539609815655805
-0.49005154260064954 0.1539091352717165 0.6506047850862744
-0.4655489654706172 0.16067831949899508 0.6472485886069682
-0.4410463883405847 0.16744750372627365 0.6438923921276621
-0.4165438112105522 0.17421668795355222 0.6405361956483561
-0.39204123408051966 0.18098587218083081 0.6371799991690499
-0.36753865695048715 0.18775505640810938 0.6338238026897438
-0.34303607982045475 0.19452424063538792 0.6304676062104377
-0.3185335026904223 0.2012934248626665 0.6271114097311316
-0.2940309255603898 0.20806260908994506 0.6237552132518255
-0.2695283484303573 0.21483179331722366 0.6203990167725194
-0.24502577130032477 0.22160097754450223 0.6170428202932132
-0.2205231941702924 0.22837016177178077 0.6136866238139072
-0.1960206170402599 0.23513934599905933 0.6103304273346011
-0.17151803991022738 0.2419085302263379 0.606974230855295
-0.1470154627801949 0.2486777144536165 0.6036180343759888
-0.12251288565016238 0.25544689868089504 0.6002618378966827
-0.09801030852013 0.2622160829081736 0.5969056414173767
-0.0735077313900975 0.2689852671354522 0.5935494449380705
-0.049005154260065 0.27575445136273075 0.5901932484587644
-0.0245025771300325 0.2825236355900093 0.5868370519794583
0.0 0.28929281981728794 0.5834808555001522
-0.9556005080712667 0.03462666139914267 0.7331944812737405
-0.9310979309412343 0.04139584562642124 0.7298382847944344
-0.9065953538112017 0.04816502985369981 0.7264820883151283
-0.8820927766811694 0.05493421408097838 0.7231258918358222
-0.8575901995511368 0.06170339830825695 0.719769695356516
-0.8330876224211043 0.06847258253553551 0.71641349887721
-0.8085850452910719 0.07524176676281408 0.7130573023979039
-0.7840824681610393 0.08201095099009267 0.7097011059185977
-0.759579891031007 0.08878013521737121 0.7063449094392916
-0.7350773139009744 0.09554931944464978 0.7029887129599856
-0.710574736770942 0.10231850367192835 0.6996325164806795
-0.6860721596409094 0.10908768789920695 0.6962763200013733
-0.6615695825108769 0.11585687212648552 0.6929201235220672
-0.6370670053808446 0.12262605635376406 0.6895639270427611
-0.6125644282508119 0.12939524058104265 0.686207730563455
-0.5880618511207796 0.1361644248083212 0.6828515340841489
-0.563559273990747 0.1429336090355998 0.6794953376048428
-0.5390566968607146 0.14970279326287836 0.6761391411255366
-0.5145541197306822 0.1564719774901569 0.6727829446462306
-0.49005154260064954 0.1632411617174355 0.6694267481669245
-0.4655489654706172 0.17001034594471406 0.6660705516876183
-0.4410463883405847 0.17677953017199263 0.6627143552083122
-0.4165438112105522 0.1835487143992712 0.6593581587290062
-0.39204123408051966 0.1903178986265498 0.6560019622497
-0.36753865695048715 0.19708708285382837 0.6526457657703939
-0.34303607982045475 0.2038562670811069 0.6492895692910878
-0.3185335026904223 0.21062545130838548 0.6459333728117818
-0.2940309255603898 0.21739463553566404 0.6425771763324756
-0.2695283484303573 0.22416381976294264 0.6392209798531695
-0.24502577130032477 0.2309330039902212 0.6358647833738634
-0.2205231941702924 0.23770218821749975 0.6325085868945572
-0.1960206170402599 0.24447137244477832 0.6291523904152512
-0.17151803991022738 0.2512405566720569 0.6257961939359451
-0.1470154627801949 0.2580097408993355 0.6224399974566389
-0.12251288565016238 0.26477892512661405 0.6190838009773328
-0.09801030852013 0.2715481093538926 0.6157276044980268
-0.0735077313900975 0.2783172935811712 0.6123714080187206
-0.049005154260065 0.28508647780844976 0.6090152115394145
-0.0245025771300325 0.2918556620357283 0.6056590150601084
0.0 0.2986248462630069 0.6023028185808023
-0.9556005080712667 0.04395868784486165 0.7520164443543906
-0.9310979309412343 0.05072787207214022 0.7486602478750846
-0.9065953538112017 0.057497056299418786 0.7453040513957784
-0.8820927766811694 0.06426624052669735 0.7419478549164723
-0.8575901995511368 0.07103542475397592 0.7385916584371662
-0.8330876224211043 0.07780460898125449 0.73523546195786
-0.8085850452910719 0.08457379320853306 0.731879265478554
-0.7840824681610393 0.09134297743581166 0.7285230689992479
-0.759579891031007 0.0981121616630902 0.7251668725199417
-0.7350773139009744 0.10488134589036877 0.7218106760406356
-0.710574736770942 0.11165053011764733 0.7184544795613296
-0.6860721596409094 0.11841971434492593 0.7150982830820234
-0.6615695825108769 0.1251888985722045 0.7117420866027173
-0.6370670053808446 0.13195808279948304 0.7083858901234112
-0.6125644282508119 0.13872726702676164 0.7050296936441051
-0.5880618511207796 0.14549645125404018 0.701673497164799
-0.563559273990747 0.15226563548131877 0.6983173006854929
-0.5390566968607146 0.15903481970859734 0.6949611042061867
-0.5145541197306822 0.16580400393587588 0.6916049077268807
-0.49005154260064954 0.17257318816315448 0.6882487112475746
-0.4655489654706172 0.17934237239043305 0.6848925147682685
-0.4410463883405847 0.18611155661771162 0.6815363182889623
-0.4165438112105522 0.19288074084499018 0.6781801218096563
-0.39204123408051966 0.19964992507226878 0.6748239253303502
-0.36753865695048715 0.20641910929954735 0.671467728851044
-0.34303607982045475 0.2131882935268259 0.6681115323717379
-0.3185335026904223 0.21995747775410446 0.6647553358924319
-0.2940309255603898 0.22672666198138303 0.6613991394131257
-0.2695283484303573 0.23349584620866162 0.6580429429338196
-0.24502577130032477 0.2402650304359402 0.6546867464545135
-0.2205231941702924 0.24703421466321873 0.6513305499752073
-0.1960206170402599 0.2538033988904973 0.6479743534959013
-0.17151803991022738 0.26057258311777587 0.6446181570165952
-0.1470154627801949 0.26734176734505444 0.641261960537289
-0.12251288565016238 0.274110951572333 0.6379057640579829
-0.09801030852013 0.2808801357996116 0.6345495675786769
-0.0735077313900975 0.28764932002689014 0.6311933710993708
-0.049005154260065 0.2944185042541687 0.6278371746200646
-0.0245025771300325 0.3011876884814473 0.6244809781407585
0.0 0.3079568727087259 0.6211247816614525
-0.9556005080712667 0.05329071429058058 0.7708384074350406
-0.9310979309412343 0.06005989851785915 0.7674822109557345
-0.9065953538112017 0.06682908274513773 0.7641260144764284
-0.8820927766811694 0.0735982669724163 0.7607698179971223
-0.8575901995511368 0.08036745119969486 0.7574136215178162
-0.8330876224211043 0.08713663542697343 0.75405742503851
-0.8085850452910719 0.093905819654252 0.750701228559204
-0.7840824681610393 0.1006750038815306 0.7473450320798979
-0.759579891031007 0.10744418810880914 0.7439888356005917
-0.7350773139009744 0.1142133723360877 0.7406326391212856
-0.710574736770942 0.12098255656336628 0.7372764426419796
-0.6860721596409094 0.12775174079064486 0.7339202461626734
-0.6615695825108769 0.13452092501792343 0.7305640496833673
-0.6370670053808446 0.14129010924520197 0.7272078532040612
-0.6125644282508119 0.14805929347248056 0.723851656724755
-0.5880618511207796 0.1548284776997591 0.720495460245449
-0.563559273990747 0.1615976619270377 0.7171392637661429
-0.5390566968607146 0.16836684615431627 0.7137830672868368
-0.5145541197306822 0.1751360303815948 0.7104268708075306
-0.49005154260064954 0.1819052146088734 0.7070706743282246
-0.4655489654706172 0.18867439883615197 0.7037144778489185
-0.4410463883405847 0.19544358306343054 0.7003582813696123
-0.4165438112105522 0.2022127672907091 0.6970020848903062
-0.39204123408051966 0.2089819515179877 0.6936458884110002
-0.36753865695048715 0.21575113574526628 0.690289691931694
-0.34303607982045475 0.22252031997254482 0.6869334954523879
-0.3185335026904223 0.22928950419982339 0.6835772989730818
-0.2940309255603898 0.23605868842710195 0.6802211024937758
-0.2695283484303573 0.24282787265438055 0.6768649060144696
-0.24502577130032477 0.24959705688165912 0.6735087095351635
-0.2205231941702924 0.2563662411089377 0.6701525130558574
-0.1960206170402599 0.26313542533621626 0.6667963165765513
-0.17151803991022738 0.2699046095634948 0.6634401200972452
-0.1470154627801949 0.2766737937907734 0.6600839236179391
-0.12251288565016238 0.28344297801805196 0.6567277271386329
-0.09801030852013 0.29021216224533053 0.6533715306593268
-0.0735077313900975 0.2969813464726091 0.6500153341800208
-0.049005154260065 0.30375053069988767 0.6466591377007146
-0.0245025771300325 0.31051971492716623 0.6433029412214085
0.0 0.3172888991544448 0.6399467447421024
-0.9556005080712667 0.06262274073629956 0.7896603705156907
-0.9310979309412343 0.06939192496357813 0.7863041740363846
-0.9065953538112017 0.0761611091908567 0.7829479775570785
-0.8820927766811694 0.08293029341813526 0.7795917810777724
-0.8575901995511368 0.08969947764541383 0.7762355845984663
-0.8330876224211043 0.0964686618726924 0.7728793881191602
-0.8085850452910719 0.10323784609997097 0.769523191639854
-0.7840824681610393 0.11000703032724957 0.766166995160548
-0.759579891031007 0.11677621455452811 0.7628107986812419
-0.7350773139009744 0.12354539878180668 0.7594546022019357
-0.710574736770942 0.13031458300908524 0.7560984057226297
-0.6860721596409094 0.13708376723636384 0.7527422092433236
-0.6615695825108769 0.1438529514636424 0.7493860127640174
-0.6370670053808446 0.15062213569092095 0.7460298162847113
-0.6125644282508119 0.15739131991819955 0.7426736198054052
-0.5880618511207796 0.1641605041454781 0.7393174233260991
-0.563559273990747 0.17092968837275668 0.735961226846793
-0.5390566968607146 0.17769887260003525 0.7326050303674869
-0.5145541197306822 0.1844680568273138 0.7292488338881808
-0.49005154260064954 0.1912372410545924 0.7258926374088747
-0.4655489654706172 0.19800642528187096 0.7225364409295686
-0.4410463883405847 0.20477560950914953 0.7191802444502624
-0.4165438112105522 0.2115447937364281 0.7158240479709563
-0.39204123408051966 0.2183139779637067 0.7124678514916503
-0.36753865695048715 0.22508316219098526 0.7091116550123441
-0.34303607982045475 0.2318523464182638 0.705755458533038
-0.3185335026904223 0.23862153064554237 0.7023992620537319
-0.2940309255603898 0.24539071487282094 0.6990430655744259
-0.2695283484303573 0.2521598991000995 0.6956868690951197
-0.24502577130032477 0.2589290833273781 0.6923306726158136
-0.2205231941702924 0.26569826755465664 0.6889744761365075
-0.1960206170402599 0.2724674517819352 0.6856182796572013
-0.17151803991022738 0.2792366360092138 0.6822620831778953
-0.1470154627801949 0.28600582023649235 0.6789058866985892
-0.12251288565016238 0.2927750044637709 0.675549690219283
-0.09801030852013 0.2995441886910495 0.6721934937399769
-0.0735077313900975 0.30631337291832805 0.6688372972606709
-0.049005154260065 0.3130825571456066 0.6654811007813647
-0.0245025771300325 0.3198517413728852 0.6621249043020586
0.0 0.3266209256001638 0.6587687078227525
-0.9556005080712667 0.07195476718201854 0.8084823335963408
-0.9310979309412343 0.07872395140929711 0.8051261371170347
-0.9065953538112017 0.08549313563657568 0.8017699406377286
-0.8820927766811694 0.09226231986385425 0.7984137441584225
-0.8575901995511368 0.09903150409113282 0.7950575476791164
-0.8330876224211043 0.10580068831841138 0.7917013511998103
-0.8085850452910719 0.11256987254568995 0.7883451547205041
-0.7840824681610393 0.11933905677296855 0.7849889582411981
-0.759579891031007 0.1261082410002471 0.781632761761892
-0.7350773139009744 0.13287742522752566 0.7782765652825858
-0.710574736770942 0.13964660945480423 0.7749203688032797
-0.6860721596409094 0.14641579368208282 0.7715641723239737
-0.6615695825108769 0.1531849779093614 0.7682079758446675
-0.6370670053808446 0.15995416213663993 0.7648517793653614
-0.6125644282508119 0.16672334636391853 0.7614955828860553
-0.5880618511207796 0.17349253059119707 0.7581393864067492
-0.563559273990747 0.18026171481847567 0.7547831899274431
-0.5390566968607146 0.18703089904575423 0.751426993448137
-0.5145541197306822 0.19380008327303277 0.7480707969688309
-0.49005154260064954 0.20056926750031137 0.7447146004895248
-0.4655489654706172 0.20733845172758994 0.7413584040102187
-0.4410463883405847 0.2141076359548685 0.7380022075309126
-0.4165438112105522 0.22087682018214708 0.7346460110516064
-0.39204123408051966 0.22764600440942567 0.7312898145723004
-0.36753865695048715 0.23441518863670424 0.7279336180929943
-0.34303607982045475 0.24118437286398278 0.7245774216136881
-0.3185335026904223 0.24795355709126135 0.721221225134382
-0.2940309255603898 0.25472274131853995 0.717865028655076
-0.2695283484303573 0.2614919255458185 0.7145088321757698
-0.24502577130032477 0.2682611097730971 0.7111526356964637
-0.2205231941702924 0.27503029400037565 0.7077964392171576
-0.1960206170402599 0.2817994782276542 0.7044402427378514
-0.17151803991022738 0.2885686624549328 0.7010840462585454
-0.1470154627801949 0.29533784668221136 0.6977278497792393
-0.12251288565016238 0.3021070309094899 0.6943716532999331
-0.09801030852013 0.3088762151367685 0.691015456820627
-0.0735077313900975 0.31564539936404706 0.687659260341321
-0.049005154260065 0.32241458359132563 0.6843030638620149
-0.0245025771300325 0.3291837678186042 0.6809468673827087
0.0 0.33595295204588277 0.6775906709034026
-0.9556005080712667 0.08128679362773748 0.8273042966769908
-0.9310979309412343 0.08805597785501605 0.8239481001976847
-0.9065953538112017 0.09482516208229462 0.8205919037183786
-0.8820927766811694 0.10159434630957319 0.8172357072390725
-0.8575901995511368 0.10836353053685176 0.8138795107597664
-0.8330876224211043 0.11513271476413033 0.8105233142804603
-0.8085850452910719 0.1219018989914089 0.8071671178011541
-0.7840824681610393 0.12867108321868748 0.8038109213218481
-0.759579891031007 0.13544026744596602 0.800454724842542
-0.7350773139009744 0.14220945167324459 0.7970985283632359
-0.710574736770942 0.14897863590052315 0.7937423318839297
-0.6860721596409094 0.15574782012780175 0.7903861354046237
-0.6615695825108769 0.16251700435508032 0.7870299389253176
-0.6370670053808446 0.16928618858235886 0.7836737424460114
-0.6125644282508119 0.17605537280963746 0.7803175459667053
-0.5880618511207796 0.182824557036916 0.7769613494873993
-0.563559273990747 0.1895937412641946 0.7736051530080931
-0.5390566968607146 0.19636292549147316 0.770248956528787
-0.5145541197306822 0.2031321097187517 0.7668927600494809
-0.49005154260064954 0.2099012939460303 0.7635365635701747
-0.4655489654706172 0.21667047817330887 0.7601803670908687
-0.4410463883405847 0.22343966240058744 0.7568241706115626
-0.4165438112105522 0.230208846627866 0.7534679741322564
-0.39204123408051966 0.2369780308551446 0.7501117776529503
-0.36753865695048715 0.24374721508242317 0.7467555811736443
-0.34303607982045475 0.2505163993097017 0.7433993846943381
-0.3185335026904223 0.2572855835369803 0.740043188215032
-0.2940309255603898 0.26405476776425885 0.7366869917357259
-0.2695283484303573 0.2708239519915374 0.7333307952564198
-0.24502577130032477 0.277593136218816 0.7299745987771137
-0.2205231941702924 0.28436232044609455 0.7266184022978076
-0.1960206170402599 0.2911315046733731 0.7232622058185015
-0.17151803991022738 0.2979006889006517 0.7199060093391954
-0.1470154627801949 0.30466987312793026 0.7165498128598893
-0.12251288565016238 0.3114390573552089 0.7131936163805832
-0.09801030852013 0.3182082415824874 0.709837419901277
-0.0735077313900975 0.32497742580976596 0.706481223421971
-0.049005154260065 0.33174661003704453 0.7031250269426649
-0.0245025771300325 0.33851579426432316 0.6997688304633587
0.0 0.3452849784916017 0.6964126339840526
-0.9556005080712667 0.09061882007345645 0.8461262597576409
-0.9310979309412343 0.09738800430073502 0.8427700632783348
-0.9065953538112017 0.10415718852801359 0.8394138667990287
-0.8820927766811694 0.11092637275529216 0.8360576703197226
-0.8575901995511368 0.11769555698257073 0.8327014738404165
-0.8330876224211043 0.1244647412098493 0.8293452773611104
-0.8085850452910719 0.13123392543712786 0.8259890808818042
-0.7840824681610393 0.13800310966440646 0.8226328844024982
-0.759579891031007 0.144772293891685 0.8192766879231921
-0.7350773139009744 0.15154147811896357 0.815920491443886
-0.710574736770942 0.15831066234624214 0.8125642949645798
-0.6860721596409094 0.16507984657352073 0.8092080984852738
-0.6615695825108769 0.1718490308007993 0.8058519020059677
-0.6370670053808446 0.17861821502807784 0.8024957055266615
-0.6125644282508119 0.18538739925535644 0.7991395090473554
-0.5880618511207796 0.19215658348263498 0.7957833125680494
-0.563559273990747 0.19892576770991358 0.7924271160887432
-0.5390566968607146 0.20569495193719214 0.7890709196094371
-0.5145541197306822 0.21246413616447068 0.785714723130131
-0.49005154260064954 0.21923332039174928 0.7823585266508248
-0.4655489654706172 0.22600250461902785 0.7790023301715188
-0.4410463883405847 0.23277168884630642 0.7756461336922127
-0.4165438112105522 0.239540873073585 0.7722899372129065
-0.39204123408051966 0.24631005730086358 0.7689337407336004
-0.36753865695048715 0.25307924152814215 0.7655775442542944
-0.34303607982045475 0.25984842575542066 0.7622213477749883
-0.3185335026904223 0.2666176099826993 0.7588651512956821
-0.2940309255603898 0.27338679420997786 0.755508954816376
-0.2695283484303573 0.2801559784372564 0.75215275833707
-0.24502577130032477 0.286925162664535 0.7487965618577638
-0.2205231941702924 0.29369434689181356 0.7454403653784577
-0.1960206170402599 0.30046353111909213 0.7420841688991516
-0.17151803991022738 0.3072327153463707 0.7387279724198454
-0.1470154627801949 0.31400189957364927 0.7353717759405394
-0.12251288565016238 0.32077108380092784 0.7320155794612333
-0.09801030852013 0.3275402680282064 0.7286593829819271
-0.0735077313900975 0.334309452255485 0.725303186502621
-0.049005154260065 0.34107863648276354 0.721946990023315
-0.0245025771300325 0.3478478207100421 0.7185907935440088
0.0 0.3546170049373207 0.7152345970647027
-0.9556005080712667 0.09995084651917543 0.864948222838291
-0.9310979309412343 0.106720030746454 0.8615920263589849
-0.9065953538112017 0.11348921497373257 0.8582358298796788
-0.8820927766811694 0.12025839920101114 0.8548796334003728
-0.8575901995511368 0.1270275834282897 0.8515234369210666
-0.8330876224211043 0.13379676765556828 0.8481672404417605
-0.8085850452910719 0.14056595188284685 0.8448110439624544
-0.7840824681610393 0.14733513611012544 0.8414548474831482
-0.759579891031007 0.15410432033740398 0.8380986510038422
-0.7350773139009744 0.16087350456468255 0.8347424545245361
-0.710574736770942 0.16764268879196112 0.8313862580452299
-0.6860721596409094 0.17441187301923972 0.8280300615659238
-0.6615695825108769 0.18118105724651828 0.8246738650866178
-0.6370670053808446 0.18795024147379683 0.8213176686073116
-0.6125644282508119 0.19471942570107542 0.8179614721280055
-0.5880618511207796 0.20148860992835396 0.8146052756486994
-0.563559273990747 0.20825779415563256 0.8112490791693933
-0.5390566968607146 0.21502697838291113 0.8078928826900872
-0.5145541197306822 0.22179616261018967 0.8045366862107811
-0.49005154260064954 0.22856534683746826 0.8011804897314749
-0.4655489654706172 0.23533453106474683 0.7978242932521689
-0.4410463883405847 0.2421037152920254 0.7944680967728628
-0.4165438112105522 0.24887289951930397 0.7911119002935567
-0.39204123408051966 0.25564208374658254 0.7877557038142505
-0.36753865695048715 0.2624112679738611 0.7843995073349445
-0.34303607982045475 0.2691804522011397 0.7810433108556384
-0.3185335026904223 0.27594963642841824 0.7776871143763322
-0.2940309255603898 0.2827188206556968 0.7743309178970261
-0.2695283484303573 0.2894880048829754 0.77097472141772
-0.24502577130032477 0.29625718911025395 0.7676185249384139
-0.2205231941702924 0.3030263733375325 0.7642623284591078
-0.1960206170402599 0.3097955575648111 0.7609061319798017
-0.17151803991022738 0.31656474179208965 0.7575499355004955
-0.1470154627801949 0.3233339260193682 0.7541937390211895
-0.12251288565016238 0.3301031102466468 0.7508375425418834
-0.09801030852013 0.33687229447392536 0.7474813460625773
-0.0735077313900975 0.34364147870120393 0.7441251495832711
-0.049005154260065 0.3504106629284825 0.7407689531039651
-0.0245025771300325 0.35717984715576107 0.737412756624659
0.0 0.3639490313830397 0.7340565601453528
-0.9556005080712667 0.10928287296489442 0.8837701859189412
-0.9310979309412343 0.11605205719217299 0.880413989439635
-0.9065953538112017 0.12282124141945155 0.8770577929603289
-0.8820927766811694 0.12959042564673012 0.8737015964810229
-0.8575901995511368 0.1363596098740087 0.8703454000017167
-0.8330876224211043 0.14312879410128726 0.8669892035224106
-0.8085850452910719 0.14989797832856583 0.8636330070431045
-0.7840824681610393 0.15666716255584442 0.8602768105637983
-0.759579891031007 0.16343634678312297 0.8569206140844923
-0.7350773139009744 0.17020553101040153 0.8535644176051862
-0.710574736770942 0.1769747152376801 0.85020822112588
-0.6860721596409094 0.1837438994649587 0.8468520246465739
-0.6615695825108769 0.19051308369223727 0.8434958281672679
-0.6370670053808446 0.1972822679195158 0.8401396316879618
-0.6125644282508119 0.2040514521467944 0.8367834352086556
-0.5880618511207796 0.21082063637407294 0.8334272387293495
-0.563559273990747 0.21758982060135154 0.8300710422500435
-0.5390566968607146 0.2243590048286301 0.8267148457707373
-0.5145541197306822 0.23112818905590865 0.8233586492914312
-0.49005154260064954 0.23789737328318725 0.8200024528121251
-0.4655489654706172 0.24466655751046582 0.816646256332819
-0.4410463883405847 0.2514357417377444 0.8132900598535129
-0.4165438112105522 0.258204925965023 0.8099338633742068
-0.39204123408051966 0.26497411019230155 0.8065776668949006
-0.36753865695048715 0.2717432944195801 0.8032214704155946
-0.34303607982045475 0.27851247864685863 0.7998652739362885
-0.3185335026904223 0.28528166287413725 0.7965090774569823
-0.2940309255603898 0.2920508471014158 0.7931528809776762
-0.2695283484303573 0.2988200313286944 0.7897966844983701
-0.24502577130032477 0.30558921555597296 0.786440488019064
-0.2205231941702924 0.31235839978325153 0.7830842915397579
-0.1960206170402599 0.3191275840105301 0.7797280950604518
-0.17151803991022738 0.32589676823780866 0.7763718985811456
-0.1470154627801949 0.33266595246508723 0.7730157021018396
-0.12251288565016238 0.3394351366923658 0.7696595056225335
-0.09801030852013 0.34620432091964437 0.7663033091432274
-0.0735077313900975 0.35297350514692294 0.7629471126639212
-0.049005154260065 0.3597426893742015 0.7595909161846152
-0.0245025771300325 0.3665118736014801 0.7562347197053091
0.0 0.37328105782875864 0.7528785232260029
-0.9556005080712667 0.11861489941061334 0.9025921489995912
-0.9310979309412343 0.1253840836378919 0.899235952520285
-0.9065953538112017 0.13215326786517048 0.8958797560409789
-0.8820927766811694 0.13892245209244905 0.8925235595616728
-0.8575901995511368 0.14569163631972762 0.8891673630823667
-0.8330876224211043 0.1524608205470062 0.8858111666030606
-0.8085850452910719 0.15923000477428476 0.8824549701237545
-0.7840824681610393 0.16599918900156335 0.8790987736444483
-0.759579891031007 0.1727683732288419 0.8757425771651423
-0.7350773139009744 0.17953755745612046 0.8723863806858362
-0.710574736770942 0.18630674168339903 0.8690301842065301
-0.6860721596409094 0.19307592591067763 0.8656739877272239
-0.6615695825108769 0.1998451101379562 0.8623177912479179
-0.6370670053808446 0.20661429436523474 0.8589615947686118
-0.6125644282508119 0.21338347859251333 0.8556053982893056
-0.5880618511207796 0.22015266281979187 0.8522492018099995
-0.563559273990747 0.22692184704707047 0.8488930053306935
-0.5390566968607146 0.23369103127434904 0.8455368088513873
-0.5145541197306822 0.24046021550162758 0.8421806123720812
-0.49005154260064954 0.24722939972890617 0.8388244158927751
-0.4655489654706172 0.25399858395618474 0.8354682194134689
-0.4410463883405847 0.2607677681834633 0.8321120229341629
-0.4165438112105522 0.2675369524107419 0.8287558264548568
-0.39204123408051966 0.27430613663802045 0.8253996299755506
-0.36753865695048715 0.281075320865299 0.8220434334962445
-0.34303607982045475 0.2878445050925776 0.8186872370169385
-0.3185335026904223 0.29461368931985615 0.8153310405376324
-0.2940309255603898 0.3013828735471347 0.8119748440583262
-0.2695283484303573 0.3081520577744133 0.8086186475790201
-0.24502577130032477 0.31492124200169186 0.8052624510997141
-0.2205231941702924 0.3216904262289704 0.8019062546204079
-0.1960206170402599 0.328459610456249 0.7985500581411018
-0.17151803991022738 0.33522879468352756 0.7951938616617957
-0.1470154627801949 0.34199797891080613 0.7918376651824895
-0.12251288565016238 0.3487671631380847 0.7884814687031835
-0.09801030852013 0.35553634736536327 0.7851252722238774
-0.0735077313900975 0.36230553159264184 0.7817690757445712
-0.049005154260065 0.3690747158199204 0.7784128792652651
-0.0245025771300325 0.375843900047199 0.7750566827859591
0.0 0.3826130842744776 0.7717004863066529
-0.9556005080712667 0.12794692585633233 0.9214141120802413
-0.9310979309412343 0.1347161100836109 0.9180579156009352
-0.9065953538112017 0.14148529431088946 0.914701719121629
-0.8820927766811694 0.14825447853816803 0.9113455226423229
-0.8575901995511368 0.1550236627654466 0.9079893261630169
-0.8330876224211043 0.16179284699272517 0.9046331296837107
-0.8085850452910719 0.16856203122000374 0.9012769332044046
-0.7840824681610393 0.17533121544728233 0.8979207367250985
-0.759579891031007 0.18210039967456088 0.8945645402457924
-0.7350773139009744 0.18886958390183944 0.8912083437664863
-0.710574736770942 0.195638768129118 0.8878521472871802
-0.6860721596409094 0.2024079523563966 0.884495950807874
-0.6615695825108769 0.20917713658367518 0.881139754328568
-0.6370670053808446 0.21594632081095372 0.8777835578492619
-0.6125644282508119 0.22271550503823231 0.8744273613699557
-0.5880618511207796 0.22948468926551086 0.8710711648906496
-0.563559273990747 0.23625387349278945 0.8677149684113435
-0.5390566968607146 0.24302305772006802 0.8643587719320374
-0.5145541197306822 0.24979224194734656 0.8610025754527313
-0.49005154260064954 0.2565614261746252 0.8576463789734252
-0.4655489654706172 0.26333061040190375 0.8542901824941191
-0.4410463883405847 0.2700997946291823 0.850933986014813
-0.4165438112105522 0.2768689788564609 0.8475777895355069
-0.39204123408051966 0.28363816308373946 0.8442215930562008
-0.36753865695048715 0.290407347311018 0.8408653965768946
-0.34303607982045475 0.29717653153829654 0.8375092000975886
-0.3185335026904223 0.30394571576557516 0.8341530036182825
-0.2940309255603898 0.31071489999285373 0.8307968071389763
-0.2695283484303573 0.3174840842201323 0.8274406106596702
-0.24502577130032477 0.32425326844741087 0.8240844141803642
-0.2205231941702924 0.33102245267468944 0.820728217701058
-0.1960206170402599 0.337791636901968 0.8173720212217519
-0.17151803991022738 0.3445608211292466 0.8140158247424458
-0.1470154627801949 0.35133000535652514 0.8106596282631396
-0.12251288565016238 0.3580991895838037 0.8073034317838336
-0.09801030852013 0.3648683738110823 0.8039472353045275
-0.0735077313900975 0.37163755803836085 0.8005910388252214
-0.049005154260065 0.3784067422656394 0.7972348423459152
-0.0245025771300325 0.385175926492918 0.7938786458666092
0.0 0.39194511072019655 0.7905224493873031
-0.9556005080712667 0.1372789523020513 0.9402360751608914
-0.9310979309412343 0.14404813652932988 0.9368798786815853
-0.9065953538112017 0.15081732075660845 0.9335236822022791
-0.8820927766811694 0.15758650498388702 0.930167485722973
-0.8575901995511368 0.16435568921116558 0.926811289243667
-0.8330876224211043 0.17112487343844415 0.9234550927643608
-0.8085850452910719 0.17789405766572272 0.9200988962850547
-0.7840824681610393 0.18466324189300132 0.9167426998057486
-0.759579891031007 0.19143242612027986 0.9133865033264424
-0.7350773139009744 0.19820161034755843 0.9100303068471364
-0.710574736770942 0.204970794574837 0.9066741103678303
-0.6860721596409094 0.2117399788021156 0.9033179138885241
-0.6615695825108769 0.21850916302939416 0.899961717409218
-0.6370670053808446 0.2252783472566727 0.896605520929912
-0.6125644282508119 0.2320475314839513 0.8932493244506058
-0.5880618511207796 0.23881671571122984 0.8898931279712997
-0.563559273990747 0.24558589993850843 0.8865369314919936
-0.5390566968607146 0.252355084165787 0.8831807350126875
-0.5145541197306822 0.25912426839306557 0.8798245385333814
-0.49005154260064954 0.26589345262034414 0.8764683420540753
-0.4655489654706172 0.2726626368476227 0.8731121455747692
-0.4410463883405847 0.2794318210749013 0.869755949095463
-0.4165438112105522 0.28620100530217985 0.866399752616157
-0.39204123408051966 0.2929701895294584 0.8630435561368509
-0.36753865695048715 0.299739373756737 0.8596873596575447
-0.34303607982045475 0.30650855798401555 0.8563311631782387
-0.3185335026904223 0.3132777422112941 0.8529749666989326
-0.2940309255603898 0.3200469264385727 0.8496187702196264
-0.2695283484303573 0.32681611066585126 0.8462625737403203
-0.24502577130032477 0.3335852948931298 0.8429063772610143
-0.2205231941702924 0.3403544791204084 0.8395501807817081
-0.1960206170402599 0.34712366334768696 0.836193984302402
-0.17151803991022738 0.35389284757496553 0.8328377878230959
-0.1470154627801949 0.3606620318022441 0.8294815913437897
-0.12251288565016238 0.36743121602952267 0.8261253948644837
-0.09801030852013 0.37420040025680124 0.8227691983851776
-0.0735077313900975 0.3809695844840798 0.8194130019058715
-0.049005154260065 0.3877387687113584 0.8160568054265653
-0.0245025771300325 0.39450795293863694 0.8127006089472593
0.0 0.40127713716591557 0.8093444124679532
-0.9556005080712667 0.14661097874777024 0.9590580382415413
-0.9310979309412343 0.1533801629750488 0.9557018417622353
-0.9065953538112017 0.16014934720232737 0.9523456452829291
-0.8820927766811694 0.16691853142960594 0.948989448803623
-0.8575901995511368 0.1736877156568845 0.9456332523243169
-0.8330876224211043 0.18045689988416308 0.9422770558450109
-0.8085850452910719 0.18722608411144165 0.9389208593657047
-0.7840824681610393 0.19399526833872024 0.9355646628863986
-0.759579891031007 0.20076445256599879 0.9322084664070925
-0.7350773139009744 0.20753363679327735 0.9288522699277864
-0.710574736770942 0.21430282102055592 0.9254960734484803
-0.6860721596409094 0.22107200524783452 0.9221398769691742
-0.6615695825108769 0.2278411894751131 0.918783680489868
-0.6370670053808446 0.23461037370239163 0.915427484010562
-0.6125644282508119 0.24137955792967022 0.9120712875312559
-0.5880618511207796 0.24814874215694877 0.9087150910519497
-0.563559273990747 0.2549179263842274 0.9053588945726436
-0.5390566968607146 0.26168711061150596 0.9020026980933376
-0.5145541197306822 0.26845629483878447 0.8986465016140315
-0.49005154260064954 0.2752254790660631 0.8952903051347253
-0.4655489654706172 0.28199466329334166 0.8919341086554192
-0.4410463883405847 0.28876384752062023 0.888577912176113
-0.4165438112105522 0.2955330317478988 0.885221715696807
-0.39204123408051966 0.30230221597517737 0.8818655192175009
-0.36753865695048715 0.30907140020245594 0.8785093227381947
-0.34303607982045475 0.31584058442973445 0.8751531262588886
-0.3185335026904223 0.3226097686570131 0.8717969297795826
-0.2940309255603898 0.32937895288429164 0.8684407333002765
-0.2695283484303573 0.3361481371115702 0.8650845368209703
-0.24502577130032477 0.3429173213388488 0.8617283403416642
-0.2205231941702924 0.34968650556612735 0.8583721438623582
-0.1960206170402599 0.3564556897934059 0.855015947383052
-0.17151803991022738 0.3632248740206845 0.8516597509037459
-0.1470154627801949 0.36999405824796305 0.8483035544244398
-0.12251288565016238 0.3767632424752416 0.8449473579451336
-0.09801030852013 0.3835324267025202 0.8415911614658276
-0.0735077313900975 0.39030161092979876 0.8382349649865215
-0.049005154260065 0.3970707951570773 0.8348787685072153
-0.0245025771300325 0.4038399793843559 0.8315225720279092
0.0 0.41060916361163446 0.8281663755486032
-0.9556005080712667 0.15594300519348922 0.9778800013221914
-0.9310979309412343 0.1627121894207678 0.9745238048428854
-0.9065953538112017 0.16948137364804636 0.9711676083635792
-0.8820927766811694 0.17625055787532493 0.9678114118842731
-0.8575901995511368 0.1830197421026035 0.964455215404967
-0.8330876224211043 0.18978892632988206 0.961099018925661
-0.8085850452910719 0.19655811055716063 0.9577428224463548
-0.7840824681610393 0.20332729478443923 0.9543866259670487
-0.759579891031007 0.21009647901171777 0.9510304294877426
-0.7350773139009744 0.21686566323899634 0.9476742330084365
-0.710574736770942 0.2236348474662749 0.9443180365291304
-0.6860721596409094 0.2304040316935535 0.9409618400498243
-0.6615695825108769 0.23717321592083207 0.9376056435705181
-0.6370670053808446 0.2439424001481106 0.934249447091212
-0.6125644282508119 0.2507115843753892 0.930893250611906
-0.5880618511207796 0.2574807686026678 0.9275370541325998
-0.563559273990747 0.26424995282994634 0.9241808576532937
-0.5390566968607146 0.2710191370572249 0.9208246611739876
-0.5145541197306822 0.2777883212845035 0.9174684646946816
-0.49005154260064954 0.28455750551178205 0.9141122682153754
-0.4655489654706172 0.2913266897390606 0.9107560717360693
-0.4410463883405847 0.2980958739663392 0.9073998752567632
-0.4165438112105522 0.30486505819361776 0.9040436787774571
-0.39204123408051966 0.3116342424208963 0.900687482298151
-0.36753865695048715 0.3184034266481749 0.8973312858188449
-0.34303607982045475 0.32517261087545346 0.8939750893395387
-0.3185335026904223 0.33194179510273203 0.8906188928602327
-0.2940309255603898 0.3387109793300106 0.8872626963809266
-0.2695283484303573 0.34548016355728917 0.8839064999016204
-0.24502577130032477 0.35224934778456773 0.8805503034223143
-0.2205231941702924 0.3590185320118463 0.8771941069430083
-0.1960206170402599 0.36578771623912487 0.8738379104637021
-0.17151803991022738 0.37255690046640344 0.870481713984396
-0.1470154627801949 0.379326084693682 0.8671255175050899
-0.12251288565016238 0.3860952689209606 0.8637693210257837
-0.09801030852013 0.39286445314823915 0.8604131245464777
-0.0735077313900975 0.3996336373755177 0.8570569280671716
-0.049005154260065 0.4064028216027963 0.8537007315878655
-0.0245025771300325 0.41317200583007485 0.8503445351085593
0.0 0.4199411900573535 0.8469883386292533
-0.9556005080712667 0.1652750316392082 0.9967019644028415
-0.9310979309412343 0.17204421586648677 0.9933457679235355
-0.9065953538112017 0.17881340009376534 0.9899895714442294
-0.8820927766811694 0.1855825843210439 0.9866333749649232
-0.8575901995511368 0.19235176854832248 0.9832771784856171
-0.8330876224211043 0.19912095277560105 0.9799209820063111
-0.8085850452910719 0.20589013700287961 0.9765647855270049
-0.7840824681610393 0.2126593212301582 0.9732085890476988
-0.759579891031007 0.21942850545743675 0.9698523925683927
-0.7350773139009744 0.22619768968471532 0.9664961960890865
-0.710574736770942 0.2329668739119939 0.9631399996097805
-0.6860721596409094 0.23973605813927248 0.9597838031304744
-0.6615695825108769 0.24650524236655105 0.9564276066511682
-0.6370670053808446 0.2532744265938296 0.9530714101718621
-0.6125644282508119 0.2600436108211082 0.9497152136925561
-0.5880618511207796 0.26681279504838673 0.94635901721325
-0.563559273990747 0.27358197927566535 0.9430028207339438
-0.5390566968607146 0.2803511635029439 0.9396466242546377
-0.5145541197306822 0.28712034773022244 0.9362904277753317
-0.49005154260064954 0.29388953195750106 0.9329342312960255
-0.4655489654706172 0.30065871618477963 0.9295780348167194
-0.4410463883405847 0.3074279004120582 0.9262218383374133
-0.4165438112105522 0.31419708463933677 0.9228656418581072
-0.39204123408051966 0.32096626886661533 0.9195094453788011
-0.36753865695048715 0.3277354530938939 0.916153248899495
-0.34303607982045475 0.3345046373211724 0.9127970524201888
-0.3185335026904223 0.34127382154845104 0.9094408559408828
-0.2940309255603898 0.3480430057757296 0.9060846594615767
-0.2695283484303573 0.3548121900030082 0.9027284629822705
-0.24502577130032477 0.36158137423028675 0.8993722665029644
-0.2205231941702924 0.3683505584575653 0.8960160700236584
-0.1960206170402599 0.3751197426848439 0.8926598735443522
-0.17151803991022738 0.38188892691212245 0.8893036770650461
-0.1470154627801949 0.388658111139401 0.88594748058574
-0.12251288565016238 0.3954272953666796 0.8825912841064338
-0.09801030852013 0.40219647959395816 0.8792350876271278
-0.0735077313900975 0.4089656638212367 0.8758788911478217
-0.049005154260065 0.4157348480485153 0.8725226946685156
-0.0245025771300325 0.42250403227579386 0.8691664981892094
0.0 0.42927321650307243 0.8658103017099034
-0.9556005080712667 0.17460705808492713 1.0155239274834915
-0.9310979309412343 0.1813762423122057 1.0121677310041854
-0.9065953538112017 0.18814542653948427 1.0088115345248794
-0.8820927766811694 0.19491461076676284 1.0054553380455733
-0.8575901995511368 0.2016837949940414 1.0020991415662672
-0.8330876224211043 0.20845297922131997 0.998742945086961
-0.8085850452910719 0.21522216344859854 0.9953867486076549
-0.7840824681610393 0.22199134767587714 0.9920305521283488
-0.759579891031007 0.22876053190315568 0.9886743556490427
-0.7350773139009744 0.23552971613043425 0.9853181591697366
-0.710574736770942 0.24229890035771282 0.9819619626904305
-0.6860721596409094 0.2490680845849914 0.9786057662111244
-0.6615695825108769 0.25583726881227 0.9752495697318183
-0.6370670053808446 0.26260645303954855 0.9718933732525121
-0.6125644282508119 0.2693756372668271 0.968537176773206
-0.5880618511207796 0.2761448214941057 0.9651809802939
-0.563559273990747 0.28291400572138425 0.9618247838145938
-0.5390566968607146 0.2896831899486628 0.9584685873352877
-0.5145541197306822 0.2964523741759414 0.9551123908559817
-0.49005154260064954 0.30322155840321996 0.9517561943766755
-0.4655489654706172 0.30999074263049853 0.9483999978973694
-0.4410463883405847 0.3167599268577771 0.9450438014180633
-0.4165438112105522 0.32352911108505567 0.9416876049387571
-0.39204123408051966 0.33029829531233423 0.9383314084594511
-0.36753865695048715 0.3370674795396128 0.934975211980145
-0.34303607982045475 0.34383666376689137 0.9316190155008389
-0.3185335026904223 0.35060584799416994 0.9282628190215327
-0.2940309255603898 0.3573750322214485 0.9249066225422267
-0.2695283484303573 0.3641442164487271 0.9215504260629206
-0.24502577130032477 0.37091340067600564 0.9181942295836144
-0.2205231941702924 0.3776825849032842 0.9148380331043083
-0.1960206170402599 0.3844517691305628 0.9114818366250023
-0.17151803991022738 0.39122095335784135 0.9081256401456961
-0.1470154627801949 0.3979901375851199 0.90476944366639
-0.12251288565016238 0.40475932181239854 0.9014132471870839
-0.09801030852013 0.41152850603967706 0.8980570507077777
-0.0735077313900975 0.4182976902669556 0.8947008542284717
-0.049005154260065 0.4250668744942342 0.8913446577491656
-0.0245025771300325 0.4318360587215128 0.8879884612698594
0.0 0.4386052429487914 0.8846322647905533
-0.9556005080712667 0.18393908453064606 1.0343458905641416
-0.9310979309412343 0.19070826875792463 1.0309896940848355
-0.9065953538112017 0.1974774529852032 1.0276334976055292
-0.8820927766811694 0.20424663721248176 1.0242773011262232
-0.8575901995511368 0.21101582143976033 1.020921104646917
-0.8330876224211043 0.2177850056670389 1.017564908167611
-0.8085850452910719 0.22455418989431747 1.014208711688305
-0.7840824681610393 0.23132337412159606 1.0108525152089989
-0.759579891031007 0.2380925583488746 1.0074963187296928
-0.7350773139009744 0.24486174257615317 1.0041401222503865
-0.710574736770942 0.25163092680343174 1.0007839257710804
-0.6860721596409094 0.25840011103071037 0.9974277292917744
-0.6615695825108769 0.26516929525798894 0.9940715328124683
-0.6370670053808446 0.27193847948526745 0.9907153363331622
-0.6125644282508119 0.27870766371254607 0.987359139853856
-0.5880618511207796 0.2854768479398246 0.98400294337455
-0.563559273990747 0.2922460321671032 0.9806467468952439
-0.5390566968607146 0.2990152163943818 0.9772905504159377
-0.5145541197306822 0.3057844006216603 0.9739343539366316
-0.49005154260064954 0.3125535848489389 0.9705781574573256
-0.4655489654706172 0.3193227690762175 0.9672219609780194
-0.4410463883405847 0.32609195330349605 0.9638657644987133
-0.4165438112105522 0.3328611375307746 0.9605095680194072
-0.39204123408051966 0.3396303217580532 0.957153371540101
-0.36753865695048715 0.34639950598533176 0.953797175060795
-0.34303607982045475 0.35316869021261027 0.9504409785814889
-0.3185335026904223 0.3599378744398889 0.9470847821021827
-0.2940309255603898 0.36670705866716746 0.9437285856228766
-0.2695283484303573 0.37347624289444603 0.9403723891435706
-0.24502577130032477 0.3802454271217246 0.9370161926642644
-0.2205231941702924 0.38701461134900317 0.9336599961849583
-0.1960206170402599 0.39378379557628174 0.9303037997056522
-0.17151803991022738 0.4005529798035603 0.9269476032263461
-0.1470154627801949 0.4073221640308389 0.92359140674704
-0.12251288565016238 0.41409134825811744 0.9202352102677339
-0.09801030852013 0.420860532485396 0.9168790137884278
-0.0735077313900975 0.4276297167126746 0.9135228173091217
-0.049005154260065 0.43439890093995315 0.9101666208298156
-0.0245025771300325 0.4411680851672317 0.9068104243505095
0.0 0.4479372693945103 0.9034542278712033
-0.9556005080712667 0.1932711109763651 1.0531678536447917
-0.9310979309412343 0.20004029520364366 1.0498116571654856
-0.9065953538112017 0.20680947943092223 1.0464554606861796
-0.8820927766811694 0.2135786636582008 1.0430992642068735
-0.8575901995511368 0.22034784788547937 1.0397430677275674
-0.8330876224211043 0.22711703211275794 1.0363868712482611
-0.8085850452910719 0.2338862163400365 1.033030674768955
-0.7840824681610393 0.2406554005673151 1.029674478289649
-0.759579891031007 0.24742458479459364 1.026318281810343
-0.7350773139009744 0.25419376902187224 1.0229620853310368
-0.710574736770942 0.2609629532491508 1.0196058888517308
-0.6860721596409094 0.2677321374764294 1.0162496923724245
-0.6615695825108769 0.27450132170370795 1.0128934958931184
-0.6370670053808446 0.2812705059309865 1.0095372994138123
-0.6125644282508119 0.2880396901582651 1.0061811029345062
-0.5880618511207796 0.29480887438554365 1.0028249064552002
-0.563559273990747 0.3015780586128222 0.999468709975894
-0.5390566968607146 0.3083472428401008 0.9961125134965879
-0.5145541197306822 0.31511642706737936 0.9927563170172818
-0.49005154260064954 0.3218856112946579 0.9894001205379757
-0.4655489654706172 0.3286547955219365 0.9860439240586696
-0.4410463883405847 0.33542397974921506 0.9826877275793635
-0.4165438112105522 0.34219316397649363 0.9793315311000574
-0.39204123408051966 0.3489623482037722 0.9759753346207513
-0.36753865695048715 0.35573153243105077 0.9726191381414452
-0.34303607982045475 0.36250071665832934 0.9692629416621391
-0.3185335026904223 0.3692699008856079 0.9659067451828329
-0.2940309255603898 0.3760390851128865 0.9625505487035269
-0.2695283484303573 0.38280826934016504 0.9591943522242208
-0.24502577130032477 0.3895774535674436 0.9558381557449146
-0.2205231941702924 0.3963466377947222 0.9524819592656085
-0.1960206170402599 0.40311582202200075 0.9491257627863025
-0.17151803991022738 0.4098850062492793 0.9457695663069963
-0.1470154627801949 0.4166541904765579 0.9424133698276902
-0.12251288565016238 0.42342337470383645 0.9390571733483841
-0.09801030852013 0.430192558931115 0.935700976869078
-0.0735077313900975 0.4369617431583936 0.9323447803897719
-0.049005154260065 0.44373092738567216 0.9289885839104658
-0.0245025771300325 0.4505001116129507 0.9256323874311597
0.0 0.45726929584022935 0.9222761909518535
-0.9556005080712667 0.20260313742208402 1.0719898167254418
-0.9310979309412343 0.2093723216493626 1.0686336202461357
-0.9065953538112017 0.21614150587664116 1.0652774237668297
-0.8820927766811694 0.22291069010391973 1.0619212272875234
-0.8575901995511368 0.2296798743311983 1.0585650308082173
-0.8330876224211043 0.23644905855847687 1.0552088343289112
-0.8085850452910719 0.24321824278575543 1.0518526378496051
-0.7840824681610393 0.24998742701303403 1.048496441370299
-0.759579891031007 0.25675661124031257 1.045140244890993
-0.7350773139009744 0.26352579546759114 1.0417840484116867
-0.710574736770942 0.2702949796948697 1.0384278519323806
-0.6860721596409094 0.27706416392214833 1.0350716554530746
-0.6615695825108769 0.2838333481494269 1.0317154589737685
-0.6370670053808446 0.2906025323767054 1.0283592624944624
-0.6125644282508119 0.29737171660398404 1.0250030660151563
-0.5880618511207796 0.30414090083126255 1.0216468695358503
-0.563559273990747 0.3109100850585412 1.018290673056544
-0.5390566968607146 0.31767926928581974 1.014934476577238
-0.5145541197306822 0.32444845351309826 1.0115782800979318
-0.49005154260064954 0.3312176377403769 1.0082220836186258
-0.4655489654706172 0.33798682196765545 1.0048658871393197
-0.4410463883405847 0.344756006194934 1.0015096906600136
-0.4165438112105522 0.3515251904222126 0.9981534941807074
-0.39204123408051966 0.35829437464949115 0.9947972977014012
-0.36753865695048715 0.3650635588767697 0.9914411012220952
-0.34303607982045475 0.37183274310404824 0.9880849047427891
-0.3185335026904223 0.37860192733132686 0.984728708263483
-0.2940309255603898 0.38537111155860543 0.9813725117841768
-0.2695283484303573 0.392140295785884 0.9780163153048708
-0.24502577130032477 0.39890948001316257 0.9746601188255647
-0.2205231941702924 0.40567866424044113 0.9713039223462585
-0.1960206170402599 0.4124478484677197 0.9679477258669524
-0.17151803991022738 0.41921703269499827 0.9645915293876464
-0.1470154627801949 0.42598621692227684 0.9612353329083402
-0.12251288565016238 0.4327554011495554 0.9578791364290341
-0.09801030852013 0.439524585376834 0.954522939949728
-0.0735077313900975 0.44629376960411254 0.9511667434704218
-0.049005154260065 0.4530629538313911 0.9478105469911158
-0.0245025771300325 0.4598321380586697 0.9444543505118097
0.0 0.46660132228594825 0.9410981540325035
-0.9556005080712667 0.21193516386780306 1.090811779806092
-0.9310979309412343 0.21870434809508163 1.0874555833267858
-0.9065953538112017 0.2254735323223602 1.0840993868474798
-0.8820927766811694 0.23224271654963877 1.0807431903681737
-0.8575901995511368 0.23901190077691734 1.0773869938888676
-0.8330876224211043 0.2457810850041959 1.0740307974095615
-0.8085850452910719 0.2525502692314745 1.0706746009302552
-0.7840824681610393 0.25931945345875307 1.0673184044509492
-0.759579891031007 0.26608863768603164 1.063962207971643
-0.7350773139009744 0.2728578219133102 1.060606011492337
-0.710574736770942 0.2796270061405888 1.057249815013031
-0.6860721596409094 0.28639619036786734 1.0538936185337249
-0.6615695825108769 0.2931653745951459 1.0505374220544186
-0.6370670053808446 0.2999345588224245 1.0471812255751125
-0.6125644282508119 0.30670374304970305 1.0438250290958064
-0.5880618511207796 0.3134729272769816 1.0404688326165004
-0.563559273990747 0.3202421115042602 1.0371126361371943
-0.5390566968607146 0.32701129573153875 1.0337564396578882
-0.5145541197306822 0.3337804799588173 1.0304002431785821
-0.49005154260064954 0.3405496641860959 1.0270440466992758
-0.4655489654706172 0.34731884841337446 1.0236878502199698
-0.4410463883405847 0.354088032640653 1.0203316537406637
-0.4165438112105522 0.3608572168679316 1.0169754572613576
-0.39204123408051966 0.36762640109521016 1.0136192607820516
-0.36753865695048715 0.37439558532248873 1.0102630643027455
-0.34303607982045475 0.3811647695497673 1.0069068678234392
-0.3185335026904223 0.38793395377704587 1.0035506713441331
-0.2940309255603898 0.39470313800432444 1.000194474864827
-0.2695283484303573 0.401472322231603 0.996838278385521
-0.24502577130032477 0.4082415064588816 0.9934820819062149
-0.2205231941702924 0.41501069068616014 0.9901258854269087
-0.1960206170402599 0.4217798749134387 0.9867696889476026
-0.17151803991022738 0.4285490591407173 0.9834134924682966
-0.1470154627801949 0.43531824336799585 0.9800572959889904
-0.12251288565016238 0.4420874275952744 0.9767010995096843
-0.09801030852013 0.448856611822553 0.9733449030303782
-0.0735077313900975 0.45562579604983156 0.969988706551072
-0.049005154260065 0.4623949802771101 0.966632510071766
-0.0245025771300325 0.4691641645043887 0.9632763135924599
0.0 0.4759333487316673 0.9599201171131537
-0.9556005080712667 0.221267190313522 1.109633742886742
-0.9310979309412343 0.22803637454080056 1.106277546407436
-0.9065953538112017 0.23480555876807913 1.1029213499281298
-0.8820927766811694 0.2415747429953577 1.0995651534488236
-0.8575901995511368 0.24834392722263626 1.0962089569695175
-0.8330876224211043 0.25511311144991483 1.0928527604902114
-0.8085850452910719 0.2618822956771934 1.0894965640109053
-0.7840824681610393 0.268651479904472 1.0861403675315993
-0.759579891031007 0.27542066413175054 1.0827841710522932
-0.7350773139009744 0.2821898483590291 1.0794279745729871
-0.710574736770942 0.2889590325863077 1.0760717780936808
-0.6860721596409094 0.2957282168135863 1.0727155816143747
-0.6615695825108769 0.30249740104086487 1.0693593851350687
-0.6370670053808446 0.3092665852681434 1.0660031886557626
-0.6125644282508119 0.316035769495422 1.0626469921764565
-0.5880618511207796 0.3228049537227005 1.0592907956971505
-0.563559273990747 0.32957413794997914 1.0559345992178442
-0.5390566968607146 0.3363433221772577 1.052578402738538
-0.5145541197306822 0.3431125064045362 1.049222206259232
-0.49005154260064954 0.34988169063181485 1.045866009779926
-0.4655489654706172 0.3566508748590934 1.0425098133006199
-0.4410463883405847 0.363420059086372 1.0391536168213138
-0.4165438112105522 0.37018924331365055 1.0357974203420075
-0.39204123408051966 0.3769584275409291 1.0324412238627014
-0.36753865695048715 0.3837276117682077 1.0290850273833954
-0.34303607982045475 0.3904967959954862 1.0257288309040893
-0.3185335026904223 0.3972659802227648 1.0223726344247832
-0.2940309255603898 0.4040351644500434 1.0190164379454771
-0.2695283484303573 0.41080434867732196 1.015660241466171
-0.24502577130032477 0.41757353290460053 1.0123040449868648
-0.2205231941702924 0.4243427171318791 1.0089478485075587
-0.1960206170402599 0.43111190135915767 1.0055916520282526
-0.17151803991022738 0.43788108558643624 1.0022354555489466
-0.1470154627801949 0.4446502698137148 0.9988792590696404
-0.12251288565016238 0.4514194540409934 0.9955230625903343
-0.09801030852013 0.45818863826827194 0.9921668661110282
-0.0735077313900975 0.4649578224955505 0.9888106696317222
-0.049005154260065 0.4717270067228291 0.985454473152416
-0.0245025771300325 0.47849619095010765 0.9820982766731099
0.0 0.4852653751773862 0.9787420801938038
-0.9556005080712667 0.23059921675924092 1.128455705967392
-0.9310979309412343 0.23736840098651948 1.1250995094880858
-0.9065953538112017 0.24413758521379805 1.1217433130087797
-0.8820927766811694 0.25090676944107665 1.1183871165294736
-0.8575901995511368 0.2576759536683552 1.1150309200501676
-0.8330876224211043 0.2644451378956338 1.1116747235708615
-0.8085850452910719 0.27121432212291235 1.1083185270915554
-0.7840824681610393 0.2779835063501909 1.1049623306122491
-0.759579891031007 0.2847526905774695 1.101606134132943
-0.7350773139009744 0.29152187480474806 1.098249937653637
-0.710574736770942 0.29829105903202663 1.094893741174331
-0.6860721596409094 0.3050602432593052 1.0915375446950248
-0.6615695825108769 0.31182942748658377 1.0881813482157188
-0.6370670053808446 0.31859861171386233 1.0848251517364127
-0.6125644282508119 0.3253677959411409 1.0814689552571064
-0.5880618511207796 0.33213698016841947 1.0781127587778003
-0.563559273990747 0.33890616439569804 1.0747565622984943
-0.5390566968607146 0.3456753486229766 1.0714003658191882
-0.5145541197306822 0.3524445328502552 1.068044169339882
-0.49005154260064954 0.35921371707753375 1.064687972860576
-0.4655489654706172 0.3659829013048123 1.0613317763812697
-0.4410463883405847 0.3727520855320909 1.0579755799019637
-0.4165438112105522 0.37952126975936945 1.0546193834226576
-0.39204123408051966 0.386290453986648 1.0512631869433515
-0.36753865695048715 0.3930596382139266 1.0479069904640455
-0.34303607982045475 0.39982882244120516 1.0445507939847394
-0.3185335026904223 0.4065980066684837 1.041194597505433
-0.2940309255603898 0.4133671908957623 1.037838401026127
-0.2695283484303573 0.42013637512304086 1.034482204546821
-0.24502577130032477 0.42690555935031943 1.0311260080675149
-0.2205231941702924 0.433674743577598 1.0277698115882088
-0.1960206170402599 0.44044392780487657 1.0244136151089027
-0.17151803991022738 0.44721311203215514 1.0210574186295964
-0.1470154627801949 0.4539822962594337 1.0177012221502904
-0.12251288565016238 0.46075148048671233 1.0143450256709843
-0.09801030852013 0.46752066471399084 1.0109888291916782
-0.0735077313900975 0.4742898489412694 1.0076326327123721
-0.049005154260065 0.481059033168548 1.004276436233066
-0.0245025771300325 0.4878282173958266 1.00092023975376
0.0 0.49459740162310517 0.9975640432744538
-0.9556005080712667 0.23993124320495995 1.1472776690480422
-0.9310979309412343 0.24670042743223852 1.143921472568736
-0.9065953538112017 0.2534696116595171 1.14056527608943
-0.8820927766811694 0.26023879588679566 1.137209079610124
-0.8575901995511368 0.26700798011407423 1.1338528831308177
-0.8330876224211043 0.2737771643413528 1.1304966866515116
-0.8085850452910719 0.28054634856863137 1.1271404901722055
-0.7840824681610393 0.28731553279591 1.1237842936928994
-0.759579891031007 0.2940847170231885 1.1204280972135934
-0.7350773139009744 0.30085390125046707 1.1170719007342873
-0.710574736770942 0.30762308547774564 1.113715704254981
-0.6860721596409094 0.31439226970502426 1.110359507775675
-0.6615695825108769 0.32116145393230283 1.1070033112963689
-0.6370670053808446 0.32793063815958134 1.1036471148170628
-0.6125644282508119 0.33469982238685997 1.1002909183377567
-0.5880618511207796 0.3414690066141385 1.0969347218584506
-0.563559273990747 0.3482381908414171 1.0935785253791444
-0.5390566968607146 0.3550073750686957 1.0902223288998383
-0.5145541197306822 0.3617765592959742 1.0868661324205322
-0.49005154260064954 0.3685457435232528 1.0835099359412261
-0.4655489654706172 0.3753149277505314 1.08015373946192
-0.4410463883405847 0.38208411197780995 1.076797542982614
-0.4165438112105522 0.3888532962050885 1.073441346503308
-0.39204123408051966 0.3956224804323671 1.0700851500240016
-0.36753865695048715 0.40239166465964565 1.0667289535446955
-0.34303607982045475 0.40916084888692417 1.0633727570653895
-0.3185335026904223 0.4159300331142028 1.0600165605860834
-0.2940309255603898 0.42269921734148136 1.0566603641067773
-0.2695283484303573 0.4294684015687599 1.0533041676274713
-0.24502577130032477 0.4362375857960385 1.049947971148165
-0.2205231941702924 0.44300677002331706 1.0465917746688589
-0.1960206170402599 0.44977595425059563 1.0432355781895528
-0.17151803991022738 0.4565451384778742 1.0398793817102467
-0.1470154627801949 0.46331432270515277 1.0365231852309407
-0.12251288565016238 0.47008350693243134 1.0331669887516346
-0.09801030852013 0.4768526911597099 1.0298107922723285
-0.0735077313900975 0.4836218753869885 1.0264545957930222
-0.049005154260065 0.49039105961426704 1.0230983993137162
-0.0245025771300325 0.4971602438415456 1.01974220283441
0.0 0.5039294280688242 1.016386006355104
-0.9556005080712667 0.24926326965067888 1.1660996321286923
-0.9310979309412343 0.2560324538779575 1.162743435649386
-0.9065953538112017 0.26280163810523605 1.15938723917008
-0.8820927766811694 0.2695708223325146 1.1560310426907738
-0.8575901995511368 0.2763400065597932 1.1526748462114678
-0.8330876224211043 0.28310919078707175 1.1493186497321617
-0.8085850452910719 0.2898783750143503 1.1459624532528556
-0.7840824681610393 0.2966475592416289 1.1426062567735493
-0.759579891031007 0.30341674346890746 1.1392500602942432
-0.7350773139009744 0.310185927696186 1.1358938638149372
-0.710574736770942 0.3169551119234646 1.132537667335631
-0.6860721596409094 0.32372429615074316 1.129181470856325
-0.6615695825108769 0.33049348037802173 1.125825274377019
-0.6370670053808446 0.3372626646053003 1.1224690778977129
-0.6125644282508119 0.34403184883257887 1.1191128814184066
-0.5880618511207796 0.35080103305985744 1.1157566849391005
-0.563559273990747 0.357570217287136 1.1124004884597944
-0.5390566968607146 0.3643394015144146 1.1090442919804884
-0.5145541197306822 0.37110858574169314 1.1056880955011823
-0.49005154260064954 0.3778777699689717 1.1023318990218762
-0.4655489654706172 0.3846469541962503 1.09897570254257
-0.4410463883405847 0.39141613842352885 1.0956195060632639
-0.4165438112105522 0.3981853226508074 1.0922633095839578
-0.39204123408051966 0.404954506878086 1.0889071131046517
-0.36753865695048715 0.41172369110536455 1.0855509166253456
-0.34303607982045475 0.4184928753326431 1.0821947201460396
-0.3185335026904223 0.4252620595599217 1.0788385236667335
-0.2940309255603898 0.43203124378720026 1.0754823271874272
-0.2695283484303573 0.4388004280144788 1.0721261307081211
-0.24502577130032477 0.4455696122417574 1.068769934228815
-0.2205231941702924 0.45233879646903596 1.065413737749509
-0.1960206170402599 0.45910798069631453 1.062057541270203
-0.17151803991022738 0.4658771649235931 1.0587013447908968
-0.1470154627801949 0.47264634915087167 1.0553451483115905
-0.12251288565016238 0.47941553337815024 1.0519889518322845
-0.09801030852013 0.4861847176054288 1.0486327553529784
-0.0735077313900975 0.4929539018327074 1.0452765588736723
-0.049005154260065 0.49972308605998594 1.0419203623943663
-0.0245025771300325 0.5064922702872645 1.0385641659150602
0.0 0.5132614545145431 1.0352079694357539
-0.9556005080712667 0.2585952960963978 1.1849215952093421
-0.9310979309412343 0.2653644803236764 1.181565398730036
-0.9065953538112017 0.27213366455095495 1.17820920225073
-0.8820927766811694 0.2789028487782335 1.174853005771424
-0.8575901995511368 0.2856720330055121 1.1714968092921179
-0.8330876224211043 0.29244121723279065 1.1681406128128116
-0.8085850452910719 0.2992104014600692 1.1647844163335055
-0.7840824681610393 0.30597958568734784 1.1614282198541994
-0.759579891031007 0.31274876991462636 1.1580720233748933
-0.7350773139009744 0.3195179541419049 1.1547158268955873
-0.710574736770942 0.3262871383691835 1.1513596304162812
-0.6860721596409094 0.3330563225964621 1.148003433936975
-0.6615695825108769 0.3398255068237407 1.1446472374576688
-0.6370670053808446 0.3465946910510192 1.1412910409783628
-0.6125644282508119 0.3533638752782978 1.1379348444990567
-0.5880618511207796 0.36013305950557634 1.1345786480197506
-0.563559273990747 0.36690224373285496 1.1312224515404445
-0.5390566968607146 0.37367142796013353 1.1278662550611382
-0.5145541197306822 0.38044061218741204 1.1245100585818322
-0.49005154260064954 0.38720979641469067 1.121153862102526
-0.4655489654706172 0.39397898064196923 1.11779766562322
-0.4410463883405847 0.4007481648692478 1.114441469143914
-0.4165438112105522 0.40751734909652637 1.1110852726646079
-0.39204123408051966 0.41428653332380494 1.1077290761853018
-0.36753865695048715 0.4210557175510835 1.1043728797059955
-0.34303607982045475 0.427824901778362 1.1010166832266894
-0.3185335026904223 0.43459408600564065 1.0976604867473834
-0.2940309255603898 0.4413632702329192 1.0943042902680773
-0.2695283484303573 0.4481324544601978 1.0909480937887712
-0.24502577130032477 0.45490163868747635 1.0875918973094651
-0.2205231941702924 0.4616708229147549 1.0842357008301589
-0.1960206170402599 0.4684400071420335 1.0808795043508528
-0.17151803991022738 0.47520919136931206 1.0775233078715467
-0.1470154627801949 0.4819783755965906 1.0741671113922406
-0.12251288565016238 0.4887475598238692 1.0708109149129346
-0.09801030852013 0.49551674405114776 1.0674547184336285
-0.0735077313900975 0.5022859282784263 1.0640985219543224
-0.049005154260065 0.5090551125057049 1.0607423254750161
-0.0245025771300325 0.5158242967329835 1.05738612899571
0.0 0.522593480960262 1.054029932516404
-0.9556005080712667 0.2679273225421169 1.2037435582899925
-0.9310979309412343 0.27469650676939544 1.2003873618106864
-0.9065953538112017 0.281465690996674 1.19703116533138
-0.8820927766811694 0.2882348752239526 1.193674968852074
-0.8575901995511368 0.29500405945123115 1.190318772372768
-0.8330876224211043 0.3017732436785097 1.1869625758934619
-0.8085850452910719 0.3085424279057883 1.1836063794141558
-0.7840824681610393 0.31531161213306685 1.1802501829348497
-0.759579891031007 0.3220807963603454 1.1768939864555434
-0.7350773139009744 0.328849980587624 1.1735377899762374
-0.710574736770942 0.33561916481490256 1.1701815934969313
-0.6860721596409094 0.34238834904218113 1.1668253970176252
-0.6615695825108769 0.3491575332694597 1.1634692005383191
-0.6370670053808446 0.35592671749673827 1.160113004059013
-0.6125644282508119 0.36269590172401683 1.1567568075797068
-0.5880618511207796 0.3694650859512954 1.1534006111004007
-0.563559273990747 0.37623427017857397 1.1500444146210946
-0.5390566968607146 0.38300345440585254 1.1466882181417886
-0.5145541197306822 0.3897726386331311 1.1433320216624825
-0.49005154260064954 0.3965418228604097 1.1399758251831764
-0.4655489654706172 0.40331100708768824 1.1366196287038703
-0.4410463883405847 0.4100801913149668 1.133263432224564
-0.4165438112105522 0.4168493755422454 1.129907235745258
-0.39204123408051966 0.42361855976952395 1.126551039265952
-0.36753865695048715 0.4303877439968025 1.1231948427866458
-0.34303607982045475 0.4371569282240811 1.1198386463073398
-0.3185335026904223 0.44392611245135966 1.1164824498280337
-0.2940309255603898 0.4506952966786382 1.1131262533487274
-0.2695283484303573 0.4574644809059168 1.1097700568694213
-0.24502577130032477 0.46423366513319536 1.1064138603901152
-0.2205231941702924 0.47100284936047393 1.1030576639108092
-0.1960206170402599 0.4777720335877525 1.099701467431503
-0.17151803991022738 0.48454121781503107 1.096345270952197
-0.1470154627801949 0.49131040204230964 1.0929890744728907
-0.12251288565016238 0.4980795862695882 1.0896328779935847
-0.09801030852013 0.5048487704968668 1.0862766815142786
-0.0735077313900975 0.5116179547241454 1.0829204850349725
-0.049005154260065 0.518387138951424 1.0795642885556664
-0.0245025771300325 0.5251563231787025 1.0762080920763604
0.0 0.5319255074059811 1.0728518955970543
-0.9556005080712667 0.2772593489878358 1.2225655213706423
-0.9310979309412343 0.28402853321511434 1.2192093248913363
-0.9065953538112017 0.2907977174423929 1.2158531284120302
-0.8820927766811694 0.2975669016696715 1.2124969319327241
-0.8575901995511368 0.30433608589695005 1.209140735453418
-0.8330876224211043 0.3111052701242286 1.2057845389741118
-0.8085850452910719 0.3178744543515072 1.2024283424948057
-0.7840824681610393 0.3246436385787858 1.1990721460154996
-0.759579891031007 0.3314128228060643 1.1957159495361935
-0.7350773139009744 0.3381820070333429 1.1923597530568875
-0.710574736770942 0.34495119126062146 1.1890035565775814
-0.6860721596409094 0.3517203754879001 1.185647360098275
-0.6615695825108769 0.35848955971517865 1.182291163618969
-0.6370670053808446 0.36525874394245716 1.178934967139663
-0.6125644282508119 0.3720279281697358 1.1755787706603569
-0.5880618511207796 0.3787971123970143 1.1722225741810508
-0.563559273990747 0.3855662966242929 1.1688663777017447
-0.5390566968607146 0.3923354808515715 1.1655101812224387
-0.5145541197306822 0.39910466507885 1.1621539847431324
-0.49005154260064954 0.40587384930612863 1.1587977882638263
-0.4655489654706172 0.4126430335334072 1.1554415917845202
-0.4410463883405847 0.41941221776068577 1.1520853953052141
-0.4165438112105522 0.42618140198796434 1.148729198825908
-0.39204123408051966 0.4329505862152429 1.145373002346602
-0.36753865695048715 0.4397197704425215 1.1420168058672957
-0.34303607982045475 0.4464889546698 1.1386606093879896
-0.3185335026904223 0.4532581388970786 1.1353044129086836
-0.2940309255603898 0.4600273231243572 1.1319482164293775
-0.2695283484303573 0.46679650735163575 1.1285920199500714
-0.24502577130032477 0.4735656915789143 1.1252358234707653
-0.2205231941702924 0.4803348758061929 1.1218796269914593
-0.1960206170402599 0.48710406003347145 1.118523430512153
-0.17151803991022738 0.49387324426075 1.115167234032847
-0.1470154627801949 0.5006424284880285 1.1118110375535408
-0.12251288565016238 0.5074116127153072 1.1084548410742348
-0.09801030852013 0.5141807969425857 1.1050986445949287
-0.0735077313900975 0.5209499811698642 1.1017424481156226
-0.049005154260065 0.5277191653971428 1.0983862516363163
-0.0245025771300325 0.5344883496244215 1.0950300551570102
0.0 0.5412575338517001 1.0916738586777042
-0.9556005080712667 0.28659137543355473 1.2413874844512924
-0.9310979309412343 0.2933605596608333 1.2380312879719864
-0.9065953538112017 0.30012974388811187 1.2346750914926803
-0.8820927766811694 0.30689892811539043 1.231318895013374
-0.8575901995511368 0.313668112342669 1.227962698534068
-0.8330876224211043 0.32043729656994757 1.2246065020547618
-0.8085850452910719 0.32720648079722614 1.2212503055754558
-0.7840824681610393 0.3339756650245047 1.2178941090961497
-0.759579891031007 0.3407448492517833 1.2145379126168436
-0.7350773139009744 0.34751403347906185 1.2111817161375373
-0.710574736770942 0.3542832177063404 1.2078255196582313
-0.6860721596409094 0.361052401933619 1.2044693231789252
-0.6615695825108769 0.36782158616089755 1.2011131266996191
-0.6370670053808446 0.3745907703881761 1.197756930220313
-0.6125644282508119 0.3813599546154547 1.194400733741007
-0.5880618511207796 0.38812913884273326 1.191044537261701
-0.563559273990747 0.3948983230700118 1.1876883407823946
-0.5390566968607146 0.4016675072972904 1.1843321443030885
-0.5145541197306822 0.40843669152456896 1.1809759478237825
-0.49005154260064954 0.41520587575184753 1.1776197513444764
-0.4655489654706172 0.4219750599791261 1.1742635548651703
-0.4410463883405847 0.42874424420640467 1.1709073583858642
-0.4165438112105522 0.43551342843368324 1.167551161906558
-0.39204123408051966 0.4422826126609618 1.1641949654272519
-0.36753865695048715 0.4490517968882404 1.1608387689479458
-0.34303607982045475 0.45582098111551894 1.1574825724686397
-0.3185335026904223 0.4625901653427975 1.1541263759893337
-0.2940309255603898 0.4693593495700761 1.1507701795100276
-0.2695283484303573 0.47612853379735465 1.1474139830307213
-0.24502577130032477 0.4828977180246332 1.1440577865514152
-0.2205231941702924 0.4896669022519118 1.1407015900721091
-0.1960206170402599 0.49643608647919035 1.137345393592803
-0.17151803991022738 0.5032052707064689 1.133989197113497
-0.1470154627801949 0.5099744549337475 1.130633000634191
-0.12251288565016238 0.5167436391610261 1.1272768041548846
-0.09801030852013 0.5235128233883046 1.1239206076755786
-0.0735077313900975 0.5302820076155832 1.1205644111962725
-0.049005154260065 0.5370511918428618 1.1172082147169664
-0.0245025771300325 0.5438203760701403 1.1138520182376603
0.0 0.5505895602974189 1.1104958217583543
-0.9556005080712667 0.29592340187927374 1.2602094475319425
-0.9310979309412343 0.3026925861065523 1.2568532510526365
-0.9065953538112017 0.3094617703338309 1.2534970545733304
-0.8820927766811694 0.31623095456110945 1.2501408580940243
-0.8575901995511368 0.323000138788388 1.2467846616147182
-0.8330876224211043 0.3297693230156666 1.2434284651354122
-0.8085850452910719 0.33653850724294515 1.2400722686561059
-0.7840824681610393 0.3433076914702238 1.2367160721767998
-0.759579891031007 0.3500768756975023 1.2333598756974937
-0.7350773139009744 0.35684605992478086 1.2300036792181877
-0.710574736770942 0.3636152441520594 1.2266474827388816
-0.6860721596409094 0.37038442837933805 1.2232912862595755
-0.6615695825108769 0.3771536126066166 1.2199350897802692
-0.6370670053808446 0.38392279683389513 1.2165788933009631
-0.6125644282508119 0.39069198106117375 1.213222696821657
-0.5880618511207796 0.39746116528845227 1.209866500342351
-0.563559273990747 0.4042303495157309 1.206510303863045
-0.5390566968607146 0.41099953374300946 1.2031541073837388
-0.5145541197306822 0.417768717970288 1.1997979109044328
-0.49005154260064954 0.4245379021975666 1.1964417144251265
-0.4655489654706172 0.43130708642484517 1.1930855179458204
-0.4410463883405847 0.43807627065212373 1.1897293214665143
-0.4165438112105522 0.4448454548794023 1.1863731249872083
-0.39204123408051966 0.45161463910668087 1.1830169285079022
-0.36753865695048715 0.45838382333395944 1.1796607320285961
-0.34303607982045475 0.46515300756123795 1.1763045355492898
-0.3185335026904223 0.4719221917885166 1.1729483390699837
-0.2940309255603898 0.47869137601579514 1.1695921425906777
-0.2695283484303573 0.4854605602430737 1.1662359461113716
-0.24502577130032477 0.4922297444703523 1.1628797496320655
-0.2205231941702924 0.49899892869763085 1.1595235531527595
-0.1960206170402599 0.5057681129249094 1.1561673566734532
-0.17151803991022738 0.512537297152188 1.152811160194147
-0.1470154627801949 0.5193064813794666 1.149454963714841
-0.12251288565016238 0.5260756656067451 1.146098767235535
-0.09801030852013 0.5328448498340237 1.1427425707562289
-0.0735077313900975 0.5396140340613023 1.1393863742769228
-0.049005154260065 0.5463832182885808 1.1360301777976167
-0.0245025771300325 0.5531524025158594 1.1326739813183104
0.0 0.559921586743138 1.1293177848390044
-0.9556005080712667 0.3052554283249927 1.2790314106125926
-0.9310979309412343 0.31202461255227126 1.2756752141332866
-0.9065953538112017 0.31879379677954983 1.2723190176539805
-0.8820927766811694 0.3255629810068284 1.2689628211746742
-0.8575901995511368 0.33233216523410697 1.265606624695368
-0.8330876224211043 0.33910134946138554 1.262250428216062
-0.8085850452910719 0.3458705336886641 1.258894231736756
-0.7840824681610393 0.3526397179159427 1.25553803525745
-0.759579891031007 0.35940890214322124 1.2521818387781438
-0.7350773139009744 0.3661780863704998 1.2488256422988377
-0.710574736770942 0.3729472705977784 1.2454694458195315
-0.6860721596409094 0.37971645482505695 1.2421132493402254
-0.6615695825108769 0.3864856390523355 1.2387570528609193
-0.6370670053808446 0.3932548232796141 1.2354008563816132
-0.6125644282508119 0.40002400750689265 1.2320446599023072
-0.5880618511207796 0.4067931917341712 1.228688463423001
-0.563559273990747 0.4135623759614498 1.2253322669436948
-0.5390566968607146 0.42033156018872836 1.2219760704643887
-0.5145541197306822 0.4271007444160069 1.2186198739850826
-0.49005154260064954 0.4338699286432855 1.2152636775057766
-0.4655489654706172 0.44063911287056406 1.2119074810264705
-0.4410463883405847 0.44740829709784263 1.2085512845471644
-0.4165438112105522 0.4541774813251212 1.2051950880678581
-0.39204123408051966 0.46094666555239977 1.201838891588552
-0.36753865695048715 0.46771584977967834 1.198482695109246
-0.34303607982045475 0.4744850340069569 1.19512649862994
-0.3185335026904223 0.4812542182342355 1.1917703021506338
-0.2940309255603898 0.48802340246151404 1.1884141056713278
-0.2695283484303573 0.4947925866887926 1.1850579091920215
-0.24502577130032477 0.5015617709160712 1.1817017127127154
-0.2205231941702924 0.5083309551433498 1.1783455162334093
-0.1960206170402599 0.5151001393706284 1.1749893197541033
-0.17151803991022738 0.5218693235979069 1.1716331232747972
-0.1470154627801949 0.5286385078251855 1.168276926795491
-0.12251288565016238 0.5354076920524641 1.164920730316185
-0.09801030852013 0.5421768762797426 1.1615645338368787
-0.0735077313900975 0.5489460605070212 1.1582083373575727
-0.049005154260065 0.5557152447342998 1.1548521408782666
-0.0245025771300325 0.5624844289615784 1.1514959443989605
0.0 0.5692536131888569 1.1481397479196545
-0.9556005080712667 0.3145874547707116 1.2978533736932425
-0.9310979309412343 0.32135663899799016 1.2944971772139364
-0.9065953538112017 0.32812582322526873 1.2911409807346304
-0.8820927766811694 0.3348950074525473 1.2877847842553243
-0.8575901995511368 0.34166419167982587 1.2844285877760182
-0.8330876224211043 0.34843337590710444 1.2810723912967121
-0.8085850452910719 0.355202560134383 1.277716194817406
-0.7840824681610393 0.36197174436166163 1.2743599983380998
-0.759579891031007 0.36874092858894014 1.2710038018587937
-0.7350773139009744 0.3755101128162187 1.2676476053794876
-0.710574736770942 0.3822792970434973 1.2642914089001815
-0.6860721596409094 0.3890484812707759 1.2609352124208755
-0.6615695825108769 0.39581766549805447 1.2575790159415694
-0.6370670053808446 0.402586849725333 1.254222819462263
-0.6125644282508119 0.4093560339526116 1.250866622982957
-0.5880618511207796 0.4161252181798901 1.247510426503651
-0.563559273990747 0.42289440240716875 1.2441542300243449
-0.5390566968607146 0.4296635866344473 1.2407980335450388
-0.5145541197306822 0.4364327708617258 1.2374418370657327
-0.49005154260064954 0.44320195508900445 1.2340856405864264
-0.4655489654706172 0.449971139316283 1.2307294441071204
-0.4410463883405847 0.4567403235435616 1.2273732476278143
-0.4165438112105522 0.46350950777084016 1.2240170511485082
-0.39204123408051966 0.4702786919981187 1.2206608546692022
-0.36753865695048715 0.4770478762253973 1.217304658189896
-0.34303607982045475 0.4838170604526758 1.21394846171059
-0.3185335026904223 0.49058624467995443 1.2105922652312837
-0.2940309255603898 0.497355428907233 1.2072360687519776
-0.2695283484303573 0.5041246131345115 1.2038798722726716
-0.24502577130032477 0.5108937973617901 1.2005236757933655
-0.2205231941702924 0.5176629815890686 1.1971674793140594
-0.1960206170402599 0.5244321658163472 1.1938112828347534
-0.17151803991022738 0.5312013500436258 1.190455086355447
-0.1470154627801949 0.5379705342709044 1.187098889876141
-0.12251288565016238 0.544739718498183 1.183742693396835
-0.09801030852013 0.5515089027254615 1.1803864969175288
-0.0735077313900975 0.5582780869527401 1.1770303004382228
-0.049005154260065 0.5650472711800186 1.1736741039589167
-0.0245025771300325 0.5718164554072973 1.1703179074796106
0.0 0.5785856396345759 1.1669617110003043
-0.9556005080712667 0.32391948121643066 1.3166753367738928
-0.9310979309412343 0.33068866544370923 1.3133191402945867
-0.9065953538112017 0.3374578496709878 1.3099629438152807
-0.8820927766811694 0.34422703389826637 1.3066067473359746
-0.8575901995511368 0.35099621812554493 1.3032505508566683
-0.8330876224211043 0.3577654023528235 1.2998943543773622
-0.8085850452910719 0.36453458658010207 1.2965381578980562
-0.7840824681610393 0.37130377080738064 1.29318196141875
-0.759579891031007 0.3780729550346592 1.289825764939444
-0.7350773139009744 0.3848421392619378 1.286469568460138
-0.710574736770942 0.39161132348921635 1.2831133719808316
-0.6860721596409094 0.3983805077164949 1.2797571755015256
-0.6615695825108769 0.4051496919437735 1.2764009790222195
-0.6370670053808446 0.41191887617105205 1.2730447825429134
-0.6125644282508119 0.4186880603983306 1.2696885860636073
-0.5880618511207796 0.4254572446256092 1.2663323895843013
-0.563559273990747 0.43222642885288776 1.262976193104995
-0.5390566968607146 0.4389956130801663 1.259619996625689
-0.5145541197306822 0.4457647973074449 1.2562638001463828
-0.49005154260064954 0.45253398153472346 1.2529076036670768
-0.4655489654706172 0.45930316576200203 1.2495514071877707
-0.4410463883405847 0.4660723499892806 1.2461952107084646
-0.4165438112105522 0.47284153421655917 1.2428390142291585
-0.39204123408051966 0.47961071844383774 1.2394828177498523
-0.36753865695048715 0.4863799026711163 1.2361266212705462
-0.34303607982045475 0.4931490868983949 1.23277042479124
-0.3185335026904223 0.49991827112567344 1.229414228311934
-0.2940309255603898 0.506687455352952 1.226058031832628
-0.2695283484303573 0.5134566395802306 1.2227018353533219
-0.24502577130032477 0.5202258238075091 1.2193456388740156
-0.2205231941702924 0.5269950080347877 1.2159894423947095
-0.1960206170402599 0.5337641922620663 1.2126332459154034
-0.17151803991022738 0.5405333764893449 1.2092770494360974
-0.1470154627801949 0.5473025607166234 1.2059208529567913
-0.12251288565016238 0.554071744943902 1.2025646564774852
-0.09801030852013 0.5608409291711806 1.1992084599981792
-0.0735077313900975 0.5676101133984591 1.1958522635188729
-0.049005154260065 0.5743792976257377 1.1924960670395668
-0.0245025771300325 0.5811484818530163 1.1891398705602607
0.0 0.5879176660802948 1.1857836740809546
-0.9556005080712667 0.33325150766214956 1.335497299854543
-0.9310979309412343 0.34002069188942813 1.3321411033752366
-0.9065953538112017 0.3467898761167067 1.3287849068959305
-0.8820927766811694 0.35355906034398527 1.3254287104166245
-0.8575901995511368 0.36032824457126383 1.3220725139373184
-0.8330876224211043 0.3670974287985424 1.3187163174580123
-0.8085850452910719 0.37386661302582097 1.3153601209787062
-0.7840824681610393 0.3806357972530996 1.3120039244994
-0.759579891031007 0.3874049814803781 1.3086477280200939
-0.7350773139009744 0.3941741657076567 1.3052915315407878
-0.710574736770942 0.40094334993493524 1.3019353350614817
-0.6860721596409094 0.40771253416221387 1.2985791385821757
-0.6615695825108769 0.41448171838949244 1.2952229421028696
-0.6370670053808446 0.42125090261677095 1.2918667456235635
-0.6125644282508119 0.4280200868440496 1.2885105491442572
-0.5880618511207796 0.4347892710713281 1.2851543526649511
-0.563559273990747 0.4415584552986067 1.281798156185645
-0.5390566968607146 0.4483276395258853 1.278441959706339
-0.5145541197306822 0.4550968237531638 1.275085763227033
-0.49005154260064954 0.4618660079804424 1.2717295667477269
-0.4655489654706172 0.468635192207721 1.2683733702684206
-0.4410463883405847 0.47540437643499955 1.2650171737891145
-0.4165438112105522 0.4821735606622781 1.2616609773098084
-0.39204123408051966 0.4889427448895567 1.2583047808305023
-0.36753865695048715 0.49571192911683526 1.2549485843511963
-0.34303607982045475 0.5024811133441138 1.2515923878718902
-0.3185335026904223 0.5092502975713924 1.2482361913925841
-0.2940309255603898 0.516019481798671 1.2448799949132778
-0.2695283484303573 0.5227886660259495 1.2415237984339718
-0.24502577130032477 0.5295578502532281 1.2381676019546657
-0.2205231941702924 0.5363270344805067 1.2348114054753596
-0.1960206170402599 0.5430962187077852 1.2314552089960535
-0.17151803991022738 0.5498654029350638 1.2280990125167475
-0.1470154627801949 0.5566345871623424 1.2247428160374412
-0.12251288565016238 0.5634037713896209 1.221386619558135
-0.09801030852013 0.5701729556168995 1.218030423078829
-0.0735077313900975 0.5769421398441781 1.214674226599523
-0.049005154260065 0.5837113240714566 1.2113180301202169
-0.0245025771300325 0.5904805082987352 1.2079618336409108
0.0 0.5972496925260138 1.2046056371616045
-0.9556005080712667 0.3425835341078685 1.3543192629351928
-0.9310979309412343 0.3493527183351471 1.3509630664558867
-0.9065953538112017 0.35612190256242565 1.3476068699765806
-0.8820927766811694 0.3628910867897042 1.3442506734972746
-0.8575901995511368 0.3696602710169828 1.3408944770179685
-0.8330876224211043 0.37642945524426136 1.3375382805386622
-0.8085850452910719 0.3831986394715399 1.3341820840593561
-0.7840824681610393 0.3899678236988185 1.33082588758005
-0.759579891031007 0.39673700792609706 1.327469691100744
-0.7350773139009744 0.40350619215337563 1.324113494621438
-0.710574736770942 0.4102753763806542 1.3207572981421318
-0.6860721596409094 0.41704456060793277 1.3174011016628255
-0.6615695825108769 0.42381374483521134 1.3140449051835195
-0.6370670053808446 0.4305829290624899 1.3106887087042134
-0.6125644282508119 0.4373521132897685 1.3073325122249073
-0.5880618511207796 0.44412129751704704 1.3039763157456012
-0.563559273990747 0.4508904817443256 1.3006201192662952
-0.5390566968607146 0.4576596659716042 1.2972639227869889
-0.5145541197306822 0.46442885019888275 1.2939077263076828
-0.49005154260064954 0.4711980344261613 1.2905515298283767
-0.4655489654706172 0.4779672186534399 1.2871953333490707
-0.4410463883405847 0.48473640288071845 1.2838391368697646
-0.4165438112105522 0.491505587107997 1.2804829403904585
-0.39204123408051966 0.4982747713352756 1.2771267439111524
-0.36753865695048715 0.5050439555625542 1.2737705474318461
-0.34303607982045475 0.5118131397898327 1.27041435095254
-0.3185335026904223 0.5185823240171114 1.267058154473234
-0.2940309255603898 0.5253515082443899 1.263701957993928
-0.2695283484303573 0.5321206924716685 1.2603457615146219
-0.24502577130032477 0.5388898766989471 1.2569895650353158
-0.2205231941702924 0.5456590609262256 1.2536333685560095
-0.1960206170402599 0.5524282451535042 1.2502771720767034
-0.17151803991022738 0.5591974293807828 1.2469209755973973
-0.1470154627801949 0.5659666136080613 1.2435647791180913
-0.12251288565016238 0.5727357978353399 1.2402085826387852
-0.09801030852013 0.5795049820626185 1.2368523861594791
-0.0735077313900975 0.586274166289897 1.233496189680173
-0.049005154260065 0.5930433505171756 1.2301399932008668
-0.0245025771300325 0.5998125347444542 1.2267837967215607
0.0 0.6065817189717327 1.2234276002422546
-0.9556005080712667 0.3519155605535875 1.373141226015843
-0.9310979309412343 0.3586847447808661 1.369785029536537
-0.9065953538112017 0.36545392900814466 1.3664288330572307
-0.8820927766811694 0.37222311323542323 1.3630726365779247
-0.8575901995511368 0.3789922974627018 1.3597164400986186
-0.8330876224211043 0.38576148168998037 1.3563602436193125
-0.8085850452910719 0.39253066591725894 1.3530040471400064
-0.7840824681610393 0.39929985014453756 1.3496478506607004
-0.759579891031007 0.4060690343718161 1.346291654181394
-0.7350773139009744 0.41283821859909464 1.342935457702088
-0.710574736770942 0.4196074028263732 1.339579261222782
-0.6860721596409094 0.42637658705365183 1.3362230647434759
-0.6615695825108769 0.4331457712809304 1.3328668682641698
-0.6370670053808446 0.4399149555082089 1.3295106717848637
-0.6125644282508119 0.44668413973548754 1.3261544753055574
-0.5880618511207796 0.45345332396276605 1.3227982788262513
-0.563559273990747 0.4602225081900447 1.3194420823469453
-0.5390566968607146 0.46699169241732325 1.3160858858676392
-0.5145541197306822 0.47376087664460176 1.3127296893883331
-0.49005154260064954 0.4805300608718804 1.309373492909027
-0.4655489654706172 0.48729924509915895 1.306017296429721
-0.4410463883405847 0.4940684293264375 1.3026610999504147
-0.4165438112105522 0.500837613553716 1.2993049034711086
-0.39204123408051966 0.5076067977809946 1.2959487069918025
-0.36753865695048715 0.5143759820082732 1.2925925105124965
-0.34303607982045475 0.5211451662355517 1.2892363140331904
-0.3185335026904223 0.5279143504628303 1.2858801175538843
-0.2940309255603898 0.5346835346901089 1.282523921074578
-0.2695283484303573 0.5414527189173874 1.279167724595272
-0.24502577130032477 0.548221903144666 1.2758115281159659
-0.2205231941702924 0.5549910873719446 1.2724553316366598
-0.1960206170402599 0.5617602715992231 1.2690991351573537
-0.17151803991022738 0.5685294558265017 1.2657429386780477
-0.1470154627801949 0.5752986400537803 1.2623867421987414
-0.12251288565016238 0.5820678242810589 1.2590305457194353
-0.09801030852013 0.5888370085083374 1.2556743492401292
-0.0735077313900975 0.595606192735616 1.2523181527608231
-0.049005154260065 0.6023753769628946 1.248961956281517
-0.0245025771300325 0.6091445611901731 1.245605759802211
0.0 0.6159137454174518 1.242249563322905
-0.9556005080712667 0.3612475869993065 1.391963189096493
-0.9310979309412343 0.36801677122658505 1.388606992617187
-0.9065953538112017 0.3747859554538636 1.3852507961378808
-0.8820927766811694 0.3815551396811422 1.3818945996585748
-0.8575901995511368 0.38832432390842075 1.3785384031792687
-0.8330876224211043 0.3950935081356993 1.3751822066999624
-0.8085850452910719 0.4018626923629779 1.3718260102206563
-0.7840824681610393 0.40863187659025646 1.3684698137413502
-0.759579891031007 0.41540106081753503 1.3651136172620442
-0.7350773139009744 0.4221702450448136 1.361757420782738
-0.710574736770942 0.42893942927209217 1.358401224303432
-0.6860721596409094 0.43570861349937073 1.3550450278241257
-0.6615695825108769 0.4424777977266493 1.3516888313448197
-0.6370670053808446 0.44924698195392787 1.3483326348655136
-0.6125644282508119 0.45601616618120644 1.3449764383862075
-0.5880618511207796 0.462785350408485 1.3416202419069014
-0.563559273990747 0.4695545346357636 1.3382640454275954
-0.5390566968607146 0.47632371886304214 1.3349078489482893
-0.5145541197306822 0.4830929030903207 1.331551652468983
-0.49005154260064954 0.4898620873175993 1.328195455989677
-0.4655489654706172 0.49663127154487785 1.3248392595103708
-0.4410463883405847 0.5034004557721564 1.3214830630310648
-0.4165438112105522 0.510169639999435 1.3181268665517587
-0.39204123408051966 0.5169388242267136 1.3147706700724526
-0.36753865695048715 0.5237080084539921 1.3114144735931463
-0.34303607982045475 0.5304771926812707 1.3080582771138403
-0.3185335026904223 0.5372463769085493 1.3047020806345342
-0.2940309255603898 0.5440155611358278 1.3013458841552281
-0.2695283484303573 0.5507847453631064 1.297989687675922
-0.24502577130032477 0.557553929590385 1.294633491196616
-0.2205231941702924 0.5643231138176635 1.29127729471731
-0.1960206170402599 0.5710922980449421 1.2879210982380036
-0.17151803991022738 0.5778614822722207 1.2845649017586975
-0.1470154627801949 0.5846306664994992 1.2812087052793915
-0.12251288565016238 0.5913998507267778 1.2778525088000854
-0.09801030852013 0.5981690349540564 1.2744963123207793
-0.0735077313900975 0.604938219181335 1.2711401158414732
-0.049005154260065 0.6117074034086135 1.267783919362167
-0.0245025771300325 0.6184765876358921 1.2644277228828609
0.0 0.6252457718631707 1.2610715264035548
-0.9556005080712667 0.3705796134450254 1.410785152177143
-0.9310979309412343 0.37734879767230395 1.407428955697837
-0.9065953538112017 0.3841179818995825 1.404072759218531
-0.8820927766811694 0.3908871661268611 1.4007165627392246
-0.8575901995511368 0.39765635035413965 1.3973603662599186
-0.8330876224211043 0.4044255345814182 1.3940041697806125
-0.8085850452910719 0.4111947188086968 1.3906479733013064
-0.7840824681610393 0.4179639030359754 1.3872917768220003
-0.759579891031007 0.42473308726325393 1.3839355803426943
-0.7350773139009744 0.4315022714905325 1.380579383863388
-0.710574736770942 0.43827145571781106 1.377223187384082
-0.6860721596409094 0.4450406399450897 1.3738669909047758
-0.6615695825108769 0.45180982417236826 1.3705107944254697
-0.6370670053808446 0.45857900839964677 1.3671545979461637
-0.6125644282508119 0.4653481926269254 1.3637984014668576
-0.5880618511207796 0.4721173768542039 1.3604422049875515
-0.563559273990747 0.47888656108148253 1.3570860085082452
-0.5390566968607146 0.4856557453087611 1.3537298120289392
-0.5145541197306822 0.4924249295360396 1.350373615549633
-0.49005154260064954 0.49919411376331824 1.347017419070327
-0.4655489654706172 0.5059632979905968 1.343661222591021
-0.4410463883405847 0.5127324822178754 1.3403050261117149
-0.4165438112105522 0.5195016664451539 1.3369488296324086
-0.39204123408051966 0.5262708506724325 1.3335926331531025
-0.36753865695048715 0.5330400348997111 1.3302364366737964
-0.34303607982045475 0.5398092191269896 1.3268802401944904
-0.3185335026904223 0.5465784033542682 1.3235240437151843
-0.2940309255603898 0.5533475875815468 1.3201678472358782
-0.2695283484303573 0.5601167718088254 1.316811650756572
-0.24502577130032477 0.5668859560361039 1.3134554542772658
-0.2205231941702924 0.5736551402633825 1.3100992577979598
-0.1960206170402599 0.5804243244906611 1.3067430613186537
-0.17151803991022738 0.5871935087179396 1.3033868648393476
-0.1470154627801949 0.5939626929452182 1.3000306683600416
-0.12251288565016238 0.6007318771724968 1.2966744718807353
-0.09801030852013 0.6075010613997753 1.2933182754014292
-0.0735077313900975 0.6142702456270539 1.2899620789221231
-0.049005154260065 0.6210394298543325 1.286605882442817
-0.0245025771300325 0.627808614081611 1.283249685963511
0.0 0.6345777983088896 1.279893489484205
-0.9556005080712667 0.37991163989074445 1.4296071152577932
-0.9310979309412343 0.386680824118023 1.426250918778487
-0.9065953538112017 0.3934500083453016 1.422894722299181
-0.8820927766811694 0.40021919257258015 1.419538525819875
-0.8575901995511368 0.4069883767998587 1.4161823293405689
-0.8330876224211043 0.4137575610271373 1.4128261328612628
-0.8085850452910719 0.42052674525441586 1.4094699363819565
-0.7840824681610393 0.4272959294816944 1.4061137399026504
-0.759579891031007 0.434065113708973 1.4027575434233444
-0.7350773139009744 0.44083429793625156 1.3994013469440383
-0.710574736770942 0.44760348216353013 1.3960451504647322
-0.6860721596409094 0.4543726663908087 1.3926889539854261
-0.6615695825108769 0.46114185061808727 1.3893327575061198
-0.6370670053808446 0.46791103484536584 1.3859765610268138
-0.6125644282508119 0.4746802190726444 1.3826203645475077
-0.5880618511207796 0.481449403299923 1.3792641680682016
-0.563559273990747 0.48821858752720154 1.3759079715888956
-0.5390566968607146 0.4949877717544801 1.3725517751095895
-0.5145541197306822 0.5017569559817586 1.3691955786302834
-0.49005154260064954 0.5085261402090373 1.365839382150977
-0.4655489654706172 0.5152953244363159 1.362483185671671
-0.4410463883405847 0.5220645086635944 1.359126989192365
-0.4165438112105522 0.528833692890873 1.355770792713059
-0.39204123408051966 0.5356028771181516 1.3524145962337528
-0.36753865695048715 0.5423720613454301 1.3490583997544467
-0.34303607982045475 0.5491412455727086 1.3457022032751405
-0.3185335026904223 0.5559104297999873 1.3423460067958344
-0.2940309255603898 0.5626796140272659 1.3389898103165283
-0.2695283484303573 0.5694487982545444 1.3356336138372222
-0.24502577130032477 0.576217982481823 1.3322774173579162
-0.2205231941702924 0.5829871667091016 1.32892122087861
-0.1960206170402599 0.5897563509363801 1.3255650243993038
-0.17151803991022738 0.5965255351636587 1.3222088279199977
-0.1470154627801949 0.6032947193909373 1.3188526314406916
-0.12251288565016238 0.6100639036182158 1.3154964349613856
-0.09801030852013 0.6168330878454944 1.3121402384820795
-0.0735077313900975 0.623602272072773 1.3087840420027734
-0.049005154260065 0.6303714563000515 1.3054278455234674
-0.0245025771300325 0.6371406405273301 1.302071649044161
0.0 0.6439098247546087 1.298715452564855
-0.9556005080712667 0.38924366633646335 1.4484290783384433
-0.9310979309412343 0.3960128505637419 1.4450728818591372
-0.9065953538112017 0.4027820347910205 1.441716685379831
-0.8820927766811694 0.40955121901829905 1.4383604889005248
-0.8575901995511368 0.4163204032455776 1.4350042924212187
-0.8330876224211043 0.4230895874728562 1.4316480959419127
-0.8085850452910719 0.42985877170013476 1.4282918994626066
-0.7840824681610393 0.4366279559274134 1.4249357029833005
-0.759579891031007 0.4433971401546919 1.4215795065039945
-0.7350773139009744 0.45016632438197046 1.4182233100246884
-0.710574736770942 0.45693550860924903 1.414867113545382
-0.6860721596409094 0.46370469283652765 1.411510917066076
-0.6615695825108769 0.4704738770638062 1.40815472058677
-0.6370670053808446 0.47724306129108474 1.4047985241074639
-0.6125644282508119 0.48401224551836336 1.4014423276281578
-0.5880618511207796 0.4907814297456419 1.3980861311488517
-0.563559273990747 0.4975506139729205 1.3947299346695454
-0.5390566968607146 0.504319798200199 1.3913737381902394
-0.5145541197306822 0.5110889824274776 1.3880175417109333
-0.49005154260064954 0.5178581666547561 1.3846613452316272
-0.4655489654706172 0.5246273508820347 1.3813051487523211
-0.4410463883405847 0.5313965351093133 1.377948952273015
-0.4165438112105522 0.5381657193365919 1.3745927557937088
-0.39204123408051966 0.5449349035638704 1.3712365593144027
-0.36753865695048715 0.551704087791149 1.3678803628350966
-0.34303607982045475 0.5584732720184276 1.3645241663557905
-0.3185335026904223 0.5652424562457061 1.3611679698764845
-0.2940309255603898 0.5720116404729847 1.3578117733971784
-0.2695283484303573 0.5787808247002633 1.354455576917872
-0.24502577130032477 0.5855500089275418 1.351099380438566
-0.2205231941702924 0.5923191931548204 1.34774318395926
-0.1960206170402599 0.599088377382099 1.3443869874799539
-0.17151803991022738 0.6058575616093775 1.3410307910006478
-0.1470154627801949 0.6126267458366561 1.3376745945213417
-0.12251288565016238 0.6193959300639348 1.3343183980420357
-0.09801030852013 0.6261651142912132 1.3309622015627294
-0.0735077313900975 0.6329342985184918 1.3276060050834233
-0.049005154260065 0.6397034827457704 1.3242498086041172
-0.0245025771300325 0.6464726669730491 1.3208936121248112
0.0 0.6532418512003276 1.317537415645505
-0.9556005080712667 0.3985756927821823 1.4672510414190931
-0.9310979309412343 0.40534487700946087 1.463894844939787
-0.9065953538112017 0.41211406123673944 1.460538648460481
-0.8820927766811694 0.418883245464018 1.457182451981175
-0.8575901995511368 0.4256524296912966 1.4538262555018688
-0.8330876224211043 0.43242161391857514 1.4504700590225628
-0.8085850452910719 0.4391907981458537 1.4471138625432567
-0.7840824681610393 0.4459599823731323 1.4437576660639504
-0.759579891031007 0.45272916660041085 1.4404014695846443
-0.7350773139009744 0.4594983508276894 1.4370452731053383
-0.710574736770942 0.466267535054968 1.4336890766260322
-0.6860721596409094 0.47303671928224655 1.430332880146726
-0.6615695825108769 0.4798059035095251 1.42697668366742
-0.6370670053808446 0.4865750877368037 1.4236204871881137
-0.6125644282508119 0.49334427196408226 1.4202642907088077
-0.5880618511207796 0.5001134561913608 1.4169080942295016
-0.563559273990747 0.5068826404186394 1.4135518977501955
-0.5390566968607146 0.513651824645918 1.4101957012708894
-0.5145541197306822 0.5204210088731965 1.4068395047915834
-0.49005154260064954 0.5271901931004751 1.403483308312277
-0.4655489654706172 0.5339593773277537 1.400127111832971
-0.4410463883405847 0.5407285615550322 1.396770915353665
-0.4165438112105522 0.5474977457823108 1.3934147188743589
-0.39204123408051966 0.5542669300095894 1.3900585223950528
-0.36753865695048715 0.5610361142368679 1.3867023259157467
-0.34303607982045475 0.5678052984641465 1.3833461294364406
-0.3185335026904223 0.5745744826914251 1.3799899329571343
-0.2940309255603898 0.5813436669187036 1.3766337364778283
-0.2695283484303573 0.5881128511459822 1.3732775399985222
-0.24502577130032477 0.5948820353732608 1.3699213435192161
-0.2205231941702924 0.6016512196005394 1.36656514703991
-0.1960206170402599 0.6084204038278179 1.363208950560604
-0.17151803991022738 0.6151895880550965 1.3598527540812977
-0.1470154627801949 0.6219587722823751 1.3564965576019916
-0.12251288565016238 0.6287279565096536 1.3531403611226855
-0.09801030852013 0.6354971407369322 1.3497841646433795
-0.0735077313900975 0.6422663249642108 1.3464279681640734
-0.049005154260065 0.6490355091914893 1.3430717716847673
-0.0245025771300325 0.6558046934187679 1.3397155752054613
0.0 0.6625738776460465 1.336359378726155
-0.9556005080712667 0.4079077192279013 1.4860730044997434
-0.9310979309412343 0.4146769034551799 1.4827168080204374
-0.9065953538112017 0.42144608768245845 1.4793606115411313
-0.8820927766811694 0.428215271909737 1.4760044150618252
-0.8575901995511368 0.4349844561370156 1.472648218582519
-0.8330876224211043 0.44175364036429415 1.4692920221032129
-0.8085850452910719 0.4485228245915727 1.4659358256239068
-0.7840824681610393 0.45529200881885135 1.4625796291446007
-0.759579891031007 0.46206119304612986 1.4592234326652946
-0.7350773139009744 0.4688303772734084 1.4558672361859886
-0.710574736770942 0.475599561500687 1.4525110397066823
-0.6860721596409094 0.4823687457279656 1.4491548432273762
-0.6615695825108769 0.4891379299552442 1.4457986467480701
-0.6370670053808446 0.4959071141825227 1.442442450268764
-0.6125644282508119 0.5026762984098013 1.439086253789458
-0.5880618511207796 0.5094454826370799 1.435730057310152
-0.563559273990747 0.5162146668643585 1.4323738608308456
-0.5390566968607146 0.522983851091637 1.4290176643515395
-0.5145541197306822 0.5297530353189156 1.4256614678722335
-0.49005154260064954 0.5365222195461942 1.4223052713929274
-0.4655489654706172 0.5432914037734727 1.4189490749136213
-0.4410463883405847 0.5500605880007513 1.4155928784343152
-0.4165438112105522 0.5568297722280299 1.4122366819550092
-0.39204123408051966 0.5635989564553084 1.4088804854757029
-0.36753865695048715 0.570368140682587 1.4055242889963968
-0.34303607982045475 0.5771373249098656 1.4021680925170907
-0.3185335026904223 0.5839065091371441 1.3988118960377847
-0.2940309255603898 0.5906756933644227 1.3954556995584786
-0.2695283484303573 0.5974448775917013 1.3920995030791725
-0.24502577130032477 0.6042140618189799 1.3887433065998662
-0.2205231941702924 0.6109832460462584 1.3853871101205602
-0.1960206170402599 0.617752430273537 1.382030913641254
-0.17151803991022738 0.6245216145008156 1.378674717161948
-0.1470154627801949 0.6312907987280941 1.375318520682642
-0.12251288565016238 0.6380599829553727 1.3719623242033359
-0.09801030852013 0.6448291671826513 1.3686061277240298
-0.0735077313900975 0.6515983514099298 1.3652499312447235
-0.049005154260065 0.6583675356372084 1.3618937347654174
-0.0245025771300325 0.665136719864487 1.3585375382861113
0.0 0.6719059040917655 1.3551813418068053
-0.9556005080712667 0.41723974567362027 1.5048949675803935
-0.9310979309412343 0.42400892990089883 1.5015387711010872
-0.9065953538112017 0.4307781141281774 1.4981825746217812
-0.8820927766811694 0.43754729835545597 1.494826378142475
-0.8575901995511368 0.44431648258273454 1.491470181663169
-0.8330876224211043 0.4510856668100131 1.488113985183863
-0.8085850452910719 0.4578548510372917 1.4847577887045569
-0.7840824681610393 0.46462403526457025 1.4814015922252506
-0.759579891031007 0.4713932194918488 1.4780453957459445
-0.7350773139009744 0.4781624037191274 1.4746891992666384
-0.710574736770942 0.48493158794640595 1.4713330027873324
-0.6860721596409094 0.4917007721736845 1.4679768063080263
-0.6615695825108769 0.4984699564009631 1.4646206098287202
-0.6370670053808446 0.5052391406282416 1.4612644133494141
-0.6125644282508119 0.5120083248555203 1.4579082168701079
-0.5880618511207796 0.5187775090827987 1.4545520203908018
-0.563559273990747 0.5255466933100774 1.4511958239114957
-0.5390566968607146 0.532315877537356 1.4478396274321896
-0.5145541197306822 0.5390850617646344 1.4444834309528836
-0.49005154260064954 0.5458542459919131 1.4411272344735775
-0.4655489654706172 0.5526234302191917 1.4377710379942712
-0.4410463883405847 0.5593926144464703 1.4344148415149651
-0.4165438112105522 0.5661617986737488 1.431058645035659
-0.39204123408051966 0.5729309829010274 1.427702448556353
-0.36753865695048715 0.579700167128306 1.424346252077047
-0.34303607982045475 0.5864693513555844 1.4209900555977408
-0.3185335026904223 0.5932385355828631 1.4176338591184348
-0.2940309255603898 0.6000077198101417 1.4142776626391285
-0.2695283484303573 0.6067769040374202 1.4109214661598224
-0.24502577130032477 0.6135460882646988 1.4075652696805163
-0.2205231941702924 0.6203152724919774 1.4042090732012102
-0.1960206170402599 0.627084456719256 1.4008528767219042
-0.17151803991022738 0.6338536409465345 1.397496680242598
-0.1470154627801949 0.6406228251738131 1.3941404837632918
-0.12251288565016238 0.6473920094010917 1.3907842872839857
-0.09801030852013 0.6541611936283702 1.3874280908046797
-0.0735077313900975 0.6609303778556488 1.3840718943253736
-0.049005154260065 0.6676995620829274 1.3807156978460675
-0.0245025771300325 0.6744687463102059 1.3773595013667614
0.0 0.6812379305374845 1.3740033048874551
-0.9556005080712667 0.42657177211933917 1.5237169306610434
-0.9310979309412343 0.43334095634661773 1.5203607341817373
-0.9065953538112017 0.4401101405738963 1.5170045377024313
-0.8820927766811694 0.44687932480117487 1.5136483412231252
-0.8575901995511368 0.45364850902845344 1.5102921447438191
-0.8330876224211043 0.460417693255732 1.5069359482645128
-0.8085850452910719 0.4671868774830106 1.5035797517852068
-0.7840824681610393 0.4739560617102892 1.5002235553059007
-0.759579891031007 0.4807252459375677 1.4968673588265946
-0.7350773139009744 0.4874944301648463 1.4935111623472885
-0.710574736770942 0.49426361439212485 1.4901549658679825
-0.6860721596409094 0.5010327986194034 1.4867987693886762
-0.6615695825108769 0.507801982846682 1.48344257290937
-0.6370670053808446 0.5145711670739606 1.480086376430064
-0.6125644282508119 0.5213403513012391 1.476730179950758
-0.5880618511207796 0.5281095355285177 1.4733739834714519
-0.563559273990747 0.5348787197557963 1.4700177869921458
-0.5390566968607146 0.5416479039830748 1.4666615905128395
-0.5145541197306822 0.5484170882103534 1.4633053940335334
-0.49005154260064954 0.555186272437632 1.4599491975542274
-0.4655489654706172 0.5619554566649105 1.4565930010749213
-0.4410463883405847 0.5687246408921891 1.4532368045956152
-0.4165438112105522 0.5754938251194677 1.4498806081163091
-0.39204123408051966 0.5822630093467464 1.446524411637003
-0.36753865695048715 0.5890321935740249 1.4431682151576968
-0.34303607982045475 0.5958013778013034 1.4398120186783907
-0.3185335026904223 0.602570562028582 1.4364558221990846
-0.2940309255603898 0.6093397462558605 1.4330996257197786
-0.2695283484303573 0.6161089304831392 1.4297434292404725
-0.24502577130032477 0.6228781147104178 1.4263872327611664
-0.2205231941702924 0.6296472989376962 1.4230310362818601
-0.1960206170402599 0.6364164831649748 1.419674839802554
-0.17151803991022738 0.6431856673922534 1.416318643323248
-0.1470154627801949 0.649954851619532 1.412962446843942
-0.12251288565016238 0.6567240358468106 1.4096062503646358
-0.09801030852013 0.6634932200740891 1.4062500538853298
-0.0735077313900975 0.6702624043013676 1.4028938574060237
-0.049005154260065 0.6770315885286463 1.3995376609267174
-0.0245025771300325 0.6838007727559249 1.3961814644474113
0.0 0.6905699569832034 1.3928252679681052
-0.9556005080712667 0.43590379856505823 1.5425388937416937
-0.9310979309412343 0.4426729827923368 1.5391826972623877
-0.9065953538112017 0.44944216701961537 1.5358265007830814
-0.8820927766811694 0.45621135124689394 1.5324703043037753
-0.8575901995511368 0.4629805354741725 1.5291141078244692
-0.8330876224211043 0.4697497197014511 1.5257579113451631
-0.8085850452910719 0.47651890392872964 1.522401714865857
-0.7840824681610393 0.4832880881560082 1.519045518386551
-0.759579891031007 0.4900572723832868 1.5156893219072447
-0.7350773139009744 0.49682645661056535 1.5123331254279386
-0.710574736770942 0.5035956408378439 1.5089769289486326
-0.6860721596409094 0.5103648250651225 1.5056207324693265
-0.6615695825108769 0.517134009292401 1.5022645359900204
-0.6370670053808446 0.5239031935196796 1.4989083395107143
-0.6125644282508119 0.5306723777469582 1.495552143031408
-0.5880618511207796 0.5374415619742368 1.492195946552102
-0.563559273990747 0.5442107462015153 1.488839750072796
-0.5390566968607146 0.5509799304287939 1.4854835535934898
-0.5145541197306822 0.5577491146560725 1.4821273571141838
-0.49005154260064954 0.564518298883351 1.4787711606348777
-0.4655489654706172 0.5712874831106296 1.4754149641555716
-0.4410463883405847 0.5780566673379082 1.4720587676762653
-0.4165438112105522 0.5848258515651867 1.4687025711969592
-0.39204123408051966 0.5915950357924653 1.4653463747176532
-0.36753865695048715 0.5983642200197439 1.461990178238347
-0.34303607982045475 0.6051334042470224 1.458633981759041
-0.3185335026904223 0.611902588474301 1.455277785279735
-0.2940309255603898 0.6186717727015796 1.4519215888004287
-0.2695283484303573 0.6254409569288581 1.4485653923211226
-0.24502577130032477 0.6322101411561367 1.4452091958418165
-0.2205231941702924 0.6389793253834153 1.4418529993625104
-0.1960206170402599 0.6457485096106939 1.4384968028832044
-0.17151803991022738 0.6525176938379724 1.4351406064038983
-0.1470154627801949 0.659286878065251 1.431784409924592
-0.12251288565016238 0.6660560622925296 1.428428213445286
-0.09801030852013 0.6728252465198081 1.4250720169659798
-0.0735077313900975 0.6795944307470867 1.4217158204866738
-0.049005154260065 0.6863636149743653 1.4183596240073677
-0.0245025771300325 0.6931327992016438 1.4150034275280616
0.0 0.6999019834289224 1.4116472310487556
-0.9556005080712667 0.44523582501077713 1.5613608568223436
-0.9310979309412343 0.4520050092380557 1.5580046603430375
-0.9065953538112017 0.45877419346533427 1.5546484638637315
-0.8820927766811694 0.46554337769261284 1.5512922673844254
-0.8575901995511368 0.4723125619198914 1.5479360709051193
-0.8330876224211043 0.47908174614717 1.544579874425813
-0.8085850452910719 0.48585093037444854 1.541223677946507
-0.7840824681610393 0.49262011460172717 1.5378674814672009
-0.759579891031007 0.4993892988290057 1.5345112849878948
-0.7350773139009744 0.5061584830562843 1.5311550885085887
-0.710574736770942 0.5129276672835629 1.5277988920292827
-0.6860721596409094 0.5196968515108414 1.5244426955499764
-0.6615695825108769 0.52646603573812 1.5210864990706703
-0.6370670053808446 0.5332352199653986 1.5177303025913642
-0.6125644282508119 0.5400044041926771 1.5143741061120581
-0.5880618511207796 0.5467735884199557 1.511017909632752
-0.563559273990747 0.5535427726472343 1.507661713153446
-0.5390566968607146 0.5603119568745129 1.50430551667414
-0.5145541197306822 0.5670811411017914 1.5009493201948336
-0.49005154260064954 0.57385032532907 1.4975931237155276
-0.4655489654706172 0.5806195095563486 1.4942369272362215
-0.4410463883405847 0.5873886937836271 1.4908807307569154
-0.4165438112105522 0.5941578780109057 1.4875245342776093
-0.39204123408051966 0.6009270622381843 1.4841683377983033
-0.36753865695048715 0.6076962464654628 1.480812141318997
-0.34303607982045475 0.6144654306927414 1.477455944839691
-0.3185335026904223 0.62123461492002 1.4740997483603848
-0.2940309255603898 0.6280037991472985 1.4707435518810787
-0.2695283484303573 0.6347729833745771 1.4673873554017727
-0.24502577130032477 0.6415421676018557 1.4640311589224666
-0.2205231941702924 0.6483113518291342 1.4606749624431605
-0.1960206170402599 0.6550805360564128 1.4573187659638542
-0.17151803991022738 0.6618497202836914 1.4539625694845482
-0.1470154627801949 0.66861890451097 1.450606373005242
-0.12251288565016238 0.6753880887382485 1.447250176525936
-0.09801030852013 0.6821572729655271 1.44389398004663
-0.0735077313900975 0.6889264571928057 1.4405377835673239
-0.049005154260065 0.6956956414200842 1.4371815870880176
-0.0245025771300325 0.7024648256473628 1.4338253906087115
0.0 0.7092340098746414 1.4304691941294054
-0.9556005080712667 0.4545678514564961 1.5801828199029937
-0.9310979309412343 0.46133703568377465 1.5768266234236876
-0.9065953538112017 0.4681062199110532 1.5734704269443816
-0.8820927766811694 0.4748754041383318 1.5701142304650753
-0.8575901995511368 0.48164458836561036 1.5667580339857692
-0.8330876224211043 0.48841377259288893 1.563401837506463
-0.8085850452910719 0.4951829568201675 1.560045641027157
-0.7840824681610393 0.5019521410474461 1.556689444547851
-0.759579891031007 0.5087213252747246 1.553333248068545
-0.7350773139009744 0.5154905095020031 1.5499770515892386
-0.710574736770942 0.5222596937292817 1.5466208551099325
-0.6860721596409094 0.5290288779565604 1.5432646586306265
-0.6615695825108769 0.535798062183839 1.5399084621513204
-0.6370670053808446 0.5425672464111174 1.5365522656720143
-0.6125644282508119 0.5493364306383961 1.5331960691927082
-0.5880618511207796 0.5561056148656746 1.5298398727134022
-0.563559273990747 0.5628747990929532 1.5264836762340959
-0.5390566968607146 0.5696439833202318 1.5231274797547898
-0.5145541197306822 0.5764131675475103 1.5197712832754837
-0.49005154260064954 0.5831823517747889 1.5164150867961776
-0.4655489654706172 0.5899515360020675 1.5130588903168716
-0.4410463883405847 0.5967207202293461 1.5097026938375655
-0.4165438112105522 0.6034899044566246 1.5063464973582592
-0.39204123408051966 0.6102590886839032 1.5029903008789531
-0.36753865695048715 0.6170282729111818 1.499634104399647
-0.34303607982045475 0.6237974571384604 1.496277907920341
-0.3185335026904223 0.6305666413657389 1.492921711441035
-0.2940309255603898 0.6373358255930175 1.4895655149617288
-0.2695283484303573 0.6441050098202961 1.4862093184824225
-0.24502577130032477 0.6508741940475746 1.4828531220031165
-0.2205231941702924 0.6576433782748532 1.4794969255238104
-0.1960206170402599 0.6644125625021318 1.4761407290445043
-0.17151803991022738 0.6711817467294103 1.4727845325651983
-0.1470154627801949 0.6779509309566889 1.4694283360858922
-0.12251288565016238 0.6847201151839675 1.466072139606586
-0.09801030852013 0.691489299411246 1.4627159431272798
-0.0735077313900975 0.6982584836385246 1.4593597466479737
-0.049005154260065 0.7050276678658032 1.4560035501686677
-0.0245025771300325 0.7117968520930817 1.4526473536893616
0.0 0.7185660363203603 1.4492911572100555
-0.9556005080712667 0.4638998779022151 1.5990047829836438
-0.9310979309412343 0.47066906212949366 1.5956485865043377
-0.9065953538112017 0.47743824635677223 1.5922923900250316
-0.8820927766811694 0.4842074305840508 1.5889361935457256
-0.8575901995511368 0.49097661481132937 1.5855799970664195
-0.8330876224211043 0.49774579903860794 1.5822238005871134
-0.8085850452910719 0.5045149832658865 1.5788676041078071
-0.7840824681610393 0.5112841674931651 1.575511407628501
-0.759579891031007 0.5180533517204436 1.572155211149195
-0.7350773139009744 0.5248225359477222 1.568799014669889
-0.710574736770942 0.5315917201750008 1.5654428181905828
-0.6860721596409094 0.5383609044022793 1.5620866217112768
-0.6615695825108769 0.5451300886295579 1.5587304252319705
-0.6370670053808446 0.5518992728568365 1.5553742287526644
-0.6125644282508119 0.558668457084115 1.5520180322733583
-0.5880618511207796 0.5654376413113936 1.5486618357940523
-0.563559273990747 0.5722068255386722 1.5453056393147462
-0.5390566968607146 0.5789760097659508 1.54194944283544
-0.5145541197306822 0.5857451939932293 1.538593246356134
-0.49005154260064954 0.5925143782205079 1.5352370498768277
-0.4655489654706172 0.5992835624477865 1.5318808533975217
-0.4410463883405847 0.606052746675065 1.5285246569182156
-0.4165438112105522 0.6128219309023436 1.5251684604389095
-0.39204123408051966 0.6195911151296222 1.5218122639596035
-0.36753865695048715 0.6263602993569007 1.5184560674802974
-0.34303607982045475 0.6331294835841793 1.515099871000991
-0.3185335026904223 0.6398986678114579 1.511743674521685
-0.2940309255603898 0.6466678520387364 1.508387478042379
-0.2695283484303573 0.653437036266015 1.5050312815630729
-0.24502577130032477 0.6602062204932936 1.5016750850837668
-0.2205231941702924 0.6669754047205722 1.4983188886044607
-0.1960206170402599 0.6737445889478507 1.4949626921251544
-0.17151803991022738 0.6805137731751293 1.4916064956458484
-0.1470154627801949 0.6872829574024079 1.4882502991665423
-0.12251288565016238 0.6940521416296865 1.4848941026872362
-0.09801030852013 0.700821325856965 1.4815379062079301
-0.0735077313900975 0.7075905100842436 1.478181709728624
-0.049005154260065 0.7143596943115221 1.474825513249318
-0.0245025771300325 0.7211288785388008 1.4714693167700117
0.0 0.7278980627660794 1.4681131202907056
-0.9556005080712667 0.47323190434793405 1.6178267460642939
-0.9310979309412343 0.4800010885752126 1.6144705495849878
-0.9065953538112017 0.4867702728024912 1.6111143531056817
-0.8820927766811694 0.49353945702976976 1.6077581566263754
-0.8575901995511368 0.5003086412570483 1.6044019601470694
-0.8330876224211043 0.5070778254843269 1.6010457636677633
-0.8085850452910719 0.5138470097116055 1.5976895671884572
-0.7840824681610393 0.520616193938884 1.5943333707091512
-0.759579891031007 0.5273853781661626 1.590977174229845
-0.7350773139009744 0.5341545623934412 1.587620977750539
-0.710574736770942 0.5409237466207197 1.5842647812712327
-0.6860721596409094 0.5476929308479983 1.5809085847919266
-0.6615695825108769 0.5544621150752769 1.5775523883126206
-0.6370670053808446 0.5612312993025554 1.5741961918333145
-0.6125644282508119 0.568000483529834 1.5708399953540084
-0.5880618511207796 0.5747696677571126 1.5674837988747023
-0.563559273990747 0.5815388519843911 1.564127602395396
-0.5390566968607146 0.5883080362116697 1.56077140591609
-0.5145541197306822 0.5950772204389483 1.557415209436784
-0.49005154260064954 0.6018464046662269 1.5540590129574778
-0.4655489654706172 0.6086155888935054 1.5507028164781718
-0.4410463883405847 0.615384773120784 1.5473466199988657
-0.4165438112105522 0.6221539573480626 1.5439904235195594
-0.39204123408051966 0.6289231415753411 1.5406342270402533
-0.36753865695048715 0.6356923258026197 1.5372780305609473
-0.34303607982045475 0.6424615100298983 1.5339218340816412
-0.3185335026904223 0.6492306942571768 1.530565637602335
-0.2940309255603898 0.6559998784844554 1.527209441123029
-0.2695283484303573 0.662769062711734 1.5238532446437227
-0.24502577130032477 0.6695382469390125 1.5204970481644167
-0.2205231941702924 0.6763074311662911 1.5171408516851106
-0.1960206170402599 0.6830766153935697 1.5137846552058045
-0.17151803991022738 0.6898457996208482 1.5104284587264984
-0.1470154627801949 0.6966149838481268 1.5070722622471924
-0.12251288565016238 0.7033841680754054 1.5037160657678863
-0.09801030852013 0.710153352302684 1.50035986928858
-0.0735077313900975 0.7169225365299625 1.497003672809274
-0.049005154260065 0.7236917207572411 1.4936474763299679
-0.0245025771300325 0.7304609049845197 1.4902912798506618
0.0 0.7372300892117982 1.4869350833713557
-0.9556005080712667 0.48256393079365306 1.636648709144944
-0.9310979309412343 0.48933311502093163 1.633292512665638
-0.9065953538112017 0.4961022992482102 1.6299363161863318
-0.8820927766811694 0.5028714834754888 1.6265801197070258
-0.8575901995511368 0.5096406677027674 1.6232239232277197
-0.8330876224211043 0.516409851930046 1.6198677267484136
-0.8085850452910719 0.5231790361573245 1.6165115302691073
-0.7840824681610393 0.5299482203846031 1.6131553337898012
-0.759579891031007 0.5367174046118817 1.6097991373104952
-0.7350773139009744 0.5434865888391602 1.606442940831189
-0.710574736770942 0.5502557730664388 1.603086744351883
-0.6860721596409094 0.5570249572937174 1.599730547872577
-0.6615695825108769 0.5637941415209959 1.5963743513932709
-0.6370670053808446 0.5705633257482745 1.5930181549139646
-0.6125644282508119 0.5773325099755531 1.5896619584346585
-0.5880618511207796 0.5841016942028316 1.5863057619553524
-0.563559273990747 0.5908708784301102 1.5829495654760464
-0.5390566968607146 0.5976400626573888 1.5795933689967403
-0.5145541197306822 0.6044092468846674 1.5762371725174342
-0.49005154260064954 0.6111784311119459 1.572880976038128
-0.4655489654706172 0.6179476153392245 1.5695247795588219
-0.4410463883405847 0.6247167995665031 1.5661685830795158
-0.4165438112105522 0.6314859837937816 1.5628123866002097
-0.39204123408051966 0.6382551680210602 1.5594561901209036
-0.36753865695048715 0.6450243522483388 1.5560999936415976
-0.34303607982045475 0.6517935364756173 1.5527437971622913
-0.3185335026904223 0.6585627207028959 1.5493876006829852
-0.2940309255603898 0.6653319049301745 1.5460314042036791
-0.2695283484303573 0.672101089157453 1.542675207724373
-0.24502577130032477 0.6788702733847316 1.539319011245067
-0.2205231941702924 0.6856394576120102 1.535962814765761
-0.1960206170402599 0.6924086418392887 1.5326066182864548
-0.17151803991022738 0.6991778260665673 1.5292504218071485
-0.1470154627801949 0.7059470102938459 1.5258942253278425
-0.12251288565016238 0.7127161945211244 1.5225380288485364
-0.09801030852013 0.719485378748403 1.5191818323692303
-0.0735077313900975 0.7262545629756816 1.5158256358899242
-0.049005154260065 0.7330237472029602 1.5124694394106182
-0.0245025771300325 0.7397929314302387 1.5091132429313119
0.0 0.7465621156575173 1.5057570464520058
-0.9556005080712667 0.491895957239372 1.655470672225594
-0.9310979309412343 0.4986651414666506 1.652114475746288
-0.9065953538112017 0.5054343256939291 1.648758279266982
-0.8820927766811694 0.5122035099212077 1.6454020827876759
-0.8575901995511368 0.5189726941484862 1.6420458863083696
-0.8330876224211043 0.5257418783757648 1.6386896898290635
-0.8085850452910719 0.5325110626030434 1.6353334933497574
-0.7840824681610393 0.539280246830322 1.6319772968704513
-0.759579891031007 0.5460494310576005 1.6286211003911453
-0.7350773139009744 0.5528186152848791 1.6252649039118392
-0.710574736770942 0.5595877995121576 1.621908707432533
-0.6860721596409094 0.5663569837394363 1.6185525109532268
-0.6615695825108769 0.5731261679667149 1.6151963144739208
-0.6370670053808446 0.5798953521939934 1.6118401179946147
-0.6125644282508119 0.586664536421272 1.6084839215153086
-0.5880618511207796 0.5934337206485505 1.6051277250360025
-0.563559273990747 0.6002029048758292 1.6017715285566962
-0.5390566968607146 0.6069720891031077 1.5984153320773902
-0.5145541197306822 0.6137412733303862 1.595059135598084
-0.49005154260064954 0.6205104575576649 1.591702939118778
-0.4655489654706172 0.6272796417849434 1.588346742639472
-0.4410463883405847 0.634048826012222 1.5849905461601659
-0.4165438112105522 0.6408180102395006 1.5816343496808598
-0.39204123408051966 0.6475871944667791 1.5782781532015535
-0.36753865695048715 0.6543563786940577 1.5749219567222474
-0.34303607982045475 0.6611255629213362 1.5715657602429414
-0.3185335026904223 0.6678947471486149 1.5682095637636353
-0.2940309255603898 0.6746639313758934 1.5648533672843292
-0.2695283484303573 0.681433115603172 1.5614971708050231
-0.24502577130032477 0.6882022998304506 1.5581409743257169
-0.2205231941702924 0.6949714840577291 1.5547847778464108
-0.1960206170402599 0.7017406682850077 1.5514285813671047
-0.17151803991022738 0.7085098525122863 1.5480723848877986
-0.1470154627801949 0.7152790367395648 1.5447161884084926
-0.12251288565016238 0.7220482209668434 1.5413599919291865
-0.09801030852013 0.728817405194122 1.5380037954498804
-0.0735077313900975 0.7355865894214005 1.5346475989705741
-0.049005154260065 0.7423557736486791 1.531291402491268
-0.0245025771300325 0.7491249578759577 1.527935206011962
0.0 0.7558941421032362 1.524579009532656
-0.9556005080712667 0.5012279836850909 1.6742926353062442
-0.9310979309412343 0.5079971679123695 1.6709364388269379
-0.9065953538112017 0.514766352139648 1.6675802423476318
-0.8820927766811694 0.5215355363669266 1.6642240458683257
-0.8575901995511368 0.5283047205942052 1.6608678493890197
-0.8330876224211043 0.5350739048214838 1.6575116529097136
-0.8085850452910719 0.5418430890487623 1.6541554564304075
-0.7840824681610393 0.5486122732760409 1.6507992599511012
-0.759579891031007 0.5553814575033195 1.6474430634717951
-0.7350773139009744 0.562150641730598 1.644086866992489
-0.710574736770942 0.5689198259578766 1.640730670513183
-0.6860721596409094 0.5756890101851552 1.637374474033877
-0.6615695825108769 0.5824581944124337 1.6340182775545709
-0.6370670053808446 0.5892273786397123 1.6306620810752648
-0.6125644282508119 0.5959965628669909 1.6273058845959585
-0.5880618511207796 0.6027657470942694 1.6239496881166524
-0.563559273990747 0.609534931321548 1.6205934916373463
-0.5390566968607146 0.6163041155488266 1.6172372951580403
-0.5145541197306822 0.6230732997761051 1.6138810986787342
-0.49005154260064954 0.6298424840033837 1.6105249021994281
-0.4655489654706172 0.6366116682306623 1.6071687057201218
-0.4410463883405847 0.6433808524579409 1.6038125092408158
-0.4165438112105522 0.6501500366852194 1.6004563127615097
-0.39204123408051966 0.656919220912498 1.5971001162822036
-0.36753865695048715 0.6636884051397766 1.5937439198028975
-0.34303607982045475 0.6704575893670551 1.5903877233235915
-0.3185335026904223 0.6772267735943337 1.5870315268442852
-0.2940309255603898 0.6839959578216123 1.583675330364979
-0.2695283484303573 0.6907651420488908 1.580319133885673
-0.24502577130032477 0.6975343262761694 1.576962937406367
-0.2205231941702924 0.704303510503448 1.5736067409270609
-0.1960206170402599 0.7110726947307265 1.5702505444477548
-0.17151803991022738 0.7178418789580051 1.5668943479684487
-0.1470154627801949 0.7246110631852837 1.5635381514891424
-0.12251288565016238 0.7313802474125624 1.5601819550098364
-0.09801030852013 0.7381494316398408 1.5568257585305303
-0.0735077313900975 0.7449186158671194 1.5534695620512242
-0.049005154260065 0.751687800094398 1.5501133655719181
-0.0245025771300325 0.7584569843216766 1.546757169092612
0.0 0.7652261685489552 1.5434009726133058
-0.9556005080712667 0.51056001013081 1.6931145983868943
-0.9310979309412343 0.5173291943580886 1.6897584019075882
-0.9065953538112017 0.5240983785853671 1.6864022054282821
-0.8820927766811694 0.5308675628126457 1.683046008948976
-0.8575901995511368 0.5376367470399243 1.6796898124696698
-0.8330876224211043 0.5444059312672028 1.6763336159903637
-0.8085850452910719 0.5511751154944814 1.6729774195110576
-0.7840824681610393 0.55794429972176 1.6696212230317515
-0.759579891031007 0.5647134839490385 1.6662650265524455
-0.7350773139009744 0.5714826681763171 1.6629088300731394
-0.710574736770942 0.5782518524035957 1.659552633593833
-0.6860721596409094 0.5850210366308742 1.656196437114527
-0.6615695825108769 0.5917902208581528 1.652840240635221
-0.6370670053808446 0.5985594050854314 1.6494840441559149
-0.6125644282508119 0.6053285893127099 1.6461278476766088
-0.5880618511207796 0.6120977735399885 1.6427716511973027
-0.563559273990747 0.6188669577672671 1.6394154547179967
-0.5390566968607146 0.6256361419945456 1.6360592582386904
-0.5145541197306822 0.6324053262218242 1.6327030617593843
-0.49005154260064954 0.6391745104491028 1.6293468652800782
-0.4655489654706172 0.6459436946763814 1.6259906688007721
-0.4410463883405847 0.6527128789036599 1.622634472321466
-0.4165438112105522 0.6594820631309385 1.61927827584216
-0.39204123408051966 0.6662512473582171 1.6159220793628537
-0.36753865695048715 0.6730204315854956 1.6125658828835476
-0.34303607982045475 0.6797896158127742 1.6092096864042416
-0.3185335026904223 0.6865588000400528 1.6058534899249355
-0.2940309255603898 0.6933279842673313 1.6024972934456294
-0.2695283484303573 0.7000971684946099 1.5991410969663233
-0.24502577130032477 0.7068663527218885 1.595784900487017
-0.2205231941702924 0.713635536949167 1.592428704007711
-0.1960206170402599 0.7204047211764456 1.589072507528405
-0.17151803991022738 0.7271739054037242 1.5857163110490988
-0.1470154627801949 0.7339430896310027 1.5823601145697928
-0.12251288565016238 0.7407122738582813 1.5790039180904867
-0.09801030852013 0.7474814580855599 1.5756477216111806
-0.0735077313900975 0.7542506423128384 1.5722915251318743
-0.049005154260065 0.761019826540117 1.5689353286525682
-0.0245025771300325 0.7677890107673956 1.5655791321732622
0.0 0.7745581949946742 1.562222935693956
-0.9556005080712667 0.5198920365765289 1.7119365614675444
-0.9310979309412343 0.5266612208038075 1.7085803649882383
-0.9065953538112017 0.5334304050310861 1.705224168508932
-0.8820927766811694 0.5401995892583646 1.701867972029626
-0.8575901995511368 0.5469687734856432 1.6985117755503198
-0.8330876224211043 0.5537379577129218 1.6951555790710138
-0.8085850452910719 0.5605071419402003 1.6917993825917077
-0.7840824681610393 0.5672763261674789 1.6884431861124016
-0.759579891031007 0.5740455103947575 1.6850869896330953
-0.7350773139009744 0.580814694622036 1.6817307931537893
-0.710574736770942 0.5875838788493146 1.6783745966744832
-0.6860721596409094 0.5943530630765932 1.6750184001951771
-0.6615695825108769 0.6011222473038718 1.671662203715871
-0.6370670053808446 0.6078914315311503 1.668306007236565
-0.6125644282508119 0.6146606157584289 1.6649498107572587
-0.5880618511207796 0.6214297999857075 1.6615936142779526
-0.563559273990747 0.628198984212986 1.6582374177986465
-0.5390566968607146 0.6349681684402646 1.6548812213193405
-0.5145541197306822 0.6417373526675432 1.6515250248400344
-0.49005154260064954 0.6485065368948217 1.6481688283607283
-0.4655489654706172 0.6552757211221003 1.6448126318814222
-0.4410463883405847 0.6620449053493789 1.641456435402116
-0.4165438112105522 0.6688140895766574 1.6381002389228099
-0.39204123408051966 0.675583273803936 1.6347440424435038
-0.36753865695048715 0.6823524580312146 1.6313878459641977
-0.34303607982045475 0.6891216422584932 1.6280316494848917
-0.3185335026904223 0.6958908264857717 1.6246754530055856
-0.2940309255603898 0.7026600107130503 1.6213192565262793
-0.2695283484303573 0.7094291949403289 1.6179630600469732
-0.24502577130032477 0.7161983791676074 1.6146068635676671
-0.2205231941702924 0.722967563394886 1.611250667088361
-0.1960206170402599 0.7297367476221646 1.607894470609055
-0.17151803991022738 0.7365059318494431 1.604538274129749
-0.1470154627801949 0.7432751160767217 1.6011820776504426
-0.12251288565016238 0.7500443003040003 1.5978258811711366
-0.09801030852013 0.7568134845312788 1.5944696846918305
-0.0735077313900975 0.7635826687585574 1.5911134882125244
-0.049005154260065 0.770351852985836 1.5877572917332183
-0.0245025771300325 0.7771210372131145 1.5844010952539123
0.0 0.7838902214403931 1.5810448987746062
-0.9556005080712667 0.5292240630222478 1.7307585245481942
-0.9310979309412343 0.5359932472495264 1.7274023280688882
-0.9065953538112017 0.5427624314768049 1.724046131589582
-0.8820927766811694 0.5495316157040835 1.720689935110276
-0.8575901995511368 0.5563007999313621 1.71733373863097
-0.8330876224211043 0.5630699841586406 1.7139775421516636
-0.8085850452910719 0.5698391683859192 1.7106213456723576
-0.7840824681610393 0.5766083526131979 1.7072651491930515
-0.759579891031007 0.5833775368404763 1.7039089527137454
-0.7350773139009744 0.5901467210677549 1.7005527562344394
-0.710574736770942 0.5969159052950335 1.6971965597551333
-0.6860721596409094 0.6036850895223121 1.693840363275827
-0.6615695825108769 0.6104542737495907 1.690484166796521
-0.6370670053808446 0.6172234579768692 1.6871279703172148
-0.6125644282508119 0.6239926422041479 1.6837717738379088
-0.5880618511207796 0.6307618264314263 1.6804155773586027
-0.563559273990747 0.637531010658705 1.6770593808792966
-0.5390566968607146 0.6443001948859836 1.6737031843999906
-0.5145541197306822 0.651069379113262 1.6703469879206843
-0.49005154260064954 0.6578385633405407 1.6669907914413782
-0.4655489654706172 0.6646077475678193 1.663634594962072
-0.4410463883405847 0.6713769317950978 1.660278398482766
-0.4165438112105522 0.6781461160223764 1.65692220200346
-0.39204123408051966 0.684915300249655 1.653566005524154
-0.36753865695048715 0.6916844844769335 1.6502098090448476
-0.34303607982045475 0.6984536687042121 1.6468536125655415
-0.3185335026904223 0.7052228529314907 1.6434974160862355
-0.2940309255603898 0.7119920371587692 1.6401412196069294
-0.2695283484303573 0.7187612213860478 1.6367850231276233
-0.24502577130032477 0.7255304056133264 1.6334288266483172
-0.2205231941702924 0.732299589840605 1.6300726301690112
-0.1960206170402599 0.7390687740678835 1.6267164336897049
-0.17151803991022738 0.7458379582951621 1.6233602372103988
-0.1470154627801949 0.7526071425224407 1.6200040407310927
-0.12251288565016238 0.7593763267497192 1.6166478442517866
-0.09801030852013 0.7661455109769978 1.6132916477724806
-0.0735077313900975 0.7729146952042764 1.6099354512931745
-0.049005154260065 0.7796838794315549 1.6065792548138682
-0.0245025771300325 0.7864530636588335 1.6032230583345621
0.0 0.7932222478861121 1.599866861855256
-0.9556005080712667 0.5385560894679668 1.7495804876288445
-0.9310979309412343 0.5453252736952454 1.7462242911495385
-0.9065953538112017 0.552094457922524 1.7428680946702322
-0.8820927766811694 0.5588636421498026 1.739511898190926
-0.8575901995511368 0.5656328263770811 1.73615570171162
-0.8330876224211043 0.5724020106043597 1.732799505232314
-0.8085850452910719 0.5791711948316383 1.729443308753008
-0.7840824681610393 0.5859403790589168 1.7260871122737018
-0.759579891031007 0.5927095632861954 1.7227309157943955
-0.7350773139009744 0.599478747513474 1.7193747193150895
-0.710574736770942 0.6062479317407525 1.7160185228357834
-0.6860721596409094 0.6130171159680311 1.7126623263564773
-0.6615695825108769 0.6197863001953097 1.7093061298771712
-0.6370670053808446 0.6265554844225882 1.7059499333978652
-0.6125644282508119 0.6333246686498668 1.7025937369185589
-0.5880618511207796 0.6400938528771454 1.6992375404392528
-0.563559273990747 0.6468630371044239 1.6958813439599467
-0.5390566968607146 0.6536322213317025 1.6925251474806406
-0.5145541197306822 0.6604014055589811 1.6891689510013346
-0.49005154260064954 0.6671705897862596 1.6858127545220285
-0.4655489654706172 0.6739397740135382 1.6824565580427224
-0.4410463883405847 0.6807089582408168 1.6791003615634161
-0.4165438112105522 0.6874781424680954 1.67574416508411
-0.39204123408051966 0.6942473266953739 1.672387968604804
-0.36753865695048715 0.7010165109226525 1.669031772125498
-0.34303607982045475 0.7077856951499311 1.6656755756461918
-0.3185335026904223 0.7145548793772096 1.6623193791668858
-0.2940309255603898 0.7213240636044882 1.6589631826875795
-0.2695283484303573 0.7280932478317668 1.6556069862082734
-0.24502577130032477 0.7348624320590453 1.6522507897289673
-0.2205231941702924 0.7416316162863239 1.6488945932496613
-0.1960206170402599 0.7484008005136025 1.6455383967703552
-0.17151803991022738 0.755169984740881 1.642182200291049
-0.1470154627801949 0.7619391689681596 1.638826003811743
-0.12251288565016238 0.7687083531954382 1.6354698073324367
-0.09801030852013 0.7754775374227167 1.6321136108531307
-0.0735077313900975 0.7822467216499953 1.6287574143738246
-0.049005154260065 0.7890159058772739 1.6254012178945185
-0.0245025771300325 0.7957850901045525 1.6220450214152125
0.0 0.8025542743318311 1.6186888249359064
-0.9556005080712667 0.5478881159136858 1.7684024507094944
-0.9310979309412343 0.5546573001409644 1.7650462542301883
-0.9065953538112017 0.5614264843682429 1.7616900577508823
-0.8820927766811694 0.5681956685955215 1.7583338612715762
-0.8575901995511368 0.5749648528228001 1.7549776647922701
-0.8330876224211043 0.5817340370500786 1.751621468312964
-0.8085850452910719 0.5885032212773572 1.7482652718336578
-0.7840824681610393 0.5952724055046358 1.7449090753543517
-0.759579891031007 0.6020415897319144 1.7415528788750456
-0.7350773139009744 0.6088107739591929 1.7381966823957395
-0.710574736770942 0.6155799581864715 1.7348404859164335
-0.6860721596409094 0.6223491424137501 1.7314842894371274
-0.6615695825108769 0.6291183266410286 1.728128092957821
-0.6370670053808446 0.6358875108683072 1.724771896478515
-0.6125644282508119 0.6426566950955858 1.721415699999209
-0.5880618511207796 0.6494258793228643 1.7180595035199029
-0.563559273990747 0.6561950635501429 1.7147033070405968
-0.5390566968607146 0.6629642477774215 1.7113471105612907
-0.5145541197306822 0.6697334320047 1.7079909140819847
-0.49005154260064954 0.6765026162319786 1.7046347176026784
-0.4655489654706172 0.6832718004592572 1.7012785211233723
-0.4410463883405847 0.6900409846865357 1.6979223246440662
-0.4165438112105522 0.6968101689138143 1.6945661281647602
-0.39204123408051966 0.7035793531410929 1.691209931685454
-0.36753865695048715 0.7103485373683714 1.687853735206148
-0.34303607982045475 0.71711772159565 1.6844975387268417
-0.3185335026904223 0.7238869058229286 1.6811413422475356
-0.2940309255603898 0.7306560900502072 1.6777851457682296
-0.2695283484303573 0.7374252742774857 1.6744289492889235
-0.24502577130032477 0.7441944585047643 1.6710727528096174
-0.2205231941702924 0.7509636427320429 1.6677165563303114
-0.1960206170402599 0.7577328269593214 1.664360359851005
-0.17151803991022738 0.7645020111866 1.661004163371699
-0.1470154627801949 0.7712711954138786 1.657647966892393
-0.12251288565016238 0.7780403796411571 1.6542917704130868
-0.09801030852013 0.7848095638684357 1.6509355739337808
-0.0735077313900975 0.7915787480957143 1.6475793774544747
-0.049005154260065 0.7983479323229928 1.6442231809751686
-0.0245025771300325 0.8051171165502714 1.6408669844958623
0.0 0.81188630077755 1.6375107880165563
-0.9556005080712667 0.5572201423594048 1.7872244137901445
-0.9310979309412343 0.5639893265866833 1.7838682173108384
-0.9065953538112017 0.5707585108139619 1.7805120208315324
-0.8820927766811694 0.5775276950412405 1.777155824352226
-0.8575901995511368 0.584296879268519 1.77379962787292
-0.8330876224211043 0.5910660634957976 1.770443431393614
-0.8085850452910719 0.5978352477230762 1.7670872349143079
-0.7840824681610393 0.6046044319503547 1.7637310384350018
-0.759579891031007 0.6113736161776333 1.7603748419556957
-0.7350773139009744 0.6181428004049119 1.7570186454763896
-0.710574736770942 0.6249119846321904 1.7536624489970833
-0.6860721596409094 0.631681168859469 1.7503062525177773
-0.6615695825108769 0.6384503530867476 1.7469500560384712
-0.6370670053808446 0.6452195373140261 1.7435938595591651
-0.6125644282508119 0.6519887215413047 1.740237663079859
-0.5880618511207796 0.6587579057685833 1.736881466600553
-0.563559273990747 0.6655270899958619 1.7335252701212467
-0.5390566968607146 0.6722962742231404 1.7301690736419406
-0.5145541197306822 0.679065458450419 1.7268128771626345
-0.49005154260064954 0.6858346426776976 1.7234566806833285
-0.4655489654706172 0.6926038269049761 1.7201004842040224
-0.4410463883405847 0.6993730111322547 1.7167442877247163
-0.4165438112105522 0.7061421953595333 1.71338809124541
-0.39204123408051966 0.7129113795868118 1.710031894766104
-0.36753865695048715 0.7196805638140904 1.7066756982867979
-0.34303607982045475 0.726449748041369 1.7033195018074918
-0.3185335026904223 0.7332189322686475 1.6999633053281857
-0.2940309255603898 0.7399881164959261 1.6966071088488797
-0.2695283484303573 0.7467573007232047 1.6932509123695734
-0.24502577130032477 0.7535264849504832 1.6898947158902673
-0.2205231941702924 0.7602956691777618 1.6865385194109612
-0.1960206170402599 0.7670648534050404 1.6831823229316552
-0.17151803991022738 0.773834037632319 1.679826126452349
-0.1470154627801949 0.7806032218595975 1.676469929973043
-0.12251288565016238 0.7873724060868761 1.673113733493737
-0.09801030852013 0.7941415903141547 1.6697575370144306
-0.0735077313900975 0.8009107745414332 1.6664013405351246
-0.049005154260065 0.8076799587687118 1.6630451440558185
-0.0245025771300325 0.8144491429959904 1.6596889475765124
0.0 0.8212183272232689 1.6563327510972063
-0.9556005080712667 0.5665521688051237 1.8060463768707946
-0.9310979309412343 0.5733213530324023 1.8026901803914885
-0.9065953538112017 0.5800905372596808 1.7993339839121825
-0.8820927766811694 0.5868597214869594 1.7959777874328764
-0.8575901995511368 0.593628905714238 1.7926215909535703
-0.8330876224211043 0.6003980899415166 1.7892653944742642
-0.8085850452910719 0.6071672741687951 1.785909197994958
-0.7840824681610393 0.6139364583960738 1.7825530015156519
-0.759579891031007 0.6207056426233523 1.7791968050363458
-0.7350773139009744 0.6274748268506308 1.7758406085570397
-0.710574736770942 0.6342440110779094 1.7724844120777337
-0.6860721596409094 0.6410131953051881 1.7691282155984276
-0.6615695825108769 0.6477823795324666 1.7657720191191213
-0.6370670053808446 0.6545515637597451 1.7624158226398152
-0.6125644282508119 0.6613207479870238 1.7590596261605091
-0.5880618511207796 0.6680899322143022 1.755703429681203
-0.563559273990747 0.6748591164415809 1.752347233201897
-0.5390566968607146 0.6816283006688595 1.748991036722591
-0.5145541197306822 0.688397484896138 1.7456348402432849
-0.49005154260064954 0.6951666691234166 1.7422786437639786
-0.4655489654706172 0.7019358533506952 1.7389224472846725
-0.4410463883405847 0.7087050375779738 1.7355662508053664
-0.4165438112105522 0.7154742218052523 1.7322100543260603
-0.39204123408051966 0.7222434060325309 1.7288538578467543
-0.36753865695048715 0.7290125902598095 1.7254976613674482
-0.34303607982045475 0.7357817744870879 1.722141464888142
-0.3185335026904223 0.7425509587143666 1.7187852684088358
-0.2940309255603898 0.7493201429416452 1.7154290719295298
-0.2695283484303573 0.7560893271689237 1.7120728754502237
-0.24502577130032477 0.7628585113962023 1.7087166789709176
-0.2205231941702924 0.7696276956234809 1.7053604824916115
-0.1960206170402599 0.7763968798507594 1.7020042860123055
-0.17151803991022738 0.783166064078038 1.6986480895329992
-0.1470154627801949 0.7899352483053166 1.695291893053693
-0.12251288565016238 0.7967044325325952 1.691935696574387
-0.09801030852013 0.8034736167598737 1.688579500095081
-0.0735077313900975 0.8102428009871523 1.6852233036157749
-0.049005154260065 0.8170119852144309 1.6818671071364688
-0.0245025771300325 0.8237811694417094 1.6785109106571625
0.0 0.830550353668988 1.6751547141778564
-0.9556005080712667 0.5758841952508427 1.8248683399514447
-0.9310979309412343 0.5826533794781212 1.8215121434721386
-0.9065953538112017 0.5894225637053998 1.8181559469928326
-0.8820927766811694 0.5961917479326784 1.8147997505135265
-0.8575901995511368 0.6029609321599569 1.8114435540342202
-0.8330876224211043 0.6097301163872355 1.8080873575549141
-0.8085850452910719 0.6164993006145141 1.804731161075608
-0.7840824681610393 0.6232684848417926 1.801374964596302
-0.759579891031007 0.6300376690690712 1.798018768116996
-0.7350773139009744 0.6368068532963498 1.7946625716376898
-0.710574736770942 0.6435760375236284 1.7913063751583835
-0.6860721596409094 0.6503452217509069 1.7879501786790775
-0.6615695825108769 0.6571144059781855 1.7845939821997714
-0.6370670053808446 0.6638835902054641 1.7812377857204653
-0.6125644282508119 0.6706527744327426 1.7778815892411592
-0.5880618511207796 0.6774219586600212 1.7745253927618532
-0.563559273990747 0.6841911428872998 1.7711691962825469
-0.5390566968607146 0.6909603271145783 1.7678129998032408
-0.5145541197306822 0.6977295113418569 1.7644568033239347
-0.49005154260064954 0.7044986955691355 1.7611006068446287
-0.4655489654706172 0.711267879796414 1.7577444103653226
-0.4410463883405847 0.7180370640236926 1.7543882138860165
-0.4165438112105522 0.7248062482509712 1.7510320174067104
-0.39204123408051966 0.7315754324782497 1.7476758209274041
-0.36753865695048715 0.7383446167055283 1.744319624448098
-0.34303607982045475 0.7451138009328069 1.740963427968792
-0.3185335026904223 0.7518829851600854 1.737607231489486
-0.2940309255603898 0.758652169387364 1.7342510350101799
-0.2695283484303573 0.7654213536146426 1.7308948385308738
-0.24502577130032477 0.7721905378419212 1.7275386420515675
-0.2205231941702924 0.7789597220691997 1.7241824455722614
-0.1960206170402599 0.7857289062964783 1.7208262490929553
-0.17151803991022738 0.7924980905237569 1.7174700526136493
-0.1470154627801949 0.7992672747510354 1.7141138561343432
-0.12251288565016238 0.8060364589783141 1.7107576596550371
-0.09801030852013 0.8128056432055926 1.707401463175731
-0.0735077313900975 0.8195748274328711 1.7040452666964248
-0.049005154260065 0.8263440116601497 1.7006890702171187
-0.0245025771300325 0.8331131958874284 1.6973328737378126
0.0 0.839882380114707 1.6939766772585065
-0.9556005080712667 0.5852162216965616 1.8436903030320948
-0.9310979309412343 0.5919854059238402 1.8403341065527885
-0.9065953538112017 0.5987545901511188 1.8369779100734824
-0.8820927766811694 0.6055237743783973 1.8336217135941764
-0.8575901995511368 0.6122929586056759 1.8302655171148703
-0.8330876224211043 0.6190621428329545 1.8269093206355642
-0.8085850452910719 0.625831327060233 1.8235531241562581
-0.7840824681610393 0.6326005112875116 1.8201969276769518
-0.759579891031007 0.6393696955147902 1.8168407311976458
-0.7350773139009744 0.6461388797420687 1.8134845347183397
-0.710574736770942 0.6529080639693473 1.8101283382390336
-0.6860721596409094 0.6596772481966259 1.8067721417597276
-0.6615695825108769 0.6664464324239044 1.8034159452804215
-0.6370670053808446 0.673215616651183 1.8000597488011154
-0.6125644282508119 0.6799848008784616 1.7967035523218091
-0.5880618511207796 0.6867539851057402 1.793347355842503
-0.563559273990747 0.6935231693330187 1.789991159363197
-0.5390566968607146 0.7002923535602973 1.786634962883891
-0.5145541197306822 0.7070615377875759 1.7832787664045848
-0.49005154260064954 0.7138307220148544 1.7799225699252788
-0.4655489654706172 0.720599906242133 1.7765663734459725
-0.4410463883405847 0.7273690904694116 1.7732101769666664
-0.4165438112105522 0.7341382746966901 1.7698539804873603
-0.39204123408051966 0.7409074589239687 1.7664977840080542
-0.36753865695048715 0.7476766431512473 1.7631415875287482
-0.34303607982045475 0.7544458273785258 1.759785391049442
-0.3185335026904223 0.7612150116058044 1.7564291945701358
-0.2940309255603898 0.767984195833083 1.7530729980908297
-0.2695283484303573 0.7747533800603615 1.7497168016115237
-0.24502577130032477 0.7815225642876401 1.7463606051322176
-0.2205231941702924 0.7882917485149187 1.7430044086529115
-0.1960206170402599 0.7950609327421972 1.7396482121736054
-0.17151803991022738 0.8018301169694758 1.7362920156942994
-0.1470154627801949 0.8085993011967544 1.732935819214993
-0.12251288565016238 0.815368485424033 1.729579622735687
-0.09801030852013 0.8221376696513115 1.726223426256381
-0.0735077313900975 0.8289068538785901 1.7228672297770748
-0.049005154260065 0.8356760381058687 1.7195110332977688
-0.0245025771300325 0.8424452223331472 1.7161548368184627
0.0 0.8492144065604258 1.7127986403391564
-0.9556005080712667 0.5945482481422807 1.862512266112745
-0.9310979309412343 0.6013174323695593 1.8591560696334388
-0.9065953538112017 0.6080866165968378 1.8557998731541328
-0.8820927766811694 0.6148558008241164 1.8524436766748267
-0.8575901995511368 0.621624985051395 1.8490874801955204
-0.8330876224211043 0.6283941692786735 1.8457312837162143
-0.8085850452910719 0.6351633535059521 1.8423750872369082
-0.7840824681610393 0.6419325377332307 1.8390188907576022
-0.759579891031007 0.6487017219605092 1.835662694278296
-0.7350773139009744 0.6554709061877878 1.83230649779899
-0.710574736770942 0.6622400904150664 1.8289503013196837
-0.6860721596409094 0.6690092746423449 1.8255941048403777
-0.6615695825108769 0.6757784588696235 1.8222379083610716
-0.6370670053808446 0.6825476430969021 1.8188817118817655
-0.6125644282508119 0.6893168273241806 1.8155255154024594
-0.5880618511207796 0.6960860115514592 1.8121693189231534
-0.563559273990747 0.7028551957787378 1.8088131224438473
-0.5390566968607146 0.7096243800060164 1.805456925964541
-0.5145541197306822 0.7163935642332949 1.802100729485235
-0.49005154260064954 0.7231627484605735 1.7987445330059288
-0.4655489654706172 0.7299319326878521 1.7953883365266228
-0.4410463883405847 0.7367011169151306 1.7920321400473167
-0.4165438112105522 0.7434703011424092 1.7886759435680106
-0.39204123408051966 0.7502394853696878 1.7853197470887043
-0.36753865695048715 0.7570086695969663 1.7819635506093983
-0.34303607982045475 0.7637778538242449 1.7786073541300922
-0.3185335026904223 0.7705470380515235 1.7752511576507861
-0.2940309255603898 0.777316222278802 1.77189496117148
-0.2695283484303573 0.7840854065060806 1.768538764692174
-0.24502577130032477 0.7908545907333592 1.7651825682128677
-0.2205231941702924 0.7976237749606377 1.7618263717335616
-0.1960206170402599 0.8043929591879163 1.7584701752542555
-0.17151803991022738 0.8111621434151949 1.7551139787749495
-0.1470154627801949 0.8179313276424734 1.7517577822956434
-0.12251288565016238 0.824700511869752 1.7484015858163373
-0.09801030852013 0.8314696960970306 1.7450453893370312
-0.0735077313900975 0.8382388803243092 1.741689192857725
-0.049005154260065 0.8450080645515877 1.7383329963784189
-0.0245025771300325 0.8517772487788663 1.7349767998991128
0.0 0.8585464330061449 1.7316206034198067
-0.9556005080712667 0.6038802745879995 1.881334229193395
-0.9310979309412343 0.6106494588152781 1.877978032714089
-0.9065953538112017 0.6174186430425567 1.8746218362347826
-0.8820927766811694 0.6241878272698352 1.8712656397554766
-0.8575901995511368 0.6309570114971138 1.8679094432761705
-0.8330876224211043 0.6377261957243924 1.8645532467968644
-0.8085850452910719 0.6444953799516709 1.8611970503175583
-0.7840824681610393 0.6512645641789496 1.8578408538382523
-0.759579891031007 0.6580337484062281 1.854484657358946
-0.7350773139009744 0.6648029326335066 1.85112846087964
-0.710574736770942 0.6715721168607852 1.8477722644003338
-0.6860721596409094 0.6783413010880639 1.8444160679210277
-0.6615695825108769 0.6851104853153425 1.8410598714417217
-0.6370670053808446 0.6918796695426209 1.8377036749624156
-0.6125644282508119 0.6986488537698996 1.8343474784831093
-0.5880618511207796 0.7054180379971781 1.8309912820038032
-0.563559273990747 0.7121872222244567 1.8276350855244972
-0.5390566968607146 0.7189564064517353 1.824278889045191
-0.5145541197306822 0.7257255906790138 1.820922692565885
-0.49005154260064954 0.7324947749062924 1.817566496086579
-0.4655489654706172 0.739263959133571 1.8142102996072729
-0.4410463883405847 0.7460331433608496 1.8108541031279666
-0.4165438112105522 0.7528023275881282 1.8074979066486605
-0.39204123408051966 0.7595715118154067 1.8041417101693544
-0.36753865695048715 0.7663406960426853 1.8007855136900484
-0.34303607982045475 0.7731098802699637 1.7974293172107423
-0.3185335026904223 0.7798790644972424 1.7940731207314362
-0.2940309255603898 0.786648248724521 1.79071692425213
-0.2695283484303573 0.7934174329517996 1.7873607277728238
-0.24502577130032477 0.8001866171790781 1.7840045312935178
-0.2205231941702924 0.8069558014063567 1.7806483348142117
-0.1960206170402599 0.8137249856336353 1.7772921383349056
-0.17151803991022738 0.8204941698609138 1.7739359418555996
-0.1470154627801949 0.8272633540881924 1.7705797453762933
-0.12251288565016238 0.834032538315471 1.7672235488969872
-0.09801030852013 0.8408017225427495 1.7638673524176811
-0.0735077313900975 0.8475709067700281 1.760511155938375
-0.049005154260065 0.8543400909973067 1.757154959459069
-0.0245025771300325 0.8611092752245852 1.753798762979763
0.0 0.8678784594518638 1.7504425665004568
-0.9556005080712667 0.6132123010337185 1.9001561922740449
-0.9310979309412343 0.6199814852609971 1.8967999957947388
-0.9065953538112017 0.6267506694882756 1.8934437993154327
-0.8820927766811694 0.6335198537155542 1.8900876028361266
-0.8575901995511368 0.6402890379428328 1.8867314063568206
-0.8330876224211043 0.6470582221701113 1.8833752098775143
-0.8085850452910719 0.6538274063973899 1.8800190133982082
-0.7840824681610393 0.6605965906246685 1.8766628169189021
-0.759579891031007 0.667365774851947 1.873306620439596
-0.7350773139009744 0.6741349590792256 1.86995042396029
-0.710574736770942 0.6809041433065042 1.866594227480984
-0.6860721596409094 0.6876733275337827 1.8632380310016776
-0.6615695825108769 0.6944425117610613 1.8598818345223715
-0.6370670053808446 0.7012116959883399 1.8565256380430655
-0.6125644282508119 0.7079808802156184 1.8531694415637594
-0.5880618511207796 0.714750064442897 1.8498132450844533
-0.563559273990747 0.7215192486701756 1.8464570486051473
-0.5390566968607146 0.7282884328974542 1.8431008521258412
-0.5145541197306822 0.7350576171247327 1.8397446556465349
-0.49005154260064954 0.7418268013520113 1.8363884591672288
-0.4655489654706172 0.7485959855792899 1.8330322626879227
-0.4410463883405847 0.7553651698065684 1.8296760662086167
-0.4165438112105522 0.762134354033847 1.8263198697293106
-0.39204123408051966 0.7689035382611257 1.8229636732500045
-0.36753865695048715 0.7756727224884042 1.8196074767706982
-0.34303607982045475 0.7824419067156827 1.8162512802913922
-0.3185335026904223 0.7892110909429613 1.812895083812086
-0.2940309255603898 0.7959802751702398 1.80953888733278
-0.2695283484303573 0.8027494593975185 1.806182690853474
-0.24502577130032477 0.8095186436247971 1.8028264943741679
-0.2205231941702924 0.8162878278520755 1.7994702978948618
-0.1960206170402599 0.8230570120793541 1.7961141014155555
-0.17151803991022738 0.8298261963066327 1.7927579049362494
-0.1470154627801949 0.8365953805339114 1.7894017084569434
-0.12251288565016238 0.8433645647611899 1.7860455119776373
-0.09801030852013 0.8501337489884684 1.7826893154983312
-0.0735077313900975 0.856902933215747 1.7793331190190251
-0.049005154260065 0.8636721174430256 1.7759769225397188
-0.0245025771300325 0.8704413016703042 1.7726207260604128
0.0 0.8772104858975828 1.7692645295811067
-0.9556005080712667 0.6225443274794376 1.9189781553546952
-0.9310979309412343 0.6293135117067161 1.915621958875389
-0.9065953538112017 0.6360826959339947 1.9122657623960828
-0.8820927766811694 0.6428518801612733 1.9089095659167767
-0.8575901995511368 0.6496210643885518 1.9055533694374707
-0.8330876224211043 0.6563902486158304 1.9021971729581646
-0.8085850452910719 0.663159432843109 1.8988409764788585
-0.7840824681610393 0.6699286170703875 1.8954847799995524
-0.759579891031007 0.6766978012976661 1.8921285835202462
-0.7350773139009744 0.6834669855249447 1.88877238704094
-0.710574736770942 0.6902361697522232 1.885416190561634
-0.6860721596409094 0.6970053539795018 1.882059994082328
-0.6615695825108769 0.7037745382067804 1.8787037976030219
-0.6370670053808446 0.7105437224340589 1.8753476011237158
-0.6125644282508119 0.7173129066613375 1.8719914046444095
-0.5880618511207796 0.7240820908886161 1.8686352081651034
-0.563559273990747 0.7308512751158946 1.8652790116857974
-0.5390566968607146 0.7376204593431732 1.8619228152064913
-0.5145541197306822 0.7443896435704518 1.8585666187271852
-0.49005154260064954 0.7511588277977304 1.8552104222478791
-0.4655489654706172 0.7579280120250089 1.851854225768573
-0.4410463883405847 0.7646971962522875 1.8484980292892668
-0.4165438112105522 0.7714663804795661 1.8451418328099607
-0.39204123408051966 0.7782355647068446 1.8417856363306546
-0.36753865695048715 0.7850047489341232 1.8384294398513485
-0.34303607982045475 0.7917739331614018 1.8350732433720425
-0.3185335026904223 0.7985431173886803 1.8317170468927364
-0.2940309255603898 0.8053123016159589 1.82836085041343
-0.2695283484303573 0.8120814858432375 1.825004653934124
-0.24502577130032477 0.818850670070516 1.821648457454818
-0.2205231941702924 0.8256198542977946 1.8182922609755119
-0.1960206170402599 0.8323890385250732 1.8149360644962058
-0.17151803991022738 0.8391582227523517 1.8115798680168997
-0.1470154627801949 0.8459274069796303 1.8082236715375937
-0.12251288565016238 0.8526965912069089 1.8048674750582874
-0.09801030852013 0.8594657754341875 1.8015112785789813
-0.0735077313900975 0.866234959661466 1.7981550820996752
-0.049005154260065 0.8730041438887446 1.7947988856203692
-0.0245025771300325 0.8797733281160232 1.791442689141063
0.0 0.8865425123433017 1.788086492661757
-0.9556005080712667 0.6318763539251564 1.9378001184353448
-0.9310979309412343 0.638645538152435 1.9344439219560388
-0.9065953538112017 0.6454147223797135 1.9310877254767327
-0.8820927766811694 0.6521839066069921 1.9277315289974266
-0.8575901995511368 0.6589530908342707 1.9243753325181205
-0.8330876224211043 0.6657222750615492 1.9210191360388145
-0.8085850452910719 0.6724914592888278 1.9176629395595082
-0.7840824681610393 0.6792606435161064 1.914306743080202
-0.759579891031007 0.686029827743385 1.910950546600896
-0.7350773139009744 0.6927990119706635 1.90759435012159
-0.710574736770942 0.6995681961979421 1.9042381536422839
-0.6860721596409094 0.7063373804252207 1.9008819571629778
-0.6615695825108769 0.7131065646524992 1.8975257606836717
-0.6370670053808446 0.7198757488797778 1.8941695642043654
-0.6125644282508119 0.7266449331070564 1.8908133677250594
-0.5880618511207796 0.7334141173343349 1.8874571712457533
-0.563559273990747 0.7401833015616135 1.8841009747664472
-0.5390566968607146 0.7469524857888921 1.8807447782871412
-0.5145541197306822 0.7537216700161706 1.877388581807835
-0.49005154260064954 0.7604908542434492 1.8740323853285288
-0.4655489654706172 0.7672600384707278 1.8706761888492227
-0.4410463883405847 0.7740292226980063 1.8673199923699166
-0.4165438112105522 0.7807984069252849 1.8639637958906106
-0.39204123408051966 0.7875675911525635 1.8606075994113045
-0.36753865695048715 0.794336775379842 1.8572514029319984
-0.34303607982045475 0.8011059596071206 1.8538952064526921
-0.3185335026904223 0.8078751438343992 1.850539009973386
-0.2940309255603898 0.8146443280616777 1.84718281349408
-0.2695283484303573 0.8214135122889563 1.843826617014774
-0.24502577130032477 0.8281826965162349 1.8404704205354678
-0.2205231941702924 0.8349518807435135 1.8371142240561618
-0.1960206170402599 0.841721064970792 1.8337580275768557
-0.17151803991022738 0.8484902491980706 1.8304018310975494
-0.1470154627801949 0.8552594334253492 1.8270456346182433
-0.12251288565016238 0.8620286176526277 1.8236894381389372
-0.09801030852013 0.8687978018799063 1.8203332416596312
-0.0735077313900975 0.8755669861071849 1.816977045180325
-0.049005154260065 0.8823361703344634 1.813620848701019
-0.0245025771300325 0.889105354561742 1.8102646522217127
0.0 0.8958745387890206 1.8069084557424067
-0.9556005080712667 0.6412083803708755 1.9566220815159954
-0.9310979309412343 0.647977564598154 1.9532658850366893
-0.9065953538112017 0.6547467488254326 1.949909688557383
-0.8820927766811694 0.6615159330527112 1.946553492078077
-0.8575901995511368 0.6682851172799897 1.9431972955987709
-0.8330876224211043 0.6750543015072683 1.9398410991194648
-0.8085850452910719 0.6818234857345469 1.9364849026401587
-0.7840824681610393 0.6885926699618256 1.9331287061608526
-0.759579891031007 0.695361854189104 1.9297725096815466
-0.7350773139009744 0.7021310384163826 1.9264163132022403
-0.710574736770942 0.7089002226436611 1.9230601167229342
-0.6860721596409094 0.7156694068709398 1.9197039202436281
-0.6615695825108769 0.7224385910982184 1.916347723764322
-0.6370670053808446 0.7292077753254969 1.912991527285016
-0.6125644282508119 0.7359769595527755 1.90963533080571
-0.5880618511207796 0.742746143780054 1.9062791343264036
-0.563559273990747 0.7495153280073327 1.9029229378470975
-0.5390566968607146 0.7562845122346112 1.8995667413677915
-0.5145541197306822 0.7630536964618897 1.8962105448884854
-0.49005154260064954 0.7698228806891684 1.8928543484091793
-0.4655489654706172 0.776592064916447 1.8894981519298732
-0.4410463883405847 0.7833612491437255 1.886141955450567
-0.4165438112105522 0.7901304333710041 1.8827857589712609
-0.39204123408051966 0.7968996175982827 1.8794295624919548
-0.36753865695048715 0.8036688018255612 1.8760733660126487
-0.34303607982045475 0.8104379860528397 1.8727171695333427
-0.3185335026904223 0.8172071702801184 1.8693609730540366
-0.2940309255603898 0.8239763545073969 1.8660047765747305
-0.2695283484303573 0.8307455387346755 1.8626485800954242
-0.24502577130032477 0.8375147229619541 1.8592923836161181
-0.2205231941702924 0.8442839071892326 1.855936187136812
-0.1960206170402599 0.8510530914165112 1.852579990657506
-0.17151803991022738 0.8578222756437898 1.8492237941782
-0.1470154627801949 0.8645914598710683 1.8458675976988939
-0.12251288565016238 0.8713606440983469 1.8425114012195876
-0.09801030852013 0.8781298283256255 1.8391552047402815
-0.0735077313900975 0.884899012552904 1.8357990082609754
-0.049005154260065 0.8916681967801826 1.8324428117816693
-0.0245025771300325 0.8984373810074612 1.8290866153023633
0.0 0.9052065652347397 1.8257304188230572
-0.9556005080712667 0.6505404068165944 1.9754440445966452
-0.9310979309412343 0.657309591043873 1.9720878481173392
-0.9065953538112017 0.6640787752711516 1.968731651638033
-0.8820927766811694 0.6708479594984301 1.965375455158727
-0.8575901995511368 0.6776171437257087 1.962019258679421
-0.8330876224211043 0.6843863279529873 1.9586630622001149
-0.8085850452910719 0.6911555121802658 1.9553068657208086
-0.7840824681610393 0.6979246964075444 1.9519506692415025
-0.759579891031007 0.704693880634823 1.9485944727621964
-0.7350773139009744 0.7114630648621015 1.9452382762828904
-0.710574736770942 0.7182322490893801 1.9418820798035843
-0.6860721596409094 0.7250014333166587 1.9385258833242782
-0.6615695825108769 0.7317706175439372 1.935169686844972
-0.6370670053808446 0.7385398017712158 1.9318134903656659
-0.6125644282508119 0.7453089859984944 1.9284572938863598
-0.5880618511207796 0.752078170225773 1.9251010974070537
-0.563559273990747 0.7588473544530515 1.9217449009277476
-0.5390566968607146 0.7656165386803301 1.9183887044484416
-0.5145541197306822 0.7723857229076087 1.9150325079691355
-0.49005154260064954 0.7791549071348872 1.9116763114898292
-0.4655489654706172 0.7859240913621658 1.9083201150105231
-0.4410463883405847 0.7926932755894444 1.904963918531217
-0.4165438112105522 0.7994624598167229 1.901607722051911
-0.39204123408051966 0.8062316440440015 1.898251525572605
-0.36753865695048715 0.8130008282712801 1.8948953290932988
-0.34303607982045475 0.8197700124985586 1.8915391326139925
-0.3185335026904223 0.8265391967258372 1.8881829361346865
-0.2940309255603898 0.8333083809531158 1.8848267396553804
-0.2695283484303573 0.8400775651803943 1.8814705431760743
-0.24502577130032477 0.8468467494076729 1.8781143466967682
-0.2205231941702924 0.8536159336349515 1.8747581502174622
-0.1960206170402599 0.86038511786223 1.871401953738156
-0.17151803991022738 0.8671543020895086 1.8680457572588498
-0.1470154627801949 0.8739234863167872 1.8646895607795437
-0.12251288565016238 0.8806926705440659 1.8613333643002377
-0.09801030852013 0.8874618547713443 1.8579771678209316
-0.0735077313900975 0.8942310389986229 1.8546209713416255
-0.049005154260065 0.9010002232259015 1.8512647748623194
-0.0245025771300325 0.9077694074531801 1.8479085783830131
0.0 0.9145385916804587 1.844552381903707
-0.9556005080712667 0.6598724332623134 1.9942660076772953
-0.9310979309412343 0.6666416174895919 1.9909098111979893
-0.9065953538112017 0.6734108017168705 1.9875536147186832
-0.8820927766811694 0.6801799859441491 1.9841974182393771
-0.8575901995511368 0.6869491701714276 1.9808412217600708
-0.8330876224211043 0.6937183543987062 1.9774850252807648
-0.8085850452910719 0.7004875386259848 1.9741288288014587
-0.7840824681610393 0.7072567228532634 1.9707726323221526
-0.759579891031007 0.7140259070805419 1.9674164358428465
-0.7350773139009744 0.7207950913078205 1.9640602393635405
-0.710574736770942 0.7275642755350991 1.9607040428842342
-0.6860721596409094 0.7343334597623776 1.957347846404928
-0.6615695825108769 0.7411026439896562 1.953991649925622
-0.6370670053808446 0.7478718282169348 1.950635453446316
-0.6125644282508119 0.7546410124442133 1.9472792569670099
-0.5880618511207796 0.7614101966714919 1.9439230604877038
-0.563559273990747 0.7681793808987705 1.9405668640083975
-0.5390566968607146 0.774948565126049 1.9372106675290914
-0.5145541197306822 0.7817177493533276 1.9338544710497854
-0.49005154260064954 0.7884869335806062 1.9304982745704793
-0.4655489654706172 0.7952561178078847 1.9271420780911732
-0.4410463883405847 0.8020253020351633 1.9237858816118671
-0.4165438112105522 0.8087944862624419 1.920429685132561
-0.39204123408051966 0.8155636704897204 1.9170734886532548
-0.36753865695048715 0.822332854716999 1.9137172921739487
-0.34303607982045475 0.8291020389442776 1.9103610956946426
-0.3185335026904223 0.8358712231715562 1.9070048992153366
-0.2940309255603898 0.8426404073988347 1.9036487027360305
-0.2695283484303573 0.8494095916261133 1.9002925062567244
-0.24502577130032477 0.8561787758533919 1.8969363097774181
-0.2205231941702924 0.8629479600806704 1.893580113298112
-0.1960206170402599 0.869717144307949 1.890223916818806
-0.17151803991022738 0.8764863285352276 1.8868677203395
-0.1470154627801949 0.8832555127625061 1.8835115238601938
-0.12251288565016238 0.8900246969897847 1.8801553273808878
-0.09801030852013 0.8967938812170633 1.8767991309015817
-0.0735077313900975 0.9035630654443418 1.8734429344222754
-0.049005154260065 0.9103322496716204 1.8700867379429693
-0.0245025771300325 0.917101433898899 1.8667305414636632
0.0 0.9238706181261775 1.8633743449843572
-0.9556005080712667 0.6692044597080323 2.013087970757945
-0.9310979309412343 0.6759736439353109 2.0097317742786394
-0.9065953538112017 0.6827428281625895 2.006375577799333
-0.8820927766811694 0.689512012389868 2.003019381320027
-0.8575901995511368 0.6962811966171466 1.999663184840721
-0.8330876224211043 0.7030503808444252 1.9963069883614148
-0.8085850452910719 0.7098195650717037 1.9929507918821088
-0.7840824681610393 0.7165887492989823 1.9895945954028025
-0.759579891031007 0.7233579335262609 1.9862383989234964
-0.7350773139009744 0.7301271177535394 1.9828822024441903
-0.710574736770942 0.736896301980818 1.9795260059648843
-0.6860721596409094 0.7436654862080966 1.9761698094855782
-0.6615695825108769 0.7504346704353752 1.9728136130062721
-0.6370670053808446 0.7572038546626537 1.969457416526966
-0.6125644282508119 0.7639730388899323 1.9661012200476597
-0.5880618511207796 0.7707422231172109 1.9627450235683537
-0.563559273990747 0.7775114073444894 1.9593888270890476
-0.5390566968607146 0.784280591571768 1.9560326306097415
-0.5145541197306822 0.7910497757990466 1.9526764341304355
-0.49005154260064954 0.7978189600263251 1.9493202376511294
-0.4655489654706172 0.8045881442536037 1.945964041171823
-0.4410463883405847 0.8113573284808823 1.942607844692517
-0.4165438112105522 0.8181265127081608 1.939251648213211
-0.39204123408051966 0.8248956969354394 1.9358954517339049
-0.36753865695048715 0.831664881162718 1.9325392552545988
-0.34303607982045475 0.8384340653899965 1.9291830587752927
-0.3185335026904223 0.8452032496172751 1.9258268622959864
-0.2940309255603898 0.8519724338445537 1.9224706658166804
-0.2695283484303573 0.8587416180718322 1.9191144693373743
-0.24502577130032477 0.8655108022991108 1.9157582728580682
-0.2205231941702924 0.8722799865263894 1.9124020763787621
-0.1960206170402599 0.879049170753668 1.909045879899456
-0.17151803991022738 0.8858183549809465 1.90568968342015
-0.1470154627801949 0.8925875392082251 1.9023334869408437
-0.12251288565016238 0.8993567234355037 1.8989772904615376
-0.09801030852013 0.9061259076627822 1.8956210939822316
-0.0735077313900975 0.9128950918900608 1.8922648975029255
-0.049005154260065 0.9196642761173394 1.8889087010236194
-0.0245025771300325 0.9264334603446179 1.8855525045443133
0.0 0.9332026445718965 1.882196308065007
-0.9556005080712667 0.6785364861537512 2.0319099338385955
-0.9310979309412343 0.6853056703810297 2.0285537373592892
-0.9065953538112017 0.6920748546083083 2.025197540879983
-0.8820927766811694 0.6988440388355869 2.021841344400677
-0.8575901995511368 0.7056132230628654 2.018485147921371
-0.8330876224211043 0.712382407290144 2.015128951442065
-0.8085850452910719 0.7191515915174226 2.0117727549627586
-0.7840824681610393 0.7259207757447013 2.008416558483453
-0.759579891031007 0.7326899599719797 2.0050603620041465
-0.7350773139009744 0.7394591441992583 2.00170416552484
-0.710574736770942 0.7462283284265369 1.9983479690455344
-0.6860721596409094 0.7529975126538155 1.994991772566228
-0.6615695825108769 0.7597666968810941 1.991635576086922
-0.6370670053808446 0.7665358811083726 1.988279379607616
-0.6125644282508119 0.7733050653356512 1.9849231831283098
-0.5880618511207796 0.7800742495629297 1.9815669866490038
-0.563559273990747 0.7868434337902084 1.9782107901696977
-0.5390566968607146 0.793612618017487 1.9748545936903914
-0.5145541197306822 0.8003818022447654 1.9714983972110853
-0.49005154260064954 0.8071509864720441 1.9681422007317793
-0.4655489654706172 0.8139201706993227 1.9647860042524732
-0.4410463883405847 0.8206893549266012 1.9614298077731671
-0.4165438112105522 0.8274585391538798 1.958073611293861
-0.39204123408051966 0.8342277233811584 1.954717414814555
-0.36753865695048715 0.8409969076084369 1.9513612183352487
-0.34303607982045475 0.8477660918357155 1.9480050218559426
-0.3185335026904223 0.8545352760629941 1.9446488253766365
-0.2940309255603898 0.8613044602902726 1.9412926288973305
-0.2695283484303573 0.8680736445175512 1.9379364324180244
-0.24502577130032477 0.8748428287448298 1.9345802359387183
-0.2205231941702924 0.8816120129721083 1.931224039459412
-0.1960206170402599 0.8883811971993869 1.927867842980106
-0.17151803991022738 0.8951503814266655 1.9245116465007999
-0.1470154627801949 0.901919565653944 1.9211554500214938
-0.12251288565016238 0.9086887498812226 1.9177992535421877
-0.09801030852013 0.9154579341085012 1.9144430570628816
-0.0735077313900975 0.9222271183357797 1.9110868605835756
-0.049005154260065 0.9289963025630583 1.9077306641042693
-0.0245025771300325 0.9357654867903369 1.9043744676249632
0.0 0.9425346710176155 1.9010182711456571
-0.9556005080712667 0.6878685125994703 2.050731896919246
-0.9310979309412343 0.6946376968267489 2.0473757004399395
-0.9065953538112017 0.7014068810540275 2.0440195039606337
-0.8820927766811694 0.708176065281306 2.0406633074813274
-0.8575901995511368 0.7149452495085846 2.037307111002021
-0.8330876224211043 0.7217144337358632 2.0339509145227153
-0.8085850452910719 0.7284836179631418 2.030594718043409
-0.7840824681610393 0.7352528021904203 2.027238521564103
-0.759579891031007 0.7420219864176989 2.023882325084797
-0.7350773139009744 0.7487911706449775 2.020526128605491
-0.710574736770942 0.755560354872256 2.0171699321261847
-0.6860721596409094 0.7623295390995346 2.0138137356468784
-0.6615695825108769 0.7690987233268132 2.0104575391675725
-0.6370670053808446 0.7758679075540917 2.0071013426882662
-0.6125644282508119 0.7826370917813703 2.0037451462089604
-0.5880618511207796 0.7894062760086489 2.000388949729654
-0.563559273990747 0.7961754602359274 1.997032753250348
-0.5390566968607146 0.802944644463206 1.993676556771042
-0.5145541197306822 0.8097138286904846 1.9903203602917359
-0.49005154260064954 0.8164830129177632 1.9869641638124298
-0.4655489654706172 0.8232521971450417 1.9836079673331235
-0.4410463883405847 0.8300213813723203 1.9802517708538174
-0.4165438112105522 0.8367905655995989 1.9768955743745114
-0.39204123408051966 0.8435597498268774 1.9735393778952053
-0.36753865695048715 0.850328934054156 1.9701831814158992
-0.34303607982045475 0.8570981182814346 1.9668269849365931
-0.3185335026904223 0.8638673025087131 1.9634707884572868
-0.2940309255603898 0.8706364867359917 1.9601145919779808
-0.2695283484303573 0.8774056709632703 1.9567583954986747
-0.24502577130032477 0.8841748551905488 1.9534021990193686
-0.2205231941702924 0.8909440394178274 1.9500460025400626
-0.1960206170402599 0.897713223645106 1.9466898060607565
-0.17151803991022738 0.9044824078723845 1.9433336095814504
-0.1470154627801949 0.9112515920996631 1.939977413102144
-0.12251288565016238 0.9180207763269417 1.936621216622838
-0.09801030852013 0.9247899605542202 1.933265020143532
-0.0735077313900975 0.9315591447814988 1.929908823664226
-0.049005154260065 0.9383283290087774 1.9265526271849198
-0.0245025771300325 0.945097513236056 1.9231964307056137
0.0 0.9518666974633346 1.9198402342263075
-0.9556005080712667 0.6972005390451893 2.0695538599998957
-0.9310979309412343 0.7039697232724679 2.0661976635205894
-0.9065953538112017 0.7107389074997464 2.0628414670412836
-0.8820927766811694 0.717508091727025 2.0594852705619773
-0.8575901995511368 0.7242772759543036 2.0561290740826714
-0.8330876224211043 0.7310464601815821 2.052772877603365
-0.8085850452910719 0.7378156444088607 2.0494166811240593
-0.7840824681610393 0.7445848286361393 2.046060484644753
-0.759579891031007 0.7513540128634179 2.0427042881654467
-0.7350773139009744 0.7581231970906964 2.039348091686141
-0.710574736770942 0.764892381317975 2.0359918952068345
-0.6860721596409094 0.7716615655452536 2.0326356987275287
-0.6615695825108769 0.7784307497725321 2.0292795022482224
-0.6370670053808446 0.7851999339998107 2.0259233057689165
-0.6125644282508119 0.7919691182270893 2.0225671092896103
-0.5880618511207796 0.7987383024543678 2.019210912810304
-0.563559273990747 0.8055074866816464 2.015854716330998
-0.5390566968607146 0.812276670908925 2.012498519851692
-0.5145541197306822 0.8190458551362035 2.009142323372386
-0.49005154260064954 0.8258150393634821 2.0057861268930797
-0.4655489654706172 0.8325842235907607 2.0024299304137734
-0.4410463883405847 0.8393534078180392 1.9990737339344675
-0.4165438112105522 0.8461225920453178 1.9957175374551614
-0.39204123408051966 0.8528917762725964 1.9923613409758552
-0.36753865695048715 0.859660960499875 1.989005144496549
-0.34303607982045475 0.8664301447271535 1.985648948017243
-0.3185335026904223 0.8731993289544321 1.982292751537937
-0.2940309255603898 0.8799685131817107 1.9789365550586309
-0.2695283484303573 0.8867376974089892 1.9755803585793248
-0.24502577130032477 0.8935068816362678 1.9722241621000187
-0.2205231941702924 0.9002760658635464 1.9688679656207124
-0.1960206170402599 0.9070452500908249 1.9655117691414064
-0.17151803991022738 0.9138144343181035 1.9621555726621003
-0.1470154627801949 0.9205836185453821 1.9587993761827942
-0.12251288565016238 0.9273528027726606 1.9554431797034881
-0.09801030852013 0.9341219869999392 1.952086983224182
-0.0735077313900975 0.9408911712272178 1.9487307867448758
-0.049005154260065 0.9476603554544963 1.9453745902655697
-0.0245025771300325 0.9544295396817749 1.9420183937862636
0.0 0.9611987239090535 1.9386621973069575
-0.9556005080712667 0.7065325654909083 2.0883758230805456
-0.9310979309412343 0.7133017497181868 2.0850196266012397
-0.9065953538112017 0.7200709339454654 2.0816634301219334
-0.8820927766811694 0.726840118172744 2.0783072336426276
-0.8575901995511368 0.7336093024000225 2.0749510371633213
-0.8330876224211043 0.7403784866273011 2.071594840684015
-0.8085850452910719 0.7471476708545797 2.068238644204709
-0.7840824681610393 0.7539168550818582 2.064882447725403
-0.759579891031007 0.7606860393091368 2.061526251246097
-0.7350773139009744 0.7674552235364154 2.0581700547667907
-0.710574736770942 0.774224407763694 2.054813858287485
-0.6860721596409094 0.7809935919909725 2.0514576618081786
-0.6615695825108769 0.7877627762182511 2.0481014653288723
-0.6370670053808446 0.7945319604455297 2.0447452688495664
-0.6125644282508119 0.8013011446728082 2.04138907237026
-0.5880618511207796 0.8080703289000868 2.0380328758909543
-0.563559273990747 0.8148395131273654 2.034676679411648
-0.5390566968607146 0.8216086973546439 2.031320482932342
-0.5145541197306822 0.8283778815819225 2.027964286453036
-0.49005154260064954 0.8351470658092011 2.0246080899737295
-0.4655489654706172 0.8419162500364796 2.0212518934944237
-0.4410463883405847 0.8486854342637582 2.0178956970151174
-0.4165438112105522 0.8554546184910368 2.0145395005358115
-0.39204123408051966 0.8622238027183153 2.0111833040565052
-0.36753865695048715 0.8689929869455939 2.007827107577199
-0.34303607982045475 0.8757621711728725 2.004470911097893
-0.3185335026904223 0.882531355400151 2.001114714618587
-0.2940309255603898 0.8893005396274296 1.9977585181392807
-0.2695283484303573 0.8960697238547082 1.9944023216599747
-0.24502577130032477 0.9028389080819867 1.9910461251806686
-0.2205231941702924 0.9096080923092653 1.9876899287013625
-0.1960206170402599 0.9163772765365439 1.9843337322220564
-0.17151803991022738 0.9231464607638225 1.9809775357427504
-0.1470154627801949 0.929915644991101 1.9776213392634443
-0.12251288565016238 0.9366848292183796 1.974265142784138
-0.09801030852013 0.9434540134456582 1.970908946304832
-0.0735077313900975 0.9502231976729367 1.9675527498255259
-0.049005154260065 0.9569923819002153 1.9641965533462198
-0.0245025771300325 0.9637615661274939 1.9608403568669137
0.0 0.9705307503547724 1.9574841603876076
-0.9556005080712667 0.7158645919366271 2.107197786161196
-0.9310979309412343 0.7226337761639057 2.1038415896818896
-0.9065953538112017 0.7294029603911842 2.1004853932025833
-0.8820927766811694 0.7361721446184628 2.0971291967232775
-0.8575901995511368 0.7429413288457414 2.093773000243971
-0.8330876224211043 0.74971051307302 2.0904168037646653
-0.8085850452910719 0.7564796973002985 2.087060607285359
-0.7840824681610393 0.7632488815275772 2.083704410806053
-0.759579891031007 0.7700180657548557 2.080348214326747
-0.7350773139009744 0.7767872499821342 2.0769920178474406
-0.710574736770942 0.7835564342094128 2.0736358213681347
-0.6860721596409094 0.7903256184366915 2.0702796248888284
-0.6615695825108769 0.79709480266397 2.0669234284095226
-0.6370670053808446 0.8038639868912485 2.0635672319302163
-0.6125644282508119 0.8106331711185272 2.0602110354509104
-0.5880618511207796 0.8174023553458056 2.056854838971604
-0.563559273990747 0.8241715395730843 2.053498642492298
-0.5390566968607146 0.8309407238003629 2.050142446012992
-0.5145541197306822 0.8377099080276413 2.0467862495336857
-0.49005154260064954 0.84447909225492 2.04343005305438
-0.4655489654706172 0.8512482764821986 2.0400738565750736
-0.4410463883405847 0.8580174607094772 2.0367176600957677
-0.4165438112105522 0.8647866449367557 2.0333614636164614
-0.39204123408051966 0.8715558291640343 2.030005267137155
-0.36753865695048715 0.8783250133913129 2.0266490706578493
-0.34303607982045475 0.8850941976185914 2.023292874178543
-0.3185335026904223 0.89186338184587 2.019936677699237
-0.2940309255603898 0.8986325660731486 2.016580481219931
-0.2695283484303573 0.9054017503004271 2.0132242847406245
-0.24502577130032477 0.9121709345277057 2.0098680882613187
-0.2205231941702924 0.9189401187549843 2.0065118917820124
-0.1960206170402599 0.9257093029822628 2.0031556953027065
-0.17151803991022738 0.9324784872095414 1.9997994988234002
-0.1470154627801949 0.93924767143682 1.9964433023440942
-0.12251288565016238 0.9460168556640985 1.993087105864788
-0.09801030852013 0.9527860398913771 1.989730909385482
-0.0735077313900975 0.9595552241186557 1.986374712906176
-0.049005154260065 0.9663244083459342 1.9830185164268697
-0.0245025771300325 0.9730935925732128 1.9796623199475636
0.0 0.9798627768004914 1.9763061234682575
-0.9556005080712667 0.7251966183823461 2.126019749241846
-0.9310979309412343 0.7319658026096246 2.1226635527625395
-0.9065953538112017 0.7387349868369032 2.1193073562832336
-0.8820927766811694 0.7455041710641818 2.1159511598039273
-0.8575901995511368 0.7522733552914603 2.1125949633246215
-0.8330876224211043 0.7590425395187389 2.109238766845315
-0.8085850452910719 0.7658117237460175 2.105882570366009
-0.7840824681610393 0.772580907973296 2.102526373886703
-0.759579891031007 0.7793500922005746 2.0991701774073968
-0.7350773139009744 0.7861192764278532 2.095813980928091
-0.710574736770942 0.7928884606551317 2.0924577844487846
-0.6860721596409094 0.7996576448824103 2.0891015879694788
-0.6615695825108769 0.8064268291096889 2.0857453914901725
-0.6370670053808446 0.8131960133369674 2.082389195010866
-0.6125644282508119 0.819965197564246 2.0790329985315603
-0.5880618511207796 0.8267343817915246 2.075676802052254
-0.563559273990747 0.8335035660188032 2.072320605572948
-0.5390566968607146 0.8402727502460817 2.068964409093642
-0.5145541197306822 0.8470419344733603 2.065608212614336
-0.49005154260064954 0.8538111187006389 2.0622520161350297
-0.4655489654706172 0.8605803029279174 2.0588958196557234
-0.4410463883405847 0.867349487155196 2.0555396231764176
-0.4165438112105522 0.8741186713824746 2.0521834266971113
-0.39204123408051966 0.8808878556097532 2.0488272302178054
-0.36753865695048715 0.8876570398370318 2.045471033738499
-0.34303607982045475 0.8944262240643103 2.042114837259193
-0.3185335026904223 0.9011954082915888 2.038758640779887
-0.2940309255603898 0.9079645925188674 2.0354024443005807
-0.2695283484303573 0.9147337767461461 2.032046247821275
-0.24502577130032477 0.9215029609734247 2.0286900513419686
-0.2205231941702924 0.9282721452007031 2.0253338548626627
-0.1960206170402599 0.9350413294279817 2.0219776583833564
-0.17151803991022738 0.9418105136552603 2.01862146190405
-0.1470154627801949 0.9485796978825389 2.0152652654247443
-0.12251288565016238 0.9553488821098175 2.011909068945438
-0.09801030852013 0.962118066337096 2.008552872466132
-0.0735077313900975 0.9688872505643745 2.005196675986826
-0.049005154260065 0.9756564347916532 2.00184047950752
-0.0245025771300325 0.9824256190189318 1.9984842830282137
0.0 0.9891948032462103 1.9951280865489076
-0.9556005080712667 0.734528644828065 2.1448417123224957
-0.9310979309412343 0.7412978290553436 2.14148551584319
-0.9065953538112017 0.7480670132826222 2.1381293193638835
-0.8820927766811694 0.7548361975099007 2.1347731228845777
-0.8575901995511368 0.7616053817371793 2.1314169264052714
-0.8330876224211043 0.7683745659644579 2.128060729925965
-0.8085850452910719 0.7751437501917364 2.124704533446659
-0.7840824681610393 0.781912934419015 2.121348336967353
-0.759579891031007 0.7886821186462936 2.117992140488047
-0.7350773139009744 0.7954513028735721 2.1146359440087408
-0.710574736770942 0.8022204871008507 2.1112797475294345
-0.6860721596409094 0.8089896713281293 2.1079235510501286
-0.6615695825108769 0.8157588555554078 2.1045673545708223
-0.6370670053808446 0.8225280397826864 2.1012111580915165
-0.6125644282508119 0.829297224009965 2.09785496161221
-0.5880618511207796 0.8360664082372435 2.0944987651329043
-0.563559273990747 0.8428355924645221 2.091142568653598
-0.5390566968607146 0.8496047766918007 2.0877863721742917
-0.5145541197306822 0.8563739609190792 2.084430175694986
-0.49005154260064954 0.8631431451463578 2.0810739792156796
-0.4655489654706172 0.8699123293736364 2.0777177827363738
-0.4410463883405847 0.876681513600915 2.0743615862570675
-0.4165438112105522 0.8834506978281935 2.0710053897777616
-0.39204123408051966 0.8902198820554721 2.0676491932984553
-0.36753865695048715 0.8969890662827507 2.064292996819149
-0.34303607982045475 0.9037582505100292 2.060936800339843
-0.3185335026904223 0.9105274347373078 2.057580603860537
-0.2940309255603898 0.9172966189645864 2.054224407381231
-0.2695283484303573 0.9240658031918649 2.0508682109019247
-0.24502577130032477 0.9308349874191435 2.0475120144226184
-0.2205231941702924 0.9376041716464221 2.0441558179433126
-0.1960206170402599 0.9443733558737006 2.0407996214640063
-0.17151803991022738 0.9511425401009792 2.0374434249847004
-0.1470154627801949 0.9579117243282578 2.034087228505394
-0.12251288565016238 0.9646809085555363 2.0307310320260883
-0.09801030852013 0.9714500927828149 2.027374835546782
-0.0735077313900975 0.9782192770100935 2.0240186390674757
-0.049005154260065 0.984988461237372 2.02066244258817
-0.0245025771300325 0.9917576454646506 2.0173062461088636
0.0 0.9985268296919292 2.0139500496295577
-0.9556005080712667 0.7438606712737842 2.163663675403146
-0.9310979309412343 0.7506298555010628 2.16030747892384
-0.9065953538112017 0.7573990397283413 2.156951282444534
-0.8820927766811694 0.7641682239556199 2.153595085965228
-0.8575901995511368 0.7709374081828985 2.1502388894859217
-0.8330876224211043 0.777706592410177 2.146882693006616
-0.8085850452910719 0.7844757766374556 2.1435264965273095
-0.7840824681610393 0.7912449608647342 2.1401703000480032
-0.759579891031007 0.7980141450920127 2.1368141035686974
-0.7350773139009744 0.8047833293192913 2.133457907089391
-0.710574736770942 0.8115525135465699 2.1301017106100852
-0.6860721596409094 0.8183216977738484 2.126745514130779
-0.6615695825108769 0.825090882001127 2.1233893176514727
-0.6370670053808446 0.8318600662284056 2.120033121172167
-0.6125644282508119 0.8386292504556841 2.1166769246928605
-0.5880618511207796 0.8453984346829627 2.1133207282135547
-0.563559273990747 0.8521676189102413 2.1099645317342484
-0.5390566968607146 0.8589368031375199 2.1066083352549425
-0.5145541197306822 0.8657059873647984 2.103252138775636
-0.49005154260064954 0.872475171592077 2.09989594229633
-0.4655489654706172 0.8792443558193556 2.096539745817024
-0.4410463883405847 0.8860135400466341 2.0931835493377178
-0.4165438112105522 0.8927827242739127 2.089827352858412
-0.39204123408051966 0.8995519085011913 2.0864711563791056
-0.36753865695048715 0.9063210927284698 2.0831149598998
-0.34303607982045475 0.9130902769557484 2.0797587634204935
-0.3185335026904223 0.919859461183027 2.076402566941187
-0.2940309255603898 0.9266286454103055 2.0730463704618813
-0.2695283484303573 0.9333978296375841 2.069690173982575
-0.24502577130032477 0.9401670138648627 2.066333977503269
-0.2205231941702924 0.9469361980921412 2.062977781023963
-0.1960206170402599 0.9537053823194198 2.059621584544657
-0.17151803991022738 0.9604745665466984 2.0562653880653508
-0.1470154627801949 0.967243750773977 2.0529091915860445
-0.12251288565016238 0.9740129350012555 2.0495529951067386
-0.09801030852013 0.9807821192285341 2.0461967986274323
-0.0735077313900975 0.9875513034558127 2.0428406021481265
-0.049005154260065 0.9943204876830912 2.03948440566882
-0.0245025771300325 1.0010896719103697 2.036128209189514
0.0 1.0078588561376485 2.032772012710208
-0.9556005080712667 0.753192697719503 2.1824856384837963
-0.9310979309412343 0.7599618819467816 2.17912944200449
-0.9065953538112017 0.7667310661740602 2.175773245525184
-0.8820927766811694 0.7735002504013387 2.172417049045878
-0.8575901995511368 0.7802694346286173 2.1690608525665716
-0.8330876224211043 0.7870386188558959 2.1657046560872657
-0.8085850452910719 0.7938078030831744 2.1623484596079594
-0.7840824681610393 0.8005769873104531 2.1589922631286536
-0.759579891031007 0.8073461715377316 2.1556360666493473
-0.7350773139009744 0.8141153557650102 2.1522798701700414
-0.710574736770942 0.8208845399922887 2.148923673690735
-0.6860721596409094 0.8276537242195674 2.145567477211429
-0.6615695825108769 0.834422908446846 2.142211280732123
-0.6370670053808446 0.8411920926741244 2.1388550842528167
-0.6125644282508119 0.8479612769014031 2.135498887773511
-0.5880618511207796 0.8547304611286816 2.1321426912942045
-0.563559273990747 0.8614996453559602 2.1287864948148982
-0.5390566968607146 0.8682688295832388 2.1254302983355924
-0.5145541197306822 0.8750380138105173 2.122074101856286
-0.49005154260064954 0.881807198037796 2.1187179053769802
-0.4655489654706172 0.8885763822650745 2.115361708897674
-0.4410463883405847 0.8953455664923531 2.112005512418368
-0.4165438112105522 0.9021147507196317 2.108649315939062
-0.39204123408051966 0.9088839349469102 2.1052931194597555
-0.36753865695048715 0.9156531191741888 2.1019369229804497
-0.34303607982045475 0.9224223034014672 2.0985807265011434
-0.3185335026904223 0.9291914876287459 2.0952245300218375
-0.2940309255603898 0.9359606718560245 2.091868333542531
-0.2695283484303573 0.9427298560833031 2.0885121370632254
-0.24502577130032477 0.9494990403105816 2.085155940583919
-0.2205231941702924 0.9562682245378602 2.0817997441046128
-0.1960206170402599 0.9630374087651388 2.078443547625307
-0.17151803991022738 0.9698065929924173 2.0750873511460006
-0.1470154627801949 0.9765757772196959 2.0717311546666948
-0.12251288565016238 0.9833449614469745 2.0683749581873885
-0.09801030852013 0.990114145674253 2.065018761708082
-0.0735077313900975 0.9968833299015316 2.0616625652287763
-0.049005154260065 1.0036525141288102 2.05830636874947
-0.0245025771300325 1.0104216983560887 2.054950172270164
0.0 1.0171908825833673 2.051593975790858
-0.9556005080712667 0.762524724165222 2.201307601564446
-0.9310979309412343 0.7692939083925006 2.19795140508514
-0.9065953538112017 0.7760630926197791 2.194595208605834
-0.8820927766811694 0.7828322768470577 2.1912390121265277
-0.8575901995511368 0.7896014610743363 2.187882815647222
-0.8330876224211043 0.7963706453016148 2.1845266191679156
-0.8085850452910719 0.8031398295288934 2.1811704226886097
-0.7840824681610393 0.809909013756172 2.1778142262093034
-0.759579891031007 0.8166781979834505 2.174458029729997
-0.7350773139009744 0.8234473822107291 2.1711018332506913
-0.710574736770942 0.8302165664380077 2.167745636771385
-0.6860721596409094 0.8369857506652862 2.164389440292079
-0.6615695825108769 0.8437549348925648 2.161033243812773
-0.6370670053808446 0.8505241191198434 2.157677047333467
-0.6125644282508119 0.857293303347122 2.1543208508541607
-0.5880618511207796 0.8640624875744005 2.1509646543748544
-0.563559273990747 0.8708316718016791 2.1476084578955486
-0.5390566968607146 0.8776008560289577 2.1442522614162423
-0.5145541197306822 0.8843700402562362 2.1408960649369364
-0.49005154260064954 0.8911392244835148 2.13753986845763
-0.4655489654706172 0.8979084087107934 2.134183671978324
-0.4410463883405847 0.9046775929380719 2.130827475499018
-0.4165438112105522 0.9114467771653505 2.1274712790197117
-0.39204123408051966 0.9182159613926291 2.124115082540406
-0.36753865695048715 0.9249851456199076 2.1207588860610995
-0.34303607982045475 0.9317543298471862 2.1174026895817937
-0.3185335026904223 0.9385235140744648 2.1140464931024874
-0.2940309255603898 0.9452926983017433 2.110690296623181
-0.2695283484303573 0.9520618825290219 2.1073341001438752
-0.24502577130032477 0.9588310667563005 2.103977903664569
-0.2205231941702924 0.965600250983579 2.100621707185263
-0.1960206170402599 0.9723694352108576 2.097265510705957
-0.17151803991022738 0.9791386194381362 2.093909314226651
-0.1470154627801949 0.9859078036654148 2.0905531177473446
-0.12251288565016238 0.9926769878926934 2.0871969212680384
-0.09801030852013 0.9994461721199719 2.0838407247887325
-0.0735077313900975 1.0062153563472505 2.080484528309426
-0.049005154260065 1.012984540574529 2.0771283318301204
-0.0245025771300325 1.0197537248018076 2.073772135350814
0.0 1.0265229090290862 2.0704159388715078
-0.9556005080712667 0.771856750610941 2.220129564645096
-0.9310979309412343 0.7786259348382195 2.21677336816579
-0.9065953538112017 0.7853951190654981 2.213417171686484
-0.8820927766811694 0.7921643032927767 2.210060975207178
-0.8575901995511368 0.7989334875200552 2.2067047787278717
-0.8330876224211043 0.8057026717473338 2.2033485822485654
-0.8085850452910719 0.8124718559746124 2.1999923857692596
-0.7840824681610393 0.8192410402018909 2.1966361892899533
-0.759579891031007 0.8260102244291695 2.1932799928106474
-0.7350773139009744 0.8327794086564481 2.189923796331341
-0.710574736770942 0.8395485928837266 2.1865675998520353
-0.6860721596409094 0.8463177771110052 2.183211403372729
-0.6615695825108769 0.8530869613382838 2.1798552068934227
-0.6370670053808446 0.8598561455655623 2.176499010414117
-0.6125644282508119 0.8666253297928409 2.1731428139348106
-0.5880618511207796 0.8733945140201195 2.1697866174555047
-0.563559273990747 0.880163698247398 2.1664304209761984
-0.5390566968607146 0.8869328824746766 2.163074224496892
-0.5145541197306822 0.8937020667019552 2.1597180280175863
-0.49005154260064954 0.9004712509292337 2.15636183153828
-0.4655489654706172 0.9072404351565123 2.153005635058974
-0.4410463883405847 0.9140096193837909 2.149649438579668
-0.4165438112105522 0.9207788036110695 2.146293242100362
-0.39204123408051966 0.927547987838348 2.1429370456210557
-0.36753865695048715 0.9343171720656266 2.1395808491417494
-0.34303607982045475 0.9410863562929052 2.1362246526624435
-0.3185335026904223 0.9478555405201837 2.1328684561831373
-0.2940309255603898 0.9546247247474623 2.1295122597038314
-0.2695283484303573 0.9613939089747409 2.126156063224525
-0.24502577130032477 0.9681630932020194 2.1227998667452193
-0.2205231941702924 0.974932277429298 2.119443670265913
-0.1960206170402599 0.9817014616565766 2.1160874737866067
-0.17151803991022738 0.9884706458838551 2.112731277307301
-0.1470154627801949 0.9952398301111337 2.1093750808279945
-0.12251288565016238 1.0020090143384124 2.1060188843486887
-0.09801030852013 1.008778198565691 2.1026626878693824
-0.0735077313900975 1.0155473827929695 2.099306491390076
-0.049005154260065 1.022316567020248 2.0959502949107702
-0.0245025771300325 1.0290857512475267 2.092594098431464
0.0 1.0358549354748052 2.089237901952158
-0.9556005080712667 0.7811887770566599 2.2389515277257463
-0.9310979309412343 0.7879579612839385 2.23559533124644
-0.9065953538112017 0.794727145511217 2.2322391347671338
-0.8820927766811694 0.8014963297384956 2.228882938287828
-0.8575901995511368 0.8082655139657742 2.2255267418085216
-0.8330876224211043 0.8150346981930527 2.2221705453292158
-0.8085850452910719 0.8218038824203313 2.2188143488499095
-0.7840824681610393 0.8285730666476099 2.2154581523706036
-0.759579891031007 0.8353422508748884 2.2121019558912973
-0.7350773139009744 0.842111435102167 2.208745759411991
-0.710574736770942 0.8488806193294456 2.205389562932685
-0.6860721596409094 0.8556498035567242 2.202033366453379
-0.6615695825108769 0.8624189877840027 2.198677169974073
-0.6370670053808446 0.8691881720112813 2.1953209734947667
-0.6125644282508119 0.8759573562385599 2.1919647770154604
-0.5880618511207796 0.8827265404658384 2.1886085805361546
-0.563559273990747 0.889495724693117 2.1852523840568483
-0.5390566968607146 0.8962649089203956 2.1818961875775424
-0.5145541197306822 0.9030340931476741 2.178539991098236
-0.49005154260064954 0.9098032773749527 2.1751837946189303
-0.4655489654706172 0.9165724616022313 2.171827598139624
-0.4410463883405847 0.9233416458295098 2.1684714016603177
-0.4165438112105522 0.9301108300567884 2.165115205181012
-0.39204123408051966 0.936880014284067 2.1617590087017056
-0.36753865695048715 0.9436491985113455 2.1584028122223997
-0.34303607982045475 0.9504183827386241 2.1550466157430934
-0.3185335026904223 0.9571875669659027 2.1516904192637876
-0.2940309255603898 0.9639567511931812 2.1483342227844813
-0.2695283484303573 0.9707259354204598 2.144978026305175
-0.24502577130032477 0.9774951196477384 2.141621829825869
-0.2205231941702924 0.984264303875017 2.138265633346563
-0.1960206170402599 0.9910334881022955 2.134909436867257
-0.17151803991022738 0.9978026723295741 2.1315532403879507
-0.1470154627801949 1.0045718565568527 2.128197043908645
-0.12251288565016238 1.0113410407841312 2.1248408474293385
-0.09801030852013 1.0181102250114098 2.1214846509500322
-0.0735077313900975 1.0248794092386884 2.1181284544707264
-0.049005154260065 1.031648593465967 2.11477225799142
-0.0245025771300325 1.0384177776932455 2.1114160615121143
0.0 1.045186961920524 2.108059865032808
-0.9556005080712667 0.7905208035023787 2.257773490806396
-0.9310979309412343 0.7972899877296573 2.25441729432709
-0.9065953538112017 0.8040591719569359 2.251061097847784
-0.8820927766811694 0.8108283561842144 2.247704901368478
-0.8575901995511368 0.817597540411493 2.244348704889172
-0.8330876224211043 0.8243667246387716 2.2409925084098656
-0.8085850452910719 0.8311359088660502 2.2376363119305593
-0.7840824681610393 0.8379050930933288 2.2342801154512535
-0.759579891031007 0.8446742773206073 2.230923918971947
-0.7350773139009744 0.8514434615478859 2.2275677224926413
-0.710574736770942 0.8582126457751644 2.224211526013335
-0.6860721596409094 0.8649818300024431 2.220855329534029
-0.6615695825108769 0.8717510142297217 2.217499133054723
-0.6370670053808446 0.8785201984570001 2.2141429365754166
-0.6125644282508119 0.8852893826842788 2.2107867400961108
-0.5880618511207796 0.8920585669115573 2.2074305436168045
-0.563559273990747 0.898827751138836 2.2040743471374986
-0.5390566968607146 0.9055969353661145 2.2007181506581923
-0.5145541197306822 0.912366119593393 2.1973619541788865
-0.49005154260064954 0.9191353038206717 2.19400575769958
-0.4655489654706172 0.9259044880479502 2.190649561220274
-0.4410463883405847 0.9326736722752288 2.187293364740968
-0.4165438112105522 0.9394428565025074 2.1839371682616617
-0.39204123408051966 0.9462120407297859 2.180580971782356
-0.36753865695048715 0.9529812249570645 2.1772247753030496
-0.34303607982045475 0.9597504091843431 2.1738685788237433
-0.3185335026904223 0.9665195934116216 2.1705123823444374
-0.2940309255603898 0.9732887776389002 2.167156185865131
-0.2695283484303573 0.9800579618661788 2.1637999893858253
-0.24502577130032477 0.9868271460934573 2.160443792906519
-0.2205231941702924 0.9935963303207359 2.157087596427213
-0.1960206170402599 1.0003655145480144 2.153731399947907
-0.17151803991022738 1.007134698775293 2.1503752034686006
-0.1470154627801949 1.0139038830025715 2.1470190069892947
-0.12251288565016238 1.02067306722985 2.1436628105099884
-0.09801030852013 1.0274422514571286 2.1403066140306826
-0.0735077313900975 1.0342114356844072 2.1369504175513763
-0.049005154260065 1.0409806199116858 2.1335942210720704
-0.0245025771300325 1.0477498041389643 2.130238024592764
0.0 1.054518988366243 2.126881828113458
-0.9556005080712667 0.7998528299480979 2.2765954538870465
-0.9310979309412343 0.8066220141753765 2.2732392574077407
-0.9065953538112017 0.8133911984026551 2.2698830609284344
-0.8820927766811694 0.8201603826299336 2.266526864449128
-0.8575901995511368 0.8269295668572122 2.2631706679698222
-0.8330876224211043 0.8336987510844908 2.259814471490516
-0.8085850452910719 0.8404679353117693 2.25645827501121
-0.7840824681610393 0.8472371195390479 2.253102078531904
-0.759579891031007 0.8540063037663265 2.2497458820525975
-0.7350773139009744 0.860775487993605 2.2463896855732917
-0.710574736770942 0.8675446722208836 2.2430334890939854
-0.6860721596409094 0.8743138564481622 2.2396772926146795
-0.6615695825108769 0.8810830406754407 2.236321096135373
-0.6370670053808446 0.8878522249027193 2.2329648996560674
-0.6125644282508119 0.8946214091299979 2.229608703176761
-0.5880618511207796 0.9013905933572764 2.226252506697455
-0.563559273990747 0.908159777584555 2.222896310218149
-0.5390566968607146 0.9149289618118336 2.2195401137388426
-0.5145541197306822 0.9216981460391122 2.216183917259537
-0.49005154260064954 0.9284673302663907 2.2128277207802305
-0.4655489654706172 0.9352365144936693 2.2094715243009246
-0.4410463883405847 0.9420056987209479 2.2061153278216183
-0.4165438112105522 0.9487748829482264 2.202759131342312
-0.39204123408051966 0.955544067175505 2.199402934863006
-0.36753865695048715 0.9623132514027836 2.1960467383837
-0.34303607982045475 0.9690824356300621 2.192690541904394
-0.3185335026904223 0.9758516198573407 2.1893343454250878
-0.2940309255603898 0.9826208040846193 2.1859781489457815
-0.2695283484303573 0.9893899883118978 2.1826219524664756
-0.24502577130032477 0.9961591725391764 2.1792657559871693
-0.2205231941702924 1.002928356766455 2.1759095595078635
-0.1960206170402599 1.0096975409937337 2.172553363028557
-0.17151803991022738 1.0164667252210122 2.1691971665492513
-0.1470154627801949 1.0232359094482908 2.165840970069945
-0.12251288565016238 1.0300050936755694 2.1624847735906387
-0.09801030852013 1.036774277902848 2.159128577111333
-0.0735077313900975 1.0435434621301265 2.1557723806320266
-0.049005154260065 1.050312646357405 2.1524161841527207
-0.0245025771300325 1.0570818305846836 2.1490599876734144
0.0 1.0638510148119622 2.1457037911941086
-0.9556005080712667 0.8091848563938169 2.2954174169676964
-0.9310979309412343 0.8159540406210954 2.2920612204883906
-0.9065953538112017 0.822723224848374 2.2887050240090843
-0.8820927766811694 0.8294924090756526 2.2853488275297784
-0.8575901995511368 0.8362615933029311 2.281992631050472
-0.8330876224211043 0.8430307775302097 2.2786364345711663
-0.8085850452910719 0.8497999617574883 2.27528023809186
-0.7840824681610393 0.8565691459847669 2.2719240416125537
-0.759579891031007 0.8633383302120454 2.268567845133248
-0.7350773139009744 0.870107514439324 2.2652116486539415
-0.710574736770942 0.8768766986666026 2.2618554521746357
-0.6860721596409094 0.8836458828938811 2.2584992556953294
-0.6615695825108769 0.8904150671211597 2.255143059216023
-0.6370670053808446 0.8971842513484383 2.2517868627367172
-0.6125644282508119 0.9039534355757168 2.248430666257411
-0.5880618511207796 0.9107226198029954 2.245074469778105
-0.563559273990747 0.917491804030274 2.241718273298799
-0.5390566968607146 0.9242609882575525 2.238362076819493
-0.5145541197306822 0.9310301724848311 2.2350058803401867
-0.49005154260064954 0.9377993567121097 2.2316496838608804
-0.4655489654706172 0.9445685409393882 2.2282934873815745
-0.4410463883405847 0.9513377251666668 2.224937290902268
-0.4165438112105522 0.9581069093939454 2.2215810944229624
-0.39204123408051966 0.964876093621224 2.218224897943656
-0.36753865695048715 0.9716452778485025 2.2148687014643498
-0.34303607982045475 0.9784144620757811 2.211512504985044
-0.3185335026904223 0.9851836463030597 2.2081563085057376
-0.2940309255603898 0.9919528305303382 2.204800112026432
-0.2695283484303573 0.9987220147576168 2.2014439155471255
-0.24502577130032477 1.0054911989848954 2.1980877190678196
-0.2205231941702924 1.012260383212174 2.1947315225885133
-0.1960206170402599 1.0190295674394525 2.191375326109207
-0.17151803991022738 1.025798751666731 2.188019129629901
-0.1470154627801949 1.0325679358940096 2.184662933150595
-0.12251288565016238 1.0393371201212882 2.181306736671289
-0.09801030852013 1.0461063043485668 2.1779505401919828
-0.0735077313900975 1.0528754885758453 2.174594343712677
-0.049005154260065 1.059644672803124 2.1712381472333706
-0.0245025771300325 1.0664138570304025 2.1678819507540643
0.0 1.073183041257681 2.1645257542747585
-0.9556005080712667 0.8185168828395358 2.3142393800483467
-0.9310979309412343 0.8252860670668144 2.3108831835690404
-0.9065953538112017 0.832055251294093 2.3075269870897346
-0.8820927766811694 0.8388244355213715 2.3041707906104283
-0.8575901995511368 0.8455936197486501 2.300814594131122
-0.8330876224211043 0.8523628039759287 2.297458397651816
-0.8085850452910719 0.8591319882032072 2.29410220117251
-0.7840824681610393 0.8659011724304858 2.290746004693204
-0.759579891031007 0.8726703566577644 2.2873898082138977
-0.7350773139009744 0.879439540885043 2.2840336117345914
-0.710574736770942 0.8862087251123215 2.2806774152552856
-0.6860721596409094 0.8929779093396001 2.2773212187759793
-0.6615695825108769 0.8997470935668787 2.2739650222966734
-0.6370670053808446 0.9065162777941572 2.270608825817367
-0.6125644282508119 0.9132854620214358 2.2672526293380613
-0.5880618511207796 0.9200546462487144 2.263896432858755
-0.563559273990747 0.9268238304759929 2.2605402363794487
-0.5390566968607146 0.9335930147032715 2.257184039900143
-0.5145541197306822 0.9403621989305501 2.2538278434208365
-0.49005154260064954 0.9471313831578286 2.2504716469415307
-0.4655489654706172 0.9539005673851072 2.2471154504622244
-0.4410463883405847 0.9606697516123858 2.2437592539829185
-0.4165438112105522 0.9674389358396643 2.2404030575036122
-0.39204123408051966 0.9742081200669429 2.237046861024306
-0.36753865695048715 0.9809773042942215 2.233690664545
-0.34303607982045475 0.9877464885215 2.230334468065694
-0.3185335026904223 0.9945156727487786 2.226978271586388
-0.2940309255603898 1.001284856976057 2.2236220751070817
-0.2695283484303573 1.0080540412033359 2.2202658786277754
-0.24502577130032477 1.0148232254306144 2.2169096821484695
-0.2205231941702924 1.0215924096578928 2.213553485669163
-0.1960206170402599 1.0283615938851713 2.2101972891898574
-0.17151803991022738 1.03513077811245 2.206841092710551
-0.1470154627801949 1.0418999623397287 2.203484896231245
-0.12251288565016238 1.0486691465670073 2.200128699751939
-0.09801030852013 1.0554383307942856 2.1967725032726326
-0.0735077313900975 1.0622075150215642 2.1934163067933268
-0.049005154260065 1.068976699248843 2.1900601103140205
-0.0245025771300325 1.0757458834761215 2.1867039138347146
0.0 1.0825150677034001 2.1833477173554083
-0.9556005080712667 0.8278489092852547 2.3330613431289966
-0.9310979309412343 0.8346180935125332 2.3297051466496903
-0.9065953538112017 0.8413872777398118 2.3263489501703845
-0.8820927766811694 0.8481564619670904 2.322992753691078
-0.8575901995511368 0.854925646194369 2.3196365572117723
-0.8330876224211043 0.8616948304216475 2.316280360732466
-0.8085850452910719 0.8684640146489261 2.31292416425316
-0.7840824681610393 0.8752331988762048 2.309567967773854
-0.759579891031007 0.8820023831034832 2.3062117712945476
-0.7350773139009744 0.8887715673307618 2.3028555748152417
-0.710574736770942 0.8955407515580404 2.2994993783359354
-0.6860721596409094 0.902309935785319 2.2961431818566296
-0.6615695825108769 0.9090791200125976 2.2927869853773233
-0.6370670053808446 0.9158483042398761 2.289430788898017
-0.6125644282508119 0.9226174884671547 2.286074592418711
-0.5880618511207796 0.9293866726944332 2.282718395939405
-0.563559273990747 0.9361558569217119 2.279362199460099
-0.5390566968607146 0.9429250411489905 2.2760060029807927
-0.5145541197306822 0.9496942253762689 2.272649806501487
-0.49005154260064954 0.9564634096035476 2.2692936100221806
-0.4655489654706172 0.9632325938308262 2.2659374135428743
-0.4410463883405847 0.9700017780581047 2.2625812170635684
-0.4165438112105522 0.9767709622853833 2.259225020584262
-0.39204123408051966 0.9835401465126619 2.2558688241049563
-0.36753865695048715 0.9903093307399404 2.25251262762565
-0.34303607982045475 0.997078514967219 2.249156431146344
-0.3185335026904223 1.0038476991944976 2.245800234667038
-0.2940309255603898 1.0106168834217761 2.2424440381877315
-0.2695283484303573 1.0173860676490547 2.2390878417084257
-0.24502577130032477 1.0241552518763333 2.2357316452291194
-0.2205231941702924 1.0309244361036118 2.2323754487498135
-0.1960206170402599 1.0376936203308904 2.2290192522705072
-0.17151803991022738 1.044462804558169 2.225663055791201
-0.1470154627801949 1.0512319887854475 2.222306859311895
-0.12251288565016238 1.0580011730127261 2.218950662832589
-0.09801030852013 1.0647703572400047 2.215594466353283
-0.0735077313900975 1.0715395414672833 2.2122382698739766
-0.049005154260065 1.0783087256945618 2.208882073394671
-0.0245025771300325 1.0850779099218404 2.2055258769153645
0.0 1.091847094149119 2.202169680436058
-0.9556005080712667 0.8371809357309736 2.3518833062096465
-0.9310979309412343 0.8439501199582522 2.3485271097303406
-0.9065953538112017 0.8507193041855308 2.3451709132510343
-0.8820927766811694 0.8574884884128093 2.3418147167717285
-0.8575901995511368 0.8642576726400879 2.338458520292422
-0.8330876224211043 0.8710268568673665 2.335102323813116
-0.8085850452910719 0.877796041094645 2.33174612733381
-0.7840824681610393 0.8845652253219236 2.3283899308545037
-0.759579891031007 0.8913344095492022 2.325033734375198
-0.7350773139009744 0.8981035937764807 2.3216775378958916
-0.710574736770942 0.9048727780037593 2.3183213414165853
-0.6860721596409094 0.9116419622310379 2.3149651449372795
-0.6615695825108769 0.9184111464583165 2.311608948457973
-0.6370670053808446 0.925180330685595 2.3082527519786673
-0.6125644282508119 0.9319495149128736 2.304896555499361
-0.5880618511207796 0.9387186991401522 2.301540359020055
-0.563559273990747 0.9454878833674307 2.298184162540749
-0.5390566968607146 0.9522570675947093 2.2948279660614426
-0.5145541197306822 0.9590262518219879 2.2914717695821367
-0.49005154260064954 0.9657954360492664 2.2881155731028304
-0.4655489654706172 0.972564620276545 2.2847593766235246
-0.4410463883405847 0.9793338045038236 2.2814031801442183
-0.4165438112105522 0.9861029887311021 2.2780469836649124
-0.39204123408051966 0.9928721729583808 2.274690787185606
-0.36753865695048715 0.9996413571856594 2.2713345907063
-0.34303607982045475 1.0064105414129378 2.267978394226994
-0.3185335026904223 1.0131797256402164 2.2646221977476877
-0.2940309255603898 1.019948909867495 2.261266001268382
-0.2695283484303573 1.0267180940947735 2.2579098047890755
-0.24502577130032477 1.0334872783220521 2.2545536083097693
-0.2205231941702924 1.0402564625493307 2.2511974118304634
-0.1960206170402599 1.0470256467766093 2.247841215351157
-0.17151803991022738 1.0537948310038878 2.2444850188718513
-0.1470154627801949 1.0605640152311664 2.241128822392545
-0.12251288565016238 1.067333199458445 2.237772625913239
-0.09801030852013 1.0741023836857235 2.234416429433933
-0.0735077313900975 1.080871567913002 2.2310602329546265
-0.049005154260065 1.0876407521402807 2.2277040364753207
-0.0245025771300325 1.0944099363675592 2.2243478399960144
0.0 1.1011791205948378 2.2209916435167085
-0.9556005080712667 0.8465129621766926 2.370705269290297
-0.9310979309412343 0.8532821464039712 2.3673490728109905
-0.9065953538112017 0.8600513306312497 2.363992876331684
-0.8820927766811694 0.8668205148585283 2.3606366798523784
-0.8575901995511368 0.8735896990858069 2.357280483373072
-0.8330876224211043 0.8803588833130854 2.353924286893766
-0.8085850452910719 0.887128067540364 2.35056809041446
-0.7840824681610393 0.8938972517676426 2.347211893935154
-0.759579891031007 0.9006664359949211 2.3438556974558478
-0.7350773139009744 0.9074356202221997 2.3404995009765415
-0.710574736770942 0.9142048044494783 2.3371433044972356
-0.6860721596409094 0.9209739886767568 2.3337871080179293
-0.6615695825108769 0.9277431729040354 2.3304309115386235
-0.6370670053808446 0.934512357131314 2.327074715059317
-0.6125644282508119 0.9412815413585925 2.323718518580011
-0.5880618511207796 0.9480507255858711 2.320362322100705
-0.563559273990747 0.9548199098131497 2.3170061256213987
-0.5390566968607146 0.9615890940404282 2.313649929142093
-0.5145541197306822 0.9683582782677068 2.3102937326627866
-0.49005154260064954 0.9751274624949854 2.3069375361834807
-0.4655489654706172 0.981896646722264 2.3035813397041744
-0.4410463883405847 0.9886658309495425 2.300225143224868
-0.4165438112105522 0.9954350151768211 2.2968689467455623
-0.39204123408051966 1.0022041994040998 2.293512750266256
-0.36753865695048715 1.0089733836313783 2.29015655378695
-0.34303607982045475 1.015742567858657 2.286800357307644
-0.3185335026904223 1.0225117520859355 2.283444160828338
-0.2940309255603898 1.029280936313214 2.2800879643490317
-0.2695283484303573 1.0360501205404926 2.2767317678697254
-0.24502577130032477 1.0428193047677712 2.2733755713904196
-0.2205231941702924 1.0495884889950498 2.2700193749111133
-0.1960206170402599 1.0563576732223283 2.2666631784318074
-0.17151803991022738 1.0631268574496069 2.263306981952501
-0.1470154627801949 1.0698960416768855 2.259950785473195
-0.12251288565016238 1.076665225904164 2.256594588993889
-0.09801030852013 1.0834344101314426 2.2532383925145827
-0.0735077313900975 1.0902035943587212 2.249882196035277
-0.049005154260065 1.0969727785859997 2.2465259995559705
-0.0245025771300325 1.1037419628132783 2.2431698030766647
0.0 1.1105111470405569 2.2398136065973584
POLYGONS 9282 37128
3 0 40 1
3 1 40 41
3 1 41 2
3 2 41 42
3 2 42 3
3 3 42 43
3 3 43 4
3 4 43 44
3 4 44 5
3 5 44 45
3 5 45 6
3 6 45 46
3 6 46 7
3 7 46 47
3 7 47 8
3 8 47 48
3 8 48 9
3 9 48 49
3 9 49 10
3 10 49 50
3 10 50 11
3 11 50 51
3 11 51 12
3 12 51 52
3 12 52 13
3 13 52 53
3 13 53 14
3 14 53 54
3 14 54 15
3 15 54 55
3 15 55 16
3 16 55 56
3 16 56 17
3 17 56 57
3 17 57 18
3 18 57 58
3 18 58 19
3 19 58 59
3 19 59 20
3 20 59 60
3 20 60 21
3 21 60 61
3 21 61 22
3 22 61 62
3 22 62 23
3 23 62 63
3 23 63 24
3 24 63 64
3 24 64 25
3 25 64 65
3 25 65 26
3 26 65 66
3 26 66 27
3 27 66 67
3 27 67 28
3 28 67 68
3 28 68 29
3 29 68 69
3 29 69 30
3 30 69 70
3 30 70 31
3 31 70 71
3 31 71 32
3 32 71 72
3 32 72 33
3 33 72 73
3 33 73 34
3 34 73 74
3 34 74 35
3 35 74 75
3 35 75 36
3 36 75 76
3 36 76 37
3 37 76 77
3 37 77 38
3 38 77 78
3 38 78 39
3 39 78 79
3 40 80 41
3 41 80 81
3 41 81 42
3 42 81 82
3 42 82 43
3 43 82 83
3 43 83 44
3 44 83 84
3 44 84 45
3 45 84 85
3 45 85 46
3 46 85 86
3 46 86 47
3 47 86 87
3 47 87 48
3 48 87 88
3 48 88 49
3 49 88 89
3 49 89 50
3 50 89 90
3 50 90 51
3 51 90 91
3 51 91 52
3 52 91 92
3 52 92 53
3 53 92 93
3 53 93 54
3 54 93 94
3 54 94 55
3 55 94 95
3 55 95 56
3 56 95 96
3 56 96 57
3 57 96 97
3 57 97 58
3 58 97 98
3 58 98 59
3 59 98 99
3 59 99 60
3 60 99 100
3 60 100 61
3 61 100 101
3 61 101 62
3 62 101 102
3 62 102 63
3 63 102 103
3 63 103 64
3 64 103 104
3 64 104 65
3 65 104 105
3 65 105 66
3 66 105 106
3 66 106 67
3 67 106 107
3 67 107 68
3 68 107 108
3 68 108 69
3 69 108 109
3 69 109 70
3 70 109 110
3 70 110 71
3 71 110 111
3 71 111 72
3 72 111 112
3 72 112 73
3 73 112 113
3 73 113 74
3 74 113 114
3 74 114 75
3 75 114 115
3 75 115 76
3 76 115 116
3 76 116 77
3 77 116 117
3 77 117 78
3 78 117 118
3 78 118 79
3 79 118 119
3 80 120 81
3 81 120 121
3 81 121 82
3 82 121 122
3 82 122 83
3 83 122 123
3 83 123 84
3 84 123 124
3 84 124 85
3 85 124 125
3 85 125 86
3 86 125 126
3 86 126 87
3 87 126 127
3 87 127 88
3 88 127 128
3 88 128 89
3 89 128 129
3 89 129 90
3 90 129 130
3 90 130 91
3 91 130 131
3 91 131 92
3 92 131 132
3 92 132 93
3 93 132 133
3 93 133 94
3 94 133 134
3 94 134 95
3 95 134 135
3 95 135 96
3 96 135 136
3 96 136 97
3 97 136 137
3 97 137 98
3 98 137 138
3 98 138 99
3 99 138 139
3 99 139 100
3 100 139 140
3 100 140 101
3 101 140 141
3 101 141 102
3 102 141 142
3 102 142 103
3 103 142 143
3 103 143 104
3 104 143 144
3 104 144 105
3 105 144 145
3 105 145 106
3 106 145 146
3 106 146 107
3 107 146 147
3 107 147 108
3 108 147 148
3 108 148 109
3 109 148 149
3 109 149 110
3 110 149 150
3 110 150 111
3 111 150 151
3 111 151 112
3 112 151 152
3 112 152 113
3 113 152 153
3 113 153 114
3 114 153 154
3 114 154 115
3 115 154 155
3 115 155 116
3 116 155 156
3 116 156 117
3 117 156 157
3 117 157 118
3 118 157 158
3 118 158 119
3 119 158 159
3 120 160 121
3 121 160 161
3 121 161 122
3 122 161 162
3 122 162 123
3 123 162 163
3 123 163 124
3 124 163 164
3 124 164 125
3 125 164 165
3 125 165 126
3 126 165 166
3 126 166 127
3 127 166 167
3 127 167 128
3 128 167 168
3 128 168 129
3 129 168 169
3 129 169 130
3 130 169 170
3 130 170 131
3 131 170 171
3 131 171 132
3 132 171 172
3 132 172 133
3 133 172 173
3 133 173 134
3 134 173 174
3 134 174 135
3 135 174 175
3 135 175 136
3 136 175 176
3 136 176 137
3 137 176 177
3 137 177 138
3 138 177 178
3 138 178 139
3 139 178 179
3 139 179 140
3 140 179 180
3 140 180 141
3 141 180 181
3 141 181 142
3 142 181 182
3 142 182 143
3 143 182 183
3 143 183 144
3 144 183 184
3 144 184 145
3 145 184 185
3 145 185 146
3 146 185 186
3 146 186 147
3 147 186 187
3 147 187 148
3 148 187 188
3 148 188 149
3 149 188 189
3 149 189 150
3 150 189 190
3 150 190 151
3 151 190 191
3 151 191 152
3 152 191 192
3 152 192 153
3 153 192 193
3 153 193 154
3 154 193 194
3 154 194 155
3 155 194 195
3 155 195 156
3 156 195 196
3 156 196 157
3 157 196 197
3 157 197 158
3 158 197 198
3 158 198 159
3 159 198 199
3 160 200 161
3 161 200 201
3 161 201 162
3 162 201 202
3 162 202 163
3 163 202 203
3 163 203 164
3 164 203 204
3 164 204 165
3 165 204 205
3 165 205 166
3 166 205 206
3 166 206 167
3 167 206 207
3 167 207 168
3 168 207 208
3 168 208 169
3 169 208 209
3 169 209 170
3 170 209 210
3 170 210 171
3 171 210 211
3 171 211 172
3 172 211 212
3 172 212 173
3 173 212 213
3 173 213 174
3 174 213 214
3 174 214 175
3 175 214 215
3 175 215 176
3 176 215 216
3 176 216 177
3 177 216 217
3 177 217 178
3 178 217 218
3 178 218 179
3 179 218 219
3 179 219 180
3 180 219 220
3 180 220 181
3 181 220 221
3 181 221 182
3 182 221 222
3 182 222 183
3 183 222 223
3 183 223 184
3 184 223 224
3 184 224 185
3 185 224 225
3 185 225 186
3 186 225 226
3 186 226 187
3 187 226 227
3 187 227 188
3 188 227 228
3 188 228 189
3 189 228 229
3 189 229 190
3 190 229 230
3 190 230 191
3 191 230 231
3 191 231 192
3 192 231 232
3 192 232 193
3 193 232 233
3 193 233 194
3 194 233 234
3 194 234 195
3 195 234 235
3 195 235 196
3 196 235 236
3 196 236 197
3 197 236 237
3 197 237 198
3 198 237 238
3 198 238 199
3 199 238 239
3 200 240 201
3 201 240 241
3 201 241 202
3 202 241 242
3 202 242 203
3 203 242 243
3 203 243 204
3 204 243 244
3 204 244 205
3 205 244 245
3 205 245 206
3 206 245 246
3 206 246 207
3 207 246 247
3 207 247 208
3 208 247 248
3 208 248 209
3 209 248 249
3 209 249 210
3 210 249 250
3 210 250 211
3 211 250 251
3 211 251 212
3 212 251 252
3 212 252 213
3 213 252 253
3 213 253 214
3 214 253 254
3 214 254 215
3 215 254 255
3 215 255 216
3 216 255 256
3 216 256 217
3 217 256 257
3 217 257 218
3 218 257 258
3 218 258 219
3 219 258 259
3 219 259 220
3 220 259 260
3 220 260 221
3 221 260 261
3 221 261 222
3 222 261 262
3 222 262 223
3 223 262 263
3 223 263 224
3 224 263 264
3 224 264 225
3 225 264 265
3 225 265 226
3 226 265 266
3 226 266 227
3 227 266 267
3 227 267 228
3 228 267 268
3 228 268 229
3 229 268 269
3 229 269 230
3 230 269 270
3 230 270 231
3 231 270 271
3 231 271 232
3 232 271 272
3 232 272 233
3 233 272 273
3 233 273 234
3 234 273 274
3 234 274 235
3 235 274 275
3 235 275 236
3 236 275 276
3 236 276 237
3 237 276 277
3 237 277 238
3 238 277 278
3 238 278 239
3 239 278 279
3 240 280 241
3 241 280 281
3 241 281 242
3 242 281 282
3 242 282 243
3 243 282 283
3 243 283 244
3 244 283 284
3 244 284 245
3 245 284 285
3 245 285 246
3 246 285 286
3 246 286 247
3 247 286 287
3 247 287 248
3 248 287 288
3 248 288 249
3 249 288 289
3 249 289 250
3 250 289 290
3 250 290 251
3 251 290 291
3 251 291 252
3 252 291 292
3 252 292 253
3 253 292 293
3 253 293 254
3 254 293 294
3 254 294 255
3 255 294 295
3 255 295 256
3 256 295 296
3 256 296 257
3 257 296 297
3 257 297 258
3 258 297 298
3 258 298 259
3 259 298 299
3 259 299 260
3 260 299 300
3 260 300 261
3 261 300 301
3 261 301 262
3 262 301 302
3 262 302 263
3 263 302 303
3 263 303 264
3 264 303 304
3 264 304 265
3 265 304 305
3 265 305 266
3 266 305 306
3 266 306 267
3 267 306 307
3 267 307 268
3 268 307 308
3 268 308 269
3 269 308 309
3 269 309 270
3 270 309 310
3 270 310 271
3 271 310 311
3 271 311 272
3 272 311 312
3 272 312 273
3 273 312 313
3 273 313 274
3 274 313 314
3 274 314 275
3 275 314 315
3 275 315 276
3 276 315 316
3 276 316 277
3 277 316 317
3 277 317 278
3 278 317 318
3 278 318 279
3 279 318 319
3 280 320 281
3 281 320 321
3 281 321 282
3 282 321 322
3 282 322 283
3 283 322 323
3 283 323 284
3 284 323 324
3 284 324 285
3 285 324 325
3 285 325 286
3 286 325 326
3 286 326 287
3 287 326 327
3 287 327 288
3 288 327 328
3 288 328 289
3 289 328 329
3 289 329 290
3 290 329 330
3 290 330 291
3 291 330 331
3 291 331 292
3 292 331 332
3 292 332 293
3 293 332 333
3 293 333 294
3 294 333 334
3 294 334 295
3 295 334 335
3 295 335 296
3 296 335 336
3 296 336 297
3 297 336 337
3 297 337 298
3 298 337 338
3 298 338 299
3 299 338 339
3 299 339 300
3 300 339 340
3 300 340 301
3 301 340 341
3 301 341 302
3 302 341 342
3 302 342 303
3 303 342 343
3 303 343 304
3 304 343 344
3 304 344 305
3 305 344 345
3 305 345 306
3 306 345 346
3 306 346 307
3 307 346 347
3 307 347 308
3 308 347 348
3 308 348 309
3 309 348 349
3 309 349 310
3 310 349 350
3 310 350 311
3 311 350 351
3 311 351 312
3 312 351 352
3 312 352 313
3 313 352 353
3 313 353 314
3 314 353 354
3 314 354 315
3 315 354 355
3 315 355 316
3 316 355 356
3 316 356 317
3 317 356 357
3 317 357 318
3 318 357 358
3 318 358 319
3 319 358 359
3 320 360 321
3 321 360 361
3 321 361 322
3 322 361 362
3 322 362 323
3 323 362 363
3 323 363 324
3 324 363 364
3 324 364 325
3 325 364 365
3 325 365 326
3 326 365 366
3 326 366 327
3 327 366 367
3 327 367 328
3 328 367 368
3 328 368 329
3 329 368 369
3 329 369 330
3 330 369 370
3 330 370 331
3 331 370 371
3 331 371 332
3 332 371 372
3 332 372 333
3 333 372 373
3 333 373 334
3 334 373 374
3 334 374 335
3 335 374 375
3 335 375 336
3 336 375 376
3 336 376 337
3 337 376 377
3 337 377 338
3 338 377 378
3 338 378 339
3 339 378 379
3 339 379 340
3 340 379 380
3 340 380 341
3 341 380 381
3 341 381 342
3 342 381 382
3 342 382 343
3 343 382 383
3 343 383 344
3 344 383 384
3 344 384 345
3 345 384 385
3 345 385 346
3 346 385 386
3 346 386 347
3 347 386 387
3 347 387 348
3 348 387 388
3 348 388 349
3 349 388 389
3 349 389 350
3 350 389 390
3 350 390 351
3 351 390 391
3 351 391 352
3 352 391 392
3 352 392 353
3 353 392 393
3 353 393 354
3 354 393 394
3 354 394 355
3 355 394 395
3 355 395 356
3 356 395 396
3 356 396 357
3 357 396 397
3 357 397 358
3 358 397 398
3 358 398 359
3 359 398 399
3 360 400 361
3 361 400 401
3 361 401 362
3 362 401 402
3 362 402 363
3 363 402 403
3 363 403 364
3 364 403 404
3 364 404 365
3 365 404 405
3 365 405 366
3 366 405 406
3 366 406 367
3 367 406 407
3 367 407 368
3 368 407 408
3 368 408 369
3 369 408 409
3 369 409 370
3 370 409 410
3 370 410 371
3 371 410 411
3 371 411 372
3 372 411 412
3 372 412 373
3 373 412 413
3 373 413 374
3 374 413 414
3 374 414 375
3 375 414 415
3 375 415 376
3 376 415 416
3 376 416 377
3 377 416 417
3 377 417 378
3 378 417 418
3 378 418 379
3 379 418 419
3 379 419 380
3 380 419 420
3 380 420 381
3 381 420 421
3 381 421 382
3 382 421 422
3 382 422 383
3 383 422 423
3 383 423 384
3 384 423 424
3 384 424 385
3 385 424 425
3 385 425 386
3 386 425 426
3 386 426 387
3 387 426 427
3 387 427 388
3 388 427 428
3 388 428 389
3 389 428 429
3 389 429 390
3 390 429 430
3 390 430 391
3 391 430 431
3 391 431 392
3 392 431 432
3 392 432 393
3 393 432 433
3 393 433 394
3 394 433 434
3 394 434 395
3 395 434 435
3 395 435 396
3 396 435 436
3 396 436 397
3 397 436 437
3 397 437 398
3 398 437 438
3 398 438 399
3 399 438 439
3 400 440 401
3 401 440 441
3 401 441 402
3 402 441 442
3 402 442 403
3 403 442 443
3 403 443 404
3 404 443 444
3 404 444 405
3 405 444 445
3 405 445 406
3 406 445 446
3 406 446 407
3 407 446 447
3 407 447 408
3 408 447 448
3 408 448 409
3 409 448 449
3 409 449 410
3 410 449 450
3 410 450 411
3 411 450 451
3 411 451 412
3 412 451 452
3 412 452 413
3 413 452 453
3 413 453 414
3 414 453 454
3 414 454 415
3 415 454 455
3 415 455 416
3 416 455 456
3 416 456 417
3 417 456 457
3 417 457 418
3 418 457 458
3 418 458 419
3 419 458 459
3 419 459 420
3 420 459 460
3 420 460 421
3 421 460 461
3 421 461 422
3 422 461 462
3 422 462 423
3 423 462 463
3 423 463 424
3 424 463 464
3 424 464 425
3 425 464 465
3 425 465 426
3 426 465 466
3 426 466 427
3 427 466 467
3 427 467 428
3 428 467 468
3 428 468 429
3 429 468 469
3 429 469 430
3 430 469 470
3 430 470 431
3 431 470 471
3 431 471 432
3 432 471 472
3 432 472 433
3 433 472 473
3 433 473 434
3 434 473 474
3 434 474 435
3 435 474 475
3 435 475 436
3 436 475 476
3 436 476 437
3 437 476 477
3 437 477 438
3 438 477 478
3 438 478 439
3 439 478 479
3 440 480 441
3 441 480 481
3 441 481 442
3 442 481 482
3 442 482 443
3 443 482 483
3 443 483 444
3 444 483 484
3 444 484 445
3 445 484 485
3 445 485 446
3 446 485 486
3 446 486 447
3 447 486 487
3 447 487 448
3 448 487 488
3 448 488 449
3 449 488 489
3 449 489 450
3 450 489 490
3 450 490 451
3 451 490 491
3 451 491 452
3 452 491 492
3 452 492 453
3 453 492 493
3 453 493 454
3 454 493 494
3 454 494 455
3 455 494 495
3 455 495 456
3 456 495 496
3 456 496 457
3 457 496 497
3 457 497 458
3 458 497 498
3 458 498 459
3 459 498 499
3 459 499 460
3 460 499 500
3 460 500 461
3 461 500 501
3 461 501 462
3 462 501 502
3 462 502 463
3 463 502 503
3 463 503 464
3 464 503 504
3 464 504 465
3 465 504 505
3 465 505 466
3 466 505 506
3 466 506 467
3 467 506 507
3 467 507 468
3 468 507 508
3 468 508 469
3 469 508 509
3 469 509 470
3 470 509 510
3 470 510 471
3 471 510 511
3 471 511 472
3 472 511 512
3 472 512 473
3 473 512 513
3 473 513 474
3 474 513 514
3 474 514 475
3 475 514 515
3 475 515 476
3 476 515 516
3 476 516 477
3 477 516 517
3 477 517 478
3 478 517 518
3 478 518 479
3 479 518 519
3 480 520 481
3 481 520 521
3 481 521 482
3 482 521 522
3 482 522 483
3 483 522 523
3 483 523 484
3 484 523 524
3 484 524 485
3 485 524 525
3 485 525 486
3 486 525 526
3 486 526 487
3 487 526 527
3 487 527 488
3 488 527 528
3 488 528 489
3 489 528 529
3 489 529 490
3 490 529 530
3 490 530 491
3 491 530 531
3 491 531 492
3 492 531 532
3 492 532 493
3 493 532 533
3 493 533 494
3 494 533 534
3 494 534 495
3 495 534 535
3 495 535 496
3 496 535 536
3 496 536 497
3 497 536 537
3 497 537 498
3 498 537 538
3 498 538 499
3 499 538 539
3 499 539 500
3 500 539 540
3 500 540 501
3 501 540 541
3 501 541 502
3 502 541 542
3 502 542 503
3 503 542 543
3 503 543 504
3 504 543 544
3 504 544 505
3 505 544 545
3 505 545 506
3 506 545 546
3 506 546 507
3 507 546 547
3 507 547 508
3 508 547 548
3 508 548 509
3 509 548 549
3 509 549 510
3 510 549 550
3 510 550 511
3 511 550 551
3 511 551 512
3 512 551 552
3 512 552 513
3 513 552 553
3 513 553 514
3 514 553 554
3 514 554 515
3 515 554 555
3 515 555 516
3 516 555 556
3 516 556 517
3 517 556 557
3 517 557 518
3 518 557 558
3 518 558 519
3 519 558 559
3 520 560 521
3 521 560 561
3 521 561 522
3 522 561 562
3 522 562 523
3 523 562 563
3 523 563 524
3 524 563 564
3 524 564 525
3 525 564 565
3 525 565 526
3 526 565 566
3 526 566 527
3 527 566 567
3 527 567 528
3 528 567 568
3 528 568 529
3 529 568 569
3 529 569 530
3 530 569 570
3 530 570 531
3 531 570 571
3 531 571 532
3 532 571 572
3 532 572 533
3 533 572 573
3 533 573 534
3 534 573 574
3 534 574 535
3 535 574 575
3 535 575 536
3 536 575 576
3 536 576 537
3 537 576 577
3 537 577 538
3 538 577 578
3 538 578 539
3 539 578 579
3 539 579 540
3 540 579 580
3 540 580 541
3 541 580 581
3 541 581 542
3 542 581 582
3 542 582 543
3 543 582 583
3 543 583 544
3 544 583 584
3 544 584 545
3 545 584 585
3 545 585 546
3 546 585 586
3 546 586 547
3 547 586 587
3 547 587 548
3 548 587 588
3 548 588 549
3 549 588 589
3 549 589 550
3 550 589 590
3 550 590 551
3 551 590 591
3 551 591 552
3 552 591 592
3 552 592 553
3 553 592 593
3 553 593 554
3 554 593 594
3 554 594 555
3 555 594 595
3 555 595 556
3 556 595 596
3 556 596 557
3 557 596 597
3 557 597 558
3 558 597 598
3 558 598 559
3 559 598 599
3 560 600 561
3 561 600 601
3 561 601 562
3 562 601 602
3 562 602 563
3 563 602 603
3 563 603 564
3 564 603 604
3 564 604 565
3 565 604 605
3 565 605 566
3 566 605 606
3 566 606 567
3 567 606 607
3 567 607 568
3 568 607 608
3 568 608 569
3 569 608 609
3 569 609 570
3 570 609 610
3 570 610 571
3 571 610 611
3 571 611 572
3 572 611 612
3 572 612 573
3 573 612 613
3 573 613 574
3 574 613 614
3 574 614 575
3 575 614 615
3 575 615 576
3 576 615 616
3 576 616 577
3 577 616 617
3 577 617 578
3 578 617 618
3 578 618 579
3 579 618 619
3 579 619 580
3 580 619 620
3 580 620 581
3 581 620 621
3 581 621 582
3 582 621 622
3 582 622 583
3 583 622 623
3 583 623 584
3 584 623 624
3 584 624 585
3 585 624 625
3 585 625 586
3 586 625 626
3 586 626 587
3 587 626 627
3 587 627 588
3 588 627 628
3 588 628 589
3 589 628 629
3 589 629 590
3 590 629 630
3 590 630 591
3 591 630 631
3 591 631 592
3 592 631 632
3 592 632 593
3 593 632 633
3 593 633 594
3 594 633 634
3 594 634 595
3 595 634 635
3 595 635 596
3 596 635 636
3 596 636 597
3 597 636 637
3 597 637 598
3 598 637 638
3 598 638 599
3 599 638 639
3 600 640 601
3 601 640 641
3 601 641 602
3 602 641 642
3 602 642 603
3 603 642 643
3 603 643 604
3 604 643 644
3 604 644 605
3 605 644 645
3 605 645 606
3 606 645 646
3 606 646 607
3 607 646 647
3 607 647 608
3 608 647 648
3 608 648 609
3 609 648 649
3 609 649 610
3 610 649 650
3 610 650 611
3 611 650 651
3 611 651 612
3 612 651 652
3 612 652 613
3 613 652 653
3 613 653 614
3 614 653 654
3 614 654 615
3 615 654 655
3 615 655 616
3 616 655 656
3 616 656 617
3 617 656 657
3 617 657 618
3 618 657 658
3 618 658 619
3 619 658 659
3 619 659 620
3 620 659 660
3 620 660 621
3 621 660 661
3 621 661 622
3 622 661 662
3 622 662 623
3 623 662 663
3 623 663 624
3 624 663 664
3 624 664 625
3 625 664 665
3 625 665 626
3 626 665 666
3 626 666 627
3 627 666 667
3 627 667 628
3 628 667 668
3 628 668 629
3 629 668 669
3 629 669 630
3 630 669 670
3 630 670 631
3 631 670 671
3 631 671 632
3 632 671 672
3 632 672 633
3 633 672 673
3 633 673 634
3 634 673 674
3 634 674 635
3 635 674 675
3 635 675 636
3 636 675 676
3 636 676 637
3 637 676 677
3 637 677 638
3 638 677 678
3 638 678 639
3 639 678 679
3 640 680 641
3 641 680 681
3 641 681 642
3 642 681 682
3 642 682 643
3 643 682 683
3 643 683 644
3 644 683 684
3 644 684 645
3 645 684 685
3 645 685 646
3 646 685 686
3 646 686 647
3 647 686 687
3 647 687 648
3 648 687 688
3 648 688 649
3 649 688 689
3 649 689 650
3 650 689 690
3 650 690 651
3 651 690 691
3 651 691 652
3 652 691 692
3 652 692 653
3 653 692 693
3 653 693 654
3 654 693 694
3 654 694 655
3 655 694 695
3 655 695 656
3 656 695 696
3 656 696 657
3 657 696 697
3 657 697 658
3 658 697 698
3 658 698 659
3 659 698 699
3 659 699 660
3 660 699 700
3 660 700 661
3 661 700 701
3 661 701 662
3 662 701 702
3 662 702 663
3 663 702 703
3 663 703 664
3 664 703 704
3 664 704 665
3 665 704 705
3 665 705 666
3 666 705 706
3 666 706 667
3 667 706 707
3 667 707 668
3 668 707 708
3 668 708 669
3 669 708 709
3 669 709 670
3 670 709 710
3 670 710 671
3 671 710 711
3 671 711 672
3 672 711 712
3 672 712 673
3 673 712 713
3 673 713 674
3 674 713 714
3 674 714 675
3 675 714 715
3 675 715 676
3 676 715 716
3 676 716 677
3 677 716 717
3 677 717 678
3 678 717 718
3 678 718 679
3 679 718 719
3 680 720 681
3 681 720 721
3 681 721 682
3 682 721 722
3 682 722 683
3 683 722 723
3 683 723 684
3 684 723 724
3 684 724 685
3 685 724 725
3 685 725 686
3 686 725 726
3 686 726 687
3 687 726 727
3 687 727 688
3 688 727 728
3 688 728 689
3 689 728 729
3 689 729 690
3 690 729 730
3 690 730 691
3 691 730 731
3 691 731 692
3 692 731 732
3 692 732 693
3 693 732 733
3 693 733 694
3 694 733 734
3 694 734 695
3 695 734 735
3 695 735 696
3 696 735 736
3 696 736 697
3 697 736 737
3 697 737 698
3 698 737 738
3 698 738 699
3 699 738 739
3 699 739 700
3 700 739 740
3 700 740 701
3 701 740 741
3 701 741 702
3 702 741 742
3 702 742 703
3 703 742 743
3 703 743 704
3 704 743 744
3 704 744 705
3 705 744 745
3 705 745 706
3 706 745 746
3 706 746 707
3 707 746 747
3 707 747 708
3 708 747 748
3 708 748 709
3 709 748 749
3 709 749 710
3 710 749 750
3 710 750 711
3 711 750 751
3 711 751 712
3 712 751 752
3 712 752 713
3 713 752 753
3 713 753 714
3 714 753 754
3 714 754 715
3 715 754 755
3 715 755 716
3 716 755 756
3 716 756 717
3 717 756 757
3 717 757 718
3 718 757 758
3 718 758 719
3 719 758 759
3 720 760 721
3 721 760 761
3 721 761 722
3 722 761 762
3 722 762 723
3 723 762 763
3 723 763 724
3 724 763 764
3 724 764 725
3 725 764 765
3 725 765 726
3 726 765 766
3 726 766 727
3 727 766 767
3 727 767 728
3 728 767 768
3 728 768 729
3 729 768 769
3 729 769 730
3 730 769 770
3 730 770 731
3 731 770 771
3 731 771 732
3 732 771 772
3 732 772 733
3 733 772 773
3 733 773 734
3 734 773 774
3 734 774 735
3 735 774 775
3 735 775 736
3 736 775 776
3 736 776 737
3 737 776 777
3 737 777 738
3 738 777 778
3 738 778 739
3 739 778 779
3 739 779 740
3 740 779 780
3 740 780 741
3 741 780 781
3 741 781 742
3 742 781 782
3 742 782 743
3 743 782 783
3 743 783 744
3 744 783 784
3 744 784 745
3 745 784 785
3 745 785 746
3 746 785 786
3 746 786 747
3 747 786 787
3 747 787 748
3 748 787 788
3 748 788 749
3 749 788 789
3 749 789 750
3 750 789 790
3 750 790 751
3 751 790 791
3 751 791 752
3 752 791 792
3 752 792 753
3 753 792 793
3 753 793 754
3 754 793 794
3 754 794 755
3 755 794 795
3 755 795 756
3 756 795 796
3 756 796 757
3 757 796 797
3 757 797 758
3 758 797 798
3 758 798 759
3 759 798 799
3 760 800 761
3 761 800 801
3 761 801 762
3 762 801 802
3 762 802 763
3 763 802 803
3 763 803 764
3 764 803 804
3 764 804 765
3 765 804 805
3 765 805 766
3 766 805 806
3 766 806 767
3 767 806 807
3 767 807 768
3 768 807 808
3 768 808 769
3 769 808 809
3 769 809 770
3 770 809 810
3 770 810 771
3 771 810 811
3 771 811 772
3 772 811 812
3 772 812 773
3 773 812 813
3 773 813 774
3 774 813 814
3 774 814 775
3 775 814 815
3 775 815 776
3 776 815 816
3 776 816 777
3 777 816 817
3 777 817 778
3 778 817 818
3 778 818 779
3 779 818 819
3 779 819 780
3 780 819 820
3 780 820 781
3 781 820 821
3 781 821 782
3 782 821 822
3 782 822 783
3 783 822 823
3 783 823 784
3 784 823 824
3 784 824 785
3 785 824 825
3 785 825 786
3 786 825 826
3 786 826 787
3 787 826 827
3 787 827 788
3 788 827 828
3 788 828 789
3 789 828 829
3 789 829 790
3 790 829 830
3 790 830 791
3 791 830 831
3 791 831 792
3 792 831 832
3 792 832 793
3 793 832 833
3 793 833 794
3 794 833 834
3 794 834 795
3 795 834 835
3 795 835 796
3 796 835 836
3 796 836 797
3 797 836 837
3 797 837 798
3 798 837 838
3 798 838 799
3 799 838 839
3 800 840 801
3 801 840 841
3 801 841 802
3 802 841 842
3 802 842 803
3 803 842 843
3 803 843 804
3 804 843 844
3 804 844 805
3 805 844 845
3 805 845 806
3 806 845 846
3 806 846 807
3 807 846 847
3 807 847 808
3 808 847 848
3 808 848 809
3 809 848 849
3 809 849 810
3 810 849 850
3 810 850 811
3 811 850 851
3 811 851 812
3 812 851 852
3 812 852 813
3 813 852 853
3 813 853 814
3 814 853 854
3 814 854 815
3 815 854 855
3 815 855 816
3 816 855 856
3 816 856 817
3 817 856 857
3 817 857 818
3 818 857 858
3 818 858 819
3 819 858 859
3 819 859 820
3 820 859 860
3 820 860 821
3 821 860 861
3 821 861 822
3 822 861 862
3 822 862 823
3 823 862 863
3 823 863 824
3 824 863 864
3 824 864 825
3 825 864 865
3 825 865 826
3 826 865 866
3 826 866 827
3 827 866 867
3 827 867 828
3 828 867 868
3 828 868 829
3 829 868 869
3 829 869 830
3 830 869 870
3 830 870 831
3 831 870 871
3 831 871 832
3 832 871 872
3 832 872 833
3 833 872 873
3 833 873 834
3 834 873 874
3 834 874 835
3 835 874 875
3 835 875 836
3 836 875 876
3 836 876 837
3 837 876 877
3 837 877 838
3 838 877 878
3 838 878 839
3 839 878 879
3 840 880 841
3 841 880 881
3 841 881 842
3 842 881 882
3 842 882 843
3 843 882 883
3 843 883 844
3 844 883 884
3 844 884 845
3 845 884 885
3 845 885 846
3 846 885 886
3 846 886 847
3 847 886 887
3 847 887 848
3 848 887 888
3 848 888 849
3 849 888 889
3 849 889 850
3 850 889 890
3 850 890 851
3 851 890 891
3 851 891 852
3 852 891 892
3 852 892 853
3 853 892 893
3 853 893 854
3 854 893 894
3 854 894 855
3 855 894 895
3 855 895 856
3 856 895 896
3 856 896 857
3 857 896 897
3 857 897 858
3 858 897 898
3 858 898 859
3 859 898 899
3 859 899 860
3 860 899 900
3 860 900 861
3 861 900 901
3 861 901 862
3 862 901 902
3 862 902 863
3 863 902 903
3 863 903 864
3 864 903 904
3 864 904 865
3 865 904 905
3 865 905 866
3 866 905 906
3 866 906 867
3 867 906 907
3 867 907 868
3 868 907 908
3 868 908 869
3 869 908 909
3 869 909 870
3 870 909 910
3 870 910 871
3 871 910 911
3 871 911 872
3 872 911 912
3 872 912 873
3 873 912 913
3 873 913 874
3 874 913 914
3 874 914 875
3 875 914 915
3 875 915 876
3 876 915 916
3 876 916 877
3 877 916 917
3 877 917 878
3 878 917 918
3 878 918 879
3 879 918 919
3 880 920 881
3 881 920 921
3 881 921 882
3 882 921 922
3 882 922 883
3 883 922 923
3 883 923 884
3 884 923 924
3 884 924 885
3 885 924 925
3 885 925 886
3 886 925 926
3 886 926 887
3 887 926 927
3 887 927 888
3 888 927 928
3 888 928 889
3 889 928 929
3 889 929 890
3 890 929 930
3 890 930 891
3 891 930 931
3 891 931 892
3 892 931 932
3 892 932 893
3 893 932 933
3 893 933 894
3 894 933 934
3 894 934 895
3 895 934 935
3 895 935 896
3 896 935 936
3 896 936 897
3 897 936 937
3 897 937 898
3 898 937 938
3 898 938 899
3 899 938 939
3 899 939 900
3 900 939 940
3 900 940 901
3 901 940 941
3 901 941 902
3 902 941 942
3 902 942 903
3 903 942 943
3 903 943 904
3 904 943 944
3 904 944 905
3 905 944 945
3 905 945 906
3 906 945 946
3 906 946 907
3 907 946 947
3 907 947 908
3 908 947 948
3 908 948 909
3 909 948 949
3 909 949 910
3 910 949 950
3 910 950 911
3 911 950 951
3 911 951 912
3 912 951 952
3 912 952 913
3 913 952 953
3 913 953 914
3 914 953 954
3 914 954 915
3 915 954 955
3 915 955 916
3 916 955 956
3 916 956 917
3 917 956 957
3 917 957 918
3 918 957 958
3 918 958 919
3 919 958 959
3 920 960 921
3 921 960 961
3 921 961 922
3 922 961 962
3 922 962 923
3 923 962 963
3 923 963 924
3 924 963 964
3 924 964 925
3 925 964 965
3 925 965 926
3 926 965 966
3 926 966 927
3 927 966 967
3 927 967 928
3 928 967 968
3 928 968 929
3 929 968 969
3 929 969 930
3 930 969 970
3 930 970 931
3 931 970 971
3 931 971 932
3 932 971 972
3 932 972 933
3 933 972 973
3 933 973 934
3 934 973 974
3 934 974 935
3 935 974 975
3 935 975 936
3 936 975 976
3 936 976 937
3 937 976 977
3 937 977 938
3 938 977 978
3 938 978 939
3 939 978 979
3 939 979 940
3 940 979 980
3 940 980 941
3 941 980 981
3 941 981 942
3 942 981 982
3 942 982 943
3 943 982 983
3 943 983 944
3 944 983 984
3 944 984 945
3 945 984 985
3 945 985 946
3 946 985 986
3 946 986 947
3 947 986 987
3 947 987 948
3 948 987 988
3 948 988 949
3 949 988 989
3 949 989 950
3 950 989 990
3 950 990 951
3 951 990 991
3 951 991 952
3 952 991 992
3 952 992 953
3 953 992 993
3 953 993 954
3 954 993 994
3 954 994 955
3 955 994 995
3 955 995 956
3 956 995 996
3 956 996 957
3 957 996 997
3 957 997 958
3 958 997 998
3 958 998 959
3 959 998 999
3 960 1000 961
3 961 1000 1001
3 961 1001 962
3 962 1001 1002
3 962 1002 963
3 963 1002 1003
3 963 1003 964
3 964 1003 1004
3 964 1004 965
3 965 1004 1005
3 965 1005 966
3 966 1005 1006
3 966 1006 967
3 967 1006 1007
3 967 1007 968
3 968 1007 1008
3 968 1008 969
3 969 1008 1009
3 969 1009 970
3 970 1009 1010
3 970 1010 971
3 971 1010 1011
3 971 1011 972
3 972 1011 1012
3 972 1012 973
3 973 1012 1013
3 973 1013 974
3 974 1013 1014
3 974 1014 975
3 975 1014 1015
3 975 1015 976
3 976 1015 1016
3 976 1016 977
3 977 1016 1017
3 977 1017 978
3 978 1017 1018
3 978 1018 979
3 979 1018 1019
3 979 1019 980
3 980 1019 1020
3 980 1020 981
3 981 1020 1021
3 981 1021 982
3 982 1021 1022
3 982 1022 983
3 983 1022 1023
3 983 1023 984
3 984 1023 1024
3 984 1024 985
3 985 1024 1025
3 985 1025 986
3 986 1025 1026
3 986 1026 987
3 987 1026 1027
3 987 1027 988
3 988 1027 1028
3 988 1028 989
3 989 1028 1029
3 989 1029 990
3 990 1029 1030
3 990 1030 991
3 991 1030 1031
3 991 1031 992
3 992 1031 1032
3 992 1032 993
3 993 1032 1033
3 993 1033 994
3 994 1033 1034
3 994 1034 995
3 995 1034 1035
3 995 1035 996
3 996 1035 1036
3 996 1036 997
3 997 1036 1037
3 997 1037 998
3 998 1037 1038
3 998 1038 999
3 999 1038 1039
3 1000 1040 1001
3 1001 1040 1041
3 1001 1041 1002
3 1002 1041 1042
3 1002 1042 1003
3 1003 1042 1043
3 1003 1043 1004
3 1004 1043 1044
3 1004 1044 1005
3 1005 1044 1045
3 1005 1045 1006
3 1006 1045 1046
3 1006 1046 1007
3 1007 1046 1047
3 1007 1047 1008
3 1008 1047 1048
3 1008 1048 1009
3 1009 1048 1049
3 1009 1049 1010
3 1010 1049 1050
3 1010 1050 1011
3 1011 1050 1051
3 1011 1051 1012
3 1012 1051 1052
3 1012 1052 1013
3 1013 1052 1053
3 1013 1053 1014
3 1014 1053 1054
3 1014 1054 1015
3 1015 1054 1055
3 1015 1055 1016
3 1016 1055 1056
3 1016 1056 1017
3 1017 1056 1057
3 1017 1057 1018
3 1018 1057 1058
3 1018 1058 1019
3 1019 1058 1059
3 1019 1059 1020
3 1020 1059 1060
3 1020 1060 1021
3 1021 1060 1061
3 1021 1061 1022
3 1022 1061 1062
3 1022 1062 1023
3 1023 1062 1063
3 1023 1063 1024
3 1024 1063 1064
3 1024 1064 1025
3 1025 1064 1065
3 1025 1065 1026
3 1026 1065 1066
3 1026 1066 1027
3 1027 1066 1067
3 1027 1067 1028
3 1028 1067 1068
3 1028 1068 1029
3 1029 1068 1069
3 1029 1069 1030
3 1030 1069 1070
3 1030 1070 1031
3 1031 1070 1071
3 1031 1071 1032
3 1032 1071 1072
3 1032 1072 1033
3 1033 1072 1073
3 1033 1073 1034
3 1034 1073 1074
3 1034 1074 1035
3 1035 1074 1075
3 1035 1075 1036
3 1036 1075 1076
3 1036 1076 1037
3 1037 1076 1077
3 1037 1077 1038
3 1038 1077 1078
3 1038 1078 1039
3 1039 1078 1079
3 1040 1080 1041
3 1041 1080 1081
3 1041 1081 1042
3 1042 1081 1082
3 1042 1082 1043
3 1043 1082 1083
3 1043 1083 1044
3 1044 1083 1084
3 1044 1084 1045
3 1045 1084 1085
3 1045 1085 1046
3 1046 1085 1086
3 1046 1086 1047
3 1047 1086 1087
3 1047 1087 1048
3 1048 1087 1088
3 1048 1088 1049
3 1049 1088 1089
3 1049 1089 1050
3 1050 1089 1090
3 1050 1090 1051
3 1051 1090 1091
3 1051 1091 1052
3 1052 1091 1092
3 1052 1092 1053
3 1053 1092 1093
3 1053 1093 1054
3 1054 1093 1094
3 1054 1094 1055
3 1055 1094 1095
3 1055 1095 1056
3 1056 1095 1096
3 1056 1096 1057
3 1057 1096 1097
3 1057 1097 1058
3 1058 1097 1098
3 1058 1098 1059
3 1059 1098 1099
3 1059 1099 1060
3 1060 1099 1100
3 1060 1100 1061
3 1061 1100 1101
3 1061 1101 1062
3 1062 1101 1102
3 1062 1102 1063
3 1063 1102 1103
3 1063 1103 1064
3 1064 1103 1104
3 1064 1104 1065
3 1065 1104 1105
3 1065 1105 1066
3 1066 1105 1106
3 1066 1106 1067
3 1067 1106 1107
3 1067 1107 1068
3 1068 1107 1108
3 1068 1108 1069
3 1069 1108 1109
3 1069 1109 1070
3 1070 1109 1110
3 1070 1110 1071
3 1071 1110 1111
3 1071 1111 1072
3 1072 1111 1112
3 1072 1112 1073
3 1073 1112 1113
3 1073 1113 1074
3 1074 1113 1114
3 1074 1114 1075
3 1075 1114 1115
3 1075 1115 1076
3 1076 1115 1116
3 1076 1116 1077
3 1077 1116 1117
3 1077 1117 1078
3 1078 1117 1118
3 1078 1118 1079
3 1079 1118 1119
3 1080 1120 1081
3 1081 1120 1121
3 1081 1121 1082
3 1082 1121 1122
3 1082 1122 1083
3 1083 1122 1123
3 1083 1123 1084
3 1084 1123 1124
3 1084 1124 1085
3 1085 1124 1125
3 1085 1125 1086
3 1086 1125 1126
3 1086 1126 1087
3 1087 1126 1127
3 1087 1127 1088
3 1088 1127 1128
3 1088 1128 1089
3 1089 1128 1129
3 1089 1129 1090
3 1090 1129 1130
3 1090 1130 1091
3 1091 1130 1131
3 1091 1131 1092
3 1092 1131 1132
3 1092 1132 1093
3 1093 1132 1133
3 1093 1133 1094
3 1094 1133 1134
3 1094 1134 1095
3 1095 1134 1135
3 1095 1135 1096
3 1096 1135 1136
3 1096 1136 1097
3 1097 1136 1137
3 1097 1137 1098
3 1098 1137 1138
3 1098 1138 1099
3 1099 1138 1139
3 1099 1139 1100
3 1100 1139 1140
3 1100 1140 1101
3 1101 1140 1141
3 1101 1141 1102
3 1102 1141 1142
3 1102 1142 1103
3 1103 1142 1143
3 1103 1143 1104
3 1104 1143 1144
3 1104 1144 1105
3 1105 1144 1145
3 1105 1145 1106
3 1106 1145 1146
3 1106 1146 1107
3 1107 1146 1147
3 1107 1147 1108
3 1108 1147 1148
3 1108 1148 1109
3 1109 1148 1149
3 1109 1149 1110
3 1110 1149 1150
3 1110 1150 1111
3 1111 1150 1151
3 1111 1151 1112
3 1112 1151 1152
3 1112 1152 1113
3 1113 1152 1153
3 1113 1153 1114
3 1114 1153 1154
3 1114 1154 1115
3 1115 1154 1155
3 1115 1155 1116
3 1116 1155 1156
3 1116 1156 1117
3 1117 1156 1157
3 1117 1157 1118
3 1118 1157 1158
3 1118 1158 1119
3 1119 1158 1159
3 1120 1160 1121
3 1121 1160 1161
3 1121 1161 1122
3 1122 1161 1162
3 1122 1162 1123
3 1123 1162 1163
3 1123 1163 1124
3 1124 1163 1164
3 1124 1164 1125
3 1125 1164 1165
3 1125 1165 1126
3 1126 1165 1166
3 1126 1166 1127
3 1127 1166 1167
3 1127 1167 1128
3 1128 1167 1168
3 1128 1168 1129
3 1129 1168 1169
3 1129 1169 1130
3 1130 1169 1170
3 1130 1170 1131
3 1131 1170 1171
3 1131 1171 1132
3 1132 1171 1172
3 1132 1172 1133
3 1133 1172 1173
3 1133 1173 1134
3 1134 1173 1174
3 1134 1174 1135
3 1135 1174 1175
3 1135 1175 1136
3 1136 1175 1176
3 1136 1176 1137
3 1137 1176 1177
3 1137 1177 1138
3 1138 1177 1178
3 1138 1178 1139
3 1139 1178 1179
3 1139 1179 1140
3 1140 1179 1180
3 1140 1180 1141
3 1141 1180 1181
3 1141 1181 1142
3 1142 1181 1182
3 1142 1182 1143
3 1143 1182 1183
3 1143 1183 1144
3 1144 1183 1184
3 1144 1184 1145
3 1145 1184 1185
3 1145 1185 1146
3 1146 1185 1186
3 1146 1186 1147
3 1147 1186 1187
3 1147 1187 1148
3 1148 1187 1188
3 1148 1188 1149
3 1149 1188 1189
3 1149 1189 1150
3 1150 1189 1190
3 1150 1190 1151
3 1151 1190 1191
3 1151 1191 1152
3 1152 1191 1192
3 1152 1192 1153
3 1153 1192 1193
3 1153 1193 1154
3 1154 1193 1194
3 1154 1194 1155
3 1155 1194 1195
3 1155 1195 1156
3 1156 1195 1196
3 1156 1196 1157
3 1157 1196 1197
3 1157 1197 1158
3 1158 1197 1198
3 1158 1198 1159
3 1159 1198 1199
3 1160 1200 1161
3 1161 1200 1201
3 1161 1201 1162
3 1162 1201 1202
3 1162 1202 1163
3 1163 1202 1203
3 1163 1203 1164
3 1164 1203 1204
3 1164 1204 1165
3 1165 1204 1205
3 1165 1205 1166
3 1166 1205 1206
3 1166 1206 1167
3 1167 1206 1207
3 1167 1207 1168
3 1168 1207 1208
3 1168 1208 1169
3 1169 1208 1209
3 1169 1209 1170
3 1170 1209 1210
3 1170 1210 1171
3 1171 1210 1211
3 1171 1211 1172
3 1172 1211 1212
3 1172 1212 1173
3 1173 1212 1213
3 1173 1213 1174
3 1174 1213 1214
3 1174 1214 1175
3 1175 1214 1215
3 1175 1215 1176
3 1176 1215 1216
3 1176 1216 1177
3 1177 1216 1217
3 1177 1217 1178
3 1178 1217 1218
3 1178 1218 1179
3 1179 1218 1219
3 1179 1219 1180
3 1180 1219 1220
3 1180 1220 1181
3 1181 1220 1221
3 1181 1221 1182
3 1182 1221 1222
3 1182 1222 1183
3 1183 1222 1223
3 1183 1223 1184
3 1184 1223 1224
3 1184 1224 1185
3 1185 1224 1225
3 1185 1225 1186
3 1186 1225 1226
3 1186 1226 1187
3 1187 1226 1227
3 1187 1227 1188
3 1188 1227 1228
3 1188 1228 1189
3 1189 1228 1229
3 1189 1229 1190
3 1190 1229 1230
3 1190 1230 1191
3 1191 1230 1231
3 1191 1231 1192
3 1192 1231 1232
3 1192 1232 1193
3 1193 1232 1233
3 1193 1233 1194
3 1194 1233 1234
3 1194 1234 1195
3 1195 1234 1235
3 1195 1235 1196
3 1196 1235 1236
3 1196 1236 1197
3 1197 1236 1237
3 1197 1237 1198
3 1198 1237 1238
3 1198 1238 1199
3 1199 1238 1239
3 1200 1240 1201
3 1201 1240 1241
3 1201 1241 1202
3 1202 1241 1242
3 1202 1242 1203
3 1203 1242 1243
3 1203 1243 1204
3 1204 1243 1244
3 1204 1244 1205
3 1205 1244 1245
3 1205 1245 1206
3 1206 1245 1246
3 1206 1246 1207
3 1207 1246 1247
3 1207 1247 1208
3 1208 1247 1248
3 1208 1248 1209
3 1209 1248 1249
3 1209 1249 1210
3 1210 1249 1250
3 1210 1250 1211
3 1211 1250 1251
3 1211 1251 1212
3 1212 1251 1252
3 1212 1252 1213
3 1213 1252 1253
3 1213 1253 1214
3 1214 1253 1254
3 1214 1254 1215
3 1215 1254 1255
3 1215 1255 1216
3 1216 1255 1256
3 1216 1256 1217
3 1217 1256 1257
3 1217 1257 1218
3 1218 1257 1258
3 1218 1258 1219
3 1219 1258 1259
3 1219 1259 1220
3 1220 1259 1260
3 1220 1260 1221
3 1221 1260 1261
3 1221 1261 1222
3 1222 1261 1262
3 1222 1262 1223
3 1223 1262 1263
3 1223 1263 1224
3 1224 1263 1264
3 1224 1264 1225
3 1225 1264 1265
3 1225 1265 1226
3 1226 1265 1266
3 1226 1266 1227
3 1227 1266 1267
3 1227 1267 1228
3 1228 1267 1268
3 1228 1268 1229
3 1229 1268 1269
3 1229 1269 1230
3 1230 1269 1270
3 1230 1270 1231
3 1231 1270 1271
3 1231 1271 1232
3 1232 1271 1272
3 1232 1272 1233
3 1233 1272 1273
3 1233 1273 1234
3 1234 1273 1274
3 1234 1274 1235
3 1235 1274 1275
3 1235 1275 1236
3 1236 1275 1276
3 1236 1276 1237
3 1237 1276 1277
3 1237 1277 1238
3 1238 1277 1278
3 1238 1278 1239
3 1239 1278 1279
3 1240 1280 1241
3 1241 1280 1281
3 1241 1281 1242
3 1242 1281 1282
3 1242 1282 1243
3 1243 1282 1283
3 1243 1283 1244
3 1244 1283 1284
3 1244 1284 1245
3 1245 1284 1285
3 1245 1285 1246
3 1246 1285 1286
3 1246 1286 1247
3 1247 1286 1287
3 1247 1287 1248
3 1248 1287 1288
3 1248 1288 1249
3 1249 1288 1289
3 1249 1289 1250
3 1250 1289 1290
3 1250 1290 1251
3 1251 1290 1291
3 1251 1291 1252
3 1252 1291 1292
3 1252 1292 1253
3 1253 1292 1293
3 1253 1293 1254
3 1254 1293 1294
3 1254 1294 1255
3 1255 1294 1295
3 1255 1295 1256
3 1256 1295 1296
3 1256 1296 1257
3 1257 1296 1297
3 1257 1297 1258
3 1258 1297 1298
3 1258 1298 1259
3 1259 1298 1299
3 1259 1299 1260
3 1260 1299 1300
3 1260 1300 1261
3 1261 1300 1301
3 1261 1301 1262
3 1262 1301 1302
3 1262 1302 1263
3 1263 1302 1303
3 1263 1303 1264
3 1264 1303 1304
3 1264 1304 1265
3 1265 1304 1305
3 1265 1305 1266
3 1266 1305 1306
3 1266 1306 1267
3 1267 1306 1307
3 1267 1307 1268
3 1268 1307 1308
3 1268 1308 1269
3 1269 1308 1309
3 1269 1309 1270
3 1270 1309 1310
3 1270 1310 1271
3 1271 1310 1311
3 1271 1311 1272
3 1272 1311 1312
3 1272 1312 1273
3 1273 1312 1313
3 1273 1313 1274
3 1274 1313 1314
3 1274 1314 1275
3 1275 1314 1315
3 1275 1315 1276
3 1276 1315 1316
3 1276 1316 1277
3 1277 1316 1317
3 1277 1317 1278
3 1278 1317 1318
3 1278 1318 1279
3 1279 1318 1319
3 1280 1320 1281
3 1281 1320 1321
3 1281 1321 1282
3 1282 1321 1322
3 1282 1322 1283
3 1283 1322 1323
3 1283 1323 1284
3 1284 1323 1324
3 1284 1324 1285
3 1285 1324 1325
3 1285 1325 1286
3 1286 1325 1326
3 1286 1326 1287
3 1287 1326 1327
3 1287 1327 1288
3 1288 1327 1328
3 1288 1328 1289
3 1289 1328 1329
3 1289 1329 1290
3 1290 1329 1330
3 1290 1330 1291
3 1291 1330 1331
3 1291 1331 1292
3 1292 1331 1332
3 1292 1332 1293
3 1293 1332 1333
3 1293 1333 1294
3 1294 1333 1334
3 1294 1334 1295
3 1295 1334 1335
3 1295 1335 1296
3 1296 1335 1336
3 1296 1336 1297
3 1297 1336 1337
3 1297 1337 1298
3 1298 1337 1338
3 1298 1338 1299
3 1299 1338 1339
3 1299 1339 1300
3 1300 1339 1340
3 1300 1340 1301
3 1301 1340 1341
3 1301 1341 1302
3 1302 1341 1342
3 1302 1342 1303
3 1303 1342 1343
3 1303 1343 1304
3 1304 1343 1344
3 1304 1344 1305
3 1305 1344 1345
3 1305 1345 1306
3 1306 1345 1346
3 1306 1346 1307
3 1307 1346 1347
3 1307 1347 1308
3 1308 1347 1348
3 1308 1348 1309
3 1309 1348 1349
3 1309 1349 1310
3 1310 1349 1350
3 1310 1350 1311
3 1311 1350 1351
3 1311 1351 1312
3 1312 1351 1352
3 1312 1352 1313
3 1313 1352 1353
3 1313 1353 1314
3 1314 1353 1354
3 1314 1354 1315
3 1315 1354 1355
3 1315 1355 1316
3 1316 1355 1356
3 1316 1356 1317
3 1317 1356 1357
3 1317 1357 1318
3 1318 1357 1358
3 1318 1358 1319
3 1319 1358 1359
3 1320 1360 1321
3 1321 1360 1361
3 1321 1361 1322
3 1322 1361 1362
3 1322 1362 1323
3 1323 1362 1363
3 1323 1363 1324
3 1324 1363 1364
3 1324 1364 1325
3 1325 1364 1365
3 1325 1365 1326
3 1326 1365 1366
3 1326 1366 1327
3 1327 1366 1367
3 1327 1367 1328
3 1328 1367 1368
3 1328 1368 1329
3 1329 1368 1369
3 1329 1369 1330
3 1330 1369 1370
3 1330 1370 1331
3 1331 1370 1371
3 1331 1371 1332
3 1332 1371 1372
3 1332 1372 1333
3 1333 1372 1373
3 1333 1373 1334
3 1334 1373 1374
3 1334 1374 1335
3 1335 1374 1375
3 1335 1375 1336
3 1336 1375 1376
3 1336 1376 1337
3 1337 1376 1377
3 1337 1377 1338
3 1338 1377 1378
3 1338 1378 1339
3 1339 1378 1379
3 1339 1379 1340
3 1340 1379 1380
3 1340 1380 1341
3 1341 1380 1381
3 1341 1381 1342
3 1342 1381 1382
3 1342 1382 1343
3 1343 1382 1383
3 1343 1383 1344
3 1344 1383 1384
3 1344 1384 1345
3 1345 1384 1385
3 1345 1385 1346
3 1346 1385 1386
3 1346 1386 1347
3 1347 1386 1387
3 1347 1387 1348
3 1348 1387 1388
3 1348 1388 1349
3 1349 1388 1389
3 1349 1389 1350
3 1350 1389 1390
3 1350 1390 1351
3 1351 1390 1391
3 1351 1391 1352
3 1352 1391 1392
3 1352 1392 1353
3 1353 1392 1393
3 1353 1393 1354
3 1354 1393 1394
3 1354 1394 1355
3 1355 1394 1395
3 1355 1395 1356
3 1356 1395 1396
3 1356 1396 1357
3 1357 1396 1397
3 1357 1397 1358
3 1358 1397 1398
3 1358 1398 1359
3 1359 1398 1399
3 1360 1400 1361
3 1361 1400 1401
3 1361 1401 1362
3 1362 1401 1402
3 1362 1402 1363
3 1363 1402 1403
3 1363 1403 1364
3 1364 1403 1404
3 1364 1404 1365
3 1365 1404 1405
3 1365 1405 1366
3 1366 1405 1406
3 1366 1406 1367
3 1367 1406 1407
3 1367 1407 1368
3 1368 1407 1408
3 1368 1408 1369
3 1369 1408 1409
3 1369 1409 1370
3 1370 1409 1410
3 1370 1410 1371
3 1371 1410 1411
3 1371 1411 1372
3 1372 1411 1412
3 1372 1412 1373
3 1373 1412 1413
3 1373 1413 1374
3 1374 1413 1414
3 1374 1414 1375
3 1375 1414 1415
3 1375 1415 1376
3 1376 1415 1416
3 1376 1416 1377
3 1377 1416 1417
3 1377 1417 1378
3 1378 1417 1418
3 1378 1418 1379
3 1379 1418 1419
3 1379 1419 1380
3 1380 1419 1420
3 1380 1420 1381
3 1381 1420 1421
3 1381 1421 1382
3 1382 1421 1422
3 1382 1422 1383
3 1383 1422 1423
3 1383 1423 1384
3 1384 1423 1424
3 1384 1424 1385
3 1385 1424 1425
3 1385 1425 1386
3 1386 1425 1426
3 1386 1426 1387
3 1387 1426 1427
3 1387 1427 1388
3 1388 1427 1428
3 1388 1428 1389
3 1389 1428 1429
3 1389 1429 1390
3 1390 1429 1430
3 1390 1430 1391
3 1391 1430 1431
3 1391 1431 1392
3 1392 1431 1432
3 1392 1432 1393
3 1393 1432 1433
3 1393 1433 1394
3 1394 1433 1434
3 1394 1434 1395
3 1395 1434 1435
3 1395 1435 1396
3 1396 1435 1436
3 1396 1436 1397
3 1397 1436 1437
3 1397 1437 1398
3 1398 1437 1438
3 1398 1438 1399
3 1399 1438 1439
3 1400 1440 1401
3 1401 1440 1441
3 1401 1441 1402
3 1402 1441 1442
3 1402 1442 1403
3 1403 1442 1443
3 1403 1443 1404
3 1404 1443 1444
3 1404 1444 1405
3 1405 1444 1445
3 1405 1445 1406
3 1406 1445 1446
3 1406 1446 1407
3 1407 1446 1447
3 1407 1447 1408
3 1408 1447 1448
3 1408 1448 1409
3 1409 1448 1449
3 1409 1449 1410
3 1410 1449 1450
3 1410 1450 1411
3 1411 1450 1451
3 1411 1451 1412
3 1412 1451 1452
3 1412 1452 1413
3 1413 1452 1453
3 1413 1453 1414
3 1414 1453 1454
3 1414 1454 1415
3 1415 1454 1455
3 1415 1455 1416
3 1416 1455 1456
3 1416 1456 1417
3 1417 1456 1457
3 1417 1457 1418
3 1418 1457 1458
3 1418 1458 1419
3 1419 1458 1459
3 1419 1459 1420
3 1420 1459 1460
3 1420 1460 1421
3 1421 1460 1461
3 1421 1461 1422
3 1422 1461 1462
3 1422 1462 1423
3 1423 1462 1463
3 1423 1463 1424
3 1424 1463 1464
3 1424 1464 1425
3 1425 1464 1465
3 1425 1465 1426
3 1426 1465 1466
3 1426 1466 1427
3 1427 1466 1467
3 1427 1467 1428
3 1428 1467 1468
3 1428 1468 1429
3 1429 1468 1469
3 1429 1469 1430
3 1430 1469 1470
3 1430 1470 1431
3 1431 1470 1471
3 1431 1471 1432
3 1432 1471 1472
3 1432 1472 1433
3 1433 1472 1473
3 1433 1473 1434
3 1434 1473 1474
3 1434 1474 1435
3 1435 1474 1475
3 1435 1475 1436
3 1436 1475 1476
3 1436 1476 1437
3 1437 1476 1477
3 1437 1477 1438
3 1438 1477 1478
3 1438 1478 1439
3 1439 1478 1479
3 1440 1480 1441
3 1441 1480 1481
3 1441 1481 1442
3 1442 1481 1482
3 1442 1482 1443
3 1443 1482 1483
3 1443 1483 1444
3 1444 1483 1484
3 1444 1484 1445
3 1445 1484 1485
3 1445 1485 1446
3 1446 1485 1486
3 1446 1486 1447
3 1447 1486 1487
3 1447 1487 1448
3 1448 1487 1488
3 1448 1488 1449
3 1449 1488 1489
3 1449 1489 1450
3 1450 1489 1490
3 1450 1490 1451
3 1451 1490 1491
3 1451 1491 1452
3 1452 1491 1492
3 1452 1492 1453
3 1453 1492 1493
3 1453 1493 1454
3 1454 1493 1494
3 1454 1494 1455
3 1455 1494 1495
3 1455 1495 1456
3 1456 1495 1496
3 1456 1496 1457
3 1457 1496 1497
3 1457 1497 1458
3 1458 1497 1498
3 1458 1498 1459
3 1459 1498 1499
3 1459 1499 1460
3 1460 1499 1500
3 1460 1500 1461
3 1461 1500 1501
3 1461 1501 1462
3 1462 1501 1502
3 1462 1502 1463
3 1463 1502 1503
3 1463 1503 1464
3 1464 1503 1504
3 1464 1504 1465
3 1465 1504 1505
3 1465 1505 1466
3 1466 1505 1506
3 1466 1506 1467
3 1467 1506 1507
3 1467 1507 1468
3 1468 1507 1508
3 1468 1508 1469
3 1469 1508 1509
3 1469 1509 1470
3 1470 1509 1510
3 1470 1510 1471
3 1471 1510 1511
3 1471 1511 1472
3 1472 1511 1512
3 1472 1512 1473
3 1473 1512 1513
3 1473 1513 1474
3 1474 1513 1514
3 1474 1514 1475
3 1475 1514 1515
3 1475 1515 1476
3 1476 1515 1516
3 1476 1516 1477
3 1477 1516 1517
3 1477 1517 1478
3 1478 1517 1518
3 1478 1518 1479
3 1479 1518 1519
3 1480 1520 1481
3 1481 1520 1521
3 1481 1521 1482
3 1482 1521 1522
3 1482 1522 1483
3 1483 1522 1523
3 1483 1523 1484
3 1484 1523 1524
3 1484 1524 1485
3 1485 1524 1525
3 1485 1525 1486
3 1486 1525 1526
3 1486 1526 1487
3 1487 1526 1527
3 1487 1527 1488
3 1488 1527 1528
3 1488 1528 1489
3 1489 1528 1529
3 1489 1529 1490
3 1490 1529 1530
3 1490 1530 1491
3 1491 1530 1531
3 1491 1531 1492
3 1492 1531 1532
3 1492 1532 1493
3 1493 1532 1533
3 1493 1533 1494
3 1494 1533 1534
3 1494 1534 1495
3 1495 1534 1535
3 1495 1535 1496
3 1496 1535 1536
3 1496 1536 1497
3 1497 1536 1537
3 1497 1537 1498
3 1498 1537 1538
3 1498 1538 1499
3 1499 1538 1539
3 1499 1539 1500
3 1500 1539 1540
3 1500 1540 1501
3 1501 1540 1541
3 1501 1541 1502
3 1502 1541 1542
3 1502 1542 1503
3 1503 1542 1543
3 1503 1543 1504
3 1504 1543 1544
3 1504 1544 1505
3 1505 1544 1545
3 1505 1545 1506
3 1506 1545 1546
3 1506 1546 1507
3 1507 1546 1547
3 1507 1547 1508
3 1508 1547 1548
3 1508 1548 1509
3 1509 1548 1549
3 1509 1549 1510
3 1510 1549 1550
3 1510 1550 1511
3 1511 1550 1551
3 1511 1551 1512
3 1512 1551 1552
3 1512 1552 1513
3 1513 1552 1553
3 1513 1553 1514
3 1514 1553 1554
3 1514 1554 1515
3 1515 1554 1555
3 1515 1555 1516
3 1516 1555 1556
3 1516 1556 1517
3 1517 1556 1557
3 1517 1557 1518
3 1518 1557 1558
3 1518 1558 1519
3 1519 1558 1559
3 1520 1560 1521
3 1521 1560 1561
3 1521 1561 1522
3 1522 1561 1562
3 1522 1562 1523
3 1523 1562 1563
3 1523 1563 1524
3 1524 1563 1564
3 1524 1564 1525
3 1525 1564 1565
3 1525 1565 1526
3 1526 1565 1566
3 1526 1566 1527
3 1527 1566 1567
3 1527 1567 1528
3 1528 1567 1568
3 1528 1568 1529
3 1529 1568 1569
3 1529 1569 1530
3 1530 1569 1570
3 1530 1570 1531
3 1531 1570 1571
3 1531 1571 1532
3 1532 1571 1572
3 1532 1572 1533
3 1533 1572 1573
3 1533 1573 1534
3 1534 1573 1574
3 1534 1574 1535
3 1535 1574 1575
3 1535 1575 1536
3 1536 1575 1576
3 1536 1576 1537
3 1537 1576 1577
3 1537 1577 1538
3 1538 1577 1578
3 1538 1578 1539
3 1539 1578 1579
3 1539 1579 1540
3 1540 1579 1580
3 1540 1580 1541
3 1541 1580 1581
3 1541 1581 1542
3 1542 1581 1582
3 1542 1582 1543
3 1543 1582 1583
3 1543 1583 1544
3 1544 1583 1584
3 1544 1584 1545
3 1545 1584 1585
3 1545 1585 1546
3 1546 1585 1586
3 1546 1586 1547
3 1547 1586 1587
3 1547 1587 1548
3 1548 1587 1588
3 1548 1588 1549
3 1549 1588 1589
3 1549 1589 1550
3 1550 1589 1590
3 1550 1590 1551
3 1551 1590 1591
3 1551 1591 1552
3 1552 1591 1592
3 1552 1592 1553
3 1553 1592 1593
3 1553 1593 1554
3 1554 1593 1594
3 1554 1594 1555
3 1555 1594 1595
3 1555 1595 1556
3 1556 1595 1596
3 1556 1596 1557
3 1557 1596 1597
3 1557 1597 1558
3 1558 1597 1598
3 1558 1598 1559
3 1559 1598 1599
3 1560 1600 1561
3 1561 1600 1601
3 1561 1601 1562
3 1562 1601 1602
3 1562 1602 1563
3 1563 1602 1603
3 1563 1603 1564
3 1564 1603 1604
3 1564 1604 1565
3 1565 1604 1605
3 1565 1605 1566
3 1566 1605 1606
3 1566 1606 1567
3 1567 1606 1607
3 1567 1607 1568
3 1568 1607 1608
3 1568 1608 1569
3 1569 1608 1609
3 1569 1609 1570
3 1570 1609 1610
3 1570 1610 1571
3 1571 1610 1611
3 1571 1611 1572
3 1572 1611 1612
3 1572 1612 1573
3 1573 1612 1613
3 1573 1613 1574
3 1574 1613 1614
3 1574 1614 1575
3 1575 1614 1615
3 1575 1615 1576
3 1576 1615 1616
3 1576 1616 1577
3 1577 1616 1617
3 1577 1617 1578
3 1578 1617 1618
3 1578 1618 1579
3 1579 1618 1619
3 1579 1619 1580
3 1580 1619 1620
3 1580 1620 1581
3 1581 1620 1621
3 1581 1621 1582
3 1582 1621 1622
3 1582 1622 1583
3 1583 1622 1623
3 1583 1623 1584
3 1584 1623 1624
3 1584 1624 1585
3 1585 1624 1625
3 1585 1625 1586
3 1586 1625 1626
3 1586 1626 1587
3 1587 1626 1627
3 1587 1627 1588
3 1588 1627 1628
3 1588 1628 1589
3 1589 1628 1629
3 1589 1629 1590
3 1590 1629 1630
3 1590 1630 1591
3 1591 1630 1631
3 1591 1631 1592
3 1592 1631 1632
3 1592 1632 1593
3 1593 1632 1633
3 1593 1633 1594
3 1594 1633 1634
3 1594 1634 1595
3 1595 1634 1635
3 1595 1635 1596
3 1596 1635 1636
3 1596 1636 1597
3 1597 1636 1637
3 1597 1637 1598
3 1598 1637 1638
3 1598 1638 1599
3 1599 1638 1639
3 1600 1640 1601
3 1601 1640 1641
3 1601 1641 1602
3 1602 1641 1642
3 1602 1642 1603
3 1603 1642 1643
3 1603 1643 1604
3 1604 1643 1644
3 1604 1644 1605
3 1605 1644 1645
3 1605 1645 1606
3 1606 1645 1646
3 1606 1646 1607
3 1607 1646 1647
3 1607 1647 1608
3 1608 1647 1648
3 1608 1648 1609
3 1609 1648 1649
3 1609 1649 1610
3 1610 1649 1650
3 1610 1650 1611
3 1611 1650 1651
3 1611 1651 1612
3 1612 1651 1652
3 1612 1652 1613
3 1613 1652 1653
3 1613 1653 1614
3 1614 1653 1654
3 1614 1654 1615
3 1615 1654 1655
3 1615 1655 1616
3 1616 1655 1656
3 1616 1656 1617
3 1617 1656 1657
3 1617 1657 1618
3 1618 1657 1658
3 1618 1658 1619
3 1619 1658 1659
3 1619 1659 1620
3 1620 1659 1660
3 1620 1660 1621
3 1621 1660 1661
3 1621 1661 1622
3 1622 1661 1662
3 1622 1662 1623
3 1623 1662 1663
3 1623 1663 1624
3 1624 1663 1664
3 1624 1664 1625
3 1625 1664 1665
3 1625 1665 1626
3 1626 1665 1666
3 1626 1666 1627
3 1627 1666 1667
3 1627 1667 1628
3 1628 1667 1668
3 1628 1668 1629
3 1629 1668 1669
3 1629 1669 1630
3 1630 1669 1670
3 1630 1670 1631
3 1631 1670 1671
3 1631 1671 1632
3 1632 1671 1672
3 1632 1672 1633
3 1633 1672 1673
3 1633 1673 1634
3 1634 1673 1674
3 1634 1674 1635
3 1635 1674 1675
3 1635 1675 1636
3 1636 1675 1676
3 1636 1676 1637
3 1637 1676 1677
3 1637 1677 1638
3 1638 1677 1678
3 1638 1678 1639
3 1639 1678 1679
3 1640 1680 1641
3 1641 1680 1681
3 1641 1681 1642
3 1642 1681 1682
3 1642 1682 1643
3 1643 1682 1683
3 1643 1683 1644
3 1644 1683 1684
3 1644 1684 1645
3 1645 1684 1685
3 1645 1685 1646
3 1646 1685 1686
3 1646 1686 1647
3 1647 1686 1687
3 1647 1687 1648
3 1648 1687 1688
3 1648 1688 1649
3 1649 1688 1689
3 1649 1689 1650
3 1650 1689 1690
3 1650 1690 1651
3 1651 1690 1691
3 1651 1691 1652
3 1652 1691 1692
3 1652 1692 1653
3 1653 1692 1693
3 1653 1693 1654
3 1654 1693 1694
3 1654 1694 1655
3 1655 1694 1695
3 1655 1695 1656
3 1656 1695 1696
3 1656 1696 1657
3 1657 1696 1697
3 1657 1697 1658
3 1658 1697 1698
3 1658 1698 1659
3 1659 1698 1699
3 1659 1699 1660
3 1660 1699 1700
3 1660 1700 1661
3 1661 1700 1701
3 1661 1701 1662
3 1662 1701 1702
3 1662 1702 1663
3 1663 1702 1703
3 1663 1703 1664
3 1664 1703 1704
3 1664 1704 1665
3 1665 1704 1705
3 1665 1705 1666
3 1666 1705 1706
3 1666 1706 1667
3 1667 1706 1707
3 1667 1707 1668
3 1668 1707 1708
3 1668 1708 1669
3 1669 1708 1709
3 1669 1709 1670
3 1670 1709 1710
3 1670 1710 1671
3 1671 1710 1711
3 1671 1711 1672
3 1672 1711 1712
3 1672 1712 1673
3 1673 1712 1713
3 1673 1713 1674
3 1674 1713 1714
3 1674 1714 1675
3 1675 1714 1715
3 1675 1715 1676
3 1676 1715 1716
3 1676 1716 1677
3 1677 1716 1717
3 1677 1717 1678
3 1678 1717 1718
3 1678 1718 1679
3 1679 1718 1719
3 1680 1720 1681
3 1681 1720 1721
3 1681 1721 1682
3 1682 1721 1722
3 1682 1722 1683
3 1683 1722 1723
3 1683 1723 1684
3 1684 1723 1724
3 1684 1724 1685
3 1685 1724 1725
3 1685 1725 1686
3 1686 1725 1726
3 1686 1726 1687
3 1687 1726 1727
3 1687 1727 1688
3 1688 1727 1728
3 1688 1728 1689
3 1689 1728 1729
3 1689 1729 1690
3 1690 1729 1730
3 1690 1730 1691
3 1691 1730 1731
3 1691 1731 1692
3 1692 1731 1732
3 1692 1732 1693
3 1693 1732 1733
3 1693 1733 1694
3 1694 1733 1734
3 1694 1734 1695
3 1695 1734 1735
3 1695 1735 1696
3 1696 1735 1736
3 1696 1736 1697
3 1697 1736 1737
3 1697 1737 1698
3 1698 1737 1738
3 1698 1738 1699
3 1699 1738 1739
3 1699 1739 1700
3 1700 1739 1740
3 1700 1740 1701
3 1701 1740 1741
3 1701 1741 1702
3 1702 1741 1742
3 1702 1742 1703
3 1703 1742 1743
3 1703 1743 1704
3 1704 1743 1744
3 1704 1744 1705
3 1705 1744 1745
3 1705 1745 1706
3 1706 1745 1746
3 1706 1746 1707
3 1707 1746 1747
3 1707 1747 1708
3 1708 1747 1748
3 1708 1748 1709
3 1709 1748 1749
3 1709 1749 1710
3 1710 1749 1750
3 1710 1750 1711
3 1711 1750 1751
3 1711 1751 1712
3 1712 1751 1752
3 1712 1752 1713
3 1713 1752 1753
3 1713 1753 1714
3 1714 1753 1754
3 1714 1754 1715
3 1715 1754 1755
3 1715 1755 1716
3 1716 1755 1756
3 1716 1756 1717
3 1717 1756 1757
3 1717 1757 1718
3 1718 1757 1758
3 1718 1758 1719
3 1719 1758 1759
3 1720 1760 1721
3 1721 1760 1761
3 1721 1761 1722
3 1722 1761 1762
3 1722 1762 1723
3 1723 1762 1763
3 1723 1763 1724
3 1724 1763 1764
3 1724 1764 1725
3 1725 1764 1765
3 1725 1765 1726
3 1726 1765 1766
3 1726 1766 1727
3 1727 1766 1767
3 1727 1767 1728
3 1728 1767 1768
3 1728 1768 1729
3 1729 1768 1769
3 1729 1769 1730
3 1730 1769 1770
3 1730 1770 1731
3 1731 1770 1771
3 1731 1771 1732
3 1732 1771 1772
3 1732 1772 1733
3 1733 1772 1773
3 1733 1773 1734
3 1734 1773 1774
3 1734 1774 1735
3 1735 1774 1775
3 1735 1775 1736
3 1736 1775 1776
3 1736 1776 1737
3 1737 1776 1777
3 1737 1777 1738
3 1738 1777 1778
3 1738 1778 1739
3 1739 1778 1779
3 1739 1779 1740
3 1740 1779 1780
3 1740 1780 1741
3 1741 1780 1781
3 1741 1781 1742
3 1742 1781 1782
3 1742 1782 1743
3 1743 1782 1783
3 1743 1783 1744
3 1744 1783 1784
3 1744 1784 1745
3 1745 1784 1785
3 1745 1785 1746
3 1746 1785 1786
3 1746 1786 1747
3 1747 1786 1787
3 1747 1787 1748
3 1748 1787 1788
3 1748 1788 1749
3 1749 1788 1789
3 1749 1789 1750
3 1750 1789 1790
3 1750 1790 1751
3 1751 1790 1791
3 1751 1791 1752
3 1752 1791 1792
3 1752 1792 1753
3 1753 1792 1793
3 1753 1793 1754
3 1754 1793 1794
3 1754 1794 1755
3 1755 1794 1795
3 1755 1795 1756
3 1756 1795 1796
3 1756 1796 1757
3 1757 1796 1797
3 1757 1797 1758
3 1758 1797 1798
3 1758 1798 1759
3 1759 1798 1799
3 1760 1800 1761
3 1761 1800 1801
3 1761 1801 1762
3 1762 1801 1802
3 1762 1802 1763
3 1763 1802 1803
3 1763 1803 1764
3 1764 1803 1804
3 1764 1804 1765
3 1765 1804 1805
3 1765 1805 1766
3 1766 1805 1806
3 1766 1806 1767
3 1767 1806 1807
3 1767 1807 1768
3 1768 1807 1808
3 1768 1808 1769
3 1769 1808 1809
3 1769 1809 1770
3 1770 1809 1810
3 1770 1810 1771
3 1771 1810 1811
3 1771 1811 1772
3 1772 1811 1812
3 1772 1812 1773
3 1773 1812 1813
3 1773 1813 1774
3 1774 1813 1814
3 1774 1814 1775
3 1775 1814 1815
3 1775 1815 1776
3 1776 1815 1816
3 1776 1816 1777
3 1777 1816 1817
3 1777 1817 1778
3 1778 1817 1818
3 1778 1818 1779
3 1779 1818 1819
3 1779 1819 1780
3 1780 1819 1820
3 1780 1820 1781
3 1781 1820 1821
3 1781 1821 1782
3 1782 1821 1822
3 1782 1822 1783
3 1783 1822 1823
3 1783 1823 1784
3 1784 1823 1824
3 1784 1824 1785
3 1785 1824 1825
3 1785 1825 1786
3 1786 1825 1826
3 1786 1826 1787
3 1787 1826 1827
3 1787 1827 1788
3 1788 1827 1828
3 1788 1828 1789
3 1789 1828 1829
3 1789 1829 1790
3 1790 1829 1830
3 1790 1830 1791
3 1791 1830 1831
3 1791 1831 1792
3 1792 1831 1832
3 1792 1832 1793
3 1793 1832 1833
3 1793 1833 1794
3 1794 1833 1834
3 1794 1834 1795
3 1795 1834 1835
3 1795 1835 1796
3 1796 1835 1836
3 1796 1836 1797
3 1797 1836 1837
3 1797 1837 1798
3 1798 1837 1838
3 1798 1838 1799
3 1799 1838 1839
3 1800 1840 1801
3 1801 1840 1841
3 1801 1841 1802
3 1802 1841 1842
3 1802 1842 1803
3 1803 1842 1843
3 1803 1843 1804
3 1804 1843 1844
3 1804 1844 1805
3 1805 1844 1845
3 1805 1845 1806
3 1806 1845 1846
3 1806 1846 1807
3 1807 1846 1847
3 1807 1847 1808
3 1808 1847 1848
3 1808 1848 1809
3 1809 1848 1849
3 1809 1849 1810
3 1810 1849 1850
3 1810 1850 1811
3 1811 1850 1851
3 1811 1851 1812
3 1812 1851 1852
3 1812 1852 1813
3 1813 1852 1853
3 1813 1853 1814
3 1814 1853 1854
3 1814 1854 1815
3 1815 1854 1855
3 1815 1855 1816
3 1816 1855 1856
3 1816 1856 1817
3 1817 1856 1857
3 1817 1857 1818
3 1818 1857 1858
3 1818 1858 1819
3 1819 1858 1859
3 1819 1859 1820
3 1820 1859 1860
3 1820 1860 1821
3 1821 1860 1861
3 1821 1861 1822
3 1822 1861 1862
3 1822 1862 1823
3 1823 1862 1863
3 1823 1863 1824
3 1824 1863 1864
3 1824 1864 1825
3 1825 1864 1865
3 1825 1865 1826
3 1826 1865 1866
3 1826 1866 1827
3 1827 1866 1867
3 1827 1867 1828
3 1828 1867 1868
3 1828 1868 1829
3 1829 1868 1869
3 1829 1869 1830
3 1830 1869 1870
3 1830 1870 1831
3 1831 1870 1871
3 1831 1871 1832
3 1832 1871 1872
3 1832 1872 1833
3 1833 1872 1873
3 1833 1873 1834
3 1834 1873 1874
3 1834 1874 1835
3 1835 1874 1875
3 1835 1875 1836
3 1836 1875 1876
3 1836 1876 1837
3 1837 1876 1877
3 1837 1877 1838
3 1838 1877 1878
3 1838 1878 1839
3 1839 1878 1879
3 1840 1880 1841
3 1841 1880 1881
3 1841 1881 1842
3 1842 1881 1882
3 1842 1882 1843
3 1843 1882 1883
3 1843 1883 1844
3 1844 1883 1884
3 1844 1884 1845
3 1845 1884 1885
3 1845 1885 1846
3 1846 1885 1886
3 1846 1886 1847
3 1847 1886 1887
3 1847 1887 1848
3 1848 1887 1888
3 1848 1888 1849
3 1849 1888 1889
3 1849 1889 1850
3 1850 1889 1890
3 1850 1890 1851
3 1851 1890 1891
3 1851 1891 1852
3 1852 1891 1892
3 1852 1892 1853
3 1853 1892 1893
3 1853 1893 1854
3 1854 1893 1894
3 1854 1894 1855
3 1855 1894 1895
3 1855 1895 1856
3 1856 1895 1896
3 1856 1896 1857
3 1857 1896 1897
3 1857 1897 1858
3 1858 1897 1898
3 1858 1898 1859
3 1859 1898 1899
3 1859 1899 1860
3 1860 1899 1900
3 1860 1900 1861
3 1861 1900 1901
3 1861 1901 1862
3 1862 1901 1902
3 1862 1902 1863
3 1863 1902 1903
3 1863 1903 1864
3 1864 1903 1904
3 1864 1904 1865
3 1865 1904 1905
3 1865 1905 1866
3 1866 1905 1906
3 1866 1906 1867
3 1867 1906 1907
3 1867 1907 1868
3 1868 1907 1908
3 1868 1908 1869
3 1869 1908 1909
3 1869 1909 1870
3 1870 1909 1910
3 1870 1910 1871
3 1871 1910 1911
3 1871 1911 1872
3 1872 1911 1912
3 1872 1912 1873
3 1873 1912 1913
3 1873 1913 1874
3 1874 1913 1914
3 1874 1914 1875
3 1875 1914 1915
3 1875 1915 1876
3 1876 1915 1916
3 1876 1916 1877
3 1877 1916 1917
3 1877 1917 1878
3 1878 1917 1918
3 1878 1918 1879
3 1879 1918 1919
3 1880 1920 1881
3 1881 1920 1921
3 1881 1921 1882
3 1882 1921 1922
3 1882 1922 1883
3 1883 1922 1923
3 1883 1923 1884
3 1884 1923 1924
3 1884 1924 1885
3 1885 1924 1925
3 1885 1925 1886
3 1886 1925 1926
3 1886 1926 1887
3 1887 1926 1927
3 1887 1927 1888
3 1888 1927 1928
3 1888 1928 1889
3 1889 1928 1929
3 1889 1929 1890
3 1890 1929 1930
3 1890 1930 1891
3 1891 1930 1931
3 1891 1931 1892
3 1892 1931 1932
3 1892 1932 1893
3 1893 1932 1933
3 1893 1933 1894
3 1894 1933 1934
3 1894 1934 1895
3 1895 1934 1935
3 1895 1935 1896
3 1896 1935 1936
3 1896 1936 1897
3 1897 1936 1937
3 1897 1937 1898
3 1898 1937 1938
3 1898 1938 1899
3 1899 1938 1939
3 1899 1939 1900
3 1900 1939 1940
3 1900 1940 1901
3 1901 1940 1941
3 1901 1941 1902
3 1902 1941 1942
3 1902 1942 1903
3 1903 1942 1943
3 1903 1943 1904
3 1904 1943 1944
3 1904 1944 1905
3 1905 1944 1945
3 1905 1945 1906
3 1906 1945 1946
3 1906 1946 1907
3 1907 1946 1947
3 1907 1947 1908
3 1908 1947 1948
3 1908 1948 1909
3 1909 1948 1949
3 1909 1949 1910
3 1910 1949 1950
3 1910 1950 1911
3 1911 1950 1951
3 1911 1951 1912
3 1912 1951 1952
3 1912 1952 1913
3 1913 1952 1953
3 1913 1953 1914
3 1914 1953 1954
3 1914 1954 1915
3 1915 1954 1955
3 1915 1955 1916
3 1916 1955 1956
3 1916 1956 1917
3 1917 1956 1957
3 1917 1957 1918
3 1918 1957 1958
3 1918 1958 1919
3 1919 1958 1959
3 1920 1960 1921
3 1921 1960 1961
3 1921 1961 1922
3 1922 1961 1962
3 1922 1962 1923
3 1923 1962 1963
3 1923 1963 1924
3 1924 1963 1964
3 1924 1964 1925
3 1925 1964 1965
3 1925 1965 1926
3 1926 1965 1966
3 1926 1966 1927
3 1927 1966 1967
3 1927 1967 1928
3 1928 1967 1968
3 1928 1968 1929
3 1929 1968 1969
3 1929 1969 1930
3 1930 1969 1970
3 1930 1970 1931
3 1931 1970 1971
3 1931 1971 1932
3 1932 1971 1972
3 1932 1972 1933
3 1933 1972 1973
3 1933 1973 1934
3 1934 1973 1974
3 1934 1974 1935
3 1935 1974 1975
3 1935 1975 1936
3 1936 1975 1976
3 1936 1976 1937
3 1937 1976 1977
3 1937 1977 1938
3 1938 1977 1978
3 1938 1978 1939
3 1939 1978 1979
3 1939 1979 1940
3 1940 1979 1980
3 1940 1980 1941
3 1941 1980 1981
3 1941 1981 1942
3 1942 1981 1982
3 1942 1982 1943
3 1943 1982 1983
3 1943 1983 1944
3 1944 1983 1984
3 1944 1984 1945
3 1945 1984 1985
3 1945 1985 1946
3 1946 1985 1986
3 1946 1986 1947
3 1947 1986 1987
3 1947 1987 1948
3 1948 1987 1988
3 1948 1988 1949
3 1949 1988 1989
3 1949 1989 1950
3 1950 1989 1990
3 1950 1990 1951
3 1951 1990 1991
3 1951 1991 1952
3 1952 1991 1992
3 1952 1992 1953
3 1953 1992 1993
3 1953 1993 1954
3 1954 1993 1994
3 1954 1994 1955
3 1955 1994 1995
3 1955 1995 1956
3 1956 1995 1996
3 1956 1996 1957
3 1957 1996 1997
3 1957 1997 1958
3 1958 1997 1998
3 1958 1998 1959
3 1959 1998 1999
3 1960 2000 1961
3 1961 2000 2001
3 1961 2001 1962
3 1962 2001 2002
3 1962 2002 1963
3 1963 2002 2003
3 1963 2003 1964
3 1964 2003 2004
3 1964 2004 1965
3 1965 2004 2005
3 1965 2005 1966
3 1966 2005 2006
3 1966 2006 1967
3 1967 2006 2007
3 1967 2007 1968
3 1968 2007 2008
3 1968 2008 1969
3 1969 2008 2009
3 1969 2009 1970
3 1970 2009 2010
3 1970 2010 1971
3 1971 2010 2011
3 1971 2011 1972
3 1972 2011 2012
3 1972 2012 1973
3 1973 2012 2013
3 1973 2013 1974
3 1974 2013 2014
3 1974 2014 1975
3 1975 2014 2015
3 1975 2015 1976
3 1976 2015 2016
3 1976 2016 1977
3 1977 2016 2017
3 1977 2017 1978
3 1978 2017 2018
3 1978 2018 1979
3 1979 2018 2019
3 1979 2019 1980
3 1980 2019 2020
3 1980 2020 1981
3 1981 2020 2021
3 1981 2021 1982
3 1982 2021 2022
3 1982 2022 1983
3 1983 2022 2023
3 1983 2023 1984
3 1984 2023 2024
3 1984 2024 1985
3 1985 2024 2025
3 1985 2025 1986
3 1986 2025 2026
3 1986 2026 1987
3 1987 2026 2027
3 1987 2027 1988
3 1988 2027 2028
3 1988 2028 1989
3 1989 2028 2029
3 1989 2029 1990
3 1990 2029 2030
3 1990 2030 1991
3 1991 2030 2031
3 1991 2031 1992
3 1992 2031 2032
3 1992 2032 1993
3 1993 2032 2033
3 1993 2033 1994
3 1994 2033 2034
3 1994 2034 1995
3 1995 2034 2035
3 1995 2035 1996
3 1996 2035 2036
3 1996 2036 1997
3 1997 2036 2037
3 1997 2037 1998
3 1998 2037 2038
3 1998 2038 1999
3 1999 2038 2039
3 2000 2040 2001
3 2001 2040 2041
3 2001 2041 2002
3 2002 2041 2042
3 2002 2042 2003
3 2003 2042 2043
3 2003 2043 2004
3 2004 2043 2044
3 2004 2044 2005
3 2005 2044 2045
3 2005 2045 2006
3 2006 2045 2046
3 2006 2046 2007
3 2007 2046 2047
3 2007 2047 2008
3 2008 2047 2048
3 2008 2048 2009
3 2009 2048 2049
3 2009 2049 2010
3 2010 2049 2050
3 2010 2050 2011
3 2011 2050 2051
3 2011 2051 2012
3 2012 2051 2052
3 2012 2052 2013
3 2013 2052 2053
3 2013 2053 2014
3 2014 2053 2054
3 2014 2054 2015
3 2015 2054 2055
3 2015 2055 2016
3 2016 2055 2056
3 2016 2056 2017
3 2017 2056 2057
3 2017 2057 2018
3 2018 2057 2058
3 2018 2058 2019
3 2019 2058 2059
3 2019 2059 2020
3 2020 2059 2060
3 2020 2060 2021
3 2021 2060 2061
3 2021 2061 2022
3 2022 2061 2062
3 2022 2062 2023
3 2023 2062 2063
3 2023 2063 2024
3 2024 2063 2064
3 2024 2064 2025
3 2025 2064 2065
3 2025 2065 2026
3 2026 2065 2066
3 2026 2066 2027
3 2027 2066 2067
3 2027 2067 2028
3 2028 2067 2068
3 2028 2068 2029
3 2029 2068 2069
3 2029 2069 2030
3 2030 2069 2070
3 2030 2070 2031
3 2031 2070 2071
3 2031 2071 2032
3 2032 2071 2072
3 2032 2072 2033
3 2033 2072 2073
3 2033 2073 2034
3 2034 2073 2074
3 2034 2074 2035
3 2035 2074 2075
3 2035 2075 2036
3 2036 2075 2076
3 2036 2076 2037
3 2037 2076 2077
3 2037 2077 2038
3 2038 2077 2078
3 2038 2078 2039
3 2039 2078 2079
3 2040 2080 2041
3 2041 2080 2081
3 2041 2081 2042
3 2042 2081 2082
3 2042 2082 2043
3 2043 2082 2083
3 2043 2083 2044
3 2044 2083 2084
3 2044 2084 2045
3 2045 2084 2085
3 2045 2085 2046
3 2046 2085 2086
3 2046 2086 2047
3 2047 2086 2087
3 2047 2087 2048
3 2048 2087 2088
3 2048 2088 2049
3 2049 2088 2089
3 2049 2089 2050
3 2050 2089 2090
3 2050 2090 2051
3 2051 2090 2091
3 2051 2091 2052
3 2052 2091 2092
3 2052 2092 2053
3 2053 2092 2093
3 2053 2093 2054
3 2054 2093 2094
3 2054 2094 2055
3 2055 2094 2095
3 2055 2095 2056
3 2056 2095 2096
3 2056 2096 2057
3 2057 2096 2097
3 2057 2097 2058
3 2058 2097 2098
3 2058 2098 2059
3 2059 2098 2099
3 2059 2099 2060
3 2060 2099 2100
3 2060 2100 2061
3 2061 2100 2101
3 2061 2101 2062
3 2062 2101 2102
3 2062 2102 2063
3 2063 2102 2103
3 2063 2103 2064
3 2064 2103 2104
3 2064 2104 2065
3 2065 2104 2105
3 2065 2105 2066
3 2066 2105 2106
3 2066 2106 2067
3 2067 2106 2107
3 2067 2107 2068
3 2068 2107 2108
3 2068 2108 2069
3 2069 2108 2109
3 2069 2109 2070
3 2070 2109 2110
3 2070 2110 2071
3 2071 2110 2111
3 2071 2111 2072
3 2072 2111 2112
3 2072 2112 2073
3 2073 2112 2113
3 2073 2113 2074
3 2074 2113 2114
3 2074 2114 2075
3 2075 2114 2115
3 2075 2115 2076
3 2076 2115 2116
3 2076 2116 2077
3 2077 2116 2117
3 2077 2117 2078
3 2078 2117 2118
3 2078 2118 2079
3 2079 2118 2119
3 2080 2120 2081
3 2081 2120 2121
3 2081 2121 2082
3 2082 2121 2122
3 2082 2122 2083
3 2083 2122 2123
3 2083 2123 2084
3 2084 2123 2124
3 2084 2124 2085
3 2085 2124 2125
3 2085 2125 2086
3 2086 2125 2126
3 2086 2126 2087
3 2087 2126 2127
3 2087 2127 2088
3 2088 2127 2128
3 2088 2128 2089
3 2089 2128 2129
3 2089 2129 2090
3 2090 2129 2130
3 2090 2130 2091
3 2091 2130 2131
3 2091 2131 2092
3 2092 2131 2132
3 2092 2132 2093
3 2093 2132 2133
3 2093 2133 2094
3 2094 2133 2134
3 2094 2134 2095
3 2095 2134 2135
3 2095 2135 2096
3 2096 2135 2136
3 2096 2136 2097
3 2097 2136 2137
3 2097 2137 2098
3 2098 2137 2138
3 2098 2138 2099
3 2099 2138 2139
3 2099 2139 2100
3 2100 2139 2140
3 2100 2140 2101
3 2101 2140 2141
3 2101 2141 2102
3 2102 2141 2142
3 2102 2142 2103
3 2103 2142 2143
3 2103 2143 2104
3 2104 2143 2144
3 2104 2144 2105
3 2105 2144 2145
3 2105 2145 2106
3 2106 2145 2146
3 2106 2146 2107
3 2107 2146 2147
3 2107 2147 2108
3 2108 2147 2148
3 2108 2148 2109
3 2109 2148 2149
3 2109 2149 2110
3 2110 2149 2150
3 2110 2150 2111
3 2111 2150 2151
3 2111 2151 2112
3 2112 2151 2152
3 2112 2152 2113
3 2113 2152 2153
3 2113 2153 2114
3 2114 2153 2154
3 2114 2154 2115
3 2115 2154 2155
3 2115 2155 2116
3 2116 2155 2156
3 2116 2156 2117
3 2117 2156 2157
3 2117 2157 2118
3 2118 2157 2158
3 2118 2158 2119
3 2119 2158 2159
3 2120 2160 2121
3 2121 2160 2161
3 2121 2161 2122
3 2122 2161 2162
3 2122 2162 2123
3 2123 2162 2163
3 2123 2163 2124
3 2124 2163 2164
3 2124 2164 2125
3 2125 2164 2165
3 2125 2165 2126
3 2126 2165 2166
3 2126 2166 2127
3 2127 2166 2167
3 2127 2167 2128
3 2128 2167 2168
3 2128 2168 2129
3 2129 2168 2169
3 2129 2169 2130
3 2130 2169 2170
3 2130 2170 2131
3 2131 2170 2171
3 2131 2171 2132
3 2132 2171 2172
3 2132 2172 2133
3 2133 2172 2173
3 2133 2173 2134
3 2134 2173 2174
3 2134 2174 2135
3 2135 2174 2175
3 2135 2175 2136
3 2136 2175 2176
3 2136 2176 2137
3 2137 2176 2177
3 2137 2177 2138
3 2138 2177 2178
3 2138 2178 2139
3 2139 2178 2179
3 2139 2179 2140
3 2140 2179 2180
3 2140 2180 2141
3 2141 2180 2181
3 2141 2181 2142
3 2142 2181 2182
3 2142 2182 2143
3 2143 2182 2183
3 2143 2183 2144
3 2144 2183 2184
3 2144 2184 2145
3 2145 2184 2185
3 2145 2185 2146
3 2146 2185 2186
3 2146 2186 2147
3 2147 2186 2187
3 2147 2187 2148
3 2148 2187 2188
3 2148 2188 2149
3 2149 2188 2189
3 2149 2189 2150
3 2150 2189 2190
3 2150 2190 2151
3 2151 2190 2191
3 2151 2191 2152
3 2152 2191 2192
3 2152 2192 2153
3 2153 2192 2193
3 2153 2193 2154
3 2154 2193 2194
3 2154 2194 2155
3 2155 2194 2195
3 2155 2195 2156
3 2156 2195 2196
3 2156 2196 2157
3 2157 2196 2197
3 2157 2197 2158
3 2158 2197 2198
3 2158 2198 2159
3 2159 2198 2199
3 2160 2200 2161
3 2161 2200 2201
3 2161 2201 2162
3 2162 2201 2202
3 2162 2202 2163
3 2163 2202 2203
3 2163 2203 2164
3 2164 2203 2204
3 2164 2204 2165
3 2165 2204 2205
3 2165 2205 2166
3 2166 2205 2206
3 2166 2206 2167
3 2167 2206 2207
3 2167 2207 2168
3 2168 2207 2208
3 2168 2208 2169
3 2169 2208 2209
3 2169 2209 2170
3 2170 2209 2210
3 2170 2210 2171
3 2171 2210 2211
3 2171 2211 2172
3 2172 2211 2212
3 2172 2212 2173
3 2173 2212 2213
3 2173 2213 2174
3 2174 2213 2214
3 2174 2214 2175
3 2175 2214 2215
3 2175 2215 2176
3 2176 2215 2216
3 2176 2216 2177
3 2177 2216 2217
3 2177 2217 2178
3 2178 2217 2218
3 2178 2218 2179
3 2179 2218 2219
3 2179 2219 2180
3 2180 2219 2220
3 2180 2220 2181
3 2181 2220 2221
3 2181 2221 2182
3 2182 2221 2222
3 2182 2222 2183
3 2183 2222 2223
3 2183 2223 2184
3 2184 2223 2224
3 2184 2224 2185
3 2185 2224 2225
3 2185 2225 2186
3 2186 2225 2226
3 2186 2226 2187
3 2187 2226 2227
3 2187 2227 2188
3 2188 2227 2228
3 2188 2228 2189
3 2189 2228 2229
3 2189 2229 2190
3 2190 2229 2230
3 2190 2230 2191
3 2191 2230 2231
3 2191 2231 2192
3 2192 2231 2232
3 2192 2232 2193
3 2193 2232 2233
3 2193 2233 2194
3 2194 2233 2234
3 2194 2234 2195
3 2195 2234 2235
3 2195 2235 2196
3 2196 2235 2236
3 2196 2236 2197
3 2197 2236 2237
3 2197 2237 2198
3 2198 2237 2238
3 2198 2238 2199
3 2199 2238 2239
3 2200 2240 2201
3 2201 2240 2241
3 2201 2241 2202
3 2202 2241 2242
3 2202 2242 2203
3 2203 2242 2243
3 2203 2243 2204
3 2204 2243 2244
3 2204 2244 2205
3 2205 2244 2245
3 2205 2245 2206
3 2206 2245 2246
3 2206 2246 2207
3 2207 2246 2247
3 2207 2247 2208
3 2208 2247 2248
3 2208 2248 2209
3 2209 2248 2249
3 2209 2249 2210
3 2210 2249 2250
3 2210 2250 2211
3 2211 2250 2251
3 2211 2251 2212
3 2212 2251 2252
3 2212 2252 2213
3 2213 2252 2253
3 2213 2253 2214
3 2214 2253 2254
3 2214 2254 2215
3 2215 2254 2255
3 2215 2255 2216
3 2216 2255 2256
3 2216 2256 2217
3 2217 2256 2257
3 2217 2257 2218
3 2218 2257 2258
3 2218 2258 2219
3 2219 2258 2259
3 2219 2259 2220
3 2220 2259 2260
3 2220 2260 2221
3 2221 2260 2261
3 2221 2261 2222
3 2222 2261 2262
3 2222 2262 2223
3 2223 2262 2263
3 2223 2263 2224
3 2224 2263 2264
3 2224 2264 2225
3 2225 2264 2265
3 2225 2265 2226
3 2226 2265 2266
3 2226 2266 2227
3 2227 2266 2267
3 2227 2267 2228
3 2228 2267 2268
3 2228 2268 2229
3 2229 2268 2269
3 2229 2269 2230
3 2230 2269 2270
3 2230 2270 2231
3 2231 2270 2271
3 2231 2271 2232
3 2232 2271 2272
3 2232 2272 2233
3 2233 2272 2273
3 2233 2273 2234
3 2234 2273 2274
3 2234 2274 2235
3 2235 2274 2275
3 2235 2275 2236
3 2236 2275 2276
3 2236 2276 2237
3 2237 2276 2277
3 2237 2277 2238
3 2238 2277 2278
3 2238 2278 2239
3 2239 2278 2279
3 2240 2280 2241
3 2241 2280 2281
3 2241 2281 2242
3 2242 2281 2282
3 2242 2282 2243
3 2243 2282 2283
3 2243 2283 2244
3 2244 2283 2284
3 2244 2284 2245
3 2245 2284 2285
3 2245 2285 2246
3 2246 2285 2286
3 2246 2286 2247
3 2247 2286 2287
3 2247 2287 2248
3 2248 2287 2288
3 2248 2288 2249
3 2249 2288 2289
3 2249 2289 2250
3 2250 2289 2290
3 2250 2290 2251
3 2251 2290 2291
3 2251 2291 2252
3 2252 2291 2292
3 2252 2292 2253
3 2253 2292 2293
3 2253 2293 2254
3 2254 2293 2294
3 2254 2294 2255
3 2255 2294 2295
3 2255 2295 2256
3 2256 2295 2296
3 2256 2296 2257
3 2257 2296 2297
3 2257 2297 2258
3 2258 2297 2298
3 2258 2298 2259
3 2259 2298 2299
3 2259 2299 2260
3 2260 2299 2300
3 2260 2300 2261
3 2261 2300 2301
3 2261 2301 2262
3 2262 2301 2302
3 2262 2302 2263
3 2263 2302 2303
3 2263 2303 2264
3 2264 2303 2304
3 2264 2304 2265
3 2265 2304 2305
3 2265 2305 2266
3 2266 2305 2306
3 2266 2306 2267
3 2267 2306 2307
3 2267 2307 2268
3 2268 2307 2308
3 2268 2308 2269
3 2269 2308 2309
3 2269 2309 2270
3 2270 2309 2310
3 2270 2310 2271
3 2271 2310 2311
3 2271 2311 2272
3 2272 2311 2312
3 2272 2312 2273
3 2273 2312 2313
3 2273 2313 2274
3 2274 2313 2314
3 2274 2314 2275
3 2275 2314 2315
3 2275 2315 2276
3 2276 2315 2316
3 2276 2316 2277
3 2277 2316 2317
3 2277 2317 2278
3 2278 2317 2318
3 2278 2318 2279
3 2279 2318 2319
3 2280 2320 2281
3 2281 2320 2321
3 2281 2321 2282
3 2282 2321 2322
3 2282 2322 2283
3 2283 2322 2323
3 2283 2323 2284
3 2284 2323 2324
3 2284 2324 2285
3 2285 2324 2325
3 2285 2325 2286
3 2286 2325 2326
3 2286 2326 2287
3 2287 2326 2327
3 2287 2327 2288
3 2288 2327 2328
3 2288 2328 2289
3 2289 2328 2329
3 2289 2329 2290
3 2290 2329 2330
3 2290 2330 2291
3 2291 2330 2331
3 2291 2331 2292
3 2292 2331 2332
3 2292 2332 2293
3 2293 2332 2333
3 2293 2333 2294
3 2294 2333 2334
3 2294 2334 2295
3 2295 2334 2335
3 2295 2335 2296
3 2296 2335 2336
3 2296 2336 2297
3 2297 2336 2337
3 2297 2337 2298
3 2298 2337 2338
3 2298 2338 2299
3 2299 2338 2339
3 2299 2339 2300
3 2300 2339 2340
3 2300 2340 2301
3 2301 2340 2341
3 2301 2341 2302
3 2302 2341 2342
3 2302 2342 2303
3 2303 2342 2343
3 2303 2343 2304
3 2304 2343 2344
3 2304 2344 2305
3 2305 2344 2345
3 2305 2345 2306
3 2306 2345 2346
3 2306 2346 2307
3 2307 2346 2347
3 2307 2347 2308
3 2308 2347 2348
3 2308 2348 2309
3 2309 2348 2349
3 2309 2349 2310
3 2310 2349 2350
3 2310 2350 2311
3 2311 2350 2351
3 2311 2351 2312
3 2312 2351 2352
3 2312 2352 2313
3 2313 2352 2353
3 2313 2353 2314
3 2314 2353 2354
3 2314 2354 2315
3 2315 2354 2355
3 2315 2355 2316
3 2316 2355 2356
3 2316 2356 2317
3 2317 2356 2357
3 2317 2357 2318
3 2318 2357 2358
3 2318 2358 2319
3 2319 2358 2359
3 2320 2360 2321
3 2321 2360 2361
3 2321 2361 2322
3 2322 2361 2362
3 2322 2362 2323
3 2323 2362 2363
3 2323 2363 2324
3 2324 2363 2364
3 2324 2364 2325
3 2325 2364 2365
3 2325 2365 2326
3 2326 2365 2366
3 2326 2366 2327
3 2327 2366 2367
3 2327 2367 2328
3 2328 2367 2368
3 2328 2368 2329
3 2329 2368 2369
3 2329 2369 2330
3 2330 2369 2370
3 2330 2370 2331
3 2331 2370 2371
3 2331 2371 2332
3 2332 2371 2372
3 2332 2372 2333
3 2333 2372 2373
3 2333 2373 2334
3 2334 2373 2374
3 2334 2374 2335
3 2335 2374 2375
3 2335 2375 2336
3 2336 2375 2376
3 2336 2376 2337
3 2337 2376 2377
3 2337 2377 2338
3 2338 2377 2378
3 2338 2378 2339
3 2339 2378 2379
3 2339 2379 2340
3 2340 2379 2380
3 2340 2380 2341
3 2341 2380 2381
3 2341 2381 2342
3 2342 2381 2382
3 2342 2382 2343
3 2343 2382 2383
3 2343 2383 2344
3 2344 2383 2384
3 2344 2384 2345
3 2345 2384 2385
3 2345 2385 2346
3 2346 2385 2386
3 2346 2386 2347
3 2347 2386 2387
3 2347 2387 2348
3 2348 2387 2388
3 2348 2388 2349
3 2349 2388 2389
3 2349 2389 2350
3 2350 2389 2390
3 2350 2390 2351
3 2351 2390 2391
3 2351 2391 2352
3 2352 2391 2392
3 2352 2392 2353
3 2353 2392 2393
3 2353 2393 2354
3 2354 2393 2394
3 2354 2394 2355
3 2355 2394 2395
3 2355 2395 2356
3 2356 2395 2396
3 2356 2396 2357
3 2357 2396 2397
3 2357 2397 2358
3 2358 2397 2398
3 2358 2398 2359
3 2359 2398 2399
3 2360 2400 2361
3 2361 2400 2401
3 2361 2401 2362
3 2362 2401 2402
3 2362 2402 2363
3 2363 2402 2403
3 2363 2403 2364
3 2364 2403 2404
3 2364 2404 2365
3 2365 2404 2405
3 2365 2405 2366
3 2366 2405 2406
3 2366 2406 2367
3 2367 2406 2407
3 2367 2407 2368
3 2368 2407 2408
3 2368 2408 2369
3 2369 2408 2409
3 2369 2409 2370
3 2370 2409 2410
3 2370 2410 2371
3 2371 2410 2411
3 2371 2411 2372
3 2372 2411 2412
3 2372 2412 2373
3 2373 2412 2413
3 2373 2413 2374
3 2374 2413 2414
3 2374 2414 2375
3 2375 2414 2415
3 2375 2415 2376
3 2376 2415 2416
3 2376 2416 2377
3 2377 2416 2417
3 2377 2417 2378
3 2378 2417 2418
3 2378 2418 2379
3 2379 2418 2419
3 2379 2419 2380
3 2380 2419 2420
3 2380 2420 2381
3 2381 2420 2421
3 2381 2421 2382
3 2382 2421 2422
3 2382 2422 2383
3 2383 2422 2423
3 2383 2423 2384
3 2384 2423 2424
3 2384 2424 2385
3 2385 2424 2425
3 2385 2425 2386
3 2386 2425 2426
3 2386 2426 2387
3 2387 2426 2427
3 2387 2427 2388
3 2388 2427 2428
3 2388 2428 2389
3 2389 2428 2429
3 2389 2429 2390
3 2390 2429 2430
3 2390 2430 2391
3 2391 2430 2431
3 2391 2431 2392
3 2392 2431 2432
3 2392 2432 2393
3 2393 2432 2433
3 2393 2433 2394
3 2394 2433 2434
3 2394 2434 2395
3 2395 2434 2435
3 2395 2435 2396
3 2396 2435 2436
3 2396 2436 2397
3 2397 2436 2437
3 2397 2437 2398
3 2398 2437 2438
3 2398 2438 2399
3 2399 2438 2439
3 2400 2440 2401
3 2401 2440 2441
3 2401 2441 2402
3 2402 2441 2442
3 2402 2442 2403
3 2403 2442 2443
3 2403 2443 2404
3 2404 2443 2444
3 2404 2444 2405
3 2405 2444 2445
3 2405 2445 2406
3 2406 2445 2446
3 2406 2446 2407
3 2407 2446 2447
3 2407 2447 2408
3 2408 2447 2448
3 2408 2448 2409
3 2409 2448 2449
3 2409 2449 2410
3 2410 2449 2450
3 2410 2450 2411
3 2411 2450 2451
3 2411 2451 2412
3 2412 2451 2452
3 2412 2452 2413
3 2413 2452 2453
3 2413 2453 2414
3 2414 2453 2454
3 2414 2454 2415
3 2415 2454 2455
3 2415 2455 2416
3 2416 2455 2456
3 2416 2456 2417
3 2417 2456 2457
3 2417 2457 2418
3 2418 2457 2458
3 2418 2458 2419
3 2419 2458 2459
3 2419 2459 2420
3 2420 2459 2460
3 2420 2460 2421
3 2421 2460 2461
3 2421 2461 2422
3 2422 2461 2462
3 2422 2462 2423
3 2423 2462 2463
3 2423 2463 2424
3 2424 2463 2464
3 2424 2464 2425
3 2425 2464 2465
3 2425 2465 2426
3 2426 2465 2466
3 2426 2466 2427
3 2427 2466 2467
3 2427 2467 2428
3 2428 2467 2468
3 2428 2468 2429
3 2429 2468 2469
3 2429 2469 2430
3 2430 2469 2470
3 2430 2470 2431
3 2431 2470 2471
3 2431 2471 2432
3 2432 2471 2472
3 2432 2472 2433
3 2433 2472 2473
3 2433 2473 2434
3 2434 2473 2474
3 2434 2474 2435
3 2435 2474 2475
3 2435 2475 2436
3 2436 2475 2476
3 2436 2476 2437
3 2437 2476 2477
3 2437 2477 2438
3 2438 2477 2478
3 2438 2478 2439
3 2439 2478 2479
3 2440 2480 2441
3 2441 2480 2481
3 2441 2481 2442
3 2442 2481 2482
3 2442 2482 2443
3 2443 2482 2483
3 2443 2483 2444
3 2444 2483 2484
3 2444 2484 2445
3 2445 2484 2485
3 2445 2485 2446
3 2446 2485 2486
3 2446 2486 2447
3 2447 2486 2487
3 2447 2487 2448
3 2448 2487 2488
3 2448 2488 2449
3 2449 2488 2489
3 2449 2489 2450
3 2450 2489 2490
3 2450 2490 2451
3 2451 2490 2491
3 2451 2491 2452
3 2452 2491 2492
3 2452 2492 2453
3 2453 2492 2493
3 2453 2493 2454
3 2454 2493 2494
3 2454 2494 2455
3 2455 2494 2495
3 2455 2495 2456
3 2456 2495 2496
3 2456 2496 2457
3 2457 2496 2497
3 2457 2497 2458
3 2458 2497 2498
3 2458 2498 2459
3 2459 2498 2499
3 2459 2499 2460
3 2460 2499 2500
3 2460 2500 2461
3 2461 2500 2501
3 2461 2501 2462
3 2462 2501 2502
3 2462 2502 2463
3 2463 2502 2503
3 2463 2503 2464
3 2464 2503 2504
3 2464 2504 2465
3 2465 2504 2505
3 2465 2505 2466
3 2466 2505 2506
3 2466 2506 2467
3 2467 2506 2507
3 2467 2507 2468
3 2468 2507 2508
3 2468 2508 2469
3 2469 2508 2509
3 2469 2509 2470
3 2470 2509 2510
3 2470 2510 2471
3 2471 2510 2511
3 2471 2511 2472
3 2472 2511 2512
3 2472 2512 2473
3 2473 2512 2513
3 2473 2513 2474
3 2474 2513 2514
3 2474 2514 2475
3 2475 2514 2515
3 2475 2515 2476
3 2476 2515 2516
3 2476 2516 2477
3 2477 2516 2517
3 2477 2517 2478
3 2478 2517 2518
3 2478 2518 2479
3 2479 2518 2519
3 2480 2520 2481
3 2481 2520 2521
3 2481 2521 2482
3 2482 2521 2522
3 2482 2522 2483
3 2483 2522 2523
3 2483 2523 2484
3 2484 2523 2524
3 2484 2524 2485
3 2485 2524 2525
3 2485 2525 2486
3 2486 2525 2526
3 2486 2526 2487
3 2487 2526 2527
3 2487 2527 2488
3 2488 2527 2528
3 2488 2528 2489
3 2489 2528 2529
3 2489 2529 2490
3 2490 2529 2530
3 2490 2530 2491
3 2491 2530 2531
3 2491 2531 2492
3 2492 2531 2532
3 2492 2532 2493
3 2493 2532 2533
3 2493 2533 2494
3 2494 2533 2534
3 2494 2534 2495
3 2495 2534 2535
3 2495 2535 2496
3 2496 2535 2536
3 2496 2536 2497
3 2497 2536 2537
3 2497 2537 2498
3 2498 2537 2538
3 2498 2538 2499
3 2499 2538 2539
3 2499 2539 2500
3 2500 2539 2540
3 2500 2540 2501
3 2501 2540 2541
3 2501 2541 2502
3 2502 2541 2542
3 2502 2542 2503
3 2503 2542 2543
3 2503 2543 2504
3 2504 2543 2544
3 2504 2544 2505
3 2505 2544 2545
3 2505 2545 2506
3 2506 2545 2546
3 2506 2546 2507
3 2507 2546 2547
3 2507 2547 2508
3 2508 2547 2548
3 2508 2548 2509
3 2509 2548 2549
3 2509 2549 2510
3 2510 2549 2550
3 2510 2550 2511
3 2511 2550 2551
3 2511 2551 2512
3 2512 2551 2552
3 2512 2552 2513
3 2513 2552 2553
3 2513 2553 2514
3 2514 2553 2554
3 2514 2554 2515
3 2515 2554 2555
3 2515 2555 2516
3 2516 2555 2556
3 2516 2556 2517
3 2517 2556 2557
3 2517 2557 2518
3 2518 2557 2558
3 2518 2558 2519
3 2519 2558 2559
3 2520 2560 2521
3 2521 2560 2561
3 2521 2561 2522
3 2522 2561 2562
3 2522 2562 2523
3 2523 2562 2563
3 2523 2563 2524
3 2524 2563 2564
3 2524 2564 2525
3 2525 2564 2565
3 2525 2565 2526
3 2526 2565 2566
3 2526 2566 2527
3 2527 2566 2567
3 2527 2567 2528
3 2528 2567 2568
3 2528 2568 2529
3 2529 2568 2569
3 2529 2569 2530
3 2530 2569 2570
3 2530 2570 2531
3 2531 2570 2571
3 2531 2571 2532
3 2532 2571 2572
3 2532 2572 2533
3 2533 2572 2573
3 2533 2573 2534
3 2534 2573 2574
3 2534 2574 2535
3 2535 2574 2575
3 2535 2575 2536
3 2536 2575 2576
3 2536 2576 2537
3 2537 2576 2577
3 2537 2577 2538
3 2538 2577 2578
3 2538 2578 2539
3 2539 2578 2579
3 2539 2579 2540
3 2540 2579 2580
3 2540 2580 2541
3 2541 2580 2581
3 2541 2581 2542
3 2542 2581 2582
3 2542 2582 2543
3 2543 2582 2583
3 2543 2583 2544
3 2544 2583 2584
3 2544 2584 2545
3 2545 2584 2585
3 2545 2585 2546
3 2546 2585 2586
3 2546 2586 2547
3 2547 2586 2587
3 2547 2587 2548
3 2548 2587 2588
3 2548 2588 2549
3 2549 2588 2589
3 2549 2589 2550
3 2550 2589 2590
3 2550 2590 2551
3 2551 2590 2591
3 2551 2591 2552
3 2552 2591 2592
3 2552 2592 2553
3 2553 2592 2593
3 2553 2593 2554
3 2554 2593 2594
3 2554 2594 2555
3 2555 2594 2595
3 2555 2595 2556
3 2556 2595 2596
3 2556 2596 2557
3 2557 2596 2597
3 2557 2597 2558
3 2558 2597 2598
3 2558 2598 2559
3 2559 2598 2599
3 2560 2600 2561
3 2561 2600 2601
3 2561 2601 2562
3 2562 2601 2602
3 2562 2602 2563
3 2563 2602 2603
3 2563 2603 2564
3 2564 2603 2604
3 2564 2604 2565
3 2565 2604 2605
3 2565 2605 2566
3 2566 2605 2606
3 2566 2606 2567
3 2567 2606 2607
3 2567 2607 2568
3 2568 2607 2608
3 2568 2608 2569
3 2569 2608 2609
3 2569 2609 2570
3 2570 2609 2610
3 2570 2610 2571
3 2571 2610 2611
3 2571 2611 2572
3 2572 2611 2612
3 2572 2612 2573
3 2573 2612 2613
3 2573 2613 2574
3 2574 2613 2614
3 2574 2614 2575
3 2575 2614 2615
3 2575 2615 2576
3 2576 2615 2616
3 2576 2616 2577
3 2577 2616 2617
3 2577 2617 2578
3 2578 2617 2618
3 2578 2618 2579
3 2579 2618 2619
3 2579 2619 2580
3 2580 2619 2620
3 2580 2620 2581
3 2581 2620 2621
3 2581 2621 2582
3 2582 2621 2622
3 2582 2622 2583
3 2583 2622 2623
3 2583 2623 2584
3 2584 2623 2624
3 2584 2624 2585
3 2585 2624 2625
3 2585 2625 2586
3 2586 2625 2626
3 2586 2626 2587
3 2587 2626 2627
3 2587 2627 2588
3 2588 2627 2628
3 2588 2628 2589
3 2589 2628 2629
3 2589 2629 2590
3 2590 2629 2630
3 2590 2630 2591
3 2591 2630 2631
3 2591 2631 2592
3 2592 2631 2632
3 2592 2632 2593
3 2593 2632 2633
3 2593 2633 2594
3 2594 2633 2634
3 2594 2634 2595
3 2595 2634 2635
3 2595 2635 2596
3 2596 2635 2636
3 2596 2636 2597
3 2597 2636 2637
3 2597 2637 2598
3 2598 2637 2638
3 2598 2638 2599
3 2599 2638 2639
3 2600 2640 2601
3 2601 2640 2641
3 2601 2641 2602
3 2602 2641 2642
3 2602 2642 2603
3 2603 2642 2643
3 2603 2643 2604
3 2604 2643 2644
3 2604 2644 2605
3 2605 2644 2645
3 2605 2645 2606
3 2606 2645 2646
3 2606 2646 2607
3 2607 2646 2647
3 2607 2647 2608
3 2608 2647 2648
3 2608 2648 2609
3 2609 2648 2649
3 2609 2649 2610
3 2610 2649 2650
3 2610 2650 2611
3 2611 2650 2651
3 2611 2651 2612
3 2612 2651 2652
3 2612 2652 2613
3 2613 2652 2653
3 2613 2653 2614
3 2614 2653 2654
3 2614 2654 2615
3 2615 2654 2655
3 2615 2655 2616
3 2616 2655 2656
3 2616 2656 2617
3 2617 2656 2657
3 2617 2657 2618
3 2618 2657 2658
3 2618 2658 2619
3 2619 2658 2659
3 2619 2659 2620
3 2620 2659 2660
3 2620 2660 2621
3 2621 2660 2661
3 2621 2661 2622
3 2622 2661 2662
3 2622 2662 2623
3 2623 2662 2663
3 2623 2663 2624
3 2624 2663 2664
3 2624 2664 2625
3 2625 2664 2665
3 2625 2665 2626
3 2626 2665 2666
3 2626 2666 2627
3 2627 2666 2667
3 2627 2667 2628
3 2628 2667 2668
3 2628 2668 2629
3 2629 2668 2669
3 2629 2669 2630
3 2630 2669 2670
3 2630 2670 2631
3 2631 2670 2671
3 2631 2671 2632
3 2632 2671 2672
3 2632 2672 2633
3 2633 2672 2673
3 2633 2673 2634
3 2634 2673 2674
3 2634 2674 2635
3 2635 2674 2675
3 2635 2675 2636
3 2636 2675 2676
3 2636 2676 2637
3 2637 2676 2677
3 2637 2677 2638
3 2638 2677 2678
3 2638 2678 2639
3 2639 2678 2679
3 2640 2680 2641
3 2641 2680 2681
3 2641 2681 2642
3 2642 2681 2682
3 2642 2682 2643
3 2643 2682 2683
3 2643 2683 2644
3 2644 2683 2684
3 2644 2684 2645
3 2645 2684 2685
3 2645 2685 2646
3 2646 2685 2686
3 2646 2686 2647
3 2647 2686 2687
3 2647 2687 2648
3 2648 2687 2688
3 2648 2688 2649
3 2649 2688 2689
3 2649 2689 2650
3 2650 2689 2690
3 2650 2690 2651
3 2651 2690 2691
3 2651 2691 2652
3 2652 2691 2692
3 2652 2692 2653
3 2653 2692 2693
3 2653 2693 2654
3 2654 2693 2694
3 2654 2694 2655
3 2655 2694 2695
3 2655 2695 2656
3 2656 2695 2696
3 2656 2696 2657
3 2657 2696 2697
3 2657 2697 2658
3 2658 2697 2698
3 2658 2698 2659
3 2659 2698 2699
3 2659 2699 2660
3 2660 2699 2700
3 2660 2700 2661
3 2661 2700 2701
3 2661 2701 2662
3 2662 2701 2702
3 2662 2702 2663
3 2663 2702 2703
3 2663 2703 2664
3 2664 2703 2704
3 2664 2704 2665
3 2665 2704 2705
3 2665 2705 2666
3 2666 2705 2706
3 2666 2706 2667
3 2667 2706 2707
3 2667 2707 2668
3 2668 2707 2708
3 2668 2708 2669
3 2669 2708 2709
3 2669 2709 2670
3 2670 2709 2710
3 2670 2710 2671
3 2671 2710 2711
3 2671 2711 2672
3 2672 2711 2712
3 2672 2712 2673
3 2673 2712 2713
3 2673 2713 2674
3 2674 2713 2714
3 2674 2714 2675
3 2675 2714 2715
3 2675 2715 2676
3 2676 2715 2716
3 2676 2716 2677
3 2677 2716 2717
3 2677 2717 2678
3 2678 2717 2718
3 2678 2718 2679
3 2679 2718 2719
3 2680 2720 2681
3 2681 2720 2721
3 2681 2721 2682
3 2682 2721 2722
3 2682 2722 2683
3 2683 2722 2723
3 2683 2723 2684
3 2684 2723 2724
3 2684 2724 2685
3 2685 2724 2725
3 2685 2725 2686
3 2686 2725 2726
3 2686 2726 2687
3 2687 2726 2727
3 2687 2727 2688
3 2688 2727 2728
3 2688 2728 2689
3 2689 2728 2729
3 2689 2729 2690
3 2690 2729 2730
3 2690 2730 2691
3 2691 2730 2731
3 2691 2731 2692
3 2692 2731 2732
3 2692 2732 2693
3 2693 2732 2733
3 2693 2733 2694
3 2694 2733 2734
3 2694 2734 2695
3 2695 2734 2735
3 2695 2735 2696
3 2696 2735 2736
3 2696 2736 2697
3 2697 2736 2737
3 2697 2737 2698
3 2698 2737 2738
3 2698 2738 2699
3 2699 2738 2739
3 2699 2739 2700
3 2700 2739 2740
3 2700 2740 2701
3 2701 2740 2741
3 2701 2741 2702
3 2702 2741 2742
3 2702 2742 2703
3 2703 2742 2743
3 2703 2743 2704
3 2704 2743 2744
3 2704 2744 2705
3 2705 2744 2745
3 2705 2745 2706
3 2706 2745 2746
3 2706 2746 2707
3 2707 2746 2747
3 2707 2747 2708
3 2708 2747 2748
3 2708 2748 2709
3 2709 2748 2749
3 2709 2749 2710
3 2710 2749 2750
3 2710 2750 2711
3 2711 2750 2751
3 2711 2751 2712
3 2712 2751 2752
3 2712 2752 2713
3 2713 2752 2753
3 2713 2753 2714
3 2714 2753 2754
3 2714 2754 2715
3 2715 2754 2755
3 2715 2755 2716
3 2716 2755 2756
3 2716 2756 2717
3 2717 2756 2757
3 2717 2757 2718
3 2718 2757 2758
3 2718 2758 2719
3 2719 2758 2759
3 2720 2760 2721
3 2721 2760 2761
3 2721 2761 2722
3 2722 2761 2762
3 2722 2762 2723
3 2723 2762 2763
3 2723 2763 2724
3 2724 2763 2764
3 2724 2764 2725
3 2725 2764 2765
3 2725 2765 2726
3 2726 2765 2766
3 2726 2766 2727
3 2727 2766 2767
3 2727 2767 2728
3 2728 2767 2768
3 2728 2768 2729
3 2729 2768 2769
3 2729 2769 2730
3 2730 2769 2770
3 2730 2770 2731
3 2731 2770 2771
3 2731 2771 2732
3 2732 2771 2772
3 2732 2772 2733
3 2733 2772 2773
3 2733 2773 2734
3 2734 2773 2774
3 2734 2774 2735
3 2735 2774 2775
3 2735 2775 2736
3 2736 2775 2776
3 2736 2776 2737
3 2737 2776 2777
3 2737 2777 2738
3 2738 2777 2778
3 2738 2778 2739
3 2739 2778 2779
3 2739 2779 2740
3 2740 2779 2780
3 2740 2780 2741
3 2741 2780 2781
3 2741 2781 2742
3 2742 2781 2782
3 2742 2782 2743
3 2743 2782 2783
3 2743 2783 2744
3 2744 2783 2784
3 2744 2784 2745
3 2745 2784 2785
3 2745 2785 2746
3 2746 2785 2786
3 2746 2786 2747
3 2747 2786 2787
3 2747 2787 2748
3 2748 2787 2788
3 2748 2788 2749
3 2749 2788 2789
3 2749 2789 2750
3 2750 2789 2790
3 2750 2790 2751
3 2751 2790 2791
3 2751 2791 2752
3 2752 2791 2792
3 2752 2792 2753
3 2753 2792 2793
3 2753 2793 2754
3 2754 2793 2794
3 2754 2794 2755
3 2755 2794 2795
3 2755 2795 2756
3 2756 2795 2796
3 2756 2796 2757
3 2757 2796 2797
3 2757 2797 2758
3 2758 2797 2798
3 2758 2798 2759
3 2759 2798 2799
3 2760 2800 2761
3 2761 2800 2801
3 2761 2801 2762
3 2762 2801 2802
3 2762 2802 2763
3 2763 2802 2803
3 2763 2803 2764
3 2764 2803 2804
3 2764 2804 2765
3 2765 2804 2805
3 2765 2805 2766
3 2766 2805 2806
3 2766 2806 2767
3 2767 2806 2807
3 2767 2807 2768
3 2768 2807 2808
3 2768 2808 2769
3 2769 2808 2809
3 2769 2809 2770
3 2770 2809 2810
3 2770 2810 2771
3 2771 2810 2811
3 2771 2811 2772
3 2772 2811 2812
3 2772 2812 2773
3 2773 2812 2813
3 2773 2813 2774
3 2774 2813 2814
3 2774 2814 2775
3 2775 2814 2815
3 2775 2815 2776
3 2776 2815 2816
3 2776 2816 2777
3 2777 2816 2817
3 2777 2817 2778
3 2778 2817 2818
3 2778 2818 2779
3 2779 2818 2819
3 2779 2819 2780
3 2780 2819 2820
3 2780 2820 2781
3 2781 2820 2821
3 2781 2821 2782
3 2782 2821 2822
3 2782 2822 2783
3 2783 2822 2823
3 2783 2823 2784
3 2784 2823 2824
3 2784 2824 2785
3 2785 2824 2825
3 2785 2825 2786
3 2786 2825 2826
3 2786 2826 2787
3 2787 2826 2827
3 2787 2827 2788
3 2788 2827 2828
3 2788 2828 2789
3 2789 2828 2829
3 2789 2829 2790
3 2790 2829 2830
3 2790 2830 2791
3 2791 2830 2831
3 2791 2831 2792
3 2792 2831 2832
3 2792 2832 2793
3 2793 2832 2833
3 2793 2833 2794
3 2794 2833 2834
3 2794 2834 2795
3 2795 2834 2835
3 2795 2835 2796
3 2796 2835 2836
3 2796 2836 2797
3 2797 2836 2837
3 2797 2837 2798
3 2798 2837 2838
3 2798 2838 2799
3 2799 2838 2839
3 2800 2840 2801
3 2801 2840 2841
3 2801 2841 2802
3 2802 2841 2842
3 2802 2842 2803
3 2803 2842 2843
3 2803 2843 2804
3 2804 2843 2844
3 2804 2844 2805
3 2805 2844 2845
3 2805 2845 2806
3 2806 2845 2846
3 2806 2846 2807
3 2807 2846 2847
3 2807 2847 2808
3 2808 2847 2848
3 2808 2848 2809
3 2809 2848 2849
3 2809 2849 2810
3 2810 2849 2850
3 2810 2850 2811
3 2811 2850 2851
3 2811 2851 2812
3 2812 2851 2852
3 2812 2852 2813
3 2813 2852 2853
3 2813 2853 2814
3 2814 2853 2854
3 2814 2854 2815
3 2815 2854 2855
3 2815 2855 2816
3 2816 2855 2856
3 2816 2856 2817
3 2817 2856 2857
3 2817 2857 2818
3 2818 2857 2858
3 2818 2858 2819
3 2819 2858 2859
3 2819 2859 2820
3 2820 2859 2860
3 2820 2860 2821
3 2821 2860 2861
3 2821 2861 2822
3 2822 2861 2862
3 2822 2862 2823
3 2823 2862 2863
3 2823 2863 2824
3 2824 2863 2864
3 2824 2864 2825
3 2825 2864 2865
3 2825 2865 2826
3 2826 2865 2866
3 2826 2866 2827
3 2827 2866 2867
3 2827 2867 2828
3 2828 2867 2868
3 2828 2868 2829
3 2829 2868 2869
3 2829 2869 2830
3 2830 2869 2870
3 2830 2870 2831
3 2831 2870 2871
3 2831 2871 2832
3 2832 2871 2872
3 2832 2872 2833
3 2833 2872 2873
3 2833 2873 2834
3 2834 2873 2874
3 2834 2874 2835
3 2835 2874 2875
3 2835 2875 2836
3 2836 2875 2876
3 2836 2876 2837
3 2837 2876 2877
3 2837 2877 2838
3 2838 2877 2878
3 2838 2878 2839
3 2839 2878 2879
3 2840 2880 2841
3 2841 2880 2881
3 2841 2881 2842
3 2842 2881 2882
3 2842 2882 2843
3 2843 2882 2883
3 2843 2883 2844
3 2844 2883 2884
3 2844 2884 2845
3 2845 2884 2885
3 2845 2885 2846
3 2846 2885 2886
3 2846 2886 2847
3 2847 2886 2887
3 2847 2887 2848
3 2848 2887 2888
3 2848 2888 2849
3 2849 2888 2889
3 2849 2889 2850
3 2850 2889 2890
3 2850 2890 2851
3 2851 2890 2891
3 2851 2891 2852
3 2852 2891 2892
3 2852 2892 2853
3 2853 2892 2893
3 2853 2893 2854
3 2854 2893 2894
3 2854 2894 2855
3 2855 2894 2895
3 2855 2895 2856
3 2856 2895 2896
3 2856 2896 2857
3 2857 2896 2897
3 2857 2897 2858
3 2858 2897 2898
3 2858 2898 2859
3 2859 2898 2899
3 2859 2899 2860
3 2860 2899 2900
3 2860 2900 2861
3 2861 2900 2901
3 2861 2901 2862
3 2862 2901 2902
3 2862 2902 2863
3 2863 2902 2903
3 2863 2903 2864
3 2864 2903 2904
3 2864 2904 2865
3 2865 2904 2905
3 2865 2905 2866
3 2866 2905 2906
3 2866 2906 2867
3 2867 2906 2907
3 2867 2907 2868
3 2868 2907 2908
3 2868 2908 2869
3 2869 2908 2909
3 2869 2909 2870
3 2870 2909 2910
3 2870 2910 2871
3 2871 2910 2911
3 2871 2911 2872
3 2872 2911 2912
3 2872 2912 2873
3 2873 2912 2913
3 2873 2913 2874
3 2874 2913 2914
3 2874 2914 2875
3 2875 2914 2915
3 2875 2915 2876
3 2876 2915 2916
3 2876 2916 2877
3 2877 2916 2917
3 2877 2917 2878
3 2878 2917 2918
3 2878 2918 2879
3 2879 2918 2919
3 2880 2920 2881
3 2881 2920 2921
3 2881 2921 2882
3 2882 2921 2922
3 2882 2922 2883
3 2883 2922 2923
3 2883 2923 2884
3 2884 2923 2924
3 2884 2924 2885
3 2885 2924 2925
3 2885 2925 2886
3 2886 2925 2926
3 2886 2926 2887
3 2887 2926 2927
3 2887 2927 2888
3 2888 2927 2928
3 2888 2928 2889
3 2889 2928 2929
3 2889 2929 2890
3 2890 2929 2930
3 2890 2930 2891
3 2891 2930 2931
3 2891 2931 2892
3 2892 2931 2932
3 2892 2932 2893
3 2893 2932 2933
3 2893 2933 2894
3 2894 2933 2934
3 2894 2934 2895
3 2895 2934 2935
3 2895 2935 2896
3 2896 2935 2936
3 2896 2936 2897
3 2897 2936 2937
3 2897 2937 2898
3 2898 2937 2938
3 2898 2938 2899
3 2899 2938 2939
3 2899 2939 2900
3 2900 2939 2940
3 2900 2940 2901
3 2901 2940 2941
3 2901 2941 2902
3 2902 2941 2942
3 2902 2942 2903
3 2903 2942 2943
3 2903 2943 2904
3 2904 2943 2944
3 2904 2944 2905
3 2905 2944 2945
3 2905 2945 2906
3 2906 2945 2946
3 2906 2946 2907
3 2907 2946 2947
3 2907 2947 2908
3 2908 2947 2948
3 2908 2948 2909
3 2909 2948 2949
3 2909 2949 2910
3 2910 2949 2950
3 2910 2950 2911
3 2911 2950 2951
3 2911 2951 2912
3 2912 2951 2952
3 2912 2952 2913
3 2913 2952 2953
3 2913 2953 2914
3 2914 2953 2954
3 2914 2954 2915
3 2915 2954 2955
3 2915 2955 2916
3 2916 2955 2956
3 2916 2956 2917
3 2917 2956 2957
3 2917 2957 2918
3 2918 2957 2958
3 2918 2958 2919
3 2919 2958 2959
3 2920 2960 2921
3 2921 2960 2961
3 2921 2961 2922
3 2922 2961 2962
3 2922 2962 2923
3 2923 2962 2963
3 2923 2963 2924
3 2924 2963 2964
3 2924 2964 2925
3 2925 2964 2965
3 2925 2965 2926
3 2926 2965 2966
3 2926 2966 2927
3 2927 2966 2967
3 2927 2967 2928
3 2928 2967 2968
3 2928 2968 2929
3 2929 2968 2969
3 2929 2969 2930
3 2930 2969 2970
3 2930 2970 2931
3 2931 2970 2971
3 2931 2971 2932
3 2932 2971 2972
3 2932 2972 2933
3 2933 2972 2973
3 2933 2973 2934
3 2934 2973 2974
3 2934 2974 2935
3 2935 2974 2975
3 2935 2975 2936
3 2936 2975 2976
3 2936 2976 2937
3 2937 2976 2977
3 2937 2977 2938
3 2938 2977 2978
3 2938 2978 2939
3 2939 2978 2979
3 2939 2979 2940
3 2940 2979 2980
3 2940 2980 2941
3 2941 2980 2981
3 2941 2981 2942
3 2942 2981 2982
3 2942 2982 2943
3 2943 2982 2983
3 2943 2983 2944
3 2944 2983 2984
3 2944 2984 2945
3 2945 2984 2985
3 2945 2985 2946
3 2946 2985 2986
3 2946 2986 2947
3 2947 2986 2987
3 2947 2987 2948
3 2948 2987 2988
3 2948 2988 2949
3 2949 2988 2989
3 2949 2989 2950
3 2950 2989 2990
3 2950 2990 2951
3 2951 2990 2991
3 2951 2991 2952
3 2952 2991 2992
3 2952 2992 2953
3 2953 2992 2993
3 2953 2993 2954
3 2954 2993 2994
3 2954 2994 2955
3 2955 2994 2995
3 2955 2995 2956
3 2956 2995 2996
3 2956 2996 2957
3 2957 2996 2997
3 2957 2997 2958
3 2958 2997 2998
3 2958 2998 2959
3 2959 2998 2999
3 2960 3000 2961
3 2961 3000 3001
3 2961 3001 2962
3 2962 3001 3002
3 2962 3002 2963
3 2963 3002 3003
3 2963 3003 2964
3 2964 3003 3004
3 2964 3004 2965
3 2965 3004 3005
3 2965 3005 2966
3 2966 3005 3006
3 2966 3006 2967
3 2967 3006 3007
3 2967 3007 2968
3 2968 3007 3008
3 2968 3008 2969
3 2969 3008 3009
3 2969 3009 2970
3 2970 3009 3010
3 2970 3010 2971
3 2971 3010 3011
3 2971 3011 2972
3 2972 3011 3012
3 2972 3012 2973
3 2973 3012 3013
3 2973 3013 2974
3 2974 3013 3014
3 2974 3014 2975
3 2975 3014 3015
3 2975 3015 2976
3 2976 3015 3016
3 2976 3016 2977
3 2977 3016 3017
3 2977 3017 2978
3 2978 3017 3018
3 2978 3018 2979
3 2979 3018 3019
3 2979 3019 2980
3 2980 3019 3020
3 2980 3020 2981
3 2981 3020 3021
3 2981 3021 2982
3 2982 3021 3022
3 2982 3022 2983
3 2983 3022 3023
3 2983 3023 2984
3 2984 3023 3024
3 2984 3024 2985
3 2985 3024 3025
3 2985 3025 2986
3 2986 3025 3026
3 2986 3026 2987
3 2987 3026 3027
3 2987 3027 2988
3 2988 3027 3028
3 2988 3028 2989
3 2989 3028 3029
3 2989 3029 2990
3 2990 3029 3030
3 2990 3030 2991
3 2991 3030 3031
3 2991 3031 2992
3 2992 3031 3032
3 2992 3032 2993
3 2993 3032 3033
3 2993 3033 2994
3 2994 3033 3034
3 2994 3034 2995
3 2995 3034 3035
3 2995 3035 2996
3 2996 3035 3036
3 2996 3036 2997
3 2997 3036 3037
3 2997 3037 2998
3 2998 3037 3038
3 2998 3038 2999
3 2999 3038 3039
3 3000 3040 3001
3 3001 3040 3041
3 3001 3041 3002
3 3002 3041 3042
3 3002 3042 3003
3 3003 3042 3043
3 3003 3043 3004
3 3004 3043 3044
3 3004 3044 3005
3 3005 3044 3045
3 3005 3045 3006
3 3006 3045 3046
3 3006 3046 3007
3 3007 3046 3047
3 3007 3047 3008
3 3008 3047 3048
3 3008 3048 3009
3 3009 3048 3049
3 3009 3049 3010
3 3010 3049 3050
3 3010 3050 3011
3 3011 3050 3051
3 3011 3051 3012
3 3012 3051 3052
3 3012 3052 3013
3 3013 3052 3053
3 3013 3053 3014
3 3014 3053 3054
3 3014 3054 3015
3 3015 3054 3055
3 3015 3055 3016
3 3016 3055 3056
3 3016 3056 3017
3 3017 3056 3057
3 3017 3057 3018
3 3018 3057 3058
3 3018 3058 3019
3 3019 3058 3059
3 3019 3059 3020
3 3020 3059 3060
3 3020 3060 3021
3 3021 3060 3061
3 3021 3061 3022
3 3022 3061 3062
3 3022 3062 3023
3 3023 3062 3063
3 3023 3063 3024
3 3024 3063 3064
3 3024 3064 3025
3 3025 3064 3065
3 3025 3065 3026
3 3026 3065 3066
3 3026 3066 3027
3 3027 3066 3067
3 3027 3067 3028
3 3028 3067 3068
3 3028 3068 3029
3 3029 3068 3069
3 3029 3069 3030
3 3030 3069 3070
3 3030 3070 3031
3 3031 3070 3071
3 3031 3071 3032
3 3032 3071 3072
3 3032 3072 3033
3 3033 3072 3073
3 3033 3073 3034
3 3034 3073 3074
3 3034 3074 3035
3 3035 3074 3075
3 3035 3075 3036
3 3036 3075 3076
3 3036 3076 3037
3 3037 3076 3077
3 3037 3077 3038
3 3038 3077 3078
3 3038 3078 3039
3 3039 3078 3079
3 3040 3080 3041
3 3041 3080 3081
3 3041 3081 3042
3 3042 3081 3082
3 3042 3082 3043
3 3043 3082 3083
3 3043 3083 3044
3 3044 3083 3084
3 3044 3084 3045
3 3045 3084 3085
3 3045 3085 3046
3 3046 3085 3086
3 3046 3086 3047
3 3047 3086 3087
3 3047 3087 3048
3 3048 3087 3088
3 3048 3088 3049
3 3049 3088 3089
3 3049 3089 3050
3 3050 3089 3090
3 3050 3090 3051
3 3051 3090 3091
3 3051 3091 3052
3 3052 3091 3092
3 3052 3092 3053
3 3053 3092 3093
3 3053 3093 3054
3 3054 3093 3094
3 3054 3094 3055
3 3055 3094 3095
3 3055 3095 3056
3 3056 3095 3096
3 3056 3096 3057
3 3057 3096 3097
3 3057 3097 3058
3 3058 3097 3098
3 3058 3098 3059
3 3059 3098 3099
3 3059 3099 3060
3 3060 3099 3100
3 3060 3100 3061
3 3061 3100 3101
3 3061 3101 3062
3 3062 3101 3102
3 3062 3102 3063
3 3063 3102 3103
3 3063 3103 3064
3 3064 3103 3104
3 3064 3104 3065
3 3065 3104 3105
3 3065 3105 3066
3 3066 3105 3106
3 3066 3106 3067
3 3067 3106 3107
3 3067 3107 3068
3 3068 3107 3108
3 3068 3108 3069
3 3069 3108 3109
3 3069 3109 3070
3 3070 3109 3110
3 3070 3110 3071
3 3071 3110 3111
3 3071 3111 3072
3 3072 3111 3112
3 3072 3112 3073
3 3073 3112 3113
3 3073 3113 3074
3 3074 3113 3114
3 3074 3114 3075
3 3075 3114 3115
3 3075 3115 3076
3 3076 3115 3116
3 3076 3116 3077
3 3077 3116 3117
3 3077 3117 3078
3 3078 3117 3118
3 3078 3118 3079
3 3079 3118 3119
3 3080 3120 3081
3 3081 3120 3121
3 3081 3121 3082
3 3082 3121 3122
3 3082 3122 3083
3 3083 3122 3123
3 3083 3123 3084
3 3084 3123 3124
3 3084 3124 3085
3 3085 3124 3125
3 3085 3125 3086
3 3086 3125 3126
3 3086 3126 3087
3 3087 3126 3127
3 3087 3127 3088
3 3088 3127 3128
3 3088 3128 3089
3 3089 3128 3129
3 3089 3129 3090
3 3090 3129 3130
3 3090 3130 3091
3 3091 3130 3131
3 3091 3131 3092
3 3092 3131 3132
3 3092 3132 3093
3 3093 3132 3133
3 3093 3133 3094
3 3094 3133 3134
3 3094 3134 3095
3 3095 3134 3135
3 3095 3135 3096
3 3096 3135 3136
3 3096 3136 3097
3 3097 3136 3137
3 3097 3137 3098
3 3098 3137 3138
3 3098 3138 3099
3 3099 3138 3139
3 3099 3139 3100
3 3100 3139 3140
3 3100 3140 3101
3 3101 3140 3141
3 3101 3141 3102
3 3102 3141 3142
3 3102 3142 3103
3 3103 3142 3143
3 3103 3143 3104
3 3104 3143 3144
3 3104 3144 3105
3 3105 3144 3145
3 3105 3145 3106
3 3106 3145 3146
3 3106 3146 3107
3 3107 3146 3147
3 3107 3147 3108
3 3108 3147 3148
3 3108 3148 3109
3 3109 3148 3149
3 3109 3149 3110
3 3110 3149 3150
3 3110 3150 3111
3 3111 3150 3151
3 3111 3151 3112
3 3112 3151 3152
3 3112 3152 3113
3 3113 3152 3153
3 3113 3153 3114
3 3114 3153 3154
3 3114 3154 3115
3 3115 3154 3155
3 3115 3155 3116
3 3116 3155 3156
3 3116 3156 3117
3 3117 3156 3157
3 3117 3157 3118
3 3118 3157 3158
3 3118 3158 3119
3 3119 3158 3159
3 3120 3160 3121
3 3121 3160 3161
3 3121 3161 3122
3 3122 3161 3162
3 3122 3162 3123
3 3123 3162 3163
3 3123 3163 3124
3 3124 3163 3164
3 3124 3164 3125
3 3125 3164 3165
3 3125 3165 3126
3 3126 3165 3166
3 3126 3166 3127
3 3127 3166 3167
3 3127 3167 3128
3 3128 3167 3168
3 3128 3168 3129
3 3129 3168 3169
3 3129 3169 3130
3 3130 3169 3170
3 3130 3170 3131
3 3131 3170 3171
3 3131 3171 3132
3 3132 3171 3172
3 3132 3172 3133
3 3133 3172 3173
3 3133 3173 3134
3 3134 3173 3174
3 3134 3174 3135
3 3135 3174 3175
3 3135 3175 3136
3 3136 3175 3176
3 3136 3176 3137
3 3137 3176 3177
3 3137 3177 3138
3 3138 3177 3178
3 3138 3178 3139
3 3139 3178 3179
3 3139 3179 3140
3 3140 3179 3180
3 3140 3180 3141
3 3141 3180 3181
3 3141 3181 3142
3 3142 3181 3182
3 3142 3182 3143
3 3143 3182 3183
3 3143 3183 3144
3 3144 3183 3184
3 3144 3184 3145
3 3145 3184 3185
3 3145 3185 3146
3 3146 3185 3186
3 3146 3186 3147
3 3147 3186 3187
3 3147 3187 3148
3 3148 3187 3188
3 3148 3188 3149
3 3149 3188 3189
3 3149 3189 3150
3 3150 3189 3190
3 3150 3190 3151
3 3151 3190 3191
3 3151 3191 3152
3 3152 3191 3192
3 3152 3192 3153
3 3153 3192 3193
3 3153 3193 3154
3 3154 3193 3194
3 3154 3194 3155
3 3155 3194 3195
3 3155 3195 3156
3 3156 3195 3196
3 3156 3196 3157
3 3157 3196 3197
3 3157 3197 3158
3 3158 3197 3198
3 3158 3198 3159
3 3159 3198 3199
3 3160 3200 3161
3 3161 3200 3201
3 3161 3201 3162
3 3162 3201 3202
3 3162 3202 3163
3 3163 3202 3203
3 3163 3203 3164
3 3164 3203 3204
3 3164 3204 3165
3 3165 3204 3205
3 3165 3205 3166
3 3166 3205 3206
3 3166 3206 3167
3 3167 3206 3207
3 3167 3207 3168
3 3168 3207 3208
3 3168 3208 3169
3 3169 3208 3209
3 3169 3209 3170
3 3170 3209 3210
3 3170 3210 3171
3 3171 3210 3211
3 3171 3211 3172
3 3172 3211 3212
3 3172 3212 3173
3 3173 3212 3213
3 3173 3213 3174
3 3174 3213 3214
3 3174 3214 3175
3 3175 3214 3215
3 3175 3215 3176
3 3176 3215 3216
3 3176 3216 3177
3 3177 3216 3217
3 3177 3217 3178
3 3178 3217 3218
3 3178 3218 3179
3 3179 3218 3219
3 3179 3219 3180
3 3180 3219 3220
3 3180 3220 3181
3 3181 3220 3221
3 3181 3221 3182
3 3182 3221 3222
3 3182 3222 3183
3 3183 3222 3223
3 3183 3223 3184
3 3184 3223 3224
3 3184 3224 3185
3 3185 3224 3225
3 3185 3225 3186
3 3186 3225 3226
3 3186 3226 3187
3 3187 3226 3227
3 3187 3227 3188
3 3188 3227 3228
3 3188 3228 3189
3 3189 3228 3229
3 3189 3229 3190
3 3190 3229 3230
3 3190 3230 3191
3 3191 3230 3231
3 3191 3231 3192
3 3192 3231 3232
3 3192 3232 3193
3 3193 3232 3233
3 3193 3233 3194
3 3194 3233 3234
3 3194 3234 3195
3 3195 3234 3235
3 3195 3235 3196
3 3196 3235 3236
3 3196 3236 3197
3 3197 3236 3237
3 3197 3237 3198
3 3198 3237 3238
3 3198 3238 3199
3 3199 3238 3239
3 3200 3240 3201
3 3201 3240 3241
3 3201 3241 3202
3 3202 3241 3242
3 3202 3242 3203
3 3203 3242 3243
3 3203 3243 3204
3 3204 3243 3244
3 3204 3244 3205
3 3205 3244 3245
3 3205 3245 3206
3 3206 3245 3246
3 3206 3246 3207
3 3207 3246 3247
3 3207 3247 3208
3 3208 3247 3248
3 3208 3248 3209
3 3209 3248 3249
3 3209 3249 3210
3 3210 3249 3250
3 3210 3250 3211
3 3211 3250 3251
3 3211 3251 3212
3 3212 3251 3252
3 3212 3252 3213
3 3213 3252 3253
3 3213 3253 3214
3 3214 3253 3254
3 3214 3254 3215
3 3215 3254 3255
3 3215 3255 3216
3 3216 3255 3256
3 3216 3256 3217
3 3217 3256 3257
3 3217 3257 3218
3 3218 3257 3258
3 3218 3258 3219
3 3219 3258 3259
3 3219 3259 3220
3 3220 3259 3260
3 3220 3260 3221
3 3221 3260 3261
3 3221 3261 3222
3 3222 3261 3262
3 3222 3262 3223
3 3223 3262 3263
3 3223 3263 3224
3 3224 3263 3264
3 3224 3264 3225
3 3225 3264 3265
3 3225 3265 3226
3 3226 3265 3266
3 3226 3266 3227
3 3227 3266 3267
3 3227 3267 3228
3 3228 3267 3268
3 3228 3268 3229
3 3229 3268 3269
3 3229 3269 3230
3 3230 3269 3270
3 3230 3270 3231
3 3231 3270 3271
3 3231 3271 3232
3 3232 3271 3272
3 3232 3272 3233
3 3233 3272 3273
3 3233 3273 3234
3 3234 3273 3274
3 3234 3274 3235
3 3235 3274 3275
3 3235 3275 3236
3 3236 3275 3276
3 3236 3276 3237
3 3237 3276 3277
3 3237 3277 3238
3 3238 3277 3278
3 3238 3278 3239
3 3239 3278 3279
3 3240 3280 3241
3 3241 3280 3281
3 3241 3281 3242
3 3242 3281 3282
3 3242 3282 3243
3 3243 3282 3283
3 3243 3283 3244
3 3244 3283 3284
3 3244 3284 3245
3 3245 3284 3285
3 3245 3285 3246
3 3246 3285 3286
3 3246 3286 3247
3 3247 3286 3287
3 3247 3287 3248
3 3248 3287 3288
3 3248 3288 3249
3 3249 3288 3289
3 3249 3289 3250
3 3250 3289 3290
3 3250 3290 3251
3 3251 3290 3291
3 3251 3291 3252
3 3252 3291 3292
3 3252 3292 3253
3 3253 3292 3293
3 3253 3293 3254
3 3254 3293 3294
3 3254 3294 3255
3 3255 3294 3295
3 3255 3295 3256
3 3256 3295 3296
3 3256 3296 3257
3 3257 3296 3297
3 3257 3297 3258
3 3258 3297 3298
3 3258 3298 3259
3 3259 3298 3299
3 3259 3299 3260
3 3260 3299 3300
3 3260 3300 3261
3 3261 3300 3301
3 3261 3301 3262
3 3262 3301 3302
3 3262 3302 3263
3 3263 3302 3303
3 3263 3303 3264
3 3264 3303 3304
3 3264 3304 3265
3 3265 3304 3305
3 3265 3305 3266
3 3266 3305 3306
3 3266 3306 3267
3 3267 3306 3307
3 3267 3307 3268
3 3268 3307 3308
3 3268 3308 3269
3 3269 3308 3309
3 3269 3309 3270
3 3270 3309 3310
3 3270 3310 3271
3 3271 3310 3311
3 3271 3311 3272
3 3272 3311 3312
3 3272 3312 3273
3 3273 3312 3313
3 3273 3313 3274
3 3274 3313 3314
3 3274 3314 3275
3 3275 3314 3315
3 3275 3315 3276
3 3276 3315 3316
3 3276 3316 3277
3 3277 3316 3317
3 3277 3317 3278
3 3278 3317 3318
3 3278 3318 3279
3 3279 3318 3319
3 3280 3320 3281
3 3281 3320 3321
3 3281 3321 3282
3 3282 3321 3322
3 3282 3322 3283
3 3283 3322 3323
3 3283 3323 3284
3 3284 3323 3324
3 3284 3324 3285
3 3285 3324 3325
3 3285 3325 3286
3 3286 3325 3326
3 3286 3326 3287
3 3287 3326 3327
3 3287 3327 3288
3 3288 3327 3328
3 3288 3328 3289
3 3289 3328 3329
3 3289 3329 3290
3 3290 3329 3330
3 3290 3330 3291
3 3291 3330 3331
3 3291 3331 3292
3 3292 3331 3332
3 3292 3332 3293
3 3293 3332 3333
3 3293 3333 3294
3 3294 3333 3334
3 3294 3334 3295
3 3295 3334 3335
3 3295 3335 3296
3 3296 3335 3336
3 3296 3336 3297
3 3297 3336 3337
3 3297 3337 3298
3 3298 3337 3338
3 3298 3338 3299
3 3299 3338 3339
3 3299 3339 3300
3 3300 3339 3340
3 3300 3340 3301
3 3301 3340 3341
3 3301 3341 3302
3 3302 3341 3342
3 3302 3342 3303
3 3303 3342 3343
3 3303 3343 3304
3 3304 3343 3344
3 3304 3344 3305
3 3305 3344 3345
3 3305 3345 3306
3 3306 3345 3346
3 3306 3346 3307
3 3307 3346 3347
3 3307 3347 3308
3 3308 3347 3348
3 3308 3348 3309
3 3309 3348 3349
3 3309 3349 3310
3 3310 3349 3350
3 3310 3350 3311
3 3311 3350 3351
3 3311 3351 3312
3 3312 3351 3352
3 3312 3352 3313
3 3313 3352 3353
3 3313 3353 3314
3 3314 3353 3354
3 3314 3354 3315
3 3315 3354 3355
3 3315 3355 3316
3 3316 3355 3356
3 3316 3356 3317
3 3317 3356 3357
3 3317 3357 3318
3 3318 3357 3358
3 3318 3358 3319
3 3319 3358 3359
3 3320 3360 3321
3 3321 3360 3361
3 3321 3361 3322
3 3322 3361 3362
3 3322 3362 3323
3 3323 3362 3363
3 3323 3363 3324
3 3324 3363 3364
3 3324 3364 3325
3 3325 3364 3365
3 3325 3365 3326
3 3326 3365 3366
3 3326 3366 3327
3 3327 3366 3367
3 3327 3367 3328
3 3328 3367 3368
3 3328 3368 3329
3 3329 3368 3369
3 3329 3369 3330
3 3330 3369 3370
3 3330 3370 3331
3 3331 3370 3371
3 3331 3371 3332
3 3332 3371 3372
3 3332 3372 3333
3 3333 3372 3373
3 3333 3373 3334
3 3334 3373 3374
3 3334 3374 3335
3 3335 3374 3375
3 3335 3375 3336
3 3336 3375 3376
3 3336 3376 3337
3 3337 3376 3377
3 3337 3377 3338
3 3338 3377 3378
3 3338 3378 3339
3 3339 3378 3379
3 3339 3379 3340
3 3340 3379 3380
3 3340 3380 3341
3 3341 3380 3381
3 3341 3381 3342
3 3342 3381 3382
3 3342 3382 3343
3 3343 3382 3383
3 3343 3383 3344
3 3344 3383 3384
3 3344 3384 3345
3 3345 3384 3385
3 3345 3385 3346
3 3346 3385 3386
3 3346 3386 3347
3 3347 3386 3387
3 3347 3387 3348
3 3348 3387 3388
3 3348 3388 3349
3 3349 3388 3389
3 3349 3389 3350
3 3350 3389 3390
3 3350 3390 3351
3 3351 3390 3391
3 3351 3391 3352
3 3352 3391 3392
3 3352 3392 3353
3 3353 3392 3393
3 3353 3393 3354
3 3354 3393 3394
3 3354 3394 3355
3 3355 3394 3395
3 3355 3395 3356
3 3356 3395 3396
3 3356 3396 3357
3 3357 3396 3397
3 3357 3397 3358
3 3358 3397 3398
3 3358 3398 3359
3 3359 3398 3399
3 3360 3400 3361
3 3361 3400 3401
3 3361 3401 3362
3 3362 3401 3402
3 3362 3402 3363
3 3363 3402 3403
3 3363 3403 3364
3 3364 3403 3404
3 3364 3404 3365
3 3365 3404 3405
3 3365 3405 3366
3 3366 3405 3406
3 3366 3406 3367
3 3367 3406 3407
3 3367 3407 3368
3 3368 3407 3408
3 3368 3408 3369
3 3369 3408 3409
3 3369 3409 3370
3 3370 3409 3410
3 3370 3410 3371
3 3371 3410 3411
3 3371 3411 3372
3 3372 3411 3412
3 3372 3412 3373
3 3373 3412 3413
3 3373 3413 3374
3 3374 3413 3414
3 3374 3414 3375
3 3375 3414 3415
3 3375 3415 3376
3 3376 3415 3416
3 3376 3416 3377
3 3377 3416 3417
3 3377 3417 3378
3 3378 3417 3418
3 3378 3418 3379
3 3379 3418 3419
3 3379 3419 3380
3 3380 3419 3420
3 3380 3420 3381
3 3381 3420 3421
3 3381 3421 3382
3 3382 3421 3422
3 3382 3422 3383
3 3383 3422 3423
3 3383 3423 3384
3 3384 3423 3424
3 3384 3424 3385
3 3385 3424 3425
3 3385 3425 3386
3 3386 3425 3426
3 3386 3426 3387
3 3387 3426 3427
3 3387 3427 3388
3 3388 3427 3428
3 3388 3428 3389
3 3389 3428 3429
3 3389 3429 3390
3 3390 3429 3430
3 3390 3430 3391
3 3391 3430 3431
3 3391 3431 3392
3 3392 3431 3432
3 3392 3432 3393
3 3393 3432 3433
3 3393 3433 3394
3 3394 3433 3434
3 3394 3434 3395
3 3395 3434 3435
3 3395 3435 3396
3 3396 3435 3436
3 3396 3436 3397
3 3397 3436 3437
3 3397 3437 3398
3 3398 3437 3438
3 3398 3438 3399
3 3399 3438 3439
3 3400 3440 3401
3 3401 3440 3441
3 3401 3441 3402
3 3402 3441 3442
3 3402 3442 3403
3 3403 3442 3443
3 3403 3443 3404
3 3404 3443 3444
3 3404 3444 3405
3 3405 3444 3445
3 3405 3445 3406
3 3406 3445 3446
3 3406 3446 3407
3 3407 3446 3447
3 3407 3447 3408
3 3408 3447 3448
3 3408 3448 3409
3 3409 3448 3449
3 3409 3449 3410
3 3410 3449 3450
3 3410 3450 3411
3 3411 3450 3451
3 3411 3451 3412
3 3412 3451 3452
3 3412 3452 3413
3 3413 3452 3453
3 3413 3453 3414
3 3414 3453 3454
3 3414 3454 3415
3 3415 3454 3455
3 3415 3455 3416
3 3416 3455 3456
3 3416 3456 3417
3 3417 3456 3457
3 3417 3457 3418
3 3418 3457 3458
3 3418 3458 3419
3 3419 3458 3459
3 3419 3459 3420
3 3420 3459 3460
3 3420 3460 3421
3 3421 3460 3461
3 3421 3461 3422
3 3422 3461 3462
3 3422 3462 3423
3 3423 3462 3463
3 3423 3463 3424
3 3424 3463 3464
3 3424 3464 3425
3 3425 3464 3465
3 3425 3465 3426
3 3426 3465 3466
3 3426 3466 3427
3 3427 3466 3467
3 3427 3467 3428
3 3428 3467 3468
3 3428 3468 3429
3 3429 3468 3469
3 3429 3469 3430
3 3430 3469 3470
3 3430 3470 3431
3 3431 3470 3471
3 3431 3471 3432
3 3432 3471 3472
3 3432 3472 3433
3 3433 3472 3473
3 3433 3473 3434
3 3434 3473 3474
3 3434 3474 3435
3 3435 3474 3475
3 3435 3475 3436
3 3436 3475 3476
3 3436 3476 3437
3 3437 3476 3477
3 3437 3477 3438
3 3438 3477 3478
3 3438 3478 3439
3 3439 3478 3479
3 3440 3480 3441
3 3441 3480 3481
3 3441 3481 3442
3 3442 3481 3482
3 3442 3482 3443
3 3443 3482 3483
3 3443 3483 3444
3 3444 3483 3484
3 3444 3484 3445
3 3445 3484 3485
3 3445 3485 3446
3 3446 3485 3486
3 3446 3486 3447
3 3447 3486 3487
3 3447 3487 3448
3 3448 3487 3488
3 3448 3488 3449
3 3449 3488 3489
3 3449 3489 3450
3 3450 3489 3490
3 3450 3490 3451
3 3451 3490 3491
3 3451 3491 3452
3 3452 3491 3492
3 3452 3492 3453
3 3453 3492 3493
3 3453 3493 3454
3 3454 3493 3494
3 3454 3494 3455
3 3455 3494 3495
3 3455 3495 3456
3 3456 3495 3496
3 3456 3496 3457
3 3457 3496 3497
3 3457 3497 3458
3 3458 3497 3498
3 3458 3498 3459
3 3459 3498 3499
3 3459 3499 3460
3 3460 3499 3500
3 3460 3500 3461
3 3461 3500 3501
3 3461 3501 3462
3 3462 3501 3502
3 3462 3502 3463
3 3463 3502 3503
3 3463 3503 3464
3 3464 3503 3504
3 3464 3504 3465
3 3465 3504 3505
3 3465 3505 3466
3 3466 3505 3506
3 3466 3506 3467
3 3467 3506 3507
3 3467 3507 3468
3 3468 3507 3508
3 3468 3508 3469
3 3469 3508 3509
3 3469 3509 3470
3 3470 3509 3510
3 3470 3510 3471
3 3471 3510 3511
3 3471 3511 3472
3 3472 3511 3512
3 3472 3512 3473
3 3473 3512 3513
3 3473 3513 3474
3 3474 3513 3514
3 3474 3514 3475
3 3475 3514 3515
3 3475 3515 3476
3 3476 3515 3516
3 3476 3516 3477
3 3477 3516 3517
3 3477 3517 3478
3 3478 3517 3518
3 3478 3518 3479
3 3479 3518 3519
3 3480 3520 3481
3 3481 3520 3521
3 3481 3521 3482
3 3482 3521 3522
3 3482 3522 3483
3 3483 3522 3523
3 3483 3523 3484
3 3484 3523 3524
3 3484 3524 3485
3 3485 3524 3525
3 3485 3525 3486
3 3486 3525 3526
3 3486 3526 3487
3 3487 3526 3527
3 3487 3527 3488
3 3488 3527 3528
3 3488 3528 3489
3 3489 3528 3529
3 3489 3529 3490
3 3490 3529 3530
3 3490 3530 3491
3 3491 3530 3531
3 3491 3531 3492
3 3492 3531 3532
3 3492 3532 3493
3 3493 3532 3533
3 3493 3533 3494
3 3494 3533 3534
3 3494 3534 3495
3 3495 3534 3535
3 3495 3535 3496
3 3496 3535 3536
3 3496 3536 3497
3 3497 3536 3537
3 3497 3537 3498
3 3498 3537 3538
3 3498 3538 3499
3 3499 3538 3539
3 3499 3539 3500
3 3500 3539 3540
3 3500 3540 3501
3 3501 3540 3541
3 3501 3541 3502
3 3502 3541 3542
3 3502 3542 3503
3 3503 3542 3543
3 3503 3543 3504
3 3504 3543 3544
3 3504 3544 3505
3 3505 3544 3545
3 3505 3545 3506
3 3506 3545 3546
3 3506 3546 3507
3 3507 3546 3547
3 3507 3547 3508
3 3508 3547 3548
3 3508 3548 3509
3 3509 3548 3549
3 3509 3549 3510
3 3510 3549 3550
3 3510 3550 3511
3 3511 3550 3551
3 3511 3551 3512
3 3512 3551 3552
3 3512 3552 3513
3 3513 3552 3553
3 3513 3553 3514
3 3514 3553 3554
3 3514 3554 3515
3 3515 3554 3555
3 3515 3555 3516
3 3516 3555 3556
3 3516 3556 3517
3 3517 3556 3557
3 3517 3557 3518
3 3518 3557 3558
3 3518 3558 3519
3 3519 3558 3559
3 3520 3560 3521
3 3521 3560 3561
3 3521 3561 3522
3 3522 3561 3562
3 3522 3562 3523
3 3523 3562 3563
3 3523 3563 3524
3 3524 3563 3564
3 3524 3564 3525
3 3525 3564 3565
3 3525 3565 3526
3 3526 3565 3566
3 3526 3566 3527
3 3527 3566 3567
3 3527 3567 3528
3 3528 3567 3568
3 3528 3568 3529
3 3529 3568 3569
3 3529 3569 3530
3 3530 3569 3570
3 3530 3570 3531
3 3531 3570 3571
3 3531 3571 3532
3 3532 3571 3572
3 3532 3572 3533
3 3533 3572 3573
3 3533 3573 3534
3 3534 3573 3574
3 3534 3574 3535
3 3535 3574 3575
3 3535 3575 3536
3 3536 3575 3576
3 3536 3576 3537
3 3537 3576 3577
3 3537 3577 3538
3 3538 3577 3578
3 3538 3578 3539
3 3539 3578 3579
3 3539 3579 3540
3 3540 3579 3580
3 3540 3580 3541
3 3541 3580 3581
3 3541 3581 3542
3 3542 3581 3582
3 3542 3582 3543
3 3543 3582 3583
3 3543 3583 3544
3 3544 3583 3584
3 3544 3584 3545
3 3545 3584 3585
3 3545 3585 3546
3 3546 3585 3586
3 3546 3586 3547
3 3547 3586 3587
3 3547 3587 3548
3 3548 3587 3588
3 3548 3588 3549
3 3549 3588 3589
3 3549 3589 3550
3 3550 3589 3590
3 3550 3590 3551
3 3551 3590 3591
3 3551 3591 3552
3 3552 3591 3592
3 3552 3592 3553
3 3553 3592 3593
3 3553 3593 3554
3 3554 3593 3594
3 3554 3594 3555
3 3555 3594 3595
3 3555 3595 3556
3 3556 3595 3596
3 3556 3596 3557
3 3557 3596 3597
3 3557 3597 3558
3 3558 3597 3598
3 3558 3598 3559
3 3559 3598 3599
3 3560 3600 3561
3 3561 3600 3601
3 3561 3601 3562
3 3562 3601 3602
3 3562 3602 3563
3 3563 3602 3603
3 3563 3603 3564
3 3564 3603 3604
3 3564 3604 3565
3 3565 3604 3605
3 3565 3605 3566
3 3566 3605 3606
3 3566 3606 3567
3 3567 3606 3607
3 3567 3607 3568
3 3568 3607 3608
3 3568 3608 3569
3 3569 3608 3609
3 3569 3609 3570
3 3570 3609 3610
3 3570 3610 3571
3 3571 3610 3611
3 3571 3611 3572
3 3572 3611 3612
3 3572 3612 3573
3 3573 3612 3613
3 3573 3613 3574
3 3574 3613 3614
3 3574 3614 3575
3 3575 3614 3615
3 3575 3615 3576
3 3576 3615 3616
3 3576 3616 3577
3 3577 3616 3617
3 3577 3617 3578
3 3578 3617 3618
3 3578 3618 3579
3 3579 3618 3619
3 3579 3619 3580
3 3580 3619 3620
3 3580 3620 3581
3 3581 3620 3621
3 3581 3621 3582
3 3582 3621 3622
3 3582 3622 3583
3 3583 3622 3623
3 3583 3623 3584
3 3584 3623 3624
3 3584 3624 3585
3 3585 3624 3625
3 3585 3625 3586
3 3586 3625 3626
3 3586 3626 3587
3 3587 3626 3627
3 3587 3627 3588
3 3588 3627 3628
3 3588 3628 3589
3 3589 3628 3629
3 3589 3629 3590
3 3590 3629 3630
3 3590 3630 3591
3 3591 3630 3631
3 3591 3631 3592
3 3592 3631 3632
3 3592 3632 3593
3 3593 3632 3633
3 3593 3633 3594
3 3594 3633 3634
3 3594 3634 3595
3 3595 3634 3635
3 3595 3635 3596
3 3596 3635 3636
3 3596 3636 3597
3 3597 3636 3637
3 3597 3637 3598
3 3598 3637 3638
3 3598 3638 3599
3 3599 3638 3639
3 3600 3640 3601
3 3601 3640 3641
3 3601 3641 3602
3 3602 3641 3642
3 3602 3642 3603
3 3603 3642 3643
3 3603 3643 3604
3 3604 3643 3644
3 3604 3644 3605
3 3605 3644 3645
3 3605 3645 3606
3 3606 3645 3646
3 3606 3646 3607
3 3607 3646 3647
3 3607 3647 3608
3 3608 3647 3648
3 3608 3648 3609
3 3609 3648 3649
3 3609 3649 3610
3 3610 3649 3650
3 3610 3650 3611
3 3611 3650 3651
3 3611 3651 3612
3 3612 3651 3652
3 3612 3652 3613
3 3613 3652 3653
3 3613 3653 3614
3 3614 3653 3654
3 3614 3654 3615
3 3615 3654 3655
3 3615 3655 3616
3 3616 3655 3656
3 3616 3656 3617
3 3617 3656 3657
3 3617 3657 3618
3 3618 3657 3658
3 3618 3658 3619
3 3619 3658 3659
3 3619 3659 3620
3 3620 3659 3660
3 3620 3660 3621
3 3621 3660 3661
3 3621 3661 3622
3 3622 3661 3662
3 3622 3662 3623
3 3623 3662 3663
3 3623 3663 3624
3 3624 3663 3664
3 3624 3664 3625
3 3625 3664 3665
3 3625 3665 3626
3 3626 3665 3666
3 3626 3666 3627
3 3627 3666 3667
3 3627 3667 3628
3 3628 3667 3668
3 3628 3668 3629
3 3629 3668 3669
3 3629 3669 3630
3 3630 3669 3670
3 3630 3670 3631
3 3631 3670 3671
3 3631 3671 3632
3 3632 3671 3672
3 3632 3672 3633
3 3633 3672 3673
3 3633 3673 3634
3 3634 3673 3674
3 3634 3674 3635
3 3635 3674 3675
3 3635 3675 3636
3 3636 3675 3676
3 3636 3676 3637
3 3637 3676 3677
3 3637 3677 3638
3 3638 3677 3678
3 3638 3678 3639
3 3639 3678 3679
3 3640 3680 3641
3 3641 3680 3681
3 3641 3681 3642
3 3642 3681 3682
3 3642 3682 3643
3 3643 3682 3683
3 3643 3683 3644
3 3644 3683 3684
3 3644 3684 3645
3 3645 3684 3685
3 3645 3685 3646
3 3646 3685 3686
3 3646 3686 3647
3 3647 3686 3687
3 3647 3687 3648
3 3648 3687 3688
3 3648 3688 3649
3 3649 3688 3689
3 3649 3689 3650
3 3650 3689 3690
3 3650 3690 3651
3 3651 3690 3691
3 3651 3691 3652
3 3652 3691 3692
3 3652 3692 3653
3 3653 3692 3693
3 3653 3693 3654
3 3654 3693 3694
3 3654 3694 3655
3 3655 3694 3695
3 3655 3695 3656
3 3656 3695 3696
3 3656 3696 3657
3 3657 3696 3697
3 3657 3697 3658
3 3658 3697 3698
3 3658 3698 3659
3 3659 3698 3699
3 3659 3699 3660
3 3660 3699 3700
3 3660 3700 3661
3 3661 3700 3701
3 3661 3701 3662
3 3662 3701 3702
3 3662 3702 3663
3 3663 3702 3703
3 3663 3703 3664
3 3664 3703 3704
3 3664 3704 3665
3 3665 3704 3705
3 3665 3705 3666
3 3666 3705 3706
3 3666 3706 3667
3 3667 3706 3707
3 3667 3707 3668
3 3668 3707 3708
3 3668 3708 3669
3 3669 3708 3709
3 3669 3709 3670
3 3670 3709 3710
3 3670 3710 3671
3 3671 3710 3711
3 3671 3711 3672
3 3672 3711 3712
3 3672 3712 3673
3 3673 3712 3713
3 3673 3713 3674
3 3674 3713 3714
3 3674 3714 3675
3 3675 3714 3715
3 3675 3715 3676
3 3676 3715 3716
3 3676 3716 3677
3 3677 3716 3717
3 3677 3717 3678
3 3678 3717 3718
3 3678 3718 3679
3 3679 3718 3719
3 3680 3720 3681
3 3681 3720 3721
3 3681 3721 3682
3 3682 3721 3722
3 3682 3722 3683
3 3683 3722 3723
3 3683 3723 3684
3 3684 3723 3724
3 3684 3724 3685
3 3685 3724 3725
3 3685 3725 3686
3 3686 3725 3726
3 3686 3726 3687
3 3687 3726 3727
3 3687 3727 3688
3 3688 3727 3728
3 3688 3728 3689
3 3689 3728 3729
3 3689 3729 3690
3 3690 3729 3730
3 3690 3730 3691
3 3691 3730 3731
3 3691 3731 3692
3 3692 3731 3732
3 3692 3732 3693
3 3693 3732 3733
3 3693 3733 3694
3 3694 3733 3734
3 3694 3734 3695
3 3695 3734 3735
3 3695 3735 3696
3 3696 3735 3736
3 3696 3736 3697
3 3697 3736 3737
3 3697 3737 3698
3 3698 3737 3738
3 3698 3738 3699
3 3699 3738 3739
3 3699 3739 3700
3 3700 3739 3740
3 3700 3740 3701
3 3701 3740 3741
3 3701 3741 3702
3 3702 3741 3742
3 3702 3742 3703
3 3703 3742 3743
3 3703 3743 3704
3 3704 3743 3744
3 3704 3744 3705
3 3705 3744 3745
3 3705 3745 3706
3 3706 3745 3746
3 3706 3746 3707
3 3707 3746 3747
3 3707 3747 3708
3 3708 3747 3748
3 3708 3748 3709
3 3709 3748 3749
3 3709 3749 3710
3 3710 3749 3750
3 3710 3750 3711
3 3711 3750 3751
3 3711 3751 3712
3 3712 3751 3752
3 3712 3752 3713
3 3713 3752 3753
3 3713 3753 3714
3 3714 3753 3754
3 3714 3754 3715
3 3715 3754 3755
3 3715 3755 3716
3 3716 3755 3756
3 3716 3756 3717
3 3717 3756 3757
3 3717 3757 3718
3 3718 3757 3758
3 3718 3758 3719
3 3719 3758 3759
3 3720 3760 3721
3 3721 3760 3761
3 3721 3761 3722
3 3722 3761 3762
3 3722 3762 3723
3 3723 3762 3763
3 3723 3763 3724
3 3724 3763 3764
3 3724 3764 3725
3 3725 3764 3765
3 3725 3765 3726
3 3726 3765 3766
3 3726 3766 3727
3 3727 3766 3767
3 3727 3767 3728
3 3728 3767 3768
3 3728 3768 3729
3 3729 3768 3769
3 3729 3769 3730
3 3730 3769 3770
3 3730 3770 3731
3 3731 3770 3771
3 3731 3771 3732
3 3732 3771 3772
3 3732 3772 3733
3 3733 3772 3773
3 3733 3773 3734
3 3734 3773 3774
3 3734 3774 3735
3 3735 3774 3775
3 3735 3775 3736
3 3736 3775 3776
3 3736 3776 3737
3 3737 3776 3777
3 3737 3777 3738
3 3738 3777 3778
3 3738 3778 3739
3 3739 3778 3779
3 3739 3779 3740
3 3740 3779 3780
3 3740 3780 3741
3 3741 3780 3781
3 3741 3781 3742
3 3742 3781 3782
3 3742 3782 3743
3 3743 3782 3783
3 3743 3783 3744
3 3744 3783 3784
3 3744 3784 3745
3 3745 3784 3785
3 3745 3785 3746
3 3746 3785 3786
3 3746 3786 3747
3 3747 3786 3787
3 3747 3787 3748
3 3748 3787 3788
3 3748 3788 3749
3 3749 3788 3789
3 3749 3789 3750
3 3750 3789 3790
3 3750 3790 3751
3 3751 3790 3791
3 3751 3791 3752
3 3752 3791 3792
3 3752 3792 3753
3 3753 3792 3793
3 3753 3793 3754
3 3754 3793 3794
3 3754 3794 3755
3 3755 3794 3795
3 3755 3795 3756
3 3756 3795 3796
3 3756 3796 3757
3 3757 3796 3797
3 3757 3797 3758
3 3758 3797 3798
3 3758 3798 3759
3 3759 3798 3799
3 3760 3800 3761
3 3761 3800 3801
3 3761 3801 3762
3 3762 3801 3802
3 3762 3802 3763
3 3763 3802 3803
3 3763 3803 3764
3 3764 3803 3804
3 3764 3804 3765
3 3765 3804 3805
3 3765 3805 3766
3 3766 3805 3806
3 3766 3806 3767
3 3767 3806 3807
3 3767 3807 3768
3 3768 3807 3808
3 3768 3808 3769
3 3769 3808 3809
3 3769 3809 3770
3 3770 3809 3810
3 3770 3810 3771
3 3771 3810 3811
3 3771 3811 3772
3 3772 3811 3812
3 3772 3812 3773
3 3773 3812 3813
3 3773 3813 3774
3 3774 3813 3814
3 3774 3814 3775
3 3775 3814 3815
3 3775 3815 3776
3 3776 3815 3816
3 3776 3816 3777
3 3777 3816 3817
3 3777 3817 3778
3 3778 3817 3818
3 3778 3818 3779
3 3779 3818 3819
3 3779 3819 3780
3 3780 3819 3820
3 3780 3820 3781
3 3781 3820 3821
3 3781 3821 3782
3 3782 3821 3822
3 3782 3822 3783
3 3783 3822 3823
3 3783 3823 3784
3 3784 3823 3824
3 3784 3824 3785
3 3785 3824 3825
3 3785 3825 3786
3 3786 3825 3826
3 3786 3826 3787
3 3787 3826 3827
3 3787 3827 3788
3 3788 3827 3828
3 3788 3828 3789
3 3789 3828 3829
3 3789 3829 3790
3 3790 3829 3830
3 3790 3830 3791
3 3791 3830 3831
3 3791 3831 3792
3 3792 3831 3832
3 3792 3832 3793
3 3793 3832 3833
3 3793 3833 3794
3 3794 3833 3834
3 3794 3834 3795
3 3795 3834 3835
3 3795 3835 3796
3 3796 3835 3836
3 3796 3836 3797
3 3797 3836 3837
3 3797 3837 3798
3 3798 3837 3838
3 3798 3838 3799
3 3799 3838 3839
3 3800 3840 3801
3 3801 3840 3841
3 3801 3841 3802
3 3802 3841 3842
3 3802 3842 3803
3 3803 3842 3843
3 3803 3843 3804
3 3804 3843 3844
3 3804 3844 3805
3 3805 3844 3845
3 3805 3845 3806
3 3806 3845 3846
3 3806 3846 3807
3 3807 3846 3847
3 3807 3847 3808
3 3808 3847 3848
3 3808 3848 3809
3 3809 3848 3849
3 3809 3849 3810
3 3810 3849 3850
3 3810 3850 3811
3 3811 3850 3851
3 3811 3851 3812
3 3812 3851 3852
3 3812 3852 3813
3 3813 3852 3853
3 3813 3853 3814
3 3814 3853 3854
3 3814 3854 3815
3 3815 3854 3855
3 3815 3855 3816
3 3816 3855 3856
3 3816 3856 3817
3 3817 3856 3857
3 3817 3857 3818
3 3818 3857 3858
3 3818 3858 3819
3 3819 3858 3859
3 3819 3859 3820
3 3820 3859 3860
3 3820 3860 3821
3 3821 3860 3861
3 3821 3861 3822
3 3822 3861 3862
3 3822 3862 3823
3 3823 3862 3863
3 3823 3863 3824
3 3824 3863 3864
3 3824 3864 3825
3 3825 3864 3865
3 3825 3865 3826
3 3826 3865 3866
3 3826 3866 3827
3 3827 3866 3867
3 3827 3867 3828
3 3828 3867 3868
3 3828 3868 3829
3 3829 3868 3869
3 3829 3869 3830
3 3830 3869 3870
3 3830 3870 3831
3 3831 3870 3871
3 3831 3871 3832
3 3832 3871 3872
3 3832 3872 3833
3 3833 3872 3873
3 3833 3873 3834
3 3834 3873 3874
3 3834 3874 3835
3 3835 3874 3875
3 3835 3875 3836
3 3836 3875 3876
3 3836 3876 3837
3 3837 3876 3877
3 3837 3877 3838
3 3838 3877 3878
3 3838 3878 3839
3 3839 3878 3879
3 3840 3880 3841
3 3841 3880 3881
3 3841 3881 3842
3 3842 3881 3882
3 3842 3882 3843
3 3843 3882 3883
3 3843 3883 3844
3 3844 3883 3884
3 3844 3884 3845
3 3845 3884 3885
3 3845 3885 3846
3 3846 3885 3886
3 3846 3886 3847
3 3847 3886 3887
3 3847 3887 3848
3 3848 3887 3888
3 3848 3888 3849
3 3849 3888 3889
3 3849 3889 3850
3 3850 3889 3890
3 3850 3890 3851
3 3851 3890 3891
3 3851 3891 3852
3 3852 3891 3892
3 3852 3892 3853
3 3853 3892 3893
3 3853 3893 3854
3 3854 3893 3894
3 3854 3894 3855
3 3855 3894 3895
3 3855 3895 3856
3 3856 3895 3896
3 3856 3896 3857
3 3857 3896 3897
3 3857 3897 3858
3 3858 3897 3898
3 3858 3898 3859
3 3859 3898 3899
3 3859 3899 3860
3 3860 3899 3900
3 3860 3900 3861
3 3861 3900 3901
3 3861 3901 3862
3 3862 3901 3902
3 3862 3902 3863
3 3863 3902 3903
3 3863 3903 3864
3 3864 3903 3904
3 3864 3904 3865
3 3865 3904 3905
3 3865 3905 3866
3 3866 3905 3906
3 3866 3906 3867
3 3867 3906 3907
3 3867 3907 3868
3 3868 3907 3908
3 3868 3908 3869
3 3869 3908 3909
3 3869 3909 3870
3 3870 3909 3910
3 3870 3910 3871
3 3871 3910 3911
3 3871 3911 3872
3 3872 3911 3912
3 3872 3912 3873
3 3873 3912 3913
3 3873 3913 3874
3 3874 3913 3914
3 3874 3914 3875
3 3875 3914 3915
3 3875 3915 3876
3 3876 3915 3916
3 3876 3916 3877
3 3877 3916 3917
3 3877 3917 3878
3 3878 3917 3918
3 3878 3918 3879
3 3879 3918 3919
3 3880 3920 3881
3 3881 3920 3921
3 3881 3921 3882
3 3882 3921 3922
3 3882 3922 3883
3 3883 3922 3923
3 3883 3923 3884
3 3884 3923 3924
3 3884 3924 3885
3 3885 3924 3925
3 3885 3925 3886
3 3886 3925 3926
3 3886 3926 3887
3 3887 3926 3927
3 3887 3927 3888
3 3888 3927 3928
3 3888 3928 3889
3 3889 3928 3929
3 3889 3929 3890
3 3890 3929 3930
3 3890 3930 3891
3 3891 3930 3931
3 3891 3931 3892
3 3892 3931 3932
3 3892 3932 3893
3 3893 3932 3933
3 3893 3933 3894
3 3894 3933 3934
3 3894 3934 3895
3 3895 3934 3935
3 3895 3935 3896
3 3896 3935 3936
3 3896 3936 3897
3 3897 3936 3937
3 3897 3937 3898
3 3898 3937 3938
3 3898 3938 3899
3 3899 3938 3939
3 3899 3939 3900
3 3900 3939 3940
3 3900 3940 3901
3 3901 3940 3941
3 3901 3941 3902
3 3902 3941 3942
3 3902 3942 3903
3 3903 3942 3943
3 3903 3943 3904
3 3904 3943 3944
3 3904 3944 3905
3 3905 3944 3945
3 3905 3945 3906
3 3906 3945 3946
3 3906 3946 3907
3 3907 3946 3947
3 3907 3947 3908
3 3908 3947 3948
3 3908 3948 3909
3 3909 3948 3949
3 3909 3949 3910
3 3910 3949 3950
3 3910 3950 3911
3 3911 3950 3951
3 3911 3951 3912
3 3912 3951 3952
3 3912 3952 3913
3 3913 3952 3953
3 3913 3953 3914
3 3914 3953 3954
3 3914 3954 3915
3 3915 3954 3955
3 3915 3955 3916
3 3916 3955 3956
3 3916 3956 3917
3 3917 3956 3957
3 3917 3957 3918
3 3918 3957 3958
3 3918 3958 3919
3 3919 3958 3959
3 3920 3960 3921
3 3921 3960 3961
3 3921 3961 3922
3 3922 3961 3962
3 3922 3962 3923
3 3923 3962 3963
3 3923 3963 3924
3 3924 3963 3964
3 3924 3964 3925
3 3925 3964 3965
3 3925 3965 3926
3 3926 3965 3966
3 3926 3966 3927
3 3927 3966 3967
3 3927 3967 3928
3 3928 3967 3968
3 3928 3968 3929
3 3929 3968 3969
3 3929 3969 3930
3 3930 3969 3970
3 3930 3970 3931
3 3931 3970 3971
3 3931 3971 3932
3 3932 3971 3972
3 3932 3972 3933
3 3933 3972 3973
3 3933 3973 3934
3 3934 3973 3974
3 3934 3974 3935
3 3935 3974 3975
3 3935 3975 3936
3 3936 3975 3976
3 3936 3976 3937
3 3937 3976 3977
3 3937 3977 3938
3 3938 3977 3978
3 3938 3978 3939
3 3939 3978 3979
3 3939 3979 3940
3 3940 3979 3980
3 3940 3980 3941
3 3941 3980 3981
3 3941 3981 3942
3 3942 3981 3982
3 3942 3982 3943
3 3943 3982 3983
3 3943 3983 3944
3 3944 3983 3984
3 3944 3984 3945
3 3945 3984 3985
3 3945 3985 3946
3 3946 3985 3986
3 3946 3986 3947
3 3947 3986 3987
3 3947 3987 3948
3 3948 3987 3988
3 3948 3988 3949
3 3949 3988 3989
3 3949 3989 3950
3 3950 3989 3990
3 3950 3990 3951
3 3951 3990 3991
3 3951 3991 3952
3 3952 3991 3992
3 3952 3992 3953
3 3953 3992 3993
3 3953 3993 3954
3 3954 3993 3994
3 3954 3994 3955
3 3955 3994 3995
3 3955 3995 3956
3 3956 3995 3996
3 3956 3996 3957
3 3957 3996 3997
3 3957 3997 3958
3 3958 3997 3998
3 3958 3998 3959
3 3959 3998 3999
3 3960 4000 3961
3 3961 4000 4001
3 3961 4001 3962
3 3962 4001 4002
3 3962 4002 3963
3 3963 4002 4003
3 3963 4003 3964
3 3964 4003 4004
3 3964 4004 3965
3 3965 4004 4005
3 3965 4005 3966
3 3966 4005 4006
3 3966 4006 3967
3 3967 4006 4007
3 3967 4007 3968
3 3968 4007 4008
3 3968 4008 3969
3 3969 4008 4009
3 3969 4009 3970
3 3970 4009 4010
3 3970 4010 3971
3 3971 4010 4011
3 3971 4011 3972
3 3972 4011 4012
3 3972 4012 3973
3 3973 4012 4013
3 3973 4013 3974
3 3974 4013 4014
3 3974 4014 3975
3 3975 4014 4015
3 3975 4015 3976
3 3976 4015 4016
3 3976 4016 3977
3 3977 4016 4017
3 3977 4017 3978
3 3978 4017 4018
3 3978 4018 3979
3 3979 4018 4019
3 3979 4019 3980
3 3980 4019 4020
3 3980 4020 3981
3 3981 4020 4021
3 3981 4021 3982
3 3982 4021 4022
3 3982 4022 3983
3 3983 4022 4023
3 3983 4023 3984
3 3984 4023 4024
3 3984 4024 3985
3 3985 4024 4025
3 3985 4025 3986
3 3986 4025 4026
3 3986 4026 3987
3 3987 4026 4027
3 3987 4027 3988
3 3988 4027 4028
3 3988 4028 3989
3 3989 4028 4029
3 3989 4029 3990
3 3990 4029 4030
3 3990 4030 3991
3 3991 4030 4031
3 3991 4031 3992
3 3992 4031 4032
3 3992 4032 3993
3 3993 4032 4033
3 3993 4033 3994
3 3994 4033 4034
3 3994 4034 3995
3 3995 4034 4035
3 3995 4035 3996
3 3996 4035 4036
3 3996 4036 3997
3 3997 4036 4037
3 3997 4037 3998
3 3998 4037 4038
3 3998 4038 3999
3 3999 4038 4039
3 4000 4040 4001
3 4001 4040 4041
3 4001 4041 4002
3 4002 4041 4042
3 4002 4042 4003
3 4003 4042 4043
3 4003 4043 4004
3 4004 4043 4044
3 4004 4044 4005
3 4005 4044 4045
3 4005 4045 4006
3 4006 4045 4046
3 4006 4046 4007
3 4007 4046 4047
3 4007 4047 4008
3 4008 4047 4048
3 4008 4048 4009
3 4009 4048 4049
3 4009 4049 4010
3 4010 4049 4050
3 4010 4050 4011
3 4011 4050 4051
3 4011 4051 4012
3 4012 4051 4052
3 4012 4052 4013
3 4013 4052 4053
3 4013 4053 4014
3 4014 4053 4054
3 4014 4054 4015
3 4015 4054 4055
3 4015 4055 4016
3 4016 4055 4056
3 4016 4056 4017
3 4017 4056 4057
3 4017 4057 4018
3 4018 4057 4058
3 4018 4058 4019
3 4019 4058 4059
3 4019 4059 4020
3 4020 4059 4060
3 4020 4060 4021
3 4021 4060 4061
3 4021 4061 4022
3 4022 4061 4062
3 4022 4062 4023
3 4023 4062 4063
3 4023 4063 4024
3 4024 4063 4064
3 4024 4064 4025
3 4025 4064 4065
3 4025 4065 4026
3 4026 4065 4066
3 4026 4066 4027
3 4027 4066 4067
3 4027 4067 4028
3 4028 4067 4068
3 4028 4068 4029
3 4029 4068 4069
3 4029 4069 4030
3 4030 4069 4070
3 4030 4070 4031
3 4031 4070 4071
3 4031 4071 4032
3 4032 4071 4072
3 4032 4072 4033
3 4033 4072 4073
3 4033 4073 4034
3 4034 4073 4074
3 4034 4074 4035
3 4035 4074 4075
3 4035 4075 4036
3 4036 4075 4076
3 4036 4076 4037
3 4037 4076 4077
3 4037 4077 4038
3 4038 4077 4078
3 4038 4078 4039
3 4039 4078 4079
3 4040 4080 4041
3 4041 4080 4081
3 4041 4081 4042
3 4042 4081 4082
3 4042 4082 4043
3 4043 4082 4083
3 4043 4083 4044
3 4044 4083 4084
3 4044 4084 4045
3 4045 4084 4085
3 4045 4085 4046
3 4046 4085 4086
3 4046 4086 4047
3 4047 4086 4087
3 4047 4087 4048
3 4048 4087 4088
3 4048 4088 4049
3 4049 4088 4089
3 4049 4089 4050
3 4050 4089 4090
3 4050 4090 4051
3 4051 4090 4091
3 4051 4091 4052
3 4052 4091 4092
3 4052 4092 4053
3 4053 4092 4093
3 4053 4093 4054
3 4054 4093 4094
3 4054 4094 4055
3 4055 4094 4095
3 4055 4095 4056
3 4056 4095 4096
3 4056 4096 4057
3 4057 4096 4097
3 4057 4097 4058
3 4058 4097 4098
3 4058 4098 4059
3 4059 4098 4099
3 4059 4099 4060
3 4060 4099 4100
3 4060 4100 4061
3 4061 4100 4101
3 4061 4101 4062
3 4062 4101 4102
3 4062 4102 4063
3 4063 4102 4103
3 4063 4103 4064
3 4064 4103 4104
3 4064 4104 4065
3 4065 4104 4105
3 4065 4105 4066
3 4066 4105 4106
3 4066 4106 4067
3 4067 4106 4107
3 4067 4107 4068
3 4068 4107 4108
3 4068 4108 4069
3 4069 4108 4109
3 4069 4109 4070
3 4070 4109 4110
3 4070 4110 4071
3 4071 4110 4111
3 4071 4111 4072
3 4072 4111 4112
3 4072 4112 4073
3 4073 4112 4113
3 4073 4113 4074
3 4074 4113 4114
3 4074 4114 4075
3 4075 4114 4115
3 4075 4115 4076
3 4076 4115 4116
3 4076 4116 4077
3 4077 4116 4117
3 4077 4117 4078
3 4078 4117 4118
3 4078 4118 4079
3 4079 4118 4119
3 4080 4120 4081
3 4081 4120 4121
3 4081 4121 4082
3 4082 4121 4122
3 4082 4122 4083
3 4083 4122 4123
3 4083 4123 4084
3 4084 4123 4124
3 4084 4124 4085
3 4085 4124 4125
3 4085 4125 4086
3 4086 4125 4126
3 4086 4126 4087
3 4087 4126 4127
3 4087 4127 4088
3 4088 4127 4128
3 4088 4128 4089
3 4089 4128 4129
3 4089 4129 4090
3 4090 4129 4130
3 4090 4130 4091
3 4091 4130 4131
3 4091 4131 4092
3 4092 4131 4132
3 4092 4132 4093
3 4093 4132 4133
3 4093 4133 4094
3 4094 4133 4134
3 4094 4134 4095
3 4095 4134 4135
3 4095 4135 4096
3 4096 4135 4136
3 4096 4136 4097
3 4097 4136 4137
3 4097 4137 4098
3 4098 4137 4138
3 4098 4138 4099
3 4099 4138 4139
3 4099 4139 4100
3 4100 4139 4140
3 4100 4140 4101
3 4101 4140 4141
3 4101 4141 4102
3 4102 4141 4142
3 4102 4142 4103
3 4103 4142 4143
3 4103 4143 4104
3 4104 4143 4144
3 4104 4144 4105
3 4105 4144 4145
3 4105 4145 4106
3 4106 4145 4146
3 4106 4146 4107
3 4107 4146 4147
3 4107 4147 4108
3 4108 4147 4148
3 4108 4148 4109
3 4109 4148 4149
3 4109 4149 4110
3 4110 4149 4150
3 4110 4150 4111
3 4111 4150 4151
3 4111 4151 4112
3 4112 4151 4152
3 4112 4152 4113
3 4113 4152 4153
3 4113 4153 4114
3 4114 4153 4154
3 4114 4154 4115
3 4115 4154 4155
3 4115 4155 4116
3 4116 4155 4156
3 4116 4156 4117
3 4117 4156 4157
3 4117 4157 4118
3 4118 4157 4158
3 4118 4158 4119
3 4119 4158 4159
3 4120 4160 4121
3 4121 4160 4161
3 4121 4161 4122
3 4122 4161 4162
3 4122 4162 4123
3 4123 4162 4163
3 4123 4163 4124
3 4124 4163 4164
3 4124 4164 4125
3 4125 4164 4165
3 4125 4165 4126
3 4126 4165 4166
3 4126 4166 4127
3 4127 4166 4167
3 4127 4167 4128
3 4128 4167 4168
3 4128 4168 4129
3 4129 4168 4169
3 4129 4169 4130
3 4130 4169 4170
3 4130 4170 4131
3 4131 4170 4171
3 4131 4171 4132
3 4132 4171 4172
3 4132 4172 4133
3 4133 4172 4173
3 4133 4173 4134
3 4134 4173 4174
3 4134 4174 4135
3 4135 4174 4175
3 4135 4175 4136
3 4136 4175 4176
3 4136 4176 4137
3 4137 4176 4177
3 4137 4177 4138
3 4138 4177 4178
3 4138 4178 4139
3 4139 4178 4179
3 4139 4179 4140
3 4140 4179 4180
3 4140 4180 4141
3 4141 4180 4181
3 4141 4181 4142
3 4142 4181 4182
3 4142 4182 4143
3 4143 4182 4183
3 4143 4183 4144
3 4144 4183 4184
3 4144 4184 4145
3 4145 4184 4185
3 4145 4185 4146
3 4146 4185 4186
3 4146 4186 4147
3 4147 4186 4187
3 4147 4187 4148
3 4148 4187 4188
3 4148 4188 4149
3 4149 4188 4189
3 4149 4189 4150
3 4150 4189 4190
3 4150 4190 4151
3 4151 4190 4191
3 4151 4191 4152
3 4152 4191 4192
3 4152 4192 4153
3 4153 4192 4193
3 4153 4193 4154
3 4154 4193 4194
3 4154 4194 4155
3 4155 4194 4195
3 4155 4195 4156
3 4156 4195 4196
3 4156 4196 4157
3 4157 4196 4197
3 4157 4197 4158
3 4158 4197 4198
3 4158 4198 4159
3 4159 4198 4199
3 4160 4200 4161
3 4161 4200 4201
3 4161 4201 4162
3 4162 4201 4202
3 4162 4202 4163
3 4163 4202 4203
3 4163 4203 4164
3 4164 4203 4204
3 4164 4204 4165
3 4165 4204 4205
3 4165 4205 4166
3 4166 4205 4206
3 4166 4206 4167
3 4167 4206 4207
3 4167 4207 4168
3 4168 4207 4208
3 4168 4208 4169
3 4169 4208 4209
3 4169 4209 4170
3 4170 4209 4210
3 4170 4210 4171
3 4171 4210 4211
3 4171 4211 4172
3 4172 4211 4212
3 4172 4212 4173
3 4173 4212 4213
3 4173 4213 4174
3 4174 4213 4214
3 4174 4214 4175
3 4175 4214 4215
3 4175 4215 4176
3 4176 4215 4216
3 4176 4216 4177
3 4177 4216 4217
3 4177 4217 4178
3 4178 4217 4218
3 4178 4218 4179
3 4179 4218 4219
3 4179 4219 4180
3 4180 4219 4220
3 4180 4220 4181
3 4181 4220 4221
3 4181 4221 4182
3 4182 4221 4222
3 4182 4222 4183
3 4183 4222 4223
3 4183 4223 4184
3 4184 4223 4224
3 4184 4224 4185
3 4185 4224 4225
3 4185 4225 4186
3 4186 4225 4226
3 4186 4226 4187
3 4187 4226 4227
3 4187 4227 4188
3 4188 4227 4228
3 4188 4228 4189
3 4189 4228 4229
3 4189 4229 4190
3 4190 4229 4230
3 4190 4230 4191
3 4191 4230 4231
3 4191 4231 4192
3 4192 4231 4232
3 4192 4232 4193
3 4193 4232 4233
3 4193 4233 4194
3 4194 4233 4234
3 4194 4234 4195
3 4195 4234 4235
3 4195 4235 4196
3 4196 4235 4236
3 4196 4236 4197
3 4197 4236 4237
3 4197 4237 4198
3 4198 4237 4238
3 4198 4238 4199
3 4199 4238 4239
3 4200 4240 4201
3 4201 4240 4241
3 4201 4241 4202
3 4202 4241 4242
3 4202 4242 4203
3 4203 4242 4243
3 4203 4243 4204
3 4204 4243 4244
3 4204 4244 4205
3 4205 4244 4245
3 4205 4245 4206
3 4206 4245 4246
3 4206 4246 4207
3 4207 4246 4247
3 4207 4247 4208
3 4208 4247 4248
3 4208 4248 4209
3 4209 4248 4249
3 4209 4249 4210
3 4210 4249 4250
3 4210 4250 4211
3 4211 4250 4251
3 4211 4251 4212
3 4212 4251 4252
3 4212 4252 4213
3 4213 4252 4253
3 4213 4253 4214
3 4214 4253 4254
3 4214 4254 4215
3 4215 4254 4255
3 4215 4255 4216
3 4216 4255 4256
3 4216 4256 4217
3 4217 4256 4257
3 4217 4257 4218
3 4218 4257 4258
3 4218 4258 4219
3 4219 4258 4259
3 4219 4259 4220
3 4220 4259 4260
3 4220 4260 4221
3 4221 4260 4261
3 4221 4261 4222
3 4222 4261 4262
3 4222 4262 4223
3 4223 4262 4263
3 4223 4263 4224
3 4224 4263 4264
3 4224 4264 4225
3 4225 4264 4265
3 4225 4265 4226
3 4226 4265 4266
3 4226 4266 4227
3 4227 4266 4267
3 4227 4267 4228
3 4228 4267 4268
3 4228 4268 4229
3 4229 4268 4269
3 4229 4269 4230
3 4230 4269 4270
3 4230 4270 4231
3 4231 4270 4271
3 4231 4271 4232
3 4232 4271 4272
3 4232 4272 4233
3 4233 4272 4273
3 4233 4273 4234
3 4234 4273 4274
3 4234 4274 4235
3 4235 4274 4275
3 4235 4275 4236
3 4236 4275 4276
3 4236 4276 4237
3 4237 4276 4277
3 4237 4277 4238
3 4238 4277 4278
3 4238 4278 4239
3 4239 4278 4279
3 4240 4280 4241
3 4241 4280 4281
3 4241 4281 4242
3 4242 4281 4282
3 4242 4282 4243
3 4243 4282 4283
3 4243 4283 4244
3 4244 4283 4284
3 4244 4284 4245
3 4245 4284 4285
3 4245 4285 4246
3 4246 4285 4286
3 4246 4286 4247
3 4247 4286 4287
3 4247 4287 4248
3 4248 4287 4288
3 4248 4288 4249
3 4249 4288 4289
3 4249 4289 4250
3 4250 4289 4290
3 4250 4290 4251
3 4251 4290 4291
3 4251 4291 4252
3 4252 4291 4292
3 4252 4292 4253
3 4253 4292 4293
3 4253 4293 4254
3 4254 4293 4294
3 4254 4294 4255
3 4255 4294 4295
3 4255 4295 4256
3 4256 4295 4296
3 4256 4296 4257
3 4257 4296 4297
3 4257 4297 4258
3 4258 4297 4298
3 4258 4298 4259
3 4259 4298 4299
3 4259 4299 4260
3 4260 4299 4300
3 4260 4300 4261
3 4261 4300 4301
3 4261 4301 4262
3 4262 4301 4302
3 4262 4302 4263
3 4263 4302 4303
3 4263 4303 4264
3 4264 4303 4304
3 4264 4304 4265
3 4265 4304 4305
3 4265 4305 4266
3 4266 4305 4306
3 4266 4306 4267
3 4267 4306 4307
3 4267 4307 4268
3 4268 4307 4308
3 4268 4308 4269
3 4269 4308 4309
3 4269 4309 4270
3 4270 4309 4310
3 4270 4310 4271
3 4271 4310 4311
3 4271 4311 4272
3 4272 4311 4312
3 4272 4312 4273
3 4273 4312 4313
3 4273 4313 4274
3 4274 4313 4314
3 4274 4314 4275
3 4275 4314 4315
3 4275 4315 4276
3 4276 4315 4316
3 4276 4316 4277
3 4277 4316 4317
3 4277 4317 4278
3 4278 4317 4318
3 4278 4318 4279
3 4279 4318 4319
3 4280 4320 4281
3 4281 4320 4321
3 4281 4321 4282
3 4282 4321 4322
3 4282 4322 4283
3 4283 4322 4323
3 4283 4323 4284
3 4284 4323 4324
3 4284 4324 4285
3 4285 4324 4325
3 4285 4325 4286
3 4286 4325 4326
3 4286 4326 4287
3 4287 4326 4327
3 4287 4327 4288
3 4288 4327 4328
3 4288 4328 4289
3 4289 4328 4329
3 4289 4329 4290
3 4290 4329 4330
3 4290 4330 4291
3 4291 4330 4331
3 4291 4331 4292
3 4292 4331 4332
3 4292 4332 4293
3 4293 4332 4333
3 4293 4333 4294
3 4294 4333 4334
3 4294 4334 4295
3 4295 4334 4335
3 4295 4335 4296
3 4296 4335 4336
3 4296 4336 4297
3 4297 4336 4337
3 4297 4337 4298
3 4298 4337 4338
3 4298 4338 4299
3 4299 4338 4339
3 4299 4339 4300
3 4300 4339 4340
3 4300 4340 4301
3 4301 4340 4341
3 4301 4341 4302
3 4302 4341 4342
3 4302 4342 4303
3 4303 4342 4343
3 4303 4343 4304
3 4304 4343 4344
3 4304 4344 4305
3 4305 4344 4345
3 4305 4345 4306
3 4306 4345 4346
3 4306 4346 4307
3 4307 4346 4347
3 4307 4347 4308
3 4308 4347 4348
3 4308 4348 4309
3 4309 4348 4349
3 4309 4349 4310
3 4310 4349 4350
3 4310 4350 4311
3 4311 4350 4351
3 4311 4351 4312
3 4312 4351 4352
3 4312 4352 4313
3 4313 4352 4353
3 4313 4353 4314
3 4314 4353 4354
3 4314 4354 4315
3 4315 4354 4355
3 4315 4355 4316
3 4316 4355 4356
3 4316 4356 4317
3 4317 4356 4357
3 4317 4357 4318
3 4318 4357 4358
3 4318 4358 4319
3 4319 4358 4359
3 4320 4360 4321
3 4321 4360 4361
3 4321 4361 4322
3 4322 4361 4362
3 4322 4362 4323
3 4323 4362 4363
3 4323 4363 4324
3 4324 4363 4364
3 4324 4364 4325
3 4325 4364 4365
3 4325 4365 4326
3 4326 4365 4366
3 4326 4366 4327
3 4327 4366 4367
3 4327 4367 4328
3 4328 4367 4368
3 4328 4368 4329
3 4329 4368 4369
3 4329 4369 4330
3 4330 4369 4370
3 4330 4370 4331
3 4331 4370 4371
3 4331 4371 4332
3 4332 4371 4372
3 4332 4372 4333
3 4333 4372 4373
3 4333 4373 4334
3 4334 4373 4374
3 4334 4374 4335
3 4335 4374 4375
3 4335 4375 4336
3 4336 4375 4376
3 4336 4376 4337
3 4337 4376 4377
3 4337 4377 4338
3 4338 4377 4378
3 4338 4378 4339
3 4339 4378 4379
3 4339 4379 4340
3 4340 4379 4380
3 4340 4380 4341
3 4341 4380 4381
3 4341 4381 4342
3 4342 4381 4382
3 4342 4382 4343
3 4343 4382 4383
3 4343 4383 4344
3 4344 4383 4384
3 4344 4384 4345
3 4345 4384 4385
3 4345 4385 4346
3 4346 4385 4386
3 4346 4386 4347
3 4347 4386 4387
3 4347 4387 4348
3 4348 4387 4388
3 4348 4388 4349
3 4349 4388 4389
3 4349 4389 4350
3 4350 4389 4390
3 4350 4390 4351
3 4351 4390 4391
3 4351 4391 4352
3 4352 4391 4392
3 4352 4392 4353
3 4353 4392 4393
3 4353 4393 4354
3 4354 4393 4394
3 4354 4394 4355
3 4355 4394 4395
3 4355 4395 4356
3 4356 4395 4396
3 4356 4396 4357
3 4357 4396 4397
3 4357 4397 4358
3 4358 4397 4398
3 4358 4398 4359
3 4359 4398 4399
3 4360 4400 4361
3 4361 4400 4401
3 4361 4401 4362
3 4362 4401 4402
3 4362 4402 4363
3 4363 4402 4403
3 4363 4403 4364
3 4364 4403 4404
3 4364 4404 4365
3 4365 4404 4405
3 4365 4405 4366
3 4366 4405 4406
3 4366 4406 4367
3 4367 4406 4407
3 4367 4407 4368
3 4368 4407 4408
3 4368 4408 4369
3 4369 4408 4409
3 4369 4409 4370
3 4370 4409 4410
3 4370 4410 4371
3 4371 4410 4411
3 4371 4411 4372
3 4372 4411 4412
3 4372 4412 4373
3 4373 4412 4413
3 4373 4413 4374
3 4374 4413 4414
3 4374 4414 4375
3 4375 4414 4415
3 4375 4415 4376
3 4376 4415 4416
3 4376 4416 4377
3 4377 4416 4417
3 4377 4417 4378
3 4378 4417 4418
3 4378 4418 4379
3 4379 4418 4419
3 4379 4419 4380
3 4380 4419 4420
3 4380 4420 4381
3 4381 4420 4421
3 4381 4421 4382
3 4382 4421 4422
3 4382 4422 4383
3 4383 4422 4423
3 4383 4423 4384
3 4384 4423 4424
3 4384 4424 4385
3 4385 4424 4425
3 4385 4425 4386
3 4386 4425 4426
3 4386 4426 4387
3 4387 4426 4427
3 4387 4427 4388
3 4388 4427 4428
3 4388 4428 4389
3 4389 4428 4429
3 4389 4429 4390
3 4390 4429 4430
3 4390 4430 4391
3 4391 4430 4431
3 4391 4431 4392
3 4392 4431 4432
3 4392 4432 4393
3 4393 4432 4433
3 4393 4433 4394
3 4394 4433 4434
3 4394 4434 4395
3 4395 4434 4435
3 4395 4435 4396
3 4396 4435 4436
3 4396 4436 4397
3 4397 4436 4437
3 4397 4437 4398
3 4398 4437 4438
3 4398 4438 4399
3 4399 4438 4439
3 4400 4440 4401
3 4401 4440 4441
3 4401 4441 4402
3 4402 4441 4442
3 4402 4442 4403
3 4403 4442 4443
3 4403 4443 4404
3 4404 4443 4444
3 4404 4444 4405
3 4405 4444 4445
3 4405 4445 4406
3 4406 4445 4446
3 4406 4446 4407
3 4407 4446 4447
3 4407 4447 4408
3 4408 4447 4448
3 4408 4448 4409
3 4409 4448 4449
3 4409 4449 4410
3 4410 4449 4450
3 4410 4450 4411
3 4411 4450 4451
3 4411 4451 4412
3 4412 4451 4452
3 4412 4452 4413
3 4413 4452 4453
3 4413 4453 4414
3 4414 4453 4454
3 4414 4454 4415
3 4415 4454 4455
3 4415 4455 4416
3 4416 4455 4456
3 4416 4456 4417
3 4417 4456 4457
3 4417 4457 4418
3 4418 4457 4458
3 4418 4458 4419
3 4419 4458 4459
3 4419 4459 4420
3 4420 4459 4460
3 4420 4460 4421
3 4421 4460 4461
3 4421 4461 4422
3 4422 4461 4462
3 4422 4462 4423
3 4423 4462 4463
3 4423 4463 4424
3 4424 4463 4464
3 4424 4464 4425
3 4425 4464 4465
3 4425 4465 4426
3 4426 4465 4466
3 4426 4466 4427
3 4427 4466 4467
3 4427 4467 4428
3 4428 4467 4468
3 4428 4468 4429
3 4429 4468 4469
3 4429 4469 4430
3 4430 4469 4470
3 4430 4470 4431
3 4431 4470 4471
3 4431 4471 4432
3 4432 4471 4472
3 4432 4472 4433
3 4433 4472 4473
3 4433 4473 4434
3 4434 4473 4474
3 4434 4474 4435
3 4435 4474 4475
3 4435 4475 4436
3 4436 4475 4476
3 4436 4476 4437
3 4437 4476 4477
3 4437 4477 4438
3 4438 4477 4478
3 4438 4478 4439
3 4439 4478 4479
3 4440 4480 4441
3 4441 4480 4481
3 4441 4481 4442
3 4442 4481 4482
3 4442 4482 4443
3 4443 4482 4483
3 4443 4483 4444
3 4444 4483 4484
3 4444 4484 4445
3 4445 4484 4485
3 4445 4485 4446
3 4446 4485 4486
3 4446 4486 4447
3 4447 4486 4487
3 4447 4487 4448
3 4448 4487 4488
3 4448 4488 4449
3 4449 4488 4489
3 4449 4489 4450
3 4450 4489 4490
3 4450 4490 4451
3 4451 4490 4491
3 4451 4491 4452
3 4452 4491 4492
3 4452 4492 4453
3 4453 4492 4493
3 4453 4493 4454
3 4454 4493 4494
3 4454 4494 4455
3 4455 4494 4495
3 4455 4495 4456
3 4456 4495 4496
3 4456 4496 4457
3 4457 4496 4497
3 4457 4497 4458
3 4458 4497 4498
3 4458 4498 4459
3 4459 4498 4499
3 4459 4499 4460
3 4460 4499 4500
3 4460 4500 4461
3 4461 4500 4501
3 4461 4501 4462
3 4462 4501 4502
3 4462 4502 4463
3 4463 4502 4503
3 4463 4503 4464
3 4464 4503 4504
3 4464 4504 4465
3 4465 4504 4505
3 4465 4505 4466
3 4466 4505 4506
3 4466 4506 4467
3 4467 4506 4507
3 4467 4507 4468
3 4468 4507 4508
3 4468 4508 4469
3 4469 4508 4509
3 4469 4509 4470
3 4470 4509 4510
3 4470 4510 4471
3 4471 4510 4511
3 4471 4511 4472
3 4472 4511 4512
3 4472 4512 4473
3 4473 4512 4513
3 4473 4513 4474
3 4474 4513 4514
3 4474 4514 4475
3 4475 4514 4515
3 4475 4515 4476
3 4476 4515 4516
3 4476 4516 4477
3 4477 4516 4517
3 4477 4517 4478
3 4478 4517 4518
3 4478 4518 4479
3 4479 4518 4519
3 4480 4520 4481
3 4481 4520 4521
3 4481 4521 4482
3 4482 4521 4522
3 4482 4522 4483
3 4483 4522 4523
3 4483 4523 4484
3 4484 4523 4524
3 4484 4524 4485
3 4485 4524 4525
3 4485 4525 4486
3 4486 4525 4526
3 4486 4526 4487
3 4487 4526 4527
3 4487 4527 4488
3 4488 4527 4528
3 4488 4528 4489
3 4489 4528 4529
3 4489 4529 4490
3 4490 4529 4530
3 4490 4530 4491
3 4491 4530 4531
3 4491 4531 4492
3 4492 4531 4532
3 4492 4532 4493
3 4493 4532 4533
3 4493 4533 4494
3 4494 4533 4534
3 4494 4534 4495
3 4495 4534 4535
3 4495 4535 4496
3 4496 4535 4536
3 4496 4536 4497
3 4497 4536 4537
3 4497 4537 4498
3 4498 4537 4538
3 4498 4538 4499
3 4499 4538 4539
3 4499 4539 4500
3 4500 4539 4540
3 4500 4540 4501
3 4501 4540 4541
3 4501 4541 4502
3 4502 4541 4542
3 4502 4542 4503
3 4503 4542 4543
3 4503 4543 4504
3 4504 4543 4544
3 4504 4544 4505
3 4505 4544 4545
3 4505 4545 4506
3 4506 4545 4546
3 4506 4546 4507
3 4507 4546 4547
3 4507 4547 4508
3 4508 4547 4548
3 4508 4548 4509
3 4509 4548 4549
3 4509 4549 4510
3 4510 4549 4550
3 4510 4550 4511
3 4511 4550 4551
3 4511 4551 4512
3 4512 4551 4552
3 4512 4552 4513
3 4513 4552 4553
3 4513 4553 4514
3 4514 4553 4554
3 4514 4554 4515
3 4515 4554 4555
3 4515 4555 4516
3 4516 4555 4556
3 4516 4556 4517
3 4517 4556 4557
3 4517 4557 4518
3 4518 4557 4558
3 4518 4558 4519
3 4519 4558 4559
3 4520 4560 4521
3 4521 4560 4561
3 4521 4561 4522
3 4522 4561 4562
3 4522 4562 4523
3 4523 4562 4563
3 4523 4563 4524
3 4524 4563 4564
3 4524 4564 4525
3 4525 4564 4565
3 4525 4565 4526
3 4526 4565 4566
3 4526 4566 4527
3 4527 4566 4567
3 4527 4567 4528
3 4528 4567 4568
3 4528 4568 4529
3 4529 4568 4569
3 4529 4569 4530
3 4530 4569 4570
3 4530 4570 4531
3 4531 4570 4571
3 4531 4571 4532
3 4532 4571 4572
3 4532 4572 4533
3 4533 4572 4573
3 4533 4573 4534
3 4534 4573 4574
3 4534 4574 4535
3 4535 4574 4575
3 4535 4575 4536
3 4536 4575 4576
3 4536 4576 4537
3 4537 4576 4577
3 4537 4577 4538
3 4538 4577 4578
3 4538 4578 4539
3 4539 4578 4579
3 4539 4579 4540
3 4540 4579 4580
3 4540 4580 4541
3 4541 4580 4581
3 4541 4581 4542
3 4542 4581 4582
3 4542 4582 4543
3 4543 4582 4583
3 4543 4583 4544
3 4544 4583 4584
3 4544 4584 4545
3 4545 4584 4585
3 4545 4585 4546
3 4546 4585 4586
3 4546 4586 4547
3 4547 4586 4587
3 4547 4587 4548
3 4548 4587 4588
3 4548 4588 4549
3 4549 4588 4589
3 4549 4589 4550
3 4550 4589 4590
3 4550 4590 4551
3 4551 4590 4591
3 4551 4591 4552
3 4552 4591 4592
3 4552 4592 4553
3 4553 4592 4593
3 4553 4593 4554
3 4554 4593 4594
3 4554 4594 4555
3 4555 4594 4595
3 4555 4595 4556
3 4556 4595 4596
3 4556 4596 4557
3 4557 4596 4597
3 4557 4597 4558
3 4558 4597 4598
3 4558 4598 4559
3 4559 4598 4599
3 4560 4600 4561
3 4561 4600 4601
3 4561 4601 4562
3 4562 4601 4602
3 4562 4602 4563
3 4563 4602 4603
3 4563 4603 4564
3 4564 4603 4604
3 4564 4604 4565
3 4565 4604 4605
3 4565 4605 4566
3 4566 4605 4606
3 4566 4606 4567
3 4567 4606 4607
3 4567 4607 4568
3 4568 4607 4608
3 4568 4608 4569
3 4569 4608 4609
3 4569 4609 4570
3 4570 4609 4610
3 4570 4610 4571
3 4571 4610 4611
3 4571 4611 4572
3 4572 4611 4612
3 4572 4612 4573
3 4573 4612 4613
3 4573 4613 4574
3 4574 4613 4614
3 4574 4614 4575
3 4575 4614 4615
3 4575 4615 4576
3 4576 4615 4616
3 4576 4616 4577
3 4577 4616 4617
3 4577 4617 4578
3 4578 4617 4618
3 4578 4618 4579
3 4579 4618 4619
3 4579 4619 4580
3 4580 4619 4620
3 4580 4620 4581
3 4581 4620 4621
3 4581 4621 4582
3 4582 4621 4622
3 4582 4622 4583
3 4583 4622 4623
3 4583 4623 4584
3 4584 4623 4624
3 4584 4624 4585
3 4585 4624 4625
3 4585 4625 4586
3 4586 4625 4626
3 4586 4626 4587
3 4587 4626 4627
3 4587 4627 4588
3 4588 4627 4628
3 4588 4628 4589
3 4589 4628 4629
3 4589 4629 4590
3 4590 4629 4630
3 4590 4630 4591
3 4591 4630 4631
3 4591 4631 4592
3 4592 4631 4632
3 4592 4632 4593
3 4593 4632 4633
3 4593 4633 4594
3 4594 4633 4634
3 4594 4634 4595
3 4595 4634 4635
3 4595 4635 4596
3 4596 4635 4636
3 4596 4636 4597
3 4597 4636 4637
3 4597 4637 4598
3 4598 4637 4638
3 4598 4638 4599
3 4599 4638 4639
3 4600 4640 4601
3 4601 4640 4641
3 4601 4641 4602
3 4602 4641 4642
3 4602 4642 4603
3 4603 4642 4643
3 4603 4643 4604
3 4604 4643 4644
3 4604 4644 4605
3 4605 4644 4645
3 4605 4645 4606
3 4606 4645 4646
3 4606 4646 4607
3 4607 4646 4647
3 4607 4647 4608
3 4608 4647 4648
3 4608 4648 4609
3 4609 4648 4649
3 4609 4649 4610
3 4610 4649 4650
3 4610 4650 4611
3 4611 4650 4651
3 4611 4651 4612
3 4612 4651 4652
3 4612 4652 4613
3 4613 4652 4653
3 4613 4653 4614
3 4614 4653 4654
3 4614 4654 4615
3 4615 4654 4655
3 4615 4655 4616
3 4616 4655 4656
3 4616 4656 4617
3 4617 4656 4657
3 4617 4657 4618
3 4618 4657 4658
3 4618 4658 4619
3 4619 4658 4659
3 4619 4659 4620
3 4620 4659 4660
3 4620 4660 4621
3 4621 4660 4661
3 4621 4661 4622
3 4622 4661 4662
3 4622 4662 4623
3 4623 4662 4663
3 4623 4663 4624
3 4624 4663 4664
3 4624 4664 4625
3 4625 4664 4665
3 4625 4665 4626
3 4626 4665 4666
3 4626 4666 4627
3 4627 4666 4667
3 4627 4667 4628
3 4628 4667 4668
3 4628 4668 4629
3 4629 4668 4669
3 4629 4669 4630
3 4630 4669 4670
3 4630 4670 4631
3 4631 4670 4671
3 4631 4671 4632
3 4632 4671 4672
3 4632 4672 4633
3 4633 4672 4673
3 4633 4673 4634
3 4634 4673 4674
3 4634 4674 4635
3 4635 4674 4675
3 4635 4675 4636
3 4636 4675 4676
3 4636 4676 4637
3 4637 4676 4677
3 4637 4677 4638
3 4638 4677 4678
3 4638 4678 4639
3 4639 4678 4679
3 4640 4680 4641
3 4641 4680 4681
3 4641 4681 4642
3 4642 4681 4682
3 4642 4682 4643
3 4643 4682 4683
3 4643 4683 4644
3 4644 4683 4684
3 4644 4684 4645
3 4645 4684 4685
3 4645 4685 4646
3 4646 4685 4686
3 4646 4686 4647
3 4647 4686 4687
3 4647 4687 4648
3 4648 4687 4688
3 4648 4688 4649
3 4649 4688 4689
3 4649 4689 4650
3 4650 4689 4690
3 4650 4690 4651
3 4651 4690 4691
3 4651 4691 4652
3 4652 4691 4692
3 4652 4692 4653
3 4653 4692 4693
3 4653 4693 4654
3 4654 4693 4694
3 4654 4694 4655
3 4655 4694 4695
3 4655 4695 4656
3 4656 4695 4696
3 4656 4696 4657
3 4657 4696 4697
3 4657 4697 4658
3 4658 4697 4698
3 4658 4698 4659
3 4659 4698 4699
3 4659 4699 4660
3 4660 4699 4700
3 4660 4700 4661
3 4661 4700 4701
3 4661 4701 4662
3 4662 4701 4702
3 4662 4702 4663
3 4663 4702 4703
3 4663 4703 4664
3 4664 4703 4704
3 4664 4704 4665
3 4665 4704 4705
3 4665 4705 4666
3 4666 4705 4706
3 4666 4706 4667
3 4667 4706 4707
3 4667 4707 4668
3 4668 4707 4708
3 4668 4708 4669
3 4669 4708 4709
3 4669 4709 4670
3 4670 4709 4710
3 4670 4710 4671
3 4671 4710 4711
3 4671 4711 4672
3 4672 4711 4712
3 4672 4712 4673
3 4673 4712 4713
3 4673 4713 4674
3 4674 4713 4714
3 4674 4714 4675
3 4675 4714 4715
3 4675 4715 4676
3 4676 4715 4716
3 4676 4716 4677
3 4677 4716 4717
3 4677 4717 4678
3 4678 4717 4718
3 4678 4718 4679
3 4679 4718 4719
3 4680 4720 4681
3 4681 4720 4721
3 4681 4721 4682
3 4682 4721 4722
3 4682 4722 4683
3 4683 4722 4723
3 4683 4723 4684
3 4684 4723 4724
3 4684 4724 4685
3 4685 4724 4725
3 4685 4725 4686
3 4686 4725 4726
3 4686 4726 4687
3 4687 4726 4727
3 4687 4727 4688
3 4688 4727 4728
3 4688 4728 4689
3 4689 4728 4729
3 4689 4729 4690
3 4690 4729 4730
3 4690 4730 4691
3 4691 4730 4731
3 4691 4731 4692
3 4692 4731 4732
3 4692 4732 4693
3 4693 4732 4733
3 4693 4733 4694
3 4694 4733 4734
3 4694 4734 4695
3 4695 4734 4735
3 4695 4735 4696
3 4696 4735 4736
3 4696 4736 4697
3 4697 4736 4737
3 4697 4737 4698
3 4698 4737 4738
3 4698 4738 4699
3 4699 4738 4739
3 4699 4739 4700
3 4700 4739 4740
3 4700 4740 4701
3 4701 4740 4741
3 4701 4741 4702
3 4702 4741 4742
3 4702 4742 4703
3 4703 4742 4743
3 4703 4743 4704
3 4704 4743 4744
3 4704 4744 4705
3 4705 4744 4745
3 4705 4745 4706
3 4706 4745 4746
3 4706 4746 4707
3 4707 4746 4747
3 4707 4747 4708
3 4708 4747 4748
3 4708 4748 4709
3 4709 4748 4749
3 4709 4749 4710
3 4710 4749 4750
3 4710 4750 4711
3 4711 4750 4751
3 4711 4751 4712
3 4712 4751 4752
3 4712 4752 4713
3 4713 4752 4753
3 4713 4753 4714
3 4714 4753 4754
3 4714 4754 4715
3 4715 4754 4755
3 4715 4755 4716
3 4716 4755 4756
3 4716 4756 4717
3 4717 4756 4757
3 4717 4757 4718
3 4718 4757 4758
3 4718 4758 4719
3 4719 4758 4759
3 4720 4760 4721
3 4721 4760 4761
3 4721 4761 4722
3 4722 4761 4762
3 4722 4762 4723
3 4723 4762 4763
3 4723 4763 4724
3 4724 4763 4764
3 4724 4764 4725
3 4725 4764 4765
3 4725 4765 4726
3 4726 4765 4766
3 4726 4766 4727
3 4727 4766 4767
3 4727 4767 4728
3 4728 4767 4768
3 4728 4768 4729
3 4729 4768 4769
3 4729 4769 4730
3 4730 4769 4770
3 4730 4770 4731
3 4731 4770 4771
3 4731 4771 4732
3 4732 4771 4772
3 4732 4772 4733
3 4733 4772 4773
3 4733 4773 4734
3 4734 4773 4774
3 4734 4774 4735
3 4735 4774 4775
3 4735 4775 4736
3 4736 4775 4776
3 4736 4776 4737
3 4737 4776 4777
3 4737 4777 4738
3 4738 4777 4778
3 4738 4778 4739
3 4739 4778 4779
3 4739 4779 4740
3 4740 4779 4780
3 4740 4780 4741
3 4741 4780 4781
3 4741 4781 4742
3 4742 4781 4782
3 4742 4782 4743
3 4743 4782 4783
3 4743 4783 4744
3 4744 4783 4784
3 4744 4784 4745
3 4745 4784 4785
3 4745 4785 4746
3 4746 4785 4786
3 4746 4786 4747
3 4747 4786 4787
3 4747 4787 4748
3 4748 4787 4788
3 4748 4788 4749
3 4749 4788 4789
3 4749 4789 4750
3 4750 4789 4790
3 4750 4790 4751
3 4751 4790 4791
3 4751 4791 4752
3 4752 4791 4792
3 4752 4792 4753
3 4753 4792 4793
3 4753 4793 4754
3 4754 4793 4794
3 4754 4794 4755
3 4755 4794 4795
3 4755 4795 4756
3 4756 4795 4796
3 4756 4796 4757
3 4757 4796 4797
3 4757 4797 4758
3 4758 4797 4798
3 4758 4798 4759
3 4759 4798 4799
