# vtk DataFile Version 3.0
wing
ASCII
DATASET POLYDATA
POINTS 4800 float
-0.9705856288261957 -0.22958476719261312 0.072487045664532
-0.9456988178306522 -0.2236979782902384 0.07062840346800553
-0.9208120068351087 -0.2178111893878637 0.06876976127147907
-0.8959251958395653 -0.21192440048548905 0.06691111907495262
-0.8710383848440219 -0.20603761158311434 0.06505247687842615
-0.8461515738484783 -0.20015082268073964 0.0631938346818997
-0.8212647628529348 -0.19426403377836493 0.06133519248537323
-0.7963779518573914 -0.18837724487599025 0.05947655028884677
-0.7714911408618479 -0.18249045597361557 0.057617908092320314
-0.7466043298663044 -0.17660366707124087 0.05575926589579385
-0.721717518870761 -0.17071687816886616 0.05390062369926739
-0.6968307078752174 -0.16483008926649148 0.05204198150274092
-0.6719438968796739 -0.15894330036411677 0.05018333930621446
-0.6470570858841306 -0.1530565114617421 0.048324697109688
-0.6221702748885869 -0.14716972255936736 0.04646605491316153
-0.5972834638930435 -0.14128293365699268 0.04460741271663508
-0.5723966528975001 -0.135396144754618 0.042748770520108614
-0.5475098419019565 -0.1295093558522433 0.04089012832358215
-0.5226230309064132 -0.12362256694986862 0.039031486127055696
-0.4977362199108695 -0.1177357780474939 0.03717284393052923
-0.4728494089153262 -0.11184898914511922 0.03531420173400277
-0.44796259791978266 -0.10596220024274453 0.03345555953747631
-0.42307578692423914 -0.10007541134036982 0.03159691734094985
-0.3981889759286957 -0.09418862243799513 0.029738275144423384
-0.37330216493315216 -0.08830183353562042 0.02787963294789692
-0.34841535393760875 -0.08241504463324574 0.026020990751370467
-0.3235285429420653 -0.07652825573087105 0.024162348554844
-0.29864173194652177 -0.07064146682849634 0.02230370635831754
-0.27375492095097825 -0.06475467792612165 0.020445064161791076
-0.24886810995543476 -0.05886788902374695 0.018586421965264614
-0.22398129895989138 -0.05298110012137227 0.016727779768738158
-0.1990944879643479 -0.04709431121899757 0.014869137572211696
-0.17420767696880438 -0.04120752231662287 0.013010495375685233
-0.14932086597326089 -0.03532073341424817 0.01115185317915877
-0.12443405497771738 -0.029433944511873474 0.009293210982632307
-0.09954724398217399 -0.0235471556094988 0.007434568786105852
-0.0746604329866305 -0.0176603667071241 0.005575926589579389
-0.049773621991086994 -0.0117735778047494 0.003717284393052926
-0.024886810995543497 -0.0058867889023747 0.001858642196526463
0.0 0.0 0.0
-0.9705856288261957 -0.22325954177933757 0.09252063084702507
-0.9456988178306522 -0.21737275287696287 0.0906619886504986
-0.9208120068351087 -0.21148596397458816 0.08880334645397214
-0.8959251958395653 -0.2055991750722135 0.08694470425744569
-0.8710383848440219 -0.1997123861698388 0.08508606206091922
-0.8461515738484783 -0.1938255972674641 0.08322741986439276
-0.8212647628529348 -0.1879388083650894 0.0813687776678663
-0.7963779518573914 -0.1820520194627147 0.07951013547133984
-0.7714911408618479 -0.17616523056034003 0.07765149327481338
-0.7466043298663044 -0.17027844165796532 0.07579285107828691
-0.721717518870761 -0.16439165275559062 0.07393420888176046
-0.6968307078752174 -0.15850486385321594 0.07207556668523399
-0.6719438968796739 -0.15261807495084123 0.07021692448870752
-0.6470570858841306 -0.14673128604846655 0.06835828229218106
-0.6221702748885869 -0.14084449714609182 0.0664996400956546
-0.5972834638930435 -0.13495770824371714 0.06464099789912814
-0.5723966528975001 -0.12907091934134246 0.06278235570260168
-0.5475098419019565 -0.12318413043896775 0.060923713506075214
-0.5226230309064132 -0.11729734153659307 0.05906507130954876
-0.4977362199108695 -0.11141055263421835 0.05720642911302229
-0.4728494089153262 -0.10552376373184368 0.055347786916495834
-0.44796259791978266 -0.09963697482946898 0.05348914471996937
-0.42307578692423914 -0.09375018592709428 0.05163050252344291
-0.3981889759286957 -0.08786339702471958 0.049771860326916446
-0.37330216493315216 -0.08197660812234488 0.047913218130389984
-0.34841535393760875 -0.0760898192199702 0.04605457593386353
-0.3235285429420653 -0.0702030303175955 0.044195933737337066
-0.29864173194652177 -0.0643162414152208 0.042337291540810604
-0.27375492095097825 -0.0584294525128461 0.04047864934428414
-0.24886810995543476 -0.0525426636104714 0.03862000714775768
-0.22398129895989138 -0.04665587470809672 0.036761364951231223
-0.1990944879643479 -0.04076908580572202 0.03490272275470476
-0.17420767696880438 -0.03488229690334732 0.0330440805581783
-0.14932086597326089 -0.028995508000972624 0.031185438361651833
-0.12443405497771738 -0.023108719098597928 0.02932679616512537
-0.09954724398217399 -0.017221930196223253 0.02746815396859892
-0.0746604329866305 -0.011335141293848551 0.025609511772072453
-0.049773621991086994 -0.0054483523914738525 0.02375086957554599
-0.024886810995543497 0.00043843651090084735 0.021892227379019528
0.0 0.006325225413275547 0.020033585182493065
-0.9705856288261957 -0.21693431636606203 0.11255421602951812
-0.9456988178306522 -0.21104752746368732 0.11069557383299165
-0.9208120068351087 -0.20516073856131262 0.1088369316364652
-0.8959251958395653 -0.19927394965893797 0.10697828943993874
-0.8710383848440219 -0.19338716075656326 0.10511964724341227
-0.8461515738484783 -0.18750037185418855 0.10326100504688582
-0.8212647628529348 -0.18161358295181385 0.10140236285035936
-0.7963779518573914 -0.17572679404943917 0.09954372065383289
-0.7714911408618479 -0.1698400051470645 0.09768507845730644
-0.7466043298663044 -0.16395321624468978 0.09582643626077998
-0.721717518870761 -0.15806642734231507 0.09396779406425351
-0.6968307078752174 -0.1521796384399404 0.09210915186772704
-0.6719438968796739 -0.1462928495375657 0.09025050967120059
-0.6470570858841306 -0.140406060635191 0.08839186747467413
-0.6221702748885869 -0.13451927173281628 0.08653322527814766
-0.5972834638930435 -0.1286324828304416 0.08467458308162121
-0.5723966528975001 -0.1227456939280669 0.08281594088509474
-0.5475098419019565 -0.1168589050256922 0.08095729868856828
-0.5226230309064132 -0.11097211612331752 0.07909865649204183
-0.4977362199108695 -0.1050853272209428 0.07724001429551536
-0.4728494089153262 -0.09919853831856812 0.0753813720989889
-0.44796259791978266 -0.09331174941619343 0.07352272990246243
-0.42307578692423914 -0.08742496051381872 0.07166408770593598
-0.3981889759286957 -0.08153817161144403 0.06980544550940951
-0.37330216493315216 -0.07565138270906932 0.06794680331288305
-0.34841535393760875 -0.06976459380669464 0.0660881611163566
-0.3235285429420653 -0.06387780490431995 0.06422951891983013
-0.29864173194652177 -0.05799101600194525 0.062370876723303666
-0.27375492095097825 -0.052104227099570556 0.0605122345267772
-0.24886810995543476 -0.046217438197195856 0.05865359233025074
-0.22398129895989138 -0.04033064929482118 0.056794950133724285
-0.1990944879643479 -0.03444386039244648 0.05493630793719782
-0.17420767696880438 -0.028557071490071775 0.05307766574067136
-0.14932086597326089 -0.022670282587697075 0.0512190235441449
-0.12443405497771738 -0.01678349368532238 0.049360381347618436
-0.09954724398217399 -0.010896704782947705 0.04750173915109198
-0.0746604329866305 -0.005009915880573005 0.04564309695456552
-0.049773621991086994 0.0008768730218016947 0.043784454758039056
-0.024886810995543497 0.006763661924176394 0.04192581256151259
0.0 0.012650450826551094 0.04006717036498613
-0.9705856288261957 -0.2106090909527865 0.1325878012120112
-0.9456988178306522 -0.20472230205041178 0.1307291590154847
-0.9208120068351087 -0.19883551314803707 0.12887051681895825
-0.8959251958395653 -0.19294872424566242 0.1270118746224318
-0.8710383848440219 -0.18706193534328772 0.12515323242590534
-0.8461515738484783 -0.181175146440913 0.12329459022937889
-0.8212647628529348 -0.1752883575385383 0.12143594803285242
-0.7963779518573914 -0.16940156863616362 0.11957730583632596
-0.7714911408618479 -0.16351477973378895 0.1177186636397995
-0.7466043298663044 -0.15762799083141424 0.11586002144327304
-0.721717518870761 -0.15174120192903953 0.11400137924674658
-0.6968307078752174 -0.14585441302666485 0.11214273705022011
-0.6719438968796739 -0.13996762412429015 0.11028409485369364
-0.6470570858841306 -0.13408083522191547 0.10842545265716719
-0.6221702748885869 -0.12819404631954073 0.10656681046064072
-0.5972834638930435 -0.12230725741716604 0.10470816826411426
-0.5723966528975001 -0.11642046851479136 0.10284952606758781
-0.5475098419019565 -0.11053367961241665 0.10099088387106134
-0.5226230309064132 -0.10464689071004198 0.09913224167453488
-0.4977362199108695 -0.09876010180766726 0.09727359947800841
-0.4728494089153262 -0.09287331290529258 0.09541495728148196
-0.44796259791978266 -0.08698652400291788 0.0935563150849555
-0.42307578692423914 -0.08109973510054318 0.09169767288842903
-0.3981889759286957 -0.07521294619816848 0.08983903069190258
-0.37330216493315216 -0.06932615729579378 0.08798038849537611
-0.34841535393760875 -0.0634393683934191 0.08612174629884965
-0.3235285429420653 -0.057552579491044406 0.08426310410232318
-0.29864173194652177 -0.0516657905886697 0.08240446190579673
-0.27375492095097825 -0.04577900168629501 0.08054581970927026
-0.24886810995543476 -0.03989221278392031 0.0786871775127438
-0.22398129895989138 -0.03400542388154563 0.07682853531621735
-0.1990944879643479 -0.028118634979170932 0.07496989311969088
-0.17420767696880438 -0.022231846076796232 0.07311125092316442
-0.14932086597326089 -0.016345057174421532 0.07125260872663795
-0.12443405497771738 -0.010458268272046834 0.0693939665301115
-0.09954724398217399 -0.00457147936967216 0.06753532433358504
-0.0746604329866305 0.0013153095327025398 0.06567668213705857
-0.049773621991086994 0.0072020984350772395 0.06381803994053212
-0.024886810995543497 0.01308888733745194 0.061959397744005655
0.0 0.018975676239826638 0.060100755547479186
-0.9705856288261957 -0.20428386553951092 0.15262138639450426
-0.9456988178306522 -0.1983970766371362 0.15076274419797778
-0.9208120068351087 -0.1925102877347615 0.14890410200145132
-0.8959251958395653 -0.18662349883238685 0.14704545980492487
-0.8710383848440219 -0.18073670993001215 0.1451868176083984
-0.8461515738484783 -0.17484992102763744 0.14332817541187196
-0.8212647628529348 -0.16896313212526273 0.1414695332153455
-0.7963779518573914 -0.16307634322288805 0.13961089101881902
-0.7714911408618479 -0.15718955432051337 0.13775224882229256
-0.7466043298663044 -0.15130276541813867 0.1358936066257661
-0.721717518870761 -0.14541597651576396 0.13403496442923965
-0.6968307078752174 -0.13952918761338928 0.13217632223271317
-0.6719438968796739 -0.13364239871101458 0.1303176800361867
-0.6470570858841306 -0.1277556098086399 0.12845903783966026
-0.6221702748885869 -0.12186882090626518 0.1266003956431338
-0.5972834638930435 -0.1159820320038905 0.12474175344660733
-0.5723966528975001 -0.11009524310151582 0.12288311125008088
-0.5475098419019565 -0.10420845419914111 0.1210244690535544
-0.5226230309064132 -0.09832166529676643 0.11916582685702795
-0.4977362199108695 -0.09243487639439171 0.11730718466050148
-0.4728494089153262 -0.08654808749201703 0.11544854246397503
-0.44796259791978266 -0.08066129858964234 0.11358990026744857
-0.42307578692423914 -0.07477450968726763 0.1117312580709221
-0.3981889759286957 -0.06888772078489294 0.10987261587439565
-0.37330216493315216 -0.06300093188251824 0.10801397367786918
-0.34841535393760875 -0.05711414298014355 0.10615533148134272
-0.3235285429420653 -0.05122735407776886 0.10429668928481627
-0.29864173194652177 -0.04534056517539415 0.1024380470882898
-0.27375492095097825 -0.03945377627301946 0.10057940489176334
-0.24886810995543476 -0.03356698737064476 0.09872076269523687
-0.22398129895989138 -0.027680198468270082 0.09686212049871042
-0.1990944879643479 -0.021793409565895382 0.09500347830218396
-0.17420767696880438 -0.015906620663520683 0.09314483610565749
-0.14932086597326089 -0.010019831761145983 0.09128619390913104
-0.12443405497771738 -0.004133042858771286 0.08942755171260457
-0.09954724398217399 0.0017537460436033894 0.08756890951607811
-0.0746604329866305 0.007640534945978089 0.08571026731955166
-0.049773621991086994 0.013527323848352788 0.08385162512302519
-0.024886810995543497 0.019414112750727488 0.08199298292649872
0.0 0.025300901653102188 0.08013434072997226
-0.9705856288261957 -0.19795864012623537 0.17265497157699733
-0.9456988178306522 -0.19207185122386067 0.17079632938047087
-0.9208120068351087 -0.18618506232148596 0.16893768718394442
-0.8959251958395653 -0.1802982734191113 0.16707904498741796
-0.8710383848440219 -0.1744114845167366 0.16522040279089148
-0.8461515738484783 -0.1685246956143619 0.16336176059436502
-0.8212647628529348 -0.1626379067119872 0.16150311839783857
-0.7963779518573914 -0.1567511178096125 0.1596444762013121
-0.7714911408618479 -0.15086432890723783 0.15778583400478566
-0.7466043298663044 -0.14497754000486313 0.15592719180825917
-0.721717518870761 -0.13909075110248842 0.15406854961173272
-0.6968307078752174 -0.13320396220011374 0.15220990741520626
-0.6719438968796739 -0.12731717329773903 0.15035126521867978
-0.6470570858841306 -0.12143038439536435 0.14849262302215332
-0.6221702748885869 -0.11554359549298962 0.14663398082562687
-0.5972834638930435 -0.10965680659061494 0.14477533862910041
-0.5723966528975001 -0.10377001768824026 0.14291669643257396
-0.5475098419019565 -0.09788322878586556 0.14105805423604748
-0.5226230309064132 -0.09199643988349088 0.13919941203952102
-0.4977362199108695 -0.08610965098111616 0.13734076984299456
-0.4728494089153262 -0.08022286207874148 0.1354821276464681
-0.44796259791978266 -0.07433607317636678 0.13362348544994165
-0.42307578692423914 -0.06844928427399208 0.13176484325341517
-0.3981889759286957 -0.06256249537161739 0.12990620105688871
-0.37330216493315216 -0.05667570646924268 0.12804755886036226
-0.34841535393760875 -0.050788917566868 0.1261889166638358
-0.3235285429420653 -0.04490212866449331 0.12433027446730933
-0.29864173194652177 -0.0390153397621186 0.12247163227078287
-0.27375492095097825 -0.03312855085974391 0.12061299007425641
-0.24886810995543476 -0.02724176195736921 0.11875434787772994
-0.22398129895989138 -0.021354973054994533 0.11689570568120349
-0.1990944879643479 -0.015468184152619833 0.11503706348467703
-0.17420767696880438 -0.009581395250245133 0.11317842128815056
-0.14932086597326089 -0.0036946063478704334 0.1113197790916241
-0.12443405497771738 0.002192182554504263 0.10946113689509764
-0.09954724398217399 0.008078971456878938 0.10760249469857118
-0.0746604329866305 0.013965760359253638 0.10574385250204472
-0.049773621991086994 0.019852549261628338 0.10388521030551826
-0.024886810995543497 0.025739338164003037 0.1020265681089918
0.0 0.03162612706637774 0.10016792591246533
-0.9705856288261957 -0.19163341471295983 0.19268855675949037
-0.9456988178306522 -0.18574662581058513 0.19082991456296391
-0.9208120068351087 -0.17985983690821042 0.18897127236643746
-0.8959251958395653 -0.17397304800583577 0.187112630169911
-0.8710383848440219 -0.16808625910346106 0.18525398797338452
-0.8461515738484783 -0.16219947020108635 0.18339534577685807
-0.8212647628529348 -0.15631268129871165 0.1815367035803316
-0.7963779518573914 -0.15042589239633697 0.17967806138380515
-0.7714911408618479 -0.1445391034939623 0.1778194191872787
-0.7466043298663044 -0.13865231459158758 0.17596077699075222
-0.721717518870761 -0.13276552568921288 0.17410213479422576
-0.6968307078752174 -0.1268787367868382 0.1722434925976993
-0.6719438968796739 -0.12099194788446349 0.17038485040117282
-0.6470570858841306 -0.11510515898208881 0.16852620820464637
-0.6221702748885869 -0.10921837007971408 0.1666675660081199
-0.5972834638930435 -0.1033315811773394 0.16480892381159346
-0.5723966528975001 -0.09744479227496472 0.162950281615067
-0.5475098419019565 -0.09155800337259001 0.16109163941854052
-0.5226230309064132 -0.08567121447021533 0.15923299722201406
-0.4977362199108695 -0.07978442556784061 0.1573743550254876
-0.4728494089153262 -0.07389763666546594 0.15551571282896115
-0.44796259791978266 -0.06801084776309124 0.1536570706324347
-0.42307578692423914 -0.06212405886071654 0.1517984284359082
-0.3981889759286957 -0.05623726995834185 0.14993978623938176
-0.37330216493315216 -0.05035048105596714 0.1480811440428553
-0.34841535393760875 -0.044463692153592464 0.14622250184632885
-0.3235285429420653 -0.03857690325121777 0.1443638596498024
-0.29864173194652177 -0.032690114348843065 0.1425052174532759
-0.27375492095097825 -0.02680332544646837 0.14064657525674945
-0.24886810995543476 -0.02091653654409367 0.138787933060223
-0.22398129895989138 -0.015029747641718992 0.13692929086369654
-0.1990944879643479 -0.009142958739344292 0.13507064866717008
-0.17420767696880438 -0.0032561698369695923 0.1332120064706436
-0.14932086597326089 0.0026306190654051074 0.13135336427411715
-0.12443405497771738 0.008517407967779804 0.1294947220775907
-0.09954724398217399 0.014404196870154479 0.12763607988106423
-0.0746604329866305 0.02029098577252918 0.12577743768453778
-0.049773621991086994 0.02617777467490388 0.12391879548801131
-0.024886810995543497 0.032064563577278576 0.12206015329148484
0.0 0.037951352479653276 0.12020151109495837
-0.9705856288261957 -0.1853081892996843 0.21272214194198344
-0.9456988178306522 -0.17942140039730958 0.21086349974545698
-0.9208120068351087 -0.17353461149493488 0.20900485754893053
-0.8959251958395653 -0.16764782259256023 0.20714621535240407
-0.8710383848440219 -0.16176103369018552 0.2052875731558776
-0.8461515738484783 -0.1558742447878108 0.20342893095935113
-0.8212647628529348 -0.1499874558854361 0.20157028876282468
-0.7963779518573914 -0.14410066698306143 0.19971164656629822
-0.7714911408618479 -0.13821387808068675 0.19785300436977177
-0.7466043298663044 -0.13232708917831204 0.1959943621732453
-0.721717518870761 -0.12644030027593733 0.19413571997671883
-0.6968307078752174 -0.12055351137356266 0.19227707778019237
-0.6719438968796739 -0.11466672247118795 0.19041843558366592
-0.6470570858841306 -0.10877993356881327 0.18855979338713946
-0.6221702748885869 -0.10289314466643854 0.18670115119061298
-0.5972834638930435 -0.09700635576406386 0.18484250899408652
-0.5723966528975001 -0.09111956686168918 0.18298386679756007
-0.5475098419019565 -0.08523277795931447 0.1811252246010336
-0.5226230309064132 -0.07934598905693979 0.17926658240450716
-0.4977362199108695 -0.07345920015456507 0.17740794020798067
-0.4728494089153262 -0.06757241125219039 0.17554929801145422
-0.44796259791978266 -0.0616856223498157 0.17369065581492776
-0.42307578692423914 -0.05579883344744099 0.1718320136184013
-0.3981889759286957 -0.0499120445450663 0.16997337142187482
-0.37330216493315216 -0.044025255642691594 0.16811472922534837
-0.34841535393760875 -0.038138466740316915 0.16625608702882191
-0.3235285429420653 -0.03225167783794222 0.16439744483229546
-0.29864173194652177 -0.026364888935567515 0.16253880263576898
-0.27375492095097825 -0.020478100033192823 0.16068016043924252
-0.24886810995543476 -0.014591311130818121 0.15882151824271606
-0.22398129895989138 -0.008704522228443442 0.1569628760461896
-0.1990944879643479 -0.002817733326068743 0.15510423384966315
-0.17420767696880438 0.0030690555763059567 0.15324559165313667
-0.14932086597326089 0.008955844478680657 0.15138694945661021
-0.12443405497771738 0.014842633381055353 0.14952830726008376
-0.09954724398217399 0.020729422283430027 0.1476696650635573
-0.0746604329866305 0.026616211185804727 0.14581102286703085
-0.049773621991086994 0.032503000088179426 0.14395238067050437
-0.024886810995543497 0.038389788990554126 0.1420937384739779
0.0 0.044276577892928826 0.14023509627745145
-0.9705856288261957 -0.17898296388640875 0.2327557271244765
-0.9456988178306522 -0.17309617498403404 0.23089708492795005
-0.9208120068351087 -0.16720938608165933 0.2290384427314236
-0.8959251958395653 -0.16132259717928468 0.22717980053489714
-0.8710383848440219 -0.15543580827690998 0.22532115833837066
-0.8461515738484783 -0.14954901937453527 0.2234625161418442
-0.8212647628529348 -0.14366223047216056 0.22160387394531775
-0.7963779518573914 -0.13777544156978588 0.2197452317487913
-0.7714911408618479 -0.1318886526674112 0.21788658955226484
-0.7466043298663044 -0.1260018637650365 0.21602794735573838
-0.721717518870761 -0.12011507486266178 0.2141693051592119
-0.6968307078752174 -0.1142282859602871 0.21231066296268544
-0.6719438968796739 -0.10834149705791239 0.210452020766159
-0.6470570858841306 -0.10245470815553771 0.20859337856963253
-0.6221702748885869 -0.09656791925316298 0.20673473637310605
-0.5972834638930435 -0.0906811303507883 0.2048760941765796
-0.5723966528975001 -0.08479434144841362 0.20301745198005314
-0.5475098419019565 -0.07890755254603891 0.20115880978352668
-0.5226230309064132 -0.07302076364366424 0.19930016758700023
-0.4977362199108695 -0.06713397474128951 0.19744152539047374
-0.4728494089153262 -0.06124718583891484 0.1955828831939473
-0.44796259791978266 -0.05536039693654015 0.19372424099742083
-0.42307578692423914 -0.049473608034165444 0.19186559880089438
-0.3981889759286957 -0.04358681913179075 0.1900069566043679
-0.37330216493315216 -0.037700030229416044 0.18814831440784144
-0.34841535393760875 -0.031813241327041365 0.18628967221131498
-0.3235285429420653 -0.025926452424666672 0.18443103001478853
-0.29864173194652177 -0.020039663522291966 0.18257238781826207
-0.27375492095097825 -0.014152874619917271 0.1807137456217356
-0.24886810995543476 -0.008266085717542572 0.17885510342520913
-0.22398129895989138 -0.002379296815167893 0.17699646122868268
-0.1990944879643479 0.0035074920872068065 0.17513781903215622
-0.17420767696880438 0.009394280989581507 0.17327917683562977
-0.14932086597326089 0.015281069891956206 0.17142053463910328
-0.12443405497771738 0.0211678587943309 0.16956189244257683
-0.09954724398217399 0.027054647696705576 0.16770325024605037
-0.0746604329866305 0.032941436599080276 0.16584460804952392
-0.049773621991086994 0.038828225501454976 0.16398596585299743
-0.024886810995543497 0.044715014403829675 0.16212732365647098
0.0 0.050601803306204375 0.16026868145994452
-0.9705856288261957 -0.17265773847313318 0.2527893123069696
-0.9456988178306522 -0.16677094957075847 0.2509306701104431
-0.9208120068351087 -0.16088416066838376 0.24907202791391667
-0.8959251958395653 -0.1549973717660091 0.2472133857173902
-0.8710383848440219 -0.1491105828636344 0.24535474352086376
-0.8461515738484783 -0.1432237939612597 0.2434961013243373
-0.8212647628529348 -0.137337005058885 0.24163745912781082
-0.7963779518573914 -0.1314502161565103 0.23977881693128436
-0.7714911408618479 -0.12556342725413563 0.2379201747347579
-0.7466043298663044 -0.11967663835176094 0.23606153253823145
-0.721717518870761 -0.11378984944938624 0.234202890341705
-0.6968307078752174 -0.10790306054701156 0.2323442481451785
-0.6719438968796739 -0.10201627164463685 0.23048560594865206
-0.6470570858841306 -0.09612948274226217 0.2286269637521256
-0.6221702748885869 -0.09024269383988744 0.22676832155559912
-0.5972834638930435 -0.08435590493751276 0.22490967935907266
-0.5723966528975001 -0.07846911603513808 0.2230510371625462
-0.5475098419019565 -0.07258232713276337 0.22119239496601975
-0.5226230309064132 -0.06669553823038869 0.2193337527694933
-0.4977362199108695 -0.06080874932801397 0.2174751105729668
-0.4728494089153262 -0.054921960425639293 0.21561646837644036
-0.44796259791978266 -0.0490351715232646 0.2137578261799139
-0.42307578692423914 -0.043148382620889894 0.21189918398338745
-0.3981889759286957 -0.0372615937185152 0.210040541786861
-0.37330216493315216 -0.031374804816140495 0.2081818995903345
-0.34841535393760875 -0.025488015913765816 0.20632325739380805
-0.3235285429420653 -0.019601227011391123 0.2044646151972816
-0.29864173194652177 -0.013714438109016416 0.20260597300075514
-0.27375492095097825 -0.007827649206641724 0.20074733080422866
-0.24886810995543476 -0.0019408603042670232 0.1988886886077022
-0.22398129895989138 0.003945928598107656 0.19703004641117575
-0.1990944879643479 0.009832717500482355 0.1951714042146493
-0.17420767696880438 0.015719506402857054 0.19331276201812284
-0.14932086597326089 0.021606295305231754 0.19145411982159635
-0.12443405497771738 0.02749308420760645 0.1895954776250699
-0.09954724398217399 0.033379873109981126 0.18773683542854344
-0.0746604329866305 0.039266662012355825 0.18587819323201699
-0.049773621991086994 0.045153450914730525 0.18401955103549053
-0.024886810995543497 0.051040239817105225 0.18216090883896405
0.0 0.056927028719479925 0.1803022666424376
-0.9705856288261957 -0.16633251305985763 0.27282289748946265
-0.9456988178306522 -0.16044572415748293 0.2709642552929362
-0.9208120068351087 -0.15455893525510822 0.26910561309640973
-0.8959251958395653 -0.14867214635273357 0.2672469708998833
-0.8710383848440219 -0.14278535745035886 0.2653883287033568
-0.8461515738484783 -0.13689856854798416 0.26352968650683034
-0.8212647628529348 -0.13101177964560945 0.2616710443103039
-0.7963779518573914 -0.12512499074323477 0.25981240211377743
-0.7714911408618479 -0.11923820184086009 0.257953759917251
-0.7466043298663044 -0.11335141293848539 0.2560951177207245
-0.721717518870761 -0.10746462403611068 0.25423647552419804
-0.6968307078752174 -0.101577835133736 0.2523778333276716
-0.6719438968796739 -0.0956910462313613 0.2505191911311451
-0.6470570858841306 -0.08980425732898661 0.24866054893461867
-0.6221702748885869 -0.08391746842661188 0.24680190673809219
-0.5972834638930435 -0.0780306795242372 0.24494326454156573
-0.5723966528975001 -0.07214389062186252 0.24308462234503928
-0.5475098419019565 -0.06625710171948782 0.24122598014851282
-0.5226230309064132 -0.06037031281711314 0.23936733795198636
-0.4977362199108695 -0.05448352391473842 0.23750869575545988
-0.4728494089153262 -0.048596735012363744 0.23565005355893343
-0.44796259791978266 -0.04270994610998905 0.23379141136240697
-0.42307578692423914 -0.036823157207614345 0.23193276916588051
-0.3981889759286957 -0.030936368305239652 0.23007412696935406
-0.37330216493315216 -0.025049579402864945 0.22821548477282758
-0.34841535393760875 -0.019162790500490266 0.22635684257630112
-0.3235285429420653 -0.013276001598115574 0.22449820037977467
-0.29864173194652177 -0.007389212695740867 0.2226395581832482
-0.27375492095097825 -0.0015024237933661737 0.22078091598672175
-0.24886810995543476 0.004384365109008526 0.21892227379019527
-0.22398129895989138 0.010271154011383204 0.21706363159366882
-0.1990944879643479 0.016157942913757904 0.21520498939714236
-0.17420767696880438 0.022044731816132604 0.2133463472006159
-0.14932086597326089 0.027931520718507304 0.21148770500408942
-0.12443405497771738 0.033818309620882 0.20962906280756297
-0.09954724398217399 0.039705098523256675 0.2077704206110365
-0.0746604329866305 0.045591887425631375 0.20591177841451005
-0.049773621991086994 0.051478676328006075 0.2040531362179836
-0.024886810995543497 0.057365465230380774 0.20219449402145712
0.0 0.06325225413275548 0.20033585182493066
-0.9705856288261957 -0.1600072876465821 0.2928564826719557
-0.9456988178306522 -0.15412049874420738 0.29099784047542926
-0.9208120068351087 -0.14823370984183268 0.2891391982789028
-0.8959251958395653 -0.14234692093945803 0.28728055608237635
-0.8710383848440219 -0.13646013203708332 0.28542191388584987
-0.8461515738484783 -0.1305733431347086 0.2835632716893234
-0.8212647628529348 -0.12468655423233392 0.28170462949279695
-0.7963779518573914 -0.11879976532995924 0.27984598729627047
-0.7714911408618479 -0.11291297642758456 0.27798734509974404
-0.7466043298663044 -0.10702618752520986 0.27612870290321756
-0.721717518870761 -0.10113939862283515 0.2742700607066911
-0.6968307078752174 -0.09525260972046047 0.27241141851016465
-0.6719438968796739 -0.08936582081808576 0.27055277631363817
-0.6470570858841306 -0.08347903191571109 0.26869413411711174
-0.6221702748885869 -0.07759224301333635 0.26683549192058525
-0.5972834638930435 -0.07170545411096167 0.26497684972405877
-0.5723966528975001 -0.065818665208587 0.26311820752753234
-0.5475098419019565 -0.05993187630621228 0.26125956533100586
-0.5226230309064132 -0.0540450874038376 0.25940092313447943
-0.4977362199108695 -0.04815829850146288 0.25754228093795295
-0.4728494089153262 -0.0422715095990882 0.25568363874142647
-0.44796259791978266 -0.03638472069671351 0.25382499654490004
-0.42307578692423914 -0.030497931794338802 0.25196635434837356
-0.3981889759286957 -0.02461114289196411 0.2501077121518471
-0.37330216493315216 -0.018724353989589403 0.24824906995532062
-0.34841535393760875 -0.012837565087214725 0.2463904277587942
-0.3235285429420653 -0.006950776184840033 0.2445317855622677
-0.29864173194652177 -0.0010639872824653258 0.24267314336574125
-0.27375492095097825 0.004822801619909367 0.2408145011692148
-0.24886810995543476 0.010709590522284066 0.2389558589726883
-0.22398129895989138 0.016596379424658747 0.23709721677616186
-0.1990944879643479 0.022483168327033447 0.2352385745796354
-0.17420767696880438 0.028369957229408146 0.23337993238310895
-0.14932086597326089 0.034256746131782846 0.2315212901865825
-0.12443405497771738 0.04014353503415754 0.229662647990056
-0.09954724398217399 0.04603032393653222 0.22780400579352955
-0.0746604329866305 0.05191711283890692 0.2259453635970031
-0.049773621991086994 0.05780390174128162 0.22408672140047664
-0.024886810995543497 0.06369069064365632 0.22222807920395019
0.0 0.06957747954603101 0.2203694370074237
-0.9705856288261957 -0.15368206223330655 0.31289006785444873
-0.9456988178306522 -0.14779527333093184 0.3110314256579223
-0.9208120068351087 -0.14190848442855714 0.3091727834613958
-0.8959251958395653 -0.13602169552618248 0.3073141412648694
-0.8710383848440219 -0.13013490662380778 0.3054554990683429
-0.8461515738484783 -0.12424811772143309 0.3035968568718164
-0.8212647628529348 -0.11836132881905838 0.30173821467529
-0.7963779518573914 -0.1124745399166837 0.2998795724787635
-0.7714911408618479 -0.10658775101430902 0.2980209302822371
-0.7466043298663044 -0.10070096211193431 0.2961622880857106
-0.721717518870761 -0.09481417320955961 0.2943036458891841
-0.6968307078752174 -0.08892738430718493 0.2924450036926577
-0.6719438968796739 -0.08304059540481022 0.2905863614961312
-0.6470570858841306 -0.07715380650243554 0.2887277192996048
-0.6221702748885869 -0.07126701760006081 0.2868690771030783
-0.5972834638930435 -0.06538022869768613 0.2850104349065518
-0.5723966528975001 -0.059493439795311444 0.2831517927100254
-0.5475098419019565 -0.05360665089293674 0.2812931505134989
-0.5226230309064132 -0.04771986199056206 0.2794345083169725
-0.4977362199108695 -0.04183307308818734 0.277575866120446
-0.4728494089153262 -0.03594628418581266 0.2757172239239195
-0.44796259791978266 -0.03005949528343797 0.2738585817273931
-0.42307578692423914 -0.024172706381063263 0.2719999395308666
-0.3981889759286957 -0.01828591747868857 0.2701412973343401
-0.37330216493315216 -0.012399128576313864 0.2682826551378137
-0.34841535393760875 -0.006512339673939185 0.2664240129412872
-0.3235285429420653 -0.0006255507715644917 0.2645653707447608
-0.29864173194652177 0.005261238130810215 0.2627067285482343
-0.27375492095097825 0.011148027033184908 0.2608480863517078
-0.24886810995543476 0.017034815935559607 0.2589894441551814
-0.22398129895989138 0.022921604837934286 0.2571308019586549
-0.1990944879643479 0.028808393740308986 0.25527215976212847
-0.17420767696880438 0.03469518264268369 0.253413517565602
-0.14932086597326089 0.04058197154505839 0.2515548753690755
-0.12443405497771738 0.04646876044743308 0.24969623317254905
-0.09954724398217399 0.05235554934980776 0.24783759097602262
-0.0746604329866305 0.05824233825218246 0.24597894877949614
-0.049773621991086994 0.06412912715455715 0.24412030658296968
-0.024886810995543497 0.07001591605693186 0.24226166438644323
0.0 0.07590270495930655 0.24040302218991674
-0.9705856288261957 -0.147356836820031 0.3329236530369418
-0.9456988178306522 -0.1414700479176563 0.3310650108404154
-0.9208120068351087 -0.1355832590152816 0.3292063686438889
-0.8959251958395653 -0.12969647011290694 0.3273477264473625
-0.8710383848440219 -0.12380968121053224 0.325489084250836
-0.8461515738484783 -0.11792289230815753 0.3236304420543095
-0.8212647628529348 -0.11203610340578282 0.3217717998577831
-0.7963779518573914 -0.10614931450340814 0.3199131576612566
-0.7714911408618479 -0.10026252560103346 0.3180545154647302
-0.7466043298663044 -0.09437573669865876 0.3161958732682037
-0.721717518870761 -0.08848894779628405 0.3143372310716772
-0.6968307078752174 -0.08260215889390937 0.3124785888751508
-0.6719438968796739 -0.07671536999153467 0.3106199466786243
-0.6470570858841306 -0.07082858108915999 0.3087613044820979
-0.6221702748885869 -0.06494179218678525 0.3069026622855714
-0.5972834638930435 -0.059055003284410566 0.3050440200890449
-0.5723966528975001 -0.05316821438203589 0.3031853778925185
-0.5475098419019565 -0.04728142547966118 0.301326735695992
-0.5226230309064132 -0.0413946365772865 0.29946809349946557
-0.4977362199108695 -0.03550784767491178 0.2976094513029391
-0.4728494089153262 -0.029621058772537106 0.2957508091064126
-0.44796259791978266 -0.023734269870162413 0.2938921669098862
-0.42307578692423914 -0.017847480967787707 0.2920335247133597
-0.3981889759286957 -0.011960692065413012 0.2901748825168332
-0.37330216493315216 -0.006073903163038306 0.2883162403203068
-0.34841535393760875 -0.00018711426066362694 0.2864575981237803
-0.3235285429420653 0.005699674641711065 0.28459895592725387
-0.29864173194652177 0.011586463544085773 0.2827403137307274
-0.27375492095097825 0.017473252446460464 0.2808816715342009
-0.24886810995543476 0.023360041348835164 0.2790230293376745
-0.22398129895989138 0.029246830251209843 0.277164387141148
-0.1990944879643479 0.035133619153584546 0.27530574494462157
-0.17420767696880438 0.041020408055959245 0.2734471027480951
-0.14932086597326089 0.046907196958333945 0.2715884605515686
-0.12443405497771738 0.05279398586070864 0.2697298183550422
-0.09954724398217399 0.05868077476308332 0.2678711761585157
-0.0746604329866305 0.06456756366545802 0.26601253396198926
-0.049773621991086994 0.07045435256783271 0.2641538917654628
-0.024886810995543497 0.07634114147020742 0.2622952495689363
0.0 0.08222793037258211 0.26043660737240987
-0.9705856288261957 -0.14103161140675546 0.3529572382194349
-0.9456988178306522 -0.13514482250438076 0.35109859602290844
-0.9208120068351087 -0.12925803360200605 0.34923995382638195
-0.8959251958395653 -0.1233712446996314 0.3473813116298555
-0.8710383848440219 -0.11748445579725669 0.34552266943332904
-0.8461515738484783 -0.11159766689488199 0.3436640272368026
-0.8212647628529348 -0.10571087799250728 0.34180538504027613
-0.7963779518573914 -0.0998240890901326 0.33994674284374965
-0.7714911408618479 -0.09393730018775792 0.3380881006472232
-0.7466043298663044 -0.08805051128538322 0.33622945845069674
-0.721717518870761 -0.08216372238300851 0.3343708162541703
-0.6968307078752174 -0.07627693348063383 0.33251217405764383
-0.6719438968796739 -0.07039014457825912 0.33065353186111734
-0.6470570858841306 -0.06450335567588444 0.3287948896645909
-0.6221702748885869 -0.05861656677350971 0.32693624746806443
-0.5972834638930435 -0.05272977787113503 0.32507760527153795
-0.5723966528975001 -0.04684298896876035 0.3232189630750115
-0.5475098419019565 -0.040956200066385645 0.32136032087848504
-0.5226230309064132 -0.035069411164010966 0.3195016786819586
-0.4977362199108695 -0.029182622261636242 0.31764303648543213
-0.4728494089153262 -0.023295833359261563 0.31578439428890565
-0.44796259791978266 -0.01740904445688687 0.3139257520923792
-0.42307578692423914 -0.011522255554512164 0.31206710989585273
-0.3981889759286957 -0.005635466652137472 0.3102084676993263
-0.37330216493315216 0.0002513222502372349 0.3083498255027998
-0.34841535393760875 0.0061381111526119135 0.30649118330627334
-0.3235285429420653 0.012024900054986607 0.3046325411097469
-0.29864173194652177 0.017911688957361314 0.30277389891322043
-0.27375492095097825 0.023798477859736007 0.300915256716694
-0.24886810995543476 0.029685266762110706 0.2990566145201675
-0.22398129895989138 0.03557205566448538 0.29719797232364104
-0.1990944879643479 0.04145884456686008 0.2953393301271146
-0.17420767696880438 0.04734563346923478 0.2934806879305881
-0.14932086597326089 0.05323242237160948 0.29162204573406164
-0.12443405497771738 0.05911921127398418 0.2897634035375352
-0.09954724398217399 0.06500600017635885 0.28790476134100873
-0.0746604329866305 0.07089278907873356 0.2860461191444823
-0.049773621991086994 0.07677957798110825 0.2841874769479558
-0.024886810995543497 0.08266636688348296 0.28232883475142934
0.0 0.08855315578585765 0.2804701925549029
-0.9705856288261957 -0.1347063859934799 0.372990823401928
-0.9456988178306522 -0.1288195970911052 0.37113218120540153
-0.9208120068351087 -0.1229328081887305 0.36927353900887505
-0.8959251958395653 -0.11704601928635584 0.3674148968123486
-0.8710383848440219 -0.11115923038398114 0.36555625461582214
-0.8461515738484783 -0.10527244148160643 0.3636976124192957
-0.8212647628529348 -0.09938565257923172 0.36183897022276923
-0.7963779518573914 -0.09349886367685704 0.35998032802624275
-0.7714911408618479 -0.08761207477448237 0.3581216858297163
-0.7466043298663044 -0.08172528587210766 0.35626304363318984
-0.721717518870761 -0.07583849696973295 0.3544044014366634
-0.6968307078752174 -0.06995170806735827 0.3525457592401369
-0.6719438968796739 -0.06406491916498357 0.35068711704361044
-0.6470570858841306 -0.05817813026260888 0.348828474847084
-0.6221702748885869 -0.052291341360234146 0.34696983265055753
-0.5972834638930435 -0.04640455245785947 0.34511119045403105
-0.5723966528975001 -0.04051776355548479 0.3432525482575046
-0.5475098419019565 -0.03463097465311008 0.34139390606097814
-0.5226230309064132 -0.028744185750735406 0.3395352638644517
-0.4977362199108695 -0.022857396848360686 0.3376766216679252
-0.4728494089153262 -0.016970607945986007 0.33581797947139874
-0.44796259791978266 -0.011083819043611314 0.3339593372748723
-0.42307578692423914 -0.005197030141236607 0.33210069507834583
-0.3981889759286957 0.0006897587611380858 0.3302420528818194
-0.37330216493315216 0.006576547663512793 0.3283834106852929
-0.34841535393760875 0.01246333656588747 0.32652476848876644
-0.3235285429420653 0.018350125468262164 0.32466612629224
-0.29864173194652177 0.02423691437063687 0.3228074840957135
-0.27375492095097825 0.030123703273011563 0.3209488418991871
-0.24886810995543476 0.036010492175386266 0.3190901997026606
-0.22398129895989138 0.041897281077760945 0.31723155750613413
-0.1990944879643479 0.047784069980135645 0.3153729153096077
-0.17420767696880438 0.053670858882510344 0.3135142731130812
-0.14932086597326089 0.059557647784885044 0.3116556309165548
-0.12443405497771738 0.06544443668725974 0.3097969887200283
-0.09954724398217399 0.07133122558963441 0.3079383465235018
-0.0746604329866305 0.07721801449200912 0.3060797043269754
-0.049773621991086994 0.08310480339438381 0.3042210621304489
-0.024886810995543497 0.08899159229675851 0.30236241993392243
0.0 0.09487838119913321 0.300503777737396
-0.9705856288261957 -0.12838116058020435 0.39302440858442106
-0.9456988178306522 -0.12249437167782966 0.3911657663878946
-0.9208120068351087 -0.11660758277545495 0.3893071241913681
-0.8959251958395653 -0.1107207938730803 0.38744848199484166
-0.8710383848440219 -0.1048340049707056 0.3855898397983152
-0.8461515738484783 -0.09894721606833089 0.38373119760178875
-0.8212647628529348 -0.09306042716595618 0.38187255540526227
-0.7963779518573914 -0.0871736382635815 0.3800139132087358
-0.7714911408618479 -0.08128684936120682 0.37815527101220936
-0.7466043298663044 -0.07540006045883212 0.3762966288156829
-0.721717518870761 -0.06951327155645741 0.37443798661915645
-0.6968307078752174 -0.06362648265408273 0.37257934442262997
-0.6719438968796739 -0.057739693751708024 0.3707207022261035
-0.6470570858841306 -0.051852904849333345 0.36886206002957705
-0.6221702748885869 -0.04596611594695861 0.36700341783305057
-0.5972834638930435 -0.04007932704458393 0.36514477563652414
-0.5723966528975001 -0.03419253814220925 0.36328613343999766
-0.5475098419019565 -0.028305749239834543 0.3614274912434712
-0.5226230309064132 -0.022418960337459864 0.35956884904694475
-0.4977362199108695 -0.016532171435085143 0.35771020685041827
-0.4728494089153262 -0.010645382532710466 0.35585156465389184
-0.44796259791978266 -0.0047585936303357725 0.35399292245736536
-0.42307578692423914 0.0011281952720389337 0.35213428026083887
-0.3981889759286957 0.007014984174413627 0.35027563806431244
-0.37330216493315216 0.012901773076788333 0.34841699586778596
-0.34841535393760875 0.018788561979163013 0.34655835367125953
-0.3235285429420653 0.024675350881537706 0.34469971147473305
-0.29864173194652177 0.030562139783912413 0.34284106927820657
-0.27375492095097825 0.0364489286862871 0.34098242708168014
-0.24886810995543476 0.0423357175886618 0.33912378488515366
-0.22398129895989138 0.04822250649103648 0.3372651426886272
-0.1990944879643479 0.05410929539341118 0.33540650049210075
-0.17420767696880438 0.05999608429578588 0.33354785829557426
-0.14932086597326089 0.06588287319816058 0.33168921609904783
-0.12443405497771738 0.07176966210053527 0.32983057390252135
-0.09954724398217399 0.07765645100290995 0.32797193170599487
-0.0746604329866305 0.08354323990528466 0.32611328950946844
-0.049773621991086994 0.08943002880765935 0.32425464731294196
-0.024886810995543497 0.09531681771003406 0.32239600511641553
0.0 0.10120360661240875 0.32053736291988905
-0.9705856288261957 -0.12205593516692882 0.4130579937669141
-0.9456988178306522 -0.11616914626455412 0.4111993515703876
-0.9208120068351087 -0.11028235736217941 0.40934070937386113
-0.8959251958395653 -0.10439556845980476 0.4074820671773347
-0.8710383848440219 -0.09850877955743005 0.4056234249808082
-0.8461515738484783 -0.09262199065505534 0.4037647827842818
-0.8212647628529348 -0.08673520175268064 0.4019061405877553
-0.7963779518573914 -0.08084841285030596 0.40004749839122883
-0.7714911408618479 -0.07496162394793128 0.3981888561947024
-0.7466043298663044 -0.06907483504555657 0.3963302139981759
-0.721717518870761 -0.06318804614318187 0.3944715718016495
-0.6968307078752174 -0.05730125724080719 0.392612929605123
-0.6719438968796739 -0.05141446833843248 0.3907542874085965
-0.6470570858841306 -0.0455276794360578 0.3888956452120701
-0.6221702748885869 -0.03964089053368307 0.3870370030155436
-0.5972834638930435 -0.03375410163130839 0.3851783608190172
-0.5723966528975001 -0.02786731272893371 0.3833197186224907
-0.5475098419019565 -0.021980523826559004 0.3814610764259642
-0.5226230309064132 -0.016093734924184325 0.3796024342294378
-0.4977362199108695 -0.010206946021809604 0.3777437920329113
-0.4728494089153262 -0.004320157119434925 0.3758851498363849
-0.44796259791978266 0.001566631782939768 0.3740265076398584
-0.42307578692423914 0.007453420685314474 0.3721678654433319
-0.3981889759286957 0.013340209587689167 0.3703092232468055
-0.37330216493315216 0.019226998490063874 0.368450581050279
-0.34841535393760875 0.025113787392438552 0.3665919388537526
-0.3235285429420653 0.031000576294813245 0.3647332966572261
-0.29864173194652177 0.03688736519718795 0.3628746544606996
-0.27375492095097825 0.042774154099562645 0.3610160122641732
-0.24886810995543476 0.048660943001937344 0.3591573700676467
-0.22398129895989138 0.05454773190431202 0.35729872787112027
-0.1990944879643479 0.06043452080668672 0.3554400856745938
-0.17420767696880438 0.06632130970906143 0.3535814434780673
-0.14932086597326089 0.07220809861143612 0.3517228012815409
-0.12443405497771738 0.07809488751381082 0.3498641590850144
-0.09954724398217399 0.0839816764161855 0.34800551688848796
-0.0746604329866305 0.0898684653185602 0.3461468746919615
-0.049773621991086994 0.0957552542209349 0.344288232495435
-0.024886810995543497 0.1016420431233096 0.34242959029890857
0.0 0.10752883202568429 0.3405709481023821
-0.9705856288261957 -0.11573070975365327 0.4330915789494072
-0.9456988178306522 -0.10984392085127856 0.4312329367528807
-0.9208120068351087 -0.10395713194890385 0.4293742945563543
-0.8959251958395653 -0.0980703430465292 0.4275156523598278
-0.8710383848440219 -0.0921835541441545 0.4256570101633013
-0.8461515738484783 -0.08629676524177979 0.4237983679667749
-0.8212647628529348 -0.08040997633940508 0.4219397257702484
-0.7963779518573914 -0.0745231874370304 0.420081083573722
-0.7714911408618479 -0.06863639853465572 0.4182224413771955
-0.7466043298663044 -0.06274960963228102 0.416363799180669
-0.721717518870761 -0.05686282072990631 0.4145051569841426
-0.6968307078752174 -0.05097603182753163 0.4126465147876161
-0.6719438968796739 -0.045089242925156925 0.4107878725910896
-0.6470570858841306 -0.039202454022782246 0.4089292303945632
-0.6221702748885869 -0.03331566512040751 0.4070705881980367
-0.5972834638930435 -0.027428876218032833 0.4052119460015103
-0.5723966528975001 -0.021542087315658154 0.4033533038049838
-0.5475098419019565 -0.015655298413283447 0.4014946616084573
-0.5226230309064132 -0.009768509510908767 0.3996360194119309
-0.4977362199108695 -0.0038817206085340465 0.3977773772154044
-0.4728494089153262 0.0020050682938406324 0.395918735018878
-0.44796259791978266 0.007891857196215326 0.3940600928223515
-0.42307578692423914 0.013778646098590032 0.392201450625825
-0.3981889759286957 0.019665435000964723 0.3903428084292986
-0.37330216493315216 0.02555222390333943 0.3884841662327721
-0.34841535393760875 0.03143901280571411 0.38662552403624567
-0.3235285429420653 0.0373258017080888 0.3847668818397192
-0.29864173194652177 0.04321259061046351 0.3829082396431927
-0.27375492095097825 0.0490993795128382 0.3810495974466663
-0.24886810995543476 0.0549861684152129 0.3791909552501398
-0.22398129895989138 0.06087295731758758 0.37733231305361337
-0.1990944879643479 0.06675974621996228 0.3754736708570869
-0.17420767696880438 0.07264653512233699 0.3736150286605604
-0.14932086597326089 0.07853332402471168 0.37175638646403397
-0.12443405497771738 0.08442011292708637 0.3698977442675075
-0.09954724398217399 0.09030690182946105 0.36803910207098106
-0.0746604329866305 0.09619369073183576 0.3661804598744546
-0.049773621991086994 0.10208047963421045 0.3643218176779281
-0.024886810995543497 0.10796726853658516 0.36246317548140167
0.0 0.11385405743895985 0.3606045332848752
-0.9705856288261957 -0.10940548434037772 0.45312516413190024
-0.9456988178306522 -0.10351869543800302 0.45126652193537375
-0.9208120068351087 -0.09763190653562831 0.4494078797388473
-0.8959251958395653 -0.09174511763325366 0.44754923754232084
-0.8710383848440219 -0.08585832873087895 0.44569059534579436
-0.8461515738484783 -0.07997153982850425 0.44383195314926793
-0.8212647628529348 -0.07408475092612954 0.44197331095274145
-0.7963779518573914 -0.06819796202375486 0.440114668756215
-0.7714911408618479 -0.06231117312138018 0.43825602655968854
-0.7466043298663044 -0.056424384219005475 0.43639738436316206
-0.721717518870761 -0.05053759531663077 0.4345387421666356
-0.6968307078752174 -0.04465080641425609 0.43268009997010914
-0.6719438968796739 -0.03876401751188138 0.43082145777358266
-0.6470570858841306 -0.0328772286095067 0.42896281557705623
-0.6221702748885869 -0.02699043970713197 0.42710417338052975
-0.5972834638930435 -0.02110365080475729 0.4252455311840033
-0.5723966528975001 -0.015216861902382611 0.42338688898747684
-0.5475098419019565 -0.009330073000007905 0.42152824679095036
-0.5226230309064132 -0.003443284097633226 0.41966960459442393
-0.4977362199108695 0.0024435048047414944 0.41781096239789745
-0.4728494089153262 0.008330293707116174 0.415952320201371
-0.44796259791978266 0.014217082609490866 0.41409367800484453
-0.42307578692423914 0.020103871511865573 0.41223503580831805
-0.3981889759286957 0.025990660414240266 0.4103763936117916
-0.37330216493315216 0.03187744931661497 0.40851775141526514
-0.34841535393760875 0.03776423821898965 0.4066591092187387
-0.3235285429420653 0.043651027121364344 0.40480046702221223
-0.29864173194652177 0.04953781602373905 0.40294182482568575
-0.27375492095097825 0.055424604926113744 0.4010831826291593
-0.24886810995543476 0.06131139382848844 0.39922454043263284
-0.22398129895989138 0.06719818273086312 0.3973658982361064
-0.1990944879643479 0.07308497163323782 0.3955072560395799
-0.17420767696880438 0.07897176053561251 0.39364861384305344
-0.14932086597326089 0.08485854943798722 0.391789971646527
-0.12443405497771738 0.09074533834036191 0.38993132945000053
-0.09954724398217399 0.09663212724273659 0.3880726872534741
-0.0746604329866305 0.10251891614511129 0.3862140450569476
-0.049773621991086994 0.10840570504748599 0.38435540286042114
-0.024886810995543497 0.11429249394986069 0.3824967606638947
0.0 0.12017928285223539 0.3806381184673682
-0.9705856288261957 -0.10308025892710217 0.47315874931439333
-0.9456988178306522 -0.09719347002472746 0.47130010711786685
-0.9208120068351087 -0.09130668112235275 0.4694414649213404
-0.8959251958395653 -0.0854198922199781 0.46758282272481394
-0.8710383848440219 -0.0795331033176034 0.46572418052828746
-0.8461515738484783 -0.07364631441522869 0.46386553833176103
-0.8212647628529348 -0.06775952551285398 0.46200689613523455
-0.7963779518573914 -0.061872736610479304 0.4601482539387081
-0.7714911408618479 -0.055985947708104625 0.45828961174218164
-0.7466043298663044 -0.05009915880572992 0.4564309695456552
-0.721717518870761 -0.04421236990335521 0.4545723273491287
-0.6968307078752174 -0.03832558100098053 0.45271368515260224
-0.6719438968796739 -0.032438792098605826 0.4508550429560758
-0.6470570858841306 -0.026552003196231147 0.44899640075954933
-0.6221702748885869 -0.020665214293856413 0.44713775856302285
-0.5972834638930435 -0.014778425391481734 0.4452791163664964
-0.5723966528975001 -0.008891636489107055 0.44342047416996994
-0.5475098419019565 -0.0030048475867323473 0.4415618319734435
-0.5226230309064132 0.0028819413156423316 0.439703189776917
-0.4977362199108695 0.008768730218017051 0.43784454758039054
-0.4728494089153262 0.01465551912039173 0.4359859053838641
-0.44796259791978266 0.020542308022766423 0.43412726318733763
-0.42307578692423914 0.02642909692514113 0.4322686209908112
-0.3981889759286957 0.03231588582751582 0.4304099787942847
-0.37330216493315216 0.03820267472989053 0.42855133659775824
-0.34841535393760875 0.04408946363226521 0.4266926944012318
-0.3235285429420653 0.0499762525346399 0.4248340522047053
-0.29864173194652177 0.05586304143701461 0.42297541000817884
-0.27375492095097825 0.0617498303393893 0.4211167678116524
-0.24886810995543476 0.067636619241764 0.41925812561512593
-0.22398129895989138 0.07352340814413869 0.4173994834185995
-0.1990944879643479 0.07941019704651338 0.415540841222073
-0.17420767696880438 0.08529698594888808 0.41368219902554654
-0.14932086597326089 0.09118377485126278 0.4118235568290201
-0.12443405497771738 0.09707056375363747 0.4099649146324936
-0.09954724398217399 0.10295735265601215 0.4081062724359672
-0.0746604329866305 0.10884414155838686 0.4062476302394407
-0.049773621991086994 0.11473093046076155 0.40438898804291423
-0.024886810995543497 0.12061771936313626 0.4025303458463878
0.0 0.12650450826551096 0.4006717036498613
-0.9705856288261957 -0.09675503351382662 0.4931923344968864
-0.9456988178306522 -0.09086824461145192 0.4913336923003599
-0.9208120068351087 -0.08498145570907721 0.48947505010383346
-0.8959251958395653 -0.07909466680670256 0.487616407907307
-0.8710383848440219 -0.07320787790432785 0.4857577657107805
-0.8461515738484783 -0.06732108900195315 0.48389912351425407
-0.8212647628529348 -0.06143430009957844 0.4820404813177276
-0.7963779518573914 -0.05554751119720376 0.48018183912120116
-0.7714911408618479 -0.04966072229482908 0.4783231969246747
-0.7466043298663044 -0.043773933392454376 0.47646455472814825
-0.721717518870761 -0.03788714449007967 0.47460591253162177
-0.6968307078752174 -0.03200035558770499 0.4727472703350953
-0.6719438968796739 -0.026113566685330283 0.47088862813856885
-0.6470570858841306 -0.020226777782955604 0.46902998594204237
-0.6221702748885869 -0.014339988880580872 0.4671713437455159
-0.5972834638930435 -0.008453199978206193 0.46531270154898946
-0.5723966528975001 -0.0025664110758315136 0.463454059352463
-0.5475098419019565 0.003320377826543193 0.46159541715593655
-0.5226230309064132 0.009207166728917872 0.45973677495941007
-0.4977362199108695 0.015093955631292592 0.4578781327628836
-0.4728494089153262 0.020980744533667273 0.45601949056635716
-0.44796259791978266 0.026867533436041965 0.45416084836983067
-0.42307578692423914 0.03275432233841667 0.45230220617330424
-0.3981889759286957 0.038641111240791365 0.45044356397677776
-0.37330216493315216 0.04452790014316607 0.4485849217802513
-0.34841535393760875 0.05041468904554075 0.44672627958372485
-0.3235285429420653 0.05630147794791544 0.44486763738719837
-0.29864173194652177 0.06218826685029015 0.44300899519067194
-0.27375492095097825 0.06807505575266484 0.44115035299414546
-0.24886810995543476 0.07396184465503954 0.439291710797619
-0.22398129895989138 0.07984863355741421 0.43743306860109255
-0.1990944879643479 0.08573542245978892 0.43557442640456606
-0.17420767696880438 0.09162221136216361 0.43371578420803963
-0.14932086597326089 0.09750900026453832 0.43185714201151315
-0.12443405497771738 0.10339578916691301 0.42999849981498667
-0.09954724398217399 0.10928257806928769 0.42813985761846024
-0.0746604329866305 0.11516936697166238 0.42628121542193376
-0.049773621991086994 0.12105615587403709 0.4244225732254073
-0.024886810995543497 0.1269429447764118 0.42256393102888085
0.0 0.13282973367878648 0.42070528883235436
-0.9705856288261957 -0.09042980810055108 0.5132259196793795
-0.9456988178306522 -0.08454301919817638 0.5113672774828529
-0.9208120068351087 -0.07865623029580167 0.5095086352863265
-0.8959251958395653 -0.07276944139342702 0.5076499930898001
-0.8710383848440219 -0.06688265249105231 0.5057913508932735
-0.8461515738484783 -0.060995863588677604 0.5039327086967471
-0.8212647628529348 -0.0551090746863029 0.5020740665002207
-0.7963779518573914 -0.04922228578392822 0.5002154243036941
-0.7714911408618479 -0.04333549688155354 0.4983567821071677
-0.7466043298663044 -0.03744870797917883 0.4964981399106413
-0.721717518870761 -0.031561919076804126 0.4946394977141148
-0.6968307078752174 -0.02567513017442945 0.4927808555175883
-0.6719438968796739 -0.019788341272054744 0.4909222133210619
-0.6470570858841306 -0.013901552369680065 0.4890635711245354
-0.6221702748885869 -0.008014763467305331 0.48720492892800893
-0.5972834638930435 -0.0021279745649306517 0.4853462867314825
-0.5723966528975001 0.0037588143374440272 0.483487644534956
-0.5475098419019565 0.009645603239818733 0.4816290023384296
-0.5226230309064132 0.015532392142193412 0.4797703601419031
-0.4977362199108695 0.021419181044568133 0.4779117179453766
-0.4728494089153262 0.027305969946942812 0.4760530757488502
-0.44796259791978266 0.03319275884931751 0.4741944335523237
-0.42307578692423914 0.039079547751692215 0.4723357913557973
-0.3981889759286957 0.04496633665406691 0.4704771491592708
-0.37330216493315216 0.050853125556441614 0.4686185069627443
-0.34841535393760875 0.05673991445881629 0.4667598647662179
-0.3235285429420653 0.06262670336119099 0.4649012225696914
-0.29864173194652177 0.06851349226356569 0.463042580373165
-0.27375492095097825 0.07440028116594039 0.4611839381766385
-0.24886810995543476 0.08028707006831508 0.459325295980112
-0.22398129895989138 0.08617385897068976 0.4574666537835856
-0.1990944879643479 0.09206064787306446 0.4556080115870591
-0.17420767696880438 0.09794743677543916 0.4537493693905327
-0.14932086597326089 0.10383422567781386 0.4518907271940062
-0.12443405497771738 0.10972101458018856 0.4500320849974797
-0.09954724398217399 0.11560780348256323 0.4481734428009533
-0.0746604329866305 0.12149459238493793 0.4463148006044268
-0.049773621991086994 0.12738138128731263 0.44445615840790037
-0.024886810995543497 0.13326817018968734 0.4425975162113739
0.0 0.13915495909206202 0.4407388740148474
-0.9705856288261957 -0.08410458268727553 0.5332595048618726
-0.9456988178306522 -0.07821779378490082 0.531400862665346
-0.9208120068351087 -0.07233100488252611 0.5295422204688196
-0.8959251958395653 -0.06644421598015146 0.5276835782722932
-0.8710383848440219 -0.060557427077776754 0.5258249360757666
-0.8461515738484783 -0.05467063817540205 0.5239662938792402
-0.8212647628529348 -0.04878384927302734 0.5221076516827138
-0.7963779518573914 -0.04289706037065266 0.5202490094861872
-0.7714911408618479 -0.03701027146827798 0.5183903672896608
-0.7466043298663044 -0.03112348256590328 0.5165317250931344
-0.721717518870761 -0.025236693663528573 0.514673082896608
-0.6968307078752174 -0.019349904761153894 0.5128144407000814
-0.6719438968796739 -0.013463115858779186 0.510955798503555
-0.6470570858841306 -0.007576326956404507 0.5090971563070286
-0.6221702748885869 -0.001689538054029773 0.507238514110502
-0.5972834638930435 0.004197250848344906 0.5053798719139756
-0.5723966528975001 0.010084039750719585 0.5035212297174492
-0.5475098419019565 0.01597082865309429 0.5016625875209226
-0.5226230309064132 0.02185761755546897 0.4998039453243962
-0.4977362199108695 0.02774440645784369 0.4979453031278697
-0.4728494089153262 0.03363119536021837 0.4960866609313433
-0.44796259791978266 0.039517984262593064 0.4942280187348168
-0.42307578692423914 0.04540477316496777 0.4923693765382904
-0.3981889759286957 0.051291562067342464 0.4905107343417639
-0.37330216493315216 0.05717835096971717 0.4886520921452374
-0.34841535393760875 0.06306513987209185 0.486793449948711
-0.3235285429420653 0.06895192877446654 0.4849348077521845
-0.29864173194652177 0.07483871767684125 0.4830761655556581
-0.27375492095097825 0.08072550657921594 0.4812175233591316
-0.24886810995543476 0.08661229548159063 0.4793588811626051
-0.22398129895989138 0.09249908438396531 0.4775002389660787
-0.1990944879643479 0.09838587328634002 0.4756415967695522
-0.17420767696880438 0.10427266218871471 0.47378295457302577
-0.14932086597326089 0.11015945109108942 0.4719243123764993
-0.12443405497771738 0.11604623999346411 0.4700656701799728
-0.09954724398217399 0.12193302889583879 0.4682070279834464
-0.0746604329866305 0.1278198177982135 0.4663483857869199
-0.049773621991086994 0.13370660670058818 0.46448974359039347
-0.024886810995543497 0.13959339560296288 0.462631101393867
0.0 0.1454801845053376 0.4607724591973405
-0.9705856288261957 -0.077779357274 0.5532930900443656
-0.9456988178306522 -0.07189256837162529 0.551434447847839
-0.9208120068351087 -0.06600577946925058 0.5495758056513126
-0.8959251958395653 -0.06011899056687594 0.5477171634547862
-0.8710383848440219 -0.05423220166450123 0.5458585212582596
-0.8461515738484783 -0.048345412762126526 0.5439998790617332
-0.8212647628529348 -0.04245862385975182 0.5421412368652068
-0.7963779518573914 -0.03657183495737714 0.5402825946686802
-0.7714911408618479 -0.03068504605500246 0.5384239524721538
-0.7466043298663044 -0.024798257152627755 0.5365653102756274
-0.721717518870761 -0.018911468250253048 0.5347066680791009
-0.6968307078752174 -0.01302467934787837 0.5328480258825744
-0.6719438968796739 -0.007137890445503662 0.530989383686048
-0.6470570858841306 -0.0012511015431289833 0.5291307414895215
-0.6221702748885869 0.0046356873592457515 0.527272099292995
-0.5972834638930435 0.01052247626162043 0.5254134570964686
-0.5723966528975001 0.01640926516399511 0.5235548148999422
-0.5475098419019565 0.022296054066369815 0.5216961727034156
-0.5226230309064132 0.028182842968744494 0.5198375305068892
-0.4977362199108695 0.034069631871119214 0.5179788883103628
-0.4728494089153262 0.03995642077349389 0.5161202461138363
-0.44796259791978266 0.045843209675868586 0.5142616039173098
-0.42307578692423914 0.05172999857824329 0.5124029617207834
-0.3981889759286957 0.057616787480617986 0.5105443195242569
-0.37330216493315216 0.0635035763829927 0.5086856773277304
-0.34841535393760875 0.06939036528536738 0.506827035131204
-0.3235285429420653 0.07527715418774207 0.5049683929346775
-0.29864173194652177 0.08116394309011678 0.503109750738151
-0.27375492095097825 0.08705073199249147 0.5012511085416246
-0.24886810995543476 0.09293752089486616 0.4993924663450981
-0.22398129895989138 0.09882430979724084 0.49753382414857167
-0.1990944879643479 0.10471109869961555 0.4956751819520452
-0.17420767696880438 0.11059788760199024 0.49381653975551876
-0.14932086597326089 0.11648467650436495 0.4919578975589923
-0.12443405497771738 0.12237146540673964 0.4900992553624658
-0.09954724398217399 0.1282582543091143 0.48824061316593936
-0.0746604329866305 0.134145043211489 0.4863819709694129
-0.049773621991086994 0.14003183211386372 0.48452332877288645
-0.024886810995543497 0.14591862101623843 0.48266468657635997
0.0 0.1518054099186131 0.4808060443798335
-0.9705856288261957 -0.07145413186072444 0.5733266752268587
-0.9456988178306522 -0.06556734295834973 0.5714680330303321
-0.9208120068351087 -0.059680554055975034 0.5696093908338057
-0.8959251958395653 -0.05379376515360038 0.5677507486372793
-0.8710383848440219 -0.047906976251225676 0.5658921064407527
-0.8461515738484783 -0.04202018734885097 0.5640334642442263
-0.8212647628529348 -0.03613339844647626 0.5621748220476999
-0.7963779518573914 -0.030246609544101584 0.5603161798511733
-0.7714911408618479 -0.024359820641726905 0.5584575376546469
-0.7466043298663044 -0.0184730317393522 0.5565988954581205
-0.721717518870761 -0.01258624283697749 0.554740253261594
-0.6968307078752174 -0.006699453934602811 0.5528816110650675
-0.6719438968796739 -0.0008126650322281047 0.5510229688685411
-0.6470570858841306 0.005074123870146574 0.5491643266720146
-0.6221702748885869 0.010960912772521309 0.5473056844754881
-0.5972834638930435 0.016847701674895986 0.5454470422789617
-0.5723966528975001 0.022734490577270665 0.5435884000824353
-0.5475098419019565 0.02862127947964537 0.5417297578859087
-0.5226230309064132 0.03450806838202005 0.5398711156893823
-0.4977362199108695 0.04039485728439477 0.5380124734928559
-0.4728494089153262 0.04628164618676945 0.5361538312963294
-0.44796259791978266 0.05216843508914414 0.5342951890998029
-0.42307578692423914 0.05805522399151885 0.5324365469032765
-0.3981889759286957 0.06394201289389355 0.53057790470675
-0.37330216493315216 0.06982880179626826 0.5287192625102235
-0.34841535393760875 0.07571559069864293 0.5268606203136971
-0.3235285429420653 0.08160237960101763 0.5250019781171706
-0.29864173194652177 0.08748916850339233 0.5231433359206441
-0.27375492095097825 0.09337595740576703 0.5212846937241177
-0.24886810995543476 0.09926274630814172 0.5194260515275912
-0.22398129895989138 0.1051495352105164 0.5175674093310648
-0.1990944879643479 0.1110363241128911 0.5157087671345383
-0.17420767696880438 0.1169231130152658 0.5138501249380119
-0.14932086597326089 0.1228099019176405 0.5119914827414854
-0.12443405497771738 0.1286966908200152 0.5101328405449589
-0.09954724398217399 0.13458347972238988 0.5082741983484325
-0.0746604329866305 0.14047026862476458 0.506415556151906
-0.049773621991086994 0.14635705752713926 0.5045569139553795
-0.024886810995543497 0.15224384642951397 0.5026982717588531
0.0 0.15813063533188867 0.5008396295623266
-0.9705856288261957 -0.06512890644744888 0.5933602604093517
-0.9456988178306522 -0.059242117545074184 0.5915016182128252
-0.9208120068351087 -0.05335532864269948 0.5896429760162988
-0.8959251958395653 -0.047468539740324826 0.5877843338197724
-0.8710383848440219 -0.04158175083795012 0.5859256916232458
-0.8461515738484783 -0.03569496193557541 0.5840670494267194
-0.8212647628529348 -0.029808173033200703 0.582208407230193
-0.7963779518573914 -0.023921384130826024 0.5803497650336664
-0.7714911408618479 -0.018034595228451345 0.57849112283714
-0.7466043298663044 -0.01214780632607664 0.5766324806406136
-0.721717518870761 -0.006261017423701933 0.5747738384440871
-0.6968307078752174 -0.0003742285213272539 0.5729151962475606
-0.6719438968796739 0.005512560381047453 0.5710565540510342
-0.6470570858841306 0.01139934928342213 0.5691979118545077
-0.6221702748885869 0.017286138185796867 0.5673392696579812
-0.5972834638930435 0.023172927088171546 0.5654806274614548
-0.5723966528975001 0.029059715990546225 0.5636219852649283
-0.5475098419019565 0.03494650489292093 0.5617633430684018
-0.5226230309064132 0.04083329379529561 0.5599047008718754
-0.4977362199108695 0.04672008269767033 0.558046058675349
-0.4728494089153262 0.052606871600045006 0.5561874164788225
-0.44796259791978266 0.0584936605024197 0.554328774282296
-0.42307578692423914 0.06438044940479441 0.5524701320857696
-0.3981889759286957 0.0702672383071691 0.5506114898892431
-0.37330216493315216 0.07615402720954381 0.5487528476927166
-0.34841535393760875 0.08204081611191849 0.5468942054961902
-0.3235285429420653 0.08792760501429318 0.5450355632996637
-0.29864173194652177 0.09381439391666789 0.5431769211031372
-0.27375492095097825 0.09970118281904258 0.5413182789066108
-0.24886810995543476 0.10558797172141728 0.5394596367100843
-0.22398129895989138 0.11147476062379195 0.5376009945135579
-0.1990944879643479 0.11736154952616666 0.5357423523170314
-0.17420767696880438 0.12324833842854135 0.533883710120505
-0.14932086597326089 0.12913512733091606 0.5320250679239785
-0.12443405497771738 0.13502191623329074 0.530166425727452
-0.09954724398217399 0.14090870513566542 0.5283077835309256
-0.0746604329866305 0.14679549403804013 0.5264491413343991
-0.049773621991086994 0.15268228294041483 0.5245904991378726
-0.024886810995543497 0.15856907184278954 0.5227318569413462
0.0 0.16445586074516422 0.5208732147448197
-0.9705856288261957 -0.05880368103417333 0.6133938455918448
-0.9456988178306522 -0.05291689213179862 0.6115352033953183
-0.9208120068351087 -0.047030103229423914 0.6096765611987919
-0.8959251958395653 -0.04114331432704926 0.6078179190022654
-0.8710383848440219 -0.035256525424674556 0.6059592768057389
-0.8461515738484783 -0.029369736522299853 0.6041006346092125
-0.8212647628529348 -0.023482947619925146 0.6022419924126861
-0.7963779518573914 -0.017596158717550468 0.6003833502161596
-0.7714911408618479 -0.011709369815175789 0.5985247080196331
-0.7466043298663044 -0.005822580912801082 0.5966660658231067
-0.721717518870761 6.420798957362471e-05 0.5948074236265802
-0.6968307078752174 0.0059509968919483035 0.5929487814300537
-0.6719438968796739 0.01183778579432301 0.5910901392335273
-0.6470570858841306 0.01772457469669769 0.5892314970370008
-0.6221702748885869 0.023611363599072423 0.5873728548404743
-0.5972834638930435 0.029498152501447102 0.5855142126439479
-0.5723966528975001 0.035384941403821785 0.5836555704474214
-0.5475098419019565 0.04127173030619649 0.5817969282508949
-0.5226230309064132 0.04715851920857117 0.5799382860543685
-0.4977362199108695 0.05304530811094589 0.578079643857842
-0.4728494089153262 0.05893209701332057 0.5762210016613156
-0.44796259791978266 0.06481888591569526 0.5743623594647891
-0.42307578692423914 0.07070567481806997 0.5725037172682627
-0.3981889759286957 0.07659246372044466 0.5706450750717362
-0.37330216493315216 0.08247925262281937 0.5687864328752097
-0.34841535393760875 0.08836604152519405 0.5669277906786833
-0.3235285429420653 0.09425283042756874 0.5650691484821568
-0.29864173194652177 0.10013961932994345 0.5632105062856303
-0.27375492095097825 0.10602640823231814 0.5613518640891039
-0.24886810995543476 0.11191319713469283 0.5594932218925774
-0.22398129895989138 0.11779998603706751 0.557634579696051
-0.1990944879643479 0.12368677493944222 0.5557759374995245
-0.17420767696880438 0.12957356384181692 0.553917295302998
-0.14932086597326089 0.1354603527441916 0.5520586531064716
-0.12443405497771738 0.1413471416465663 0.5502000109099451
-0.09954724398217399 0.147233930548941 0.5483413687134187
-0.0746604329866305 0.1531207194513157 0.5464827265168922
-0.049773621991086994 0.15900750835369037 0.5446240843203657
-0.024886810995543497 0.16489429725606508 0.5427654421238393
0.0 0.1707810861584398 0.5409067999273128
-0.9705856288261957 -0.052478455620897806 0.6334274307743378
-0.9456988178306522 -0.0465916667185231 0.6315687885778113
-0.9208120068351087 -0.04070487781614839 0.6297101463812849
-0.8959251958395653 -0.03481808891377374 0.6278515041847584
-0.8710383848440219 -0.028931300011399035 0.6259928619882319
-0.8461515738484783 -0.023044511109024328 0.6241342197917055
-0.8212647628529348 -0.01715772220664962 0.622275577595179
-0.7963779518573914 -0.011270933304274944 0.6204169353986526
-0.7714911408618479 -0.005384144401900264 0.6185582932021261
-0.7466043298663044 0.0005026445004744421 0.6166996510055996
-0.721717518870761 0.006389433402849149 0.6148410088090732
-0.6968307078752174 0.012276222305223827 0.6129823666125467
-0.6719438968796739 0.018163011207598535 0.6111237244160203
-0.6470570858841306 0.024049800109973214 0.6092650822194938
-0.6221702748885869 0.02993658901234795 0.6074064400229673
-0.5972834638930435 0.03582337791472263 0.6055477978264409
-0.5723966528975001 0.041710166817097306 0.6036891556299144
-0.5475098419019565 0.04759695571947201 0.601830513433388
-0.5226230309064132 0.05348374462184669 0.5999718712368615
-0.4977362199108695 0.05937053352422141 0.598113229040335
-0.4728494089153262 0.06525732242659608 0.5962545868438086
-0.44796259791978266 0.07114411132897078 0.5943959446472821
-0.42307578692423914 0.07703090023134548 0.5925373024507556
-0.3981889759286957 0.08291768913372018 0.5906786602542292
-0.37330216493315216 0.08880447803609488 0.5888200180577027
-0.34841535393760875 0.09469126693846956 0.5869613758611762
-0.3235285429420653 0.10057805584084425 0.5851027336646498
-0.29864173194652177 0.10646484474321896 0.5832440914681233
-0.27375492095097825 0.11235163364559365 0.5813854492715969
-0.24886810995543476 0.11823842254796836 0.5795268070750704
-0.22398129895989138 0.12412521145034304 0.577668164878544
-0.1990944879643479 0.13001200035271773 0.5758095226820175
-0.17420767696880438 0.13589878925509244 0.573950880485491
-0.14932086597326089 0.14178557815746715 0.5720922382889646
-0.12443405497771738 0.14767236705984182 0.5702335960924381
-0.09954724398217399 0.1535591559622165 0.5683749538959116
-0.0746604329866305 0.1594459448645912 0.5665163116993852
-0.049773621991086994 0.16533273376696592 0.5646576695028587
-0.024886810995543497 0.1712195226693406 0.5627990273063322
0.0 0.1771063115717153 0.5609403851098058
-0.9705856288261957 -0.04615323020762225 0.6534610159568309
-0.9456988178306522 -0.04026644130524754 0.6516023737603044
-0.9208120068351087 -0.034379652402872836 0.649743731563778
-0.8959251958395653 -0.028492863500498185 0.6478850893672515
-0.8710383848440219 -0.022606074598123478 0.646026447170725
-0.8461515738484783 -0.01671928569574877 0.6441678049741986
-0.8212647628529348 -0.010832496793374065 0.6423091627776721
-0.7963779518573914 -0.004945707890999386 0.6404505205811457
-0.7714911408618479 0.0009410810113752929 0.6385918783846192
-0.7466043298663044 0.00682786991375 0.6367332361880927
-0.721717518870761 0.012714658816124706 0.6348745939915663
-0.6968307078752174 0.018601447718499385 0.6330159517950398
-0.6719438968796739 0.024488236620874092 0.6311573095985133
-0.6470570858841306 0.03037502552324877 0.6292986674019869
-0.6221702748885869 0.036261814425623505 0.6274400252054604
-0.5972834638930435 0.042148603327998184 0.625581383008934
-0.5723966528975001 0.04803539223037286 0.6237227408124075
-0.5475098419019565 0.05392218113274757 0.6218640986158811
-0.5226230309064132 0.05980897003512225 0.6200054564193546
-0.4977362199108695 0.06569575893749698 0.6181468142228281
-0.4728494089153262 0.07158254783987165 0.6162881720263017
-0.44796259791978266 0.07746933674224635 0.6144295298297752
-0.42307578692423914 0.08335612564462105 0.6125708876332487
-0.3981889759286957 0.08924291454699575 0.6107122454367223
-0.37330216493315216 0.09512970344937045 0.6088536032401958
-0.34841535393760875 0.10101649235174513 0.6069949610436693
-0.3235285429420653 0.10690328125411983 0.6051363188471429
-0.29864173194652177 0.11279007015649453 0.6032776766506164
-0.27375492095097825 0.11867685905886922 0.60141903445409
-0.24886810995543476 0.12456364796124392 0.5995603922575635
-0.22398129895989138 0.1304504368636186 0.5977017500610371
-0.1990944879643479 0.1363372257659933 0.5958431078645106
-0.17420767696880438 0.142224014668368 0.5939844656679841
-0.14932086597326089 0.1481108035707427 0.5921258234714577
-0.12443405497771738 0.1539975924731174 0.5902671812749312
-0.09954724398217399 0.15988438137549207 0.5884085390784047
-0.0746604329866305 0.16577117027786678 0.5865498968818783
-0.049773621991086994 0.17165795918024146 0.5846912546853518
-0.024886810995543497 0.17754474808261617 0.5828326124888253
0.0 0.18343153698499087 0.5809739702922989
-0.9705856288261957 -0.03982800479434669 0.673494601139324
-0.9456988178306522 -0.033941215891971986 0.6716359589427975
-0.9208120068351087 -0.02805442698959728 0.6697773167462711
-0.8959251958395653 -0.02216763808722263 0.6679186745497446
-0.8710383848440219 -0.01628084918484792 0.6660600323532181
-0.8461515738484783 -0.010394060282473213 0.6642013901566917
-0.8212647628529348 -0.0045072713800985076 0.6623427479601652
-0.7963779518573914 0.0013795175222761716 0.6604841057636388
-0.7714911408618479 0.00726630642465085 0.6586254635671123
-0.7466043298663044 0.013153095327025558 0.6567668213705858
-0.721717518870761 0.019039884229400263 0.6549081791740594
-0.6968307078752174 0.02492667313177494 0.6530495369775329
-0.6719438968796739 0.030813462034149648 0.6511908947810064
-0.6470570858841306 0.03670025093652433 0.64933225258448
-0.6221702748885869 0.04258703983889906 0.6474736103879535
-0.5972834638930435 0.04847382874127374 0.645614968191427
-0.5723966528975001 0.05436061764364842 0.6437563259949006
-0.5475098419019565 0.060247406546023126 0.6418976837983742
-0.5226230309064132 0.06613419544839781 0.6400390416018477
-0.4977362199108695 0.07202098435077253 0.6381803994053212
-0.4728494089153262 0.07790777325314721 0.6363217572087948
-0.44796259791978266 0.0837945621555219 0.6344631150122683
-0.42307578692423914 0.08968135105789661 0.6326044728157418
-0.3981889759286957 0.0955681399602713 0.6307458306192154
-0.37330216493315216 0.10145492886264601 0.6288871884226889
-0.34841535393760875 0.10734171776502069 0.6270285462261624
-0.3235285429420653 0.11322850666739538 0.625169904029636
-0.29864173194652177 0.11911529556977009 0.6233112618331096
-0.27375492095097825 0.12500208447214478 0.621452619636583
-0.24886810995543476 0.1308888733745195 0.6195939774400566
-0.22398129895989138 0.13677566227689417 0.6177353352435302
-0.1990944879643479 0.14266245117926885 0.6158766930470037
-0.17420767696880438 0.14854924008164355 0.6140180508504772
-0.14932086597326089 0.15443602898401826 0.6121594086539508
-0.12443405497771738 0.16032281788639294 0.6103007664574243
-0.09954724398217399 0.16620960678876762 0.6084421242608978
-0.0746604329866305 0.17209639569114232 0.6065834820643714
-0.049773621991086994 0.17798318459351703 0.6047248398678449
-0.024886810995543497 0.18386997349589174 0.6028661976713184
0.0 0.18975676239826642 0.601007555474792
-0.9705856288261957 -0.03350277938107117 0.693528186321817
-0.9456988178306522 -0.02761599047869646 0.6916695441252905
-0.9208120068351087 -0.021729201576321754 0.689810901928764
-0.8959251958395653 -0.015842412673947103 0.6879522597322376
-0.8710383848440219 -0.009955623771572397 0.6860936175357112
-0.8461515738484783 -0.00406883486919769 0.6842349753391846
-0.8212647628529348 0.0018179540331770166 0.6823763331426582
-0.7963779518573914 0.007704742935551696 0.6805176909461318
-0.7714911408618479 0.013591531837926375 0.6786590487496053
-0.7466043298663044 0.01947832074030108 0.6768004065530788
-0.721717518870761 0.025365109642675788 0.6749417643565524
-0.6968307078752174 0.03125189854505046 0.6730831221600259
-0.6719438968796739 0.03713868744742517 0.6712244799634994
-0.6470570858841306 0.04302547634979985 0.669365837766973
-0.6221702748885869 0.04891226525217458 0.6675071955704465
-0.5972834638930435 0.05479905415454926 0.66564855337392
-0.5723966528975001 0.06068584305692394 0.6637899111773936
-0.5475098419019565 0.06657263195929865 0.6619312689808672
-0.5226230309064132 0.07245942086167333 0.6600726267843406
-0.4977362199108695 0.07834620976404805 0.6582139845878142
-0.4728494089153262 0.08423299866642273 0.6563553423912878
-0.44796259791978266 0.09011978756879742 0.6544967001947612
-0.42307578692423914 0.09600657647117213 0.6526380579982348
-0.3981889759286957 0.10189336537354682 0.6507794158017084
-0.37330216493315216 0.10778015427592152 0.6489207736051819
-0.34841535393760875 0.1136669431782962 0.6470621314086554
-0.3235285429420653 0.1195537320806709 0.645203489212129
-0.29864173194652177 0.12544052098304562 0.6433448470156026
-0.27375492095097825 0.1313273098854203 0.641486204819076
-0.24886810995543476 0.137214098787795 0.6396275626225496
-0.22398129895989138 0.14310088769016968 0.6377689204260232
-0.1990944879643479 0.1489876765925444 0.6359102782294966
-0.17420767696880438 0.15487446549491907 0.6340516360329702
-0.14932086597326089 0.16076125439729377 0.6321929938364438
-0.12443405497771738 0.16664804329966848 0.6303343516399172
-0.09954724398217399 0.17253483220204316 0.6284757094433908
-0.0746604329866305 0.17842162110441784 0.6266170672468644
-0.049773621991086994 0.18430841000679254 0.624758425050338
-0.024886810995543497 0.19019519890916725 0.6228997828538114
0.0 0.19608198781154196 0.621041140657285
-0.9705856288261957 -0.02717755396779561 0.7135617715043101
-0.9456988178306522 -0.021290765065420904 0.7117031293077836
-0.9208120068351087 -0.015403976163046196 0.7098444871112571
-0.8959251958395653 -0.009517187260671545 0.7079858449147307
-0.8710383848440219 -0.003630398358296839 0.7061272027182043
-0.8461515738484783 0.0022563905440778674 0.7042685605216777
-0.8212647628529348 0.008143179446452575 0.7024099183251513
-0.7963779518573914 0.014029968348827254 0.7005512761286249
-0.7714911408618479 0.01991675725120193 0.6986926339320984
-0.7466043298663044 0.025803546153576638 0.6968339917355719
-0.721717518870761 0.03169033505595135 0.6949753495390455
-0.6968307078752174 0.03757712395832603 0.693116707342519
-0.6719438968796739 0.04346391286070073 0.6912580651459925
-0.6470570858841306 0.04935070176307541 0.6893994229494661
-0.6221702748885869 0.05523749066545015 0.6875407807529396
-0.5972834638930435 0.061124279567824825 0.6856821385564131
-0.5723966528975001 0.0670110684701995 0.6838234963598867
-0.5475098419019565 0.0728978573725742 0.6819648541633603
-0.5226230309064132 0.07878464627494888 0.6801062119668337
-0.4977362199108695 0.0846714351773236 0.6782475697703073
-0.4728494089153262 0.09055822407969828 0.6763889275737809
-0.44796259791978266 0.09644501298207298 0.6745302853772543
-0.42307578692423914 0.10233180188444768 0.6726716431807279
-0.3981889759286957 0.10821859078682237 0.6708130009842015
-0.37330216493315216 0.11410537968919708 0.668954358787675
-0.34841535393760875 0.11999216859157176 0.6670957165911485
-0.3235285429420653 0.12587895749394645 0.6652370743946221
-0.29864173194652177 0.13176574639632116 0.6633784321980957
-0.27375492095097825 0.13765253529869587 0.6615197900015691
-0.24886810995543476 0.14353932420107055 0.6596611478050427
-0.22398129895989138 0.14942611310344522 0.6578025056085163
-0.1990944879643479 0.15531290200581993 0.6559438634119897
-0.17420767696880438 0.16119969090819464 0.6540852212154633
-0.14932086597326089 0.16708647981056934 0.6522265790189369
-0.12443405497771738 0.17297326871294402 0.6503679368224103
-0.09954724398217399 0.1788600576153187 0.6485092946258839
-0.0746604329866305 0.1847468465176934 0.6466506524293575
-0.049773621991086994 0.19063363542006811 0.6447920102328311
-0.024886810995543497 0.1965204243224428 0.6429333680363045
0.0 0.2024072132248175 0.6410747258397781
-0.9705856288261957 -0.02085232855452005 0.7335953566868032
-0.9456988178306522 -0.014965539652145346 0.7317367144902767
-0.9208120068351087 -0.00907875074977064 0.7298780722937502
-0.8959251958395653 -0.003191961847395988 0.7280194300972238
-0.8710383848440219 0.0026948270549787185 0.7261607879006974
-0.8461515738484783 0.008581615957353425 0.7243021457041708
-0.8212647628529348 0.014468404859728131 0.7224435035076444
-0.7963779518573914 0.020355193762102812 0.720584861311118
-0.7714911408618479 0.02624198266447749 0.7187262191145914
-0.7466043298663044 0.0321287715668522 0.716867576918065
-0.721717518870761 0.038015560469226904 0.7150089347215386
-0.6968307078752174 0.04390234937160158 0.713150292525012
-0.6719438968796739 0.04978913827397629 0.7112916503284856
-0.6470570858841306 0.05567592717635097 0.7094330081319592
-0.6221702748885869 0.0615627160787257 0.7075743659354327
-0.5972834638930435 0.06744950498110037 0.7057157237389062
-0.5723966528975001 0.07333629388347505 0.7038570815423798
-0.5475098419019565 0.07922308278584976 0.7019984393458534
-0.5226230309064132 0.08510987168822444 0.7001397971493268
-0.4977362199108695 0.09099666059059916 0.6982811549528004
-0.4728494089153262 0.09688344949297384 0.696422512756274
-0.44796259791978266 0.10277023839534853 0.6945638705597474
-0.42307578692423914 0.10865702729772324 0.692705228363221
-0.3981889759286957 0.11454381620009793 0.6908465861666946
-0.37330216493315216 0.12043060510247264 0.688987943970168
-0.34841535393760875 0.12631739400484732 0.6871293017736416
-0.3235285429420653 0.13220418290722202 0.6852706595771152
-0.29864173194652177 0.13809097180959673 0.6834120173805888
-0.27375492095097825 0.1439777607119714 0.6815533751840622
-0.24886810995543476 0.14986454961434612 0.6796947329875358
-0.22398129895989138 0.1557513385167208 0.6778360907910094
-0.1990944879643479 0.1616381274190955 0.6759774485944828
-0.17420767696880438 0.16752491632147018 0.6741188063979564
-0.14932086597326089 0.1734117052238449 0.67226016420143
-0.12443405497771738 0.1792984941262196 0.6704015220049034
-0.09954724398217399 0.18518528302859427 0.668542879808377
-0.0746604329866305 0.19107207193096895 0.6666842376118506
-0.049773621991086994 0.19695886083334366 0.6648255954153242
-0.024886810995543497 0.20284564973571836 0.6629669532187976
0.0 0.20873243863809307 0.6611083110222712
-0.9705856288261957 -0.01452710314124453 0.7536289418692962
-0.9456988178306522 -0.008640314238869823 0.7517702996727696
-0.9208120068351087 -0.0027535253364951153 0.7499116574762432
-0.8959251958395653 0.003133263565879536 0.7480530152797168
-0.8710383848440219 0.009020052468254242 0.7461943730831904
-0.8461515738484783 0.014906841370628948 0.7443357308866638
-0.8212647628529348 0.020793630273003655 0.7424770886901374
-0.7963779518573914 0.026680419175378334 0.740618446493611
-0.7714911408618479 0.03256720807775301 0.7387598042970844
-0.7466043298663044 0.03845399698012772 0.736901162100558
-0.721717518870761 0.044340785882502426 0.7350425199040316
-0.6968307078752174 0.050227574784877105 0.733183877707505
-0.6719438968796739 0.05611436368725181 0.7313252355109786
-0.6470570858841306 0.06200115258962649 0.7294665933144522
-0.6221702748885869 0.06788794149200122 0.7276079511179258
-0.5972834638930435 0.0737747303943759 0.7257493089213992
-0.5723966528975001 0.07966151929675058 0.7238906667248728
-0.5475098419019565 0.08554830819912529 0.7220320245283464
-0.5226230309064132 0.09143509710149997 0.7201733823318198
-0.4977362199108695 0.09732188600387469 0.7183147401352934
-0.4728494089153262 0.10320867490624937 0.716456097938767
-0.44796259791978266 0.10909546380862406 0.7145974557422404
-0.42307578692423914 0.11498225271099877 0.712738813545714
-0.3981889759286957 0.12086904161337346 0.7108801713491876
-0.37330216493315216 0.12675583051574818 0.7090215291526611
-0.34841535393760875 0.13264261941812286 0.7071628869561346
-0.3235285429420653 0.13852940832049754 0.7053042447596082
-0.29864173194652177 0.14441619722287224 0.7034456025630818
-0.27375492095097825 0.15030298612524695 0.7015869603665552
-0.24886810995543476 0.15618977502762163 0.6997283181700288
-0.22398129895989138 0.1620765639299963 0.6978696759735024
-0.1990944879643479 0.16796335283237102 0.6960110337769758
-0.17420767696880438 0.17385014173474572 0.6941523915804494
-0.14932086597326089 0.17973693063712043 0.692293749383923
-0.12443405497771738 0.1856237195394951 0.6904351071873965
-0.09954724398217399 0.1915105084418698 0.68857646499087
-0.0746604329866305 0.1973972973442445 0.6867178227943436
-0.049773621991086994 0.2032840862466192 0.6848591805978171
-0.024886810995543497 0.20917087514899388 0.6830005384012906
0.0 0.21505766405136859 0.6811418962047642
-0.9705856288261957 -0.008201877727968971 0.7736625270517893
-0.9456988178306522 -0.0023150888255942647 0.7718038848552629
-0.9208120068351087 0.003571700076780442 0.7699452426587363
-0.8959251958395653 0.009458488979155093 0.7680866004622099
-0.8710383848440219 0.0153452778815298 0.7662279582656835
-0.8461515738484783 0.021232066783904508 0.7643693160691569
-0.8212647628529348 0.027118855686279215 0.7625106738726305
-0.7963779518573914 0.03300564458865389 0.7606520316761041
-0.7714911408618479 0.03889243349102857 0.7587933894795776
-0.7466043298663044 0.044779222393403276 0.7569347472830511
-0.721717518870761 0.05066601129577798 0.7550761050865247
-0.6968307078752174 0.05655280019815266 0.7532174628899982
-0.6719438968796739 0.06243958910052737 0.7513588206934717
-0.6470570858841306 0.06832637800290205 0.7495001784969453
-0.6221702748885869 0.07421316690527678 0.7476415363004189
-0.5972834638930435 0.08009995580765146 0.7457828941038923
-0.5723966528975001 0.08598674471002614 0.7439242519073659
-0.5475098419019565 0.09187353361240085 0.7420656097108395
-0.5226230309064132 0.09776032251477552 0.7402069675143129
-0.4977362199108695 0.10364711141715025 0.7383483253177865
-0.4728494089153262 0.10953390031952492 0.7364896831212601
-0.44796259791978266 0.11542068922189962 0.7346310409247336
-0.42307578692423914 0.12130747812427432 0.7327723987282071
-0.3981889759286957 0.12719426702664902 0.7309137565316807
-0.37330216493315216 0.13308105592902372 0.7290551143351542
-0.34841535393760875 0.1389678448313984 0.7271964721386277
-0.3235285429420653 0.1448546337337731 0.7253378299421013
-0.29864173194652177 0.15074142263614781 0.7234791877455748
-0.27375492095097825 0.1566282115385225 0.7216205455490483
-0.24886810995543476 0.1625150004408972 0.7197619033525219
-0.22398129895989138 0.16840178934327188 0.7179032611559955
-0.1990944879643479 0.17428857824564659 0.7160446189594689
-0.17420767696880438 0.18017536714802126 0.7141859767629425
-0.14932086597326089 0.18606215605039597 0.7123273345664161
-0.12443405497771738 0.19194894495277068 0.7104686923698896
-0.09954724398217399 0.19783573385514536 0.7086100501733631
-0.0746604329866305 0.20372252275752004 0.7067514079768367
-0.049773621991086994 0.20960931165989474 0.7048927657803102
-0.024886810995543497 0.21549610056226945 0.7030341235837837
0.0 0.22138288946464416 0.7011754813872573
-0.9705856288261957 -0.0018766523146934138 0.7936961122342824
-0.9456988178306522 0.004010136587681293 0.791837470037756
-0.9208120068351087 0.009896925490056 0.7899788278412294
-0.8959251958395653 0.01578371439243065 0.788120185644703
-0.8710383848440219 0.021670503294805358 0.7862615434481766
-0.8461515738484783 0.027557292197180065 0.78440290125165
-0.8212647628529348 0.03344408109955477 0.7825442590551236
-0.7963779518573914 0.03933087000192945 0.7806856168585972
-0.7714911408618479 0.045217658904304125 0.7788269746620707
-0.7466043298663044 0.05110444780667883 0.7769683324655442
-0.721717518870761 0.05699123670905354 0.7751096902690178
-0.6968307078752174 0.06287802561142822 0.7732510480724913
-0.6719438968796739 0.06876481451380292 0.7713924058759648
-0.6470570858841306 0.0746516034161776 0.7695337636794384
-0.6221702748885869 0.08053839231855234 0.767675121482912
-0.5972834638930435 0.08642518122092702 0.7658164792863854
-0.5723966528975001 0.0923119701233017 0.763957837089859
-0.5475098419019565 0.0981987590256764 0.7620991948933326
-0.5226230309064132 0.10408554792805108 0.760240552696806
-0.4977362199108695 0.1099723368304258 0.7583819105002796
-0.4728494089153262 0.11585912573280048 0.7565232683037532
-0.44796259791978266 0.12174591463517517 0.7546646261072267
-0.42307578692423914 0.12763270353754988 0.7528059839107002
-0.3981889759286957 0.1335194924399246 0.7509473417141738
-0.37330216493315216 0.1394062813422993 0.7490886995176473
-0.34841535393760875 0.14529307024467397 0.7472300573211208
-0.3235285429420653 0.15117985914704865 0.7453714151245944
-0.29864173194652177 0.15706664804942336 0.7435127729280679
-0.27375492095097825 0.16295343695179806 0.7416541307315414
-0.24886810995543476 0.16884022585417274 0.739795488535015
-0.22398129895989138 0.17472701475654742 0.7379368463384886
-0.1990944879643479 0.18061380365892213 0.736078204141962
-0.17420767696880438 0.18650059256129684 0.7342195619454356
-0.14932086597326089 0.19238738146367154 0.7323609197489092
-0.12443405497771738 0.19827417036604622 0.7305022775523827
-0.09954724398217399 0.2041609592684209 0.7286436353558562
-0.0746604329866305 0.2100477481707956 0.7267849931593298
-0.049773621991086994 0.2159345370731703 0.7249263509628033
-0.024886810995543497 0.221821325975545 0.7230677087662768
0.0 0.2277081148779197 0.7212090665697504
-0.9705856288261957 0.00444857309858211 0.8137296974167754
-0.9456988178306522 0.010335362000956817 0.8118710552202489
-0.9208120068351087 0.016222150903331525 0.8100124130237224
-0.8959251958395653 0.022108939805706176 0.808153770827196
-0.8710383848440219 0.027995728708080883 0.8062951286306695
-0.8461515738484783 0.03388251761045559 0.804436486434143
-0.8212647628529348 0.039769306512830296 0.8025778442376166
-0.7963779518573914 0.045656095415204975 0.8007192020410902
-0.7714911408618479 0.051542884317579654 0.7988605598445637
-0.7466043298663044 0.05742967321995436 0.7970019176480372
-0.721717518870761 0.06331646212232907 0.7951432754515108
-0.6968307078752174 0.06920325102470375 0.7932846332549843
-0.6719438968796739 0.07509003992707845 0.7914259910584578
-0.6470570858841306 0.08097682882945313 0.7895673488619314
-0.6221702748885869 0.08686361773182787 0.7877087066654049
-0.5972834638930435 0.09275040663420255 0.7858500644688784
-0.5723966528975001 0.09863719553657722 0.783991422272352
-0.5475098419019565 0.10452398443895193 0.7821327800758255
-0.5226230309064132 0.11041077334132661 0.7802741378792991
-0.4977362199108695 0.11629756224370133 0.7784154956827726
-0.4728494089153262 0.12218435114607601 0.7765568534862461
-0.44796259791978266 0.1280711400484507 0.7746982112897197
-0.42307578692423914 0.1339579289508254 0.7728395690931932
-0.3981889759286957 0.1398447178532001 0.7709809268966668
-0.37330216493315216 0.1457315067555748 0.7691222847001403
-0.34841535393760875 0.1516182956579495 0.7672636425036138
-0.3235285429420653 0.15750508456032417 0.7654050003070874
-0.29864173194652177 0.16339187346269887 0.7635463581105609
-0.27375492095097825 0.16927866236507358 0.7616877159140344
-0.24886810995543476 0.17516545126744829 0.759829073717508
-0.22398129895989138 0.18105224016982296 0.7579704315209815
-0.1990944879643479 0.18693902907219764 0.7561117893244551
-0.17420767696880438 0.19282581797457235 0.7542531471279286
-0.14932086597326089 0.19871260687694706 0.7523945049314021
-0.12443405497771738 0.20459939577932176 0.7505358627348757
-0.09954724398217399 0.21048618468169641 0.7486772205383492
-0.0746604329866305 0.21637297358407112 0.7468185783418227
-0.049773621991086994 0.22225976248644583 0.7449599361452963
-0.024886810995543497 0.22814655138882053 0.7431012939487698
0.0 0.2340333402911952 0.7412426517522434
-0.9705856288261957 0.010773798511857668 0.8337632825992685
-0.9456988178306522 0.016660587414232375 0.831904640402742
-0.9208120068351087 0.022547376316607082 0.8300459982062155
-0.8959251958395653 0.028434165218981733 0.8281873560096891
-0.8710383848440219 0.03432095412135644 0.8263287138131626
-0.8461515738484783 0.040207743023731146 0.8244700716166361
-0.8212647628529348 0.04609453192610585 0.8226114294201097
-0.7963779518573914 0.05198132082848053 0.8207527872235832
-0.7714911408618479 0.05786810973085521 0.8188941450270568
-0.7466043298663044 0.06375489863322992 0.8170355028305303
-0.721717518870761 0.06964168753560462 0.8151768606340039
-0.6968307078752174 0.0755284764379793 0.8133182184374774
-0.6719438968796739 0.08141526534035401 0.8114595762409509
-0.6470570858841306 0.08730205424272869 0.8096009340444245
-0.6221702748885869 0.09318884314510342 0.807742291847898
-0.5972834638930435 0.0990756320474781 0.8058836496513715
-0.5723966528975001 0.10496242094985278 0.8040250074548451
-0.5475098419019565 0.11084920985222749 0.8021663652583186
-0.5226230309064132 0.11673599875460217 0.8003077230617922
-0.4977362199108695 0.12262278765697689 0.7984490808652657
-0.4728494089153262 0.12850957655935155 0.7965904386687392
-0.44796259791978266 0.13439636546172626 0.7947317964722128
-0.42307578692423914 0.14028315436410096 0.7928731542756863
-0.3981889759286957 0.14616994326647564 0.7910145120791598
-0.37330216493315216 0.15205673216885035 0.7891558698826334
-0.34841535393760875 0.15794352107122503 0.7872972276861069
-0.3235285429420653 0.16383030997359974 0.7854385854895805
-0.29864173194652177 0.16971709887597444 0.783579943293054
-0.27375492095097825 0.17560388777834912 0.7817213010965275
-0.24886810995543476 0.18149067668072383 0.7798626589000011
-0.22398129895989138 0.1873774655830985 0.7780040167034746
-0.1990944879643479 0.1932642544854732 0.7761453745069482
-0.17420767696880438 0.19915104338784792 0.7742867323104217
-0.14932086597326089 0.2050378322902226 0.7724280901138952
-0.12443405497771738 0.2109246211925973 0.7705694479173688
-0.09954724398217399 0.21681141009497198 0.7687108057208423
-0.0746604329866305 0.2226981989973467 0.7668521635243158
-0.049773621991086994 0.22858498789972137 0.7649935213277894
-0.024886810995543497 0.23447177680209608 0.7631348791312629
0.0 0.24035856570447078 0.7612762369347364
-0.9705856288261957 0.017099023925133225 0.8537968677817616
-0.9456988178306522 0.02298581282750793 0.8519382255852351
-0.9208120068351087 0.028872601729882638 0.8500795833887086
-0.8959251958395653 0.03475939063225729 0.8482209411921822
-0.8710383848440219 0.040646179534631996 0.8463622989956557
-0.8461515738484783 0.0465329684370067 0.8445036567991292
-0.8212647628529348 0.05241975733938141 0.8426450146026028
-0.7963779518573914 0.05830654624175609 0.8407863724060763
-0.7714911408618479 0.06419333514413077 0.8389277302095499
-0.7466043298663044 0.07008012404650547 0.8370690880130234
-0.721717518870761 0.07596691294888018 0.835210445816497
-0.6968307078752174 0.08185370185125486 0.8333518036199705
-0.6719438968796739 0.08774049075362957 0.831493161423444
-0.6470570858841306 0.09362727965600424 0.8296345192269176
-0.6221702748885869 0.09951406855837898 0.8277758770303911
-0.5972834638930435 0.10540085746075366 0.8259172348338646
-0.5723966528975001 0.11128764636312834 0.8240585926373382
-0.5475098419019565 0.11717443526550304 0.8221999504408117
-0.5226230309064132 0.12306122416787772 0.8203413082442853
-0.4977362199108695 0.12894801307025244 0.8184826660477588
-0.4728494089153262 0.13483480197262712 0.8166240238512323
-0.44796259791978266 0.14072159087500183 0.8147653816547059
-0.42307578692423914 0.14660837977737654 0.8129067394581794
-0.3981889759286957 0.15249516867975121 0.811048097261653
-0.37330216493315216 0.15838195758212592 0.8091894550651265
-0.34841535393760875 0.1642687464845006 0.8073308128686
-0.3235285429420653 0.1701555353868753 0.8054721706720736
-0.29864173194652177 0.17604232428925 0.8036135284755471
-0.27375492095097825 0.1819291131916247 0.8017548862790206
-0.24886810995543476 0.1878159020939994 0.7998962440824942
-0.22398129895989138 0.19370269099637408 0.7980376018859677
-0.1990944879643479 0.19958947989874878 0.7961789596894413
-0.17420767696880438 0.20547626880112346 0.7943203174929148
-0.14932086597326089 0.21136305770349817 0.7924616752963883
-0.12443405497771738 0.21724984660587288 0.7906030330998619
-0.09954724398217399 0.22313663550824755 0.7887443909033354
-0.0746604329866305 0.22902342441062223 0.7868857487068089
-0.049773621991086994 0.23491021331299694 0.7850271065102825
-0.024886810995543497 0.24079700221537165 0.783168464313756
0.0 0.24668379111774635 0.7813098221172295
-0.9705856288261957 0.02342424933840878 0.8738304529642547
-0.9456988178306522 0.029311038240783488 0.8719718107677282
-0.9208120068351087 0.035197827143158195 0.8701131685712017
-0.8959251958395653 0.041084616045532846 0.8682545263746753
-0.8710383848440219 0.04697140494790755 0.8663958841781488
-0.8461515738484783 0.05285819385028226 0.8645372419816224
-0.8212647628529348 0.058744982752656966 0.8626785997850959
-0.7963779518573914 0.06463177165503164 0.8608199575885694
-0.7714911408618479 0.07051856055740632 0.858961315392043
-0.7466043298663044 0.07640534945978103 0.8571026731955165
-0.721717518870761 0.08229213836215574 0.85524403099899
-0.6968307078752174 0.08817892726453042 0.8533853888024636
-0.6719438968796739 0.09406571616690512 0.8515267466059371
-0.6470570858841306 0.0999525050692798 0.8496681044094107
-0.6221702748885869 0.10583929397165454 0.8478094622128842
-0.5972834638930435 0.11172608287402921 0.8459508200163577
-0.5723966528975001 0.1176128717764039 0.8440921778198313
-0.5475098419019565 0.1234996606787786 0.8422335356233048
-0.5226230309064132 0.12938644958115328 0.8403748934267784
-0.4977362199108695 0.135273238483528 0.8385162512302519
-0.4728494089153262 0.1411600273859027 0.8366576090337254
-0.44796259791978266 0.14704681628827737 0.834798966837199
-0.42307578692423914 0.15293360519065208 0.8329403246406725
-0.3981889759286957 0.15882039409302678 0.831081682444146
-0.37330216493315216 0.1647071829954015 0.8292230402476196
-0.34841535393760875 0.17059397189777617 0.8273643980510931
-0.3235285429420653 0.17648076080015085 0.8255057558545666
-0.29864173194652177 0.18236754970252556 0.8236471136580402
-0.27375492095097825 0.18825433860490026 0.8217884714615137
-0.24886810995543476 0.19414112750727494 0.8199298292649873
-0.22398129895989138 0.20002791640964962 0.8180711870684608
-0.1990944879643479 0.20591470531202433 0.8162125448719344
-0.17420767696880438 0.21180149421439903 0.8143539026754079
-0.14932086597326089 0.21768828311677374 0.8124952604788814
-0.12443405497771738 0.22357507201914842 0.810636618282355
-0.09954724398217399 0.2294618609215231 0.8087779760858285
-0.0746604329866305 0.2353486498238978 0.806919333889302
-0.049773621991086994 0.2412354387262725 0.8050606916927756
-0.024886810995543497 0.2471222276286472 0.8032020494962491
0.0 0.2530090165310219 0.8013434072997226
-0.9705856288261957 0.029749474751684307 0.8938640381467476
-0.9456988178306522 0.03563626365405902 0.8920053959502212
-0.9208120068351087 0.04152305255643372 0.8901467537536947
-0.8959251958395653 0.047409841458808374 0.8882881115571682
-0.8710383848440219 0.05329663036118308 0.8864294693606418
-0.8461515738484783 0.05918341926355779 0.8845708271641154
-0.8212647628529348 0.0650702081659325 0.8827121849675889
-0.7963779518573914 0.07095699706830717 0.8808535427710624
-0.7714911408618479 0.07684378597068185 0.878994900574536
-0.7466043298663044 0.08273057487305656 0.8771362583780095
-0.721717518870761 0.08861736377543127 0.875277616181483
-0.6968307078752174 0.09450415267780594 0.8734189739849566
-0.6719438968796739 0.10039094158018065 0.8715603317884301
-0.6470570858841306 0.10627773048255533 0.8697016895919036
-0.6221702748885869 0.11216451938493006 0.8678430473953772
-0.5972834638930435 0.11805130828730474 0.8659844051988507
-0.5723966528975001 0.12393809718967942 0.8641257630023242
-0.5475098419019565 0.12982488609205411 0.8622671208057978
-0.5226230309064132 0.1357116749944288 0.8604084786092714
-0.4977362199108695 0.14159846389680353 0.8585498364127448
-0.4728494089153262 0.1474852527991782 0.8566911942162184
-0.44796259791978266 0.15337204170155289 0.854832552019692
-0.42307578692423914 0.1592588306039276 0.8529739098231655
-0.3981889759286957 0.1651456195063023 0.851115267626639
-0.37330216493315216 0.171032408408677 0.8492566254301126
-0.34841535393760875 0.17691919731105168 0.8473979832335861
-0.3235285429420653 0.18280598621342636 0.8455393410370596
-0.29864173194652177 0.18869277511580107 0.8436806988405332
-0.27375492095097825 0.19457956401817578 0.8418220566440068
-0.24886810995543476 0.20046635292055048 0.8399634144474802
-0.22398129895989138 0.20635314182292516 0.8381047722509538
-0.1990944879643479 0.21223993072529984 0.8362461300544274
-0.17420767696880438 0.21812671962767455 0.8343874878579008
-0.14932086597326089 0.22401350853004925 0.8325288456613744
-0.12443405497771738 0.22990029743242396 0.830670203464848
-0.09954724398217399 0.2357870863347986 0.8288115612683215
-0.0746604329866305 0.24167387523717332 0.826952919071795
-0.049773621991086994 0.24756066413954803 0.8250942768752686
-0.024886810995543497 0.25344745304192273 0.8232356346787422
0.0 0.25933424194429744 0.8213769924822156
-0.9705856288261957 0.036074700164959866 0.9138976233292407
-0.9456988178306522 0.04196148906733457 0.9120389811327143
-0.9208120068351087 0.04784827796970928 0.9101803389361878
-0.8959251958395653 0.05373506687208393 0.9083216967396613
-0.8710383848440219 0.05962185577445864 0.9064630545431349
-0.8461515738484783 0.06550864467683334 0.9046044123466085
-0.8212647628529348 0.07139543357920805 0.902745770150082
-0.7963779518573914 0.07728222248158273 0.9008871279535555
-0.7714911408618479 0.08316901138395741 0.8990284857570291
-0.7466043298663044 0.08905580028633212 0.8971698435605026
-0.721717518870761 0.09494258918870682 0.8953112013639761
-0.6968307078752174 0.1008293780910815 0.8934525591674497
-0.6719438968796739 0.10671616699345621 0.8915939169709232
-0.6470570858841306 0.11260295589583089 0.8897352747743967
-0.6221702748885869 0.11848974479820562 0.8878766325778703
-0.5972834638930435 0.1243765337005803 0.8860179903813439
-0.5723966528975001 0.13026332260295498 0.8841593481848173
-0.5475098419019565 0.13615011150532969 0.8823007059882909
-0.5226230309064132 0.14203690040770436 0.8804420637917645
-0.4977362199108695 0.14792368931007907 0.878583421595238
-0.4728494089153262 0.15381047821245375 0.8767247793987115
-0.44796259791978266 0.15969726711482846 0.8748661372021851
-0.42307578692423914 0.16558405601720316 0.8730074950056586
-0.3981889759286957 0.17147084491957784 0.8711488528091321
-0.37330216493315216 0.17735763382195255 0.8692902106126057
-0.34841535393760875 0.18324442272432723 0.8674315684160793
-0.3235285429420653 0.18913121162670193 0.8655729262195527
-0.29864173194652177 0.19501800052907664 0.8637142840230263
-0.27375492095097825 0.20090478943145132 0.8618556418264999
-0.24886810995543476 0.20679157833382603 0.8599969996299733
-0.22398129895989138 0.2126783672362007 0.8581383574334469
-0.1990944879643479 0.2185651561385754 0.8562797152369205
-0.17420767696880438 0.22445194504095012 0.8544210730403939
-0.14932086597326089 0.2303387339433248 0.8525624308438675
-0.12443405497771738 0.2362255228456995 0.8507037886473411
-0.09954724398217399 0.24211231174807418 0.8488451464508145
-0.0746604329866305 0.2479991006504489 0.8469865042542881
-0.049773621991086994 0.2538858895528236 0.8451278620577617
-0.024886810995543497 0.2597726784551983 0.8432692198612353
0.0 0.26565946735757295 0.8414105776647087
-0.9705856288261957 0.04239992557823542 0.9339312085117338
-0.9456988178306522 0.04828671448061013 0.9320725663152074
-0.9208120068351087 0.054173503382984836 0.9302139241186809
-0.8959251958395653 0.06006029228535949 0.9283552819221544
-0.8710383848440219 0.0659470811877342 0.926496639725628
-0.8461515738484783 0.0718338700901089 0.9246379975291016
-0.8212647628529348 0.07772065899248361 0.922779355332575
-0.7963779518573914 0.08360744789485829 0.9209207131360486
-0.7714911408618479 0.08949423679723296 0.9190620709395222
-0.7466043298663044 0.09538102569960767 0.9172034287429957
-0.721717518870761 0.10126781460198238 0.9153447865464692
-0.6968307078752174 0.10715460350435706 0.9134861443499428
-0.6719438968796739 0.11304139240673176 0.9116275021534163
-0.6470570858841306 0.11892818130910644 0.9097688599568898
-0.6221702748885869 0.12481497021148118 0.9079102177603634
-0.5972834638930435 0.13070175911385584 0.906051575563837
-0.5723966528975001 0.13658854801623052 0.9041929333673104
-0.5475098419019565 0.14247533691860523 0.902334291170784
-0.5226230309064132 0.1483621258209799 0.9004756489742576
-0.4977362199108695 0.15424891472335464 0.898617006777731
-0.4728494089153262 0.16013570362572932 0.8967583645812046
-0.44796259791978266 0.166022492528104 0.8948997223846782
-0.42307578692423914 0.1719092814304787 0.8930410801881516
-0.3981889759286957 0.1777960703328534 0.8911824379916252
-0.37330216493315216 0.18368285923522812 0.8893237957950988
-0.34841535393760875 0.1895696481376028 0.8874651535985724
-0.3235285429420653 0.19545643703997748 0.8856065114020458
-0.29864173194652177 0.20134322594235218 0.8837478692055194
-0.27375492095097825 0.2072300148447269 0.881889227008993
-0.24886810995543476 0.2131168037471016 0.8800305848124664
-0.22398129895989138 0.21900359264947628 0.87817194261594
-0.1990944879643479 0.22489038155185095 0.8763133004194136
-0.17420767696880438 0.23077717045422566 0.874454658222887
-0.14932086597326089 0.23666395935660037 0.8725960160263606
-0.12443405497771738 0.24255074825897507 0.8707373738298342
-0.09954724398217399 0.24843753716134973 0.8688787316333076
-0.0746604329866305 0.25432432606372446 0.8670200894367812
-0.049773621991086994 0.2602111149660991 0.8651614472402548
-0.024886810995543497 0.2660979038684738 0.8633028050437284
0.0 0.2719846927708485 0.8614441628472018
-0.9705856288261957 0.048725150991510945 0.9539647936942268
-0.9456988178306522 0.05461193989388565 0.9521061514977004
-0.9208120068351087 0.06049872879626036 0.950247509301174
-0.8959251958395653 0.06638551769863502 0.9483888671046474
-0.8710383848440219 0.07227230660100972 0.946530224908121
-0.8461515738484783 0.07815909550338443 0.9446715827115946
-0.8212647628529348 0.08404588440575914 0.942812940515068
-0.7963779518573914 0.08993267330813381 0.9409542983185416
-0.7714911408618479 0.0958194622105085 0.9390956561220152
-0.7466043298663044 0.1017062511128832 0.9372370139254886
-0.721717518870761 0.10759304001525791 0.9353783717289622
-0.6968307078752174 0.11347982891763259 0.9335197295324358
-0.6719438968796739 0.11936661782000729 0.9316610873359092
-0.6470570858841306 0.12525340672238197 0.9298024451393828
-0.6221702748885869 0.1311401956247567 0.9279438029428564
-0.5972834638930435 0.13702698452713138 0.92608516074633
-0.5723966528975001 0.14291377342950606 0.9242265185498034
-0.5475098419019565 0.14880056233188077 0.922367876353277
-0.5226230309064132 0.15468735123425545 0.9205092341567506
-0.4977362199108695 0.16057414013663016 0.918650591960224
-0.4728494089153262 0.16646092903900483 0.9167919497636976
-0.44796259791978266 0.17234771794137954 0.9149333075671712
-0.42307578692423914 0.17823450684375425 0.9130746653706446
-0.3981889759286957 0.18412129574612893 0.9112160231741182
-0.37330216493315216 0.19000808464850363 0.9093573809775918
-0.34841535393760875 0.1958948735508783 0.9074987387810654
-0.3235285429420653 0.20178166245325302 0.9056400965845388
-0.29864173194652177 0.20766845135562773 0.9037814543880124
-0.27375492095097825 0.2135552402580024 0.901922812191486
-0.24886810995543476 0.2194420291603771 0.9000641699949594
-0.22398129895989138 0.2253288180627518 0.898205527798433
-0.1990944879643479 0.2312156069651265 0.8963468856019066
-0.17420767696880438 0.2371023958675012 0.89448824340538
-0.14932086597326089 0.24298918476987588 0.8926296012088536
-0.12443405497771738 0.2488759736722506 0.8907709590123272
-0.09954724398217399 0.25476276257462527 0.8889123168158007
-0.0746604329866305 0.260649551477 0.8870536746192742
-0.049773621991086994 0.2665363403793747 0.8851950324227478
-0.024886810995543497 0.2724231292817494 0.8833363902262213
0.0 0.27830991818412404 0.8814777480296948
-0.9705856288261957 0.0550503764047865 0.9739983788767199
-0.9456988178306522 0.06093716530716121 0.9721397366801935
-0.9208120068351087 0.06682395420953592 0.9702810944836671
-0.8959251958395653 0.07271074311191057 0.9684224522871405
-0.8710383848440219 0.07859753201428528 0.9665638100906141
-0.8461515738484783 0.08448432091665999 0.9647051678940877
-0.8212647628529348 0.09037110981903469 0.9628465256975611
-0.7963779518573914 0.09625789872140937 0.9609878835010347
-0.7714911408618479 0.10214468762378405 0.9591292413045083
-0.7466043298663044 0.10803147652615876 0.9572705991079817
-0.721717518870761 0.11391826542853346 0.9554119569114553
-0.6968307078752174 0.11980505433090814 0.9535533147149289
-0.6719438968796739 0.12569184323328284 0.9516946725184023
-0.6470570858841306 0.13157863213565751 0.9498360303218759
-0.6221702748885869 0.13746542103803225 0.9479773881253495
-0.5972834638930435 0.14335220994040693 0.9461187459288231
-0.5723966528975001 0.1492389988427816 0.9442601037322965
-0.5475098419019565 0.1551257877451563 0.9424014615357701
-0.5226230309064132 0.161012576647531 0.9405428193392437
-0.4977362199108695 0.16689936554990573 0.9386841771427171
-0.4728494089153262 0.1727861544522804 0.9368255349461907
-0.44796259791978266 0.17867294335465508 0.9349668927496643
-0.42307578692423914 0.1845597322570298 0.9331082505531377
-0.3981889759286957 0.1904465211594045 0.9312496083566113
-0.37330216493315216 0.1963333100617792 0.9293909661600849
-0.34841535393760875 0.20222009896415388 0.9275323239635584
-0.3235285429420653 0.20810688786652856 0.9256736817670319
-0.29864173194652177 0.21399367676890327 0.9238150395705055
-0.27375492095097825 0.21988046567127797 0.921956397373979
-0.24886810995543476 0.22576725457365268 0.9200977551774525
-0.22398129895989138 0.23165404347602736 0.9182391129809261
-0.1990944879643479 0.23754083237840204 0.9163804707843997
-0.17420767696880438 0.24342762128077675 0.9145218285878731
-0.14932086597326089 0.24931441018315145 0.9126631863913467
-0.12443405497771738 0.25520119908552613 0.9108045441948203
-0.09954724398217399 0.26108798798790084 0.9089459019982938
-0.0746604329866305 0.26697477689027554 0.9070872598017673
-0.049773621991086994 0.2728615657926502 0.9052286176052409
-0.024886810995543497 0.2787483546950249 0.9033699754087144
0.0 0.2846351435973996 0.9015113332121879
-0.9705856288261957 0.06137560181806206 0.994031964059213
-0.9456988178306522 0.06726239072043677 0.9921733218626866
-0.9208120068351087 0.07314917962281148 0.9903146796661602
-0.8959251958395653 0.07903596852518613 0.9884560374696336
-0.8710383848440219 0.08492275742756084 0.9865973952731072
-0.8461515738484783 0.09080954632993554 0.9847387530765808
-0.8212647628529348 0.09669633523231025 0.9828801108800542
-0.7963779518573914 0.10258312413468493 0.9810214686835278
-0.7714911408618479 0.1084699130370596 0.9791628264870014
-0.7466043298663044 0.11435670193943431 0.9773041842904748
-0.721717518870761 0.12024349084180902 0.9754455420939484
-0.6968307078752174 0.1261302797441837 0.973586899897422
-0.6719438968796739 0.1320170686465584 0.9717282577008954
-0.6470570858841306 0.13790385754893308 0.969869615504369
-0.6221702748885869 0.14379064645130782 0.9680109733078426
-0.5972834638930435 0.1496774353536825 0.9661523311113162
-0.5723966528975001 0.15556422425605718 0.9642936889147896
-0.5475098419019565 0.16145101315843188 0.9624350467182632
-0.5226230309064132 0.16733780206080656 0.9605764045217368
-0.4977362199108695 0.17322459096318127 0.9587177623252102
-0.4728494089153262 0.17911137986555595 0.9568591201286838
-0.44796259791978266 0.18499816876793065 0.9550004779321574
-0.42307578692423914 0.19088495767030536 0.9531418357356308
-0.3981889759286957 0.19677174657268004 0.9512831935391044
-0.37330216493315216 0.20265853547505475 0.949424551342578
-0.34841535393760875 0.20854532437742943 0.9475659091460515
-0.3235285429420653 0.21443211327980413 0.945707266949525
-0.29864173194652177 0.22031890218217884 0.9438486247529986
-0.27375492095097825 0.22620569108455352 0.9419899825564721
-0.24886810995543476 0.23209247998692822 0.9401313403599456
-0.22398129895989138 0.2379792688893029 0.9382726981634192
-0.1990944879643479 0.2438660577916776 0.9364140559668928
-0.17420767696880438 0.24975284669405232 0.9345554137703662
-0.14932086597326089 0.255639635596427 0.9326967715738398
-0.12443405497771738 0.2615264244988017 0.9308381293773134
-0.09954724398217399 0.26741321340117635 0.9289794871807869
-0.0746604329866305 0.27330000230355106 0.9271208449842604
-0.049773621991086994 0.27918679120592577 0.925262202787734
-0.024886810995543497 0.2850735801083005 0.9234035605912075
0.0 0.2909603690106752 0.921544918394681
-0.9705856288261957 0.06770082723133758 1.014065549241706
-0.9456988178306522 0.07358761613371229 1.0122069070451796
-0.9208120068351087 0.07947440503608699 1.010348264848653
-0.8959251958395653 0.08536119393846164 1.0084896226521267
-0.8710383848440219 0.09124798284083635 1.0066309804556002
-0.8461515738484783 0.09713477174321106 1.0047723382590736
-0.8212647628529348 0.10302156064558576 1.0029136960625473
-0.7963779518573914 0.10890834954796044 1.0010550538660208
-0.7714911408618479 0.11479513845033512 0.9991964116694944
-0.7466043298663044 0.12068192735270983 0.9973377694729679
-0.721717518870761 0.12656871625508453 0.9954791272764414
-0.6968307078752174 0.1324555051574592 0.993620485079915
-0.6719438968796739 0.13834229405983392 0.9917618428833885
-0.6470570858841306 0.1442290829622086 0.989903200686862
-0.6221702748885869 0.15011587186458333 0.9880445584903356
-0.5972834638930435 0.156002660766958 0.9861859162938091
-0.5723966528975001 0.1618894496693327 0.9843272740972826
-0.5475098419019565 0.1677762385717074 0.9824686319007562
-0.5226230309064132 0.17366302747408208 0.9806099897042297
-0.4977362199108695 0.1795498163764568 0.9787513475077032
-0.4728494089153262 0.1854366052788315 0.9768927053111768
-0.44796259791978266 0.19132339418120617 0.9750340631146504
-0.42307578692423914 0.19721018308358088 0.9731754209181239
-0.3981889759286957 0.20309697198595558 0.9713167787215974
-0.37330216493315216 0.2089837608883303 0.969458136525071
-0.34841535393760875 0.21487054979070497 0.9675994943285445
-0.3235285429420653 0.22075733869307965 0.965740852132018
-0.29864173194652177 0.22664412759545435 0.9638822099354916
-0.27375492095097825 0.23253091649782906 0.9620235677389651
-0.24886810995543476 0.23841770540020374 0.9601649255424386
-0.22398129895989138 0.24430449430257842 0.9583062833459122
-0.1990944879643479 0.25019128320495315 0.9564476411493857
-0.17420767696880438 0.2560780721073278 0.9545889989528593
-0.14932086597326089 0.2619648610097025 0.9527303567563328
-0.12443405497771738 0.2678516499120772 0.9508717145598063
-0.09954724398217399 0.2737384388144519 0.9490130723632799
-0.0746604329866305 0.2796252277168266 0.9471544301667534
-0.049773621991086994 0.2855120166192013 0.945295787970227
-0.024886810995543497 0.291398805521576 0.9434371457737005
0.0 0.2972855944239507 0.941578503577174
-0.9705856288261957 0.07402605264461311 1.034099134424199
-0.9456988178306522 0.07991284154698781 1.0322404922276724
-0.9208120068351087 0.08579963044936252 1.0303818500311461
-0.8959251958395653 0.09168641935173717 1.0285232078346196
-0.8710383848440219 0.09757320825411188 1.0266645656380933
-0.8461515738484783 0.10345999715648659 1.0248059234415667
-0.8212647628529348 0.10934678605886129 1.0229472812450402
-0.7963779518573914 0.11523357496123597 1.0210886390485139
-0.7714911408618479 0.12112036386361065 1.0192299968519873
-0.7466043298663044 0.12700715276598537 1.0173713546554608
-0.721717518870761 0.13289394166836008 1.0155127124589345
-0.6968307078752174 0.13878073057073476 1.013654070262408
-0.6719438968796739 0.14466751947310946 1.0117954280658814
-0.6470570858841306 0.15055430837548414 1.009936785869355
-0.6221702748885869 0.15644109727785888 1.0080781436728286
-0.5972834638930435 0.16232788618023355 1.006219501476302
-0.5723966528975001 0.16821467508260823 1.0043608592797757
-0.5475098419019565 0.17410146398498294 1.0025022170832492
-0.5226230309064132 0.17998825288735762 1.0006435748867226
-0.4977362199108695 0.18587504178973233 0.9987849326901962
-0.4728494089153262 0.191761830692107 0.9969262904936698
-0.44796259791978266 0.1976486195944817 0.9950676482971433
-0.42307578692423914 0.20353540849685642 0.9932090061006169
-0.3981889759286957 0.2094221973992311 0.9913503639040904
-0.37330216493315216 0.2153089863016058 0.9894917217075639
-0.34841535393760875 0.22119577520398048 0.9876330795110375
-0.3235285429420653 0.2270825641063552 0.985774437314511
-0.29864173194652177 0.2329693530087299 0.9839157951179845
-0.27375492095097825 0.23885614191110457 0.9820571529214581
-0.24886810995543476 0.24474293081347928 0.9801985107249316
-0.22398129895989138 0.25062971971585396 0.9783398685284052
-0.1990944879643479 0.25651650861822867 0.9764812263318787
-0.17420767696880438 0.2624032975206034 0.9746225841353523
-0.14932086597326089 0.2682900864229781 0.9727639419388258
-0.12443405497771738 0.27417687532535273 0.9709052997422993
-0.09954724398217399 0.28006366422772744 0.9690466575457729
-0.0746604329866305 0.28595045313010214 0.9671880153492464
-0.049773621991086994 0.29183724203247685 0.9653293731527199
-0.024886810995543497 0.2977240309348515 0.9634707309561935
0.0 0.3036108198372262 0.961612088759667
-0.9705856288261957 0.0803512780578887 1.0541327196066923
-0.9456988178306522 0.08623806696026341 1.0522740774101658
-0.9208120068351087 0.09212485586263812 1.0504154352136392
-0.8959251958395653 0.09801164476501277 1.048556793017113
-0.8710383848440219 0.10389843366738748 1.0466981508205864
-0.8461515738484783 0.10978522256976218 1.0448395086240598
-0.8212647628529348 0.11567201147213689 1.0429808664275335
-0.7963779518573914 0.12155880037451157 1.041122224231007
-0.7714911408618479 0.12744558927688623 1.0392635820344804
-0.7466043298663044 0.13333237817926094 1.0374049398379541
-0.721717518870761 0.13921916708163565 1.0355462976414276
-0.6968307078752174 0.14510595598401033 1.033687655444901
-0.6719438968796739 0.15099274488638503 1.0318290132483747
-0.6470570858841306 0.1568795337887597 1.0299703710518482
-0.6221702748885869 0.16276632269113445 1.0281117288553216
-0.5972834638930435 0.16865311159350913 1.0262530866587953
-0.5723966528975001 0.1745399004958838 1.0243944444622688
-0.5475098419019565 0.1804266893982585 1.0225358022657425
-0.5226230309064132 0.1863134783006332 1.020677160069216
-0.4977362199108695 0.19220026720300792 1.0188185178726894
-0.4728494089153262 0.1980870561053826 1.016959875676163
-0.44796259791978266 0.20397384500775728 1.0151012334796365
-0.42307578692423914 0.209860633910132 1.01324259128311
-0.3981889759286957 0.2157474228125067 1.0113839490865837
-0.37330216493315216 0.2216342117148814 1.0095253068900572
-0.34841535393760875 0.22752100061725608 1.0076666646935306
-0.3235285429420653 0.23340778951963076 1.0058080224970043
-0.29864173194652177 0.23929457842200547 1.0039493803004778
-0.27375492095097825 0.24518136732438017 1.0020907381039512
-0.24886810995543476 0.2510681562267549 1.000232095907425
-0.22398129895989138 0.25695494512912953 0.9983734537108984
-0.1990944879643479 0.26284173403150424 0.9965148115143719
-0.17420767696880438 0.26872852293387894 0.9946561693178455
-0.14932086597326089 0.27461531183625365 0.992797527121319
-0.12443405497771738 0.28050210073862836 0.9909388849247925
-0.09954724398217399 0.286388889641003 0.9890802427282661
-0.0746604329866305 0.2922756785433777 0.9872216005317396
-0.049773621991086994 0.2981624674457524 0.9853629583352131
-0.024886810995543497 0.30404925634812713 0.9835043161386867
0.0 0.30993604525050183 0.9816456739421602
-0.9705856288261957 0.08667650347116422 1.0741663047891852
-0.9456988178306522 0.09256329237353893 1.0723076625926586
-0.9208120068351087 0.09845008127591363 1.0704490203961323
-0.8959251958395653 0.10433687017828829 1.0685903781996058
-0.8710383848440219 0.11022365908066299 1.0667317360030795
-0.8461515738484783 0.1161104479830377 1.064873093806553
-0.8212647628529348 0.1219972368854124 1.0630144516100264
-0.7963779518573914 0.1278840257877871 1.0611558094135
-0.7714911408618479 0.13377081469016178 1.0592971672169735
-0.7466043298663044 0.13965760359253648 1.057438525020447
-0.721717518870761 0.1455443924949112 1.0555798828239207
-0.6968307078752174 0.15143118139728587 1.0537212406273941
-0.6719438968796739 0.15731797029966058 1.0518625984308676
-0.6470570858841306 0.16320475920203525 1.0500039562343413
-0.6221702748885869 0.16909154810441 1.0481453140378147
-0.5972834638930435 0.17497833700678467 1.0462866718412882
-0.5723966528975001 0.18086512590915935 1.044428029644762
-0.5475098419019565 0.18675191481153405 1.0425693874482354
-0.5226230309064132 0.19263870371390873 1.0407107452517088
-0.4977362199108695 0.19852549261628344 1.0388521030551825
-0.4728494089153262 0.20441228151865812 1.036993460858656
-0.44796259791978266 0.21029907042103282 1.0351348186621294
-0.42307578692423914 0.21618585932340753 1.033276176465603
-0.3981889759286957 0.2220726482257822 1.0314175342690766
-0.37330216493315216 0.22795943712815692 1.02955889207255
-0.34841535393760875 0.2338462260305316 1.0277002498760237
-0.3235285429420653 0.2397330149329063 1.0258416076794972
-0.29864173194652177 0.245619803835281 1.0239829654829709
-0.27375492095097825 0.2515065927376557 1.0221243232864443
-0.24886810995543476 0.2573933816400304 1.0202656810899178
-0.22398129895989138 0.26328017054240505 1.0184070388933915
-0.1990944879643479 0.26916695944477975 1.016548396696865
-0.17420767696880438 0.27505374834715446 1.0146897545003384
-0.14932086597326089 0.28094053724952917 1.012831112303812
-0.12443405497771738 0.28682732615190387 1.0109724701072855
-0.09954724398217399 0.2927141150542785 1.009113827910759
-0.0746604329866305 0.29860090395665323 1.0072551857142327
-0.049773621991086994 0.30448769285902794 1.0053965435177061
-0.024886810995543497 0.31037448176140264 1.0035379013211796
0.0 0.31626127066377735 1.0016792591246533
-0.9705856288261957 0.09300172888443982 1.0941998899716785
-0.9456988178306522 0.09888851778681453 1.092341247775152
-0.9208120068351087 0.10477530668918923 1.0904826055786254
-0.8959251958395653 0.11066209559156388 1.088623963382099
-0.8710383848440219 0.11654888449393859 1.0867653211855726
-0.8461515738484783 0.1224356733963133 1.084906678989046
-0.8212647628529348 0.128322462298688 1.0830480367925197
-0.7963779518573914 0.13420925120106267 1.0811893945959932
-0.7714911408618479 0.14009604010343735 1.0793307523994666
-0.7466043298663044 0.14598282900581205 1.0774721102029403
-0.721717518870761 0.15186961790818676 1.0756134680064138
-0.6968307078752174 0.15775640681056144 1.0737548258098872
-0.6719438968796739 0.16364319571293615 1.071896183613361
-0.6470570858841306 0.16952998461531082 1.0700375414168344
-0.6221702748885869 0.17541677351768556 1.0681788992203078
-0.5972834638930435 0.18130356242006024 1.0663202570237815
-0.5723966528975001 0.18719035132243492 1.064461614827255
-0.5475098419019565 0.19307714022480962 1.0626029726307287
-0.5226230309064132 0.1989639291271843 1.0607443304342021
-0.4977362199108695 0.20485071802955904 1.0588856882376756
-0.4728494089153262 0.21073750693193372 1.0570270460411493
-0.44796259791978266 0.2166242958343084 1.0551684038446227
-0.42307578692423914 0.2225110847366831 1.0533097616480962
-0.3981889759286957 0.2283978736390578 1.0514511194515699
-0.37330216493315216 0.23428466254143251 1.0495924772550433
-0.34841535393760875 0.2401714514438072 1.0477338350585168
-0.3235285429420653 0.24605824034618187 1.0458751928619905
-0.29864173194652177 0.2519450292485566 1.044016550665464
-0.27375492095097825 0.25783181815093126 1.0421579084689374
-0.24886810995543476 0.26371860705330596 1.040299266272411
-0.22398129895989138 0.26960539595568067 1.0384406240758846
-0.1990944879643479 0.2754921848580554 1.036581981879358
-0.17420767696880438 0.2813789737604301 1.0347233396828317
-0.14932086597326089 0.28726576266280474 1.0328646974863052
-0.12443405497771738 0.29315255156517944 1.0310060552897786
-0.09954724398217399 0.29903934046755415 1.0291474130932523
-0.0746604329866305 0.30492612936992886 1.0272887708967258
-0.049773621991086994 0.3108129182723035 1.0254301287001995
-0.024886810995543497 0.3166997071746782 1.023571486503673
0.0 0.3225864960770529 1.0217128443071464
-0.9705856288261957 0.09932695429771533 1.1142334751541714
-0.9456988178306522 0.10521374320009004 1.1123748329576448
-0.9208120068351087 0.11110053210246475 1.1105161907611185
-0.8959251958395653 0.1169873210048394 1.108657548564592
-0.8710383848440219 0.1228741099072141 1.1067989063680657
-0.8461515738484783 0.12876089880958883 1.1049402641715391
-0.8212647628529348 0.13464768771196353 1.1030816219750126
-0.7963779518573914 0.1405344766143382 1.1012229797784863
-0.7714911408618479 0.1464212655167129 1.0993643375819597
-0.7466043298663044 0.1523080544190876 1.0975056953854332
-0.721717518870761 0.1581948433214623 1.0956470531889069
-0.6968307078752174 0.16408163222383698 1.0937884109923803
-0.6719438968796739 0.1699684211262117 1.0919297687958538
-0.6470570858841306 0.17585521002858637 1.0900711265993275
-0.6221702748885869 0.1817419989309611 1.088212484402801
-0.5972834638930435 0.18762878783333578 1.0863538422062744
-0.5723966528975001 0.19351557673571046 1.084495200009748
-0.5475098419019565 0.19940236563808517 1.0826365578132215
-0.5226230309064132 0.20528915454045985 1.080777915616695
-0.4977362199108695 0.21117594344283455 1.0789192734201687
-0.4728494089153262 0.21706273234520923 1.0770606312236422
-0.44796259791978266 0.22294952124758394 1.0752019890271156
-0.42307578692423914 0.22883631014995864 1.0733433468305893
-0.3981889759286957 0.23472309905233332 1.0714847046340628
-0.37330216493315216 0.24060988795470803 1.0696260624375364
-0.34841535393760875 0.2464966768570827 1.06776742024101
-0.3235285429420653 0.2523834657594574 1.0659087780444834
-0.29864173194652177 0.2582702546618321 1.064050135847957
-0.27375492095097825 0.26415704356420683 1.0621914936514305
-0.24886810995543476 0.2700438324665815 1.060332851454904
-0.22398129895989138 0.2759306213689562 1.0584742092583777
-0.1990944879643479 0.2818174102713309 1.0566155670618511
-0.17420767696880438 0.2877041991737056 1.0547569248653246
-0.14932086597326089 0.2935909880760803 1.0528982826687983
-0.12443405497771738 0.29947777697845496 1.0510396404722717
-0.09954724398217399 0.30536456588082966 1.0491809982757452
-0.0746604329866305 0.31125135478320437 1.0473223560792189
-0.049773621991086994 0.3171381436855791 1.0454637138826923
-0.024886810995543497 0.32302493258795373 1.0436050716861658
0.0 0.32891172149032843 1.0417464294896395
-0.9705856288261957 0.10565217971099086 1.1342670603366645
-0.9456988178306522 0.11153896861336557 1.132408418140138
-0.9208120068351087 0.11742575751574028 1.1305497759436114
-0.8959251958395653 0.12331254641811493 1.128691133747085
-0.8710383848440219 0.12919933532048963 1.1268324915505585
-0.8461515738484783 0.13508612422286434 1.124973849354032
-0.8212647628529348 0.14097291312523905 1.1231152071575057
-0.7963779518573914 0.14685970202761373 1.1212565649609791
-0.7714911408618479 0.1527464909299884 1.1193979227644528
-0.7466043298663044 0.1586332798323631 1.1175392805679263
-0.721717518870761 0.16452006873473782 1.1156806383713997
-0.6968307078752174 0.1704068576371125 1.1138219961748734
-0.6719438968796739 0.1762936465394872 1.111963353978347
-0.6470570858841306 0.18218043544186188 1.1101047117818204
-0.6221702748885869 0.18806722434423662 1.108246069585294
-0.5972834638930435 0.1939540132466113 1.1063874273887675
-0.5723966528975001 0.19984080214898597 1.104528785192241
-0.5475098419019565 0.20572759105136068 1.1026701429957146
-0.5226230309064132 0.21161437995373536 1.100811500799188
-0.4977362199108695 0.2175011688561101 1.0989528586026616
-0.4728494089153262 0.22338795775848477 1.0970942164061352
-0.44796259791978266 0.22927474666085945 1.0952355742096087
-0.42307578692423914 0.23516153556323416 1.0933769320130822
-0.3981889759286957 0.24104832446560887 1.0915182898165559
-0.37330216493315216 0.24693511336798357 1.0896596476200293
-0.34841535393760875 0.2528219022703582 1.0878010054235028
-0.3235285429420653 0.25870869117273293 1.0859423632269765
-0.29864173194652177 0.26459548007510764 1.08408372103045
-0.27375492095097825 0.27048226897748234 1.0822250788339234
-0.24886810995543476 0.27636905787985705 1.080366436637397
-0.22398129895989138 0.2822558467822317 1.0785077944408705
-0.1990944879643479 0.2881426356846064 1.0766491522443442
-0.17420767696880438 0.2940294245869811 1.0747905100478177
-0.14932086597326089 0.2999162134893558 1.0729318678512911
-0.12443405497771738 0.3058030023917305 1.0710732256547648
-0.09954724398217399 0.3116897912941052 1.0692145834582383
-0.0746604329866305 0.3175765801964799 1.0673559412617117
-0.049773621991086994 0.3234633690988546 1.0654972990651854
-0.024886810995543497 0.3293501580012293 1.0636386568686589
0.0 0.335236946903604 1.0617800146721323
-0.9705856288261957 0.11197740512426646 1.1543006455191576
-0.9456988178306522 0.11786419402664117 1.1524420033226312
-0.9208120068351087 0.12375098292901587 1.1505833611261047
-0.8959251958395653 0.12963777183139052 1.1487247189295782
-0.8710383848440219 0.13552456073376523 1.1468660767330519
-0.8461515738484783 0.14141134963613994 1.1450074345365253
-0.8212647628529348 0.14729813853851464 1.1431487923399988
-0.7963779518573914 0.15318492744088932 1.1412901501434725
-0.7714911408618479 0.159071716343264 1.139431507946946
-0.7466043298663044 0.1649585052456387 1.1375728657504194
-0.721717518870761 0.17084529414801342 1.135714223553893
-0.6968307078752174 0.1767320830503881 1.1338555813573665
-0.6719438968796739 0.1826188719527628 1.13199693916084
-0.6470570858841306 0.18850566085513748 1.1301382969643137
-0.6221702748885869 0.19439244975751221 1.1282796547677871
-0.5972834638930435 0.2002792386598869 1.1264210125712606
-0.5723966528975001 0.20616602756226157 1.1245623703747343
-0.5475098419019565 0.21205281646463628 1.1227037281782077
-0.5226230309064132 0.21793960536701096 1.1208450859816812
-0.4977362199108695 0.22382639426938566 1.1189864437851549
-0.4728494089153262 0.22971318317176034 1.1171278015886283
-0.44796259791978266 0.23559997207413505 1.115269159392102
-0.42307578692423914 0.24148676097650976 1.1134105171955755
-0.3981889759286957 0.24737354987888444 1.111551874999049
-0.37330216493315216 0.25326033878125914 1.1096932328025226
-0.34841535393760875 0.25914712768363385 1.107834590605996
-0.3235285429420653 0.2650339165860085 1.1059759484094696
-0.29864173194652177 0.2709207054883832 1.1041173062129432
-0.27375492095097825 0.2768074943907579 1.1022586640164167
-0.24886810995543476 0.2826942832931326 1.1004000218198902
-0.22398129895989138 0.2885810721955073 1.0985413796233638
-0.1990944879643479 0.294467861097882 1.0966827374268373
-0.17420767696880438 0.3003546500002567 1.0948240952303108
-0.14932086597326089 0.3062414389026314 1.0929654530337845
-0.12443405497771738 0.3121282278050061 1.091106810837258
-0.09954724398217399 0.31801501670738075 1.0892481686407314
-0.0746604329866305 0.32390180560975546 1.087389526444205
-0.049773621991086994 0.32978859451213016 1.0855308842476785
-0.024886810995543497 0.33567538341450487 1.083672242051152
0.0 0.3415621723168796 1.0818135998546257
-0.9705856288261957 0.11830263053754198 1.1743342307016507
-0.9456988178306522 0.12418941943991668 1.1724755885051241
-0.9208120068351087 0.1300762083422914 1.1706169463085976
-0.8959251958395653 0.13596299724466604 1.1687583041120713
-0.8710383848440219 0.14184978614704075 1.1668996619155447
-0.8461515738484783 0.14773657504941545 1.1650410197190182
-0.8212647628529348 0.15362336395179016 1.1631823775224919
-0.7963779518573914 0.15951015285416484 1.1613237353259653
-0.7714911408618479 0.16539694175653952 1.159465093129439
-0.7466043298663044 0.17128373065891422 1.1576064509329125
-0.721717518870761 0.17717051956128893 1.155747808736386
-0.6968307078752174 0.1830573084636636 1.1538891665398596
-0.6719438968796739 0.18894409736603832 1.152030524343333
-0.6470570858841306 0.194830886268413 1.1501718821468065
-0.6221702748885869 0.20071767517078773 1.1483132399502802
-0.5972834638930435 0.2066044640731624 1.1464545977537537
-0.5723966528975001 0.2124912529755371 1.1445959555572272
-0.5475098419019565 0.2183780418779118 1.1427373133607008
-0.5226230309064132 0.22426483078028647 1.1408786711641743
-0.4977362199108695 0.2301516196826612 1.1390200289676478
-0.4728494089153262 0.23603840858503589 1.1371613867711214
-0.44796259791978266 0.24192519748741056 1.135302744574595
-0.42307578692423914 0.24781198638978527 1.1334441023780684
-0.3981889759286957 0.25369877529215995 1.131585460181542
-0.37330216493315216 0.25958556419453466 1.1297268179850155
-0.34841535393760875 0.26547235309690936 1.127868175788489
-0.3235285429420653 0.27135914199928407 1.1260095335919627
-0.29864173194652177 0.2772459309016588 1.1241508913954361
-0.27375492095097825 0.28313271980403343 1.1222922491989096
-0.24886810995543476 0.28901950870640813 1.1204336070023833
-0.22398129895989138 0.29490629760878284 1.1185749648058567
-0.1990944879643479 0.30079308651115755 1.1167163226093304
-0.17420767696880438 0.3066798754135322 1.1148576804128039
-0.14932086597326089 0.3125666643159069 1.1129990382162773
-0.12443405497771738 0.3184534532182816 1.111140396019751
-0.09954724398217399 0.3243402421206563 1.1092817538232245
-0.0746604329866305 0.33022703102303097 1.107423111626698
-0.049773621991086994 0.3361138199254057 1.1055644694301716
-0.024886810995543497 0.3420006088277804 1.103705827233645
0.0 0.3478873977301551 1.1018471850371185
-0.9705856288261957 0.1246278559508175 1.1943678158841435
-0.9456988178306522 0.1305146448531922 1.1925091736876172
-0.9208120068351087 0.1364014337555669 1.1906505314910907
-0.8959251958395653 0.14228822265794155 1.1887918892945641
-0.8710383848440219 0.14817501156031626 1.1869332470980378
-0.8461515738484783 0.15406180046269097 1.1850746049015113
-0.8212647628529348 0.15994858936506567 1.1832159627049847
-0.7963779518573914 0.16583537826744035 1.1813573205084584
-0.7714911408618479 0.17172216716981503 1.179498678311932
-0.7466043298663044 0.17760895607218974 1.1776400361154054
-0.721717518870761 0.18349574497456445 1.175781393918879
-0.6968307078752174 0.18938253387693912 1.1739227517223525
-0.6719438968796739 0.19526932277931383 1.172064109525826
-0.6470570858841306 0.2011561116816885 1.1702054673292996
-0.6221702748885869 0.20704290058406324 1.168346825132773
-0.5972834638930435 0.21292968948643792 1.1664881829362466
-0.5723966528975001 0.2188164783888126 1.1646295407397202
-0.5475098419019565 0.2247032672911873 1.1627708985431937
-0.5226230309064132 0.230590056193562 1.1609122563466674
-0.4977362199108695 0.23647684509593672 1.1590536141501409
-0.4728494089153262 0.2423636339983114 1.1571949719536143
-0.44796259791978266 0.24825042290068608 1.155336329757088
-0.42307578692423914 0.2541372118030608 1.1534776875605615
-0.3981889759286957 0.26002400070543547 1.151619045364035
-0.37330216493315216 0.26591078960781017 1.1497604031675086
-0.34841535393760875 0.2717975785101849 1.147901760970982
-0.3235285429420653 0.2776843674125596 1.1460431187744555
-0.29864173194652177 0.2835711563149343 1.1441844765779292
-0.27375492095097825 0.28945794521730894 1.1423258343814027
-0.24886810995543476 0.29534473411968365 1.1404671921848761
-0.22398129895989138 0.30123152302205836 1.1386085499883498
-0.1990944879643479 0.30711831192443306 1.1367499077918233
-0.17420767696880438 0.31300510082680777 1.1348912655952967
-0.14932086597326089 0.3188918897291824 1.1330326233987704
-0.12443405497771738 0.3247786786315571 1.1311739812022439
-0.09954724398217399 0.33066546753393183 1.1293153390057173
-0.0746604329866305 0.33655225643630654 1.127456696809191
-0.049773621991086994 0.3424390453386812 1.1255980546126645
-0.024886810995543497 0.3483258342410559 1.123739412416138
0.0 0.3542126231434306 1.1218807702196116
-0.9705856288261957 0.1309530813640931 1.2144014010666369
-0.9456988178306522 0.1368398702664678 1.2125427588701103
-0.9208120068351087 0.1427266591688425 1.2106841166735838
-0.8959251958395653 0.14861344807121715 1.2088254744770575
-0.8710383848440219 0.15450023697359186 1.206966832280531
-0.8461515738484783 0.16038702587596657 1.2051081900840044
-0.8212647628529348 0.16627381477834127 1.203249547887478
-0.7963779518573914 0.17216060368071595 1.2013909056909515
-0.7714911408618479 0.17804739258309063 1.1995322634944252
-0.7466043298663044 0.18393418148546534 1.1976736212978987
-0.721717518870761 0.18982097038784004 1.1958149791013721
-0.6968307078752174 0.19570775929021472 1.1939563369048458
-0.6719438968796739 0.20159454819258943 1.1920976947083193
-0.6470570858841306 0.2074813370949641 1.1902390525117927
-0.6221702748885869 0.21336812599733884 1.1883804103152664
-0.5972834638930435 0.21925491489971352 1.1865217681187399
-0.5723966528975001 0.2251417038020882 1.1846631259222133
-0.5475098419019565 0.2310284927044629 1.182804483725687
-0.5226230309064132 0.23691528160683759 1.1809458415291605
-0.4977362199108695 0.24280207050921232 1.179087199332634
-0.4728494089153262 0.248688859411587 1.1772285571361076
-0.44796259791978266 0.2545756483139617 1.175369914939581
-0.42307578692423914 0.2604624372163364 1.1735112727430546
-0.3981889759286957 0.2663492261187111 1.1716526305465282
-0.37330216493315216 0.2722360150210858 1.1697939883500017
-0.34841535393760875 0.27812280392346045 1.1679353461534752
-0.3235285429420653 0.28400959282583516 1.1660767039569488
-0.29864173194652177 0.28989638172820986 1.1642180617604223
-0.27375492095097825 0.29578317063058457 1.1623594195638958
-0.24886810995543476 0.3016699595329593 1.1605007773673695
-0.22398129895989138 0.3075567484353339 1.158642135170843
-0.1990944879643479 0.31344353733770863 1.1567834929743166
-0.17420767696880438 0.31933032624008334 1.15492485077779
-0.14932086597326089 0.32521711514245805 1.1530662085812635
-0.12443405497771738 0.33110390404483275 1.1512075663847372
-0.09954724398217399 0.3369906929472074 1.1493489241882107
-0.0746604329866305 0.3428774818495821 1.1474902819916841
-0.049773621991086994 0.3487642707519568 1.1456316397951578
-0.024886810995543497 0.3546510596543315 1.1437729975986313
0.0 0.36053784855670623 1.1419143554021047
-0.9705856288261957 0.13727830677736863 1.2344349862491297
-0.9456988178306522 0.14316509567974334 1.2325763440526034
-0.9208120068351087 0.14905188458211804 1.2307177018560769
-0.8959251958395653 0.1549386734844927 1.2288590596595503
-0.8710383848440219 0.1608254623868674 1.227000417463024
-0.8461515738484783 0.1667122512892421 1.2251417752664975
-0.8212647628529348 0.17259904019161681 1.223283133069971
-0.7963779518573914 0.1784858290939915 1.2214244908734446
-0.7714911408618479 0.18437261799636617 1.219565848676918
-0.7466043298663044 0.19025940689874088 1.2177072064803915
-0.721717518870761 0.19614619580111559 1.2158485642838652
-0.6968307078752174 0.20203298470349026 1.2139899220873387
-0.6719438968796739 0.20791977360586497 1.2121312798908122
-0.6470570858841306 0.21380656250823965 1.2102726376942858
-0.6221702748885869 0.21969335141061438 1.2084139954977593
-0.5972834638930435 0.22558014031298906 1.2065553533012328
-0.5723966528975001 0.23146692921536374 1.2046967111047064
-0.5475098419019565 0.23735371811773845 1.20283806890818
-0.5226230309064132 0.24324050702011313 1.2009794267116536
-0.4977362199108695 0.24912729592248783 1.199120784515127
-0.4728494089153262 0.25501408482486254 1.1972621423186005
-0.44796259791978266 0.2609008737272372 1.1954035001220742
-0.42307578692423914 0.2667876626296119 1.1935448579255477
-0.3981889759286957 0.2726744515319866 1.1916862157290211
-0.37330216493315216 0.2785612404343613 1.1898275735324948
-0.34841535393760875 0.284448029336736 1.1879689313359683
-0.3235285429420653 0.29033481823911067 1.1861102891394417
-0.29864173194652177 0.2962216071414854 1.1842516469429154
-0.27375492095097825 0.3021083960438601 1.1823930047463889
-0.24886810995543476 0.3079951849462348 1.1805343625498623
-0.22398129895989138 0.31388197384860944 1.178675720353336
-0.1990944879643479 0.31976876275098415 1.1768170781568095
-0.17420767696880438 0.32565555165335885 1.174958435960283
-0.14932086597326089 0.33154234055573356 1.1730997937637566
-0.12443405497771738 0.33742912945810827 1.17124115156723
-0.09954724398217399 0.3433159183604829 1.1693825093707035
-0.0746604329866305 0.3492027072628576 1.1675238671741772
-0.049773621991086994 0.35508949616523233 1.1656652249776507
-0.024886810995543497 0.36097628506760704 1.1638065827811241
0.0 0.36686307396998175 1.1619479405845978
-0.9705856288261957 0.14360353219064415 1.2544685714316228
-0.9456988178306522 0.14949032109301885 1.2526099292350963
-0.9208120068351087 0.15537710999539356 1.2507512870385697
-0.8959251958395653 0.1612638988977682 1.2488926448420434
-0.8710383848440219 0.16715068780014292 1.247034002645517
-0.8461515738484783 0.17303747670251762 1.2451753604489906
-0.8212647628529348 0.17892426560489233 1.243316718252464
-0.7963779518573914 0.184811054507267 1.2414580760559375
-0.7714911408618479 0.1906978434096417 1.2395994338594112
-0.7466043298663044 0.1965846323120164 1.2377407916628846
-0.721717518870761 0.2024714212143911 1.235882149466358
-0.6968307078752174 0.20835821011676578 1.2340235072698318
-0.6719438968796739 0.2142449990191405 1.2321648650733052
-0.6470570858841306 0.22013178792151517 1.2303062228767787
-0.6221702748885869 0.2260185768238899 1.2284475806802524
-0.5972834638930435 0.23190536572626458 1.2265889384837259
-0.5723966528975001 0.23779215462863926 1.2247302962871993
-0.5475098419019565 0.24367894353101396 1.222871654090673
-0.5226230309064132 0.24956573243338864 1.2210130118941465
-0.4977362199108695 0.25545252133576335 1.21915436969762
-0.4728494089153262 0.26133931023813806 1.2172957275010936
-0.44796259791978266 0.2672260991405127 1.215437085304567
-0.42307578692423914 0.2731128880428874 1.2135784431080405
-0.3981889759286957 0.2789996769452621 1.2117198009115142
-0.37330216493315216 0.2848864658476368 1.2098611587149877
-0.34841535393760875 0.29077325475001153 1.2080025165184614
-0.3235285429420653 0.2966600436523862 1.2061438743219348
-0.29864173194652177 0.3025468325547609 1.2042852321254083
-0.27375492095097825 0.3084336214571356 1.202426589928882
-0.24886810995543476 0.3143204103595103 1.2005679477323554
-0.22398129895989138 0.320207199261885 1.1987093055358289
-0.1990944879643479 0.32609398816425966 1.1968506633393026
-0.17420767696880438 0.33198077706663437 1.194992021142776
-0.14932086597326089 0.3378675659690091 1.1931333789462495
-0.12443405497771738 0.3437543548713838 1.1912747367497232
-0.09954724398217399 0.34964114377375843 1.1894160945531966
-0.0746604329866305 0.35552793267613314 1.18755745235667
-0.049773621991086994 0.36141472157850785 1.1856988101601438
-0.024886810995543497 0.36730151048088255 1.1838401679636172
0.0 0.37318829938325726 1.1819815257670907
-0.9705856288261957 0.14992875760391974 1.274502156614116
-0.9456988178306522 0.15581554650629445 1.2726435144175896
-0.9208120068351087 0.16170233540866916 1.270784872221063
-0.8959251958395653 0.1675891243110438 1.2689262300245365
-0.8710383848440219 0.17347591321341851 1.2670675878280102
-0.8461515738484783 0.17936270211579322 1.2652089456314837
-0.8212647628529348 0.18524949101816793 1.2633503034349571
-0.7963779518573914 0.1911362799205426 1.2614916612384308
-0.7714911408618479 0.19702306882291729 1.2596330190419043
-0.7466043298663044 0.202909857725292 1.2577743768453777
-0.721717518870761 0.2087966466276667 1.2559157346488514
-0.6968307078752174 0.21468343553004138 1.2540570924523249
-0.6719438968796739 0.22057022443241608 1.2521984502557983
-0.6470570858841306 0.22645701333479076 1.250339808059272
-0.6221702748885869 0.2323438022371655 1.2484811658627455
-0.5972834638930435 0.23823059113954018 1.2466225236662192
-0.5723966528975001 0.24411738004191486 1.2447638814696926
-0.5475098419019565 0.25000416894428956 1.242905239273166
-0.5226230309064132 0.2558909578466642 1.2410465970766398
-0.4977362199108695 0.261777746749039 1.2391879548801132
-0.4728494089153262 0.2676645356514136 1.2373293126835867
-0.44796259791978266 0.27355132455378833 1.2354706704870604
-0.42307578692423914 0.27943811345616304 1.2336120282905338
-0.3981889759286957 0.28532490235853775 1.2317533860940073
-0.37330216493315216 0.29121169126091245 1.229894743897481
-0.34841535393760875 0.2970984801632871 1.2280361017009545
-0.3235285429420653 0.3029852690656618 1.226177459504428
-0.29864173194652177 0.3088720579680365 1.2243188173079016
-0.27375492095097825 0.3147588468704112 1.222460175111375
-0.24886810995543476 0.3206456357727859 1.2206015329148485
-0.22398129895989138 0.3265324246751606 1.2187428907183222
-0.1990944879643479 0.3324192135775353 1.2168842485217957
-0.17420767696880438 0.33830600247991 1.2150256063252691
-0.14932086597326089 0.3441927913822847 1.2131669641287428
-0.12443405497771738 0.35007958028465935 1.2113083219322163
-0.09954724398217399 0.35596636918703406 1.2094496797356897
-0.0746604329866305 0.36185315808940877 1.2075910375391634
-0.049773621991086994 0.3677399469917835 1.2057323953426369
-0.024886810995543497 0.3736267358941581 1.2038737531461106
0.0 0.37951352479653283 1.202015110949584
-0.9705856288261957 0.15625398301719526 1.294535741796609
-0.9456988178306522 0.16214077191956996 1.2926770996000825
-0.9208120068351087 0.16802756082194467 1.290818457403556
-0.8959251958395653 0.17391434972431932 1.2889598152070296
-0.8710383848440219 0.17980113862669403 1.287101173010503
-0.8461515738484783 0.18568792752906874 1.2852425308139768
-0.8212647628529348 0.19157471643144344 1.2833838886174502
-0.7963779518573914 0.19746150533381812 1.2815252464209237
-0.7714911408618479 0.2033482942361928 1.2796666042243974
-0.7466043298663044 0.2092350831385675 1.2778079620278708
-0.721717518870761 0.2151218720409422 1.2759493198313443
-0.6968307078752174 0.2210086609433169 1.274090677634818
-0.6719438968796739 0.2268954498456916 1.2722320354382914
-0.6470570858841306 0.23278223874806628 1.270373393241765
-0.6221702748885869 0.238669027650441 1.2685147510452386
-0.5972834638930435 0.2445558165528157 1.266656108848712
-0.5723966528975001 0.25044260545519037 1.2647974666521855
-0.5475098419019565 0.2563293943575651 1.2629388244556592
-0.5226230309064132 0.26221618325993973 1.2610801822591327
-0.4977362199108695 0.2681029721623145 1.2592215400626061
-0.4728494089153262 0.27398976106468914 1.2573628978660798
-0.44796259791978266 0.27987654996706385 1.2555042556695533
-0.42307578692423914 0.28576333886943855 1.2536456134730267
-0.3981889759286957 0.29165012777181326 1.2517869712765004
-0.37330216493315216 0.29753691667418797 1.2499283290799739
-0.34841535393760875 0.3034237055765626 1.2480696868834475
-0.3235285429420653 0.3093104944789373 1.246211044686921
-0.29864173194652177 0.31519728338131203 1.2443524024903945
-0.27375492095097825 0.32108407228368674 1.2424937602938682
-0.24886810995543476 0.32697086118606145 1.2406351180973416
-0.22398129895989138 0.3328576500884361 1.238776475900815
-0.1990944879643479 0.3387444389908108 1.2369178337042888
-0.17420767696880438 0.3446312278931855 1.2350591915077622
-0.14932086597326089 0.3505180167955602 1.2332005493112357
-0.12443405497771738 0.3564048056979349 1.2313419071147094
-0.09954724398217399 0.3622915946003096 1.2294832649181828
-0.0746604329866305 0.3681783835026843 1.2276246227216563
-0.049773621991086994 0.374065172405059 1.22576598052513
-0.024886810995543497 0.3799519613074337 1.2239073383286034
0.0 0.38583875020980835 1.222048696132077
-0.9705856288261957 0.16257920843047077 1.314569326979102
-0.9456988178306522 0.16846599733284548 1.3127106847825756
-0.9208120068351087 0.1743527862352202 1.310852042586049
-0.8959251958395653 0.18023957513759484 1.3089934003895225
-0.8710383848440219 0.18612636403996954 1.3071347581929962
-0.8461515738484783 0.19201315294234425 1.3052761159964696
-0.8212647628529348 0.19789994184471896 1.303417473799943
-0.7963779518573914 0.20378673074709364 1.3015588316034168
-0.7714911408618479 0.20967351964946832 1.2997001894068902
-0.7466043298663044 0.21556030855184302 1.2978415472103637
-0.721717518870761 0.22144709745421773 1.2959829050138374
-0.6968307078752174 0.2273338863565924 1.2941242628173109
-0.6719438968796739 0.23322067525896711 1.2922656206207843
-0.6470570858841306 0.2391074641613418 1.290406978424258
-0.6221702748885869 0.24499425306371653 1.2885483362277315
-0.5972834638930435 0.25088104196609123 1.2866896940312051
-0.5723966528975001 0.2567678308684659 1.2848310518346786
-0.5475098419019565 0.2626546197708406 1.282972409638152
-0.5226230309064132 0.2685414086732153 1.2811137674416258
-0.4977362199108695 0.27442819757559 1.2792551252450992
-0.4728494089153262 0.28031498647796466 1.2773964830485727
-0.44796259791978266 0.28620177538033936 1.2755378408520464
-0.42307578692423914 0.29208856428271407 1.2736791986555198
-0.3981889759286957 0.2979753531850888 1.2718205564589933
-0.37330216493315216 0.3038621420874635 1.269961914262467
-0.34841535393760875 0.30974893098983813 1.2681032720659404
-0.3235285429420653 0.31563571989221284 1.2662446298694139
-0.29864173194652177 0.32152250879458755 1.2643859876728876
-0.27375492095097825 0.32740929769696225 1.262527345476361
-0.24886810995543476 0.33329608659933696 1.2606687032798345
-0.22398129895989138 0.3391828755017116 1.2588100610833082
-0.1990944879643479 0.3450696644040863 1.2569514188867816
-0.17420767696880438 0.350956453306461 1.255092776690255
-0.14932086597326089 0.35684324220883573 1.2532341344937288
-0.12443405497771738 0.36273003111121044 1.2513754922972022
-0.09954724398217399 0.3686168200135851 1.249516850100676
-0.0746604329866305 0.3745036089159598 1.2476582079041494
-0.049773621991086994 0.3803903978183345 1.2457995657076228
-0.024886810995543497 0.3862771867207092 1.2439409235110965
0.0 0.3921639756230839 1.24208228131457
-0.9705856288261957 0.16890443384374637 1.3346029121615952
-0.9456988178306522 0.17479122274612108 1.3327442699650687
-0.9208120068351087 0.18067801164849578 1.3308856277685424
-0.8959251958395653 0.18656480055087044 1.3290269855720158
-0.8710383848440219 0.19245158945324514 1.3271683433754893
-0.8461515738484783 0.19833837835561985 1.325309701178963
-0.8212647628529348 0.20422516725799456 1.3234510589824364
-0.7963779518573914 0.21011195616036923 1.3215924167859099
-0.7714911408618479 0.2159987450627439 1.3197337745893836
-0.7466043298663044 0.22188553396511862 1.317875132392857
-0.721717518870761 0.22777232286749333 1.3160164901963305
-0.6968307078752174 0.233659111769868 1.3141578479998042
-0.6719438968796739 0.2395459006722427 1.3122992058032776
-0.6470570858841306 0.2454326895746174 1.310440563606751
-0.6221702748885869 0.2513194784769921 1.3085819214102248
-0.5972834638930435 0.2572062673793668 1.3067232792136982
-0.5723966528975001 0.26309305628174146 1.3048646370171717
-0.5475098419019565 0.26897984518411616 1.3030059948206454
-0.5226230309064132 0.27486663408649087 1.3011473526241188
-0.4977362199108695 0.2807534229888656 1.2992887104275923
-0.4728494089153262 0.2866402118912403 1.297430068231066
-0.44796259791978266 0.29252700079361493 1.2955714260345395
-0.42307578692423914 0.29841378969598964 1.293712783838013
-0.3981889759286957 0.30430057859836435 1.2918541416414866
-0.37330216493315216 0.31018736750073905 1.28999549944496
-0.34841535393760875 0.31607415640311376 1.2881368572484337
-0.3235285429420653 0.3219609453054884 1.2862782150519072
-0.29864173194652177 0.3278477342078631 1.2844195728553807
-0.27375492095097825 0.3337345231102378 1.2825609306588543
-0.24886810995543476 0.33962131201261253 1.2807022884623278
-0.22398129895989138 0.34550810091498724 1.2788436462658013
-0.1990944879643479 0.3513948898173619 1.276985004069275
-0.17420767696880438 0.3572816787197366 1.2751263618727484
-0.14932086597326089 0.3631684676221113 1.2732677196762219
-0.12443405497771738 0.369055256524486 1.2714090774796956
-0.09954724398217399 0.37494204542686066 1.269550435283169
-0.0746604329866305 0.38082883432923537 1.2676917930866425
-0.049773621991086994 0.3867156232316101 1.2658331508901162
-0.024886810995543497 0.3926024121339848 1.2639745086935896
0.0 0.3984892010363595 1.262115866497063
-0.9705856288261957 0.17522965925702189 1.354636497344088
-0.9456988178306522 0.1811164481593966 1.3527778551475618
-0.9208120068351087 0.1870032370617713 1.3509192129510352
-0.8959251958395653 0.19289002596414595 1.3490605707545087
-0.8710383848440219 0.19877681486652066 1.3472019285579824
-0.8461515738484783 0.20466360376889536 1.3453432863614558
-0.8212647628529348 0.21055039267127007 1.3434846441649293
-0.7963779518573914 0.21643718157364475 1.341626001968403
-0.7714911408618479 0.22232397047601943 1.3397673597718764
-0.7466043298663044 0.22821075937839413 1.3379087175753501
-0.721717518870761 0.23409754828076884 1.3360500753788236
-0.6968307078752174 0.23998433718314352 1.334191433182297
-0.6719438968796739 0.24587112608551823 1.3323327909857707
-0.6470570858841306 0.2517579149878929 1.3304741487892442
-0.6221702748885869 0.25764470389026767 1.3286155065927177
-0.5972834638930435 0.2635314927926423 1.3267568643961913
-0.5723966528975001 0.269418281695017 1.3248982221996648
-0.5475098419019565 0.27530507059739173 1.3230395800031383
-0.5226230309064132 0.2811918594997664 1.321180937806612
-0.4977362199108695 0.2870786484021411 1.3193222956100854
-0.4728494089153262 0.2929654373045158 1.3174636534135589
-0.44796259791978266 0.2988522262068905 1.3156050112170325
-0.42307578692423914 0.3047390151092652 1.313746369020506
-0.3981889759286957 0.31062580401163986 1.3118877268239795
-0.37330216493315216 0.31651259291401457 1.3100290846274532
-0.34841535393760875 0.3223993818163893 1.3081704424309266
-0.3235285429420653 0.328286170718764 1.3063118002344
-0.29864173194652177 0.3341729596211387 1.3044531580378738
-0.27375492095097825 0.34005974852351334 1.3025945158413472
-0.24886810995543476 0.34594653742588805 1.3007358736448207
-0.22398129895989138 0.35183332632826275 1.2988772314482944
-0.1990944879643479 0.35772011523063746 1.2970185892517678
-0.17420767696880438 0.36360690413301217 1.2951599470552413
-0.14932086597326089 0.3694936930353868 1.293301304858715
-0.12443405497771738 0.3753804819377615 1.2914426626621884
-0.09954724398217399 0.38126727084013623 1.2895840204656621
-0.0746604329866305 0.38715405974251094 1.2877253782691356
-0.049773621991086994 0.3930408486448856 1.285866736072609
-0.024886810995543497 0.3989276375472603 1.2840080938760827
0.0 0.404814426449635 1.2821494516795562
-0.9705856288261957 0.18155488467029743 1.3746700825265812
-0.9456988178306522 0.18744167357267214 1.3728114403300546
-0.9208120068351087 0.19332846247504684 1.3709527981335283
-0.8959251958395653 0.1992152513774215 1.3690941559370018
-0.8710383848440219 0.2051020402797962 1.3672355137404753
-0.8461515738484783 0.2109888291821709 1.365376871543949
-0.8212647628529348 0.2168756180845456 1.3635182293474224
-0.7963779518573914 0.2227624069869203 1.3616595871508959
-0.7714911408618479 0.22864919588929497 1.3598009449543695
-0.7466043298663044 0.23453598479166968 1.357942302757843
-0.721717518870761 0.24042277369404438 1.3560836605613165
-0.6968307078752174 0.24630956259641906 1.3542250183647901
-0.6719438968796739 0.25219635149879377 1.3523663761682636
-0.6470570858841306 0.2580831404011684 1.350507733971737
-0.6221702748885869 0.2639699293035432 1.3486490917752108
-0.5972834638930435 0.26985671820591783 1.3467904495786842
-0.5723966528975001 0.27574350710829254 1.3449318073821577
-0.5475098419019565 0.28163029601066725 1.3430731651856314
-0.5226230309064132 0.2875170849130419 1.3412145229891048
-0.4977362199108695 0.29340387381541666 1.3393558807925783
-0.4728494089153262 0.2992906627177913 1.337497238596052
-0.44796259791978266 0.305177451620166 1.3356385963995254
-0.42307578692423914 0.3110642405225407 1.333779954202999
-0.3981889759286957 0.31695102942491543 1.3319213120064726
-0.37330216493315216 0.32283781832729014 1.330062669809946
-0.34841535393760875 0.3287246072296648 1.3282040276134197
-0.3235285429420653 0.3346113961320395 1.3263453854168932
-0.29864173194652177 0.3404981850344142 1.3244867432203666
-0.27375492095097825 0.3463849739367889 1.3226281010238403
-0.24886810995543476 0.35227176283916356 1.3207694588273138
-0.22398129895989138 0.35815855174153827 1.3189108166307872
-0.1990944879643479 0.364045340643913 1.317052174434261
-0.17420767696880438 0.3699321295462877 1.3151935322377344
-0.14932086597326089 0.3758189184486624 1.3133348900412078
-0.12443405497771738 0.38170570735103704 1.3114762478446815
-0.09954724398217399 0.38759249625341174 1.309617605648155
-0.0746604329866305 0.39347928515578645 1.3077589634516285
-0.049773621991086994 0.39936607405816116 1.3059003212551021
-0.024886810995543497 0.4052528629605358 1.3040416790585756
0.0 0.4111396518629105 1.302183036862049
-0.9705856288261957 0.187880110083573 1.3947036677090743
-0.9456988178306522 0.1937668989859477 1.392845025512548
-0.9208120068351087 0.1996536878883224 1.3909863833160214
-0.8959251958395653 0.20554047679069706 1.3891277411194949
-0.8710383848440219 0.21142726569307177 1.3872690989229686
-0.8461515738484783 0.21731405459544648 1.385410456726442
-0.8212647628529348 0.22320084349782118 1.3835518145299155
-0.7963779518573914 0.22908763240019586 1.3816931723333892
-0.7714911408618479 0.23497442130257054 1.3798345301368626
-0.7466043298663044 0.24086121020494525 1.3779758879403363
-0.721717518870761 0.24674799910731995 1.3761172457438098
-0.6968307078752174 0.25263478800969463 1.3742586035472832
-0.6719438968796739 0.25852157691206934 1.372399961350757
-0.6470570858841306 0.26440836581444405 1.3705413191542304
-0.6221702748885869 0.27029515471681875 1.3686826769577038
-0.5972834638930435 0.27618194361919346 1.3668240347611775
-0.5723966528975001 0.2820687325215681 1.364965392564651
-0.5475098419019565 0.2879555214239428 1.3631067503681245
-0.5226230309064132 0.2938423103263175 1.3612481081715981
-0.4977362199108695 0.29972909922869223 1.3593894659750716
-0.4728494089153262 0.3056158881310669 1.357530823778545
-0.44796259791978266 0.3115026770334416 1.3556721815820187
-0.42307578692423914 0.3173894659358163 1.3538135393854922
-0.3981889759286957 0.323276254838191 1.3519548971889657
-0.37330216493315216 0.3291630437405657 1.3500962549924393
-0.34841535393760875 0.33504983264294036 1.3482376127959128
-0.3235285429420653 0.34093662154531507 1.3463789705993863
-0.29864173194652177 0.3468234104476898 1.34452032840286
-0.27375492095097825 0.3527101993500645 1.3426616862063334
-0.24886810995543476 0.3585969882524392 1.3408030440098069
-0.22398129895989138 0.36448377715481384 1.3389444018132806
-0.1990944879643479 0.37037056605718854 1.337085759616754
-0.17420767696880438 0.37625735495956325 1.3352271174202277
-0.14932086597326089 0.38214414386193796 1.3333684752237012
-0.12443405497771738 0.38803093276431266 1.3315098330271746
-0.09954724398217399 0.3939177216666873 1.3296511908306483
-0.0746604329866305 0.399804510569062 1.3277925486341218
-0.049773621991086994 0.40569129947143673 1.3259339064375952
-0.024886810995543497 0.41157808837381143 1.324075264241069
0.0 0.41746487727618614 1.3222166220445424
-0.9705856288261957 0.19420533549684854 1.4147372528915674
-0.9456988178306522 0.20009212439922325 1.4128786106950408
-0.9208120068351087 0.20597891330159795 1.4110199684985145
-0.8959251958395653 0.2118657022039726 1.409161326301988
-0.8710383848440219 0.2177524911063473 1.4073026841054614
-0.8461515738484783 0.22363928000872202 1.4054440419089351
-0.8212647628529348 0.22952606891109673 1.4035853997124086
-0.7963779518573914 0.2354128578134714 1.401726757515882
-0.7714911408618479 0.24129964671584608 1.3998681153193557
-0.7466043298663044 0.2471864356182208 1.3980094731228292
-0.721717518870761 0.2530732245205955 1.3961508309263027
-0.6968307078752174 0.25896001342297015 1.3942921887297763
-0.6719438968796739 0.26484680232534485 1.3924335465332498
-0.6470570858841306 0.27073359122771956 1.3905749043367233
-0.6221702748885869 0.27662038013009427 1.388716262140197
-0.5972834638930435 0.282507169032469 1.3868576199436704
-0.5723966528975001 0.2883939579348436 1.3849989777471439
-0.5475098419019565 0.29428074683721833 1.3831403355506176
-0.5226230309064132 0.30016753573959304 1.381281693354091
-0.4977362199108695 0.30605432464196775 1.3794230511575645
-0.4728494089153262 0.31194111354434245 1.3775644089610382
-0.44796259791978266 0.3178279024467171 1.3757057667645116
-0.42307578692423914 0.3237146913490918 1.3738471245679853
-0.3981889759286957 0.3296014802514665 1.3719884823714588
-0.37330216493315216 0.3354882691538412 1.3701298401749322
-0.34841535393760875 0.34137505805621593 1.368271197978406
-0.3235285429420653 0.3472618469585906 1.3664125557818794
-0.29864173194652177 0.3531486358609653 1.3645539135853528
-0.27375492095097825 0.35903542476334 1.3626952713888265
-0.24886810995543476 0.3649222136657147 1.3608366291923
-0.22398129895989138 0.37080900256808935 1.3589779869957734
-0.1990944879643479 0.37669579147046406 1.3571193447992471
-0.17420767696880438 0.38258258037283877 1.3552607026027206
-0.14932086597326089 0.38846936927521347 1.353402060406194
-0.12443405497771738 0.3943561581775882 1.3515434182096677
-0.09954724398217399 0.40024294707996283 1.3496847760131412
-0.0746604329866305 0.40612973598233754 1.3478261338166146
-0.049773621991086994 0.41201652488471224 1.3459674916200883
-0.024886810995543497 0.41790331378708695 1.3441088494235618
0.0 0.42379010268946166 1.3422502072270353
-0.9705856288261957 0.20053056091012406 1.4347708380740603
-0.9456988178306522 0.20641734981249876 1.432912195877534
-0.9208120068351087 0.21230413871487347 1.4310535536810074
-0.8959251958395653 0.21819092761724812 1.4291949114844809
-0.8710383848440219 0.22407771651962283 1.4273362692879545
-0.8461515738484783 0.22996450542199753 1.425477627091428
-0.8212647628529348 0.23585129432437224 1.4236189848949017
-0.7963779518573914 0.24173808322674692 1.4217603426983751
-0.7714911408618479 0.2476248721291216 1.4199017005018486
-0.7466043298663044 0.2535116610314963 1.4180430583053223
-0.721717518870761 0.259398449933871 1.4161844161087958
-0.6968307078752174 0.2652852388362457 1.4143257739122692
-0.6719438968796739 0.2711720277386204 1.412467131715743
-0.6470570858841306 0.2770588166409951 1.4106084895192164
-0.6221702748885869 0.28294560554336984 1.4087498473226898
-0.5972834638930435 0.2888323944457445 1.4068912051261635
-0.5723966528975001 0.2947191833481192 1.405032562929637
-0.5475098419019565 0.3006059722504939 1.4031739207331104
-0.5226230309064132 0.30649276115286855 1.401315278536584
-0.4977362199108695 0.31237955005524326 1.3994566363400576
-0.4728494089153262 0.31826633895761797 1.397597994143531
-0.44796259791978266 0.3241531278599927 1.3957393519470047
-0.42307578692423914 0.3300399167623674 1.3938807097504782
-0.3981889759286957 0.33592670566474203 1.3920220675539516
-0.37330216493315216 0.34181349456711674 1.3901634253574253
-0.34841535393760875 0.34770028346949144 1.3883047831608988
-0.3235285429420653 0.35358707237186615 1.3864461409643722
-0.29864173194652177 0.35947386127424086 1.384587498767846
-0.27375492095097825 0.3653606501766155 1.3827288565713194
-0.24886810995543476 0.3712474390789902 1.380870214374793
-0.22398129895989138 0.3771342279813649 1.3790115721782665
-0.1990944879643479 0.38302101688373963 1.37715292998174
-0.17420767696880438 0.3889078057861143 1.3752942877852137
-0.14932086597326089 0.394794594688489 1.3734356455886871
-0.12443405497771738 0.4006813835908637 1.3715770033921606
-0.09954724398217399 0.4065681724932384 1.3697183611956343
-0.0746604329866305 0.41245496139561305 1.3678597189991077
-0.049773621991086994 0.41834175029798776 1.3660010768025812
-0.024886810995543497 0.42422853920036246 1.3641424346060549
0.0 0.43011532810273717 1.3622837924095283
-0.9705856288261957 0.20685578632339965 1.4548044232565536
-0.9456988178306522 0.21274257522577436 1.452945781060027
-0.9208120068351087 0.21862936412814907 1.4510871388635007
-0.8959251958395653 0.22451615303052372 1.4492284966669742
-0.8710383848440219 0.23040294193289843 1.4473698544704476
-0.8461515738484783 0.23628973083527313 1.4455112122739213
-0.8212647628529348 0.24217651973764784 1.4436525700773948
-0.7963779518573914 0.24806330864002252 1.4417939278808682
-0.7714911408618479 0.25395009754239717 1.439935285684342
-0.7466043298663044 0.2598368864447719 1.4380766434878154
-0.721717518870761 0.2657236753471466 1.4362180012912888
-0.6968307078752174 0.2716104642495213 1.4343593590947625
-0.6719438968796739 0.277497253151896 1.432500716898236
-0.6470570858841306 0.28338404205427065 1.4306420747017095
-0.6221702748885869 0.2892708309566454 1.4287834325051831
-0.5972834638930435 0.29515761985902006 1.4269247903086566
-0.5723966528975001 0.30104440876139477 1.42506614811213
-0.5475098419019565 0.3069311976637695 1.4232075059156037
-0.5226230309064132 0.3128179865661441 1.4213488637190772
-0.4977362199108695 0.3187047754685189 1.4194902215225509
-0.4728494089153262 0.32459156437089354 1.4176315793260243
-0.44796259791978266 0.33047835327326824 1.4157729371294978
-0.42307578692423914 0.33636514217564295 1.4139142949329715
-0.3981889759286957 0.34225193107801766 1.412055652736445
-0.37330216493315216 0.34813871998039236 1.4101970105399184
-0.34841535393760875 0.354025508882767 1.408338368343392
-0.3235285429420653 0.3599122977851417 1.4064797261468656
-0.29864173194652177 0.36579908668751643 1.404621083950339
-0.27375492095097825 0.37168587558989113 1.4027624417538127
-0.24886810995543476 0.37757266449226584 1.4009037995572862
-0.22398129895989138 0.3834594533946405 1.3990451573607596
-0.1990944879643479 0.3893462422970152 1.3971865151642333
-0.17420767696880438 0.3952330311993899 1.3953278729677068
-0.14932086597326089 0.4011198201017646 1.3934692307711802
-0.12443405497771738 0.40700660900413926 1.391610588574654
-0.09954724398217399 0.41289339790651397 1.3897519463781274
-0.0746604329866305 0.4187801868088887 1.3878933041816008
-0.049773621991086994 0.4246669757112634 1.3860346619850745
-0.024886810995543497 0.4305537646136381 1.384176019788548
0.0 0.43644055351601274 1.3823173775920214
-0.9705856288261957 0.21318101173667517 1.4748380084390464
-0.9456988178306522 0.21906780063904988 1.4729793662425201
-0.9208120068351087 0.22495458954142458 1.4711207240459936
-0.8959251958395653 0.23084137844379923 1.4692620818494673
-0.8710383848440219 0.23672816734617394 1.4674034396529407
-0.8461515738484783 0.24261495624854865 1.4655447974564142
-0.8212647628529348 0.24850174515092335 1.4636861552598879
-0.7963779518573914 0.25438853405329803 1.4618275130633613
-0.7714911408618479 0.26027532295567274 1.4599688708668348
-0.7466043298663044 0.26616211185804745 1.4581102286703085
-0.721717518870761 0.27204890076042215 1.456251586473782
-0.6968307078752174 0.2779356896627968 1.4543929442772554
-0.6719438968796739 0.2838224785651715 1.452534302080729
-0.6470570858841306 0.2897092674675462 1.4506756598842026
-0.6221702748885869 0.2955960563699209 1.448817017687676
-0.5972834638930435 0.30148284527229563 1.4469583754911497
-0.5723966528975001 0.3073696341746703 1.4450997332946232
-0.5475098419019565 0.313256423077045 1.4432410910980966
-0.5226230309064132 0.3191432119794197 1.4413824489015703
-0.4977362199108695 0.3250300008817944 1.4395238067050438
-0.4728494089153262 0.33091678978416905 1.4376651645085172
-0.44796259791978266 0.33680357868654376 1.435806522311991
-0.42307578692423914 0.34269036758891847 1.4339478801154644
-0.3981889759286957 0.34857715649129317 1.4320892379189378
-0.37330216493315216 0.3544639453936679 1.4302305957224115
-0.34841535393760875 0.36035073429604253 1.428371953525885
-0.3235285429420653 0.36623752319841724 1.4265133113293584
-0.29864173194652177 0.37212431210079194 1.4246546691328321
-0.27375492095097825 0.37801110100316665 1.4227960269363056
-0.24886810995543476 0.38389788990554136 1.4209373847397793
-0.22398129895989138 0.389784678807916 1.4190787425432527
-0.1990944879643479 0.3956714677102907 1.4172201003467262
-0.17420767696880438 0.4015582566126654 1.4153614581501999
-0.14932086597326089 0.4074450455150401 1.4135028159536733
-0.12443405497771738 0.41333183441741483 1.4116441737571468
-0.09954724398217399 0.4192186233197895 1.4097855315606205
-0.0746604329866305 0.4251054122221642 1.407926889364094
-0.049773621991086994 0.4309922011245389 1.4060682471675674
-0.024886810995543497 0.4368789900269136 1.404209604971041
0.0 0.4427657789292883 1.4023509627745145
-0.9705856288261957 0.21950623714995068 1.4948715936215395
-0.9456988178306522 0.2253930260523254 1.493012951425013
-0.9208120068351087 0.2312798149547001 1.4911543092284867
-0.8959251958395653 0.23716660385707475 1.4892956670319601
-0.8710383848440219 0.24305339275944945 1.4874370248354336
-0.8461515738484783 0.24894018166182416 1.4855783826389073
-0.8212647628529348 0.2548269705641989 1.4837197404423808
-0.7963779518573914 0.26071375946657355 1.4818610982458542
-0.7714911408618479 0.26660054836894825 1.480002456049328
-0.7466043298663044 0.27248733727132296 1.4781438138528014
-0.721717518870761 0.27837412617369767 1.4762851716562748
-0.6968307078752174 0.2842609150760723 1.4744265294597485
-0.6719438968796739 0.290147703978447 1.472567887263222
-0.6470570858841306 0.29603449288082173 1.4707092450666956
-0.6221702748885869 0.30192128178319644 1.468850602870169
-0.5972834638930435 0.30780807068557114 1.4669919606736426
-0.5723966528975001 0.3136948595879458 1.4651333184771163
-0.5475098419019565 0.3195816484903205 1.4632746762805897
-0.5226230309064132 0.3254684373926952 1.4614160340840632
-0.4977362199108695 0.3313552262950699 1.4595573918875369
-0.4728494089153262 0.33724201519744457 1.4576987496910103
-0.44796259791978266 0.3431288040998193 1.4558401074944838
-0.42307578692423914 0.349015593002194 1.4539814652979575
-0.3981889759286957 0.3549023819045687 1.452122823101431
-0.37330216493315216 0.3607891708069434 1.4502641809049044
-0.34841535393760875 0.36667595970931804 1.448405538708378
-0.3235285429420653 0.37256274861169275 1.4465468965118515
-0.29864173194652177 0.37844953751406746 1.444688254315325
-0.27375492095097825 0.38433632641644216 1.4428296121187987
-0.24886810995543476 0.39022311531881687 1.4409709699222721
-0.22398129895989138 0.3961099042211915 1.4391123277257456
-0.1990944879643479 0.40199669312356623 1.4372536855292193
-0.17420767696880438 0.40788348202594094 1.4353950433326927
-0.14932086597326089 0.41377027092831564 1.4335364011361662
-0.12443405497771738 0.41965705983069035 1.4316777589396399
-0.09954724398217399 0.425543848733065 1.4298191167431133
-0.0746604329866305 0.4314306376354397 1.427960474546587
-0.049773621991086994 0.4373174265378144 1.4261018323500605
-0.024886810995543497 0.4432042154401891 1.424243190153534
0.0 0.4490910043425638 1.4223845479570076
-0.9705856288261957 0.22583146256322628 1.5149051788040326
-0.9456988178306522 0.231718251465601 1.5130465366075063
-0.9208120068351087 0.2376050403679757 1.5111878944109798
-0.8959251958395653 0.24349182927035035 1.5093292522144535
-0.8710383848440219 0.24937861817272505 1.507470610017927
-0.8461515738484783 0.25526540707509976 1.5056119678214004
-0.8212647628529348 0.26115219597747447 1.503753325624874
-0.7963779518573914 0.2670389848798492 1.5018946834283475
-0.7714911408618479 0.2729257737822238 1.500036041231821
-0.7466043298663044 0.27881256268459853 1.4981773990352947
-0.721717518870761 0.28469935158697324 1.4963187568387681
-0.6968307078752174 0.29058614048934794 1.4944601146422416
-0.6719438968796739 0.29647292939172265 1.4926014724457153
-0.6470570858841306 0.3023597182940973 1.4907428302491887
-0.6221702748885869 0.30824650719647206 1.4888841880526622
-0.5972834638930435 0.3141332960988467 1.4870255458561359
-0.5723966528975001 0.3200200850012214 1.4851669036596093
-0.5475098419019565 0.32590687390359613 1.4833082614630828
-0.5226230309064132 0.3317936628059708 1.4814496192665565
-0.4977362199108695 0.3376804517083455 1.47959097707003
-0.4728494089153262 0.3435672406107202 1.4777323348735034
-0.44796259791978266 0.3494540295130949 1.475873692676977
-0.42307578692423914 0.3553408184154696 1.4740150504804506
-0.3981889759286957 0.36122760731784426 1.472156408283924
-0.37330216493315216 0.36711439622021896 1.4702977660873977
-0.34841535393760875 0.37300118512259367 1.4684391238908712
-0.3235285429420653 0.3788879740249684 1.4665804816943449
-0.29864173194652177 0.3847747629273431 1.4647218394978183
-0.27375492095097825 0.39066155182971773 1.4628631973012918
-0.24886810995543476 0.39654834073209244 1.4610045551047655
-0.22398129895989138 0.40243512963446715 1.459145912908239
-0.1990944879643479 0.40832191853684185 1.4572872707117124
-0.17420767696880438 0.4142087074392165 1.455428628515186
-0.14932086597326089 0.4200954963415912 1.4535699863186595
-0.12443405497771738 0.4259822852439659 1.451711344122133
-0.09954724398217399 0.4318690741463406 1.4498527019256067
-0.0746604329866305 0.4377558630487153 1.4479940597290801
-0.049773621991086994 0.44364265195109 1.4461354175325536
-0.024886810995543497 0.4495294408534647 1.4442767753360273
0.0 0.4554162297558394 1.4424181331395007
-0.9705856288261957 0.23215668797650182 1.5349387639865257
-0.9456988178306522 0.23804347687887653 1.5330801217899992
-0.9208120068351087 0.24393026578125124 1.5312214795934729
-0.8959251958395653 0.2498170546836259 1.5293628373969463
-0.8710383848440219 0.25570384358600057 1.5275041952004198
-0.8461515738484783 0.2615906324883753 1.5256455530038935
-0.8212647628529348 0.26747742139075 1.523786910807367
-0.7963779518573914 0.2733642102931247 1.5219282686108404
-0.7714911408618479 0.27925099919549934 1.520069626414314
-0.7466043298663044 0.28513778809787405 1.5182109842177876
-0.721717518870761 0.29102457700024875 1.516352342021261
-0.6968307078752174 0.29691136590262346 1.5144936998247347
-0.6719438968796739 0.30279815480499817 1.5126350576282082
-0.6470570858841306 0.3086849437073728 1.5107764154316818
-0.6221702748885869 0.3145717326097476 1.5089177732351553
-0.5972834638930435 0.32045852151212223 1.5070591310386288
-0.5723966528975001 0.32634531041449694 1.5052004888421024
-0.5475098419019565 0.33223209931687164 1.503341846645576
-0.5226230309064132 0.3381188882192463 1.5014832044490494
-0.4977362199108695 0.34400567712162106 1.499624562252523
-0.4728494089153262 0.3498924660239957 1.4977659200559965
-0.44796259791978266 0.3557792549263704 1.49590727785947
-0.42307578692423914 0.3616660438287451 1.4940486356629437
-0.3981889759286957 0.3675528327311198 1.4921899934664171
-0.37330216493315216 0.37343962163349453 1.4903313512698906
-0.34841535393760875 0.3793264105358692 1.4884727090733643
-0.3235285429420653 0.3852131994382439 1.4866140668768377
-0.29864173194652177 0.3910999883406186 1.4847554246803112
-0.27375492095097825 0.3969867772429933 1.4828967824837849
-0.24886810995543476 0.40287356614536796 1.4810381402872583
-0.22398129895989138 0.40876035504774266 1.4791794980907318
-0.1990944879643479 0.41464714395011737 1.4773208558942055
-0.17420767696880438 0.4205339328524921 1.475462213697679
-0.14932086597326089 0.4264207217548668 1.4736035715011524
-0.12443405497771738 0.43230751065724143 1.471744929304626
-0.09954724398217399 0.43819429955961614 1.4698862871080995
-0.0746604329866305 0.44408108846199085 1.4680276449115732
-0.049773621991086994 0.44996787736436555 1.4661690027150467
-0.024886810995543497 0.4558546662667402 1.4643103605185201
0.0 0.4617414551691149 1.4624517183219938
-0.9705856288261957 0.23848191338977734 1.5549723491690188
-0.9456988178306522 0.24436870229215205 1.5531137069724923
-0.9208120068351087 0.2502554911945267 1.5512550647759658
-0.8959251958395653 0.2561422800969014 1.5493964225794394
-0.8710383848440219 0.2620290689992761 1.547537780382913
-0.8461515738484783 0.2679158579016508 1.5456791381863864
-0.8212647628529348 0.2738026468040255 1.54382049598986
-0.7963779518573914 0.2796894357064002 1.5419618537933335
-0.7714911408618479 0.28557622460877485 1.540103211596807
-0.7466043298663044 0.29146301351114956 1.5382445694002806
-0.721717518870761 0.29734980241352427 1.536385927203754
-0.6968307078752174 0.303236591315899 1.5345272850072276
-0.6719438968796739 0.3091233802182737 1.5326686428107013
-0.6470570858841306 0.31501016912064833 1.5308100006141747
-0.6221702748885869 0.3208969580230231 1.5289513584176482
-0.5972834638930435 0.32678374692539774 1.5270927162211219
-0.5723966528975001 0.33267053582777245 1.5252340740245953
-0.5475098419019565 0.33855732473014716 1.5233754318280688
-0.5226230309064132 0.3444441136325218 1.5215167896315425
-0.4977362199108695 0.35033090253489657 1.519658147435016
-0.4728494089153262 0.3562176914372712 1.5177995052384894
-0.44796259791978266 0.36210448033964593 1.515940863041963
-0.42307578692423914 0.36799126924202064 1.5140822208454365
-0.3981889759286957 0.37387805814439534 1.5122235786489102
-0.37330216493315216 0.37976484704677005 1.5103649364523837
-0.34841535393760875 0.3856516359491447 1.5085062942558571
-0.3235285429420653 0.3915384248515194 1.5066476520593308
-0.29864173194652177 0.3974252137538941 1.5047890098628043
-0.27375492095097825 0.4033120026562688 1.5029303676662777
-0.24886810995543476 0.4091987915586435 1.5010717254697514
-0.22398129895989138 0.4150855804610182 1.499213083273225
-0.1990944879643479 0.4209723693633929 1.4973544410766984
-0.17420767696880438 0.4268591582657676 1.495495798880172
-0.14932086597326089 0.4327459471681423 1.4936371566836455
-0.12443405497771738 0.438632736070517 1.491778514487119
-0.09954724398217399 0.44451952497289166 1.4899198722905926
-0.0746604329866305 0.45040631387526636 1.488061230094066
-0.049773621991086994 0.45629310277764107 1.4862025878975396
-0.024886810995543497 0.4621798916800158 1.4843439457010132
0.0 0.4680666805823904 1.4824853035044867
-0.9705856288261957 0.24480713880305294 1.575005934351512
-0.9456988178306522 0.25069392770542764 1.5731472921549854
-0.9208120068351087 0.25658071660780235 1.571288649958459
-0.8959251958395653 0.262467505510177 1.5694300077619325
-0.8710383848440219 0.2683542944125517 1.567571365565406
-0.8461515738484783 0.2742410833149264 1.5657127233688797
-0.8212647628529348 0.2801278722173011 1.5638540811723531
-0.7963779518573914 0.2860146611196758 1.5619954389758266
-0.7714911408618479 0.2919014500220505 1.5601367967793003
-0.7466043298663044 0.2977882389244252 1.5582781545827737
-0.721717518870761 0.3036750278267999 1.5564195123862474
-0.6968307078752174 0.30956181672917454 1.554560870189721
-0.6719438968796739 0.31544860563154925 1.5527022279931944
-0.6470570858841306 0.32133539453392396 1.550843585796668
-0.6221702748885869 0.32722218343629866 1.5489849436001415
-0.5972834638930435 0.33310897233867337 1.547126301403615
-0.5723966528975001 0.338995761241048 1.5452676592070886
-0.5475098419019565 0.34488255014342273 1.543409017010562
-0.5226230309064132 0.35076933904579743 1.5415503748140356
-0.4977362199108695 0.35665612794817214 1.5396917326175092
-0.4728494089153262 0.36254291685054685 1.5378330904209827
-0.44796259791978266 0.3684297057529215 1.5359744482244562
-0.42307578692423914 0.3743164946552962 1.5341158060279299
-0.3981889759286957 0.3802032835576709 1.5322571638314033
-0.37330216493315216 0.3860900724600456 1.5303985216348768
-0.34841535393760875 0.3919768613624203 1.5285398794383505
-0.3235285429420653 0.397863650264795 1.526681237241824
-0.29864173194652177 0.4037504391671697 1.5248225950452974
-0.27375492095097825 0.4096372280695444 1.522963952848771
-0.24886810995543476 0.4155240169719191 1.5211053106522445
-0.22398129895989138 0.42141080587429375 1.519246668455718
-0.1990944879643479 0.42729759477666845 1.5173880262591917
-0.17420767696880438 0.43318438367904316 1.5155293840626651
-0.14932086597326089 0.43907117258141787 1.5136707418661386
-0.12443405497771738 0.4449579614837926 1.5118120996696123
-0.09954724398217399 0.4508447503861672 1.5099534574730857
-0.0746604329866305 0.45673153928854193 1.5080948152765594
-0.049773621991086994 0.46261832819091664 1.5062361730800329
-0.024886810995543497 0.46850511709329135 1.5043775308835063
0.0 0.47439190599566605 1.50251888868698
-0.9705856288261957 0.25113236421632845 1.595039519534005
-0.9456988178306522 0.25701915311870316 1.5931808773374785
-0.9208120068351087 0.26290594202107787 1.591322235140952
-0.8959251958395653 0.2687927309234525 1.5894635929444256
-0.8710383848440219 0.2746795198258272 1.587604950747899
-0.8461515738484783 0.28056630872820193 1.5857463085513726
-0.8212647628529348 0.28645309763057664 1.5838876663548462
-0.7963779518573914 0.2923398865329513 1.5820290241583197
-0.7714911408618479 0.298226675435326 1.5801703819617932
-0.7466043298663044 0.3041134643377007 1.5783117397652668
-0.721717518870761 0.3100002532400754 1.5764530975687403
-0.6968307078752174 0.31588704214245006 1.5745944553722138
-0.6719438968796739 0.32177383104482477 1.5727358131756874
-0.6470570858841306 0.32766061994719947 1.570877170979161
-0.6221702748885869 0.3335474088495742 1.5690185287826344
-0.5972834638930435 0.3394341977519489 1.567159886586108
-0.5723966528975001 0.34532098665432354 1.5653012443895815
-0.5475098419019565 0.35120777555669824 1.563442602193055
-0.5226230309064132 0.35709456445907295 1.5615839599965287
-0.4977362199108695 0.36298135336144766 1.5597253178000021
-0.4728494089153262 0.36886814226382236 1.5578666756034758
-0.44796259791978266 0.374754931166197 1.5560080334069493
-0.42307578692423914 0.3806417200685717 1.5541493912104227
-0.3981889759286957 0.3865285089709464 1.5522907490138964
-0.37330216493315216 0.39241529787332113 1.5504321068173699
-0.34841535393760875 0.39830208677569584 1.5485734646208433
-0.3235285429420653 0.4041888756780705 1.546714822424317
-0.29864173194652177 0.4100756645804452 1.5448561802277905
-0.27375492095097825 0.4159624534828199 1.542997538031264
-0.24886810995543476 0.4218492423851946 1.5411388958347376
-0.22398129895989138 0.4277360312875693 1.539280253638211
-0.1990944879643479 0.43362282018994397 1.5374216114416845
-0.17420767696880438 0.4395096090923187 1.5355629692451582
-0.14932086597326089 0.4453963979946934 1.5337043270486317
-0.12443405497771738 0.4512831868970681 1.5318456848521051
-0.09954724398217399 0.45716997579944274 1.5299870426555788
-0.0746604329866305 0.46305676470181745 1.5281284004590523
-0.049773621991086994 0.46894355360419215 1.5262697582625258
-0.024886810995543497 0.47483034250656686 1.5244111160659994
0.0 0.48071713140894157 1.522552473869473
-0.9705856288261957 0.25745758962960397 1.615073104716498
-0.9456988178306522 0.2633443785319787 1.6132144625199714
-0.9208120068351087 0.2692311674343534 1.611355820323445
-0.8959251958395653 0.27511795633672803 1.6094971781269185
-0.8710383848440219 0.28100474523910274 1.607638535930392
-0.8461515738484783 0.28689153414147744 1.6057798937338656
-0.8212647628529348 0.29277832304385215 1.603921251537339
-0.7963779518573914 0.29866511194622686 1.6020626093408128
-0.7714911408618479 0.3045519008486015 1.6002039671442863
-0.7466043298663044 0.3104386897509762 1.5983453249477597
-0.721717518870761 0.3163254786533509 1.5964866827512334
-0.6968307078752174 0.32221226755572563 1.5946280405547069
-0.6719438968796739 0.32809905645810034 1.5927693983581803
-0.6470570858841306 0.333985845360475 1.590910756161654
-0.6221702748885869 0.33987263426284975 1.5890521139651275
-0.5972834638930435 0.3457594231652244 1.587193471768601
-0.5723966528975001 0.3516462120675991 1.5853348295720746
-0.5475098419019565 0.3575330009699738 1.583476187375548
-0.5226230309064132 0.36341978987234846 1.5816175451790215
-0.4977362199108695 0.36930657877472317 1.5797589029824952
-0.4728494089153262 0.3751933676770979 1.5779002607859687
-0.44796259791978266 0.3810801565794726 1.5760416185894421
-0.42307578692423914 0.3869669454818473 1.5741829763929158
-0.3981889759286957 0.39285373438422194 1.5723243341963893
-0.37330216493315216 0.39874052328659665 1.5704656919998627
-0.34841535393760875 0.40462731218897136 1.5686070498033364
-0.3235285429420653 0.41051410109134606 1.56674840760681
-0.29864173194652177 0.41640088999372077 1.5648897654102834
-0.27375492095097825 0.4222876788960954 1.563031123213757
-0.24886810995543476 0.4281744677984701 1.5611724810172305
-0.22398129895989138 0.43406125670084483 1.5593138388207042
-0.1990944879643479 0.43994804560321954 1.5574551966241776
-0.17420767696880438 0.44583483450559425 1.555596554427651
-0.14932086597326089 0.4517216234079689 1.5537379122311248
-0.12443405497771738 0.4576084123103436 1.5518792700345982
-0.09954724398217399 0.4634952012127183 1.5500206278380717
-0.0746604329866305 0.469381990115093 1.5481619856415454
-0.049773621991086994 0.47526877901746767 1.5463033434450189
-0.024886810995543497 0.4811555679198424 1.5444447012484923
0.0 0.4870423568222171 1.542586059051966
-0.9705856288261957 0.2637828150428796 1.6351066898989912
-0.9456988178306522 0.2696696039452543 1.6332480477024647
-0.9208120068351087 0.275556392847629 1.6313894055059381
-0.8959251958395653 0.28144318175000366 1.6295307633094118
-0.8710383848440219 0.28732997065237836 1.6276721211128853
-0.8461515738484783 0.29321675955475307 1.6258134789163587
-0.8212647628529348 0.2991035484571278 1.6239548367198324
-0.7963779518573914 0.30499033735950243 1.622096194523306
-0.7714911408618479 0.31087712626187713 1.6202375523267794
-0.7466043298663044 0.31676391516425184 1.618378910130253
-0.721717518870761 0.32265070406662655 1.6165202679337265
-0.6968307078752174 0.3285374929690012 1.6146616257372
-0.6719438968796739 0.3344242818713759 1.6128029835406736
-0.6470570858841306 0.3403110707737506 1.610944341344147
-0.6221702748885869 0.3461978596761253 1.6090856991476206
-0.5972834638930435 0.3520846485785 1.6072270569510942
-0.5723966528975001 0.3579714374808747 1.6053684147545677
-0.5475098419019565 0.3638582263832494 1.6035097725580412
-0.5226230309064132 0.3697450152856241 1.6016511303615149
-0.4977362199108695 0.3756318041879988 1.5997924881649883
-0.4728494089153262 0.38151859309037345 1.597933845968462
-0.44796259791978266 0.38740538199274815 1.5960752037719355
-0.42307578692423914 0.39329217089512286 1.594216561575409
-0.3981889759286957 0.39917895979749757 1.5923579193788826
-0.37330216493315216 0.4050657486998723 1.590499277182356
-0.34841535393760875 0.4109525376022469 1.5886406349858295
-0.3235285429420653 0.41683932650462163 1.5867819927893032
-0.29864173194652177 0.42272611540699634 1.5849233505927767
-0.27375492095097825 0.42861290430937105 1.5830647083962501
-0.24886810995543476 0.43449969321174575 1.5812060661997238
-0.22398129895989138 0.4403864821141204 1.5793474240031973
-0.1990944879643479 0.4462732710164951 1.5774887818066707
-0.17420767696880438 0.4521600599188698 1.5756301396101444
-0.14932086597326089 0.4580468488212445 1.5737714974136179
-0.12443405497771738 0.46393363772361923 1.5719128552170913
-0.09954724398217399 0.4698204266259939 1.570054213020565
-0.0746604329866305 0.4757072155283686 1.5681955708240385
-0.049773621991086994 0.4815940044307433 1.566336928627512
-0.024886810995543497 0.487480793333118 1.5644782864309856
0.0 0.4933675822354927 1.562619644234459
-0.9705856288261957 0.2701080404561551 1.655140275081484
-0.9456988178306522 0.2759948293585298 1.6532816328849576
-0.9208120068351087 0.2818816182609045 1.6514229906884312
-0.8959251958395653 0.28776840716327917 1.6495643484919047
-0.8710383848440219 0.2936551960656539 1.6477057062953782
-0.8461515738484783 0.2995419849680286 1.6458470640988518
-0.8212647628529348 0.3054287738704033 1.6439884219023253
-0.7963779518573914 0.31131556277277794 1.642129779705799
-0.7714911408618479 0.31720235167515265 1.6402711375092724
-0.7466043298663044 0.32308914057752736 1.638412495312746
-0.721717518870761 0.32897592947990206 1.6365538531162196
-0.6968307078752174 0.3348627183822767 1.634695210919693
-0.6719438968796739 0.3407495072846514 1.6328365687231665
-0.6470570858841306 0.3466362961870261 1.6309779265266402
-0.6221702748885869 0.35252308508940083 1.6291192843301137
-0.5972834638930435 0.35840987399177554 1.6272606421335871
-0.5723966528975001 0.3642966628941502 1.6254019999370608
-0.5475098419019565 0.3701834517965249 1.6235433577405343
-0.5226230309064132 0.3760702406988996 1.6216847155440077
-0.4977362199108695 0.3819570296012743 1.6198260733474814
-0.4728494089153262 0.38784381850364896 1.6179674311509549
-0.44796259791978266 0.39373060740602367 1.6161087889544283
-0.42307578692423914 0.3996173963083984 1.614250146757902
-0.3981889759286957 0.4055041852107731 1.6123915045613755
-0.37330216493315216 0.4113909741131478 1.610532862364849
-0.34841535393760875 0.41727776301552244 1.6086742201683226
-0.3235285429420653 0.42316455191789715 1.606815577971796
-0.29864173194652177 0.42905134082027185 1.6049569357752695
-0.27375492095097825 0.43493812972264656 1.6030982935787432
-0.24886810995543476 0.44082491862502127 1.6012396513822167
-0.22398129895989138 0.4467117075273959 1.5993810091856904
-0.1990944879643479 0.4525984964297706 1.5975223669891638
-0.17420767696880438 0.45848528533214533 1.5956637247926373
-0.14932086597326089 0.46437207423452004 1.593805082596111
-0.12443405497771738 0.47025886313689474 1.5919464403995844
-0.09954724398217399 0.4761456520392694 1.590087798203058
-0.0746604329866305 0.4820324409416441 1.5882291560065316
-0.049773621991086994 0.4879192298440188 1.586370513810005
-0.024886810995543497 0.4938060187463935 1.5845118716134785
0.0 0.4996928076487682 1.5826532294169522
-0.9705856288261957 0.2764332658694307 1.6751738602639774
-0.9456988178306522 0.2823200547718054 1.6733152180674509
-0.9208120068351087 0.2882068436741801 1.6714565758709243
-0.8959251958395653 0.29409363257655474 1.669597933674398
-0.8710383848440219 0.29998042147892945 1.6677392914778715
-0.8461515738484783 0.30586721038130416 1.665880649281345
-0.8212647628529348 0.31175399928367886 1.6640220070848186
-0.7963779518573914 0.31764078818605357 1.662163364888292
-0.7714911408618479 0.3235275770884282 1.6603047226917655
-0.7466043298663044 0.3294143659908029 1.6584460804952392
-0.721717518870761 0.33530115489317763 1.6565874382987127
-0.6968307078752174 0.34118794379555234 1.6547287961021862
-0.6719438968796739 0.34707473269792705 1.6528701539056598
-0.6470570858841306 0.3529615216003017 1.6510115117091333
-0.6221702748885869 0.35884831050267646 1.6491528695126068
-0.5972834638930435 0.3647350994050511 1.6472942273160804
-0.5723966528975001 0.3706218883074258 1.645435585119554
-0.5475098419019565 0.3765086772098005 1.6435769429230274
-0.5226230309064132 0.3823954661121752 1.641718300726501
-0.4977362199108695 0.3882822550145499 1.6398596585299745
-0.4728494089153262 0.3941690439169246 1.6380010163334482
-0.44796259791978266 0.4000558328192993 1.6361423741369217
-0.42307578692423914 0.405942621721674 1.6342837319403951
-0.3981889759286957 0.41182941062404865 1.6324250897438688
-0.37330216493315216 0.41771619952642336 1.6305664475473423
-0.34841535393760875 0.42360298842879807 1.6287078053508157
-0.3235285429420653 0.4294897773311728 1.6268491631542894
-0.29864173194652177 0.4353765662335475 1.6249905209577629
-0.27375492095097825 0.44126335513592213 1.6231318787612363
-0.24886810995543476 0.44715014403829684 1.62127323656471
-0.22398129895989138 0.45303693294067154 1.6194145943681835
-0.1990944879643479 0.45892372184304625 1.617555952171657
-0.17420767696880438 0.4648105107454209 1.6156973099751306
-0.14932086597326089 0.4706972996477956 1.613838667778604
-0.12443405497771738 0.4765840885501703 1.6119800255820775
-0.09954724398217399 0.482470877452545 1.6101213833855512
-0.0746604329866305 0.4883576663549197 1.6082627411890247
-0.049773621991086994 0.4942444552572944 1.6064040989924981
-0.024886810995543497 0.5001312441596691 1.6045454567959718
0.0 0.5060180330620438 1.6026868145994453
-0.9705856288261957 0.2827584912827062 1.6952074454464703
-0.9456988178306522 0.2886452801850809 1.6933488032499437
-0.9208120068351087 0.2945320690874556 1.6914901610534174
-0.8959251958395653 0.30041885798983026 1.689631518856891
-0.8710383848440219 0.30630564689220496 1.6877728766603644
-0.8461515738484783 0.31219243579457967 1.685914234463838
-0.8212647628529348 0.3180792246969544 1.6840555922673115
-0.7963779518573914 0.3239660135993291 1.6821969500707852
-0.7714911408618479 0.32985280250170373 1.6803383078742586
-0.7466043298663044 0.33573959140407844 1.678479665677732
-0.721717518870761 0.34162638030645315 1.6766210234812058
-0.6968307078752174 0.34751316920882785 1.6747623812846792
-0.6719438968796739 0.35339995811120256 1.6729037390881527
-0.6470570858841306 0.3592867470135772 1.6710450968916264
-0.6221702748885869 0.365173535915952 1.6691864546950999
-0.5972834638930435 0.3710603248183266 1.6673278124985733
-0.5723966528975001 0.37694711372070133 1.665469170302047
-0.5475098419019565 0.38283390262307604 1.6636105281055205
-0.5226230309064132 0.3887206915254507 1.661751885908994
-0.4977362199108695 0.3946074804278254 1.6598932437124676
-0.4728494089153262 0.4004942693302001 1.658034601515941
-0.44796259791978266 0.4063810582325748 1.6561759593194145
-0.42307578692423914 0.4122678471349495 1.6543173171228882
-0.3981889759286957 0.41815463603732417 1.6524586749263617
-0.37330216493315216 0.4240414249396989 1.6506000327298351
-0.34841535393760875 0.4299282138420736 1.6487413905333088
-0.3235285429420653 0.4358150027444483 1.6468827483367823
-0.29864173194652177 0.441701791646823 1.6450241061402557
-0.27375492095097825 0.44758858054919765 1.6431654639437294
-0.24886810995543476 0.45347536945157235 1.6413068217472029
-0.22398129895989138 0.45936215835394706 1.6394481795506766
-0.1990944879643479 0.46524894725632177 1.63758953735415
-0.17420767696880438 0.47113573615869647 1.6357308951576235
-0.14932086597326089 0.4770225250610711 1.6338722529610972
-0.12443405497771738 0.48290931396344583 1.6320136107645706
-0.09954724398217399 0.48879610286582054 1.630154968568044
-0.0746604329866305 0.49468289176819524 1.6282963263715178
-0.049773621991086994 0.50056968067057 1.6264376841749912
-0.024886810995543497 0.5064564695729447 1.6245790419784647
0.0 0.5123432584753194 1.6227203997819384
-0.9705856288261957 0.2890837166959817 1.7152410306289634
-0.9456988178306522 0.2949705055983564 1.7133823884324368
-0.9208120068351087 0.3008572945007311 1.7115237462359103
-0.8959251958395653 0.30674408340310577 1.709665104039384
-0.8710383848440219 0.3126308723054805 1.7078064618428574
-0.8461515738484783 0.3185176612078552 1.705947819646331
-0.8212647628529348 0.3244044501102299 1.7040891774498046
-0.7963779518573914 0.3302912390126046 1.702230535253278
-0.7714911408618479 0.33617802791497925 1.7003718930567515
-0.7466043298663044 0.34206481681735396 1.6985132508602252
-0.721717518870761 0.34795160571972866 1.6966546086636987
-0.6968307078752174 0.35383839462210337 1.6947959664671721
-0.6719438968796739 0.3597251835244781 1.6929373242706458
-0.6470570858841306 0.3656119724268527 1.6910786820741193
-0.6221702748885869 0.3714987613292275 1.6892200398775927
-0.5972834638930435 0.37738555023160214 1.6873613976810664
-0.5723966528975001 0.38327233913397685 1.6855027554845399
-0.5475098419019565 0.38915912803635155 1.6836441132880136
-0.5226230309064132 0.3950459169387262 1.681785471091487
-0.4977362199108695 0.40093270584110097 1.6799268288949605
-0.4728494089153262 0.4068194947434756 1.6780681866984342
-0.44796259791978266 0.4127062836458503 1.6762095445019076
-0.42307578692423914 0.41859307254822503 1.674350902305381
-0.3981889759286957 0.42447986145059974 1.6724922601088548
-0.37330216493315216 0.43036665035297444 1.6706336179123282
-0.34841535393760875 0.4362534392553491 1.6687749757158017
-0.3235285429420653 0.4421402281577238 1.6669163335192754
-0.29864173194652177 0.4480270170600985 1.6650576913227488
-0.27375492095097825 0.4539138059624732 1.6631990491262223
-0.24886810995543476 0.4598005948648479 1.661340406929696
-0.22398129895989138 0.4656873837672226 1.6594817647331694
-0.1990944879643479 0.4715741726695973 1.657623122536643
-0.17420767696880438 0.477460961571972 1.6557644803401166
-0.14932086597326089 0.4833477504743467 1.65390583814359
-0.12443405497771738 0.48923453937672134 1.6520471959470635
-0.09954724398217399 0.49512132827909605 1.6501885537505372
-0.0746604329866305 0.5010081171814708 1.6483299115540107
-0.049773621991086994 0.5068949060838455 1.6464712693574843
-0.024886810995543497 0.5127816949862202 1.6446126271609578
0.0 0.5186684838885949 1.6427539849644313
-0.9705856288261957 0.29540894210925733 1.7352746158114565
-0.9456988178306522 0.30129573101163204 1.73341597361493
-0.9208120068351087 0.30718251991400675 1.7315573314184036
-0.8959251958395653 0.3130693088163814 1.729698689221877
-0.8710383848440219 0.3189560977187561 1.7278400470253505
-0.8461515738484783 0.3248428866211308 1.7259814048288242
-0.8212647628529348 0.3307296755235055 1.7241227626322977
-0.7963779518573914 0.33661646442588017 1.7222641204357714
-0.7714911408618479 0.3425032533282549 1.7204054782392448
-0.7466043298663044 0.3483900422306296 1.7185468360427183
-0.721717518870761 0.3542768311330043 1.716688193846192
-0.6968307078752174 0.36016362003537894 1.7148295516496654
-0.6719438968796739 0.36605040893775365 1.712970909453139
-0.6470570858841306 0.37193719784012835 1.7111122672566126
-0.6221702748885869 0.37782398674250306 1.709253625060086
-0.5972834638930435 0.38371077564487777 1.7073949828635595
-0.5723966528975001 0.3895975645472524 1.7055363406670332
-0.5475098419019565 0.3954843534496271 1.7036776984705067
-0.5226230309064132 0.40137114235200183 1.7018190562739801
-0.4977362199108695 0.40725793125437654 1.6999604140774538
-0.4728494089153262 0.41314472015675124 1.6981017718809273
-0.44796259791978266 0.4190315090591259 1.6962431296844007
-0.42307578692423914 0.4249182979615006 1.6943844874878744
-0.3981889759286957 0.4308050868638753 1.6925258452913479
-0.37330216493315216 0.43669187576625 1.6906672030948213
-0.34841535393760875 0.4425786646686247 1.688808560898295
-0.3235285429420653 0.4484654535709994 1.6869499187017685
-0.29864173194652177 0.4543522424733741 1.685091276505242
-0.27375492095097825 0.4602390313757488 1.6832326343087156
-0.24886810995543476 0.4661258202781235 1.681373992112189
-0.22398129895989138 0.47201260918049814 1.6795153499156628
-0.1990944879643479 0.47789939808287285 1.6776567077191362
-0.17420767696880438 0.48378618698524756 1.6757980655226097
-0.14932086597326089 0.48967297588762226 1.6739394233260834
-0.12443405497771738 0.49555976478999697 1.6720807811295568
-0.09954724398217399 0.5014465536923717 1.6702221389330303
-0.0746604329866305 0.5073333425947464 1.668363496736504
-0.049773621991086994 0.5132201314971211 1.6665048545399774
-0.024886810995543497 0.5191069203994957 1.664646212343451
0.0 0.5249937093018704 1.6627875701469246
-0.9705856288261957 0.30173416752253285 1.7553082009939496
-0.9456988178306522 0.30762095642490755 1.753449558797423
-0.9208120068351087 0.31350774532728226 1.7515909166008965
-0.8959251958395653 0.3193945342296569 1.7497322744043702
-0.8710383848440219 0.3252813231320316 1.7478736322078436
-0.8461515738484783 0.3311681120344063 1.746014990011317
-0.8212647628529348 0.33705490093678103 1.7441563478147908
-0.7963779518573914 0.3429416898391557 1.7422977056182642
-0.7714911408618479 0.3488284787415304 1.7404390634217377
-0.7466043298663044 0.3547152676439051 1.7385804212252114
-0.721717518870761 0.3606020565462798 1.7367217790286849
-0.6968307078752174 0.36648884544865445 1.7348631368321583
-0.6719438968796739 0.37237563435102916 1.733004494635632
-0.6470570858841306 0.37826242325340387 1.7311458524391055
-0.6221702748885869 0.3841492121557786 1.729287210242579
-0.5972834638930435 0.3900360010581533 1.7274285680460526
-0.5723966528975001 0.39592278996052793 1.725569925849526
-0.5475098419019565 0.40180957886290264 1.7237112836529997
-0.5226230309064132 0.40769636776527735 1.7218526414564732
-0.4977362199108695 0.41358315666765205 1.7199939992599467
-0.4728494089153262 0.41946994557002676 1.7181353570634204
-0.44796259791978266 0.4253567344724014 1.7162767148668938
-0.42307578692423914 0.4312435233747761 1.7144180726703673
-0.3981889759286957 0.4371303122771508 1.712559430473841
-0.37330216493315216 0.44301710117952553 1.7107007882773144
-0.34841535393760875 0.44890389008190024 1.7088421460807879
-0.3235285429420653 0.4547906789842749 1.7069835038842616
-0.29864173194652177 0.4606774678866496 1.705124861687735
-0.27375492095097825 0.4665642567890243 1.7032662194912085
-0.24886810995543476 0.472451045691399 1.7014075772946822
-0.22398129895989138 0.4783378345937737 1.6995489350981556
-0.1990944879643479 0.48422462349614837 1.697690292901629
-0.17420767696880438 0.49011141239852307 1.6958316507051028
-0.14932086597326089 0.4959982013008978 1.6939730085085762
-0.12443405497771738 0.5018849902032725 1.6921143663120497
-0.09954724398217399 0.5077717791056472 1.6902557241155234
-0.0746604329866305 0.5136585680080219 1.6883970819189968
-0.049773621991086994 0.5195453569103966 1.6865384397224705
-0.024886810995543497 0.5254321458127713 1.684679797525944
0.0 0.5313189347151459 1.6828211553294175
-0.9705856288261957 0.30805939293580836 1.7753417861764424
-0.9456988178306522 0.31394618183818307 1.773483143979916
-0.9208120068351087 0.3198329707405578 1.7716245017833896
-0.8959251958395653 0.3257197596429324 1.769765859586863
-0.8710383848440219 0.33160654854530713 1.7679072173903367
-0.8461515738484783 0.33749333744768184 1.7660485751938102
-0.8212647628529348 0.34338012635005655 1.7641899329972837
-0.7963779518573914 0.34926691525243125 1.7623312908007573
-0.7714911408618479 0.3551537041548059 1.7604726486042308
-0.7466043298663044 0.3610404930571806 1.7586140064077043
-0.721717518870761 0.3669272819595553 1.756755364211178
-0.6968307078752174 0.37281407086193 1.7548967220146514
-0.6719438968796739 0.37870085976430473 1.7530380798181249
-0.6470570858841306 0.3845876486666794 1.7511794376215986
-0.6221702748885869 0.39047443756905414 1.749320795425072
-0.5972834638930435 0.3963612264714288 1.7474621532285455
-0.5723966528975001 0.4022480153738035 1.7456035110320192
-0.5475098419019565 0.4081348042761782 1.7437448688354926
-0.5226230309064132 0.41402159317855286 1.741886226638966
-0.4977362199108695 0.41990838208092757 1.7400275844424398
-0.4728494089153262 0.4257951709833023 1.7381689422459132
-0.44796259791978266 0.431681959885677 1.7363103000493867
-0.42307578692423914 0.4375687487880517 1.7344516578528604
-0.3981889759286957 0.44345553769042634 1.7325930156563338
-0.37330216493315216 0.44934232659280104 1.7307343734598073
-0.34841535393760875 0.45522911549517575 1.728875731263281
-0.3235285429420653 0.46111590439755046 1.7270170890667544
-0.29864173194652177 0.46700269329992516 1.7251584468702281
-0.27375492095097825 0.4728894822022998 1.7232998046737016
-0.24886810995543476 0.4787762711046745 1.721441162477175
-0.22398129895989138 0.48466306000704923 1.7195825202806487
-0.1990944879643479 0.49054984890942394 1.7177238780841222
-0.17420767696880438 0.4964366378117986 1.7158652358875957
-0.14932086597326089 0.5023234267141733 1.7140065936910693
-0.12443405497771738 0.508210215616548 1.7121479514945428
-0.09954724398217399 0.5140970045189227 1.7102893092980163
-0.0746604329866305 0.5199837934212974 1.70843066710149
-0.049773621991086994 0.5258705823236721 1.7065720249049634
-0.024886810995543497 0.5317573712260468 1.7047133827084369
0.0 0.5376441601284215 1.7028547405119105
-0.9705856288261957 0.31438461834908393 1.7953753713589358
-0.9456988178306522 0.32027140725145864 1.7935167291624092
-0.9208120068351087 0.32615819615383335 1.7916580869658827
-0.8959251958395653 0.332044985056208 1.7897994447693564
-0.8710383848440219 0.3379317739585827 1.7879408025728298
-0.8461515738484783 0.3438185628609574 1.7860821603763033
-0.8212647628529348 0.3497053517633321 1.784223518179777
-0.7963779518573914 0.3555921406657068 1.7823648759832504
-0.7714911408618479 0.3614789295680815 1.780506233786724
-0.7466043298663044 0.3673657184704562 1.7786475915901976
-0.721717518870761 0.3732525073728309 1.776788949393671
-0.6968307078752174 0.3791392962752056 1.7749303071971445
-0.6719438968796739 0.3850260851775803 1.7730716650006182
-0.6470570858841306 0.39091287407995495 1.7712130228040917
-0.6221702748885869 0.3967996629823297 1.7693543806075651
-0.5972834638930435 0.40268645188470437 1.7674957384110388
-0.5723966528975001 0.4085732407870791 1.7656370962145123
-0.5475098419019565 0.4144600296894538 1.763778454017986
-0.5226230309064132 0.42034681859182843 1.7619198118214594
-0.4977362199108695 0.4262336074942032 1.7600611696249329
-0.4728494089153262 0.43212039639657784 1.7582025274284065
-0.44796259791978266 0.43800718529895255 1.75634388523188
-0.42307578692423914 0.44389397420132726 1.7544852430353535
-0.3981889759286957 0.44978076310370196 1.7526266008388272
-0.37330216493315216 0.45566755200607667 1.7507679586423006
-0.34841535393760875 0.4615543409084513 1.748909316445774
-0.3235285429420653 0.46744112981082603 1.7470506742492478
-0.29864173194652177 0.47332791871320073 1.7451920320527212
-0.27375492095097825 0.47921470761557544 1.7433333898561947
-0.24886810995543476 0.48510149651795015 1.7414747476596684
-0.22398129895989138 0.4909882854203248 1.7396161054631418
-0.1990944879643479 0.4968750743226995 1.7377574632666153
-0.17420767696880438 0.5027618632250742 1.735898821070089
-0.14932086597326089 0.5086486521274489 1.7340401788735624
-0.12443405497771738 0.5145354410298236 1.732181536677036
-0.09954724398217399 0.5204222299321982 1.7303228944805096
-0.0746604329866305 0.5263090188345729 1.728464252283983
-0.049773621991086994 0.5321958077369476 1.7266056100874567
-0.024886810995543497 0.5380825966393223 1.7247469678909302
0.0 0.543969385541697 1.7228883256944036
-0.9705856288261957 0.3207098437623595 1.8154089565414286
-0.9456988178306522 0.3265966326647342 1.813550314344902
-0.9208120068351087 0.3324834215671089 1.8116916721483758
-0.8959251958395653 0.33837021046948357 1.8098330299518492
-0.8710383848440219 0.3442569993718583 1.807974387755323
-0.8461515738484783 0.350143788274233 1.8061157455587964
-0.8212647628529348 0.3560305771766077 1.8042571033622699
-0.7963779518573914 0.36191736607898234 1.8023984611657435
-0.7714911408618479 0.36780415498135705 1.800539818969217
-0.7466043298663044 0.37369094388373175 1.7986811767726905
-0.721717518870761 0.37957773278610646 1.7968225345761641
-0.6968307078752174 0.3854645216884811 1.7949638923796376
-0.6719438968796739 0.3913513105908558 1.793105250183111
-0.6470570858841306 0.3972380994932305 1.7912466079865847
-0.6221702748885869 0.40312488839560523 1.7893879657900582
-0.5972834638930435 0.40901167729797994 1.7875293235935317
-0.5723966528975001 0.4148984662003546 1.7856706813970054
-0.5475098419019565 0.4207852551027293 1.7838120392004788
-0.5226230309064132 0.426672044005104 1.7819533970039523
-0.4977362199108695 0.4325588329074787 1.780094754807426
-0.4728494089153262 0.43844562180985336 1.7782361126108994
-0.44796259791978266 0.44433241071222807 1.7763774704143729
-0.42307578692423914 0.45021919961460277 1.7745188282178466
-0.3981889759286957 0.4561059885169775 1.77266018602132
-0.37330216493315216 0.4619927774193522 1.7708015438247937
-0.34841535393760875 0.46787956632172684 1.7689429016282672
-0.3235285429420653 0.47376635522410154 1.7670842594317406
-0.29864173194652177 0.47965314412647625 1.7652256172352143
-0.27375492095097825 0.48553993302885096 1.7633669750386878
-0.24886810995543476 0.49142672193122566 1.7615083328421612
-0.22398129895989138 0.4973135108336003 1.759649690645635
-0.1990944879643479 0.503200299735975 1.7577910484491084
-0.17420767696880438 0.5090870886383497 1.7559324062525818
-0.14932086597326089 0.5149738775407244 1.7540737640560555
-0.12443405497771738 0.5208606664430991 1.752215121859529
-0.09954724398217399 0.5267474553454738 1.7503564796630025
-0.0746604329866305 0.5326342442478486 1.7484978374664761
-0.049773621991086994 0.5385210331502231 1.7466391952699496
-0.024886810995543497 0.5444078220525979 1.744780553073423
0.0 0.5502946109549726 1.7429219108768967
-0.9705856288261957 0.327035069175635 1.8354425417239217
-0.9456988178306522 0.3329218580780097 1.8335838995273952
-0.9208120068351087 0.33880864698038443 1.8317252573308687
-0.8959251958395653 0.3446954358827591 1.8298666151343423
-0.8710383848440219 0.3505822247851338 1.8280079729378158
-0.8461515738484783 0.3564690136875085 1.8261493307412893
-0.8212647628529348 0.3623558025898832 1.824290688544763
-0.7963779518573914 0.36824259149225785 1.8224320463482364
-0.7714911408618479 0.37412938039463256 1.82057340415171
-0.7466043298663044 0.38001616929700727 1.8187147619551836
-0.721717518870761 0.385902958199382 1.816856119758657
-0.6968307078752174 0.3917897471017566 1.8149974775621307
-0.6719438968796739 0.39767653600413133 1.8131388353656042
-0.6470570858841306 0.40356332490650604 1.8112801931690776
-0.6221702748885869 0.40945011380888074 1.8094215509725513
-0.5972834638930435 0.41533690271125545 1.8075629087760248
-0.5723966528975001 0.4212236916136301 1.8057042665794982
-0.5475098419019565 0.4271104805160048 1.803845624382972
-0.5226230309064132 0.4329972694183795 1.8019869821864454
-0.4977362199108695 0.4388840583207542 1.8001283399899188
-0.4728494089153262 0.44477084722312893 1.7982696977933925
-0.44796259791978266 0.4506576361255036 1.796411055596866
-0.42307578692423914 0.4565444250278783 1.7945524134003394
-0.3981889759286957 0.462431213930253 1.7926937712038131
-0.37330216493315216 0.4683180028326277 1.7908351290072866
-0.34841535393760875 0.4742047917350024 1.78897648681076
-0.3235285429420653 0.48009158063737706 1.7871178446142337
-0.29864173194652177 0.48597836953975176 1.7852592024177072
-0.27375492095097825 0.49186515844212647 1.7834005602211807
-0.24886810995543476 0.4977519473445012 1.7815419180246543
-0.22398129895989138 0.5036387362468758 1.7796832758281278
-0.1990944879643479 0.5095255251492505 1.7778246336316015
-0.17420767696880438 0.5154123140516252 1.775965991435075
-0.14932086597326089 0.521299102954 1.7741073492385484
-0.12443405497771738 0.5271858918563747 1.772248707042022
-0.09954724398217399 0.5330726807587494 1.7703900648454955
-0.0746604329866305 0.5389594696611241 1.768531422648969
-0.049773621991086994 0.5448462585634988 1.7666727804524427
-0.024886810995543497 0.5507330474658734 1.7648141382559162
0.0 0.5566198363682481 1.7629554960593896
-0.9705856288261957 0.3333602945889106 1.8554761269064148
-0.9456988178306522 0.3392470834912853 1.8536174847098885
-0.9208120068351087 0.34513387239366 1.851758842513362
-0.8959251958395653 0.35102066129603465 1.8499002003168354
-0.8710383848440219 0.35690745019840936 1.8480415581203091
-0.8461515738484783 0.36279423910078407 1.8461829159237826
-0.8212647628529348 0.3686810280031588 1.844324273727256
-0.7963779518573914 0.3745678169055335 1.8424656315307297
-0.7714911408618479 0.38045460580790813 1.8406069893342032
-0.7466043298663044 0.38634139471028284 1.8387483471376767
-0.721717518870761 0.39222818361265754 1.8368897049411503
-0.6968307078752174 0.39811497251503225 1.8350310627446238
-0.6719438968796739 0.40400176141740696 1.8331724205480973
-0.6470570858841306 0.4098885503197816 1.831313778351571
-0.6221702748885869 0.41577533922215637 1.8294551361550444
-0.5972834638930435 0.421662128124531 1.8275964939585179
-0.5723966528975001 0.42754891702690573 1.8257378517619915
-0.5475098419019565 0.43343570592928043 1.823879209565465
-0.5226230309064132 0.4393224948316551 1.8220205673689385
-0.4977362199108695 0.4452092837340298 1.8201619251724122
-0.4728494089153262 0.4510960726364045 1.8183032829758856
-0.44796259791978266 0.4569828615387792 1.8164446407793593
-0.42307578692423914 0.4628696504411539 1.8145859985828328
-0.3981889759286957 0.46875643934352856 1.8127273563863062
-0.37330216493315216 0.47464322824590327 1.81086871418978
-0.34841535393760875 0.480530017148278 1.8090100719932534
-0.3235285429420653 0.4864168060506527 1.8071514297967268
-0.29864173194652177 0.4923035949530274 1.8052927876002005
-0.27375492095097825 0.49819038385540204 1.803434145403674
-0.24886810995543476 0.5040771727577767 1.8015755032071474
-0.22398129895989138 0.5099639616601515 1.7997168610106211
-0.1990944879643479 0.5158507505625262 1.7978582188140946
-0.17420767696880438 0.5217375394649009 1.795999576617568
-0.14932086597326089 0.5276243283672756 1.7941409344210417
-0.12443405497771738 0.5335111172696503 1.7922822922245152
-0.09954724398217399 0.5393979061720249 1.7904236500279886
-0.0746604329866305 0.5452846950743996 1.7885650078314623
-0.049773621991086994 0.5511714839767743 1.7867063656349358
-0.024886810995543497 0.557058272879149 1.7848477234384093
0.0 0.5629450617815237 1.782989081241883
-0.9705856288261957 0.3396855200021861 1.875509712088908
-0.9456988178306522 0.3455723089045608 1.8736510698923814
-0.9208120068351087 0.3514590978069355 1.8717924276958549
-0.8959251958395653 0.35734588670931017 1.8699337854993285
-0.8710383848440219 0.3632326756116849 1.868075143302802
-0.8461515738484783 0.3691194645140596 1.8662165011062755
-0.8212647628529348 0.3750062534164343 1.8643578589097491
-0.7963779518573914 0.380893042318809 1.8624992167132226
-0.7714911408618479 0.38677983122118365 1.8606405745166963
-0.7466043298663044 0.39266662012355835 1.8587819323201697
-0.721717518870761 0.39855340902593306 1.8569232901236432
-0.6968307078752174 0.40444019792830777 1.855064647927117
-0.6719438968796739 0.41032698683068247 1.8532060057305904
-0.6470570858841306 0.4162137757330571 1.8513473635340638
-0.6221702748885869 0.4221005646354319 1.8494887213375375
-0.5972834638930435 0.42798735353780654 1.847630079141011
-0.5723966528975001 0.43387414244018124 1.8457714369444844
-0.5475098419019565 0.43976093134255595 1.843912794747958
-0.5226230309064132 0.4456477202449306 1.8420541525514316
-0.4977362199108695 0.45153450914730536 1.840195510354905
-0.4728494089153262 0.45742129804968 1.8383368681583787
-0.44796259791978266 0.4633080869520547 1.8364782259618522
-0.42307578692423914 0.4691948758544294 1.8346195837653256
-0.3981889759286957 0.47508166475680413 1.8327609415687993
-0.37330216493315216 0.48096845365917884 1.8309022993722728
-0.34841535393760875 0.4868552425615535 1.8290436571757462
-0.3235285429420653 0.4927420314639282 1.82718501497922
-0.29864173194652177 0.4986288203663029 1.8253263727826934
-0.27375492095097825 0.5045156092686776 1.8234677305861668
-0.24886810995543476 0.5104023981710523 1.8216090883896405
-0.22398129895989138 0.516289187073427 1.819750446193114
-0.1990944879643479 0.5221759759758017 1.8178918039965877
-0.17420767696880438 0.5280627648781764 1.8160331618000611
-0.14932086597326089 0.5339495537805511 1.8141745196035346
-0.12443405497771738 0.5398363426829258 1.8123158774070083
-0.09954724398217399 0.5457231315853004 1.8104572352104817
-0.0746604329866305 0.5516099204876751 1.8085985930139552
-0.049773621991086994 0.5574967093900498 1.8067399508174289
-0.024886810995543497 0.5633834982924245 1.8048813086209023
0.0 0.5692702871947992 1.8030226664243758
-0.9705856288261957 0.3460107454154616 1.8955432972714008
-0.9456988178306522 0.3518975343178363 1.8936846550748745
-0.9208120068351087 0.35778432322021103 1.891826012878348
-0.8959251958395653 0.3636711121225857 1.8899673706818214
-0.8710383848440219 0.3695579010249604 1.888108728485295
-0.8461515738484783 0.3754446899273351 1.8862500862887686
-0.8212647628529348 0.3813314788297098 1.884391444092242
-0.7963779518573914 0.3872182677320845 1.8825328018957157
-0.7714911408618479 0.39310505663445916 1.8806741596991892
-0.7466043298663044 0.39899184553683387 1.8788155175026626
-0.721717518870761 0.4048786344392086 1.8769568753061363
-0.6968307078752174 0.4107654233415833 1.8750982331096098
-0.6719438968796739 0.416652212243958 1.8732395909130832
-0.6470570858841306 0.42253900114633264 1.871380948716557
-0.6221702748885869 0.4284257900487074 1.8695223065200304
-0.5972834638930435 0.43431257895108205 1.8676636643235038
-0.5723966528975001 0.44019936785345676 1.8658050221269775
-0.5475098419019565 0.44608615675583146 1.863946379930451
-0.5226230309064132 0.4519729456582061 1.8620877377339247
-0.4977362199108695 0.4578597345605809 1.8602290955373981
-0.4728494089153262 0.46374652346295553 1.8583704533408716
-0.44796259791978266 0.46963331236533024 1.8565118111443453
-0.42307578692423914 0.47552010126770494 1.8546531689478187
-0.3981889759286957 0.48140689017007965 1.8527945267512922
-0.37330216493315216 0.48729367907245436 1.8509358845547659
-0.34841535393760875 0.493180467974829 1.8490772423582393
-0.3235285429420653 0.4990672568772037 1.8472186001617128
-0.29864173194652177 0.5049540457795784 1.8453599579651865
-0.27375492095097825 0.5108408346819531 1.84350131576866
-0.24886810995543476 0.5167276235843278 1.8416426735721334
-0.22398129895989138 0.5226144124867025 1.839784031375607
-0.1990944879643479 0.5285012013890772 1.8379253891790805
-0.17420767696880438 0.5343879902914519 1.836066746982554
-0.14932086597326089 0.5402747791938266 1.8342081047860277
-0.12443405497771738 0.5461615680962013 1.8323494625895012
-0.09954724398217399 0.5520483569985759 1.8304908203929746
-0.0746604329866305 0.5579351459009506 1.8286321781964483
-0.049773621991086994 0.5638219348033253 1.8267735359999218
-0.024886810995543497 0.5697087237057 1.8249148938033952
0.0 0.5755955126080747 1.823056251606869
-0.9705856288261957 0.35233597082873724 1.9155768824538941
-0.9456988178306522 0.35822275973111195 1.9137182402573676
-0.9208120068351087 0.36410954863348666 1.911859598060841
-0.8959251958395653 0.3699963375358613 1.9100009558643147
-0.8710383848440219 0.375883126438236 1.9081423136677882
-0.8461515738484783 0.3817699153406107 1.9062836714712617
-0.8212647628529348 0.38765670424298543 1.9044250292747353
-0.7963779518573914 0.3935434931453601 1.9025663870782088
-0.7714911408618479 0.3994302820477348 1.9007077448816825
-0.7466043298663044 0.4053170709501095 1.898849102685156
-0.721717518870761 0.4112038598524842 1.8969904604886294
-0.6968307078752174 0.41709064875485885 1.895131818292103
-0.6719438968796739 0.42297743765723356 1.8932731760955765
-0.6470570858841306 0.42886422655960826 1.89141453389905
-0.6221702748885869 0.43475101546198297 1.8895558917025237
-0.5972834638930435 0.4406378043643577 1.8876972495059972
-0.5723966528975001 0.44652459326673233 1.8858386073094706
-0.5475098419019565 0.45241138216910703 1.8839799651129443
-0.5226230309064132 0.45829817107148174 1.8821213229164178
-0.4977362199108695 0.46418495997385645 1.8802626807198912
-0.4728494089153262 0.47007174887623115 1.878404038523365
-0.44796259791978266 0.4759585377786058 1.8765453963268384
-0.42307578692423914 0.4818453266809805 1.8746867541303118
-0.3981889759286957 0.4877321155833552 1.8728281119337855
-0.37330216493315216 0.4936189044857299 1.870969469737259
-0.34841535393760875 0.49950569338810463 1.8691108275407324
-0.3235285429420653 0.5053924822904793 1.8672521853442061
-0.29864173194652177 0.511279271192854 1.8653935431476796
-0.27375492095097825 0.5171660600952287 1.863534900951153
-0.24886810995543476 0.5230528489976034 1.8616762587546267
-0.22398129895989138 0.5289396378999781 1.8598176165581002
-0.1990944879643479 0.5348264268023528 1.8579589743615739
-0.17420767696880438 0.5407132157047275 1.8561003321650473
-0.14932086597326089 0.5466000046071022 1.8542416899685208
-0.12443405497771738 0.5524867935094768 1.8523830477719945
-0.09954724398217399 0.5583735824118515 1.850524405575468
-0.0746604329866305 0.5642603713142262 1.8486657633789414
-0.049773621991086994 0.570147160216601 1.846807121182415
-0.024886810995543497 0.5760339491189757 1.8449484789858885
0.0 0.5819207380213504 1.843089836789362
-0.9705856288261957 0.35866119624201276 1.935610467636387
-0.9456988178306522 0.36454798514438747 1.9337518254398607
-0.9208120068351087 0.37043477404676217 1.9318931832433341
-0.8959251958395653 0.3763215629491368 1.9300345410468076
-0.8710383848440219 0.38220835185151153 1.9281758988502813
-0.8461515738484783 0.38809514075388624 1.9263172566537548
-0.8212647628529348 0.39398192965626094 1.9244586144572282
-0.7963779518573914 0.39986871855863565 1.922599972260702
-0.7714911408618479 0.4057555074610103 1.9207413300641754
-0.7466043298663044 0.411642296363385 1.9188826878676488
-0.721717518870761 0.4175290852657597 1.9170240456711225
-0.6968307078752174 0.4234158741681344 1.915165403474596
-0.6719438968796739 0.4293026630705091 1.9133067612780694
-0.6470570858841306 0.4351894519728838 1.911448119081543
-0.6221702748885869 0.44107624087525854 1.9095894768850166
-0.5972834638930435 0.4469630297776332 1.90773083468849
-0.5723966528975001 0.4528498186800079 1.9058721924919637
-0.5475098419019565 0.4587366075823826 1.9040135502954372
-0.5226230309064132 0.46462339648475726 1.9021549080989109
-0.4977362199108695 0.47051018538713196 1.9002962659023843
-0.4728494089153262 0.47639697428950667 1.8984376237058578
-0.44796259791978266 0.4822837631918814 1.8965789815093315
-0.42307578692423914 0.4881705520942561 1.894720339312805
-0.3981889759286957 0.49405734099663073 1.8928616971162784
-0.37330216493315216 0.49994412989900544 1.891003054919752
-0.34841535393760875 0.5058309188013801 1.8891444127232255
-0.3235285429420653 0.5117177077037548 1.887285770526699
-0.29864173194652177 0.5176044966061295 1.8854271283301727
-0.27375492095097825 0.5234912855085042 1.8835684861336461
-0.24886810995543476 0.5293780744108789 1.8817098439371196
-0.22398129895989138 0.5352648633132536 1.8798512017405933
-0.1990944879643479 0.5411516522156283 1.8779925595440667
-0.17420767696880438 0.547038441118003 1.8761339173475402
-0.14932086597326089 0.5529252300203777 1.8742752751510139
-0.12443405497771738 0.5588120189227525 1.8724166329544873
-0.09954724398217399 0.564698807825127 1.8705579907579608
-0.0746604329866305 0.5705855967275018 1.8686993485614345
-0.049773621991086994 0.5764723856298765 1.866840706364908
-0.024886810995543497 0.5823591745322512 1.8649820641683814
0.0 0.5882459634346259 1.863123421971855
-0.9705856288261957 0.3649864216552883 1.95564405281888
-0.9456988178306522 0.370873210557663 1.9537854106223536
-0.9208120068351087 0.3767599994600377 1.951926768425827
-0.8959251958395653 0.38264678836241234 1.9500681262293007
-0.8710383848440219 0.38853357726478704 1.9482094840327742
-0.8461515738484783 0.39442036616716175 1.9463508418362478
-0.8212647628529348 0.40030715506953646 1.9444921996397213
-0.7963779518573914 0.40619394397191116 1.9426335574431948
-0.7714911408618479 0.4120807328742858 1.9407749152466685
-0.7466043298663044 0.4179675217766605 1.938916273050142
-0.721717518870761 0.42385431067903523 1.9370576308536154
-0.6968307078752174 0.42974109958140994 1.935198988657089
-0.6719438968796739 0.43562788848378464 1.9333403464605625
-0.6470570858841306 0.4415146773861593 1.931481704264036
-0.6221702748885869 0.44740146628853406 1.9296230620675097
-0.5972834638930435 0.4532882551909087 1.9277644198709831
-0.5723966528975001 0.4591750440932834 1.9259057776744566
-0.5475098419019565 0.4650618329956581 1.9240471354779303
-0.5226230309064132 0.47094862189803277 1.9221884932814037
-0.4977362199108695 0.4768354108004075 1.9203298510848772
-0.4728494089153262 0.4827221997027822 1.9184712088883509
-0.44796259791978266 0.4886089886051569 1.9166125666918243
-0.42307578692423914 0.4944957775075316 1.9147539244952978
-0.3981889759286957 0.5003825664099063 1.9128952822987715
-0.37330216493315216 0.506269355312281 1.911036640102245
-0.34841535393760875 0.5121561442146556 1.9091779979057186
-0.3235285429420653 0.5180429331170303 1.907319355709192
-0.29864173194652177 0.523929722019405 1.9054607135126655
-0.27375492095097825 0.5298165109217797 1.9036020713161392
-0.24886810995543476 0.5357032998241544 1.9017434291196127
-0.22398129895989138 0.5415900887265291 1.8998847869230862
-0.1990944879643479 0.5474768776289038 1.8980261447265598
-0.17420767696880438 0.5533636665312786 1.8961675025300333
-0.14932086597326089 0.5592504554336533 1.8943088603335068
-0.12443405497771738 0.565137244336028 1.8924502181369804
-0.09954724398217399 0.5710240332384026 1.890591575940454
-0.0746604329866305 0.5769108221407773 1.8887329337439274
-0.049773621991086994 0.582797611043152 1.886874291547401
-0.024886810995543497 0.5886843999455267 1.8850156493508745
0.0 0.5945711888479014 1.883157007154348
-0.9705856288261957 0.3713116470685639 1.9756776380013732
-0.9456988178306522 0.3771984359709386 1.9738189958048469
-0.9208120068351087 0.3830852248733133 1.9719603536083203
-0.8959251958395653 0.38897201377568796 1.9701017114117938
-0.8710383848440219 0.39485880267806267 1.9682430692152675
-0.8461515738484783 0.4007455915804374 1.966384427018741
-0.8212647628529348 0.4066323804828121 1.9645257848222144
-0.7963779518573914 0.41251916938518673 1.962667142625688
-0.7714911408618479 0.41840595828756144 1.9608085004291615
-0.7466043298663044 0.42429274718993615 1.958949858232635
-0.721717518870761 0.43017953609231085 1.9570912160361087
-0.6968307078752174 0.4360663249946855 1.9552325738395822
-0.6719438968796739 0.4419531138970602 1.9533739316430556
-0.6470570858841306 0.4478399027994349 1.9515152894465293
-0.6221702748885869 0.4537266917018096 1.9496566472500028
-0.5972834638930435 0.45961348060418433 1.9477980050534764
-0.5723966528975001 0.465500269506559 1.94593936285695
-0.5475098419019565 0.4713870584089337 1.9440807206604234
-0.5226230309064132 0.4772738473113084 1.942222078463897
-0.4977362199108695 0.4831606362136831 1.9403634362673705
-0.4728494089153262 0.48904742511605775 1.938504794070844
-0.44796259791978266 0.49493421401843246 1.9366461518743177
-0.42307578692423914 0.5008210029208072 1.9347875096777911
-0.3981889759286957 0.5067077918231818 1.9329288674812646
-0.37330216493315216 0.5125945807255565 1.9310702252847383
-0.34841535393760875 0.5184813696279312 1.9292115830882117
-0.3235285429420653 0.5243681585303059 1.9273529408916852
-0.29864173194652177 0.5302549474326806 1.9254942986951589
-0.27375492095097825 0.5361417363350554 1.9236356564986323
-0.24886810995543476 0.5420285252374301 1.9217770143021058
-0.22398129895989138 0.5479153141398048 1.9199183721055795
-0.1990944879643479 0.5538021030421795 1.918059729909053
-0.17420767696880438 0.5596888919445541 1.9162010877125264
-0.14932086597326089 0.5655756808469288 1.914342445516
-0.12443405497771738 0.5714624697493035 1.9124838033194735
-0.09954724398217399 0.5773492586516782 1.910625161122947
-0.0746604329866305 0.5832360475540529 1.9087665189264207
-0.049773621991086994 0.5891228364564276 1.9069078767298941
-0.024886810995543497 0.5950096253588023 1.9050492345333678
0.0 0.600896414261177 1.9031905923368413
-0.9705856288261957 0.37763687248183936 1.995711223183866
-0.9456988178306522 0.38352366138421407 1.9938525809873395
-0.9208120068351087 0.38941045028658877 1.9919939387908132
-0.8959251958395653 0.3952972391889634 1.9901352965942867
-0.8710383848440219 0.40118402809133813 1.9882766543977601
-0.8461515738484783 0.40707081699371284 1.9864180122012338
-0.8212647628529348 0.41295760589608754 1.9845593700047073
-0.7963779518573914 0.4188443947984622 1.9827007278081807
-0.7714911408618479 0.4247311837008369 1.9808420856116544
-0.7466043298663044 0.4306179726032116 1.9789834434151279
-0.721717518870761 0.4365047615055863 1.9771248012186013
-0.6968307078752174 0.44239155040796097 1.975266159022075
-0.6719438968796739 0.44827833931033567 1.9734075168255485
-0.6470570858841306 0.4541651282127104 1.971548874629022
-0.6221702748885869 0.4600519171150851 1.9696902324324956
-0.5972834638930435 0.4659387060174598 1.967831590235969
-0.5723966528975001 0.47182549491983444 1.9659729480394426
-0.5475098419019565 0.47771228382220915 1.9641143058429162
-0.5226230309064132 0.48359907272458386 1.9622556636463897
-0.4977362199108695 0.48948586162695856 1.9603970214498632
-0.4728494089153262 0.4953726505293332 1.9585383792533368
-0.44796259791978266 0.5012594394317079 1.9566797370568103
-0.42307578692423914 0.5071462283340826 1.954821094860284
-0.3981889759286957 0.5130330172364573 1.9529624526637575
-0.37330216493315216 0.518919806138832 1.951103810467231
-0.34841535393760875 0.5248065950412067 1.9492451682707046
-0.3235285429420653 0.5306933839435815 1.947386526074178
-0.29864173194652177 0.5365801728459562 1.9455278838776515
-0.27375492095097825 0.5424669617483308 1.9436692416811252
-0.24886810995543476 0.5483537506507055 1.9418105994845987
-0.22398129895989138 0.5542405395530802 1.9399519572880721
-0.1990944879643479 0.5601273284554549 1.9380933150915458
-0.17420767696880438 0.5660141173578296 1.9362346728950193
-0.14932086597326089 0.5719009062602043 1.9343760306984927
-0.12443405497771738 0.577787695162579 1.9325173885019664
-0.09954724398217399 0.5836744840649537 1.9306587463054399
-0.0746604329866305 0.5895612729673283 1.9288001041089133
-0.049773621991086994 0.595448061869703 1.926941461912387
-0.024886810995543497 0.6013348507720777 1.9250828197158605
0.0 0.6072216396744524 1.923224177519334
-0.9705856288261957 0.383962097895115 2.0157448083663594
-0.9456988178306522 0.3898488867974897 2.013886166169833
-0.9208120068351087 0.3957356756998644 2.0120275239733063
-0.8959251958395653 0.40162246460223905 2.01016888177678
-0.8710383848440219 0.40750925350461376 2.0083102395802537
-0.8461515738484783 0.41339604240698846 2.006451597383727
-0.8212647628529348 0.41928283130936317 2.0045929551872006
-0.7963779518573914 0.4251696202117379 2.002734312990674
-0.7714911408618479 0.4310564091141125 2.000875670794148
-0.7466043298663044 0.43694319801648723 1.9990170285976212
-0.721717518870761 0.44282998691886194 1.9971583864010949
-0.6968307078752174 0.44871677582123665 1.9952997442045683
-0.6719438968796739 0.45460356472361135 1.9934411020080418
-0.6470570858841306 0.460490353625986 1.9915824598115155
-0.6221702748885869 0.46637714252836077 1.989723817614989
-0.5972834638930435 0.4722639314307354 1.9878651754184626
-0.5723966528975001 0.4781507203331101 1.986006533221936
-0.5475098419019565 0.48403750923548483 1.9841478910254096
-0.5226230309064132 0.4899242981378595 1.9822892488288832
-0.4977362199108695 0.4958110870402342 1.9804306066323567
-0.4728494089153262 0.5016978759426088 1.9785719644358302
-0.44796259791978266 0.5075846648449835 1.9767133222393038
-0.42307578692423914 0.5134714537473583 1.9748546800427773
-0.3981889759286957 0.519358242649733 1.9729960378462508
-0.37330216493315216 0.5252450315521077 1.9711373956497245
-0.34841535393760875 0.5311318204544824 1.969278753453198
-0.3235285429420653 0.5370186093568571 1.9674201112566714
-0.29864173194652177 0.5429053982592318 1.965561469060145
-0.27375492095097825 0.5487921871616065 1.9637028268636185
-0.24886810995543476 0.5546789760639812 1.961844184667092
-0.22398129895989138 0.5605657649663558 1.9599855424705657
-0.1990944879643479 0.5664525538687305 1.9581269002740391
-0.17420767696880438 0.5723393427711052 1.9562682580775126
-0.14932086597326089 0.5782261316734799 1.9544096158809863
-0.12443405497771738 0.5841129205758546 1.9525509736844597
-0.09954724398217399 0.5899997094782293 1.9506923314879332
-0.0746604329866305 0.595886498380604 1.9488336892914069
-0.049773621991086994 0.6017732872829787 1.9469750470948803
-0.024886810995543497 0.6076600761853534 1.945116404898354
0.0 0.6135468650877282 1.9432577627018275
-0.9705856288261957 0.3902873233083905 2.0357783935488523
-0.9456988178306522 0.3961741122107652 2.033919751352326
-0.9208120068351087 0.4020609011131399 2.0320611091557996
-0.8959251958395653 0.40794769001551456 2.030202466959273
-0.8710383848440219 0.41383447891788927 2.0283438247627466
-0.8461515738484783 0.419721267820264 2.02648518256622
-0.8212647628529348 0.4256080567226387 2.0246265403696935
-0.7963779518573914 0.4314948456250134 2.0227678981731674
-0.7714911408618479 0.43738163452738804 2.020909255976641
-0.7466043298663044 0.44326842342976275 2.0190506137801143
-0.721717518870761 0.44915521233213745 2.0171919715835878
-0.6968307078752174 0.45504200123451216 2.0153333293870612
-0.6719438968796739 0.46092879013688687 2.0134746871905347
-0.6470570858841306 0.4668155790392615 2.0116160449940086
-0.6221702748885869 0.4727023679416363 2.009757402797482
-0.5972834638930435 0.47858915684401093 2.0078987606009555
-0.5723966528975001 0.48447594574638564 2.006040118404429
-0.5475098419019565 0.49036273464876035 2.0041814762079024
-0.5226230309064132 0.496249523551135 2.0023228340113763
-0.4977362199108695 0.5021363124535098 2.00046419181485
-0.4728494089153262 0.5080231013558845 1.9986055496183233
-0.44796259791978266 0.5139098902582591 1.9967469074217967
-0.42307578692423914 0.5197966791606338 1.9948882652252702
-0.3981889759286957 0.5256834680630085 1.9930296230287439
-0.37330216493315216 0.5315702569653832 1.9911709808322173
-0.34841535393760875 0.5374570458677579 1.989312338635691
-0.3235285429420653 0.5433438347701326 1.9874536964391645
-0.29864173194652177 0.5492306236725073 1.985595054242638
-0.27375492095097825 0.555117412574882 1.9837364120461116
-0.24886810995543476 0.5610042014772567 1.981877769849585
-0.22398129895989138 0.5668909903796313 1.9800191276530585
-0.1990944879643479 0.572777779282006 1.9781604854565322
-0.17420767696880438 0.5786645681843807 1.9763018432600057
-0.14932086597326089 0.5845513570867554 1.9744432010634791
-0.12443405497771738 0.5904381459891301 1.9725845588669528
-0.09954724398217399 0.5963249348915048 1.9707259166704263
-0.0746604329866305 0.6022117237938795 1.9688672744738998
-0.049773621991086994 0.6080985126962543 1.9670086322773734
-0.024886810995543497 0.613985301598629 1.965149990080847
0.0 0.6198720905010037 1.9632913478843204
-0.9705856288261957 0.396612548721666 2.0558119787313456
-0.9456988178306522 0.4024993376240407 2.053953336534819
-0.9208120068351087 0.4083861265264154 2.0520946943382925
-0.8959251958395653 0.4142729154287901 2.050236052141766
-0.8710383848440219 0.4201597043311648 2.0483774099452394
-0.8461515738484783 0.4260464932335395 2.0465187677487133
-0.8212647628529348 0.4319332821359142 2.044660125552187
-0.7963779518573914 0.4378200710382889 2.0428014833556603
-0.7714911408618479 0.44370685994066356 2.0409428411591337
-0.7466043298663044 0.44959364884303826 2.039084198962607
-0.721717518870761 0.45548043774541297 2.0372255567660806
-0.6968307078752174 0.4613672266477877 2.0353669145695545
-0.6719438968796739 0.4672540155501624 2.033508272373028
-0.6470570858841306 0.47314080445253703 2.0316496301765015
-0.6221702748885869 0.4790275933549118 2.029790987979975
-0.5972834638930435 0.48491438225728645 2.0279323457834484
-0.5723966528975001 0.49080117115966115 2.026073703586922
-0.5475098419019565 0.49668796006203586 2.0242150613903958
-0.5226230309064132 0.5025747489644106 2.022356419193869
-0.4977362199108695 0.5084615378667853 2.0204977769973427
-0.4728494089153262 0.51434832676916 2.018639134800816
-0.44796259791978266 0.5202351156715346 2.0167804926042896
-0.42307578692423914 0.5261219045739093 2.0149218504077635
-0.3981889759286957 0.532008693476284 2.013063208211237
-0.37330216493315216 0.5378954823786587 2.0112045660147104
-0.34841535393760875 0.5437822712810334 2.009345923818184
-0.3235285429420653 0.5496690601834081 2.0074872816216573
-0.29864173194652177 0.5555558490857828 2.005628639425131
-0.27375492095097825 0.5614426379881575 2.0037699972286047
-0.24886810995543476 0.5673294268905322 2.001911355032078
-0.22398129895989138 0.5732162157929069 2.0000527128355516
-0.1990944879643479 0.5791030046952815 1.998194070639025
-0.17420767696880438 0.5849897935976562 1.9963354284424988
-0.14932086597326089 0.590876582500031 1.9944767862459722
-0.12443405497771738 0.5967633714024057 1.9926181440494457
-0.09954724398217399 0.6026501603047804 1.9907595018529194
-0.0746604329866305 0.6085369492071551 1.9889008596563928
-0.049773621991086994 0.6144237381095298 1.9870422174598663
-0.024886810995543497 0.6203105270119045 1.98518357526334
0.0 0.6261973159142792 1.9833249330668135
-0.9705856288261957 0.4029377741349416 2.0758455639138385
-0.9456988178306522 0.4088245630373163 2.073986921717312
-0.9208120068351087 0.414711351939691 2.0721282795207854
-0.8959251958395653 0.42059814084206565 2.070269637324259
-0.8710383848440219 0.42648492974444036 2.0684109951277327
-0.8461515738484783 0.43237171864681506 2.066552352931206
-0.8212647628529348 0.43825850754918977 2.0646937107346797
-0.7963779518573914 0.4441452964515644 2.062835068538153
-0.7714911408618479 0.4500320853539391 2.0609764263416266
-0.7466043298663044 0.45591887425631383 2.0591177841451005
-0.721717518870761 0.46180566315868854 2.057259141948574
-0.6968307078752174 0.4676924520610632 2.0554004997520474
-0.6719438968796739 0.4735792409634379 2.053541857555521
-0.6470570858841306 0.4794660298658126 2.0516832153589943
-0.6221702748885869 0.4853528187681873 2.049824573162468
-0.5972834638930435 0.491239607670562 2.0479659309659417
-0.5723966528975001 0.49712639657293667 2.046107288769415
-0.5475098419019565 0.5030131854753114 2.0442486465728886
-0.5226230309064132 0.5088999743776861 2.042390004376362
-0.4977362199108695 0.5147867632800608 2.0405313621798356
-0.4728494089153262 0.5206735521824355 2.038672719983309
-0.44796259791978266 0.5265603410848102 2.036814077786783
-0.42307578692423914 0.5324471299871849 2.0349554355902564
-0.3981889759286957 0.5383339188895595 2.03309679339373
-0.37330216493315216 0.5442207077919342 2.0312381511972033
-0.34841535393760875 0.5501074966943089 2.0293795090006768
-0.3235285429420653 0.5559942855966836 2.0275208668041502
-0.29864173194652177 0.5618810744990583 2.025662224607624
-0.27375492095097825 0.567767863401433 2.0238035824110976
-0.24886810995543476 0.5736546523038077 2.021944940214571
-0.22398129895989138 0.5795414412061825 2.0200862980180445
-0.1990944879643479 0.5854282301085572 2.018227655821518
-0.17420767696880438 0.5913150190109318 2.016369013624992
-0.14932086597326089 0.5972018079133065 2.0145103714284653
-0.12443405497771738 0.6030885968156812 2.012651729231939
-0.09954724398217399 0.6089753857180559 2.0107930870354123
-0.0746604329866305 0.6148621746204306 2.0089344448388857
-0.049773621991086994 0.6207489635228053 2.007075802642359
-0.024886810995543497 0.62663575242518 2.005217160445833
0.0 0.6325225413275547 2.0033585182493066
-0.9705856288261957 0.4092629995482171 2.0958791490963313
-0.9456988178306522 0.4151497884505918 2.094020506899805
-0.9208120068351087 0.4210365773529665 2.0921618647032787
-0.8959251958395653 0.42692336625534116 2.090303222506752
-0.8710383848440219 0.43281015515771587 2.0884445803102256
-0.8461515738484783 0.4386969440600906 2.086585938113699
-0.8212647628529348 0.4445837329624653 2.0847272959171725
-0.7963779518573914 0.45047052186483993 2.082868653720646
-0.7714911408618479 0.45635731076721464 2.08101001152412
-0.7466043298663044 0.46224409966958935 2.0791513693275934
-0.721717518870761 0.46813088857196405 2.077292727131067
-0.6968307078752174 0.4740176774743387 2.0754340849345403
-0.6719438968796739 0.4799044663767134 2.0735754427380138
-0.6470570858841306 0.4857912552790881 2.071716800541487
-0.6221702748885869 0.4916780441814628 2.069858158344961
-0.5972834638930435 0.49756483308383753 2.0679995161484346
-0.5723966528975001 0.5034516219862122 2.066140873951908
-0.5475098419019565 0.5093384108885869 2.0642822317553815
-0.5226230309064132 0.5152251997909616 2.062423589558855
-0.4977362199108695 0.5211119886933363 2.060564947362329
-0.4728494089153262 0.526998777595711 2.0587063051658023
-0.44796259791978266 0.5328855664980857 2.056847662969276
-0.42307578692423914 0.5387723554004604 2.0549890207727493
-0.3981889759286957 0.5446591443028351 2.0531303785762227
-0.37330216493315216 0.5505459332052098 2.051271736379696
-0.34841535393760875 0.5564327221075844 2.04941309418317
-0.3235285429420653 0.5623195110099591 2.0475544519866435
-0.29864173194652177 0.5682062999123338 2.045695809790117
-0.27375492095097825 0.5740930888147086 2.0438371675935905
-0.24886810995543476 0.5799798777170833 2.041978525397064
-0.22398129895989138 0.585866666619458 2.0401198832005374
-0.1990944879643479 0.5917534555218327 2.0382612410040113
-0.17420767696880438 0.5976402444242074 2.0364025988074848
-0.14932086597326089 0.6035270333265821 2.034543956610958
-0.12443405497771738 0.6094138222289567 2.0326853144144317
-0.09954724398217399 0.6153006111313314 2.030826672217905
-0.0746604329866305 0.6211874000337061 2.0289680300213786
-0.049773621991086994 0.6270741889360808 2.0271093878248525
-0.024886810995543497 0.6329609778384555 2.025250745628326
0.0 0.6388477667408302 2.0233921034317994
-0.9705856288261957 0.4155882249614927 2.1159127342788246
-0.9456988178306522 0.42147501386386743 2.1140540920822986
-0.9208120068351087 0.42736180276624214 2.112195449885772
-0.8959251958395653 0.4332485916686168 2.1103368076892455
-0.8710383848440219 0.4391353805709915 2.108478165492719
-0.8461515738484783 0.4450221694733662 2.1066195232961924
-0.8212647628529348 0.4509089583757409 2.104760881099666
-0.7963779518573914 0.4567957472781156 2.1029022389031398
-0.7714911408618479 0.46268253618049027 2.1010435967066132
-0.7466043298663044 0.468569325082865 2.0991849545100867
-0.721717518870761 0.4744561139852397 2.09732631231356
-0.6968307078752174 0.4803429028876144 2.0954676701170336
-0.6719438968796739 0.4862296917899891 2.0936090279205075
-0.6470570858841306 0.49211648069236374 2.091750385723981
-0.6221702748885869 0.4980032695947385 2.0898917435274544
-0.5972834638930435 0.5038900584971132 2.088033101330928
-0.5723966528975001 0.5097768473994878 2.0861744591344014
-0.5475098419019565 0.5156636363018625 2.084315816937875
-0.5226230309064132 0.5215504252042372 2.0824571747413487
-0.4977362199108695 0.5274372141066119 2.080598532544822
-0.4728494089153262 0.5333240030089866 2.0787398903482956
-0.44796259791978266 0.5392107919113613 2.076881248151769
-0.42307578692423914 0.545097580813736 2.0750226059552426
-0.3981889759286957 0.5509843697161108 2.073163963758716
-0.37330216493315216 0.5568711586184855 2.07130532156219
-0.34841535393760875 0.5627579475208602 2.0694466793656634
-0.3235285429420653 0.5686447364232348 2.067588037169137
-0.29864173194652177 0.5745315253256095 2.0657293949726103
-0.27375492095097825 0.5804183142279842 2.063870752776084
-0.24886810995543476 0.5863051031303589 2.0620121105795572
-0.22398129895989138 0.5921918920327336 2.060153468383031
-0.1990944879643479 0.5980786809351083 2.0582948261865046
-0.17420767696880438 0.603965469837483 2.056436183989978
-0.14932086597326089 0.6098522587398577 2.0545775417934515
-0.12443405497771738 0.6157390476422324 2.052718899596925
-0.09954724398217399 0.621625836544607 2.050860257400399
-0.0746604329866305 0.6275126254469817 2.0490016152038724
-0.049773621991086994 0.6333994143493564 2.047142973007346
-0.024886810995543497 0.6392862032517311 2.0452843308108193
0.0 0.6451729921541058 2.0434256886142927
-0.9705856288261957 0.4219134503747683 2.135946319461318
-0.9456988178306522 0.427800239277143 2.1340876772647914
-0.9208120068351087 0.4336870281795177 2.132229035068265
-0.8959251958395653 0.43957381708189236 2.1303703928717383
-0.8710383848440219 0.44546060598426707 2.128511750675212
-0.8461515738484783 0.4513473948866418 2.1266531084786857
-0.8212647628529348 0.4572341837890165 2.124794466282159
-0.7963779518573914 0.46312097269139113 2.1229358240856326
-0.7714911408618479 0.46900776159376584 2.121077181889106
-0.7466043298663044 0.47489455049614054 2.1192185396925796
-0.721717518870761 0.48078133939851525 2.117359897496053
-0.6968307078752174 0.4866681283008899 2.115501255299527
-0.6719438968796739 0.4925549172032646 2.1136426131030004
-0.6470570858841306 0.4984417061056393 2.111783970906474
-0.6221702748885869 0.504328495008014 2.1099253287099473
-0.5972834638930435 0.5102152839103887 2.1080666865134208
-0.5723966528975001 0.5161020728127634 2.1062080443168942
-0.5475098419019565 0.5219888617151381 2.104349402120368
-0.5226230309064132 0.5278756506175127 2.1024907599238416
-0.4977362199108695 0.5337624395198874 2.100632117727315
-0.4728494089153262 0.5396492284222622 2.0987734755307885
-0.44796259791978266 0.5455360173246369 2.096914833334262
-0.42307578692423914 0.5514228062270116 2.095056191137736
-0.3981889759286957 0.5573095951293863 2.0931975489412094
-0.37330216493315216 0.563196384031761 2.091338906744683
-0.34841535393760875 0.5690831729341357 2.0894802645481563
-0.3235285429420653 0.5749699618365104 2.0876216223516297
-0.29864173194652177 0.5808567507388851 2.085762980155103
-0.27375492095097825 0.5867435396412597 2.083904337958577
-0.24886810995543476 0.5926303285436344 2.0820456957620506
-0.22398129895989138 0.5985171174460091 2.080187053565524
-0.1990944879643479 0.6044039063483838 2.0783284113689975
-0.17420767696880438 0.6102906952507585 2.076469769172471
-0.14932086597326089 0.6161774841531332 2.0746111269759444
-0.12443405497771738 0.6220642730555079 2.0727524847794183
-0.09954724398217399 0.6279510619578826 2.0708938425828918
-0.0746604329866305 0.6338378508602572 2.0690352003863652
-0.049773621991086994 0.6397246397626319 2.0671765581898387
-0.024886810995543497 0.6456114286650066 2.065317915993312
0.0 0.6514982175673814 2.0634592737967856
-0.9705856288261957 0.4282386757880438 2.155979904643811
-0.9456988178306522 0.4341254646904185 2.1541212624472843
-0.9208120068351087 0.4400122535927932 2.1522626202507578
-0.8959251958395653 0.4458990424951679 2.1504039780542312
-0.8710383848440219 0.4517858313975426 2.148545335857705
-0.8461515738484783 0.4576726202999173 2.1466866936611786
-0.8212647628529348 0.463559409202292 2.144828051464652
-0.7963779518573914 0.46944619810466665 2.1429694092681255
-0.7714911408618479 0.47533298700704135 2.141110767071599
-0.7466043298663044 0.48121977590941606 2.139252124875073
-0.721717518870761 0.48710656481179077 2.1373934826785463
-0.6968307078752174 0.4929933537141654 2.13553484048202
-0.6719438968796739 0.4988801426165401 2.1336761982854933
-0.6470570858841306 0.5047669315189148 2.1318175560889667
-0.6221702748885869 0.5106537204212895 2.12995891389244
-0.5972834638930435 0.5165405093236642 2.128100271695914
-0.5723966528975001 0.522427298226039 2.1262416294993876
-0.5475098419019565 0.5283140871284137 2.124382987302861
-0.5226230309064132 0.5342008760307883 2.1225243451063345
-0.4977362199108695 0.540087664933163 2.120665702909808
-0.4728494089153262 0.5459744538355377 2.1188070607132814
-0.44796259791978266 0.5518612427379124 2.1169484185167553
-0.42307578692423914 0.5577480316402871 2.1150897763202288
-0.3981889759286957 0.5636348205426618 2.1132311341237022
-0.37330216493315216 0.5695216094450365 2.1113724919271757
-0.34841535393760875 0.5754083983474112 2.109513849730649
-0.3235285429420653 0.5812951872497859 2.1076552075341226
-0.29864173194652177 0.5871819761521606 2.1057965653375965
-0.27375492095097825 0.5930687650545352 2.10393792314107
-0.24886810995543476 0.5989555539569099 2.1020792809445434
-0.22398129895989138 0.6048423428592846 2.100220638748017
-0.1990944879643479 0.6107291317616593 2.0983619965514904
-0.17420767696880438 0.616615920664034 2.0965033543549643
-0.14932086597326089 0.6225027095664087 2.0946447121584377
-0.12443405497771738 0.6283894984687834 2.092786069961911
-0.09954724398217399 0.6342762873711582 2.0909274277653846
-0.0746604329866305 0.6401630762735329 2.089068785568858
-0.049773621991086994 0.6460498651759075 2.0872101433723316
-0.024886810995543497 0.6519366540782822 2.0853515011758055
0.0 0.6578234429806569 2.083492858979279
-0.9705856288261957 0.4345639012013193 2.1760134898263037
-0.9456988178306522 0.44045069010369403 2.174154847629777
-0.9208120068351087 0.44633747900606874 2.172296205433251
-0.8959251958395653 0.4522242679084434 2.1704375632367245
-0.8710383848440219 0.4581110568108181 2.168578921040198
-0.8461515738484783 0.4639978457131928 2.1667202788436715
-0.8212647628529348 0.4698846346155675 2.164861636647145
-0.7963779518573914 0.47577142351794216 2.1630029944506184
-0.7714911408618479 0.48165821242031687 2.1611443522540923
-0.7466043298663044 0.4875450013226916 2.1592857100575658
-0.721717518870761 0.4934317902250663 2.157427067861039
-0.6968307078752174 0.49931857912744093 2.1555684256645127
-0.6719438968796739 0.5052053680298156 2.153709783467986
-0.6470570858841306 0.5110921569321903 2.1518511412714596
-0.6221702748885869 0.516978945834565 2.1499924990749335
-0.5972834638930435 0.5228657347369398 2.148133856878407
-0.5723966528975001 0.5287525236393145 2.1462752146818804
-0.5475098419019565 0.5346393125416892 2.144416572485354
-0.5226230309064132 0.5405261014440638 2.1425579302888274
-0.4977362199108695 0.5464128903464386 2.1406992880923013
-0.4728494089153262 0.5522996792488132 2.1388406458957747
-0.44796259791978266 0.5581864681511879 2.136982003699248
-0.42307578692423914 0.5640732570535626 2.1351233615027216
-0.3981889759286957 0.5699600459559373 2.133264719306195
-0.37330216493315216 0.575846834858312 2.1314060771096686
-0.34841535393760875 0.5817336237606867 2.1295474349131425
-0.3235285429420653 0.5876204126630614 2.127688792716616
-0.29864173194652177 0.5935072015654361 2.1258301505200894
-0.27375492095097825 0.5993939904678108 2.123971508323563
-0.24886810995543476 0.6052807793701854 2.1221128661270363
-0.22398129895989138 0.6111675682725601 2.1202542239305098
-0.1990944879643479 0.6170543571749348 2.1183955817339837
-0.17420767696880438 0.6229411460773095 2.116536939537457
-0.14932086597326089 0.6288279349796843 2.1146782973409306
-0.12443405497771738 0.634714723882059 2.112819655144404
-0.09954724398217399 0.6406015127844337 2.1109610129478775
-0.0746604329866305 0.6464883016868084 2.109102370751351
-0.049773621991086994 0.6523750905891831 2.107243728554825
-0.024886810995543497 0.6582618794915577 2.1053850863582984
0.0 0.6641486683939324 2.103526444161772
-0.9705856288261957 0.44088912661459484 2.1960470750087966
-0.9456988178306522 0.44677591551696955 2.1941884328122705
-0.9208120068351087 0.45266270441934425 2.192329790615744
-0.8959251958395653 0.4585494933217189 2.1904711484192174
-0.8710383848440219 0.4644362822240936 2.188612506222691
-0.8461515738484783 0.4703230711264683 2.1867538640261643
-0.8212647628529348 0.476209860028843 2.1848952218296382
-0.7963779518573914 0.48209664893121773 2.1830365796331117
-0.7714911408618479 0.4879834378335924 2.181177937436585
-0.7466043298663044 0.4938702267359671 2.1793192952400586
-0.721717518870761 0.4997570156383418 2.177460653043532
-0.6968307078752174 0.5056438045407164 2.1756020108470056
-0.6719438968796739 0.5115305934430912 2.1737433686504795
-0.6470570858841306 0.5174173823454659 2.171884726453953
-0.6221702748885869 0.5233041712478406 2.1700260842574264
-0.5972834638930435 0.5291909601502153 2.1681674420609
-0.5723966528975001 0.53507774905259 2.1663087998643733
-0.5475098419019565 0.5409645379549647 2.1644501576678468
-0.5226230309064132 0.5468513268573394 2.1625915154713207
-0.4977362199108695 0.5527381157597141 2.160732873274794
-0.4728494089153262 0.5586249046620887 2.1588742310782676
-0.44796259791978266 0.5645116935644634 2.157015588881741
-0.42307578692423914 0.5703984824668381 2.1551569466852145
-0.3981889759286957 0.5762852713692128 2.153298304488688
-0.37330216493315216 0.5821720602715875 2.151439662292162
-0.34841535393760875 0.5880588491739622 2.1495810200956353
-0.3235285429420653 0.5939456380763369 2.147722377899109
-0.29864173194652177 0.5998324269787116 2.1458637357025823
-0.27375492095097825 0.6057192158810863 2.1440050935060557
-0.24886810995543476 0.611606004783461 2.1421464513095296
-0.22398129895989138 0.6174927936858357 2.140287809113003
-0.1990944879643479 0.6233795825882104 2.1384291669164766
-0.17420767696880438 0.6292663714905851 2.13657052471995
-0.14932086597326089 0.6351531603929598 2.1347118825234235
-0.12443405497771738 0.6410399492953345 2.132853240326897
-0.09954724398217399 0.6469267381977092 2.130994598130371
-0.0746604329866305 0.6528135271000839 2.1291359559338443
-0.049773621991086994 0.6587003160024586 2.1272773137373178
-0.024886810995543497 0.6645871049048333 2.1254186715407912
0.0 0.670473893807208 2.1235600293442647
-0.9705856288261957 0.44721435202787035 2.21608066019129
-0.9456988178306522 0.45310114093024506 2.2142220179947634
-0.9208120068351087 0.45898792983261977 2.212363375798237
-0.8959251958395653 0.4648747187349944 2.2105047336017103
-0.8710383848440219 0.4707615076373691 2.2086460914051838
-0.8461515738484783 0.47664829653974383 2.2067874492086577
-0.8212647628529348 0.48253508544211854 2.204928807012131
-0.7963779518573914 0.48842187434449325 2.2030701648156046
-0.7714911408618479 0.4943086632468679 2.201211522619078
-0.7466043298663044 0.5001954521492427 2.1993528804225515
-0.721717518870761 0.5060822410516174 2.1974942382260254
-0.6968307078752174 0.511969029953992 2.195635596029499
-0.6719438968796739 0.5178558188563667 2.1937769538329723
-0.6470570858841306 0.5237426077587414 2.191918311636446
-0.6221702748885869 0.5296293966611161 2.1900596694399193
-0.5972834638930435 0.5355161855634908 2.1882010272433927
-0.5723966528975001 0.5414029744658655 2.1863423850468666
-0.5475098419019565 0.5472897633682402 2.18448374285034
-0.5226230309064132 0.5531765522706149 2.1826251006538135
-0.4977362199108695 0.5590633411729896 2.180766458457287
-0.4728494089153262 0.5649501300753642 2.1789078162607605
-0.44796259791978266 0.5708369189777389 2.177049174064234
-0.42307578692423914 0.5767237078801136 2.175190531867708
-0.3981889759286957 0.5826104967824883 2.1733318896711813
-0.37330216493315216 0.588497285684863 2.1714732474746548
-0.34841535393760875 0.5943840745872377 2.169614605278128
-0.3235285429420653 0.6002708634896124 2.1677559630816017
-0.29864173194652177 0.6061576523919872 2.165897320885075
-0.27375492095097825 0.6120444412943619 2.164038678688549
-0.24886810995543476 0.6179312301967366 2.1621800364920225
-0.22398129895989138 0.6238180190991112 2.160321394295496
-0.1990944879643479 0.6297048080014859 2.1584627520989694
-0.17420767696880438 0.6355915969038606 2.156604109902443
-0.14932086597326089 0.6414783858062353 2.1547454677059164
-0.12443405497771738 0.64736517470861 2.1528868255093903
-0.09954724398217399 0.6532519636109847 2.1510281833128637
-0.0746604329866305 0.6591387525133594 2.149169541116337
-0.049773621991086994 0.6650255414157341 2.1473108989198106
-0.024886810995543497 0.6709123303181088 2.145452256723284
0.0 0.6767991192204835 2.143593614526758
-0.9705856288261957 0.45353957744114604 2.2361142453737832
-0.9456988178306522 0.45942636634352074 2.2342556031772567
-0.9208120068351087 0.46531315524589545 2.23239696098073
-0.8959251958395653 0.4711999441482701 2.230538318784204
-0.8710383848440219 0.4770867330506448 2.2286796765876775
-0.8461515738484783 0.4829735219530195 2.226821034391151
-0.8212647628529348 0.4888603108553942 2.2249623921946244
-0.7963779518573914 0.49474709975776887 2.223103749998098
-0.7714911408618479 0.5006338886601436 2.2212451078015714
-0.7466043298663044 0.5065206775625183 2.2193864656050453
-0.721717518870761 0.512407466464893 2.2175278234085187
-0.6968307078752174 0.5182942553672677 2.215669181211992
-0.6719438968796739 0.5241810442696424 2.2138105390154657
-0.6470570858841306 0.530067833172017 2.211951896818939
-0.6221702748885869 0.5359546220743918 2.2100932546224126
-0.5972834638930435 0.5418414109767664 2.2082346124258865
-0.5723966528975001 0.5477281998791411 2.20637597022936
-0.5475098419019565 0.5536149887815158 2.2045173280328334
-0.5226230309064132 0.5595017776838905 2.202658685836307
-0.4977362199108695 0.5653885665862652 2.2008000436397803
-0.4728494089153262 0.57127535548864 2.198941401443254
-0.44796259791978266 0.5771621443910147 2.1970827592467277
-0.42307578692423914 0.5830489332933894 2.195224117050201
-0.3981889759286957 0.5889357221957641 2.1933654748536746
-0.37330216493315216 0.5948225110981388 2.191506832657148
-0.34841535393760875 0.6007093000005134 2.1896481904606215
-0.3235285429420653 0.6065960889028881 2.187789548264095
-0.29864173194652177 0.6124828778052628 2.185930906067569
-0.27375492095097825 0.6183696667076375 2.1840722638710424
-0.24886810995543476 0.6242564556100122 2.182213621674516
-0.22398129895989138 0.6301432445123869 2.1803549794779893
-0.1990944879643479 0.6360300334147616 2.1784963372814627
-0.17420767696880438 0.6419168223171363 2.1766376950849367
-0.14932086597326089 0.647803611219511 2.17477905288841
-0.12443405497771738 0.6536904001218856 2.1729204106918836
-0.09954724398217399 0.6595771890242603 2.171061768495357
-0.0746604329866305 0.665463977926635 2.1692031262988305
-0.049773621991086994 0.6713507668290097 2.167344484102304
-0.024886810995543497 0.6772375557313844 2.165485841905778
0.0 0.6831243446337592 2.1636271997092513
-0.9705856288261957 0.45986480285442155 2.256147830556276
-0.9456988178306522 0.46575159175679626 2.2542891883597496
-0.9208120068351087 0.47163838065917096 2.2524305461632235
-0.8959251958395653 0.4775251695615456 2.250571903966697
-0.8710383848440219 0.4834119584639203 2.2487132617701704
-0.8461515738484783 0.48929874736629503 2.246854619573644
-0.8212647628529348 0.49518553626866973 2.2449959773771173
-0.7963779518573914 0.5010723251710444 2.2431373351805908
-0.7714911408618479 0.5069591140734191 2.2412786929840647
-0.7466043298663044 0.5128459029757938 2.239420050787538
-0.721717518870761 0.5187326918781685 2.2375614085910116
-0.6968307078752174 0.5246194807805432 2.235702766394485
-0.6719438968796739 0.5305062696829179 2.2338441241979585
-0.6470570858841306 0.5363930585852925 2.2319854820014324
-0.6221702748885869 0.5422798474876673 2.230126839804906
-0.5972834638930435 0.5481666363900419 2.2282681976083794
-0.5723966528975001 0.5540534252924166 2.226409555411853
-0.5475098419019565 0.5599402141947913 2.2245509132153263
-0.5226230309064132 0.565827003097166 2.2226922710187997
-0.4977362199108695 0.5717137919995408 2.2208336288222736
-0.4728494089153262 0.5776005809019155 2.218974986625747
-0.44796259791978266 0.5834873698042902 2.2171163444292206
-0.42307578692423914 0.5893741587066649 2.215257702232694
-0.3981889759286957 0.5952609476090396 2.2133990600361675
-0.37330216493315216 0.6011477365114143 2.211540417839641
-0.34841535393760875 0.6070345254137889 2.209681775643115
-0.3235285429420653 0.6129213143161636 2.2078231334465883
-0.29864173194652177 0.6188081032185383 2.2059644912500618
-0.27375492095097825 0.624694892120913 2.2041058490535352
-0.24886810995543476 0.6305816810232877 2.2022472068570087
-0.22398129895989138 0.6364684699256624 2.200388564660482
-0.1990944879643479 0.6423552588280371 2.198529922463956
-0.17420767696880438 0.6482420477304118 2.1966712802674295
-0.14932086597326089 0.6541288366327865 2.194812638070903
-0.12443405497771738 0.6600156255351611 2.1929539958743764
-0.09954724398217399 0.6659024144375358 2.19109535367785
-0.0746604329866305 0.6717892033399105 2.189236711481324
-0.049773621991086994 0.6776759922422853 2.1873780692847973
-0.024886810995543497 0.68356278114466 2.1855194270882707
0.0 0.6894495700470347 2.183660784891744
-0.9705856288261957 0.46619002826769707 2.2761814157387694
-0.9456988178306522 0.47207681717007177 2.274322773542243
-0.9208120068351087 0.4779636060724465 2.2724641313457163
-0.8959251958395653 0.48385039497482113 2.27060548914919
-0.8710383848440219 0.48973718387719584 2.2687468469526633
-0.8461515738484783 0.49562397277957054 2.2668882047561367
-0.8212647628529348 0.5015107616819453 2.2650295625596106
-0.7963779518573914 0.5073975505843199 2.263170920363084
-0.7714911408618479 0.5132843394866946 2.2613122781665576
-0.7466043298663044 0.5191711283890693 2.259453635970031
-0.721717518870761 0.525057917291444 2.2575949937735045
-0.6968307078752174 0.5309447061938187 2.255736351576978
-0.6719438968796739 0.5368314950961934 2.253877709380452
-0.6470570858841306 0.5427182839985681 2.2520190671839253
-0.6221702748885869 0.5486050729009428 2.2501604249873988
-0.5972834638930435 0.5544918618033176 2.2483017827908722
-0.5723966528975001 0.5603786507056921 2.2464431405943457
-0.5475098419019565 0.5662654396080669 2.244584498397819
-0.5226230309064132 0.5721522285104416 2.242725856201293
-0.4977362199108695 0.5780390174128163 2.2408672140047665
-0.4728494089153262 0.583925806315191 2.23900857180824
-0.44796259791978266 0.5898125952175657 2.2371499296117134
-0.42307578692423914 0.5956993841199404 2.235291287415187
-0.3981889759286957 0.6015861730223151 2.233432645218661
-0.37330216493315216 0.6074729619246898 2.2315740030221343
-0.34841535393760875 0.6133597508270644 2.2297153608256077
-0.3235285429420653 0.6192465397294391 2.227856718629081
-0.29864173194652177 0.6251333286318138 2.2259980764325547
-0.27375492095097825 0.6310201175341885 2.224139434236028
-0.24886810995543476 0.6369069064365632 2.222280792039502
-0.22398129895989138 0.6427936953389379 2.2204221498429755
-0.1990944879643479 0.6486804842413126 2.218563507646449
-0.17420767696880438 0.6545672731436873 2.2167048654499224
-0.14932086597326089 0.660454062046062 2.214846223253396
-0.12443405497771738 0.6663408509484368 2.2129875810568693
-0.09954724398217399 0.6722276398508114 2.2111289388603432
-0.0746604329866305 0.6781144287531861 2.2092702966638167
-0.049773621991086994 0.6840012176555608 2.20741165446729
-0.024886810995543497 0.6898880065579355 2.2055530122707636
0.0 0.6957747954603102 2.203694370074237
-0.9705856288261957 0.4725152536809726 2.2962150009212623
-0.9456988178306522 0.4784020425833473 2.2943563587247358
-0.9208120068351087 0.484288831485722 2.292497716528209
-0.8959251958395653 0.49017562038809664 2.2906390743316827
-0.8710383848440219 0.49606240929047135 2.288780432135156
-0.8461515738484783 0.5019491981928461 2.28692178993863
-0.8212647628529348 0.5078359870952208 2.2850631477421035
-0.7963779518573914 0.5137227759975954 2.283204505545577
-0.7714911408618479 0.5196095648999701 2.2813458633490504
-0.7466043298663044 0.5254963538023448 2.279487221152524
-0.721717518870761 0.5313831427047195 2.277628578955998
-0.6968307078752174 0.5372699316070942 2.2757699367594713
-0.6719438968796739 0.543156720509469 2.2739112945629447
-0.6470570858841306 0.5490435094118437 2.272052652366418
-0.6221702748885869 0.5549302983142184 2.2701940101698916
-0.5972834638930435 0.5608170872165931 2.268335367973365
-0.5723966528975001 0.5667038761189677 2.266476725776839
-0.5475098419019565 0.5725906650213424 2.2646180835803125
-0.5226230309064132 0.5784774539237171 2.262759441383786
-0.4977362199108695 0.5843642428260918 2.2609007991872594
-0.4728494089153262 0.5902510317284665 2.259042156990733
-0.44796259791978266 0.5961378206308412 2.2571835147942063
-0.42307578692423914 0.6020246095332159 2.25532487259768
-0.3981889759286957 0.6079113984355906 2.2534662304011537
-0.37330216493315216 0.6137981873379653 2.251607588204627
-0.34841535393760875 0.61968497624034 2.2497489460081006
-0.3235285429420653 0.6255717651427146 2.247890303811574
-0.29864173194652177 0.6314585540450893 2.2460316616150475
-0.27375492095097825 0.637345342947464 2.2441730194185214
-0.24886810995543476 0.6432321318498387 2.242314377221995
-0.22398129895989138 0.6491189207522134 2.2404557350254684
-0.1990944879643479 0.6550057096545882 2.238597092828942
-0.17420767696880438 0.6608924985569629 2.2367384506324153
-0.14932086597326089 0.6667792874593376 2.234879808435889
-0.12443405497771738 0.6726660763617123 2.2330211662393626
-0.09954724398217399 0.6785528652640869 2.231162524042836
-0.0746604329866305 0.6844396541664616 2.2293038818463096
-0.049773621991086994 0.6903264430688363 2.227445239649783
-0.024886810995543497 0.696213231971211 2.2255865974532565
0.0 0.7021000208735857 2.2237279552567304
-0.9705856288261957 0.4788404790942481 2.316248586103755
-0.9456988178306522 0.4847272679966228 2.3143899439072286
-0.9208120068351087 0.4906140568989975 2.312531301710702
-0.8959251958395653 0.49650084580137216 2.310672659514176
-0.8710383848440219 0.5023876347037469 2.3088140173176495
-0.8461515738484783 0.5082744236061216 2.306955375121123
-0.8212647628529348 0.5141612125084963 2.3050967329245964
-0.7963779518573914 0.5200480014108709 2.30323809072807
-0.7714911408618479 0.5259347903132456 2.3013794485315433
-0.7466043298663044 0.5318215792156203 2.299520806335017
-0.721717518870761 0.537708368117995 2.2976621641384907
-0.6968307078752174 0.5435951570203698 2.295803521941964
-0.6719438968796739 0.5494819459227445 2.2939448797454376
-0.6470570858841306 0.5553687348251192 2.292086237548911
-0.6221702748885869 0.5612555237274939 2.2902275953523845
-0.5972834638930435 0.5671423126298686 2.2883689531558584
-0.5723966528975001 0.5730291015322432 2.286510310959332
-0.5475098419019565 0.5789158904346179 2.2846516687628053
-0.5226230309064132 0.5848026793369926 2.282793026566279
-0.4977362199108695 0.5906894682393673 2.2809343843697523
-0.4728494089153262 0.596576257141742 2.279075742173226
-0.44796259791978266 0.6024630460441167 2.2772170999766996
-0.42307578692423914 0.6083498349464914 2.275358457780173
-0.3981889759286957 0.6142366238488661 2.2734998155836466
-0.37330216493315216 0.6201234127512408 2.27164117338712
-0.34841535393760875 0.6260102016536155 2.2697825311905935
-0.3235285429420653 0.6318969905559901 2.2679238889940674
-0.29864173194652177 0.6377837794583648 2.266065246797541
-0.27375492095097825 0.6436705683607395 2.2642066046010143
-0.24886810995543476 0.6495573572631143 2.2623479624044878
-0.22398129895989138 0.655444146165489 2.2604893202079612
-0.1990944879643479 0.6613309350678637 2.2586306780114347
-0.17420767696880438 0.6672177239702384 2.2567720358149086
-0.14932086597326089 0.6731045128726131 2.254913393618382
-0.12443405497771738 0.6789913017749878 2.2530547514218555
-0.09954724398217399 0.6848780906773624 2.251196109225329
-0.0746604329866305 0.6907648795797371 2.2493374670288024
-0.049773621991086994 0.6966516684821118 2.247478824832276
-0.024886810995543497 0.7025384573844865 2.24562018263575
0.0 0.7084252462868612 2.2437615404392233
-0.9705856288261957 0.48516570450752367 2.336282171286248
-0.9456988178306522 0.49105249340989837 2.3344235290897215
-0.9208120068351087 0.4969392823122731 2.3325648868931954
-0.8959251958395653 0.5028260712146477 2.330706244696669
-0.8710383848440219 0.5087128601170224 2.3288476025001423
-0.8461515738484783 0.5145996490193971 2.326988960303616
-0.8212647628529348 0.5204864379217718 2.3251303181070893
-0.7963779518573914 0.5263732268241466 2.323271675910563
-0.7714911408618479 0.5322600157265212 2.3214130337140366
-0.7466043298663044 0.5381468046288959 2.31955439151751
-0.721717518870761 0.5440335935312706 2.3176957493209835
-0.6968307078752174 0.5499203824336453 2.315837107124457
-0.6719438968796739 0.55580717133602 2.3139784649279305
-0.6470570858841306 0.5616939602383947 2.3121198227314044
-0.6221702748885869 0.5675807491407694 2.310261180534878
-0.5972834638930435 0.5734675380431441 2.3084025383383513
-0.5723966528975001 0.5793543269455188 2.3065438961418248
-0.5475098419019565 0.5852411158478935 2.304685253945298
-0.5226230309064132 0.5911279047502681 2.3028266117487717
-0.4977362199108695 0.5970146936526428 2.3009679695522456
-0.4728494089153262 0.6029014825550175 2.299109327355719
-0.44796259791978266 0.6087882714573922 2.2972506851591925
-0.42307578692423914 0.6146750603597669 2.295392042962666
-0.3981889759286957 0.6205618492621416 2.2935334007661394
-0.37330216493315216 0.6264486381645163 2.291674758569613
-0.34841535393760875 0.632335427066891 2.289816116373087
-0.3235285429420653 0.6382222159692658 2.2879574741765603
-0.29864173194652177 0.6441090048716405 2.2860988319800337
-0.27375492095097825 0.6499957937740151 2.284240189783507
-0.24886810995543476 0.6558825826763898 2.2823815475869806
-0.22398129895989138 0.6617693715787645 2.2805229053904545
-0.1990944879643479 0.6676561604811392 2.278664263193928
-0.17420767696880438 0.6735429493835139 2.2768056209974015
-0.14932086597326089 0.6794297382858886 2.274946978800875
-0.12443405497771738 0.6853165271882633 2.2730883366043484
-0.09954724398217399 0.691203316090638 2.271229694407822
-0.0746604329866305 0.6970901049930126 2.2693710522112958
-0.049773621991086994 0.7029768938953873 2.267512410014769
-0.024886810995543497 0.708863682797762 2.2656537678182427
0.0 0.7147504717001367 2.263795125621716
-0.9705856288261957 0.4914909299207993 2.356315756468742
-0.9456988178306522 0.497377718823174 2.3544571142722153
-0.9208120068351087 0.5032645077255488 2.3525984720756887
-0.8959251958395653 0.5091512966279234 2.350739829879162
-0.8710383848440219 0.5150380855302981 2.3488811876826357
-0.8461515738484783 0.5209248744326728 2.347022545486109
-0.8212647628529348 0.5268116633350475 2.345163903289583
-0.7963779518573914 0.5326984522374222 2.3433052610930565
-0.7714911408618479 0.5385852411397969 2.34144661889653
-0.7466043298663044 0.5444720300421716 2.3395879767000034
-0.721717518870761 0.5503588189445463 2.337729334503477
-0.6968307078752174 0.5562456078469209 2.3358706923069503
-0.6719438968796739 0.5621323967492956 2.3340120501104242
-0.6470570858841306 0.5680191856516703 2.3321534079138977
-0.6221702748885869 0.573905974554045 2.330294765717371
-0.5972834638930435 0.5797927634564197 2.3284361235208446
-0.5723966528975001 0.5856795523587944 2.326577481324318
-0.5475098419019565 0.5915663412611691 2.3247188391277915
-0.5226230309064132 0.5974531301635438 2.3228601969312654
-0.4977362199108695 0.6033399190659186 2.321001554734739
-0.4728494089153262 0.6092267079682931 2.3191429125382124
-0.44796259791978266 0.6151134968706679 2.317284270341686
-0.42307578692423914 0.6210002857730426 2.3154256281451593
-0.3981889759286957 0.6268870746754173 2.313566985948633
-0.37330216493315216 0.632773863577792 2.3117083437521067
-0.34841535393760875 0.6386606524801667 2.30984970155558
-0.3235285429420653 0.6445474413825414 2.3079910593590536
-0.29864173194652177 0.6504342302849161 2.306132417162527
-0.27375492095097825 0.6563210191872908 2.3042737749660005
-0.24886810995543476 0.6622078080896655 2.3024151327694744
-0.22398129895989138 0.6680945969920401 2.300556490572948
-0.1990944879643479 0.6739813858944148 2.2986978483764213
-0.17420767696880438 0.6798681747967895 2.296839206179895
-0.14932086597326089 0.6857549636991642 2.2949805639833682
-0.12443405497771738 0.6916417526015389 2.2931219217868417
-0.09954724398217399 0.6975285415039136 2.2912632795903156
-0.0746604329866305 0.7034153304062883 2.289404637393789
-0.049773621991086994 0.709302119308663 2.2875459951972625
-0.024886810995543497 0.7151889082110378 2.285687353000736
0.0 0.7210756971134125 2.2838287108042095
-0.9705856288261957 0.4978161553340748 2.3763493416512347
-0.9456988178306522 0.5037029442364496 2.374490699454708
-0.9208120068351087 0.5095897331388243 2.3726320572581816
-0.8959251958395653 0.5154765220411989 2.370773415061655
-0.8710383848440219 0.5213633109435736 2.3689147728651285
-0.8461515738484783 0.5272500998459483 2.3670561306686024
-0.8212647628529348 0.533136888748323 2.365197488472076
-0.7963779518573914 0.5390236776506977 2.3633388462755494
-0.7714911408618479 0.5449104665530724 2.361480204079023
-0.7466043298663044 0.5507972554554471 2.3596215618824963
-0.721717518870761 0.5566840443578218 2.35776291968597
-0.6968307078752174 0.5625708332601964 2.3559042774894436
-0.6719438968796739 0.5684576221625711 2.354045635292917
-0.6470570858841306 0.5743444110649458 2.3521869930963906
-0.6221702748885869 0.5802311999673205 2.350328350899864
-0.5972834638930435 0.5861179888696952 2.3484697087033375
-0.5723966528975001 0.59200477777207 2.3466110665068114
-0.5475098419019565 0.5978915666744447 2.344752424310285
-0.5226230309064132 0.6037783555768194 2.3428937821137583
-0.4977362199108695 0.6096651444791941 2.3410351399172318
-0.4728494089153262 0.6155519333815688 2.3391764977207052
-0.44796259791978266 0.6214387222839434 2.3373178555241787
-0.42307578692423914 0.6273255111863181 2.3354592133276526
-0.3981889759286957 0.6332123000886928 2.333600571131126
-0.37330216493315216 0.6390990889910675 2.3317419289345995
-0.34841535393760875 0.6449858778934422 2.329883286738073
-0.3235285429420653 0.6508726667958169 2.3280246445415465
-0.29864173194652177 0.6567594556981916 2.32616600234502
-0.27375492095097825 0.6626462446005663 2.324307360148494
-0.24886810995543476 0.668533033502941 2.3224487179519673
-0.22398129895989138 0.6744198224053156 2.3205900757554407
-0.1990944879643479 0.6803066113076903 2.318731433558914
-0.17420767696880438 0.686193400210065 2.3168727913623877
-0.14932086597326089 0.6920801891124397 2.3150141491658616
-0.12443405497771738 0.6979669780148144 2.313155506969335
-0.09954724398217399 0.7038537669171891 2.3112968647728085
-0.0746604329866305 0.7097405558195639 2.309438222576282
-0.049773621991086994 0.7156273447219386 2.3075795803797554
-0.024886810995543497 0.7215141336243133 2.305720938183229
0.0 0.727400922526688 2.303862295986703
-0.9705856288261957 0.5041413807473504 2.3963829268337276
-0.9456988178306522 0.5100281696497251 2.394524284637201
-0.9208120068351087 0.5159149585520998 2.3926656424406745
-0.8959251958395653 0.5218017474544744 2.3908070002441484
-0.8710383848440219 0.5276885363568491 2.388948358047622
-0.8461515738484783 0.5335753252592238 2.3870897158510953
-0.8212647628529348 0.5394621141615985 2.3852310736545688
-0.7963779518573914 0.5453489030639732 2.3833724314580422
-0.7714911408618479 0.5512356919663479 2.3815137892615157
-0.7466043298663044 0.5571224808687226 2.3796551470649896
-0.721717518870761 0.5630092697710973 2.377796504868463
-0.6968307078752174 0.568896058673472 2.3759378626719365
-0.6719438968796739 0.5747828475758467 2.37407922047541
-0.6470570858841306 0.5806696364782213 2.3722205782788834
-0.6221702748885869 0.5865564253805962 2.370361936082357
-0.5972834638930435 0.5924432142829708 2.368503293885831
-0.5723966528975001 0.5983300031853455 2.3666446516893043
-0.5475098419019565 0.6042167920877202 2.3647860094927777
-0.5226230309064132 0.6101035809900949 2.362927367296251
-0.4977362199108695 0.6159903698924696 2.3610687250997247
-0.4728494089153262 0.6218771587948443 2.3592100829031986
-0.44796259791978266 0.627763947697219 2.357351440706672
-0.42307578692423914 0.6336507365995937 2.3554927985101455
-0.3981889759286957 0.6395375255019683 2.353634156313619
-0.37330216493315216 0.645424314404343 2.3517755141170924
-0.34841535393760875 0.6513111033067177 2.349916871920566
-0.3235285429420653 0.6571978922090924 2.3480582297240398
-0.29864173194652177 0.6630846811114671 2.3461995875275132
-0.27375492095097825 0.6689714700138418 2.3443409453309867
-0.24886810995543476 0.6748582589162165 2.34248230313446
-0.22398129895989138 0.6807450478185912 2.3406236609379336
-0.1990944879643479 0.686631836720966 2.338765018741407
-0.17420767696880438 0.6925186256233405 2.336906376544881
-0.14932086597326089 0.6984054145257153 2.3350477343483544
-0.12443405497771738 0.70429220342809 2.333189092151828
-0.09954724398217399 0.7101789923304647 2.3313304499553014
-0.0746604329866305 0.7160657812328394 2.329471807758775
-0.049773621991086994 0.7219525701352141 2.3276131655622483
-0.024886810995543497 0.7278393590375888 2.325754523365722
0.0 0.7337261479399635 2.3238958811691957
-0.9705856288261957 0.5104666061606259 2.4164165120162204
-0.9456988178306522 0.5163533950630006 2.414557869819694
-0.9208120068351087 0.5222401839653753 2.412699227623168
-0.8959251958395653 0.5281269728677499 2.4108405854266413
-0.8710383848440219 0.5340137617701246 2.4089819432301147
-0.8461515738484783 0.5399005506724993 2.407123301033588
-0.8212647628529348 0.545787339574874 2.4052646588370616
-0.7963779518573914 0.5516741284772487 2.4034060166405355
-0.7714911408618479 0.5575609173796234 2.401547374444009
-0.7466043298663044 0.5634477062819981 2.3996887322474825
-0.721717518870761 0.5693344951843728 2.397830090050956
-0.6968307078752174 0.5752212840867476 2.3959714478544294
-0.6719438968796739 0.5811080729891223 2.394112805657903
-0.6470570858841306 0.5869948618914969 2.3922541634613768
-0.6221702748885869 0.5928816507938717 2.39039552126485
-0.5972834638930435 0.5987684396962463 2.3885368790683237
-0.5723966528975001 0.604655228598621 2.386678236871797
-0.5475098419019565 0.6105420175009957 2.3848195946752706
-0.5226230309064132 0.6164288064033704 2.382960952478744
-0.4977362199108695 0.6223155953057451 2.381102310282218
-0.4728494089153262 0.6282023842081198 2.3792436680856914
-0.44796259791978266 0.6340891731104945 2.377385025889165
-0.42307578692423914 0.6399759620128692 2.3755263836926384
-0.3981889759286957 0.6458627509152438 2.373667741496112
-0.37330216493315216 0.6517495398176185 2.3718090992995853
-0.34841535393760875 0.6576363287199932 2.369950457103059
-0.3235285429420653 0.6635231176223679 2.3680918149065326
-0.29864173194652177 0.6694099065247426 2.366233172710006
-0.27375492095097825 0.6752966954271173 2.3643745305134796
-0.24886810995543476 0.681183484329492 2.362515888316953
-0.22398129895989138 0.6870702732318668 2.360657246120427
-0.1990944879643479 0.6929570621342415 2.3587986039239004
-0.17420767696880438 0.6988438510366162 2.356939961727374
-0.14932086597326089 0.7047306399389908 2.3550813195308473
-0.12443405497771738 0.7106174288413655 2.353222677334321
-0.09954724398217399 0.7165042177437402 2.3513640351377942
-0.0746604329866305 0.7223910066461149 2.349505392941268
-0.049773621991086994 0.7282777955484896 2.3476467507447416
-0.024886810995543497 0.7341645844508643 2.345788108548215
0.0 0.740051373353239 2.3439294663516885
-0.9705856288261957 0.5167918315739014 2.4364500971987137
-0.9456988178306522 0.5226786204762761 2.434591455002187
-0.9208120068351087 0.5285654093786508 2.4327328128056607
-0.8959251958395653 0.5344521982810254 2.430874170609134
-0.8710383848440219 0.5403389871834001 2.4290155284126076
-0.8461515738484783 0.5462257760857748 2.427156886216081
-0.8212647628529348 0.5521125649881495 2.425298244019555
-0.7963779518573914 0.5579993538905242 2.4234396018230284
-0.7714911408618479 0.563886142792899 2.421580959626502
-0.7466043298663044 0.5697729316952737 2.4197223174299753
-0.721717518870761 0.5756597205976484 2.417863675233449
-0.6968307078752174 0.5815465095000231 2.4160050330369223
-0.6719438968796739 0.5874332984023978 2.414146390840396
-0.6470570858841306 0.5933200873047724 2.4122877486438696
-0.6221702748885869 0.5992068762071472 2.410429106447343
-0.5972834638930435 0.6050936651095218 2.4085704642508166
-0.5723966528975001 0.6109804540118965 2.40671182205429
-0.5475098419019565 0.6168672429142712 2.404853179857764
-0.5226230309064132 0.6227540318166459 2.4029945376612374
-0.4977362199108695 0.6286408207190206 2.401135895464711
-0.4728494089153262 0.6345276096213953 2.3992772532681843
-0.44796259791978266 0.64041439852377 2.3974186110716578
-0.42307578692423914 0.6463011874261447 2.3955599688751312
-0.3981889759286957 0.6521879763285194 2.393701326678605
-0.37330216493315216 0.6580747652308941 2.3918426844820786
-0.34841535393760875 0.6639615541332687 2.389984042285552
-0.3235285429420653 0.6698483430356434 2.3881254000890255
-0.29864173194652177 0.6757351319380182 2.386266757892499
-0.27375492095097825 0.6816219208403929 2.3844081156959724
-0.24886810995543476 0.6875087097427676 2.3825494734994463
-0.22398129895989138 0.6933954986451423 2.38069083130292
-0.1990944879643479 0.699282287547517 2.3788321891063933
-0.17420767696880438 0.7051690764498917 2.3769735469098667
-0.14932086597326089 0.7110558653522664 2.37511490471334
-0.12443405497771738 0.716942654254641 2.3732562625168137
-0.09954724398217399 0.7228294431570157 2.3713976203202876
-0.0746604329866305 0.7287162320593904 2.369538978123761
-0.049773621991086994 0.7346030209617651 2.3676803359272345
-0.024886810995543497 0.7404898098641398 2.365821693730708
0.0 0.7463765987665145 2.3639630515341814
-0.9705856288261957 0.5231170569871769 2.4564836823812066
-0.9456988178306522 0.5290038458895516 2.45462504018468
-0.9208120068351087 0.5348906347919263 2.4527663979881535
-0.8959251958395653 0.540777423694301 2.450907755791627
-0.8710383848440219 0.5466642125966756 2.449049113595101
-0.8461515738484783 0.5525510014990505 2.4471904713985744
-0.8212647628529348 0.558437790401425 2.445331829202048
-0.7963779518573914 0.5643245793037998 2.4434731870055213
-0.7714911408618479 0.5702113682061745 2.4416145448089948
-0.7466043298663044 0.5760981571085492 2.439755902612468
-0.721717518870761 0.5819849460109239 2.437897260415942
-0.6968307078752174 0.5878717349132986 2.4360386182194156
-0.6719438968796739 0.5937585238156733 2.434179976022889
-0.6470570858841306 0.5996453127180479 2.4323213338263625
-0.6221702748885869 0.6055321016204227 2.430462691629836
-0.5972834638930435 0.6114188905227973 2.4286040494333094
-0.5723966528975001 0.617305679425172 2.4267454072367833
-0.5475098419019565 0.6231924683275467 2.424886765040257
-0.5226230309064132 0.6290792572299214 2.4230281228437303
-0.4977362199108695 0.6349660461322961 2.4211694806472037
-0.4728494089153262 0.6408528350346708 2.419310838450677
-0.44796259791978266 0.6467396239370455 2.4174521962541506
-0.42307578692423914 0.6526264128394202 2.4155935540576245
-0.3981889759286957 0.658513201741795 2.413734911861098
-0.37330216493315216 0.6643999906441697 2.4118762696645715
-0.34841535393760875 0.6702867795465443 2.410017627468045
-0.3235285429420653 0.676173568448919 2.4081589852715184
-0.29864173194652177 0.6820603573512937 2.4063003430749923
-0.27375492095097825 0.6879471462536684 2.4044417008784658
-0.24886810995543476 0.6938339351560431 2.402583058681939
-0.22398129895989138 0.6997207240584178 2.4007244164854127
-0.1990944879643479 0.7056075129607925 2.398865774288886
-0.17420767696880438 0.7114943018631672 2.3970071320923596
-0.14932086597326089 0.7173810907655419 2.3951484898958335
-0.12443405497771738 0.7232678796679166 2.393289847699307
-0.09954724398217399 0.7291546685702912 2.3914312055027804
-0.0746604329866305 0.7350414574726659 2.389572563306254
-0.049773621991086994 0.7409282463750406 2.3877139211097274
-0.024886810995543497 0.7468150352774153 2.385855278913201
0.0 0.75270182417979 2.3839966367166747
POLYGONS 9282 37128
3 0 40 1
3 1 40 41
3 1 41 2
3 2 41 42
3 2 42 3
3 3 42 43
3 3 43 4
3 4 43 44
3 4 44 5
3 5 44 45
3 5 45 6
3 6 45 46
3 6 46 7
3 7 46 47
3 7 47 8
3 8 47 48
3 8 48 9
3 9 48 49
3 9 49 10
3 10 49 50
3 10 50 11
3 11 50 51
3 11 51 12
3 12 51 52
3 12 52 13
3 13 52 53
3 13 53 14
3 14 53 54
3 14 54 15
3 15 54 55
3 15 55 16
3 16 55 56
3 16 56 17
3 17 56 57
3 17 57 18
3 18 57 58
3 18 58 19
3 19 58 59
3 19 59 20
3 20 59 60
3 20 60 21
3 21 60 61
3 21 61 22
3 22 61 62
3 22 62 23
3 23 62 63
3 23 63 24
3 24 63 64
3 24 64 25
3 25 64 65
3 25 65 26
3 26 65 66
3 26 66 27
3 27 66 67
3 27 67 28
3 28 67 68
3 28 68 29
3 29 68 69
3 29 69 30
3 30 69 70
3 30 70 31
3 31 70 71
3 31 71 32
3 32 71 72
3 32 72 33
3 33 72 73
3 33 73 34
3 34 73 74
3 34 74 35
3 35 74 75
3 35 75 36
3 36 75 76
3 36 76 37
3 37 76 77
3 37 77 38
3 38 77 78
3 38 78 39
3 39 78 79
3 40 80 41
3 41 80 81
3 41 81 42
3 42 81 82
3 42 82 43
3 43 82 83
3 43 83 44
3 44 83 84
3 44 84 45
3 45 84 85
3 45 85 46
3 46 85 86
3 46 86 47
3 47 86 87
3 47 87 48
3 48 87 88
3 48 88 49
3 49 88 89
3 49 89 50
3 50 89 90
3 50 90 51
3 51 90 91
3 51 91 52
3 52 91 92
3 52 92 53
3 53 92 93
3 53 93 54
3 54 93 94
3 54 94 55
3 55 94 95
3 55 95 56
3 56 95 96
3 56 96 57
3 57 96 97
3 57 97 58
3 58 97 98
3 58 98 59
3 59 98 99
3 59 99 60
3 60 99 100
3 60 100 61
3 61 100 101
3 61 101 62
3 62 101 102
3 62 102 63
3 63 102 103
3 63 103 64
3 64 103 104
3 64 104 65
3 65 104 105
3 65 105 66
3 66 105 106
3 66 106 67
3 67 106 107
3 67 107 68
3 68 107 108
3 68 108 69
3 69 108 109
3 69 109 70
3 70 109 110
3 70 110 71
3 71 110 111
3 71 111 72
3 72 111 112
3 72 112 73
3 73 112 113
3 73 113 74
3 74 113 114
3 74 114 75
3 75 114 115
3 75 115 76
3 76 115 116
3 76 116 77
3 77 116 117
3 77 117 78
3 78 117 118
3 78 118 79
3 79 118 119
3 80 120 81
3 81 120 121
3 81 121 82
3 82 121 122
3 82 122 83
3 83 122 123
3 83 123 84
3 84 123 124
3 84 124 85
3 85 124 125
3 85 125 86
3 86 125 126
3 86 126 87
3 87 126 127
3 87 127 88
3 88 127 128
3 88 128 89
3 89 128 129
3 89 129 90
3 90 129 130
3 90 130 91
3 91 130 131
3 91 131 92
3 92 131 132
3 92 132 93
3 93 132 133
3 93 133 94
3 94 133 134
3 94 134 95
3 95 134 135
3 95 135 96
3 96 135 136
3 96 136 97
3 97 136 137
3 97 137 98
3 98 137 138
3 98 138 99
3 99 138 139
3 99 139 100
3 100 139 140
3 100 140 101
3 101 140 141
3 101 141 102
3 102 141 142
3 102 142 103
3 103 142 143
3 103 143 104
3 104 143 144
3 104 144 105
3 105 144 145
3 105 145 106
3 106 145 146
3 106 146 107
3 107 146 147
3 107 147 108
3 108 147 148
3 108 148 109
3 109 148 149
3 109 149 110
3 110 149 150
3 110 150 111
3 111 150 151
3 111 151 112
3 112 151 152
3 112 152 113
3 113 152 153
3 113 153 114
3 114 153 154
3 114 154 115
3 115 154 155
3 115 155 116
3 116 155 156
3 116 156 117
3 117 156 157
3 117 157 118
3 118 157 158
3 118 158 119
3 119 158 159
3 120 160 121
3 121 160 161
3 121 161 122
3 122 161 162
3 122 162 123
3 123 162 163
3 123 163 124
3 124 163 164
3 124 164 125
3 125 164 165
3 125 165 126
3 126 165 166
3 126 166 127
3 127 166 167
3 127 167 128
3 128 167 168
3 128 168 129
3 129 168 169
3 129 169 130
3 130 169 170
3 130 170 131
3 131 170 171
3 131 171 132
3 132 171 172
3 132 172 133
3 133 172 173
3 133 173 134
3 134 173 174
3 134 174 135
3 135 174 175
3 135 175 136
3 136 175 176
3 136 176 137
3 137 176 177
3 137 177 138
3 138 177 178
3 138 178 139
3 139 178 179
3 139 179 140
3 140 179 180
3 140 180 141
3 141 180 181
3 141 181 142
3 142 181 182
3 142 182 143
3 143 182 183
3 143 183 144
3 144 183 184
3 144 184 145
3 145 184 185
3 145 185 146
3 146 185 186
3 146 186 147
3 147 186 187
3 147 187 148
3 148 187 188
3 148 188 149
3 149 188 189
3 149 189 150
3 150 189 190
3 150 190 151
3 151 190 191
3 151 191 152
3 152 191 192
3 152 192 153
3 153 192 193
3 153 193 154
3 154 193 194
3 154 194 155
3 155 194 195
3 155 195 156
3 156 195 196
3 156 196 157
3 157 196 197
3 157 197 158
3 158 197 198
3 158 198 159
3 159 198 199
3 160 200 161
3 161 200 201
3 161 201 162
3 162 201 202
3 162 202 163
3 163 202 203
3 163 203 164
3 164 203 204
3 164 204 165
3 165 204 205
3 165 205 166
3 166 205 206
3 166 206 167
3 167 206 207
3 167 207 168
3 168 207 208
3 168 208 169
3 169 208 209
3 169 209 170
3 170 209 210
3 170 210 171
3 171 210 211
3 171 211 172
3 172 211 212
3 172 212 173
3 173 212 213
3 173 213 174
3 174 213 214
3 174 214 175
3 175 214 215
3 175 215 176
3 176 215 216
3 176 216 177
3 177 216 217
3 177 217 178
3 178 217 218
3 178 218 179
3 179 218 219
3 179 219 180
3 180 219 220
3 180 220 181
3 181 220 221
3 181 221 182
3 182 221 222
3 182 222 183
3 183 222 223
3 183 223 184
3 184 223 224
3 184 224 185
3 185 224 225
3 185 225 186
3 186 225 226
3 186 226 187
3 187 226 227
3 187 227 188
3 188 227 228
3 188 228 189
3 189 228 229
3 189 229 190
3 190 229 230
3 190 230 191
3 191 230 231
3 191 231 192
3 192 231 232
3 192 232 193
3 193 232 233
3 193 233 194
3 194 233 234
3 194 234 195
3 195 234 235
3 195 235 196
3 196 235 236
3 196 236 197
3 197 236 237
3 197 237 198
3 198 237 238
3 198 238 199
3 199 238 239
3 200 240 201
3 201 240 241
3 201 241 202
3 202 241 242
3 202 242 203
3 203 242 243
3 203 243 204
3 204 243 244
3 204 244 205
3 205 244 245
3 205 245 206
3 206 245 246
3 206 246 207
3 207 246 247
3 207 247 208
3 208 247 248
3 208 248 209
3 209 248 249
3 209 249 210
3 210 249 250
3 210 250 211
3 211 250 251
3 211 251 212
3 212 251 252
3 212 252 213
3 213 252 253
3 213 253 214
3 214 253 254
3 214 254 215
3 215 254 255
3 215 255 216
3 216 255 256
3 216 256 217
3 217 256 257
3 217 257 218
3 218 257 258
3 218 258 219
3 219 258 259
3 219 259 220
3 220 259 260
3 220 260 221
3 221 260 261
3 221 261 222
3 222 261 262
3 222 262 223
3 223 262 263
3 223 263 224
3 224 263 264
3 224 264 225
3 225 264 265
3 225 265 226
3 226 265 266
3 226 266 227
3 227 266 267
3 227 267 228
3 228 267 268
3 228 268 229
3 229 268 269
3 229 269 230
3 230 269 270
3 230 270 231
3 231 270 271
3 231 271 232
3 232 271 272
3 232 272 233
3 233 272 273
3 233 273 234
3 234 273 274
3 234 274 235
3 235 274 275
3 235 275 236
3 236 275 276
3 236 276 237
3 237 276 277
3 237 277 238
3 238 277 278
3 238 278 239
3 239 278 279
3 240 280 241
3 241 280 281
3 241 281 242
3 242 281 282
3 242 282 243
3 243 282 283
3 243 283 244
3 244 283 284
3 244 284 245
3 245 284 285
3 245 285 246
3 246 285 286
3 246 286 247
3 247 286 287
3 247 287 248
3 248 287 288
3 248 288 249
3 249 288 289
3 249 289 250
3 250 289 290
3 250 290 251
3 251 290 291
3 251 291 252
3 252 291 292
3 252 292 253
3 253 292 293
3 253 293 254
3 254 293 294
3 254 294 255
3 255 294 295
3 255 295 256
3 256 295 296
3 256 296 257
3 257 296 297
3 257 297 258
3 258 297 298
3 258 298 259
3 259 298 299
3 259 299 260
3 260 299 300
3 260 300 261
3 261 300 301
3 261 301 262
3 262 301 302
3 262 302 263
3 263 302 303
3 263 303 264
3 264 303 304
3 264 304 265
3 265 304 305
3 265 305 266
3 266 305 306
3 266 306 267
3 267 306 307
3 267 307 268
3 268 307 308
3 268 308 269
3 269 308 309
3 269 309 270
3 270 309 310
3 270 310 271
3 271 310 311
3 271 311 272
3 272 311 312
3 272 312 273
3 273 312 313
3 273 313 274
3 274 313 314
3 274 314 275
3 275 314 315
3 275 315 276
3 276 315 316
3 276 316 277
3 277 316 317
3 277 317 278
3 278 317 318
3 278 318 279
3 279 318 319
3 280 320 281
3 281 320 321
3 281 321 282
3 282 321 322
3 282 322 283
3 283 322 323
3 283 323 284
3 284 323 324
3 284 324 285
3 285 324 325
3 285 325 286
3 286 325 326
3 286 326 287
3 287 326 327
3 287 327 288
3 288 327 328
3 288 328 289
3 289 328 329
3 289 329 290
3 290 329 330
3 290 330 291
3 291 330 331
3 291 331 292
3 292 331 332
3 292 332 293
3 293 332 333
3 293 333 294
3 294 333 334
3 294 334 295
3 295 334 335
3 295 335 296
3 296 335 336
3 296 336 297
3 297 336 337
3 297 337 298
3 298 337 338
3 298 338 299
3 299 338 339
3 299 339 300
3 300 339 340
3 300 340 301
3 301 340 341
3 301 341 302
3 302 341 342
3 302 342 303
3 303 342 343
3 303 343 304
3 304 343 344
3 304 344 305
3 305 344 345
3 305 345 306
3 306 345 346
3 306 346 307
3 307 346 347
3 307 347 308
3 308 347 348
3 308 348 309
3 309 348 349
3 309 349 310
3 310 349 350
3 310 350 311
3 311 350 351
3 311 351 312
3 312 351 352
3 312 352 313
3 313 352 353
3 313 353 314
3 314 353 354
3 314 354 315
3 315 354 355
3 315 355 316
3 316 355 356
3 316 356 317
3 317 356 357
3 317 357 318
3 318 357 358
3 318 358 319
3 319 358 359
3 320 360 321
3 321 360 361
3 321 361 322
3 322 361 362
3 322 362 323
3 323 362 363
3 323 363 324
3 324 363 364
3 324 364 325
3 325 364 365
3 325 365 326
3 326 365 366
3 326 366 327
3 327 366 367
3 327 367 328
3 328 367 368
3 328 368 329
3 329 368 369
3 329 369 330
3 330 369 370
3 330 370 331
3 331 370 371
3 331 371 332
3 332 371 372
3 332 372 333
3 333 372 373
3 333 373 334
3 334 373 374
3 334 374 335
3 335 374 375
3 335 375 336
3 336 375 376
3 336 376 337
3 337 376 377
3 337 377 338
3 338 377 378
3 338 378 339
3 339 378 379
3 339 379 340
3 340 379 380
3 340 380 341
3 341 380 381
3 341 381 342
3 342 381 382
3 342 382 343
3 343 382 383
3 343 383 344
3 344 383 384
3 344 384 345
3 345 384 385
3 345 385 346
3 346 385 386
3 346 386 347
3 347 386 387
3 347 387 348
3 348 387 388
3 348 388 349
3 349 388 389
3 349 389 350
3 350 389 390
3 350 390 351
3 351 390 391
3 351 391 352
3 352 391 392
3 352 392 353
3 353 392 393
3 353 393 354
3 354 393 394
3 354 394 355
3 355 394 395
3 355 395 356
3 356 395 396
3 356 396 357
3 357 396 397
3 357 397 358
3 358 397 398
3 358 398 359
3 359 398 399
3 360 400 361
3 361 400 401
3 361 401 362
3 362 401 402
3 362 402 363
3 363 402 403
3 363 403 364
3 364 403 404
3 364 404 365
3 365 404 405
3 365 405 366
3 366 405 406
3 366 406 367
3 367 406 407
3 367 407 368
3 368 407 408
3 368 408 369
3 369 408 409
3 369 409 370
3 370 409 410
3 370 410 371
3 371 410 411
3 371 411 372
3 372 411 412
3 372 412 373
3 373 412 413
3 373 413 374
3 374 413 414
3 374 414 375
3 375 414 415
3 375 415 376
3 376 415 416
3 376 416 377
3 377 416 417
3 377 417 378
3 378 417 418
3 378 418 379
3 379 418 419
3 379 419 380
3 380 419 420
3 380 420 381
3 381 420 421
3 381 421 382
3 382 421 422
3 382 422 383
3 383 422 423
3 383 423 384
3 384 423 424
3 384 424 385
3 385 424 425
3 385 425 386
3 386 425 426
3 386 426 387
3 387 426 427
3 387 427 388
3 388 427 428
3 388 428 389
3 389 428 429
3 389 429 390
3 390 429 430
3 390 430 391
3 391 430 431
3 391 431 392
3 392 431 432
3 392 432 393
3 393 432 433
3 393 433 394
3 394 433 434
3 394 434 395
3 395 434 435
3 395 435 396
3 396 435 436
3 396 436 397
3 397 436 437
3 397 437 398
3 398 437 438
3 398 438 399
3 399 438 439
3 400 440 401
3 401 440 441
3 401 441 402
3 402 441 442
3 402 442 403
3 403 442 443
3 403 443 404
3 404 443 444
3 404 444 405
3 405 444 445
3 405 445 406
3 406 445 446
3 406 446 407
3 407 446 447
3 407 447 408
3 408 447 448
3 408 448 409
3 409 448 449
3 409 449 410
3 410 449 450
3 410 450 411
3 411 450 451
3 411 451 412
3 412 451 452
3 412 452 413
3 413 452 453
3 413 453 414
3 414 453 454
3 414 454 415
3 415 454 455
3 415 455 416
3 416 455 456
3 416 456 417
3 417 456 457
3 417 457 418
3 418 457 458
3 418 458 419
3 419 458 459
3 419 459 420
3 420 459 460
3 420 460 421
3 421 460 461
3 421 461 422
3 422 461 462
3 422 462 423
3 423 462 463
3 423 463 424
3 424 463 464
3 424 464 425
3 425 464 465
3 425 465 426
3 426 465 466
3 426 466 427
3 427 466 467
3 427 467 428
3 428 467 468
3 428 468 429
3 429 468 469
3 429 469 430
3 430 469 470
3 430 470 431
3 431 470 471
3 431 471 432
3 432 471 472
3 432 472 433
3 433 472 473
3 433 473 434
3 434 473 474
3 434 474 435
3 435 474 475
3 435 475 436
3 436 475 476
3 436 476 437
3 437 476 477
3 437 477 438
3 438 477 478
3 438 478 439
3 439 478 479
3 440 480 441
3 441 480 481
3 441 481 442
3 442 481 482
3 442 482 443
3 443 482 483
3 443 483 444
3 444 483 484
3 444 484 445
3 445 484 485
3 445 485 446
3 446 485 486
3 446 486 447
3 447 486 487
3 447 487 448
3 448 487 488
3 448 488 449
3 449 488 489
3 449 489 450
3 450 489 490
3 450 490 451
3 451 490 491
3 451 491 452
3 452 491 492
3 452 492 453
3 453 492 493
3 453 493 454
3 454 493 494
3 454 494 455
3 455 494 495
3 455 495 456
3 456 495 496
3 456 496 457
3 457 496 497
3 457 497 458
3 458 497 498
3 458 498 459
3 459 498 499
3 459 499 460
3 460 499 500
3 460 500 461
3 461 500 501
3 461 501 462
3 462 501 502
3 462 502 463
3 463 502 503
3 463 503 464
3 464 503 504
3 464 504 465
3 465 504 505
3 465 505 466
3 466 505 506
3 466 506 467
3 467 506 507
3 467 507 468
3 468 507 508
3 468 508 469
3 469 508 509
3 469 509 470
3 470 509 510
3 470 510 471
3 471 510 511
3 471 511 472
3 472 511 512
3 472 512 473
3 473 512 513
3 473 513 474
3 474 513 514
3 474 514 475
3 475 514 515
3 475 515 476
3 476 515 516
3 476 516 477
3 477 516 517
3 477 517 478
3 478 517 518
3 478 518 479
3 479 518 519
3 480 520 481
3 481 520 521
3 481 521 482
3 482 521 522
3 482 522 483
3 483 522 523
3 483 523 484
3 484 523 524
3 484 524 485
3 485 524 525
3 485 525 486
3 486 525 526
3 486 526 487
3 487 526 527
3 487 527 488
3 488 527 528
3 488 528 489
3 489 528 529
3 489 529 490
3 490 529 530
3 490 530 491
3 491 530 531
3 491 531 492
3 492 531 532
3 492 532 493
3 493 532 533
3 493 533 494
3 494 533 534
3 494 534 495
3 495 534 535
3 495 535 496
3 496 535 536
3 496 536 497
3 497 536 537
3 497 537 498
3 498 537 538
3 498 538 499
3 499 538 539
3 499 539 500
3 500 539 540
3 500 540 501
3 501 540 541
3 501 541 502
3 502 541 542
3 502 542 503
3 503 542 543
3 503 543 504
3 504 543 544
3 504 544 505
3 505 544 545
3 505 545 506
3 506 545 546
3 506 546 507
3 507 546 547
3 507 547 508
3 508 547 548
3 508 548 509
3 509 548 549
3 509 549 510
3 510 549 550
3 510 550 511
3 511 550 551
3 511 551 512
3 512 551 552
3 512 552 513
3 513 552 553
3 513 553 514
3 514 553 554
3 514 554 515
3 515 554 555
3 515 555 516
3 516 555 556
3 516 556 517
3 517 556 557
3 517 557 518
3 518 557 558
3 518 558 519
3 519 558 559
3 520 560 521
3 521 560 561
3 521 561 522
3 522 561 562
3 522 562 523
3 523 562 563
3 523 563 524
3 524 563 564
3 524 564 525
3 525 564 565
3 525 565 526
3 526 565 566
3 526 566 527
3 527 566 567
3 527 567 528
3 528 567 568
3 528 568 529
3 529 568 569
3 529 569 530
3 530 569 570
3 530 570 531
3 531 570 571
3 531 571 532
3 532 571 572
3 532 572 533
3 533 572 573
3 533 573 534
3 534 573 574
3 534 574 535
3 535 574 575
3 535 575 536
3 536 575 576
3 536 576 537
3 537 576 577
3 537 577 538
3 538 577 578
3 538 578 539
3 539 578 579
3 539 579 540
3 540 579 580
3 540 580 541
3 541 580 581
3 541 581 542
3 542 581 582
3 542 582 543
3 543 582 583
3 543 583 544
3 544 583 584
3 544 584 545
3 545 584 585
3 545 585 546
3 546 585 586
3 546 586 547
3 547 586 587
3 547 587 548
3 548 587 588
3 548 588 549
3 549 588 589
3 549 589 550
3 550 589 590
3 550 590 551
3 551 590 591
3 551 591 552
3 552 591 592
3 552 592 553
3 553 592 593
3 553 593 554
3 554 593 594
3 554 594 555
3 555 594 595
3 555 595 556
3 556 595 596
3 556 596 557
3 557 596 597
3 557 597 558
3 558 597 598
3 558 598 559
3 559 598 599
3 560 600 561
3 561 600 601
3 561 601 562
3 562 601 602
3 562 602 563
3 563 602 603
3 563 603 564
3 564 603 604
3 564 604 565
3 565 604 605
3 565 605 566
3 566 605 606
3 566 606 567
3 567 606 607
3 567 607 568
3 568 607 608
3 568 608 569
3 569 608 609
3 569 609 570
3 570 609 610
3 570 610 571
3 571 610 611
3 571 611 572
3 572 611 612
3 572 612 573
3 573 612 613
3 573 613 574
3 574 613 614
3 574 614 575
3 575 614 615
3 575 615 576
3 576 615 616
3 576 616 577
3 577 616 617
3 577 617 578
3 578 617 618
3 578 618 579
3 579 618 619
3 579 619 580
3 580 619 620
3 580 620 581
3 581 620 621
3 581 621 582
3 582 621 622
3 582 622 583
3 583 622 623
3 583 623 584
3 584 623 624
3 584 624 585
3 585 624 625
3 585 625 586
3 586 625 626
3 586 626 587
3 587 626 627
3 587 627 588
3 588 627 628
3 588 628 589
3 589 628 629
3 589 629 590
3 590 629 630
3 590 630 591
3 591 630 631
3 591 631 592
3 592 631 632
3 592 632 593
3 593 632 633
3 593 633 594
3 594 633 634
3 594 634 595
3 595 634 635
3 595 635 596
3 596 635 636
3 596 636 597
3 597 636 637
3 597 637 598
3 598 637 638
3 598 638 599
3 599 638 639
3 600 640 601
3 601 640 641
3 601 641 602
3 602 641 642
3 602 642 603
3 603 642 643
3 603 643 604
3 604 643 644
3 604 644 605
3 605 644 645
3 605 645 606
3 606 645 646
3 606 646 607
3 607 646 647
3 607 647 608
3 608 647 648
3 608 648 609
3 609 648 649
3 609 649 610
3 610 649 650
3 610 650 611
3 611 650 651
3 611 651 612
3 612 651 652
3 612 652 613
3 613 652 653
3 613 653 614
3 614 653 654
3 614 654 615
3 615 654 655
3 615 655 616
3 616 655 656
3 616 656 617
3 617 656 657
3 617 657 618
3 618 657 658
3 618 658 619
3 619 658 659
3 619 659 620
3 620 659 660
3 620 660 621
3 621 660 661
3 621 661 622
3 622 661 662
3 622 662 623
3 623 662 663
3 623 663 624
3 624 663 664
3 624 664 625
3 625 664 665
3 625 665 626
3 626 665 666
3 626 666 627
3 627 666 667
3 627 667 628
3 628 667 668
3 628 668 629
3 629 668 669
3 629 669 630
3 630 669 670
3 630 670 631
3 631 670 671
3 631 671 632
3 632 671 672
3 632 672 633
3 633 672 673
3 633 673 634
3 634 673 674
3 634 674 635
3 635 674 675
3 635 675 636
3 636 675 676
3 636 676 637
3 637 676 677
3 637 677 638
3 638 677 678
3 638 678 639
3 639 678 679
3 640 680 641
3 641 680 681
3 641 681 642
3 642 681 682
3 642 682 643
3 643 682 683
3 643 683 644
3 644 683 684
3 644 684 645
3 645 684 685
3 645 685 646
3 646 685 686
3 646 686 647
3 647 686 687
3 647 687 648
3 648 687 688
3 648 688 649
3 649 688 689
3 649 689 650
3 650 689 690
3 650 690 651
3 651 690 691
3 651 691 652
3 652 691 692
3 652 692 653
3 653 692 693
3 653 693 654
3 654 693 694
3 654 694 655
3 655 694 695
3 655 695 656
3 656 695 696
3 656 696 657
3 657 696 697
3 657 697 658
3 658 697 698
3 658 698 659
3 659 698 699
3 659 699 660
3 660 699 700
3 660 700 661
3 661 700 701
3 661 701 662
3 662 701 702
3 662 702 663
3 663 702 703
3 663 703 664
3 664 703 704
3 664 704 665
3 665 704 705
3 665 705 666
3 666 705 706
3 666 706 667
3 667 706 707
3 667 707 668
3 668 707 708
3 668 708 669
3 669 708 709
3 669 709 670
3 670 709 710
3 670 710 671
3 671 710 711
3 671 711 672
3 672 711 712
3 672 712 673
3 673 712 713
3 673 713 674
3 674 713 714
3 674 714 675
3 675 714 715
3 675 715 676
3 676 715 716
3 676 716 677
3 677 716 717
3 677 717 678
3 678 717 718
3 678 718 679
3 679 718 719
3 680 720 681
3 681 720 721
3 681 721 682
3 682 721 722
3 682 722 683
3 683 722 723
3 683 723 684
3 684 723 724
3 684 724 685
3 685 724 725
3 685 725 686
3 686 725 726
3 686 726 687
3 687 726 727
3 687 727 688
3 688 727 728
3 688 728 689
3 689 728 729
3 689 729 690
3 690 729 730
3 690 730 691
3 691 730 731
3 691 731 692
3 692 731 732
3 692 732 693
3 693 732 733
3 693 733 694
3 694 733 734
3 694 734 695
3 695 734 735
3 695 735 696
3 696 735 736
3 696 736 697
3 697 736 737
3 697 737 698
3 698 737 738
3 698 738 699
3 699 738 739
3 699 739 700
3 700 739 740
3 700 740 701
3 701 740 741
3 701 741 702
3 702 741 742
3 702 742 703
3 703 742 743
3 703 743 704
3 704 743 744
3 704 744 705
3 705 744 745
3 705 745 706
3 706 745 746
3 706 746 707
3 707 746 747
3 707 747 708
3 708 747 748
3 708 748 709
3 709 748 749
3 709 749 710
3 710 749 750
3 710 750 711
3 711 750 751
3 711 751 712
3 712 751 752
3 712 752 713
3 713 752 753
3 713 753 714
3 714 753 754
3 714 754 715
3 715 754 755
3 715 755 716
3 716 755 756
3 716 756 717
3 717 756 757
3 717 757 718
3 718 757 758
3 718 758 719
3 719 758 759
3 720 760 721
3 721 760 761
3 721 761 722
3 722 761 762
3 722 762 723
3 723 762 763
3 723 763 724
3 724 763 764
3 724 764 725
3 725 764 765
3 725 765 726
3 726 765 766
3 726 766 727
3 727 766 767
3 727 767 728
3 728 767 768
3 728 768 729
3 729 768 769
3 729 769 730
3 730 769 770
3 730 770 731
3 731 770 771
3 731 771 732
3 732 771 772
3 732 772 733
3 733 772 773
3 733 773 734
3 734 773 774
3 734 774 735
3 735 774 775
3 735 775 736
3 736 775 776
3 736 776 737
3 737 776 777
3 737 777 738
3 738 777 778
3 738 778 739
3 739 778 779
3 739 779 740
3 740 779 780
3 740 780 741
3 741 780 781
3 741 781 742
3 742 781 782
3 742 782 743
3 743 782 783
3 743 783 744
3 744 783 784
3 744 784 745
3 745 784 785
3 745 785 746
3 746 785 786
3 746 786 747
3 747 786 787
3 747 787 748
3 748 787 788
3 748 788 749
3 749 788 789
3 749 789 750
3 750 789 790
3 750 790 751
3 751 790 791
3 751 791 752
3 752 791 792
3 752 792 753
3 753 792 793
3 753 793 754
3 754 793 794
3 754 794 755
3 755 794 795
3 755 795 756
3 756 795 796
3 756 796 757
3 757 796 797
3 757 797 758
3 758 797 798
3 758 798 759
3 759 798 799
3 760 800 761
3 761 800 801
3 761 801 762
3 762 801 802
3 762 802 763
3 763 802 803
3 763 803 764
3 764 803 804
3 764 804 765
3 765 804 805
3 765 805 766
3 766 805 806
3 766 806 767
3 767 806 807
3 767 807 768
3 768 807 808
3 768 808 769
3 769 808 809
3 769 809 770
3 770 809 810
3 770 810 771
3 771 810 811
3 771 811 772
3 772 811 812
3 772 812 773
3 773 812 813
3 773 813 774
3 774 813 814
3 774 814 775
3 775 814 815
3 775 815 776
3 776 815 816
3 776 816 777
3 777 816 817
3 777 817 778
3 778 817 818
3 778 818 779
3 779 818 819
3 779 819 780
3 780 819 820
3 780 820 781
3 781 820 821
3 781 821 782
3 782 821 822
3 782 822 783
3 783 822 823
3 783 823 784
3 784 823 824
3 784 824 785
3 785 824 825
3 785 825 786
3 786 825 826
3 786 826 787
3 787 826 827
3 787 827 788
3 788 827 828
3 788 828 789
3 789 828 829
3 789 829 790
3 790 829 830
3 790 830 791
3 791 830 831
3 791 831 792
3 792 831 832
3 792 832 793
3 793 832 833
3 793 833 794
3 794 833 834
3 794 834 795
3 795 834 835
3 795 835 796
3 796 835 836
3 796 836 797
3 797 836 837
3 797 837 798
3 798 837 838
3 798 838 799
3 799 838 839
3 800 840 801
3 801 840 841
3 801 841 802
3 802 841 842
3 802 842 803
3 803 842 843
3 803 843 804
3 804 843 844
3 804 844 805
3 805 844 845
3 805 845 806
3 806 845 846
3 806 846 807
3 807 846 847
3 807 847 808
3 808 847 848
3 808 848 809
3 809 848 849
3 809 849 810
3 810 849 850
3 810 850 811
3 811 850 851
3 811 851 812
3 812 851 852
3 812 852 813
3 813 852 853
3 813 853 814
3 814 853 854
3 814 854 815
3 815 854 855
3 815 855 816
3 816 855 856
3 816 856 817
3 817 856 857
3 817 857 818
3 818 857 858
3 818 858 819
3 819 858 859
3 819 859 820
3 820 859 860
3 820 860 821
3 821 860 861
3 821 861 822
3 822 861 862
3 822 862 823
3 823 862 863
3 823 863 824
3 824 863 864
3 824 864 825
3 825 864 865
3 825 865 826
3 826 865 866
3 826 866 827
3 827 866 867
3 827 867 828
3 828 867 868
3 828 868 829
3 829 868 869
3 829 869 830
3 830 869 870
3 830 870 831
3 831 870 871
3 831 871 832
3 832 871 872
3 832 872 833
3 833 872 873
3 833 873 834
3 834 873 874
3 834 874 835
3 835 874 875
3 835 875 836
3 836 875 876
3 836 876 837
3 837 876 877
3 837 877 838
3 838 877 878
3 838 878 839
3 839 878 879
3 840 880 841
3 841 880 881
3 841 881 842
3 842 881 882
3 842 882 843
3 843 882 883
3 843 883 844
3 844 883 884
3 844 884 845
3 845 884 885
3 845 885 846
3 846 885 886
3 846 886 847
3 847 886 887
3 847 887 848
3 848 887 888
3 848 888 849
3 849 888 889
3 849 889 850
3 850 889 890
3 850 890 851
3 851 890 891
3 851 891 852
3 852 891 892
3 852 892 853
3 853 892 893
3 853 893 854
3 854 893 894
3 854 894 855
3 855 894 895
3 855 895 856
3 856 895 896
3 856 896 857
3 857 896 897
3 857 897 858
3 858 897 898
3 858 898 859
3 859 898 899
3 859 899 860
3 860 899 900
3 860 900 861
3 861 900 901
3 861 901 862
3 862 901 902
3 862 902 863
3 863 902 903
3 863 903 864
3 864 903 904
3 864 904 865
3 865 904 905
3 865 905 866
3 866 905 906
3 866 906 867
3 867 906 907
3 867 907 868
3 868 907 908
3 868 908 869
3 869 908 909
3 869 909 870
3 870 909 910
3 870 910 871
3 871 910 911
3 871 911 872
3 872 911 912
3 872 912 873
3 873 912 913
3 873 913 874
3 874 913 914
3 874 914 875
3 875 914 915
3 875 915 876
3 876 915 916
3 876 916 877
3 877 916 917
3 877 917 878
3 878 917 918
3 878 918 879
3 879 918 919
3 880 920 881
3 881 920 921
3 881 921 882
3 882 921 922
3 882 922 883
3 883 922 923
3 883 923 884
3 884 923 924
3 884 924 885
3 885 924 925
3 885 925 886
3 886 925 926
3 886 926 887
3 887 926 927
3 887 927 888
3 888 927 928
3 888 928 889
3 889 928 929
3 889 929 890
3 890 929 930
3 890 930 891
3 891 930 931
3 891 931 892
3 892 931 932
3 892 932 893
3 893 932 933
3 893 933 894
3 894 933 934
3 894 934 895
3 895 934 935
3 895 935 896
3 896 935 936
3 896 936 897
3 897 936 937
3 897 937 898
3 898 937 938
3 898 938 899
3 899 938 939
3 899 939 900
3 900 939 940
3 900 940 901
3 901 940 941
3 901 941 902
3 902 941 942
3 902 942 903
3 903 942 943
3 903 943 904
3 904 943 944
3 904 944 905
3 905 944 945
3 905 945 906
3 906 945 946
3 906 946 907
3 907 946 947
3 907 947 908
3 908 947 948
3 908 948 909
3 909 948 949
3 909 949 910
3 910 949 950
3 910 950 911
3 911 950 951
3 911 951 912
3 912 951 952
3 912 952 913
3 913 952 953
3 913 953 914
3 914 953 954
3 914 954 915
3 915 954 955
3 915 955 916
3 916 955 956
3 916 956 917
3 917 956 957
3 917 957 918
3 918 957 958
3 918 958 919
3 919 958 959
3 920 960 921
3 921 960 961
3 921 961 922
3 922 961 962
3 922 962 923
3 923 962 963
3 923 963 924
3 924 963 964
3 924 964 925
3 925 964 965
3 925 965 926
3 926 965 966
3 926 966 927
3 927 966 967
3 927 967 928
3 928 967 968
3 928 968 929
3 929 968 969
3 929 969 930
3 930 969 970
3 930 970 931
3 931 970 971
3 931 971 932
3 932 971 972
3 932 972 933
3 933 972 973
3 933 973 934
3 934 973 974
3 934 974 935
3 935 974 975
3 935 975 936
3 936 975 976
3 936 976 937
3 937 976 977
3 937 977 938
3 938 977 978
3 938 978 939
3 939 978 979
3 939 979 940
3 940 979 980
3 940 980 941
3 941 980 981
3 941 981 942
3 942 981 982
3 942 982 943
3 943 982 983
3 943 983 944
3 944 983 984
3 944 984 945
3 945 984 985
3 945 985 946
3 946 985 986
3 946 986 947
3 947 986 987
3 947 987 948
3 948 987 988
3 948 988 949
3 949 988 989
3 949 989 950
3 950 989 990
3 950 990 951
3 951 990 991
3 951 991 952
3 952 991 992
3 952 992 953
3 953 992 993
3 953 993 954
3 954 993 994
3 954 994 955
3 955 994 995
3 955 995 956
3 956 995 996
3 956 996 957
3 957 996 997
3 957 997 958
3 958 997 998
3 958 998 959
3 959 998 999
3 960 1000 961
3 961 1000 1001
3 961 1001 962
3 962 1001 1002
3 962 1002 963
3 963 1002 1003
3 963 1003 964
3 964 1003 1004
3 964 1004 965
3 965 1004 1005
3 965 1005 966
3 966 1005 1006
3 966 1006 967
3 967 1006 1007
3 967 1007 968
3 968 1007 1008
3 968 1008 969
3 969 1008 1009
3 969 1009 970
3 970 1009 1010
3 970 1010 971
3 971 1010 1011
3 971 1011 972
3 972 1011 1012
3 972 1012 973
3 973 1012 1013
3 973 1013 974
3 974 1013 1014
3 974 1014 975
3 975 1014 1015
3 975 1015 976
3 976 1015 1016
3 976 1016 977
3 977 1016 1017
3 977 1017 978
3 978 1017 1018
3 978 1018 979
3 979 1018 1019
3 979 1019 980
3 980 1019 1020
3 980 1020 981
3 981 1020 1021
3 981 1021 982
3 982 1021 1022
3 982 1022 983
3 983 1022 1023
3 983 1023 984
3 984 1023 1024
3 984 1024 985
3 985 1024 1025
3 985 1025 986
3 986 1025 1026
3 986 1026 987
3 987 1026 1027
3 987 1027 988
3 988 1027 1028
3 988 1028 989
3 989 1028 1029
3 989 1029 990
3 990 1029 1030
3 990 1030 991
3 991 1030 1031
3 991 1031 992
3 992 1031 1032
3 992 1032 993
3 993 1032 1033
3 993 1033 994
3 994 1033 1034
3 994 1034 995
3 995 1034 1035
3 995 1035 996
3 996 1035 1036
3 996 1036 997
3 997 1036 1037
3 997 1037 998
3 998 1037 1038
3 998 1038 999
3 999 1038 1039
3 1000 1040 1001
3 1001 1040 1041
3 1001 1041 1002
3 1002 1041 1042
3 1002 1042 1003
3 1003 1042 1043
3 1003 1043 1004
3 1004 1043 1044
3 1004 1044 1005
3 1005 1044 1045
3 1005 1045 1006
3 1006 1045 1046
3 1006 1046 1007
3 1007 1046 1047
3 1007 1047 1008
3 1008 1047 1048
3 1008 1048 1009
3 1009 1048 1049
3 1009 1049 1010
3 1010 1049 1050
3 1010 1050 1011
3 1011 1050 1051
3 1011 1051 1012
3 1012 1051 1052
3 1012 1052 1013
3 1013 1052 1053
3 1013 1053 1014
3 1014 1053 1054
3 1014 1054 1015
3 1015 1054 1055
3 1015 1055 1016
3 1016 1055 1056
3 1016 1056 1017
3 1017 1056 1057
3 1017 1057 1018
3 1018 1057 1058
3 1018 1058 1019
3 1019 1058 1059
3 1019 1059 1020
3 1020 1059 1060
3 1020 1060 1021
3 1021 1060 1061
3 1021 1061 1022
3 1022 1061 1062
3 1022 1062 1023
3 1023 1062 1063
3 1023 1063 1024
3 1024 1063 1064
3 1024 1064 1025
3 1025 1064 1065
3 1025 1065 1026
3 1026 1065 1066
3 1026 1066 1027
3 1027 1066 1067
3 1027 1067 1028
3 1028 1067 1068
3 1028 1068 1029
3 1029 1068 1069
3 1029 1069 1030
3 1030 1069 1070
3 1030 1070 1031
3 1031 1070 1071
3 1031 1071 1032
3 1032 1071 1072
3 1032 1072 1033
3 1033 1072 1073
3 1033 1073 1034
3 1034 1073 1074
3 1034 1074 1035
3 1035 1074 1075
3 1035 1075 1036
3 1036 1075 1076
3 1036 1076 1037
3 1037 1076 1077
3 1037 1077 1038
3 1038 1077 1078
3 1038 1078 1039
3 1039 1078 1079
3 1040 1080 1041
3 1041 1080 1081
3 1041 1081 1042
3 1042 1081 1082
3 1042 1082 1043
3 1043 1082 1083
3 1043 1083 1044
3 1044 1083 1084
3 1044 1084 1045
3 1045 1084 1085
3 1045 1085 1046
3 1046 1085 1086
3 1046 1086 1047
3 1047 1086 1087
3 1047 1087 1048
3 1048 1087 1088
3 1048 1088 1049
3 1049 1088 1089
3 1049 1089 1050
3 1050 1089 1090
3 1050 1090 1051
3 1051 1090 1091
3 1051 1091 1052
3 1052 1091 1092
3 1052 1092 1053
3 1053 1092 1093
3 1053 1093 1054
3 1054 1093 1094
3 1054 1094 1055
3 1055 1094 1095
3 1055 1095 1056
3 1056 1095 1096
3 1056 1096 1057
3 1057 1096 1097
3 1057 1097 1058
3 1058 1097 1098
3 1058 1098 1059
3 1059 1098 1099
3 1059 1099 1060
3 1060 1099 1100
3 1060 1100 1061
3 1061 1100 1101
3 1061 1101 1062
3 1062 1101 1102
3 1062 1102 1063
3 1063 1102 1103
3 1063 1103 1064
3 1064 1103 1104
3 1064 1104 1065
3 1065 1104 1105
3 1065 1105 1066
3 1066 1105 1106
3 1066 1106 1067
3 1067 1106 1107
3 1067 1107 1068
3 1068 1107 1108
3 1068 1108 1069
3 1069 1108 1109
3 1069 1109 1070
3 1070 1109 1110
3 1070 1110 1071
3 1071 1110 1111
3 1071 1111 1072
3 1072 1111 1112
3 1072 1112 1073
3 1073 1112 1113
3 1073 1113 1074
3 1074 1113 1114
3 1074 1114 1075
3 1075 1114 1115
3 1075 1115 1076
3 1076 1115 1116
3 1076 1116 1077
3 1077 1116 1117
3 1077 1117 1078
3 1078 1117 1118
3 1078 1118 1079
3 1079 1118 1119
3 1080 1120 1081
3 1081 1120 1121
3 1081 1121 1082
3 1082 1121 1122
3 1082 1122 1083
3 1083 1122 1123
3 1083 1123 1084
3 1084 1123 1124
3 1084 1124 1085
3 1085 1124 1125
3 1085 1125 1086
3 1086 1125 1126
3 1086 1126 1087
3 1087 1126 1127
3 1087 1127 1088
3 1088 1127 1128
3 1088 1128 1089
3 1089 1128 1129
3 1089 1129 1090
3 1090 1129 1130
3 1090 1130 1091
3 1091 1130 1131
3 1091 1131 1092
3 1092 1131 1132
3 1092 1132 1093
3 1093 1132 1133
3 1093 1133 1094
3 1094 1133 1134
3 1094 1134 1095
3 1095 1134 1135
3 1095 1135 1096
3 1096 1135 1136
3 1096 1136 1097
3 1097 1136 1137
3 1097 1137 1098
3 1098 1137 1138
3 1098 1138 1099
3 1099 1138 1139
3 1099 1139 1100
3 1100 1139 1140
3 1100 1140 1101
3 1101 1140 1141
3 1101 1141 1102
3 1102 1141 1142
3 1102 1142 1103
3 1103 1142 1143
3 1103 1143 1104
3 1104 1143 1144
3 1104 1144 1105
3 1105 1144 1145
3 1105 1145 1106
3 1106 1145 1146
3 1106 1146 1107
3 1107 1146 1147
3 1107 1147 1108
3 1108 1147 1148
3 1108 1148 1109
3 1109 1148 1149
3 1109 1149 1110
3 1110 1149 1150
3 1110 1150 1111
3 1111 1150 1151
3 1111 1151 1112
3 1112 1151 1152
3 1112 1152 1113
3 1113 1152 1153
3 1113 1153 1114
3 1114 1153 1154
3 1114 1154 1115
3 1115 1154 1155
3 1115 1155 1116
3 1116 1155 1156
3 1116 1156 1117
3 1117 1156 1157
3 1117 1157 1118
3 1118 1157 1158
3 1118 1158 1119
3 1119 1158 1159
3 1120 1160 1121
3 1121 1160 1161
3 1121 1161 1122
3 1122 1161 1162
3 1122 1162 1123
3 1123 1162 1163
3 1123 1163 1124
3 1124 1163 1164
3 1124 1164 1125
3 1125 1164 1165
3 1125 1165 1126
3 1126 1165 1166
3 1126 1166 1127
3 1127 1166 1167
3 1127 1167 1128
3 1128 1167 1168
3 1128 1168 1129
3 1129 1168 1169
3 1129 1169 1130
3 1130 1169 1170
3 1130 1170 1131
3 1131 1170 1171
3 1131 1171 1132
3 1132 1171 1172
3 1132 1172 1133
3 1133 1172 1173
3 1133 1173 1134
3 1134 1173 1174
3 1134 1174 1135
3 1135 1174 1175
3 1135 1175 1136
3 1136 1175 1176
3 1136 1176 1137
3 1137 1176 1177
3 1137 1177 1138
3 1138 1177 1178
3 1138 1178 1139
3 1139 1178 1179
3 1139 1179 1140
3 1140 1179 1180
3 1140 1180 1141
3 1141 1180 1181
3 1141 1181 1142
3 1142 1181 1182
3 1142 1182 1143
3 1143 1182 1183
3 1143 1183 1144
3 1144 1183 1184
3 1144 1184 1145
3 1145 1184 1185
3 1145 1185 1146
3 1146 1185 1186
3 1146 1186 1147
3 1147 1186 1187
3 1147 1187 1148
3 1148 1187 1188
3 1148 1188 1149
3 1149 1188 1189
3 1149 1189 1150
3 1150 1189 1190
3 1150 1190 1151
3 1151 1190 1191
3 1151 1191 1152
3 1152 1191 1192
3 1152 1192 1153
3 1153 1192 1193
3 1153 1193 1154
3 1154 1193 1194
3 1154 1194 1155
3 1155 1194 1195
3 1155 1195 1156
3 1156 1195 1196
3 1156 1196 1157
3 1157 1196 1197
3 1157 1197 1158
3 1158 1197 1198
3 1158 1198 1159
3 1159 1198 1199
3 1160 1200 1161
3 1161 1200 1201
3 1161 1201 1162
3 1162 1201 1202
3 1162 1202 1163
3 1163 1202 1203
3 1163 1203 1164
3 1164 1203 1204
3 1164 1204 1165
3 1165 1204 1205
3 1165 1205 1166
3 1166 1205 1206
3 1166 1206 1167
3 1167 1206 1207
3 1167 1207 1168
3 1168 1207 1208
3 1168 1208 1169
3 1169 1208 1209
3 1169 1209 1170
3 1170 1209 1210
3 1170 1210 1171
3 1171 1210 1211
3 1171 1211 1172
3 1172 1211 1212
3 1172 1212 1173
3 1173 1212 1213
3 1173 1213 1174
3 1174 1213 1214
3 1174 1214 1175
3 1175 1214 1215
3 1175 1215 1176
3 1176 1215 1216
3 1176 1216 1177
3 1177 1216 1217
3 1177 1217 1178
3 1178 1217 1218
3 1178 1218 1179
3 1179 1218 1219
3 1179 1219 1180
3 1180 1219 1220
3 1180 1220 1181
3 1181 1220 1221
3 1181 1221 1182
3 1182 1221 1222
3 1182 1222 1183
3 1183 1222 1223
3 1183 1223 1184
3 1184 1223 1224
3 1184 1224 1185
3 1185 1224 1225
3 1185 1225 1186
3 1186 1225 1226
3 1186 1226 1187
3 1187 1226 1227
3 1187 1227 1188
3 1188 1227 1228
3 1188 1228 1189
3 1189 1228 1229
3 1189 1229 1190
3 1190 1229 1230
3 1190 1230 1191
3 1191 1230 1231
3 1191 1231 1192
3 1192 1231 1232
3 1192 1232 1193
3 1193 1232 1233
3 1193 1233 1194
3 1194 1233 1234
3 1194 1234 1195
3 1195 1234 1235
3 1195 1235 1196
3 1196 1235 1236
3 1196 1236 1197
3 1197 1236 1237
3 1197 1237 1198
3 1198 1237 1238
3 1198 1238 1199
3 1199 1238 1239
3 1200 1240 1201
3 1201 1240 1241
3 1201 1241 1202
3 1202 1241 1242
3 1202 1242 1203
3 1203 1242 1243
3 1203 1243 1204
3 1204 1243 1244
3 1204 1244 1205
3 1205 1244 1245
3 1205 1245 1206
3 1206 1245 1246
3 1206 1246 1207
3 1207 1246 1247
3 1207 1247 1208
3 1208 1247 1248
3 1208 1248 1209
3 1209 1248 1249
3 1209 1249 1210
3 1210 1249 1250
3 1210 1250 1211
3 1211 1250 1251
3 1211 1251 1212
3 1212 1251 1252
3 1212 1252 1213
3 1213 1252 1253
3 1213 1253 1214
3 1214 1253 1254
3 1214 1254 1215
3 1215 1254 1255
3 1215 1255 1216
3 1216 1255 1256
3 1216 1256 1217
3 1217 1256 1257
3 1217 1257 1218
3 1218 1257 1258
3 1218 1258 1219
3 1219 1258 1259
3 1219 1259 1220
3 1220 1259 1260
3 1220 1260 1221
3 1221 1260 1261
3 1221 1261 1222
3 1222 1261 1262
3 1222 1262 1223
3 1223 1262 1263
3 1223 1263 1224
3 1224 1263 1264
3 1224 1264 1225
3 1225 1264 1265
3 1225 1265 1226
3 1226 1265 1266
3 1226 1266 1227
3 1227 1266 1267
3 1227 1267 1228
3 1228 1267 1268
3 1228 1268 1229
3 1229 1268 1269
3 1229 1269 1230
3 1230 1269 1270
3 1230 1270 1231
3 1231 1270 1271
3 1231 1271 1232
3 1232 1271 1272
3 1232 1272 1233
3 1233 1272 1273
3 1233 1273 1234
3 1234 1273 1274
3 1234 1274 1235
3 1235 1274 1275
3 1235 1275 1236
3 1236 1275 1276
3 1236 1276 1237
3 1237 1276 1277
3 1237 1277 1238
3 1238 1277 1278
3 1238 1278 1239
3 1239 1278 1279
3 1240 1280 1241
3 1241 1280 1281
3 1241 1281 1242
3 1242 1281 1282
3 1242 1282 1243
3 1243 1282 1283
3 1243 1283 1244
3 1244 1283 1284
3 1244 1284 1245
3 1245 1284 1285
3 1245 1285 1246
3 1246 1285 1286
3 1246 1286 1247
3 1247 1286 1287
3 1247 1287 1248
3 1248 1287 1288
3 1248 1288 1249
3 1249 1288 1289
3 1249 1289 1250
3 1250 1289 1290
3 1250 1290 1251
3 1251 1290 1291
3 1251 1291 1252
3 1252 1291 1292
3 1252 1292 1253
3 1253 1292 1293
3 1253 1293 1254
3 1254 1293 1294
3 1254 1294 1255
3 1255 1294 1295
3 1255 1295 1256
3 1256 1295 1296
3 1256 1296 1257
3 1257 1296 1297
3 1257 1297 1258
3 1258 1297 1298
3 1258 1298 1259
3 1259 1298 1299
3 1259 1299 1260
3 1260 1299 1300
3 1260 1300 1261
3 1261 1300 1301
3 1261 1301 1262
3 1262 1301 1302
3 1262 1302 1263
3 1263 1302 1303
3 1263 1303 1264
3 1264 1303 1304
3 1264 1304 1265
3 1265 1304 1305
3 1265 1305 1266
3 1266 1305 1306
3 1266 1306 1267
3 1267 1306 1307
3 1267 1307 1268
3 1268 1307 1308
3 1268 1308 1269
3 1269 1308 1309
3 1269 1309 1270
3 1270 1309 1310
3 1270 1310 1271
3 1271 1310 1311
3 1271 1311 1272
3 1272 1311 1312
3 1272 1312 1273
3 1273 1312 1313
3 1273 1313 1274
3 1274 1313 1314
3 1274 1314 1275
3 1275 1314 1315
3 1275 1315 1276
3 1276 1315 1316
3 1276 1316 1277
3 1277 1316 1317
3 1277 1317 1278
3 1278 1317 1318
3 1278 1318 1279
3 1279 1318 1319
3 1280 1320 1281
3 1281 1320 1321
3 1281 1321 1282
3 1282 1321 1322
3 1282 1322 1283
3 1283 1322 1323
3 1283 1323 1284
3 1284 1323 1324
3 1284 1324 1285
3 1285 1324 1325
3 1285 1325 1286
3 1286 1325 1326
3 1286 1326 1287
3 1287 1326 1327
3 1287 1327 1288
3 1288 1327 1328
3 1288 1328 1289
3 1289 1328 1329
3 1289 1329 1290
3 1290 1329 1330
3 1290 1330 1291
3 1291 1330 1331
3 1291 1331 1292
3 1292 1331 1332
3 1292 1332 1293
3 1293 1332 1333
3 1293 1333 1294
3 1294 1333 1334
3 1294 1334 1295
3 1295 1334 1335
3 1295 1335 1296
3 1296 1335 1336
3 1296 1336 1297
3 1297 1336 1337
3 1297 1337 1298
3 1298 1337 1338
3 1298 1338 1299
3 1299 1338 1339
3 1299 1339 1300
3 1300 1339 1340
3 1300 1340 1301
3 1301 1340 1341
3 1301 1341 1302
3 1302 1341 1342
3 1302 1342 1303
3 1303 1342 1343
3 1303 1343 1304
3 1304 1343 1344
3 1304 1344 1305
3 1305 1344 1345
3 1305 1345 1306
3 1306 1345 1346
3 1306 1346 1307
3 1307 1346 1347
3 1307 1347 1308
3 1308 1347 1348
3 1308 1348 1309
3 1309 1348 1349
3 1309 1349 1310
3 1310 1349 1350
3 1310 1350 1311
3 1311 1350 1351
3 1311 1351 1312
3 1312 1351 1352
3 1312 1352 1313
3 1313 1352 1353
3 1313 1353 1314
3 1314 1353 1354
3 1314 1354 1315
3 1315 1354 1355
3 1315 1355 1316
3 1316 1355 1356
3 1316 1356 1317
3 1317 1356 1357
3 1317 1357 1318
3 1318 1357 1358
3 1318 1358 1319
3 1319 1358 1359
3 1320 1360 1321
3 1321 1360 1361
3 1321 1361 1322
3 1322 1361 1362
3 1322 1362 1323
3 1323 1362 1363
3 1323 1363 1324
3 1324 1363 1364
3 1324 1364 1325
3 1325 1364 1365
3 1325 1365 1326
3 1326 1365 1366
3 1326 1366 1327
3 1327 1366 1367
3 1327 1367 1328
3 1328 1367 1368
3 1328 1368 1329
3 1329 1368 1369
3 1329 1369 1330
3 1330 1369 1370
3 1330 1370 1331
3 1331 1370 1371
3 1331 1371 1332
3 1332 1371 1372
3 1332 1372 1333
3 1333 1372 1373
3 1333 1373 1334
3 1334 1373 1374
3 1334 1374 1335
3 1335 1374 1375
3 1335 1375 1336
3 1336 1375 1376
3 1336 1376 1337
3 1337 1376 1377
3 1337 1377 1338
3 1338 1377 1378
3 1338 1378 1339
3 1339 1378 1379
3 1339 1379 1340
3 1340 1379 1380
3 1340 1380 1341
3 1341 1380 1381
3 1341 1381 1342
3 1342 1381 1382
3 1342 1382 1343
3 1343 1382 1383
3 1343 1383 1344
3 1344 1383 1384
3 1344 1384 1345
3 1345 1384 1385
3 1345 1385 1346
3 1346 1385 1386
3 1346 1386 1347
3 1347 1386 1387
3 1347 1387 1348
3 1348 1387 1388
3 1348 1388 1349
3 1349 1388 1389
3 1349 1389 1350
3 1350 1389 1390
3 1350 1390 1351
3 1351 1390 1391
3 1351 1391 1352
3 1352 1391 1392
3 1352 1392 1353
3 1353 1392 1393
3 1353 1393 1354
3 1354 1393 1394
3 1354 1394 1355
3 1355 1394 1395
3 1355 1395 1356
3 1356 1395 1396
3 1356 1396 1357
3 1357 1396 1397
3 1357 1397 1358
3 1358 1397 1398
3 1358 1398 1359
3 1359 1398 1399
3 1360 1400 1361
3 1361 1400 1401
3 1361 1401 1362
3 1362 1401 1402
3 1362 1402 1363
3 1363 1402 1403
3 1363 1403 1364
3 1364 1403 1404
3 1364 1404 1365
3 1365 1404 1405
3 1365 1405 1366
3 1366 1405 1406
3 1366 1406 1367
3 1367 1406 1407
3 1367 1407 1368
3 1368 1407 1408
3 1368 1408 1369
3 1369 1408 1409
3 1369 1409 1370
3 1370 1409 1410
3 1370 1410 1371
3 1371 1410 1411
3 1371 1411 1372
3 1372 1411 1412
3 1372 1412 1373
3 1373 1412 1413
3 1373 1413 1374
3 1374 1413 1414
3 1374 1414 1375
3 1375 1414 1415
3 1375 1415 1376
3 1376 1415 1416
3 1376 1416 1377
3 1377 1416 1417
3 1377 1417 1378
3 1378 1417 1418
3 1378 1418 1379
3 1379 1418 1419
3 1379 1419 1380
3 1380 1419 1420
3 1380 1420 1381
3 1381 1420 1421
3 1381 1421 1382
3 1382 1421 1422
3 1382 1422 1383
3 1383 1422 1423
3 1383 1423 1384
3 1384 1423 1424
3 1384 1424 1385
3 1385 1424 1425
3 1385 1425 1386
3 1386 1425 1426
3 1386 1426 1387
3 1387 1426 1427
3 1387 1427 1388
3 1388 1427 1428
3 1388 1428 1389
3 1389 1428 1429
3 1389 1429 1390
3 1390 1429 1430
3 1390 1430 1391
3 1391 1430 1431
3 1391 1431 1392
3 1392 1431 1432
3 1392 1432 1393
3 1393 1432 1433
3 1393 1433 1394
3 1394 1433 1434
3 1394 1434 1395
3 1395 1434 1435
3 1395 1435 1396
3 1396 1435 1436
3 1396 1436 1397
3 1397 1436 1437
3 1397 1437 1398
3 1398 1437 1438
3 1398 1438 1399
3 1399 1438 1439
3 1400 1440 1401
3 1401 1440 1441
3 1401 1441 1402
3 1402 1441 1442
3 1402 1442 1403
3 1403 1442 1443
3 1403 1443 1404
3 1404 1443 1444
3 1404 1444 1405
3 1405 1444 1445
3 1405 1445 1406
3 1406 1445 1446
3 1406 1446 1407
3 1407 1446 1447
3 1407 1447 1408
3 1408 1447 1448
3 1408 1448 1409
3 1409 1448 1449
3 1409 1449 1410
3 1410 1449 1450
3 1410 1450 1411
3 1411 1450 1451
3 1411 1451 1412
3 1412 1451 1452
3 1412 1452 1413
3 1413 1452 1453
3 1413 1453 1414
3 1414 1453 1454
3 1414 1454 1415
3 1415 1454 1455
3 1415 1455 1416
3 1416 1455 1456
3 1416 1456 1417
3 1417 1456 1457
3 1417 1457 1418
3 1418 1457 1458
3 1418 1458 1419
3 1419 1458 1459
3 1419 1459 1420
3 1420 1459 1460
3 1420 1460 1421
3 1421 1460 1461
3 1421 1461 1422
3 1422 1461 1462
3 1422 1462 1423
3 1423 1462 1463
3 1423 1463 1424
3 1424 1463 1464
3 1424 1464 1425
3 1425 1464 1465
3 1425 1465 1426
3 1426 1465 1466
3 1426 1466 1427
3 1427 1466 1467
3 1427 1467 1428
3 1428 1467 1468
3 1428 1468 1429
3 1429 1468 1469
3 1429 1469 1430
3 1430 1469 1470
3 1430 1470 1431
3 1431 1470 1471
3 1431 1471 1432
3 1432 1471 1472
3 1432 1472 1433
3 1433 1472 1473
3 1433 1473 1434
3 1434 1473 1474
3 1434 1474 1435
3 1435 1474 1475
3 1435 1475 1436
3 1436 1475 1476
3 1436 1476 1437
3 1437 1476 1477
3 1437 1477 1438
3 1438 1477 1478
3 1438 1478 1439
3 1439 1478 1479
3 1440 1480 1441
3 1441 1480 1481
3 1441 1481 1442
3 1442 1481 1482
3 1442 1482 1443
3 1443 1482 1483
3 1443 1483 1444
3 1444 1483 1484
3 1444 1484 1445
3 1445 1484 1485
3 1445 1485 1446
3 1446 1485 1486
3 1446 1486 1447
3 1447 1486 1487
3 1447 1487 1448
3 1448 1487 1488
3 1448 1488 1449
3 1449 1488 1489
3 1449 1489 1450
3 1450 1489 1490
3 1450 1490 1451
3 1451 1490 1491
3 1451 1491 1452
3 1452 1491 1492
3 1452 1492 1453
3 1453 1492 1493
3 1453 1493 1454
3 1454 1493 1494
3 1454 1494 1455
3 1455 1494 1495
3 1455 1495 1456
3 1456 1495 1496
3 1456 1496 1457
3 1457 1496 1497
3 1457 1497 1458
3 1458 1497 1498
3 1458 1498 1459
3 1459 1498 1499
3 1459 1499 1460
3 1460 1499 1500
3 1460 1500 1461
3 1461 1500 1501
3 1461 1501 1462
3 1462 1501 1502
3 1462 1502 1463
3 1463 1502 1503
3 1463 1503 1464
3 1464 1503 1504
3 1464 1504 1465
3 1465 1504 1505
3 1465 1505 1466
3 1466 1505 1506
3 1466 1506 1467
3 1467 1506 1507
3 1467 1507 1468
3 1468 1507 1508
3 1468 1508 1469
3 1469 1508 1509
3 1469 1509 1470
3 1470 1509 1510
3 1470 1510 1471
3 1471 1510 1511
3 1471 1511 1472
3 1472 1511 1512
3 1472 1512 1473
3 1473 1512 1513
3 1473 1513 1474
3 1474 1513 1514
3 1474 1514 1475
3 1475 1514 1515
3 1475 1515 1476
3 1476 1515 1516
3 1476 1516 1477
3 1477 1516 1517
3 1477 1517 1478
3 1478 1517 1518
3 1478 1518 1479
3 1479 1518 1519
3 1480 1520 1481
3 1481 1520 1521
3 1481 1521 1482
3 1482 1521 1522
3 1482 1522 1483
3 1483 1522 1523
3 1483 1523 1484
3 1484 1523 1524
3 1484 1524 1485
3 1485 1524 1525
3 1485 1525 1486
3 1486 1525 1526
3 1486 1526 1487
3 1487 1526 1527
3 1487 1527 1488
3 1488 1527 1528
3 1488 1528 1489
3 1489 1528 1529
3 1489 1529 1490
3 1490 1529 1530
3 1490 1530 1491
3 1491 1530 1531
3 1491 1531 1492
3 1492 1531 1532
3 1492 1532 1493
3 1493 1532 1533
3 1493 1533 1494
3 1494 1533 1534
3 1494 1534 1495
3 1495 1534 1535
3 1495 1535 1496
3 1496 1535 1536
3 1496 1536 1497
3 1497 1536 1537
3 1497 1537 1498
3 1498 1537 1538
3 1498 1538 1499
3 1499 1538 1539
3 1499 1539 1500
3 1500 1539 1540
3 1500 1540 1501
3 1501 1540 1541
3 1501 1541 1502
3 1502 1541 1542
3 1502 1542 1503
3 1503 1542 1543
3 1503 1543 1504
3 1504 1543 1544
3 1504 1544 1505
3 1505 1544 1545
3 1505 1545 1506
3 1506 1545 1546
3 1506 1546 1507
3 1507 1546 1547
3 1507 1547 1508
3 1508 1547 1548
3 1508 1548 1509
3 1509 1548 1549
3 1509 1549 1510
3 1510 1549 1550
3 1510 1550 1511
3 1511 1550 1551
3 1511 1551 1512
3 1512 1551 1552
3 1512 1552 1513
3 1513 1552 1553
3 1513 1553 1514
3 1514 1553 1554
3 1514 1554 1515
3 1515 1554 1555
3 1515 1555 1516
3 1516 1555 1556
3 1516 1556 1517
3 1517 1556 1557
3 1517 1557 1518
3 1518 1557 1558
3 1518 1558 1519
3 1519 1558 1559
3 1520 1560 1521
3 1521 1560 1561
3 1521 1561 1522
3 1522 1561 1562
3 1522 1562 1523
3 1523 1562 1563
3 1523 1563 1524
3 1524 1563 1564
3 1524 1564 1525
3 1525 1564 1565
3 1525 1565 1526
3 1526 1565 1566
3 1526 1566 1527
3 1527 1566 1567
3 1527 1567 1528
3 1528 1567 1568
3 1528 1568 1529
3 1529 1568 1569
3 1529 1569 1530
3 1530 1569 1570
3 1530 1570 1531
3 1531 1570 1571
3 1531 1571 1532
3 1532 1571 1572
3 1532 1572 1533
3 1533 1572 1573
3 1533 1573 1534
3 1534 1573 1574
3 1534 1574 1535
3 1535 1574 1575
3 1535 1575 1536
3 1536 1575 1576
3 1536 1576 1537
3 1537 1576 1577
3 1537 1577 1538
3 1538 1577 1578
3 1538 1578 1539
3 1539 1578 1579
3 1539 1579 1540
3 1540 1579 1580
3 1540 1580 1541
3 1541 1580 1581
3 1541 1581 1542
3 1542 1581 1582
3 1542 1582 1543
3 1543 1582 1583
3 1543 1583 1544
3 1544 1583 1584
3 1544 1584 1545
3 1545 1584 1585
3 1545 1585 1546
3 1546 1585 1586
3 1546 1586 1547
3 1547 1586 1587
3 1547 1587 1548
3 1548 1587 1588
3 1548 1588 1549
3 1549 1588 1589
3 1549 1589 1550
3 1550 1589 1590
3 1550 1590 1551
3 1551 1590 1591
3 1551 1591 1552
3 1552 1591 1592
3 1552 1592 1553
3 1553 1592 1593
3 1553 1593 1554
3 1554 1593 1594
3 1554 1594 1555
3 1555 1594 1595
3 1555 1595 1556
3 1556 1595 1596
3 1556 1596 1557
3 1557 1596 1597
3 1557 1597 1558
3 1558 1597 1598
3 1558 1598 1559
3 1559 1598 1599
3 1560 1600 1561
3 1561 1600 1601
3 1561 1601 1562
3 1562 1601 1602
3 1562 1602 1563
3 1563 1602 1603
3 1563 1603 1564
3 1564 1603 1604
3 1564 1604 1565
3 1565 1604 1605
3 1565 1605 1566
3 1566 1605 1606
3 1566 1606 1567
3 1567 1606 1607
3 1567 1607 1568
3 1568 1607 1608
3 1568 1608 1569
3 1569 1608 1609
3 1569 1609 1570
3 1570 1609 1610
3 1570 1610 1571
3 1571 1610 1611
3 1571 1611 1572
3 1572 1611 1612
3 1572 1612 1573
3 1573 1612 1613
3 1573 1613 1574
3 1574 1613 1614
3 1574 1614 1575
3 1575 1614 1615
3 1575 1615 1576
3 1576 1615 1616
3 1576 1616 1577
3 1577 1616 1617
3 1577 1617 1578
3 1578 1617 1618
3 1578 1618 1579
3 1579 1618 1619
3 1579 1619 1580
3 1580 1619 1620
3 1580 1620 1581
3 1581 1620 1621
3 1581 1621 1582
3 1582 1621 1622
3 1582 1622 1583
3 1583 1622 1623
3 1583 1623 1584
3 1584 1623 1624
3 1584 1624 1585
3 1585 1624 1625
3 1585 1625 1586
3 1586 1625 1626
3 1586 1626 1587
3 1587 1626 1627
3 1587 1627 1588
3 1588 1627 1628
3 1588 1628 1589
3 1589 1628 1629
3 1589 1629 1590
3 1590 1629 1630
3 1590 1630 1591
3 1591 1630 1631
3 1591 1631 1592
3 1592 1631 1632
3 1592 1632 1593
3 1593 1632 1633
3 1593 1633 1594
3 1594 1633 1634
3 1594 1634 1595
3 1595 1634 1635
3 1595 1635 1596
3 1596 1635 1636
3 1596 1636 1597
3 1597 1636 1637
3 1597 1637 1598
3 1598 1637 1638
3 1598 1638 1599
3 1599 1638 1639
3 1600 1640 1601
3 1601 1640 1641
3 1601 1641 1602
3 1602 1641 1642
3 1602 1642 1603
3 1603 1642 1643
3 1603 1643 1604
3 1604 1643 1644
3 1604 1644 1605
3 1605 1644 1645
3 1605 1645 1606
3 1606 1645 1646
3 1606 1646 1607
3 1607 1646 1647
3 1607 1647 1608
3 1608 1647 1648
3 1608 1648 1609
3 1609 1648 1649
3 1609 1649 1610
3 1610 1649 1650
3 1610 1650 1611
3 1611 1650 1651
3 1611 1651 1612
3 1612 1651 1652
3 1612 1652 1613
3 1613 1652 1653
3 1613 1653 1614
3 1614 1653 1654
3 1614 1654 1615
3 1615 1654 1655
3 1615 1655 1616
3 1616 1655 1656
3 1616 1656 1617
3 1617 1656 1657
3 1617 1657 1618
3 1618 1657 1658
3 1618 1658 1619
3 1619 1658 1659
3 1619 1659 1620
3 1620 1659 1660
3 1620 1660 1621
3 1621 1660 1661
3 1621 1661 1622
3 1622 1661 1662
3 1622 1662 1623
3 1623 1662 1663
3 1623 1663 1624
3 1624 1663 1664
3 1624 1664 1625
3 1625 1664 1665
3 1625 1665 1626
3 1626 1665 1666
3 1626 1666 1627
3 1627 1666 1667
3 1627 1667 1628
3 1628 1667 1668
3 1628 1668 1629
3 1629 1668 1669
3 1629 1669 1630
3 1630 1669 1670
3 1630 1670 1631
3 1631 1670 1671
3 1631 1671 1632
3 1632 1671 1672
3 1632 1672 1633
3 1633 1672 1673
3 1633 1673 1634
3 1634 1673 1674
3 1634 1674 1635
3 1635 1674 1675
3 1635 1675 1636
3 1636 1675 1676
3 1636 1676 1637
3 1637 1676 1677
3 1637 1677 1638
3 1638 1677 1678
3 1638 1678 1639
3 1639 1678 1679
3 1640 1680 1641
3 1641 1680 1681
3 1641 1681 1642
3 1642 1681 1682
3 1642 1682 1643
3 1643 1682 1683
3 1643 1683 1644
3 1644 1683 1684
3 1644 1684 1645
3 1645 1684 1685
3 1645 1685 1646
3 1646 1685 1686
3 1646 1686 1647
3 1647 1686 1687
3 1647 1687 1648
3 1648 1687 1688
3 1648 1688 1649
3 1649 1688 1689
3 1649 1689 1650
3 1650 1689 1690
3 1650 1690 1651
3 1651 1690 1691
3 1651 1691 1652
3 1652 1691 1692
3 1652 1692 1653
3 1653 1692 1693
3 1653 1693 1654
3 1654 1693 1694
3 1654 1694 1655
3 1655 1694 1695
3 1655 1695 1656
3 1656 1695 1696
3 1656 1696 1657
3 1657 1696 1697
3 1657 1697 1658
3 1658 1697 1698
3 1658 1698 1659
3 1659 1698 1699
3 1659 1699 1660
3 1660 1699 1700
3 1660 1700 1661
3 1661 1700 1701
3 1661 1701 1662
3 1662 1701 1702
3 1662 1702 1663
3 1663 1702 1703
3 1663 1703 1664
3 1664 1703 1704
3 1664 1704 1665
3 1665 1704 1705
3 1665 1705 1666
3 1666 1705 1706
3 1666 1706 1667
3 1667 1706 1707
3 1667 1707 1668
3 1668 1707 1708
3 1668 1708 1669
3 1669 1708 1709
3 1669 1709 1670
3 1670 1709 1710
3 1670 1710 1671
3 1671 1710 1711
3 1671 1711 1672
3 1672 1711 1712
3 1672 1712 1673
3 1673 1712 1713
3 1673 1713 1674
3 1674 1713 1714
3 1674 1714 1675
3 1675 1714 1715
3 1675 1715 1676
3 1676 1715 1716
3 1676 1716 1677
3 1677 1716 1717
3 1677 1717 1678
3 1678 1717 1718
3 1678 1718 1679
3 1679 1718 1719
3 1680 1720 1681
3 1681 1720 1721
3 1681 1721 1682
3 1682 1721 1722
3 1682 1722 1683
3 1683 1722 1723
3 1683 1723 1684
3 1684 1723 1724
3 1684 1724 1685
3 1685 1724 1725
3 1685 1725 1686
3 1686 1725 1726
3 1686 1726 1687
3 1687 1726 1727
3 1687 1727 1688
3 1688 1727 1728
3 1688 1728 1689
3 1689 1728 1729
3 1689 1729 1690
3 1690 1729 1730
3 1690 1730 1691
3 1691 1730 1731
3 1691 1731 1692
3 1692 1731 1732
3 1692 1732 1693
3 1693 1732 1733
3 1693 1733 1694
3 1694 1733 1734
3 1694 1734 1695
3 1695 1734 1735
3 1695 1735 1696
3 1696 1735 1736
3 1696 1736 1697
3 1697 1736 1737
3 1697 1737 1698
3 1698 1737 1738
3 1698 1738 1699
3 1699 1738 1739
3 1699 1739 1700
3 1700 1739 1740
3 1700 1740 1701
3 1701 1740 1741
3 1701 1741 1702
3 1702 1741 1742
3 1702 1742 1703
3 1703 1742 1743
3 1703 1743 1704
3 1704 1743 1744
3 1704 1744 1705
3 1705 1744 1745
3 1705 1745 1706
3 1706 1745 1746
3 1706 1746 1707
3 1707 1746 1747
3 1707 1747 1708
3 1708 1747 1748
3 1708 1748 1709
3 1709 1748 1749
3 1709 1749 1710
3 1710 1749 1750
3 1710 1750 1711
3 1711 1750 1751
3 1711 1751 1712
3 1712 1751 1752
3 1712 1752 1713
3 1713 1752 1753
3 1713 1753 1714
3 1714 1753 1754
3 1714 1754 1715
3 1715 1754 1755
3 1715 1755 1716
3 1716 1755 1756
3 1716 1756 1717
3 1717 1756 1757
3 1717 1757 1718
3 1718 1757 1758
3 1718 1758 1719
3 1719 1758 1759
3 1720 1760 1721
3 1721 1760 1761
3 1721 1761 1722
3 1722 1761 1762
3 1722 1762 1723
3 1723 1762 1763
3 1723 1763 1724
3 1724 1763 1764
3 1724 1764 1725
3 1725 1764 1765
3 1725 1765 1726
3 1726 1765 1766
3 1726 1766 1727
3 1727 1766 1767
3 1727 1767 1728
3 1728 1767 1768
3 1728 1768 1729
3 1729 1768 1769
3 1729 1769 1730
3 1730 1769 1770
3 1730 1770 1731
3 1731 1770 1771
3 1731 1771 1732
3 1732 1771 1772
3 1732 1772 1733
3 1733 1772 1773
3 1733 1773 1734
3 1734 1773 1774
3 1734 1774 1735
3 1735 1774 1775
3 1735 1775 1736
3 1736 1775 1776
3 1736 1776 1737
3 1737 1776 1777
3 1737 1777 1738
3 1738 1777 1778
3 1738 1778 1739
3 1739 1778 1779
3 1739 1779 1740
3 1740 1779 1780
3 1740 1780 1741
3 1741 1780 1781
3 1741 1781 1742
3 1742 1781 1782
3 1742 1782 1743
3 1743 1782 1783
3 1743 1783 1744
3 1744 1783 1784
3 1744 1784 1745
3 1745 1784 1785
3 1745 1785 1746
3 1746 1785 1786
3 1746 1786 1747
3 1747 1786 1787
3 1747 1787 1748
3 1748 1787 1788
3 1748 1788 1749
3 1749 1788 1789
3 1749 1789 1750
3 1750 1789 1790
3 1750 1790 1751
3 1751 1790 1791
3 1751 1791 1752
3 1752 1791 1792
3 1752 1792 1753
3 1753 1792 1793
3 1753 1793 1754
3 1754 1793 1794
3 1754 1794 1755
3 1755 1794 1795
3 1755 1795 1756
3 1756 1795 1796
3 1756 1796 1757
3 1757 1796 1797
3 1757 1797 1758
3 1758 1797 1798
3 1758 1798 1759
3 1759 1798 1799
3 1760 1800 1761
3 1761 1800 1801
3 1761 1801 1762
3 1762 1801 1802
3 1762 1802 1763
3 1763 1802 1803
3 1763 1803 1764
3 1764 1803 1804
3 1764 1804 1765
3 1765 1804 1805
3 1765 1805 1766
3 1766 1805 1806
3 1766 1806 1767
3 1767 1806 1807
3 1767 1807 1768
3 1768 1807 1808
3 1768 1808 1769
3 1769 1808 1809
3 1769 1809 1770
3 1770 1809 1810
3 1770 1810 1771
3 1771 1810 1811
3 1771 1811 1772
3 1772 1811 1812
3 1772 1812 1773
3 1773 1812 1813
3 1773 1813 1774
3 1774 1813 1814
3 1774 1814 1775
3 1775 1814 1815
3 1775 1815 1776
3 1776 1815 1816
3 1776 1816 1777
3 1777 1816 1817
3 1777 1817 1778
3 1778 1817 1818
3 1778 1818 1779
3 1779 1818 1819
3 1779 1819 1780
3 1780 1819 1820
3 1780 1820 1781
3 1781 1820 1821
3 1781 1821 1782
3 1782 1821 1822
3 1782 1822 1783
3 1783 1822 1823
3 1783 1823 1784
3 1784 1823 1824
3 1784 1824 1785
3 1785 1824 1825
3 1785 1825 1786
3 1786 1825 1826
3 1786 1826 1787
3 1787 1826 1827
3 1787 1827 1788
3 1788 1827 1828
3 1788 1828 1789
3 1789 1828 1829
3 1789 1829 1790
3 1790 1829 1830
3 1790 1830 1791
3 1791 1830 1831
3 1791 1831 1792
3 1792 1831 1832
3 1792 1832 1793
3 1793 1832 1833
3 1793 1833 1794
3 1794 1833 1834
3 1794 1834 1795
3 1795 1834 1835
3 1795 1835 1796
3 1796 1835 1836
3 1796 1836 1797
3 1797 1836 1837
3 1797 1837 1798
3 1798 1837 1838
3 1798 1838 1799
3 1799 1838 1839
3 1800 1840 1801
3 1801 1840 1841
3 1801 1841 1802
3 1802 1841 1842
3 1802 1842 1803
3 1803 1842 1843
3 1803 1843 1804
3 1804 1843 1844
3 1804 1844 1805
3 1805 1844 1845
3 1805 1845 1806
3 1806 1845 1846
3 1806 1846 1807
3 1807 1846 1847
3 1807 1847 1808
3 1808 1847 1848
3 1808 1848 1809
3 1809 1848 1849
3 1809 1849 1810
3 1810 1849 1850
3 1810 1850 1811
3 1811 1850 1851
3 1811 1851 1812
3 1812 1851 1852
3 1812 1852 1813
3 1813 1852 1853
3 1813 1853 1814
3 1814 1853 1854
3 1814 1854 1815
3 1815 1854 1855
3 1815 1855 1816
3 1816 1855 1856
3 1816 1856 1817
3 1817 1856 1857
3 1817 1857 1818
3 1818 1857 1858
3 1818 1858 1819
3 1819 1858 1859
3 1819 1859 1820
3 1820 1859 1860
3 1820 1860 1821
3 1821 1860 1861
3 1821 1861 1822
3 1822 1861 1862
3 1822 1862 1823
3 1823 1862 1863
3 1823 1863 1824
3 1824 1863 1864
3 1824 1864 1825
3 1825 1864 1865
3 1825 1865 1826
3 1826 1865 1866
3 1826 1866 1827
3 1827 1866 1867
3 1827 1867 1828
3 1828 1867 1868
3 1828 1868 1829
3 1829 1868 1869
3 1829 1869 1830
3 1830 1869 1870
3 1830 1870 1831
3 1831 1870 1871
3 1831 1871 1832
3 1832 1871 1872
3 1832 1872 1833
3 1833 1872 1873
3 1833 1873 1834
3 1834 1873 1874
3 1834 1874 1835
3 1835 1874 1875
3 1835 1875 1836
3 1836 1875 1876
3 1836 1876 1837
3 1837 1876 1877
3 1837 1877 1838
3 1838 1877 1878
3 1838 1878 1839
3 1839 1878 1879
3 1840 1880 1841
3 1841 1880 1881
3 1841 1881 1842
3 1842 1881 1882
3 1842 1882 1843
3 1843 1882 1883
3 1843 1883 1844
3 1844 1883 1884
3 1844 1884 1845
3 1845 1884 1885
3 1845 1885 1846
3 1846 1885 1886
3 1846 1886 1847
3 1847 1886 1887
3 1847 1887 1848
3 1848 1887 1888
3 1848 1888 1849
3 1849 1888 1889
3 1849 1889 1850
3 1850 1889 1890
3 1850 1890 1851
3 1851 1890 1891
3 1851 1891 1852
3 1852 1891 1892
3 1852 1892 1853
3 1853 1892 1893
3 1853 1893 1854
3 1854 1893 1894
3 1854 1894 1855
3 1855 1894 1895
3 1855 1895 1856
3 1856 1895 1896
3 1856 1896 1857
3 1857 1896 1897
3 1857 1897 1858
3 1858 1897 1898
3 1858 1898 1859
3 1859 1898 1899
3 1859 1899 1860
3 1860 1899 1900
3 1860 1900 1861
3 1861 1900 1901
3 1861 1901 1862
3 1862 1901 1902
3 1862 1902 1863
3 1863 1902 1903
3 1863 1903 1864
3 1864 1903 1904
3 1864 1904 1865
3 1865 1904 1905
3 1865 1905 1866
3 1866 1905 1906
3 1866 1906 1867
3 1867 1906 1907
3 1867 1907 1868
3 1868 1907 1908
3 1868 1908 1869
3 1869 1908 1909
3 1869 1909 1870
3 1870 1909 1910
3 1870 1910 1871
3 1871 1910 1911
3 1871 1911 1872
3 1872 1911 1912
3 1872 1912 1873
3 1873 1912 1913
3 1873 1913 1874
3 1874 1913 1914
3 1874 1914 1875
3 1875 1914 1915
3 1875 1915 1876
3 1876 1915 1916
3 1876 1916 1877
3 1877 1916 1917
3 1877 1917 1878
3 1878 1917 1918
3 1878 1918 1879
3 1879 1918 1919
3 1880 1920 1881
3 1881 1920 1921
3 1881 1921 1882
3 1882 1921 1922
3 1882 1922 1883
3 1883 1922 1923
3 1883 1923 1884
3 1884 1923 1924
3 1884 1924 1885
3 1885 1924 1925
3 1885 1925 1886
3 1886 1925 1926
3 1886 1926 1887
3 1887 1926 1927
3 1887 1927 1888
3 1888 1927 1928
3 1888 1928 1889
3 1889 1928 1929
3 1889 1929 1890
3 1890 1929 1930
3 1890 1930 1891
3 1891 1930 1931
3 1891 1931 1892
3 1892 1931 1932
3 1892 1932 1893
3 1893 1932 1933
3 1893 1933 1894
3 1894 1933 1934
3 1894 1934 1895
3 1895 1934 1935
3 1895 1935 1896
3 1896 1935 1936
3 1896 1936 1897
3 1897 1936 1937
3 1897 1937 1898
3 1898 1937 1938
3 1898 1938 1899
3 1899 1938 1939
3 1899 1939 1900
3 1900 1939 1940
3 1900 1940 1901
3 1901 1940 1941
3 1901 1941 1902
3 1902 1941 1942
3 1902 1942 1903
3 1903 1942 1943
3 1903 1943 1904
3 1904 1943 1944
3 1904 1944 1905
3 1905 1944 1945
3 1905 1945 1906
3 1906 1945 1946
3 1906 1946 1907
3 1907 1946 1947
3 1907 1947 1908
3 1908 1947 1948
3 1908 1948 1909
3 1909 1948 1949
3 1909 1949 1910
3 1910 1949 1950
3 1910 1950 1911
3 1911 1950 1951
3 1911 1951 1912
3 1912 1951 1952
3 1912 1952 1913
3 1913 1952 1953
3 1913 1953 1914
3 1914 1953 1954
3 1914 1954 1915
3 1915 1954 1955
3 1915 1955 1916
3 1916 1955 1956
3 1916 1956 1917
3 1917 1956 1957
3 1917 1957 1918
3 1918 1957 1958
3 1918 1958 1919
3 1919 1958 1959
3 1920 1960 1921
3 1921 1960 1961
3 1921 1961 1922
3 1922 1961 1962
3 1922 1962 1923
3 1923 1962 1963
3 1923 1963 1924
3 1924 1963 1964
3 1924 1964 1925
3 1925 1964 1965
3 1925 1965 1926
3 1926 1965 1966
3 1926 1966 1927
3 1927 1966 1967
3 1927 1967 1928
3 1928 1967 1968
3 1928 1968 1929
3 1929 1968 1969
3 1929 1969 1930
3 1930 1969 1970
3 1930 1970 1931
3 1931 1970 1971
3 1931 1971 1932
3 1932 1971 1972
3 1932 1972 1933
3 1933 1972 1973
3 1933 1973 1934
3 1934 1973 1974
3 1934 1974 1935
3 1935 1974 1975
3 1935 1975 1936
3 1936 1975 1976
3 1936 1976 1937
3 1937 1976 1977
3 1937 1977 1938
3 1938 1977 1978
3 1938 1978 1939
3 1939 1978 1979
3 1939 1979 1940
3 1940 1979 1980
3 1940 1980 1941
3 1941 1980 1981
3 1941 1981 1942
3 1942 1981 1982
3 1942 1982 1943
3 1943 1982 1983
3 1943 1983 1944
3 1944 1983 1984
3 1944 1984 1945
3 1945 1984 1985
3 1945 1985 1946
3 1946 1985 1986
3 1946 1986 1947
3 1947 1986 1987
3 1947 1987 1948
3 1948 1987 1988
3 1948 1988 1949
3 1949 1988 1989
3 1949 1989 1950
3 1950 1989 1990
3 1950 1990 1951
3 1951 1990 1991
3 1951 1991 1952
3 1952 1991 1992
3 1952 1992 1953
3 1953 1992 1993
3 1953 1993 1954
3 1954 1993 1994
3 1954 1994 1955
3 1955 1994 1995
3 1955 1995 1956
3 1956 1995 1996
3 1956 1996 1957
3 1957 1996 1997
3 1957 1997 1958
3 1958 1997 1998
3 1958 1998 1959
3 1959 1998 1999
3 1960 2000 1961
3 1961 2000 2001
3 1961 2001 1962
3 1962 2001 2002
3 1962 2002 1963
3 1963 2002 2003
3 1963 2003 1964
3 1964 2003 2004
3 1964 2004 1965
3 1965 2004 2005
3 1965 2005 1966
3 1966 2005 2006
3 1966 2006 1967
3 1967 2006 2007
3 1967 2007 1968
3 1968 2007 2008
3 1968 2008 1969
3 1969 2008 2009
3 1969 2009 1970
3 1970 2009 2010
3 1970 2010 1971
3 1971 2010 2011
3 1971 2011 1972
3 1972 2011 2012
3 1972 2012 1973
3 1973 2012 2013
3 1973 2013 1974
3 1974 2013 2014
3 1974 2014 1975
3 1975 2014 2015
3 1975 2015 1976
3 1976 2015 2016
3 1976 2016 1977
3 1977 2016 2017
3 1977 2017 1978
3 1978 2017 2018
3 1978 2018 1979
3 1979 2018 2019
3 1979 2019 1980
3 1980 2019 2020
3 1980 2020 1981
3 1981 2020 2021
3 1981 2021 1982
3 1982 2021 2022
3 1982 2022 1983
3 1983 2022 2023
3 1983 2023 1984
3 1984 2023 2024
3 1984 2024 1985
3 1985 2024 2025
3 1985 2025 1986
3 1986 2025 2026
3 1986 2026 1987
3 1987 2026 2027
3 1987 2027 1988
3 1988 2027 2028
3 1988 2028 1989
3 1989 2028 2029
3 1989 2029 1990
3 1990 2029 2030
3 1990 2030 1991
3 1991 2030 2031
3 1991 2031 1992
3 1992 2031 2032
3 1992 2032 1993
3 1993 2032 2033
3 1993 2033 1994
3 1994 2033 2034
3 1994 2034 1995
3 1995 2034 2035
3 1995 2035 1996
3 1996 2035 2036
3 1996 2036 1997
3 1997 2036 2037
3 1997 2037 1998
3 1998 2037 2038
3 1998 2038 1999
3 1999 2038 2039
3 2000 2040 2001
3 2001 2040 2041
3 2001 2041 2002
3 2002 2041 2042
3 2002 2042 2003
3 2003 2042 2043
3 2003 2043 2004
3 2004 2043 2044
3 2004 2044 2005
3 2005 2044 2045
3 2005 2045 2006
3 2006 2045 2046
3 2006 2046 2007
3 2007 2046 2047
3 2007 2047 2008
3 2008 2047 2048
3 2008 2048 2009
3 2009 2048 2049
3 2009 2049 2010
3 2010 2049 2050
3 2010 2050 2011
3 2011 2050 2051
3 2011 2051 2012
3 2012 2051 2052
3 2012 2052 2013
3 2013 2052 2053
3 2013 2053 2014
3 2014 2053 2054
3 2014 2054 2015
3 2015 2054 2055
3 2015 2055 2016
3 2016 2055 2056
3 2016 2056 2017
3 2017 2056 2057
3 2017 2057 2018
3 2018 2057 2058
3 2018 2058 2019
3 2019 2058 2059
3 2019 2059 2020
3 2020 2059 2060
3 2020 2060 2021
3 2021 2060 2061
3 2021 2061 2022
3 2022 2061 2062
3 2022 2062 2023
3 2023 2062 2063
3 2023 2063 2024
3 2024 2063 2064
3 2024 2064 2025
3 2025 2064 2065
3 2025 2065 2026
3 2026 2065 2066
3 2026 2066 2027
3 2027 2066 2067
3 2027 2067 2028
3 2028 2067 2068
3 2028 2068 2029
3 2029 2068 2069
3 2029 2069 2030
3 2030 2069 2070
3 2030 2070 2031
3 2031 2070 2071
3 2031 2071 2032
3 2032 2071 2072
3 2032 2072 2033
3 2033 2072 2073
3 2033 2073 2034
3 2034 2073 2074
3 2034 2074 2035
3 2035 2074 2075
3 2035 2075 2036
3 2036 2075 2076
3 2036 2076 2037
3 2037 2076 2077
3 2037 2077 2038
3 2038 2077 2078
3 2038 2078 2039
3 2039 2078 2079
3 2040 2080 2041
3 2041 2080 2081
3 2041 2081 2042
3 2042 2081 2082
3 2042 2082 2043
3 2043 2082 2083
3 2043 2083 2044
3 2044 2083 2084
3 2044 2084 2045
3 2045 2084 2085
3 2045 2085 2046
3 2046 2085 2086
3 2046 2086 2047
3 2047 2086 2087
3 2047 2087 2048
3 2048 2087 2088
3 2048 2088 2049
3 2049 2088 2089
3 2049 2089 2050
3 2050 2089 2090
3 2050 2090 2051
3 2051 2090 2091
3 2051 2091 2052
3 2052 2091 2092
3 2052 2092 2053
3 2053 2092 2093
3 2053 2093 2054
3 2054 2093 2094
3 2054 2094 2055
3 2055 2094 2095
3 2055 2095 2056
3 2056 2095 2096
3 2056 2096 2057
3 2057 2096 2097
3 2057 2097 2058
3 2058 2097 2098
3 2058 2098 2059
3 2059 2098 2099
3 2059 2099 2060
3 2060 2099 2100
3 2060 2100 2061
3 2061 2100 2101
3 2061 2101 2062
3 2062 2101 2102
3 2062 2102 2063
3 2063 2102 2103
3 2063 2103 2064
3 2064 2103 2104
3 2064 2104 2065
3 2065 2104 2105
3 2065 2105 2066
3 2066 2105 2106
3 2066 2106 2067
3 2067 2106 2107
3 2067 2107 2068
3 2068 2107 2108
3 2068 2108 2069
3 2069 2108 2109
3 2069 2109 2070
3 2070 2109 2110
3 2070 2110 2071
3 2071 2110 2111
3 2071 2111 2072
3 2072 2111 2112
3 2072 2112 2073
3 2073 2112 2113
3 2073 2113 2074
3 2074 2113 2114
3 2074 2114 2075
3 2075 2114 2115
3 2075 2115 2076
3 2076 2115 2116
3 2076 2116 2077
3 2077 2116 2117
3 2077 2117 2078
3 2078 2117 2118
3 2078 2118 2079
3 2079 2118 2119
3 2080 2120 2081
3 2081 2120 2121
3 2081 2121 2082
3 2082 2121 2122
3 2082 2122 2083
3 2083 2122 2123
3 2083 2123 2084
3 2084 2123 2124
3 2084 2124 2085
3 2085 2124 2125
3 2085 2125 2086
3 2086 2125 2126
3 2086 2126 2087
3 2087 2126 2127
3 2087 2127 2088
3 2088 2127 2128
3 2088 2128 2089
3 2089 2128 2129
3 2089 2129 2090
3 2090 2129 2130
3 2090 2130 2091
3 2091 2130 2131
3 2091 2131 2092
3 2092 2131 2132
3 2092 2132 2093
3 2093 2132 2133
3 2093 2133 2094
3 2094 2133 2134
3 2094 2134 2095
3 2095 2134 2135
3 2095 2135 2096
3 2096 2135 2136
3 2096 2136 2097
3 2097 2136 2137
3 2097 2137 2098
3 2098 2137 2138
3 2098 2138 2099
3 2099 2138 2139
3 2099 2139 2100
3 2100 2139 2140
3 2100 2140 2101
3 2101 2140 2141
3 2101 2141 2102
3 2102 2141 2142
3 2102 2142 2103
3 2103 2142 2143
3 2103 2143 2104
3 2104 2143 2144
3 2104 2144 2105
3 2105 2144 2145
3 2105 2145 2106
3 2106 2145 2146
3 2106 2146 2107
3 2107 2146 2147
3 2107 2147 2108
3 2108 2147 2148
3 2108 2148 2109
3 2109 2148 2149
3 2109 2149 2110
3 2110 2149 2150
3 2110 2150 2111
3 2111 2150 2151
3 2111 2151 2112
3 2112 2151 2152
3 2112 2152 2113
3 2113 2152 2153
3 2113 2153 2114
3 2114 2153 2154
3 2114 2154 2115
3 2115 2154 2155
3 2115 2155 2116
3 2116 2155 2156
3 2116 2156 2117
3 2117 2156 2157
3 2117 2157 2118
3 2118 2157 2158
3 2118 2158 2119
3 2119 2158 2159
3 2120 2160 2121
3 2121 2160 2161
3 2121 2161 2122
3 2122 2161 2162
3 2122 2162 2123
3 2123 2162 2163
3 2123 2163 2124
3 2124 2163 2164
3 2124 2164 2125
3 2125 2164 2165
3 2125 2165 2126
3 2126 2165 2166
3 2126 2166 2127
3 2127 2166 2167
3 2127 2167 2128
3 2128 2167 2168
3 2128 2168 2129
3 2129 2168 2169
3 2129 2169 2130
3 2130 2169 2170
3 2130 2170 2131
3 2131 2170 2171
3 2131 2171 2132
3 2132 2171 2172
3 2132 2172 2133
3 2133 2172 2173
3 2133 2173 2134
3 2134 2173 2174
3 2134 2174 2135
3 2135 2174 2175
3 2135 2175 2136
3 2136 2175 2176
3 2136 2176 2137
3 2137 2176 2177
3 2137 2177 2138
3 2138 2177 2178
3 2138 2178 2139
3 2139 2178 2179
3 2139 2179 2140
3 2140 2179 2180
3 2140 2180 2141
3 2141 2180 2181
3 2141 2181 2142
3 2142 2181 2182
3 2142 2182 2143
3 2143 2182 2183
3 2143 2183 2144
3 2144 2183 2184
3 2144 2184 2145
3 2145 2184 2185
3 2145 2185 2146
3 2146 2185 2186
3 2146 2186 2147
3 2147 2186 2187
3 2147 2187 2148
3 2148 2187 2188
3 2148 2188 2149
3 2149 2188 2189
3 2149 2189 2150
3 2150 2189 2190
3 2150 2190 2151
3 2151 2190 2191
3 2151 2191 2152
3 2152 2191 2192
3 2152 2192 2153
3 2153 2192 2193
3 2153 2193 2154
3 2154 2193 2194
3 2154 2194 2155
3 2155 2194 2195
3 2155 2195 2156
3 2156 2195 2196
3 2156 2196 2157
3 2157 2196 2197
3 2157 2197 2158
3 2158 2197 2198
3 2158 2198 2159
3 2159 2198 2199
3 2160 2200 2161
3 2161 2200 2201
3 2161 2201 2162
3 2162 2201 2202
3 2162 2202 2163
3 2163 2202 2203
3 2163 2203 2164
3 2164 2203 2204
3 2164 2204 2165
3 2165 2204 2205
3 2165 2205 2166
3 2166 2205 2206
3 2166 2206 2167
3 2167 2206 2207
3 2167 2207 2168
3 2168 2207 2208
3 2168 2208 2169
3 2169 2208 2209
3 2169 2209 2170
3 2170 2209 2210
3 2170 2210 2171
3 2171 2210 2211
3 2171 2211 2172
3 2172 2211 2212
3 2172 2212 2173
3 2173 2212 2213
3 2173 2213 2174
3 2174 2213 2214
3 2174 2214 2175
3 2175 2214 2215
3 2175 2215 2176
3 2176 2215 2216
3 2176 2216 2177
3 2177 2216 2217
3 2177 2217 2178
3 2178 2217 2218
3 2178 2218 2179
3 2179 2218 2219
3 2179 2219 2180
3 2180 2219 2220
3 2180 2220 2181
3 2181 2220 2221
3 2181 2221 2182
3 2182 2221 2222
3 2182 2222 2183
3 2183 2222 2223
3 2183 2223 2184
3 2184 2223 2224
3 2184 2224 2185
3 2185 2224 2225
3 2185 2225 2186
3 2186 2225 2226
3 2186 2226 2187
3 2187 2226 2227
3 2187 2227 2188
3 2188 2227 2228
3 2188 2228 2189
3 2189 2228 2229
3 2189 2229 2190
3 2190 2229 2230
3 2190 2230 2191
3 2191 2230 2231
3 2191 2231 2192
3 2192 2231 2232
3 2192 2232 2193
3 2193 2232 2233
3 2193 2233 2194
3 2194 2233 2234
3 2194 2234 2195
3 2195 2234 2235
3 2195 2235 2196
3 2196 2235 2236
3 2196 2236 2197
3 2197 2236 2237
3 2197 2237 2198
3 2198 2237 2238
3 2198 2238 2199
3 2199 2238 2239
3 2200 2240 2201
3 2201 2240 2241
3 2201 2241 2202
3 2202 2241 2242
3 2202 2242 2203
3 2203 2242 2243
3 2203 2243 2204
3 2204 2243 2244
3 2204 2244 2205
3 2205 2244 2245
3 2205 2245 2206
3 2206 2245 2246
3 2206 2246 2207
3 2207 2246 2247
3 2207 2247 2208
3 2208 2247 2248
3 2208 2248 2209
3 2209 2248 2249
3 2209 2249 2210
3 2210 2249 2250
3 2210 2250 2211
3 2211 2250 2251
3 2211 2251 2212
3 2212 2251 2252
3 2212 2252 2213
3 2213 2252 2253
3 2213 2253 2214
3 2214 2253 2254
3 2214 2254 2215
3 2215 2254 2255
3 2215 2255 2216
3 2216 2255 2256
3 2216 2256 2217
3 2217 2256 2257
3 2217 2257 2218
3 2218 2257 2258
3 2218 2258 2219
3 2219 2258 2259
3 2219 2259 2220
3 2220 2259 2260
3 2220 2260 2221
3 2221 2260 2261
3 2221 2261 2222
3 2222 2261 2262
3 2222 2262 2223
3 2223 2262 2263
3 2223 2263 2224
3 2224 2263 2264
3 2224 2264 2225
3 2225 2264 2265
3 2225 2265 2226
3 2226 2265 2266
3 2226 2266 2227
3 2227 2266 2267
3 2227 2267 2228
3 2228 2267 2268
3 2228 2268 2229
3 2229 2268 2269
3 2229 2269 2230
3 2230 2269 2270
3 2230 2270 2231
3 2231 2270 2271
3 2231 2271 2232
3 2232 2271 2272
3 2232 2272 2233
3 2233 2272 2273
3 2233 2273 2234
3 2234 2273 2274
3 2234 2274 2235
3 2235 2274 2275
3 2235 2275 2236
3 2236 2275 2276
3 2236 2276 2237
3 2237 2276 2277
3 2237 2277 2238
3 2238 2277 2278
3 2238 2278 2239
3 2239 2278 2279
3 2240 2280 2241
3 2241 2280 2281
3 2241 2281 2242
3 2242 2281 2282
3 2242 2282 2243
3 2243 2282 2283
3 2243 2283 2244
3 2244 2283 2284
3 2244 2284 2245
3 2245 2284 2285
3 2245 2285 2246
3 2246 2285 2286
3 2246 2286 2247
3 2247 2286 2287
3 2247 2287 2248
3 2248 2287 2288
3 2248 2288 2249
3 2249 2288 2289
3 2249 2289 2250
3 2250 2289 2290
3 2250 2290 2251
3 2251 2290 2291
3 2251 2291 2252
3 2252 2291 2292
3 2252 2292 2253
3 2253 2292 2293
3 2253 2293 2254
3 2254 2293 2294
3 2254 2294 2255
3 2255 2294 2295
3 2255 2295 2256
3 2256 2295 2296
3 2256 2296 2257
3 2257 2296 2297
3 2257 2297 2258
3 2258 2297 2298
3 2258 2298 2259
3 2259 2298 2299
3 2259 2299 2260
3 2260 2299 2300
3 2260 2300 2261
3 2261 2300 2301
3 2261 2301 2262
3 2262 2301 2302
3 2262 2302 2263
3 2263 2302 2303
3 2263 2303 2264
3 2264 2303 2304
3 2264 2304 2265
3 2265 2304 2305
3 2265 2305 2266
3 2266 2305 2306
3 2266 2306 2267
3 2267 2306 2307
3 2267 2307 2268
3 2268 2307 2308
3 2268 2308 2269
3 2269 2308 2309
3 2269 2309 2270
3 2270 2309 2310
3 2270 2310 2271
3 2271 2310 2311
3 2271 2311 2272
3 2272 2311 2312
3 2272 2312 2273
3 2273 2312 2313
3 2273 2313 2274
3 2274 2313 2314
3 2274 2314 2275
3 2275 2314 2315
3 2275 2315 2276
3 2276 2315 2316
3 2276 2316 2277
3 2277 2316 2317
3 2277 2317 2278
3 2278 2317 2318
3 2278 2318 2279
3 2279 2318 2319
3 2280 2320 2281
3 2281 2320 2321
3 2281 2321 2282
3 2282 2321 2322
3 2282 2322 2283
3 2283 2322 2323
3 2283 2323 2284
3 2284 2323 2324
3 2284 2324 2285
3 2285 2324 2325
3 2285 2325 2286
3 2286 2325 2326
3 2286 2326 2287
3 2287 2326 2327
3 2287 2327 2288
3 2288 2327 2328
3 2288 2328 2289
3 2289 2328 2329
3 2289 2329 2290
3 2290 2329 2330
3 2290 2330 2291
3 2291 2330 2331
3 2291 2331 2292
3 2292 2331 2332
3 2292 2332 2293
3 2293 2332 2333
3 2293 2333 2294
3 2294 2333 2334
3 2294 2334 2295
3 2295 2334 2335
3 2295 2335 2296
3 2296 2335 2336
3 2296 2336 2297
3 2297 2336 2337
3 2297 2337 2298
3 2298 2337 2338
3 2298 2338 2299
3 2299 2338 2339
3 2299 2339 2300
3 2300 2339 2340
3 2300 2340 2301
3 2301 2340 2341
3 2301 2341 2302
3 2302 2341 2342
3 2302 2342 2303
3 2303 2342 2343
3 2303 2343 2304
3 2304 2343 2344
3 2304 2344 2305
3 2305 2344 2345
3 2305 2345 2306
3 2306 2345 2346
3 2306 2346 2307
3 2307 2346 2347
3 2307 2347 2308
3 2308 2347 2348
3 2308 2348 2309
3 2309 2348 2349
3 2309 2349 2310
3 2310 2349 2350
3 2310 2350 2311
3 2311 2350 2351
3 2311 2351 2312
3 2312 2351 2352
3 2312 2352 2313
3 2313 2352 2353
3 2313 2353 2314
3 2314 2353 2354
3 2314 2354 2315
3 2315 2354 2355
3 2315 2355 2316
3 2316 2355 2356
3 2316 2356 2317
3 2317 2356 2357
3 2317 2357 2318
3 2318 2357 2358
3 2318 2358 2319
3 2319 2358 2359
3 2320 2360 2321
3 2321 2360 2361
3 2321 2361 2322
3 2322 2361 2362
3 2322 2362 2323
3 2323 2362 2363
3 2323 2363 2324
3 2324 2363 2364
3 2324 2364 2325
3 2325 2364 2365
3 2325 2365 2326
3 2326 2365 2366
3 2326 2366 2327
3 2327 2366 2367
3 2327 2367 2328
3 2328 2367 2368
3 2328 2368 2329
3 2329 2368 2369
3 2329 2369 2330
3 2330 2369 2370
3 2330 2370 2331
3 2331 2370 2371
3 2331 2371 2332
3 2332 2371 2372
3 2332 2372 2333
3 2333 2372 2373
3 2333 2373 2334
3 2334 2373 2374
3 2334 2374 2335
3 2335 2374 2375
3 2335 2375 2336
3 2336 2375 2376
3 2336 2376 2337
3 2337 2376 2377
3 2337 2377 2338
3 2338 2377 2378
3 2338 2378 2339
3 2339 2378 2379
3 2339 2379 2340
3 2340 2379 2380
3 2340 2380 2341
3 2341 2380 2381
3 2341 2381 2342
3 2342 2381 2382
3 2342 2382 2343
3 2343 2382 2383
3 2343 2383 2344
3 2344 2383 2384
3 2344 2384 2345
3 2345 2384 2385
3 2345 2385 2346
3 2346 2385 2386
3 2346 2386 2347
3 2347 2386 2387
3 2347 2387 2348
3 2348 2387 2388
3 2348 2388 2349
3 2349 2388 2389
3 2349 2389 2350
3 2350 2389 2390
3 2350 2390 2351
3 2351 2390 2391
3 2351 2391 2352
3 2352 2391 2392
3 2352 2392 2353
3 2353 2392 2393
3 2353 2393 2354
3 2354 2393 2394
3 2354 2394 2355
3 2355 2394 2395
3 2355 2395 2356
3 2356 2395 2396
3 2356 2396 2357
3 2357 2396 2397
3 2357 2397 2358
3 2358 2397 2398
3 2358 2398 2359
3 2359 2398 2399
3 2360 2400 2361
3 2361 2400 2401
3 2361 2401 2362
3 2362 2401 2402
3 2362 2402 2363
3 2363 2402 2403
3 2363 2403 2364
3 2364 2403 2404
3 2364 2404 2365
3 2365 2404 2405
3 2365 2405 2366
3 2366 2405 2406
3 2366 2406 2367
3 2367 2406 2407
3 2367 2407 2368
3 2368 2407 2408
3 2368 2408 2369
3 2369 2408 2409
3 2369 2409 2370
3 2370 2409 2410
3 2370 2410 2371
3 2371 2410 2411
3 2371 2411 2372
3 2372 2411 2412
3 2372 2412 2373
3 2373 2412 2413
3 2373 2413 2374
3 2374 2413 2414
3 2374 2414 2375
3 2375 2414 2415
3 2375 2415 2376
3 2376 2415 2416
3 2376 2416 2377
3 2377 2416 2417
3 2377 2417 2378
3 2378 2417 2418
3 2378 2418 2379
3 2379 2418 2419
3 2379 2419 2380
3 2380 2419 2420
3 2380 2420 2381
3 2381 2420 2421
3 2381 2421 2382
3 2382 2421 2422
3 2382 2422 2383
3 2383 2422 2423
3 2383 2423 2384
3 2384 2423 2424
3 2384 2424 2385
3 2385 2424 2425
3 2385 2425 2386
3 2386 2425 2426
3 2386 2426 2387
3 2387 2426 2427
3 2387 2427 2388
3 2388 2427 2428
3 2388 2428 2389
3 2389 2428 2429
3 2389 2429 2390
3 2390 2429 2430
3 2390 2430 2391
3 2391 2430 2431
3 2391 2431 2392
3 2392 2431 2432
3 2392 2432 2393
3 2393 2432 2433
3 2393 2433 2394
3 2394 2433 2434
3 2394 2434 2395
3 2395 2434 2435
3 2395 2435 2396
3 2396 2435 2436
3 2396 2436 2397
3 2397 2436 2437
3 2397 2437 2398
3 2398 2437 2438
3 2398 2438 2399
3 2399 2438 2439
3 2400 2440 2401
3 2401 2440 2441
3 2401 2441 2402
3 2402 2441 2442
3 2402 2442 2403
3 2403 2442 2443
3 2403 2443 2404
3 2404 2443 2444
3 2404 2444 2405
3 2405 2444 2445
3 2405 2445 2406
3 2406 2445 2446
3 2406 2446 2407
3 2407 2446 2447
3 2407 2447 2408
3 2408 2447 2448
3 2408 2448 2409
3 2409 2448 2449
3 2409 2449 2410
3 2410 2449 2450
3 2410 2450 2411
3 2411 2450 2451
3 2411 2451 2412
3 2412 2451 2452
3 2412 2452 2413
3 2413 2452 2453
3 2413 2453 2414
3 2414 2453 2454
3 2414 2454 2415
3 2415 2454 2455
3 2415 2455 2416
3 2416 2455 2456
3 2416 2456 2417
3 2417 2456 2457
3 2417 2457 2418
3 2418 2457 2458
3 2418 2458 2419
3 2419 2458 2459
3 2419 2459 2420
3 2420 2459 2460
3 2420 2460 2421
3 2421 2460 2461
3 2421 2461 2422
3 2422 2461 2462
3 2422 2462 2423
3 2423 2462 2463
3 2423 2463 2424
3 2424 2463 2464
3 2424 2464 2425
3 2425 2464 2465
3 2425 2465 2426
3 2426 2465 2466
3 2426 2466 2427
3 2427 2466 2467
3 2427 2467 2428
3 2428 2467 2468
3 2428 2468 2429
3 2429 2468 2469
3 2429 2469 2430
3 2430 2469 2470
3 2430 2470 2431
3 2431 2470 2471
3 2431 2471 2432
3 2432 2471 2472
3 2432 2472 2433
3 2433 2472 2473
3 2433 2473 2434
3 2434 2473 2474
3 2434 2474 2435
3 2435 2474 2475
3 2435 2475 2436
3 2436 2475 2476
3 2436 2476 2437
3 2437 2476 2477
3 2437 2477 2438
3 2438 2477 2478
3 2438 2478 2439
3 2439 2478 2479
3 2440 2480 2441
3 2441 2480 2481
3 2441 2481 2442
3 2442 2481 2482
3 2442 2482 2443
3 2443 2482 2483
3 2443 2483 2444
3 2444 2483 2484
3 2444 2484 2445
3 2445 2484 2485
3 2445 2485 2446
3 2446 2485 2486
3 2446 2486 2447
3 2447 2486 2487
3 2447 2487 2448
3 2448 2487 2488
3 2448 2488 2449
3 2449 2488 2489
3 2449 2489 2450
3 2450 2489 2490
3 2450 2490 2451
3 2451 2490 2491
3 2451 2491 2452
3 2452 2491 2492
3 2452 2492 2453
3 2453 2492 2493
3 2453 2493 2454
3 2454 2493 2494
3 2454 2494 2455
3 2455 2494 2495
3 2455 2495 2456
3 2456 2495 2496
3 2456 2496 2457
3 2457 2496 2497
3 2457 2497 2458
3 2458 2497 2498
3 2458 2498 2459
3 2459 2498 2499
3 2459 2499 2460
3 2460 2499 2500
3 2460 2500 2461
3 2461 2500 2501
3 2461 2501 2462
3 2462 2501 2502
3 2462 2502 2463
3 2463 2502 2503
3 2463 2503 2464
3 2464 2503 2504
3 2464 2504 2465
3 2465 2504 2505
3 2465 2505 2466
3 2466 2505 2506
3 2466 2506 2467
3 2467 2506 2507
3 2467 2507 2468
3 2468 2507 2508
3 2468 2508 2469
3 2469 2508 2509
3 2469 2509 2470
3 2470 2509 2510
3 2470 2510 2471
3 2471 2510 2511
3 2471 2511 2472
3 2472 2511 2512
3 2472 2512 2473
3 2473 2512 2513
3 2473 2513 2474
3 2474 2513 2514
3 2474 2514 2475
3 2475 2514 2515
3 2475 2515 2476
3 2476 2515 2516
3 2476 2516 2477
3 2477 2516 2517
3 2477 2517 2478
3 2478 2517 2518
3 2478 2518 2479
3 2479 2518 2519
3 2480 2520 2481
3 2481 2520 2521
3 2481 2521 2482
3 2482 2521 2522
3 2482 2522 2483
3 2483 2522 2523
3 2483 2523 2484
3 2484 2523 2524
3 2484 2524 2485
3 2485 2524 2525
3 2485 2525 2486
3 2486 2525 2526
3 2486 2526 2487
3 2487 2526 2527
3 2487 2527 2488
3 2488 2527 2528
3 2488 2528 2489
3 2489 2528 2529
3 2489 2529 2490
3 2490 2529 2530
3 2490 2530 2491
3 2491 2530 2531
3 2491 2531 2492
3 2492 2531 2532
3 2492 2532 2493
3 2493 2532 2533
3 2493 2533 2494
3 2494 2533 2534
3 2494 2534 2495
3 2495 2534 2535
3 2495 2535 2496
3 2496 2535 2536
3 2496 2536 2497
3 2497 2536 2537
3 2497 2537 2498
3 2498 2537 2538
3 2498 2538 2499
3 2499 2538 2539
3 2499 2539 2500
3 2500 2539 2540
3 2500 2540 2501
3 2501 2540 2541
3 2501 2541 2502
3 2502 2541 2542
3 2502 2542 2503
3 2503 2542 2543
3 2503 2543 2504
3 2504 2543 2544
3 2504 2544 2505
3 2505 2544 2545
3 2505 2545 2506
3 2506 2545 2546
3 2506 2546 2507
3 2507 2546 2547
3 2507 2547 2508
3 2508 2547 2548
3 2508 2548 2509
3 2509 2548 2549
3 2509 2549 2510
3 2510 2549 2550
3 2510 2550 2511
3 2511 2550 2551
3 2511 2551 2512
3 2512 2551 2552
3 2512 2552 2513
3 2513 2552 2553
3 2513 2553 2514
3 2514 2553 2554
3 2514 2554 2515
3 2515 2554 2555
3 2515 2555 2516
3 2516 2555 2556
3 2516 2556 2517
3 2517 2556 2557
3 2517 2557 2518
3 2518 2557 2558
3 2518 2558 2519
3 2519 2558 2559
3 2520 2560 2521
3 2521 2560 2561
3 2521 2561 2522
3 2522 2561 2562
3 2522 2562 2523
3 2523 2562 2563
3 2523 2563 2524
3 2524 2563 2564
3 2524 2564 2525
3 2525 2564 2565
3 2525 2565 2526
3 2526 2565 2566
3 2526 2566 2527
3 2527 2566 2567
3 2527 2567 2528
3 2528 2567 2568
3 2528 2568 2529
3 2529 2568 2569
3 2529 2569 2530
3 2530 2569 2570
3 2530 2570 2531
3 2531 2570 2571
3 2531 2571 2532
3 2532 2571 2572
3 2532 2572 2533
3 2533 2572 2573
3 2533 2573 2534
3 2534 2573 2574
3 2534 2574 2535
3 2535 2574 2575
3 2535 2575 2536
3 2536 2575 2576
3 2536 2576 2537
3 2537 2576 2577
3 2537 2577 2538
3 2538 2577 2578
3 2538 2578 2539
3 2539 2578 2579
3 2539 2579 2540
3 2540 2579 2580
3 2540 2580 2541
3 2541 2580 2581
3 2541 2581 2542
3 2542 2581 2582
3 2542 2582 2543
3 2543 2582 2583
3 2543 2583 2544
3 2544 2583 2584
3 2544 2584 2545
3 2545 2584 2585
3 2545 2585 2546
3 2546 2585 2586
3 2546 2586 2547
3 2547 2586 2587
3 2547 2587 2548
3 2548 2587 2588
3 2548 2588 2549
3 2549 2588 2589
3 2549 2589 2550
3 2550 2589 2590
3 2550 2590 2551
3 2551 2590 2591
3 2551 2591 2552
3 2552 2591 2592
3 2552 2592 2553
3 2553 2592 2593
3 2553 2593 2554
3 2554 2593 2594
3 2554 2594 2555
3 2555 2594 2595
3 2555 2595 2556
3 2556 2595 2596
3 2556 2596 2557
3 2557 2596 2597
3 2557 2597 2558
3 2558 2597 2598
3 2558 2598 2559
3 2559 2598 2599
3 2560 2600 2561
3 2561 2600 2601
3 2561 2601 2562
3 2562 2601 2602
3 2562 2602 2563
3 2563 2602 2603
3 2563 2603 2564
3 2564 2603 2604
3 2564 2604 2565
3 2565 2604 2605
3 2565 2605 2566
3 2566 2605 2606
3 2566 2606 2567
3 2567 2606 2607
3 2567 2607 2568
3 2568 2607 2608
3 2568 2608 2569
3 2569 2608 2609
3 2569 2609 2570
3 2570 2609 2610
3 2570 2610 2571
3 2571 2610 2611
3 2571 2611 2572
3 2572 2611 2612
3 2572 2612 2573
3 2573 2612 2613
3 2573 2613 2574
3 2574 2613 2614
3 2574 2614 2575
3 2575 2614 2615
3 2575 2615 2576
3 2576 2615 2616
3 2576 2616 2577
3 2577 2616 2617
3 2577 2617 2578
3 2578 2617 2618
3 2578 2618 2579
3 2579 2618 2619
3 2579 2619 2580
3 2580 2619 2620
3 2580 2620 2581
3 2581 2620 2621
3 2581 2621 2582
3 2582 2621 2622
3 2582 2622 2583
3 2583 2622 2623
3 2583 2623 2584
3 2584 2623 2624
3 2584 2624 2585
3 2585 2624 2625
3 2585 2625 2586
3 2586 2625 2626
3 2586 2626 2587
3 2587 2626 2627
3 2587 2627 2588
3 2588 2627 2628
3 2588 2628 2589
3 2589 2628 2629
3 2589 2629 2590
3 2590 2629 2630
3 2590 2630 2591
3 2591 2630 2631
3 2591 2631 2592
3 2592 2631 2632
3 2592 2632 2593
3 2593 2632 2633
3 2593 2633 2594
3 2594 2633 2634
3 2594 2634 2595
3 2595 2634 2635
3 2595 2635 2596
3 2596 2635 2636
3 2596 2636 2597
3 2597 2636 2637
3 2597 2637 2598
3 2598 2637 2638
3 2598 2638 2599
3 2599 2638 2639
3 2600 2640 2601
3 2601 2640 2641
3 2601 2641 2602
3 2602 2641 2642
3 2602 2642 2603
3 2603 2642 2643
3 2603 2643 2604
3 2604 2643 2644
3 2604 2644 2605
3 2605 2644 2645
3 2605 2645 2606
3 2606 2645 2646
3 2606 2646 2607
3 2607 2646 2647
3 2607 2647 2608
3 2608 2647 2648
3 2608 2648 2609
3 2609 2648 2649
3 2609 2649 2610
3 2610 2649 2650
3 2610 2650 2611
3 2611 2650 2651
3 2611 2651 2612
3 2612 2651 2652
3 2612 2652 2613
3 2613 2652 2653
3 2613 2653 2614
3 2614 2653 2654
3 2614 2654 2615
3 2615 2654 2655
3 2615 2655 2616
3 2616 2655 2656
3 2616 2656 2617
3 2617 2656 2657
3 2617 2657 2618
3 2618 2657 2658
3 2618 2658 2619
3 2619 2658 2659
3 2619 2659 2620
3 2620 2659 2660
3 2620 2660 2621
3 2621 2660 2661
3 2621 2661 2622
3 2622 2661 2662
3 2622 2662 2623
3 2623 2662 2663
3 2623 2663 2624
3 2624 2663 2664
3 2624 2664 2625
3 2625 2664 2665
3 2625 2665 2626
3 2626 2665 2666
3 2626 2666 2627
3 2627 2666 2667
3 2627 2667 2628
3 2628 2667 2668
3 2628 2668 2629
3 2629 2668 2669
3 2629 2669 2630
3 2630 2669 2670
3 2630 2670 2631
3 2631 2670 2671
3 2631 2671 2632
3 2632 2671 2672
3 2632 2672 2633
3 2633 2672 2673
3 2633 2673 2634
3 2634 2673 2674
3 2634 2674 2635
3 2635 2674 2675
3 2635 2675 2636
3 2636 2675 2676
3 2636 2676 2637
3 2637 2676 2677
3 2637 2677 2638
3 2638 2677 2678
3 2638 2678 2639
3 2639 2678 2679
3 2640 2680 2641
3 2641 2680 2681
3 2641 2681 2642
3 2642 2681 2682
3 2642 2682 2643
3 2643 2682 2683
3 2643 2683 2644
3 2644 2683 2684
3 2644 2684 2645
3 2645 2684 2685
3 2645 2685 2646
3 2646 2685 2686
3 2646 2686 2647
3 2647 2686 2687
3 2647 2687 2648
3 2648 2687 2688
3 2648 2688 2649
3 2649 2688 2689
3 2649 2689 2650
3 2650 2689 2690
3 2650 2690 2651
3 2651 2690 2691
3 2651 2691 2652
3 2652 2691 2692
3 2652 2692 2653
3 2653 2692 2693
3 2653 2693 2654
3 2654 2693 2694
3 2654 2694 2655
3 2655 2694 2695
3 2655 2695 2656
3 2656 2695 2696
3 2656 2696 2657
3 2657 2696 2697
3 2657 2697 2658
3 2658 2697 2698
3 2658 2698 2659
3 2659 2698 2699
3 2659 2699 2660
3 2660 2699 2700
3 2660 2700 2661
3 2661 2700 2701
3 2661 2701 2662
3 2662 2701 2702
3 2662 2702 2663
3 2663 2702 2703
3 2663 2703 2664
3 2664 2703 2704
3 2664 2704 2665
3 2665 2704 2705
3 2665 2705 2666
3 2666 2705 2706
3 2666 2706 2667
3 2667 2706 2707
3 2667 2707 2668
3 2668 2707 2708
3 2668 2708 2669
3 2669 2708 2709
3 2669 2709 2670
3 2670 2709 2710
3 2670 2710 2671
3 2671 2710 2711
3 2671 2711 2672
3 2672 2711 2712
3 2672 2712 2673
3 2673 2712 2713
3 2673 2713 2674
3 2674 2713 2714
3 2674 2714 2675
3 2675 2714 2715
3 2675 2715 2676
3 2676 2715 2716
3 2676 2716 2677
3 2677 2716 2717
3 2677 2717 2678
3 2678 2717 2718
3 2678 2718 2679
3 2679 2718 2719
3 2680 2720 2681
3 2681 2720 2721
3 2681 2721 2682
3 2682 2721 2722
3 2682 2722 2683
3 2683 2722 2723
3 2683 2723 2684
3 2684 2723 2724
3 2684 2724 2685
3 2685 2724 2725
3 2685 2725 2686
3 2686 2725 2726
3 2686 2726 2687
3 2687 2726 2727
3 2687 2727 2688
3 2688 2727 2728
3 2688 2728 2689
3 2689 2728 2729
3 2689 2729 2690
3 2690 2729 2730
3 2690 2730 2691
3 2691 2730 2731
3 2691 2731 2692
3 2692 2731 2732
3 2692 2732 2693
3 2693 2732 2733
3 2693 2733 2694
3 2694 2733 2734
3 2694 2734 2695
3 2695 2734 2735
3 2695 2735 2696
3 2696 2735 2736
3 2696 2736 2697
3 2697 2736 2737
3 2697 2737 2698
3 2698 2737 2738
3 2698 2738 2699
3 2699 2738 2739
3 2699 2739 2700
3 2700 2739 2740
3 2700 2740 2701
3 2701 2740 2741
3 2701 2741 2702
3 2702 2741 2742
3 2702 2742 2703
3 2703 2742 2743
3 2703 2743 2704
3 2704 2743 2744
3 2704 2744 2705
3 2705 2744 2745
3 2705 2745 2706
3 2706 2745 2746
3 2706 2746 2707
3 2707 2746 2747
3 2707 2747 2708
3 2708 2747 2748
3 2708 2748 2709
3 2709 2748 2749
3 2709 2749 2710
3 2710 2749 2750
3 2710 2750 2711
3 2711 2750 2751
3 2711 2751 2712
3 2712 2751 2752
3 2712 2752 2713
3 2713 2752 2753
3 2713 2753 2714
3 2714 2753 2754
3 2714 2754 2715
3 2715 2754 2755
3 2715 2755 2716
3 2716 2755 2756
3 2716 2756 2717
3 2717 2756 2757
3 2717 2757 2718
3 2718 2757 2758
3 2718 2758 2719
3 2719 2758 2759
3 2720 2760 2721
3 2721 2760 2761
3 2721 2761 2722
3 2722 2761 2762
3 2722 2762 2723
3 2723 2762 2763
3 2723 2763 2724
3 2724 2763 2764
3 2724 2764 2725
3 2725 2764 2765
3 2725 2765 2726
3 2726 2765 2766
3 2726 2766 2727
3 2727 2766 2767
3 2727 2767 2728
3 2728 2767 2768
3 2728 2768 2729
3 2729 2768 2769
3 2729 2769 2730
3 2730 2769 2770
3 2730 2770 2731
3 2731 2770 2771
3 2731 2771 2732
3 2732 2771 2772
3 2732 2772 2733
3 2733 2772 2773
3 2733 2773 2734
3 2734 2773 2774
3 2734 2774 2735
3 2735 2774 2775
3 2735 2775 2736
3 2736 2775 2776
3 2736 2776 2737
3 2737 2776 2777
3 2737 2777 2738
3 2738 2777 2778
3 2738 2778 2739
3 2739 2778 2779
3 2739 2779 2740
3 2740 2779 2780
3 2740 2780 2741
3 2741 2780 2781
3 2741 2781 2742
3 2742 2781 2782
3 2742 2782 2743
3 2743 2782 2783
3 2743 2783 2744
3 2744 2783 2784
3 2744 2784 2745
3 2745 2784 2785
3 2745 2785 2746
3 2746 2785 2786
3 2746 2786 2747
3 2747 2786 2787
3 2747 2787 2748
3 2748 2787 2788
3 2748 2788 2749
3 2749 2788 2789
3 2749 2789 2750
3 2750 2789 2790
3 2750 2790 2751
3 2751 2790 2791
3 2751 2791 2752
3 2752 2791 2792
3 2752 2792 2753
3 2753 2792 2793
3 2753 2793 2754
3 2754 2793 2794
3 2754 2794 2755
3 2755 2794 2795
3 2755 2795 2756
3 2756 2795 2796
3 2756 2796 2757
3 2757 2796 2797
3 2757 2797 2758
3 2758 2797 2798
3 2758 2798 2759
3 2759 2798 2799
3 2760 2800 2761
3 2761 2800 2801
3 2761 2801 2762
3 2762 2801 2802
3 2762 2802 2763
3 2763 2802 2803
3 2763 2803 2764
3 2764 2803 2804
3 2764 2804 2765
3 2765 2804 2805
3 2765 2805 2766
3 2766 2805 2806
3 2766 2806 2767
3 2767 2806 2807
3 2767 2807 2768
3 2768 2807 2808
3 2768 2808 2769
3 2769 2808 2809
3 2769 2809 2770
3 2770 2809 2810
3 2770 2810 2771
3 2771 2810 2811
3 2771 2811 2772
3 2772 2811 2812
3 2772 2812 2773
3 2773 2812 2813
3 2773 2813 2774
3 2774 2813 2814
3 2774 2814 2775
3 2775 2814 2815
3 2775 2815 2776
3 2776 2815 2816
3 2776 2816 2777
3 2777 2816 2817
3 2777 2817 2778
3 2778 2817 2818
3 2778 2818 2779
3 2779 2818 2819
3 2779 2819 2780
3 2780 2819 2820
3 2780 2820 2781
3 2781 2820 2821
3 2781 2821 2782
3 2782 2821 2822
3 2782 2822 2783
3 2783 2822 2823
3 2783 2823 2784
3 2784 2823 2824
3 2784 2824 2785
3 2785 2824 2825
3 2785 2825 2786
3 2786 2825 2826
3 2786 2826 2787
3 2787 2826 2827
3 2787 2827 2788
3 2788 2827 2828
3 2788 2828 2789
3 2789 2828 2829
3 2789 2829 2790
3 2790 2829 2830
3 2790 2830 2791
3 2791 2830 2831
3 2791 2831 2792
3 2792 2831 2832
3 2792 2832 2793
3 2793 2832 2833
3 2793 2833 2794
3 2794 2833 2834
3 2794 2834 2795
3 2795 2834 2835
3 2795 2835 2796
3 2796 2835 2836
3 2796 2836 2797
3 2797 2836 2837
3 2797 2837 2798
3 2798 2837 2838
3 2798 2838 2799
3 2799 2838 2839
3 2800 2840 2801
3 2801 2840 2841
3 2801 2841 2802
3 2802 2841 2842
3 2802 2842 2803
3 2803 2842 2843
3 2803 2843 2804
3 2804 2843 2844
3 2804 2844 2805
3 2805 2844 2845
3 2805 2845 2806
3 2806 2845 2846
3 2806 2846 2807
3 2807 2846 2847
3 2807 2847 2808
3 2808 2847 2848
3 2808 2848 2809
3 2809 2848 2849
3 2809 2849 2810
3 2810 2849 2850
3 2810 2850 2811
3 2811 2850 2851
3 2811 2851 2812
3 2812 2851 2852
3 2812 2852 2813
3 2813 2852 2853
3 2813 2853 2814
3 2814 2853 2854
3 2814 2854 2815
3 2815 2854 2855
3 2815 2855 2816
3 2816 2855 2856
3 2816 2856 2817
3 2817 2856 2857
3 2817 2857 2818
3 2818 2857 2858
3 2818 2858 2819
3 2819 2858 2859
3 2819 2859 2820
3 2820 2859 2860
3 2820 2860 2821
3 2821 2860 2861
3 2821 2861 2822
3 2822 2861 2862
3 2822 2862 2823
3 2823 2862 2863
3 2823 2863 2824
3 2824 2863 2864
3 2824 2864 2825
3 2825 2864 2865
3 2825 2865 2826
3 2826 2865 2866
3 2826 2866 2827
3 2827 2866 2867
3 2827 2867 2828
3 2828 2867 2868
3 2828 2868 2829
3 2829 2868 2869
3 2829 2869 2830
3 2830 2869 2870
3 2830 2870 2831
3 2831 2870 2871
3 2831 2871 2832
3 2832 2871 2872
3 2832 2872 2833
3 2833 2872 2873
3 2833 2873 2834
3 2834 2873 2874
3 2834 2874 2835
3 2835 2874 2875
3 2835 2875 2836
3 2836 2875 2876
3 2836 2876 2837
3 2837 2876 2877
3 2837 2877 2838
3 2838 2877 2878
3 2838 2878 2839
3 2839 2878 2879
3 2840 2880 2841
3 2841 2880 2881
3 2841 2881 2842
3 2842 2881 2882
3 2842 2882 2843
3 2843 2882 2883
3 2843 2883 2844
3 2844 2883 2884
3 2844 2884 2845
3 2845 2884 2885
3 2845 2885 2846
3 2846 2885 2886
3 2846 2886 2847
3 2847 2886 2887
3 2847 2887 2848
3 2848 2887 2888
3 2848 2888 2849
3 2849 2888 2889
3 2849 2889 2850
3 2850 2889 2890
3 2850 2890 2851
3 2851 2890 2891
3 2851 2891 2852
3 2852 2891 2892
3 2852 2892 2853
3 2853 2892 2893
3 2853 2893 2854
3 2854 2893 2894
3 2854 2894 2855
3 2855 2894 2895
3 2855 2895 2856
3 2856 2895 2896
3 2856 2896 2857
3 2857 2896 2897
3 2857 2897 2858
3 2858 2897 2898
3 2858 2898 2859
3 2859 2898 2899
3 2859 2899 2860
3 2860 2899 2900
3 2860 2900 2861
3 2861 2900 2901
3 2861 2901 2862
3 2862 2901 2902
3 2862 2902 2863
3 2863 2902 2903
3 2863 2903 2864
3 2864 2903 2904
3 2864 2904 2865
3 2865 2904 2905
3 2865 2905 2866
3 2866 2905 2906
3 2866 2906 2867
3 2867 2906 2907
3 2867 2907 2868
3 2868 2907 2908
3 2868 2908 2869
3 2869 2908 2909
3 2869 2909 2870
3 2870 2909 2910
3 2870 2910 2871
3 2871 2910 2911
3 2871 2911 2872
3 2872 2911 2912
3 2872 2912 2873
3 2873 2912 2913
3 2873 2913 2874
3 2874 2913 2914
3 2874 2914 2875
3 2875 2914 2915
3 2875 2915 2876
3 2876 2915 2916
3 2876 2916 2877
3 2877 2916 2917
3 2877 2917 2878
3 2878 2917 2918
3 2878 2918 2879
3 2879 2918 2919
3 2880 2920 2881
3 2881 2920 2921
3 2881 2921 2882
3 2882 2921 2922
3 2882 2922 2883
3 2883 2922 2923
3 2883 2923 2884
3 2884 2923 2924
3 2884 2924 2885
3 2885 2924 2925
3 2885 2925 2886
3 2886 2925 2926
3 2886 2926 2887
3 2887 2926 2927
3 2887 2927 2888
3 2888 2927 2928
3 2888 2928 2889
3 2889 2928 2929
3 2889 2929 2890
3 2890 2929 2930
3 2890 2930 2891
3 2891 2930 2931
3 2891 2931 2892
3 2892 2931 2932
3 2892 2932 2893
3 2893 2932 2933
3 2893 2933 2894
3 2894 2933 2934
3 2894 2934 2895
3 2895 2934 2935
3 2895 2935 2896
3 2896 2935 2936
3 2896 2936 2897
3 2897 2936 2937
3 2897 2937 2898
3 2898 2937 2938
3 2898 2938 2899
3 2899 2938 2939
3 2899 2939 2900
3 2900 2939 2940
3 2900 2940 2901
3 2901 2940 2941
3 2901 2941 2902
3 2902 2941 2942
3 2902 2942 2903
3 2903 2942 2943
3 2903 2943 2904
3 2904 2943 2944
3 2904 2944 2905
3 2905 2944 2945
3 2905 2945 2906
3 2906 2945 2946
3 2906 2946 2907
3 2907 2946 2947
3 2907 2947 2908
3 2908 2947 2948
3 2908 2948 2909
3 2909 2948 2949
3 2909 2949 2910
3 2910 2949 2950
3 2910 2950 2911
3 2911 2950 2951
3 2911 2951 2912
3 2912 2951 2952
3 2912 2952 2913
3 2913 2952 2953
3 2913 2953 2914
3 2914 2953 2954
3 2914 2954 2915
3 2915 2954 2955
3 2915 2955 2916
3 2916 2955 2956
3 2916 2956 2917
3 2917 2956 2957
3 2917 2957 2918
3 2918 2957 2958
3 2918 2958 2919
3 2919 2958 2959
3 2920 2960 2921
3 2921 2960 2961
3 2921 2961 2922
3 2922 2961 2962
3 2922 2962 2923
3 2923 2962 2963
3 2923 2963 2924
3 2924 2963 2964
3 2924 2964 2925
3 2925 2964 2965
3 2925 2965 2926
3 2926 2965 2966
3 2926 2966 2927
3 2927 2966 2967
3 2927 2967 2928
3 2928 2967 2968
3 2928 2968 2929
3 2929 2968 2969
3 2929 2969 2930
3 2930 2969 2970
3 2930 2970 2931
3 2931 2970 2971
3 2931 2971 2932
3 2932 2971 2972
3 2932 2972 2933
3 2933 2972 2973
3 2933 2973 2934
3 2934 2973 2974
3 2934 2974 2935
3 2935 2974 2975
3 2935 2975 2936
3 2936 2975 2976
3 2936 2976 2937
3 2937 2976 2977
3 2937 2977 2938
3 2938 2977 2978
3 2938 2978 2939
3 2939 2978 2979
3 2939 2979 2940
3 2940 2979 2980
3 2940 2980 2941
3 2941 2980 2981
3 2941 2981 2942
3 2942 2981 2982
3 2942 2982 2943
3 2943 2982 2983
3 2943 2983 2944
3 2944 2983 2984
3 2944 2984 2945
3 2945 2984 2985
3 2945 2985 2946
3 2946 2985 2986
3 2946 2986 2947
3 2947 2986 2987
3 2947 2987 2948
3 2948 2987 2988
3 2948 2988 2949
3 2949 2988 2989
3 2949 2989 2950
3 2950 2989 2990
3 2950 2990 2951
3 2951 2990 2991
3 2951 2991 2952
3 2952 2991 2992
3 2952 2992 2953
3 2953 2992 2993
3 2953 2993 2954
3 2954 2993 2994
3 2954 2994 2955
3 2955 2994 2995
3 2955 2995 2956
3 2956 2995 2996
3 2956 2996 2957
3 2957 2996 2997
3 2957 2997 2958
3 2958 2997 2998
3 2958 2998 2959
3 2959 2998 2999
3 2960 3000 2961
3 2961 3000 3001
3 2961 3001 2962
3 2962 3001 3002
3 2962 3002 2963
3 2963 3002 3003
3 2963 3003 2964
3 2964 3003 3004
3 2964 3004 2965
3 2965 3004 3005
3 2965 3005 2966
3 2966 3005 3006
3 2966 3006 2967
3 2967 3006 3007
3 2967 3007 2968
3 2968 3007 3008
3 2968 3008 2969
3 2969 3008 3009
3 2969 3009 2970
3 2970 3009 3010
3 2970 3010 2971
3 2971 3010 3011
3 2971 3011 2972
3 2972 3011 3012
3 2972 3012 2973
3 2973 3012 3013
3 2973 3013 2974
3 2974 3013 3014
3 2974 3014 2975
3 2975 3014 3015
3 2975 3015 2976
3 2976 3015 3016
3 2976 3016 2977
3 2977 3016 3017
3 2977 3017 2978
3 2978 3017 3018
3 2978 3018 2979
3 2979 3018 3019
3 2979 3019 2980
3 2980 3019 3020
3 2980 3020 2981
3 2981 3020 3021
3 2981 3021 2982
3 2982 3021 3022
3 2982 3022 2983
3 2983 3022 3023
3 2983 3023 2984
3 2984 3023 3024
3 2984 3024 2985
3 2985 3024 3025
3 2985 3025 2986
3 2986 3025 3026
3 2986 3026 2987
3 2987 3026 3027
3 2987 3027 2988
3 2988 3027 3028
3 2988 3028 2989
3 2989 3028 3029
3 2989 3029 2990
3 2990 3029 3030
3 2990 3030 2991
3 2991 3030 3031
3 2991 3031 2992
3 2992 3031 3032
3 2992 3032 2993
3 2993 3032 3033
3 2993 3033 2994
3 2994 3033 3034
3 2994 3034 2995
3 2995 3034 3035
3 2995 3035 2996
3 2996 3035 3036
3 2996 3036 2997
3 2997 3036 3037
3 2997 3037 2998
3 2998 3037 3038
3 2998 3038 2999
3 2999 3038 3039
3 3000 3040 3001
3 3001 3040 3041
3 3001 3041 3002
3 3002 3041 3042
3 3002 3042 3003
3 3003 3042 3043
3 3003 3043 3004
3 3004 3043 3044
3 3004 3044 3005
3 3005 3044 3045
3 3005 3045 3006
3 3006 3045 3046
3 3006 3046 3007
3 3007 3046 3047
3 3007 3047 3008
3 3008 3047 3048
3 3008 3048 3009
3 3009 3048 3049
3 3009 3049 3010
3 3010 3049 3050
3 3010 3050 3011
3 3011 3050 3051
3 3011 3051 3012
3 3012 3051 3052
3 3012 3052 3013
3 3013 3052 3053
3 3013 3053 3014
3 3014 3053 3054
3 3014 3054 3015
3 3015 3054 3055
3 3015 3055 3016
3 3016 3055 3056
3 3016 3056 3017
3 3017 3056 3057
3 3017 3057 3018
3 3018 3057 3058
3 3018 3058 3019
3 3019 3058 3059
3 3019 3059 3020
3 3020 3059 3060
3 3020 3060 3021
3 3021 3060 3061
3 3021 3061 3022
3 3022 3061 3062
3 3022 3062 3023
3 3023 3062 3063
3 3023 3063 3024
3 3024 3063 3064
3 3024 3064 3025
3 3025 3064 3065
3 3025 3065 3026
3 3026 3065 3066
3 3026 3066 3027
3 3027 3066 3067
3 3027 3067 3028
3 3028 3067 3068
3 3028 3068 3029
3 3029 3068 3069
3 3029 3069 3030
3 3030 3069 3070
3 3030 3070 3031
3 3031 3070 3071
3 3031 3071 3032
3 3032 3071 3072
3 3032 3072 3033
3 3033 3072 3073
3 3033 3073 3034
3 3034 3073 3074
3 3034 3074 3035
3 3035 3074 3075
3 3035 3075 3036
3 3036 3075 3076
3 3036 3076 3037
3 3037 3076 3077
3 3037 3077 3038
3 3038 3077 3078
3 3038 3078 3039
3 3039 3078 3079
3 3040 3080 3041
3 3041 3080 3081
3 3041 3081 3042
3 3042 3081 3082
3 3042 3082 3043
3 3043 3082 3083
3 3043 3083 3044
3 3044 3083 3084
3 3044 3084 3045
3 3045 3084 3085
3 3045 3085 3046
3 3046 3085 3086
3 3046 3086 3047
3 3047 3086 3087
3 3047 3087 3048
3 3048 3087 3088
3 3048 3088 3049
3 3049 3088 3089
3 3049 3089 3050
3 3050 3089 3090
3 3050 3090 3051
3 3051 3090 3091
3 3051 3091 3052
3 3052 3091 3092
3 3052 3092 3053
3 3053 3092 3093
3 3053 3093 3054
3 3054 3093 3094
3 3054 3094 3055
3 3055 3094 3095
3 3055 3095 3056
3 3056 3095 3096
3 3056 3096 3057
3 3057 3096 3097
3 3057 3097 3058
3 3058 3097 3098
3 3058 3098 3059
3 3059 3098 3099
3 3059 3099 3060
3 3060 3099 3100
3 3060 3100 3061
3 3061 3100 3101
3 3061 3101 3062
3 3062 3101 3102
3 3062 3102 3063
3 3063 3102 3103
3 3063 3103 3064
3 3064 3103 3104
3 3064 3104 3065
3 3065 3104 3105
3 3065 3105 3066
3 3066 3105 3106
3 3066 3106 3067
3 3067 3106 3107
3 3067 3107 3068
3 3068 3107 3108
3 3068 3108 3069
3 3069 3108 3109
3 3069 3109 3070
3 3070 3109 3110
3 3070 3110 3071
3 3071 3110 3111
3 3071 3111 3072
3 3072 3111 3112
3 3072 3112 3073
3 3073 3112 3113
3 3073 3113 3074
3 3074 3113 3114
3 3074 3114 3075
3 3075 3114 3115
3 3075 3115 3076
3 3076 3115 3116
3 3076 3116 3077
3 3077 3116 3117
3 3077 3117 3078
3 3078 3117 3118
3 3078 3118 3079
3 3079 3118 3119
3 3080 3120 3081
3 3081 3120 3121
3 3081 3121 3082
3 3082 3121 3122
3 3082 3122 3083
3 3083 3122 3123
3 3083 3123 3084
3 3084 3123 3124
3 3084 3124 3085
3 3085 3124 3125
3 3085 3125 3086
3 3086 3125 3126
3 3086 3126 3087
3 3087 3126 3127
3 3087 3127 3088
3 3088 3127 3128
3 3088 3128 3089
3 3089 3128 3129
3 3089 3129 3090
3 3090 3129 3130
3 3090 3130 3091
3 3091 3130 3131
3 3091 3131 3092
3 3092 3131 3132
3 3092 3132 3093
3 3093 3132 3133
3 3093 3133 3094
3 3094 3133 3134
3 3094 3134 3095
3 3095 3134 3135
3 3095 3135 3096
3 3096 3135 3136
3 3096 3136 3097
3 3097 3136 3137
3 3097 3137 3098
3 3098 3137 3138
3 3098 3138 3099
3 3099 3138 3139
3 3099 3139 3100
3 3100 3139 3140
3 3100 3140 3101
3 3101 3140 3141
3 3101 3141 3102
3 3102 3141 3142
3 3102 3142 3103
3 3103 3142 3143
3 3103 3143 3104
3 3104 3143 3144
3 3104 3144 3105
3 3105 3144 3145
3 3105 3145 3106
3 3106 3145 3146
3 3106 3146 3107
3 3107 3146 3147
3 3107 3147 3108
3 3108 3147 3148
3 3108 3148 3109
3 3109 3148 3149
3 3109 3149 3110
3 3110 3149 3150
3 3110 3150 3111
3 3111 3150 3151
3 3111 3151 3112
3 3112 3151 3152
3 3112 3152 3113
3 3113 3152 3153
3 3113 3153 3114
3 3114 3153 3154
3 3114 3154 3115
3 3115 3154 3155
3 3115 3155 3116
3 3116 3155 3156
3 3116 3156 3117
3 3117 3156 3157
3 3117 3157 3118
3 3118 3157 3158
3 3118 3158 3119
3 3119 3158 3159
3 3120 3160 3121
3 3121 3160 3161
3 3121 3161 3122
3 3122 3161 3162
3 3122 3162 3123
3 3123 3162 3163
3 3123 3163 3124
3 3124 3163 3164
3 3124 3164 3125
3 3125 3164 3165
3 3125 3165 3126
3 3126 3165 3166
3 3126 3166 3127
3 3127 3166 3167
3 3127 3167 3128
3 3128 3167 3168
3 3128 3168 3129
3 3129 3168 3169
3 3129 3169 3130
3 3130 3169 3170
3 3130 3170 3131
3 3131 3170 3171
3 3131 3171 3132
3 3132 3171 3172
3 3132 3172 3133
3 3133 3172 3173
3 3133 3173 3134
3 3134 3173 3174
3 3134 3174 3135
3 3135 3174 3175
3 3135 3175 3136
3 3136 3175 3176
3 3136 3176 3137
3 3137 3176 3177
3 3137 3177 3138
3 3138 3177 3178
3 3138 3178 3139
3 3139 3178 3179
3 3139 3179 3140
3 3140 3179 3180
3 3140 3180 3141
3 3141 3180 3181
3 3141 3181 3142
3 3142 3181 3182
3 3142 3182 3143
3 3143 3182 3183
3 3143 3183 3144
3 3144 3183 3184
3 3144 3184 3145
3 3145 3184 3185
3 3145 3185 3146
3 3146 3185 3186
3 3146 3186 3147
3 3147 3186 3187
3 3147 3187 3148
3 3148 3187 3188
3 3148 3188 3149
3 3149 3188 3189
3 3149 3189 3150
3 3150 3189 3190
3 3150 3190 3151
3 3151 3190 3191
3 3151 3191 3152
3 3152 3191 3192
3 3152 3192 3153
3 3153 3192 3193
3 3153 3193 3154
3 3154 3193 3194
3 3154 3194 3155
3 3155 3194 3195
3 3155 3195 3156
3 3156 3195 3196
3 3156 3196 3157
3 3157 3196 3197
3 3157 3197 3158
3 3158 3197 3198
3 3158 3198 3159
3 3159 3198 3199
3 3160 3200 3161
3 3161 3200 3201
3 3161 3201 3162
3 3162 3201 3202
3 3162 3202 3163
3 3163 3202 3203
3 3163 3203 3164
3 3164 3203 3204
3 3164 3204 3165
3 3165 3204 3205
3 3165 3205 3166
3 3166 3205 3206
3 3166 3206 3167
3 3167 3206 3207
3 3167 3207 3168
3 3168 3207 3208
3 3168 3208 3169
3 3169 3208 3209
3 3169 3209 3170
3 3170 3209 3210
3 3170 3210 3171
3 3171 3210 3211
3 3171 3211 3172
3 3172 3211 3212
3 3172 3212 3173
3 3173 3212 3213
3 3173 3213 3174
3 3174 3213 3214
3 3174 3214 3175
3 3175 3214 3215
3 3175 3215 3176
3 3176 3215 3216
3 3176 3216 3177
3 3177 3216 3217
3 3177 3217 3178
3 3178 3217 3218
3 3178 3218 3179
3 3179 3218 3219
3 3179 3219 3180
3 3180 3219 3220
3 3180 3220 3181
3 3181 3220 3221
3 3181 3221 3182
3 3182 3221 3222
3 3182 3222 3183
3 3183 3222 3223
3 3183 3223 3184
3 3184 3223 3224
3 3184 3224 3185
3 3185 3224 3225
3 3185 3225 3186
3 3186 3225 3226
3 3186 3226 3187
3 3187 3226 3227
3 3187 3227 3188
3 3188 3227 3228
3 3188 3228 3189
3 3189 3228 3229
3 3189 3229 3190
3 3190 3229 3230
3 3190 3230 3191
3 3191 3230 3231
3 3191 3231 3192
3 3192 3231 3232
3 3192 3232 3193
3 3193 3232 3233
3 3193 3233 3194
3 3194 3233 3234
3 3194 3234 3195
3 3195 3234 3235
3 3195 3235 3196
3 3196 3235 3236
3 3196 3236 3197
3 3197 3236 3237
3 3197 3237 3198
3 3198 3237 3238
3 3198 3238 3199
3 3199 3238 3239
3 3200 3240 3201
3 3201 3240 3241
3 3201 3241 3202
3 3202 3241 3242
3 3202 3242 3203
3 3203 3242 3243
3 3203 3243 3204
3 3204 3243 3244
3 3204 3244 3205
3 3205 3244 3245
3 3205 3245 3206
3 3206 3245 3246
3 3206 3246 3207
3 3207 3246 3247
3 3207 3247 3208
3 3208 3247 3248
3 3208 3248 3209
3 3209 3248 3249
3 3209 3249 3210
3 3210 3249 3250
3 3210 3250 3211
3 3211 3250 3251
3 3211 3251 3212
3 3212 3251 3252
3 3212 3252 3213
3 3213 3252 3253
3 3213 3253 3214
3 3214 3253 3254
3 3214 3254 3215
3 3215 3254 3255
3 3215 3255 3216
3 3216 3255 3256
3 3216 3256 3217
3 3217 3256 3257
3 3217 3257 3218
3 3218 3257 3258
3 3218 3258 3219
3 3219 3258 3259
3 3219 3259 3220
3 3220 3259 3260
3 3220 3260 3221
3 3221 3260 3261
3 3221 3261 3222
3 3222 3261 3262
3 3222 3262 3223
3 3223 3262 3263
3 3223 3263 3224
3 3224 3263 3264
3 3224 3264 3225
3 3225 3264 3265
3 3225 3265 3226
3 3226 3265 3266
3 3226 3266 3227
3 3227 3266 3267
3 3227 3267 3228
3 3228 3267 3268
3 3228 3268 3229
3 3229 3268 3269
3 3229 3269 3230
3 3230 3269 3270
3 3230 3270 3231
3 3231 3270 3271
3 3231 3271 3232
3 3232 3271 3272
3 3232 3272 3233
3 3233 3272 3273
3 3233 3273 3234
3 3234 3273 3274
3 3234 3274 3235
3 3235 3274 3275
3 3235 3275 3236
3 3236 3275 3276
3 3236 3276 3237
3 3237 3276 3277
3 3237 3277 3238
3 3238 3277 3278
3 3238 3278 3239
3 3239 3278 3279
3 3240 3280 3241
3 3241 3280 3281
3 3241 3281 3242
3 3242 3281 3282
3 3242 3282 3243
3 3243 3282 3283
3 3243 3283 3244
3 3244 3283 3284
3 3244 3284 3245
3 3245 3284 3285
3 3245 3285 3246
3 3246 3285 3286
3 3246 3286 3247
3 3247 3286 3287
3 3247 3287 3248
3 3248 3287 3288
3 3248 3288 3249
3 3249 3288 3289
3 3249 3289 3250
3 3250 3289 3290
3 3250 3290 3251
3 3251 3290 3291
3 3251 3291 3252
3 3252 3291 3292
3 3252 3292 3253
3 3253 3292 3293
3 3253 3293 3254
3 3254 3293 3294
3 3254 3294 3255
3 3255 3294 3295
3 3255 3295 3256
3 3256 3295 3296
3 3256 3296 3257
3 3257 3296 3297
3 3257 3297 3258
3 3258 3297 3298
3 3258 3298 3259
3 3259 3298 3299
3 3259 3299 3260
3 3260 3299 3300
3 3260 3300 3261
3 3261 3300 3301
3 3261 3301 3262
3 3262 3301 3302
3 3262 3302 3263
3 3263 3302 3303
3 3263 3303 3264
3 3264 3303 3304
3 3264 3304 3265
3 3265 3304 3305
3 3265 3305 3266
3 3266 3305 3306
3 3266 3306 3267
3 3267 3306 3307
3 3267 3307 3268
3 3268 3307 3308
3 3268 3308 3269
3 3269 3308 3309
3 3269 3309 3270
3 3270 3309 3310
3 3270 3310 3271
3 3271 3310 3311
3 3271 3311 3272
3 3272 3311 3312
3 3272 3312 3273
3 3273 3312 3313
3 3273 3313 3274
3 3274 3313 3314
3 3274 3314 3275
3 3275 3314 3315
3 3275 3315 3276
3 3276 3315 3316
3 3276 3316 3277
3 3277 3316 3317
3 3277 3317 3278
3 3278 3317 3318
3 3278 3318 3279
3 3279 3318 3319
3 3280 3320 3281
3 3281 3320 3321
3 3281 3321 3282
3 3282 3321 3322
3 3282 3322 3283
3 3283 3322 3323
3 3283 3323 3284
3 3284 3323 3324
3 3284 3324 3285
3 3285 3324 3325
3 3285 3325 3286
3 3286 3325 3326
3 3286 3326 3287
3 3287 3326 3327
3 3287 3327 3288
3 3288 3327 3328
3 3288 3328 3289
3 3289 3328 3329
3 3289 3329 3290
3 3290 3329 3330
3 3290 3330 3291
3 3291 3330 3331
3 3291 3331 3292
3 3292 3331 3332
3 3292 3332 3293
3 3293 3332 3333
3 3293 3333 3294
3 3294 3333 3334
3 3294 3334 3295
3 3295 3334 3335
3 3295 3335 3296
3 3296 3335 3336
3 3296 3336 3297
3 3297 3336 3337
3 3297 3337 3298
3 3298 3337 3338
3 3298 3338 3299
3 3299 3338 3339
3 3299 3339 3300
3 3300 3339 3340
3 3300 3340 3301
3 3301 3340 3341
3 3301 3341 3302
3 3302 3341 3342
3 3302 3342 3303
3 3303 3342 3343
3 3303 3343 3304
3 3304 3343 3344
3 3304 3344 3305
3 3305 3344 3345
3 3305 3345 3306
3 3306 3345 3346
3 3306 3346 3307
3 3307 3346 3347
3 3307 3347 3308
3 3308 3347 3348
3 3308 3348 3309
3 3309 3348 3349
3 3309 3349 3310
3 3310 3349 3350
3 3310 3350 3311
3 3311 3350 3351
3 3311 3351 3312
3 3312 3351 3352
3 3312 3352 3313
3 3313 3352 3353
3 3313 3353 3314
3 3314 3353 3354
3 3314 3354 3315
3 3315 3354 3355
3 3315 3355 3316
3 3316 3355 3356
3 3316 3356 3317
3 3317 3356 3357
3 3317 3357 3318
3 3318 3357 3358
3 3318 3358 3319
3 3319 3358 3359
3 3320 3360 3321
3 3321 3360 3361
3 3321 3361 3322
3 3322 3361 3362
3 3322 3362 3323
3 3323 3362 3363
3 3323 3363 3324
3 3324 3363 3364
3 3324 3364 3325
3 3325 3364 3365
3 3325 3365 3326
3 3326 3365 3366
3 3326 3366 3327
3 3327 3366 3367
3 3327 3367 3328
3 3328 3367 3368
3 3328 3368 3329
3 3329 3368 3369
3 3329 3369 3330
3 3330 3369 3370
3 3330 3370 3331
3 3331 3370 3371
3 3331 3371 3332
3 3332 3371 3372
3 3332 3372 3333
3 3333 3372 3373
3 3333 3373 3334
3 3334 3373 3374
3 3334 3374 3335
3 3335 3374 3375
3 3335 3375 3336
3 3336 3375 3376
3 3336 3376 3337
3 3337 3376 3377
3 3337 3377 3338
3 3338 3377 3378
3 3338 3378 3339
3 3339 3378 3379
3 3339 3379 3340
3 3340 3379 3380
3 3340 3380 3341
3 3341 3380 3381
3 3341 3381 3342
3 3342 3381 3382
3 3342 3382 3343
3 3343 3382 3383
3 3343 3383 3344
3 3344 3383 3384
3 3344 3384 3345
3 3345 3384 3385
3 3345 3385 3346
3 3346 3385 3386
3 3346 3386 3347
3 3347 3386 3387
3 3347 3387 3348
3 3348 3387 3388
3 3348 3388 3349
3 3349 3388 3389
3 3349 3389 3350
3 3350 3389 3390
3 3350 3390 3351
3 3351 3390 3391
3 3351 3391 3352
3 3352 3391 3392
3 3352 3392 3353
3 3353 3392 3393
3 3353 3393 3354
3 3354 3393 3394
3 3354 3394 3355
3 3355 3394 3395
3 3355 3395 3356
3 3356 3395 3396
3 3356 3396 3357
3 3357 3396 3397
3 3357 3397 3358
3 3358 3397 3398
3 3358 3398 3359
3 3359 3398 3399
3 3360 3400 3361
3 3361 3400 3401
3 3361 3401 3362
3 3362 3401 3402
3 3362 3402 3363
3 3363 3402 3403
3 3363 3403 3364
3 3364 3403 3404
3 3364 3404 3365
3 3365 3404 3405
3 3365 3405 3366
3 3366 3405 3406
3 3366 3406 3367
3 3367 3406 3407
3 3367 3407 3368
3 3368 3407 3408
3 3368 3408 3369
3 3369 3408 3409
3 3369 3409 3370
3 3370 3409 3410
3 3370 3410 3371
3 3371 3410 3411
3 3371 3411 3372
3 3372 3411 3412
3 3372 3412 3373
3 3373 3412 3413
3 3373 3413 3374
3 3374 3413 3414
3 3374 3414 3375
3 3375 3414 3415
3 3375 3415 3376
3 3376 3415 3416
3 3376 3416 3377
3 3377 3416 3417
3 3377 3417 3378
3 3378 3417 3418
3 3378 3418 3379
3 3379 3418 3419
3 3379 3419 3380
3 3380 3419 3420
3 3380 3420 3381
3 3381 3420 3421
3 3381 3421 3382
3 3382 3421 3422
3 3382 3422 3383
3 3383 3422 3423
3 3383 3423 3384
3 3384 3423 3424
3 3384 3424 3385
3 3385 3424 3425
3 3385 3425 3386
3 3386 3425 3426
3 3386 3426 3387
3 3387 3426 3427
3 3387 3427 3388
3 3388 3427 3428
3 3388 3428 3389
3 3389 3428 3429
3 3389 3429 3390
3 3390 3429 3430
3 3390 3430 3391
3 3391 3430 3431
3 3391 3431 3392
3 3392 3431 3432
3 3392 3432 3393
3 3393 3432 3433
3 3393 3433 3394
3 3394 3433 3434
3 3394 3434 3395
3 3395 3434 3435
3 3395 3435 3396
3 3396 3435 3436
3 3396 3436 3397
3 3397 3436 3437
3 3397 3437 3398
3 3398 3437 3438
3 3398 3438 3399
3 3399 3438 3439
3 3400 3440 3401
3 3401 3440 3441
3 3401 3441 3402
3 3402 3441 3442
3 3402 3442 3403
3 3403 3442 3443
3 3403 3443 3404
3 3404 3443 3444
3 3404 3444 3405
3 3405 3444 3445
3 3405 3445 3406
3 3406 3445 3446
3 3406 3446 3407
3 3407 3446 3447
3 3407 3447 3408
3 3408 3447 3448
3 3408 3448 3409
3 3409 3448 3449
3 3409 3449 3410
3 3410 3449 3450
3 3410 3450 3411
3 3411 3450 3451
3 3411 3451 3412
3 3412 3451 3452
3 3412 3452 3413
3 3413 3452 3453
3 3413 3453 3414
3 3414 3453 3454
3 3414 3454 3415
3 3415 3454 3455
3 3415 3455 3416
3 3416 3455 3456
3 3416 3456 3417
3 3417 3456 3457
3 3417 3457 3418
3 3418 3457 3458
3 3418 3458 3419
3 3419 3458 3459
3 3419 3459 3420
3 3420 3459 3460
3 3420 3460 3421
3 3421 3460 3461
3 3421 3461 3422
3 3422 3461 3462
3 3422 3462 3423
3 3423 3462 3463
3 3423 3463 3424
3 3424 3463 3464
3 3424 3464 3425
3 3425 3464 3465
3 3425 3465 3426
3 3426 3465 3466
3 3426 3466 3427
3 3427 3466 3467
3 3427 3467 3428
3 3428 3467 3468
3 3428 3468 3429
3 3429 3468 3469
3 3429 3469 3430
3 3430 3469 3470
3 3430 3470 3431
3 3431 3470 3471
3 3431 3471 3432
3 3432 3471 3472
3 3432 3472 3433
3 3433 3472 3473
3 3433 3473 3434
3 3434 3473 3474
3 3434 3474 3435
3 3435 3474 3475
3 3435 3475 3436
3 3436 3475 3476
3 3436 3476 3437
3 3437 3476 3477
3 3437 3477 3438
3 3438 3477 3478
3 3438 3478 3439
3 3439 3478 3479
3 3440 3480 3441
3 3441 3480 3481
3 3441 3481 3442
3 3442 3481 3482
3 3442 3482 3443
3 3443 3482 3483
3 3443 3483 3444
3 3444 3483 3484
3 3444 3484 3445
3 3445 3484 3485
3 3445 3485 3446
3 3446 3485 3486
3 3446 3486 3447
3 3447 3486 3487
3 3447 3487 3448
3 3448 3487 3488
3 3448 3488 3449
3 3449 3488 3489
3 3449 3489 3450
3 3450 3489 3490
3 3450 3490 3451
3 3451 3490 3491
3 3451 3491 3452
3 3452 3491 3492
3 3452 3492 3453
3 3453 3492 3493
3 3453 3493 3454
3 3454 3493 3494
3 3454 3494 3455
3 3455 3494 3495
3 3455 3495 3456
3 3456 3495 3496
3 3456 3496 3457
3 3457 3496 3497
3 3457 3497 3458
3 3458 3497 3498
3 3458 3498 3459
3 3459 3498 3499
3 3459 3499 3460
3 3460 3499 3500
3 3460 3500 3461
3 3461 3500 3501
3 3461 3501 3462
3 3462 3501 3502
3 3462 3502 3463
3 3463 3502 3503
3 3463 3503 3464
3 3464 3503 3504
3 3464 3504 3465
3 3465 3504 3505
3 3465 3505 3466
3 3466 3505 3506
3 3466 3506 3467
3 3467 3506 3507
3 3467 3507 3468
3 3468 3507 3508
3 3468 3508 3469
3 3469 3508 3509
3 3469 3509 3470
3 3470 3509 3510
3 3470 3510 3471
3 3471 3510 3511
3 3471 3511 3472
3 3472 3511 3512
3 3472 3512 3473
3 3473 3512 3513
3 3473 3513 3474
3 3474 3513 3514
3 3474 3514 3475
3 3475 3514 3515
3 3475 3515 3476
3 3476 3515 3516
3 3476 3516 3477
3 3477 3516 3517
3 3477 3517 3478
3 3478 3517 3518
3 3478 3518 3479
3 3479 3518 3519
3 3480 3520 3481
3 3481 3520 3521
3 3481 3521 3482
3 3482 3521 3522
3 3482 3522 3483
3 3483 3522 3523
3 3483 3523 3484
3 3484 3523 3524
3 3484 3524 3485
3 3485 3524 3525
3 3485 3525 3486
3 3486 3525 3526
3 3486 3526 3487
3 3487 3526 3527
3 3487 3527 3488
3 3488 3527 3528
3 3488 3528 3489
3 3489 3528 3529
3 3489 3529 3490
3 3490 3529 3530
3 3490 3530 3491
3 3491 3530 3531
3 3491 3531 3492
3 3492 3531 3532
3 3492 3532 3493
3 3493 3532 3533
3 3493 3533 3494
3 3494 3533 3534
3 3494 3534 3495
3 3495 3534 3535
3 3495 3535 3496
3 3496 3535 3536
3 3496 3536 3497
3 3497 3536 3537
3 3497 3537 3498
3 3498 3537 3538
3 3498 3538 3499
3 3499 3538 3539
3 3499 3539 3500
3 3500 3539 3540
3 3500 3540 3501
3 3501 3540 3541
3 3501 3541 3502
3 3502 3541 3542
3 3502 3542 3503
3 3503 3542 3543
3 3503 3543 3504
3 3504 3543 3544
3 3504 3544 3505
3 3505 3544 3545
3 3505 3545 3506
3 3506 3545 3546
3 3506 3546 3507
3 3507 3546 3547
3 3507 3547 3508
3 3508 3547 3548
3 3508 3548 3509
3 3509 3548 3549
3 3509 3549 3510
3 3510 3549 3550
3 3510 3550 3511
3 3511 3550 3551
3 3511 3551 3512
3 3512 3551 3552
3 3512 3552 3513
3 3513 3552 3553
3 3513 3553 3514
3 3514 3553 3554
3 3514 3554 3515
3 3515 3554 3555
3 3515 3555 3516
3 3516 3555 3556
3 3516 3556 3517
3 3517 3556 3557
3 3517 3557 3518
3 3518 3557 3558
3 3518 3558 3519
3 3519 3558 3559
3 3520 3560 3521
3 3521 3560 3561
3 3521 3561 3522
3 3522 3561 3562
3 3522 3562 3523
3 3523 3562 3563
3 3523 3563 3524
3 3524 3563 3564
3 3524 3564 3525
3 3525 3564 3565
3 3525 3565 3526
3 3526 3565 3566
3 3526 3566 3527
3 3527 3566 3567
3 3527 3567 3528
3 3528 3567 3568
3 3528 3568 3529
3 3529 3568 3569
3 3529 3569 3530
3 3530 3569 3570
3 3530 3570 3531
3 3531 3570 3571
3 3531 3571 3532
3 3532 3571 3572
3 3532 3572 3533
3 3533 3572 3573
3 3533 3573 3534
3 3534 3573 3574
3 3534 3574 3535
3 3535 3574 3575
3 3535 3575 3536
3 3536 3575 3576
3 3536 3576 3537
3 3537 3576 3577
3 3537 3577 3538
3 3538 3577 3578
3 3538 3578 3539
3 3539 3578 3579
3 3539 3579 3540
3 3540 3579 3580
3 3540 3580 3541
3 3541 3580 3581
3 3541 3581 3542
3 3542 3581 3582
3 3542 3582 3543
3 3543 3582 3583
3 3543 3583 3544
3 3544 3583 3584
3 3544 3584 3545
3 3545 3584 3585
3 3545 3585 3546
3 3546 3585 3586
3 3546 3586 3547
3 3547 3586 3587
3 3547 3587 3548
3 3548 3587 3588
3 3548 3588 3549
3 3549 3588 3589
3 3549 3589 3550
3 3550 3589 3590
3 3550 3590 3551
3 3551 3590 3591
3 3551 3591 3552
3 3552 3591 3592
3 3552 3592 3553
3 3553 3592 3593
3 3553 3593 3554
3 3554 3593 3594
3 3554 3594 3555
3 3555 3594 3595
3 3555 3595 3556
3 3556 3595 3596
3 3556 3596 3557
3 3557 3596 3597
3 3557 3597 3558
3 3558 3597 3598
3 3558 3598 3559
3 3559 3598 3599
3 3560 3600 3561
3 3561 3600 3601
3 3561 3601 3562
3 3562 3601 3602
3 3562 3602 3563
3 3563 3602 3603
3 3563 3603 3564
3 3564 3603 3604
3 3564 3604 3565
3 3565 3604 3605
3 3565 3605 3566
3 3566 3605 3606
3 3566 3606 3567
3 3567 3606 3607
3 3567 3607 3568
3 3568 3607 3608
3 3568 3608 3569
3 3569 3608 3609
3 3569 3609 3570
3 3570 3609 3610
3 3570 3610 3571
3 3571 3610 3611
3 3571 3611 3572
3 3572 3611 3612
3 3572 3612 3573
3 3573 3612 3613
3 3573 3613 3574
3 3574 3613 3614
3 3574 3614 3575
3 3575 3614 3615
3 3575 3615 3576
3 3576 3615 3616
3 3576 3616 3577
3 3577 3616 3617
3 3577 3617 3578
3 3578 3617 3618
3 3578 3618 3579
3 3579 3618 3619
3 3579 3619 3580
3 3580 3619 3620
3 3580 3620 3581
3 3581 3620 3621
3 3581 3621 3582
3 3582 3621 3622
3 3582 3622 3583
3 3583 3622 3623
3 3583 3623 3584
3 3584 3623 3624
3 3584 3624 3585
3 3585 3624 3625
3 3585 3625 3586
3 3586 3625 3626
3 3586 3626 3587
3 3587 3626 3627
3 3587 3627 3588
3 3588 3627 3628
3 3588 3628 3589
3 3589 3628 3629
3 3589 3629 3590
3 3590 3629 3630
3 3590 3630 3591
3 3591 3630 3631
3 3591 3631 3592
3 3592 3631 3632
3 3592 3632 3593
3 3593 3632 3633
3 3593 3633 3594
3 3594 3633 3634
3 3594 3634 3595
3 3595 3634 3635
3 3595 3635 3596
3 3596 3635 3636
3 3596 3636 3597
3 3597 3636 3637
3 3597 3637 3598
3 3598 3637 3638
3 3598 3638 3599
3 3599 3638 3639
3 3600 3640 3601
3 3601 3640 3641
3 3601 3641 3602
3 3602 3641 3642
3 3602 3642 3603
3 3603 3642 3643
3 3603 3643 3604
3 3604 3643 3644
3 3604 3644 3605
3 3605 3644 3645
3 3605 3645 3606
3 3606 3645 3646
3 3606 3646 3607
3 3607 3646 3647
3 3607 3647 3608
3 3608 3647 3648
3 3608 3648 3609
3 3609 3648 3649
3 3609 3649 3610
3 3610 3649 3650
3 3610 3650 3611
3 3611 3650 3651
3 3611 3651 3612
3 3612 3651 3652
3 3612 3652 3613
3 3613 3652 3653
3 3613 3653 3614
3 3614 3653 3654
3 3614 3654 3615
3 3615 3654 3655
3 3615 3655 3616
3 3616 3655 3656
3 3616 3656 3617
3 3617 3656 3657
3 3617 3657 3618
3 3618 3657 3658
3 3618 3658 3619
3 3619 3658 3659
3 3619 3659 3620
3 3620 3659 3660
3 3620 3660 3621
3 3621 3660 3661
3 3621 3661 3622
3 3622 3661 3662
3 3622 3662 3623
3 3623 3662 3663
3 3623 3663 3624
3 3624 3663 3664
3 3624 3664 3625
3 3625 3664 3665
3 3625 3665 3626
3 3626 3665 3666
3 3626 3666 3627
3 3627 3666 3667
3 3627 3667 3628
3 3628 3667 3668
3 3628 3668 3629
3 3629 3668 3669
3 3629 3669 3630
3 3630 3669 3670
3 3630 3670 3631
3 3631 3670 3671
3 3631 3671 3632
3 3632 3671 3672
3 3632 3672 3633
3 3633 3672 3673
3 3633 3673 3634
3 3634 3673 3674
3 3634 3674 3635
3 3635 3674 3675
3 3635 3675 3636
3 3636 3675 3676
3 3636 3676 3637
3 3637 3676 3677
3 3637 3677 3638
3 3638 3677 3678
3 3638 3678 3639
3 3639 3678 3679
3 3640 3680 3641
3 3641 3680 3681
3 3641 3681 3642
3 3642 3681 3682
3 3642 3682 3643
3 3643 3682 3683
3 3643 3683 3644
3 3644 3683 3684
3 3644 3684 3645
3 3645 3684 3685
3 3645 3685 3646
3 3646 3685 3686
3 3646 3686 3647
3 3647 3686 3687
3 3647 3687 3648
3 3648 3687 3688
3 3648 3688 3649
3 3649 3688 3689
3 3649 3689 3650
3 3650 3689 3690
3 3650 3690 3651
3 3651 3690 3691
3 3651 3691 3652
3 3652 3691 3692
3 3652 3692 3653
3 3653 3692 3693
3 3653 3693 3654
3 3654 3693 3694
3 3654 3694 3655
3 3655 3694 3695
3 3655 3695 3656
3 3656 3695 3696
3 3656 3696 3657
3 3657 3696 3697
3 3657 3697 3658
3 3658 3697 3698
3 3658 3698 3659
3 3659 3698 3699
3 3659 3699 3660
3 3660 3699 3700
3 3660 3700 3661
3 3661 3700 3701
3 3661 3701 3662
3 3662 3701 3702
3 3662 3702 3663
3 3663 3702 3703
3 3663 3703 3664
3 3664 3703 3704
3 3664 3704 3665
3 3665 3704 3705
3 3665 3705 3666
3 3666 3705 3706
3 3666 3706 3667
3 3667 3706 3707
3 3667 3707 3668
3 3668 3707 3708
3 3668 3708 3669
3 3669 3708 3709
3 3669 3709 3670
3 3670 3709 3710
3 3670 3710 3671
3 3671 3710 3711
3 3671 3711 3672
3 3672 3711 3712
3 3672 3712 3673
3 3673 3712 3713
3 3673 3713 3674
3 3674 3713 3714
3 3674 3714 3675
3 3675 3714 3715
3 3675 3715 3676
3 3676 3715 3716
3 3676 3716 3677
3 3677 3716 3717
3 3677 3717 3678
3 3678 3717 3718
3 3678 3718 3679
3 3679 3718 3719
3 3680 3720 3681
3 3681 3720 3721
3 3681 3721 3682
3 3682 3721 3722
3 3682 3722 3683
3 3683 3722 3723
3 3683 3723 3684
3 3684 3723 3724
3 3684 3724 3685
3 3685 3724 3725
3 3685 3725 3686
3 3686 3725 3726
3 3686 3726 3687
3 3687 3726 3727
3 3687 3727 3688
3 3688 3727 3728
3 3688 3728 3689
3 3689 3728 3729
3 3689 3729 3690
3 3690 3729 3730
3 3690 3730 3691
3 3691 3730 3731
3 3691 3731 3692
3 3692 3731 3732
3 3692 3732 3693
3 3693 3732 3733
3 3693 3733 3694
3 3694 3733 3734
3 3694 3734 3695
3 3695 3734 3735
3 3695 3735 3696
3 3696 3735 3736
3 3696 3736 3697
3 3697 3736 3737
3 3697 3737 3698
3 3698 3737 3738
3 3698 3738 3699
3 3699 3738 3739
3 3699 3739 3700
3 3700 3739 3740
3 3700 3740 3701
3 3701 3740 3741
3 3701 3741 3702
3 3702 3741 3742
3 3702 3742 3703
3 3703 3742 3743
3 3703 3743 3704
3 3704 3743 3744
3 3704 3744 3705
3 3705 3744 3745
3 3705 3745 3706
3 3706 3745 3746
3 3706 3746 3707
3 3707 3746 3747
3 3707 3747 3708
3 3708 3747 3748
3 3708 3748 3709
3 3709 3748 3749
3 3709 3749 3710
3 3710 3749 3750
3 3710 3750 3711
3 3711 3750 3751
3 3711 3751 3712
3 3712 3751 3752
3 3712 3752 3713
3 3713 3752 3753
3 3713 3753 3714
3 3714 3753 3754
3 3714 3754 3715
3 3715 3754 3755
3 3715 3755 3716
3 3716 3755 3756
3 3716 3756 3717
3 3717 3756 3757
3 3717 3757 3718
3 3718 3757 3758
3 3718 3758 3719
3 3719 3758 3759
3 3720 3760 3721
3 3721 3760 3761
3 3721 3761 3722
3 3722 3761 3762
3 3722 3762 3723
3 3723 3762 3763
3 3723 3763 3724
3 3724 3763 3764
3 3724 3764 3725
3 3725 3764 3765
3 3725 3765 3726
3 3726 3765 3766
3 3726 3766 3727
3 3727 3766 3767
3 3727 3767 3728
3 3728 3767 3768
3 3728 3768 3729
3 3729 3768 3769
3 3729 3769 3730
3 3730 3769 3770
3 3730 3770 3731
3 3731 3770 3771
3 3731 3771 3732
3 3732 3771 3772
3 3732 3772 3733
3 3733 3772 3773
3 3733 3773 3734
3 3734 3773 3774
3 3734 3774 3735
3 3735 3774 3775
3 3735 3775 3736
3 3736 3775 3776
3 3736 3776 3737
3 3737 3776 3777
3 3737 3777 3738
3 3738 3777 3778
3 3738 3778 3739
3 3739 3778 3779
3 3739 3779 3740
3 3740 3779 3780
3 3740 3780 3741
3 3741 3780 3781
3 3741 3781 3742
3 3742 3781 3782
3 3742 3782 3743
3 3743 3782 3783
3 3743 3783 3744
3 3744 3783 3784
3 3744 3784 3745
3 3745 3784 3785
3 3745 3785 3746
3 3746 3785 3786
3 3746 3786 3747
3 3747 3786 3787
3 3747 3787 3748
3 3748 3787 3788
3 3748 3788 3749
3 3749 3788 3789
3 3749 3789 3750
3 3750 3789 3790
3 3750 3790 3751
3 3751 3790 3791
3 3751 3791 3752
3 3752 3791 3792
3 3752 3792 3753
3 3753 3792 3793
3 3753 3793 3754
3 3754 3793 3794
3 3754 3794 3755
3 3755 3794 3795
3 3755 3795 3756
3 3756 3795 3796
3 3756 3796 3757
3 3757 3796 3797
3 3757 3797 3758
3 3758 3797 3798
3 3758 3798 3759
3 3759 3798 3799
3 3760 3800 3761
3 3761 3800 3801
3 3761 3801 3762
3 3762 3801 3802
3 3762 3802 3763
3 3763 3802 3803
3 3763 3803 3764
3 3764 3803 3804
3 3764 3804 3765
3 3765 3804 3805
3 3765 3805 3766
3 3766 3805 3806
3 3766 3806 3767
3 3767 3806 3807
3 3767 3807 3768
3 3768 3807 3808
3 3768 3808 3769
3 3769 3808 3809
3 3769 3809 3770
3 3770 3809 3810
3 3770 3810 3771
3 3771 3810 3811
3 3771 3811 3772
3 3772 3811 3812
3 3772 3812 3773
3 3773 3812 3813
3 3773 3813 3774
3 3774 3813 3814
3 3774 3814 3775
3 3775 3814 3815
3 3775 3815 3776
3 3776 3815 3816
3 3776 3816 3777
3 3777 3816 3817
3 3777 3817 3778
3 3778 3817 3818
3 3778 3818 3779
3 3779 3818 3819
3 3779 3819 3780
3 3780 3819 3820
3 3780 3820 3781
3 3781 3820 3821
3 3781 3821 3782
3 3782 3821 3822
3 3782 3822 3783
3 3783 3822 3823
3 3783 3823 3784
3 3784 3823 3824
3 3784 3824 3785
3 3785 3824 3825
3 3785 3825 3786
3 3786 3825 3826
3 3786 3826 3787
3 3787 3826 3827
3 3787 3827 3788
3 3788 3827 3828
3 3788 3828 3789
3 3789 3828 3829
3 3789 3829 3790
3 3790 3829 3830
3 3790 3830 3791
3 3791 3830 3831
3 3791 3831 3792
3 3792 3831 3832
3 3792 3832 3793
3 3793 3832 3833
3 3793 3833 3794
3 3794 3833 3834
3 3794 3834 3795
3 3795 3834 3835
3 3795 3835 3796
3 3796 3835 3836
3 3796 3836 3797
3 3797 3836 3837
3 3797 3837 3798
3 3798 3837 3838
3 3798 3838 3799
3 3799 3838 3839
3 3800 3840 3801
3 3801 3840 3841
3 3801 3841 3802
3 3802 3841 3842
3 3802 3842 3803
3 3803 3842 3843
3 3803 3843 3804
3 3804 3843 3844
3 3804 3844 3805
3 3805 3844 3845
3 3805 3845 3806
3 3806 3845 3846
3 3806 3846 3807
3 3807 3846 3847
3 3807 3847 3808
3 3808 3847 3848
3 3808 3848 3809
3 3809 3848 3849
3 3809 3849 3810
3 3810 3849 3850
3 3810 3850 3811
3 3811 3850 3851
3 3811 3851 3812
3 3812 3851 3852
3 3812 3852 3813
3 3813 3852 3853
3 3813 3853 3814
3 3814 3853 3854
3 3814 3854 3815
3 3815 3854 3855
3 3815 3855 3816
3 3816 3855 3856
3 3816 3856 3817
3 3817 3856 3857
3 3817 3857 3818
3 3818 3857 3858
3 3818 3858 3819
3 3819 3858 3859
3 3819 3859 3820
3 3820 3859 3860
3 3820 3860 3821
3 3821 3860 3861
3 3821 3861 3822
3 3822 3861 3862
3 3822 3862 3823
3 3823 3862 3863
3 3823 3863 3824
3 3824 3863 3864
3 3824 3864 3825
3 3825 3864 3865
3 3825 3865 3826
3 3826 3865 3866
3 3826 3866 3827
3 3827 3866 3867
3 3827 3867 3828
3 3828 3867 3868
3 3828 3868 3829
3 3829 3868 3869
3 3829 3869 3830
3 3830 3869 3870
3 3830 3870 3831
3 3831 3870 3871
3 3831 3871 3832
3 3832 3871 3872
3 3832 3872 3833
3 3833 3872 3873
3 3833 3873 3834
3 3834 3873 3874
3 3834 3874 3835
3 3835 3874 3875
3 3835 3875 3836
3 3836 3875 3876
3 3836 3876 3837
3 3837 3876 3877
3 3837 3877 3838
3 3838 3877 3878
3 3838 3878 3839
3 3839 3878 3879
3 3840 3880 3841
3 3841 3880 3881
3 3841 3881 3842
3 3842 3881 3882
3 3842 3882 3843
3 3843 3882 3883
3 3843 3883 3844
3 3844 3883 3884
3 3844 3884 3845
3 3845 3884 3885
3 3845 3885 3846
3 3846 3885 3886
3 3846 3886 3847
3 3847 3886 3887
3 3847 3887 3848
3 3848 3887 3888
3 3848 3888 3849
3 3849 3888 3889
3 3849 3889 3850
3 3850 3889 3890
3 3850 3890 3851
3 3851 3890 3891
3 3851 3891 3852
3 3852 3891 3892
3 3852 3892 3853
3 3853 3892 3893
3 3853 3893 3854
3 3854 3893 3894
3 3854 3894 3855
3 3855 3894 3895
3 3855 3895 3856
3 3856 3895 3896
3 3856 3896 3857
3 3857 3896 3897
3 3857 3897 3858
3 3858 3897 3898
3 3858 3898 3859
3 3859 3898 3899
3 3859 3899 3860
3 3860 3899 3900
3 3860 3900 3861
3 3861 3900 3901
3 3861 3901 3862
3 3862 3901 3902
3 3862 3902 3863
3 3863 3902 3903
3 3863 3903 3864
3 3864 3903 3904
3 3864 3904 3865
3 3865 3904 3905
3 3865 3905 3866
3 3866 3905 3906
3 3866 3906 3867
3 3867 3906 3907
3 3867 3907 3868
3 3868 3907 3908
3 3868 3908 3869
3 3869 3908 3909
3 3869 3909 3870
3 3870 3909 3910
3 3870 3910 3871
3 3871 3910 3911
3 3871 3911 3872
3 3872 3911 3912
3 3872 3912 3873
3 3873 3912 3913
3 3873 3913 3874
3 3874 3913 3914
3 3874 3914 3875
3 3875 3914 3915
3 3875 3915 3876
3 3876 3915 3916
3 3876 3916 3877
3 3877 3916 3917
3 3877 3917 3878
3 3878 3917 3918
3 3878 3918 3879
3 3879 3918 3919
3 3880 3920 3881
3 3881 3920 3921
3 3881 3921 3882
3 3882 3921 3922
3 3882 3922 3883
3 3883 3922 3923
3 3883 3923 3884
3 3884 3923 3924
3 3884 3924 3885
3 3885 3924 3925
3 3885 3925 3886
3 3886 3925 3926
3 3886 3926 3887
3 3887 3926 3927
3 3887 3927 3888
3 3888 3927 3928
3 3888 3928 3889
3 3889 3928 3929
3 3889 3929 3890
3 3890 3929 3930
3 3890 3930 3891
3 3891 3930 3931
3 3891 3931 3892
3 3892 3931 3932
3 3892 3932 3893
3 3893 3932 3933
3 3893 3933 3894
3 3894 3933 3934
3 3894 3934 3895
3 3895 3934 3935
3 3895 3935 3896
3 3896 3935 3936
3 3896 3936 3897
3 3897 3936 3937
3 3897 3937 3898
3 3898 3937 3938
3 3898 3938 3899
3 3899 3938 3939
3 3899 3939 3900
3 3900 3939 3940
3 3900 3940 3901
3 3901 3940 3941
3 3901 3941 3902
3 3902 3941 3942
3 3902 3942 3903
3 3903 3942 3943
3 3903 3943 3904
3 3904 3943 3944
3 3904 3944 3905
3 3905 3944 3945
3 3905 3945 3906
3 3906 3945 3946
3 3906 3946 3907
3 3907 3946 3947
3 3907 3947 3908
3 3908 3947 3948
3 3908 3948 3909
3 3909 3948 3949
3 3909 3949 3910
3 3910 3949 3950
3 3910 3950 3911
3 3911 3950 3951
3 3911 3951 3912
3 3912 3951 3952
3 3912 3952 3913
3 3913 3952 3953
3 3913 3953 3914
3 3914 3953 3954
3 3914 3954 3915
3 3915 3954 3955
3 3915 3955 3916
3 3916 3955 3956
3 3916 3956 3917
3 3917 3956 3957
3 3917 3957 3918
3 3918 3957 3958
3 3918 3958 3919
3 3919 3958 3959
3 3920 3960 3921
3 3921 3960 3961
3 3921 3961 3922
3 3922 3961 3962
3 3922 3962 3923
3 3923 3962 3963
3 3923 3963 3924
3 3924 3963 3964
3 3924 3964 3925
3 3925 3964 3965
3 3925 3965 3926
3 3926 3965 3966
3 3926 3966 3927
3 3927 3966 3967
3 3927 3967 3928
3 3928 3967 3968
3 3928 3968 3929
3 3929 3968 3969
3 3929 3969 3930
3 3930 3969 3970
3 3930 3970 3931
3 3931 3970 3971
3 3931 3971 3932
3 3932 3971 3972
3 3932 3972 3933
3 3933 3972 3973
3 3933 3973 3934
3 3934 3973 3974
3 3934 3974 3935
3 3935 3974 3975
3 3935 3975 3936
3 3936 3975 3976
3 3936 3976 3937
3 3937 3976 3977
3 3937 3977 3938
3 3938 3977 3978
3 3938 3978 3939
3 3939 3978 3979
3 3939 3979 3940
3 3940 3979 3980
3 3940 3980 3941
3 3941 3980 3981
3 3941 3981 3942
3 3942 3981 3982
3 3942 3982 3943
3 3943 3982 3983
3 3943 3983 3944
3 3944 3983 3984
3 3944 3984 3945
3 3945 3984 3985
3 3945 3985 3946
3 3946 3985 3986
3 3946 3986 3947
3 3947 3986 3987
3 3947 3987 3948
3 3948 3987 3988
3 3948 3988 3949
3 3949 3988 3989
3 3949 3989 3950
3 3950 3989 3990
3 3950 3990 3951
3 3951 3990 3991
3 3951 3991 3952
3 3952 3991 3992
3 3952 3992 3953
3 3953 3992 3993
3 3953 3993 3954
3 3954 3993 3994
3 3954 3994 3955
3 3955 3994 3995
3 3955 3995 3956
3 3956 3995 3996
3 3956 3996 3957
3 3957 3996 3997
3 3957 3997 3958
3 3958 3997 3998
3 3958 3998 3959
3 3959 3998 3999
3 3960 4000 3961
3 3961 4000 4001
3 3961 4001 3962
3 3962 4001 4002
3 3962 4002 3963
3 3963 4002 4003
3 3963 4003 3964
3 3964 4003 4004
3 3964 4004 3965
3 3965 4004 4005
3 3965 4005 3966
3 3966 4005 4006
3 3966 4006 3967
3 3967 4006 4007
3 3967 4007 3968
3 3968 4007 4008
3 3968 4008 3969
3 3969 4008 4009
3 3969 4009 3970
3 3970 4009 4010
3 3970 4010 3971
3 3971 4010 4011
3 3971 4011 3972
3 3972 4011 4012
3 3972 4012 3973
3 3973 4012 4013
3 3973 4013 3974
3 3974 4013 4014
3 3974 4014 3975
3 3975 4014 4015
3 3975 4015 3976
3 3976 4015 4016
3 3976 4016 3977
3 3977 4016 4017
3 3977 4017 3978
3 3978 4017 4018
3 3978 4018 3979
3 3979 4018 4019
3 3979 4019 3980
3 3980 4019 4020
3 3980 4020 3981
3 3981 4020 4021
3 3981 4021 3982
3 3982 4021 4022
3 3982 4022 3983
3 3983 4022 4023
3 3983 4023 3984
3 3984 4023 4024
3 3984 4024 3985
3 3985 4024 4025
3 3985 4025 3986
3 3986 4025 4026
3 3986 4026 3987
3 3987 4026 4027
3 3987 4027 3988
3 3988 4027 4028
3 3988 4028 3989
3 3989 4028 4029
3 3989 4029 3990
3 3990 4029 4030
3 3990 4030 3991
3 3991 4030 4031
3 3991 4031 3992
3 3992 4031 4032
3 3992 4032 3993
3 3993 4032 4033
3 3993 4033 3994
3 3994 4033 4034
3 3994 4034 3995
3 3995 4034 4035
3 3995 4035 3996
3 3996 4035 4036
3 3996 4036 3997
3 3997 4036 4037
3 3997 4037 3998
3 3998 4037 4038
3 3998 4038 3999
3 3999 4038 4039
3 4000 4040 4001
3 4001 4040 4041
3 4001 4041 4002
3 4002 4041 4042
3 4002 4042 4003
3 4003 4042 4043
3 4003 4043 4004
3 4004 4043 4044
3 4004 4044 4005
3 4005 4044 4045
3 4005 4045 4006
3 4006 4045 4046
3 4006 4046 4007
3 4007 4046 4047
3 4007 4047 4008
3 4008 4047 4048
3 4008 4048 4009
3 4009 4048 4049
3 4009 4049 4010
3 4010 4049 4050
3 4010 4050 4011
3 4011 4050 4051
3 4011 4051 4012
3 4012 4051 4052
3 4012 4052 4013
3 4013 4052 4053
3 4013 4053 4014
3 4014 4053 4054
3 4014 4054 4015
3 4015 4054 4055
3 4015 4055 4016
3 4016 4055 4056
3 4016 4056 4017
3 4017 4056 4057
3 4017 4057 4018
3 4018 4057 4058
3 4018 4058 4019
3 4019 4058 4059
3 4019 4059 4020
3 4020 4059 4060
3 4020 4060 4021
3 4021 4060 4061
3 4021 4061 4022
3 4022 4061 4062
3 4022 4062 4023
3 4023 4062 4063
3 4023 4063 4024
3 4024 4063 4064
3 4024 4064 4025
3 4025 4064 4065
3 4025 4065 4026
3 4026 4065 4066
3 4026 4066 4027
3 4027 4066 4067
3 4027 4067 4028
3 4028 4067 4068
3 4028 4068 4029
3 4029 4068 4069
3 4029 4069 4030
3 4030 4069 4070
3 4030 4070 4031
3 4031 4070 4071
3 4031 4071 4032
3 4032 4071 4072
3 4032 4072 4033
3 4033 4072 4073
3 4033 4073 4034
3 4034 4073 4074
3 4034 4074 4035
3 4035 4074 4075
3 4035 4075 4036
3 4036 4075 4076
3 4036 4076 4037
3 4037 4076 4077
3 4037 4077 4038
3 4038 4077 4078
3 4038 4078 4039
3 4039 4078 4079
3 4040 4080 4041
3 4041 4080 4081
3 4041 4081 4042
3 4042 4081 4082
3 4042 4082 4043
3 4043 4082 4083
3 4043 4083 4044
3 4044 4083 4084
3 4044 4084 4045
3 4045 4084 4085
3 4045 4085 4046
3 4046 4085 4086
3 4046 4086 4047
3 4047 4086 4087
3 4047 4087 4048
3 4048 4087 4088
3 4048 4088 4049
3 4049 4088 4089
3 4049 4089 4050
3 4050 4089 4090
3 4050 4090 4051
3 4051 4090 4091
3 4051 4091 4052
3 4052 4091 4092
3 4052 4092 4053
3 4053 4092 4093
3 4053 4093 4054
3 4054 4093 4094
3 4054 4094 4055
3 4055 4094 4095
3 4055 4095 4056
3 4056 4095 4096
3 4056 4096 4057
3 4057 4096 4097
3 4057 4097 4058
3 4058 4097 4098
3 4058 4098 4059
3 4059 4098 4099
3 4059 4099 4060
3 4060 4099 4100
3 4060 4100 4061
3 4061 4100 4101
3 4061 4101 4062
3 4062 4101 4102
3 4062 4102 4063
3 4063 4102 4103
3 4063 4103 4064
3 4064 4103 4104
3 4064 4104 4065
3 4065 4104 4105
3 4065 4105 4066
3 4066 4105 4106
3 4066 4106 4067
3 4067 4106 4107
3 4067 4107 4068
3 4068 4107 4108
3 4068 4108 4069
3 4069 4108 4109
3 4069 4109 4070
3 4070 4109 4110
3 4070 4110 4071
3 4071 4110 4111
3 4071 4111 4072
3 4072 4111 4112
3 4072 4112 4073
3 4073 4112 4113
3 4073 4113 4074
3 4074 4113 4114
3 4074 4114 4075
3 4075 4114 4115
3 4075 4115 4076
3 4076 4115 4116
3 4076 4116 4077
3 4077 4116 4117
3 4077 4117 4078
3 4078 4117 4118
3 4078 4118 4079
3 4079 4118 4119
3 4080 4120 4081
3 4081 4120 4121
3 4081 4121 4082
3 4082 4121 4122
3 4082 4122 4083
3 4083 4122 4123
3 4083 4123 4084
3 4084 4123 4124
3 4084 4124 4085
3 4085 4124 4125
3 4085 4125 4086
3 4086 4125 4126
3 4086 4126 4087
3 4087 4126 4127
3 4087 4127 4088
3 4088 4127 4128
3 4088 4128 4089
3 4089 4128 4129
3 4089 4129 4090
3 4090 4129 4130
3 4090 4130 4091
3 4091 4130 4131
3 4091 4131 4092
3 4092 4131 4132
3 4092 4132 4093
3 4093 4132 4133
3 4093 4133 4094
3 4094 4133 4134
3 4094 4134 4095
3 4095 4134 4135
3 4095 4135 4096
3 4096 4135 4136
3 4096 4136 4097
3 4097 4136 4137
3 4097 4137 4098
3 4098 4137 4138
3 4098 4138 4099
3 4099 4138 4139
3 4099 4139 4100
3 4100 4139 4140
3 4100 4140 4101
3 4101 4140 4141
3 4101 4141 4102
3 4102 4141 4142
3 4102 4142 4103
3 4103 4142 4143
3 4103 4143 4104
3 4104 4143 4144
3 4104 4144 4105
3 4105 4144 4145
3 4105 4145 4106
3 4106 4145 4146
3 4106 4146 4107
3 4107 4146 4147
3 4107 4147 4108
3 4108 4147 4148
3 4108 4148 4109
3 4109 4148 4149
3 4109 4149 4110
3 4110 4149 4150
3 4110 4150 4111
3 4111 4150 4151
3 4111 4151 4112
3 4112 4151 4152
3 4112 4152 4113
3 4113 4152 4153
3 4113 4153 4114
3 4114 4153 4154
3 4114 4154 4115
3 4115 4154 4155
3 4115 4155 4116
3 4116 4155 4156
3 4116 4156 4117
3 4117 4156 4157
3 4117 4157 4118
3 4118 4157 4158
3 4118 4158 4119
3 4119 4158 4159
3 4120 4160 4121
3 4121 4160 4161
3 4121 4161 4122
3 4122 4161 4162
3 4122 4162 4123
3 4123 4162 4163
3 4123 4163 4124
3 4124 4163 4164
3 4124 4164 4125
3 4125 4164 4165
3 4125 4165 4126
3 4126 4165 4166
3 4126 4166 4127
3 4127 4166 4167
3 4127 4167 4128
3 4128 4167 4168
3 4128 4168 4129
3 4129 4168 4169
3 4129 4169 4130
3 4130 4169 4170
3 4130 4170 4131
3 4131 4170 4171
3 4131 4171 4132
3 4132 4171 4172
3 4132 4172 4133
3 4133 4172 4173
3 4133 4173 4134
3 4134 4173 4174
3 4134 4174 4135
3 4135 4174 4175
3 4135 4175 4136
3 4136 4175 4176
3 4136 4176 4137
3 4137 4176 4177
3 4137 4177 4138
3 4138 4177 4178
3 4138 4178 4139
3 4139 4178 4179
3 4139 4179 4140
3 4140 4179 4180
3 4140 4180 4141
3 4141 4180 4181
3 4141 4181 4142
3 4142 4181 4182
3 4142 4182 4143
3 4143 4182 4183
3 4143 4183 4144
3 4144 4183 4184
3 4144 4184 4145
3 4145 4184 4185
3 4145 4185 4146
3 4146 4185 4186
3 4146 4186 4147
3 4147 4186 4187
3 4147 4187 4148
3 4148 4187 4188
3 4148 4188 4149
3 4149 4188 4189
3 4149 4189 4150
3 4150 4189 4190
3 4150 4190 4151
3 4151 4190 4191
3 4151 4191 4152
3 4152 4191 4192
3 4152 4192 4153
3 4153 4192 4193
3 4153 4193 4154
3 4154 4193 4194
3 4154 4194 4155
3 4155 4194 4195
3 4155 4195 4156
3 4156 4195 4196
3 4156 4196 4157
3 4157 4196 4197
3 4157 4197 4158
3 4158 4197 4198
3 4158 4198 4159
3 4159 4198 4199
3 4160 4200 4161
3 4161 4200 4201
3 4161 4201 4162
3 4162 4201 4202
3 4162 4202 4163
3 4163 4202 4203
3 4163 4203 4164
3 4164 4203 4204
3 4164 4204 4165
3 4165 4204 4205
3 4165 4205 4166
3 4166 4205 4206
3 4166 4206 4167
3 4167 4206 4207
3 4167 4207 4168
3 4168 4207 4208
3 4168 4208 4169
3 4169 4208 4209
3 4169 4209 4170
3 4170 4209 4210
3 4170 4210 4171
3 4171 4210 4211
3 4171 4211 4172
3 4172 4211 4212
3 4172 4212 4173
3 4173 4212 4213
3 4173 4213 4174
3 4174 4213 4214
3 4174 4214 4175
3 4175 4214 4215
3 4175 4215 4176
3 4176 4215 4216
3 4176 4216 4177
3 4177 4216 4217
3 4177 4217 4178
3 4178 4217 4218
3 4178 4218 4179
3 4179 4218 4219
3 4179 4219 4180
3 4180 4219 4220
3 4180 4220 4181
3 4181 4220 4221
3 4181 4221 4182
3 4182 4221 4222
3 4182 4222 4183
3 4183 4222 4223
3 4183 4223 4184
3 4184 4223 4224
3 4184 4224 4185
3 4185 4224 4225
3 4185 4225 4186
3 4186 4225 4226
3 4186 4226 4187
3 4187 4226 4227
3 4187 4227 4188
3 4188 4227 4228
3 4188 4228 4189
3 4189 4228 4229
3 4189 4229 4190
3 4190 4229 4230
3 4190 4230 4191
3 4191 4230 4231
3 4191 4231 4192
3 4192 4231 4232
3 4192 4232 4193
3 4193 4232 4233
3 4193 4233 4194
3 4194 4233 4234
3 4194 4234 4195
3 4195 4234 4235
3 4195 4235 4196
3 4196 4235 4236
3 4196 4236 4197
3 4197 4236 4237
3 4197 4237 4198
3 4198 4237 4238
3 4198 4238 4199
3 4199 4238 4239
3 4200 4240 4201
3 4201 4240 4241
3 4201 4241 4202
3 4202 4241 4242
3 4202 4242 4203
3 4203 4242 4243
3 4203 4243 4204
3 4204 4243 4244
3 4204 4244 4205
3 4205 4244 4245
3 4205 4245 4206
3 4206 4245 4246
3 4206 4246 4207
3 4207 4246 4247
3 4207 4247 4208
3 4208 4247 4248
3 4208 4248 4209
3 4209 4248 4249
3 4209 4249 4210
3 4210 4249 4250
3 4210 4250 4211
3 4211 4250 4251
3 4211 4251 4212
3 4212 4251 4252
3 4212 4252 4213
3 4213 4252 4253
3 4213 4253 4214
3 4214 4253 4254
3 4214 4254 4215
3 4215 4254 4255
3 4215 4255 4216
3 4216 4255 4256
3 4216 4256 4217
3 4217 4256 4257
3 4217 4257 4218
3 4218 4257 4258
3 4218 4258 4219
3 4219 4258 4259
3 4219 4259 4220
3 4220 4259 4260
3 4220 4260 4221
3 4221 4260 4261
3 4221 4261 4222
3 4222 4261 4262
3 4222 4262 4223
3 4223 4262 4263
3 4223 4263 4224
3 4224 4263 4264
3 4224 4264 4225
3 4225 4264 4265
3 4225 4265 4226
3 4226 4265 4266
3 4226 4266 4227
3 4227 4266 4267
3 4227 4267 4228
3 4228 4267 4268
3 4228 4268 4229
3 4229 4268 4269
3 4229 4269 4230
3 4230 4269 4270
3 4230 4270 4231
3 4231 4270 4271
3 4231 4271 4232
3 4232 4271 4272
3 4232 4272 4233
3 4233 4272 4273
3 4233 4273 4234
3 4234 4273 4274
3 4234 4274 4235
3 4235 4274 4275
3 4235 4275 4236
3 4236 4275 4276
3 4236 4276 4237
3 4237 4276 4277
3 4237 4277 4238
3 4238 4277 4278
3 4238 4278 4239
3 4239 4278 4279
3 4240 4280 4241
3 4241 4280 4281
3 4241 4281 4242
3 4242 4281 4282
3 4242 4282 4243
3 4243 4282 4283
3 4243 4283 4244
3 4244 4283 4284
3 4244 4284 4245
3 4245 4284 4285
3 4245 4285 4246
3 4246 4285 4286
3 4246 4286 4247
3 4247 4286 4287
3 4247 4287 4248
3 4248 4287 4288
3 4248 4288 4249
3 4249 4288 4289
3 4249 4289 4250
3 4250 4289 4290
3 4250 4290 4251
3 4251 4290 4291
3 4251 4291 4252
3 4252 4291 4292
3 4252 4292 4253
3 4253 4292 4293
3 4253 4293 4254
3 4254 4293 4294
3 4254 4294 4255
3 4255 4294 4295
3 4255 4295 4256
3 4256 4295 4296
3 4256 4296 4257
3 4257 4296 4297
3 4257 4297 4258
3 4258 4297 4298
3 4258 4298 4259
3 4259 4298 4299
3 4259 4299 4260
3 4260 4299 4300
3 4260 4300 4261
3 4261 4300 4301
3 4261 4301 4262
3 4262 4301 4302
3 4262 4302 4263
3 4263 4302 4303
3 4263 4303 4264
3 4264 4303 4304
3 4264 4304 4265
3 4265 4304 4305
3 4265 4305 4266
3 4266 4305 4306
3 4266 4306 4267
3 4267 4306 4307
3 4267 4307 4268
3 4268 4307 4308
3 4268 4308 4269
3 4269 4308 4309
3 4269 4309 4270
3 4270 4309 4310
3 4270 4310 4271
3 4271 4310 4311
3 4271 4311 4272
3 4272 4311 4312
3 4272 4312 4273
3 4273 4312 4313
3 4273 4313 4274
3 4274 4313 4314
3 4274 4314 4275
3 4275 4314 4315
3 4275 4315 4276
3 4276 4315 4316
3 4276 4316 4277
3 4277 4316 4317
3 4277 4317 4278
3 4278 4317 4318
3 4278 4318 4279
3 4279 4318 4319
3 4280 4320 4281
3 4281 4320 4321
3 4281 4321 4282
3 4282 4321 4322
3 4282 4322 4283
3 4283 4322 4323
3 4283 4323 4284
3 4284 4323 4324
3 4284 4324 4285
3 4285 4324 4325
3 4285 4325 4286
3 4286 4325 4326
3 4286 4326 4287
3 4287 4326 4327
3 4287 4327 4288
3 4288 4327 4328
3 4288 4328 4289
3 4289 4328 4329
3 4289 4329 4290
3 4290 4329 4330
3 4290 4330 4291
3 4291 4330 4331
3 4291 4331 4292
3 4292 4331 4332
3 4292 4332 4293
3 4293 4332 4333
3 4293 4333 4294
3 4294 4333 4334
3 4294 4334 4295
3 4295 4334 4335
3 4295 4335 4296
3 4296 4335 4336
3 4296 4336 4297
3 4297 4336 4337
3 4297 4337 4298
3 4298 4337 4338
3 4298 4338 4299
3 4299 4338 4339
3 4299 4339 4300
3 4300 4339 4340
3 4300 4340 4301
3 4301 4340 4341
3 4301 4341 4302
3 4302 4341 4342
3 4302 4342 4303
3 4303 4342 4343
3 4303 4343 4304
3 4304 4343 4344
3 4304 4344 4305
3 4305 4344 4345
3 4305 4345 4306
3 4306 4345 4346
3 4306 4346 4307
3 4307 4346 4347
3 4307 4347 4308
3 4308 4347 4348
3 4308 4348 4309
3 4309 4348 4349
3 4309 4349 4310
3 4310 4349 4350
3 4310 4350 4311
3 4311 4350 4351
3 4311 4351 4312
3 4312 4351 4352
3 4312 4352 4313
3 4313 4352 4353
3 4313 4353 4314
3 4314 4353 4354
3 4314 4354 4315
3 4315 4354 4355
3 4315 4355 4316
3 4316 4355 4356
3 4316 4356 4317
3 4317 4356 4357
3 4317 4357 4318
3 4318 4357 4358
3 4318 4358 4319
3 4319 4358 4359
3 4320 4360 4321
3 4321 4360 4361
3 4321 4361 4322
3 4322 4361 4362
3 4322 4362 4323
3 4323 4362 4363
3 4323 4363 4324
3 4324 4363 4364
3 4324 4364 4325
3 4325 4364 4365
3 4325 4365 4326
3 4326 4365 4366
3 4326 4366 4327
3 4327 4366 4367
3 4327 4367 4328
3 4328 4367 4368
3 4328 4368 4329
3 4329 4368 4369
3 4329 4369 4330
3 4330 4369 4370
3 4330 4370 4331
3 4331 4370 4371
3 4331 4371 4332
3 4332 4371 4372
3 4332 4372 4333
3 4333 4372 4373
3 4333 4373 4334
3 4334 4373 4374
3 4334 4374 4335
3 4335 4374 4375
3 4335 4375 4336
3 4336 4375 4376
3 4336 4376 4337
3 4337 4376 4377
3 4337 4377 4338
3 4338 4377 4378
3 4338 4378 4339
3 4339 4378 4379
3 4339 4379 4340
3 4340 4379 4380
3 4340 4380 4341
3 4341 4380 4381
3 4341 4381 4342
3 4342 4381 4382
3 4342 4382 4343
3 4343 4382 4383
3 4343 4383 4344
3 4344 4383 4384
3 4344 4384 4345
3 4345 4384 4385
3 4345 4385 4346
3 4346 4385 4386
3 4346 4386 4347
3 4347 4386 4387
3 4347 4387 4348
3 4348 4387 4388
3 4348 4388 4349
3 4349 4388 4389
3 4349 4389 4350
3 4350 4389 4390
3 4350 4390 4351
3 4351 4390 4391
3 4351 4391 4352
3 4352 4391 4392
3 4352 4392 4353
3 4353 4392 4393
3 4353 4393 4354
3 4354 4393 4394
3 4354 4394 4355
3 4355 4394 4395
3 4355 4395 4356
3 4356 4395 4396
3 4356 4396 4357
3 4357 4396 4397
3 4357 4397 4358
3 4358 4397 4398
3 4358 4398 4359
3 4359 4398 4399
3 4360 4400 4361
3 4361 4400 4401
3 4361 4401 4362
3 4362 4401 4402
3 4362 4402 4363
3 4363 4402 4403
3 4363 4403 4364
3 4364 4403 4404
3 4364 4404 4365
3 4365 4404 4405
3 4365 4405 4366
3 4366 4405 4406
3 4366 4406 4367
3 4367 4406 4407
3 4367 4407 4368
3 4368 4407 4408
3 4368 4408 4369
3 4369 4408 4409
3 4369 4409 4370
3 4370 4409 4410
3 4370 4410 4371
3 4371 4410 4411
3 4371 4411 4372
3 4372 4411 4412
3 4372 4412 4373
3 4373 4412 4413
3 4373 4413 4374
3 4374 4413 4414
3 4374 4414 4375
3 4375 4414 4415
3 4375 4415 4376
3 4376 4415 4416
3 4376 4416 4377
3 4377 4416 4417
3 4377 4417 4378
3 4378 4417 4418
3 4378 4418 4379
3 4379 4418 4419
3 4379 4419 4380
3 4380 4419 4420
3 4380 4420 4381
3 4381 4420 4421
3 4381 4421 4382
3 4382 4421 4422
3 4382 4422 4383
3 4383 4422 4423
3 4383 4423 4384
3 4384 4423 4424
3 4384 4424 4385
3 4385 4424 4425
3 4385 4425 4386
3 4386 4425 4426
3 4386 4426 4387
3 4387 4426 4427
3 4387 4427 4388
3 4388 4427 4428
3 4388 4428 4389
3 4389 4428 4429
3 4389 4429 4390
3 4390 4429 4430
3 4390 4430 4391
3 4391 4430 4431
3 4391 4431 4392
3 4392 4431 4432
3 4392 4432 4393
3 4393 4432 4433
3 4393 4433 4394
3 4394 4433 4434
3 4394 4434 4395
3 4395 4434 4435
3 4395 4435 4396
3 4396 4435 4436
3 4396 4436 4397
3 4397 4436 4437
3 4397 4437 4398
3 4398 4437 4438
3 4398 4438 4399
3 4399 4438 4439
3 4400 4440 4401
3 4401 4440 4441
3 4401 4441 4402
3 4402 4441 4442
3 4402 4442 4403
3 4403 4442 4443
3 4403 4443 4404
3 4404 4443 4444
3 4404 4444 4405
3 4405 4444 4445
3 4405 4445 4406
3 4406 4445 4446
3 4406 4446 4407
3 4407 4446 4447
3 4407 4447 4408
3 4408 4447 4448
3 4408 4448 4409
3 4409 4448 4449
3 4409 4449 4410
3 4410 4449 4450
3 4410 4450 4411
3 4411 4450 4451
3 4411 4451 4412
3 4412 4451 4452
3 4412 4452 4413
3 4413 4452 4453
3 4413 4453 4414
3 4414 4453 4454
3 4414 4454 4415
3 4415 4454 4455
3 4415 4455 4416
3 4416 4455 4456
3 4416 4456 4417
3 4417 4456 4457
3 4417 4457 4418
3 4418 4457 4458
3 4418 4458 4419
3 4419 4458 4459
3 4419 4459 4420
3 4420 4459 4460
3 4420 4460 4421
3 4421 4460 4461
3 4421 4461 4422
3 4422 4461 4462
3 4422 4462 4423
3 4423 4462 4463
3 4423 4463 4424
3 4424 4463 4464
3 4424 4464 4425
3 4425 4464 4465
3 4425 4465 4426
3 4426 4465 4466
3 4426 4466 4427
3 4427 4466 4467
3 4427 4467 4428
3 4428 4467 4468
3 4428 4468 4429
3 4429 4468 4469
3 4429 4469 4430
3 4430 4469 4470
3 4430 4470 4431
3 4431 4470 4471
3 4431 4471 4432
3 4432 4471 4472
3 4432 4472 4433
3 4433 4472 4473
3 4433 4473 4434
3 4434 4473 4474
3 4434 4474 4435
3 4435 4474 4475
3 4435 4475 4436
3 4436 4475 4476
3 4436 4476 4437
3 4437 4476 4477
3 4437 4477 4438
3 4438 4477 4478
3 4438 4478 4439
3 4439 4478 4479
3 4440 4480 4441
3 4441 4480 4481
3 4441 4481 4442
3 4442 4481 4482
3 4442 4482 4443
3 4443 4482 4483
3 4443 4483 4444
3 4444 4483 4484
3 4444 4484 4445
3 4445 4484 4485
3 4445 4485 4446
3 4446 4485 4486
3 4446 4486 4447
3 4447 4486 4487
3 4447 4487 4448
3 4448 4487 4488
3 4448 4488 4449
3 4449 4488 4489
3 4449 4489 4450
3 4450 4489 4490
3 4450 4490 4451
3 4451 4490 4491
3 4451 4491 4452
3 4452 4491 4492
3 4452 4492 4453
3 4453 4492 4493
3 4453 4493 4454
3 4454 4493 4494
3 4454 4494 4455
3 4455 4494 4495
3 4455 4495 4456
3 4456 4495 4496
3 4456 4496 4457
3 4457 4496 4497
3 4457 4497 4458
3 4458 4497 4498
3 4458 4498 4459
3 4459 4498 4499
3 4459 4499 4460
3 4460 4499 4500
3 4460 4500 4461
3 4461 4500 4501
3 4461 4501 4462
3 4462 4501 4502
3 4462 4502 4463
3 4463 4502 4503
3 4463 4503 4464
3 4464 4503 4504
3 4464 4504 4465
3 4465 4504 4505
3 4465 4505 4466
3 4466 4505 4506
3 4466 4506 4467
3 4467 4506 4507
3 4467 4507 4468
3 4468 4507 4508
3 4468 4508 4469
3 4469 4508 4509
3 4469 4509 4470
3 4470 4509 4510
3 4470 4510 4471
3 4471 4510 4511
3 4471 4511 4472
3 4472 4511 4512
3 4472 4512 4473
3 4473 4512 4513
3 4473 4513 4474
3 4474 4513 4514
3 4474 4514 4475
3 4475 4514 4515
3 4475 4515 4476
3 4476 4515 4516
3 4476 4516 4477
3 4477 4516 4517
3 4477 4517 4478
3 4478 4517 4518
3 4478 4518 4479
3 4479 4518 4519
3 4480 4520 4481
3 4481 4520 4521
3 4481 4521 4482
3 4482 4521 4522
3 4482 4522 4483
3 4483 4522 4523
3 4483 4523 4484
3 4484 4523 4524
3 4484 4524 4485
3 4485 4524 4525
3 4485 4525 4486
3 4486 4525 4526
3 4486 4526 4487
3 4487 4526 4527
3 4487 4527 4488
3 4488 4527 4528
3 4488 4528 4489
3 4489 4528 4529
3 4489 4529 4490
3 4490 4529 4530
3 4490 4530 4491
3 4491 4530 4531
3 4491 4531 4492
3 4492 4531 4532
3 4492 4532 4493
3 4493 4532 4533
3 4493 4533 4494
3 4494 4533 4534
3 4494 4534 4495
3 4495 4534 4535
3 4495 4535 4496
3 4496 4535 4536
3 4496 4536 4497
3 4497 4536 4537
3 4497 4537 4498
3 4498 4537 4538
3 4498 4538 4499
3 4499 4538 4539
3 4499 4539 4500
3 4500 4539 4540
3 4500 4540 4501
3 4501 4540 4541
3 4501 4541 4502
3 4502 4541 4542
3 4502 4542 4503
3 4503 4542 4543
3 4503 4543 4504
3 4504 4543 4544
3 4504 4544 4505
3 4505 4544 4545
3 4505 4545 4506
3 4506 4545 4546
3 4506 4546 4507
3 4507 4546 4547
3 4507 4547 4508
3 4508 4547 4548
3 4508 4548 4509
3 4509 4548 4549
3 4509 4549 4510
3 4510 4549 4550
3 4510 4550 4511
3 4511 4550 4551
3 4511 4551 4512
3 4512 4551 4552
3 4512 4552 4513
3 4513 4552 4553
3 4513 4553 4514
3 4514 4553 4554
3 4514 4554 4515
3 4515 4554 4555
3 4515 4555 4516
3 4516 4555 4556
3 4516 4556 4517
3 4517 4556 4557
3 4517 4557 4518
3 4518 4557 4558
3 4518 4558 4519
3 4519 4558 4559
3 4520 4560 4521
3 4521 4560 4561
3 4521 4561 4522
3 4522 4561 4562
3 4522 4562 4523
3 4523 4562 4563
3 4523 4563 4524
3 4524 4563 4564
3 4524 4564 4525
3 4525 4564 4565
3 4525 4565 4526
3 4526 4565 4566
3 4526 4566 4527
3 4527 4566 4567
3 4527 4567 4528
3 4528 4567 4568
3 4528 4568 4529
3 4529 4568 4569
3 4529 4569 4530
3 4530 4569 4570
3 4530 4570 4531
3 4531 4570 4571
3 4531 4571 4532
3 4532 4571 4572
3 4532 4572 4533
3 4533 4572 4573
3 4533 4573 4534
3 4534 4573 4574
3 4534 4574 4535
3 4535 4574 4575
3 4535 4575 4536
3 4536 4575 4576
3 4536 4576 4537
3 4537 4576 4577
3 4537 4577 4538
3 4538 4577 4578
3 4538 4578 4539
3 4539 4578 4579
3 4539 4579 4540
3 4540 4579 4580
3 4540 4580 4541
3 4541 4580 4581
3 4541 4581 4542
3 4542 4581 4582
3 4542 4582 4543
3 4543 4582 4583
3 4543 4583 4544
3 4544 4583 4584
3 4544 4584 4545
3 4545 4584 4585
3 4545 4585 4546
3 4546 4585 4586
3 4546 4586 4547
3 4547 4586 4587
3 4547 4587 4548
3 4548 4587 4588
3 4548 4588 4549
3 4549 4588 4589
3 4549 4589 4550
3 4550 4589 4590
3 4550 4590 4551
3 4551 4590 4591
3 4551 4591 4552
3 4552 4591 4592
3 4552 4592 4553
3 4553 4592 4593
3 4553 4593 4554
3 4554 4593 4594
3 4554 4594 4555
3 4555 4594 4595
3 4555 4595 4556
3 4556 4595 4596
3 4556 4596 4557
3 4557 4596 4597
3 4557 4597 4558
3 4558 4597 4598
3 4558 4598 4559
3 4559 4598 4599
3 4560 4600 4561
3 4561 4600 4601
3 4561 4601 4562
3 4562 4601 4602
3 4562 4602 4563
3 4563 4602 4603
3 4563 4603 4564
3 4564 4603 4604
3 4564 4604 4565
3 4565 4604 4605
3 4565 4605 4566
3 4566 4605 4606
3 4566 4606 4567
3 4567 4606 4607
3 4567 4607 4568
3 4568 4607 4608
3 4568 4608 4569
3 4569 4608 4609
3 4569 4609 4570
3 4570 4609 4610
3 4570 4610 4571
3 4571 4610 4611
3 4571 4611 4572
3 4572 4611 4612
3 4572 4612 4573
3 4573 4612 4613
3 4573 4613 4574
3 4574 4613 4614
3 4574 4614 4575
3 4575 4614 4615
3 4575 4615 4576
3 4576 4615 4616
3 4576 4616 4577
3 4577 4616 4617
3 4577 4617 4578
3 4578 4617 4618
3 4578 4618 4579
3 4579 4618 4619
3 4579 4619 4580
3 4580 4619 4620
3 4580 4620 4581
3 4581 4620 4621
3 4581 4621 4582
3 4582 4621 4622
3 4582 4622 4583
3 4583 4622 4623
3 4583 4623 4584
3 4584 4623 4624
3 4584 4624 4585
3 4585 4624 4625
3 4585 4625 4586
3 4586 4625 4626
3 4586 4626 4587
3 4587 4626 4627
3 4587 4627 4588
3 4588 4627 4628
3 4588 4628 4589
3 4589 4628 4629
3 4589 4629 4590
3 4590 4629 4630
3 4590 4630 4591
3 4591 4630 4631
3 4591 4631 4592
3 4592 4631 4632
3 4592 4632 4593
3 4593 4632 4633
3 4593 4633 4594
3 4594 4633 4634
3 4594 4634 4595
3 4595 4634 4635
3 4595 4635 4596
3 4596 4635 4636
3 4596 4636 4597
3 4597 4636 4637
3 4597 4637 4598
3 4598 4637 4638
3 4598 4638 4599
3 4599 4638 4639
3 4600 4640 4601
3 4601 4640 4641
3 4601 4641 4602
3 4602 4641 4642
3 4602 4642 4603
3 4603 4642 4643
3 4603 4643 4604
3 4604 4643 4644
3 4604 4644 4605
3 4605 4644 4645
3 4605 4645 4606
3 4606 4645 4646
3 4606 4646 4607
3 4607 4646 4647
3 4607 4647 4608
3 4608 4647 4648
3 4608 4648 4609
3 4609 4648 4649
3 4609 4649 4610
3 4610 4649 4650
3 4610 4650 4611
3 4611 4650 4651
3 4611 4651 4612
3 4612 4651 4652
3 4612 4652 4613
3 4613 4652 4653
3 4613 4653 4614
3 4614 4653 4654
3 4614 4654 4615
3 4615 4654 4655
3 4615 4655 4616
3 4616 4655 4656
3 4616 4656 4617
3 4617 4656 4657
3 4617 4657 4618
3 4618 4657 4658
3 4618 4658 4619
3 4619 4658 4659
3 4619 4659 4620
3 4620 4659 4660
3 4620 4660 4621
3 4621 4660 4661
3 4621 4661 4622
3 4622 4661 4662
3 4622 4662 4623
3 4623 4662 4663
3 4623 4663 4624
3 4624 4663 4664
3 4624 4664 4625
3 4625 4664 4665
3 4625 4665 4626
3 4626 4665 4666
3 4626 4666 4627
3 4627 4666 4667
3 4627 4667 4628
3 4628 4667 4668
3 4628 4668 4629
3 4629 4668 4669
3 4629 4669 4630
3 4630 4669 4670
3 4630 4670 4631
3 4631 4670 4671
3 4631 4671 4632
3 4632 4671 4672
3 4632 4672 4633
3 4633 4672 4673
3 4633 4673 4634
3 4634 4673 4674
3 4634 4674 4635
3 4635 4674 4675
3 4635 4675 4636
3 4636 4675 4676
3 4636 4676 4637
3 4637 4676 4677
3 4637 4677 4638
3 4638 4677 4678
3 4638 4678 4639
3 4639 4678 4679
3 4640 4680 4641
3 4641 4680 4681
3 4641 4681 4642
3 4642 4681 4682
3 4642 4682 4643
3 4643 4682 4683
3 4643 4683 4644
3 4644 4683 4684
3 4644 4684 4645
3 4645 4684 4685
3 4645 4685 4646
3 4646 4685 4686
3 4646 4686 4647
3 4647 4686 4687
3 4647 4687 4648
3 4648 4687 4688
3 4648 4688 4649
3 4649 4688 4689
3 4649 4689 4650
3 4650 4689 4690
3 4650 4690 4651
3 4651 4690 4691
3 4651 4691 4652
3 4652 4691 4692
3 4652 4692 4653
3 4653 4692 4693
3 4653 4693 4654
3 4654 4693 4694
3 4654 4694 4655
3 4655 4694 4695
3 4655 4695 4656
3 4656 4695 4696
3 4656 4696 4657
3 4657 4696 4697
3 4657 4697 4658
3 4658 4697 4698
3 4658 4698 4659
3 4659 4698 4699
3 4659 4699 4660
3 4660 4699 4700
3 4660 4700 4661
3 4661 4700 4701
3 4661 4701 4662
3 4662 4701 4702
3 4662 4702 4663
3 4663 4702 4703
3 4663 4703 4664
3 4664 4703 4704
3 4664 4704 4665
3 4665 4704 4705
3 4665 4705 4666
3 4666 4705 4706
3 4666 4706 4667
3 4667 4706 4707
3 4667 4707 4668
3 4668 4707 4708
3 4668 4708 4669
3 4669 4708 4709
3 4669 4709 4670
3 4670 4709 4710
3 4670 4710 4671
3 4671 4710 4711
3 4671 4711 4672
3 4672 4711 4712
3 4672 4712 4673
3 4673 4712 4713
3 4673 4713 4674
3 4674 4713 4714
3 4674 4714 4675
3 4675 4714 4715
3 4675 4715 4676
3 4676 4715 4716
3 4676 4716 4677
3 4677 4716 4717
3 4677 4717 4678
3 4678 4717 4718
3 4678 4718 4679
3 4679 4718 4719
3 4680 4720 4681
3 4681 4720 4721
3 4681 4721 4682
3 4682 4721 4722
3 4682 4722 4683
3 4683 4722 4723
3 4683 4723 4684
3 4684 4723 4724
3 4684 4724 4685
3 4685 4724 4725
3 4685 4725 4686
3 4686 4725 4726
3 4686 4726 4687
3 4687 4726 4727
3 4687 4727 4688
3 4688 4727 4728
3 4688 4728 4689
3 4689 4728 4729
3 4689 4729 4690
3 4690 4729 4730
3 4690 4730 4691
3 4691 4730 4731
3 4691 4731 4692
3 4692 4731 4732
3 4692 4732 4693
3 4693 4732 4733
3 4693 4733 4694
3 4694 4733 4734
3 4694 4734 4695
3 4695 4734 4735
3 4695 4735 4696
3 4696 4735 4736
3 4696 4736 4697
3 4697 4736 4737
3 4697 4737 4698
3 4698 4737 4738
3 4698 4738 4699
3 4699 4738 4739
3 4699 4739 4700
3 4700 4739 4740
3 4700 4740 4701
3 4701 4740 4741
3 4701 4741 4702
3 4702 4741 4742
3 4702 4742 4703
3 4703 4742 4743
3 4703 4743 4704
3 4704 4743 4744
3 4704 4744 4705
3 4705 4744 4745
3 4705 4745 4706
3 4706 4745 4746
3 4706 4746 4707
3 4707 4746 4747
3 4707 4747 4708
3 4708 4747 4748
3 4708 4748 4709
3 4709 4748 4749
3 4709 4749 4710
3 4710 4749 4750
3 4710 4750 4711
3 4711 4750 4751
3 4711 4751 4712
3 4712 4751 4752
3 4712 4752 4713
3 4713 4752 4753
3 4713 4753 4714
3 4714 4753 4754
3 4714 4754 4715
3 4715 4754 4755
3 4715 4755 4716
3 4716 4755 4756
3 4716 4756 4717
3 4717 4756 4757
3 4717 4757 4718
3 4718 4757 4758
3 4718 4758 4719
3 4719 4758 4759
3 4720 4760 4721
3 4721 4760 4761
3 4721 4761 4722
3 4722 4761 4762
3 4722 4762 4723
3 4723 4762 4763
3 4723 4763 4724
3 4724 4763 4764
3 4724 4764 4725
3 4725 4764 4765
3 4725 4765 4726
3 4726 4765 4766
3 4726 4766 4727
3 4727 4766 4767
3 4727 4767 4728
3 4728 4767 4768
3 4728 4768 4729
3 4729 4768 4769
3 4729 4769 4730
3 4730 4769 4770
3 4730 4770 4731
3 4731 4770 4771
3 4731 4771 4732
3 4732 4771 4772
3 4732 4772 4733
3 4733 4772 4773
3 4733 4773 4734
3 4734 4773 4774
3 4734 4774 4735
3 4735 4774 4775
3 4735 4775 4736
3 4736 4775 4776
3 4736 4776 4737
3 4737 4776 4777
3 4737 4777 4738
3 4738 4777 4778
3 4738 4778 4739
3 4739 4778 4779
3 4739 4779 4740
3 4740 4779 4780
3 4740 4780 4741
3 4741 4780 4781
3 4741 4781 4742
3 4742 4781 4782
3 4742 4782 4743
3 4743 4782 4783
3 4743 4783 4744
3 4744 4783 4784
3 4744 4784 4745
3 4745 4784 4785
3 4745 4785 4746
3 4746 4785 4786
3 4746 4786 4747
3 4747 4786 4787
3 4747 4787 4748
3 4748 4787 4788
3 4748 4788 4749
3 4749 4788 4789
3 4749 4789 4750
3 4750 4789 4790
3 4750 4790 4751
3 4751 4790 4791
3 4751 4791 4752
3 4752 4791 4792
3 4752 4792 4753
3 4753 4792 4793
3 4753 4793 4754
3 4754 4793 4794
3 4754 4794 4755
3 4755 4794 4795
3 4755 4795 4756
3 4756 4795 4796
3 4756 4796 4757
3 4757 4796 4797
3 4757 4797 4758
3 4758 4797 4798
3 4758 4798 4759
3 4759 4798 4799
