# vtk DataFile Version 3.0
wing
ASCII
DATASET POLYDATA
POINTS 4800 float
-0.9400909348072772 -0.09346806400337292 0.3278608779721074
-0.915986039042988 -0.09107144697764541 0.3194541887933354
-0.8918811432786988 -0.08867482995191789 0.3110474996145634
-0.8677762475144098 -0.0862782129261904 0.30264081043579144
-0.8436713517501206 -0.08388159590046287 0.2942341212570195
-0.8195664559858314 -0.08148497887473537 0.28582743207824746
-0.7954615602215422 -0.07908836184900785 0.2774207428994755
-0.771356664457253 -0.07669174482328034 0.26901405372070347
-0.7472517686929641 -0.07429512779755283 0.2606073645419315
-0.7231468729286749 -0.07189851077182532 0.25220067536315954
-0.6990419771643857 -0.06950189374609782 0.24379398618438755
-0.6749370814000965 -0.0671052767203703 0.23538729700561556
-0.6508321856358072 -0.06470865969464279 0.22698060782684357
-0.6267272898715183 -0.06231204266891528 0.21857391864807163
-0.602622394107229 -0.05991542564318776 0.21016722946929958
-0.5785174983429399 -0.05751880861746026 0.20176054029052765
-0.5544126025786507 -0.05512219159173275 0.19335385111175565
-0.5303077068143615 -0.05272557456600523 0.18494716193298366
-0.5062028110500725 -0.05032895754027773 0.1765404727542117
-0.48209791528578316 -0.04793234051455021 0.16813378357543968
-0.45799301952149407 -0.045535723488822705 0.1597270943966677
-0.4338881237572049 -0.0431391064630952 0.15132040521789572
-0.4097832279929157 -0.040742489437367684 0.14291371603912373
-0.3856783322286265 -0.03834587241164017 0.13450702686035174
-0.36157343646433737 -0.035949255385912655 0.12610033768157974
-0.3374685407000483 -0.033552638360185155 0.1176936485028078
-0.31336364493575913 -0.03115602133445764 0.10928695932403582
-0.28925874917146993 -0.02875940430873013 0.10088027014526382
-0.26515385340718073 -0.026362787283002617 0.09247358096649183
-0.24104895764289158 -0.023966170257275106 0.08406689178771984
-0.2169440618786025 -0.021569553231547602 0.07566020260894789
-0.19283916611431332 -0.01917293620582009 0.0672535134301759
-0.16873427035002414 -0.016776319180092578 0.0588468242514039
-0.14462937458573497 -0.014379702154365065 0.05044013507263191
-0.12052447882144579 -0.011983085128637553 0.04203344589385992
-0.09641958305715671 -0.00958646810291005 0.03362675671508796
-0.07231468729286754 -0.007189851077182538 0.025220067536315973
-0.04820979152857836 -0.004793234051455025 0.01681337835754398
-0.02410489576428918 -0.0023966170257275123 0.00840668917877199
0.0 0.0 0.0
-0.9400909348072772 -0.07326462363608308 0.3336205662551932
-0.915986039042988 -0.07086800661035557 0.32521387707642124
-0.8918811432786988 -0.06847138958462805 0.3168071878976492
-0.8677762475144098 -0.06607477255890055 0.30840049871887726
-0.8436713517501206 -0.06367815553317303 0.2999938095401053
-0.8195664559858314 -0.06128153850744553 0.2915871203613333
-0.7954615602215422 -0.058884921481718006 0.2831804311825613
-0.771356664457253 -0.0564883044559905 0.2747737420037893
-0.7472517686929641 -0.05409168743026299 0.2663670528250173
-0.7231468729286749 -0.051695070404535484 0.25796036364624536
-0.6990419771643857 -0.04929845337880798 0.24955367446747337
-0.6749370814000965 -0.046901836353080456 0.24114698528870138
-0.6508321856358072 -0.04450521932735295 0.23274029610992938
-0.6267272898715183 -0.04210860230162544 0.22433360693115745
-0.602622394107229 -0.03971198527589792 0.2159269177523854
-0.5785174983429399 -0.03731536825017042 0.20752022857361346
-0.5544126025786507 -0.03491875122444291 0.19911353939484147
-0.5303077068143615 -0.03252213419871539 0.19070685021606948
-0.5062028110500725 -0.030125517172987896 0.18230016103729751
-0.48209791528578316 -0.027728900147260375 0.1738934718585255
-0.45799301952149407 -0.025332283121532868 0.16548678267975353
-0.4338881237572049 -0.02293566609580536 0.15708009350098154
-0.4097832279929157 -0.020539049070077846 0.14867340432220955
-0.3856783322286265 -0.018142432044350332 0.14026671514343755
-0.36157343646433737 -0.01574581501862282 0.13186002596466556
-0.3374685407000483 -0.013349197992895318 0.12345333678589361
-0.31336364493575913 -0.010952580967167804 0.11504664760712163
-0.28925874917146993 -0.008555963941440294 0.10663995842834964
-0.26515385340718073 -0.0061593469157127795 0.09823326924957765
-0.24104895764289158 -0.003762729889985269 0.08982658007080566
-0.2169440618786025 -0.0013661128642577652 0.0814198908920337
-0.19283916611431332 0.0010305041614697454 0.07301320171326171
-0.16873427035002414 0.0034271211871972594 0.06460651253448971
-0.14462937458573497 0.005823738212924772 0.05619982335571772
-0.12052447882144579 0.008220355238652284 0.04779313417694573
-0.09641958305715671 0.010616972264379788 0.03938644499817377
-0.07231468729286754 0.0130135892901073 0.030979755819401787
-0.04820979152857836 0.015410206315834812 0.022573066640629795
-0.02410489576428918 0.017806823341562326 0.014166377461857803
0.0 0.020203440367289837 0.005759688283085813
-0.9400909348072772 -0.05306118326879324 0.339380254538279
-0.915986039042988 -0.050664566243065735 0.33097356535950706
-0.8918811432786988 -0.048267949217338214 0.32256687618073504
-0.8677762475144098 -0.04587133219161072 0.3141601870019631
-0.8436713517501206 -0.0434747151658832 0.3057534978231911
-0.8195664559858314 -0.04107809814015569 0.2973468086444191
-0.7954615602215422 -0.03868148111442817 0.2889401194656471
-0.771356664457253 -0.036284864088700665 0.2805334302868751
-0.7472517686929641 -0.03388824706297316 0.27212674110810314
-0.7231468729286749 -0.03149163003724565 0.2637200519293312
-0.6990419771643857 -0.029095013011518144 0.25531336275055916
-0.6749370814000965 -0.026698395985790623 0.2469066735717872
-0.6508321856358072 -0.024301778960063115 0.2384999843930152
-0.6267272898715183 -0.021905161934335608 0.23009329521424327
-0.602622394107229 -0.019508544908608087 0.22168660603547122
-0.5785174983429399 -0.017111927882880587 0.21327991685669928
-0.5544126025786507 -0.014715310857153073 0.2048732276779273
-0.5303077068143615 -0.012318693831425559 0.1964665384991553
-0.5062028110500725 -0.009922076805698059 0.18805984932038333
-0.48209791528578316 -0.007525459779970538 0.1796531601416113
-0.45799301952149407 -0.005128842754243031 0.17124647096283935
-0.4338881237572049 -0.0027322257285155235 0.16283978178406736
-0.4097832279929157 -0.0003356087027880093 0.15443309260529536
-0.3856783322286265 0.0020610083229395046 0.14602640342652337
-0.36157343646433737 0.004457625348667019 0.13761971424775138
-0.3374685407000483 0.006854242374394519 0.12921302506897941
-0.31336364493575913 0.009250859400122033 0.12080633589020744
-0.28925874917146993 0.011647476425849543 0.11239964671143544
-0.26515385340718073 0.014044093451577058 0.10399295753266345
-0.24104895764289158 0.016440710477304568 0.09558626835389146
-0.2169440618786025 0.018837327503032072 0.08717957917511951
-0.19283916611431332 0.021233944528759582 0.07877288999634752
-0.16873427035002414 0.023630561554487096 0.07036620081757552
-0.14462937458573497 0.02602717858021461 0.06195951163880354
-0.12052447882144579 0.02842379560594212 0.05355282246003155
-0.09641958305715671 0.030820412631669625 0.04514613328125959
-0.07231468729286754 0.03321702965739714 0.0367394441024876
-0.04820979152857836 0.03561364668312465 0.028332754923715606
-0.02410489576428918 0.03801026370885216 0.019926065744943617
0.0 0.040406880734579674 0.011519376566171627
-0.9400909348072772 -0.03285774290150341 0.34513994282136484
-0.915986039042988 -0.030461125875775905 0.3367332536425929
-0.8918811432786988 -0.028064508850048384 0.32832656446382086
-0.8677762475144098 -0.02566789182432089 0.3199198752850489
-0.8436713517501206 -0.02327127479859337 0.31151318610627693
-0.8195664559858314 -0.020874657772865863 0.3031064969275049
-0.7954615602215422 -0.018478040747138342 0.29469980774873294
-0.771356664457253 -0.016081423721410835 0.2862931185699609
-0.7472517686929641 -0.013684806695683328 0.27788642939118896
-0.7231468729286749 -0.01128818966995582 0.269479740212417
-0.6990419771643857 -0.008891572644228313 0.261073051033645
-0.6749370814000965 -0.0064949556185007916 0.252666361854873
-0.6508321856358072 -0.004098338592773284 0.244259672676101
-0.6267272898715183 -0.0017017215670457777 0.23585298349732906
-0.602622394107229 0.0006948954586817434 0.227446294318557
-0.5785174983429399 0.0030915124844092434 0.21903960513978507
-0.5544126025786507 0.005488129510136758 0.21063291596101308
-0.5303077068143615 0.007884746535864271 0.2022262267822411
-0.5062028110500725 0.010281363561591771 0.19381953760346912
-0.48209791528578316 0.012677980587319292 0.1854128484246971
-0.45799301952149407 0.0150745976130468 0.17700615924592514
-0.4338881237572049 0.017471214638774307 0.16859947006715315
-0.4097832279929157 0.01986783166450182 0.16019278088838115
-0.3856783322286265 0.022264448690229335 0.15178609170960916
-0.36157343646433737 0.02466106571595685 0.14337940253083717
-0.3374685407000483 0.02705768274168435 0.13497271335206523
-0.31336364493575913 0.029454299767411863 0.12656602417329324
-0.28925874917146993 0.031850916793139374 0.11815933499452126
-0.26515385340718073 0.03424753381886689 0.10975264581574927
-0.24104895764289158 0.0366441508445944 0.10134595663697728
-0.2169440618786025 0.0390407678703219 0.09293926745820533
-0.19283916611431332 0.041437384896049416 0.08453257827943333
-0.16873427035002414 0.04383400192177693 0.07612588910066133
-0.14462937458573497 0.04623061894750444 0.06771919992188935
-0.12052447882144579 0.04862723597323195 0.05931251074311736
-0.09641958305715671 0.05102385299895946 0.0509058215643454
-0.07231468729286754 0.053420470024686965 0.04249913238557341
-0.04820979152857836 0.05581708705041448 0.034092443206801416
-0.02410489576428918 0.058213704076141994 0.025685754028029428
0.0 0.06061032110186951 0.01727906484925744
-0.9400909348072772 -0.012654302534213568 0.35089963110445066
-0.915986039042988 -0.010257685508486061 0.3424929419256787
-0.8918811432786988 -0.00786106848275854 0.3340862527469067
-0.8677762475144098 -0.005464451457031047 0.3256795635681347
-0.8436713517501206 -0.0030678344313035256 0.31727287438936275
-0.8195664559858314 -0.0006712174055760186 0.3088661852105907
-0.7954615602215422 0.0017253996201515023 0.30045949603181876
-0.771356664457253 0.004122016645879009 0.29205280685304674
-0.7472517686929641 0.006518633671606516 0.2836461176742748
-0.7231468729286749 0.008915250697334023 0.2752394284955028
-0.6990419771643857 0.01131186772306153 0.2668327393167308
-0.6749370814000965 0.013708484748789052 0.25842605013795883
-0.6508321856358072 0.01610510177451656 0.2500193609591868
-0.6267272898715183 0.018501718800244066 0.24161267178041487
-0.602622394107229 0.020898335825971587 0.23320598260164283
-0.5785174983429399 0.023294952851699087 0.2247992934228709
-0.5544126025786507 0.0256915698774266 0.2163926042440989
-0.5303077068143615 0.028088186903154115 0.2079859150653269
-0.5062028110500725 0.030484803928881615 0.19957922588655494
-0.48209791528578316 0.032881420954609136 0.19117253670778292
-0.45799301952149407 0.03527803798033664 0.18276584752901096
-0.4338881237572049 0.03767465500606415 0.17435915835023896
-0.4097832279929157 0.040071272031791665 0.16595246917146697
-0.3856783322286265 0.04246788905751918 0.15754577999269498
-0.36157343646433737 0.04486450608324669 0.149139090813923
-0.3374685407000483 0.04726112310897419 0.14073240163515105
-0.31336364493575913 0.04965774013470171 0.13232571245637906
-0.28925874917146993 0.05205435716042922 0.12391902327760708
-0.26515385340718073 0.054450974186156735 0.11551233409883509
-0.24104895764289158 0.05684759121188424 0.1071056449200631
-0.2169440618786025 0.05924420823761175 0.09869895574129114
-0.19283916611431332 0.061640825263339256 0.09029226656251915
-0.16873427035002414 0.06403744228906677 0.08188557738374715
-0.14462937458573497 0.06643405931479428 0.07347888820497517
-0.12052447882144579 0.0688306763405218 0.06507219902620318
-0.09641958305715671 0.0712272933662493 0.05666550984743121
-0.07231468729286754 0.07362391039197681 0.048258820668659226
-0.04820979152857836 0.07602052741770432 0.039852131489887234
-0.02410489576428918 0.07841714444343184 0.03144544231111524
0.0 0.08081376146915935 0.023038753132343253
-0.9400909348072772 0.0075491378330762755 0.3566593193875365
-0.915986039042988 0.009945754858803783 0.3482526302087645
-0.8918811432786988 0.012342371884531304 0.3398459410299925
-0.8677762475144098 0.014738988910258797 0.33143925185122053
-0.8436713517501206 0.017135605935986318 0.32303256267244856
-0.8195664559858314 0.019532222961713825 0.31462587349367654
-0.7954615602215422 0.021928839987441346 0.3062191843149046
-0.771356664457253 0.024325457013168853 0.29781249513613256
-0.7472517686929641 0.02672207403889636 0.2894058059573606
-0.7231468729286749 0.029118691064623867 0.28099911677858863
-0.6990419771643857 0.03151530809035138 0.2725924275998166
-0.6749370814000965 0.0339119251160789 0.26418573842104465
-0.6508321856358072 0.036308542141806406 0.2557790492422726
-0.6267272898715183 0.03870515916753391 0.2473723600635007
-0.602622394107229 0.041101776193261434 0.23896567088472864
-0.5785174983429399 0.043498393218988934 0.2305589817059567
-0.5544126025786507 0.04589501024471645 0.2221522925271847
-0.5303077068143615 0.04829162727044396 0.21374560334841272
-0.5062028110500725 0.05068824429617146 0.20533891416964076
-0.48209791528578316 0.053084861321898984 0.19693222499086874
-0.45799301952149407 0.05548147834762649 0.18852553581209677
-0.4338881237572049 0.057878095373354 0.18011884663332478
-0.4097832279929157 0.06027471239908151 0.1717121574545528
-0.3856783322286265 0.06267132942480902 0.1633054682757808
-0.36157343646433737 0.06506794645053654 0.1548987790970088
-0.3374685407000483 0.06746456347626403 0.14649208991823687
-0.31336364493575913 0.06986118050199155 0.13808540073946488
-0.28925874917146993 0.07225779752771906 0.12967871156069288
-0.26515385340718073 0.07465441455344658 0.1212720223819209
-0.24104895764289158 0.07705103157917409 0.11286533320314891
-0.2169440618786025 0.0794476486049016 0.10445864402437696
-0.19283916611431332 0.0818442656306291 0.09605195484560497
-0.16873427035002414 0.08424088265635661 0.08764526566683296
-0.14462937458573497 0.08663749968208413 0.07923857648806099
-0.12052447882144579 0.08903411670781164 0.070831887309289
-0.09641958305715671 0.09143073373353915 0.06242519813051703
-0.07231468729286754 0.09382735075926665 0.054018508951745044
-0.04820979152857836 0.09622396778499417 0.04561181977297305
-0.02410489576428918 0.09862058481072168 0.03720513059420106
0.0 0.10101720183644919 0.028798441415429067
-0.9400909348072772 0.027752578200366092 0.36241900767062224
-0.915986039042988 0.0301491952260936 0.3540123184918503
-0.8918811432786988 0.03254581225182112 0.34560562931307826
-0.8677762475144098 0.03494242927754861 0.3371989401343063
-0.8436713517501206 0.037339046303276134 0.3287922509555343
-0.8195664559858314 0.03973566332900364 0.3203855617767623
-0.7954615602215422 0.04213228035473116 0.31197887259799034
-0.771356664457253 0.04452889738045867 0.3035721834192183
-0.7472517686929641 0.046925514406186176 0.29516549424044636
-0.7231468729286749 0.049322131431913684 0.2867588050616744
-0.6990419771643857 0.05171874845764119 0.27835211588290243
-0.6749370814000965 0.05411536548336871 0.2699454267041304
-0.6508321856358072 0.05651198250909622 0.26153873752535844
-0.6267272898715183 0.058908599534823726 0.2531320483465865
-0.602622394107229 0.06130521656055125 0.24472535916781446
-0.5785174983429399 0.06370183358627875 0.23631866998904252
-0.5544126025786507 0.06609845061200627 0.22791198081027053
-0.5303077068143615 0.06849506763773378 0.21950529163149854
-0.5062028110500725 0.07089168466346128 0.21109860245272657
-0.48209791528578316 0.0732883016891888 0.20269191327395455
-0.45799301952149407 0.07568491871491631 0.1942852240951826
-0.4338881237572049 0.07808153574064382 0.1858785349164106
-0.4097832279929157 0.08047815276637132 0.1774718457376386
-0.3856783322286265 0.08287476979209885 0.1690651565588666
-0.36157343646433737 0.08527138681782635 0.16065846738009462
-0.3374685407000483 0.08766800384355386 0.15225177820132266
-0.31336364493575913 0.09006462086928137 0.1438450890225507
-0.28925874917146993 0.09246123789500887 0.1354383998437787
-0.26515385340718073 0.0948578549207364 0.1270317106650067
-0.24104895764289158 0.0972544719464639 0.11862502148623472
-0.2169440618786025 0.09965108897219141 0.11021833230746277
-0.19283916611431332 0.10204770599791892 0.10181164312869077
-0.16873427035002414 0.10444432302364644 0.09340495394991877
-0.14462937458573497 0.10684094004937394 0.08499826477114679
-0.12052447882144579 0.10923755707510145 0.0765915755923748
-0.09641958305715671 0.11163417410082896 0.06818488641360283
-0.07231468729286754 0.11403079112655647 0.05977819723483085
-0.04820979152857836 0.11642740815228399 0.051371508056058855
-0.02410489576428918 0.1188240251780115 0.04296481887728686
0.0 0.12122064220373902 0.03455812969851488
-0.9400909348072772 0.04795601856765594 0.36817869595370806
-0.915986039042988 0.050352635593383446 0.3597720067749361
-0.8918811432786988 0.05274925261911097 0.3513653175961641
-0.8677762475144098 0.05514586964483846 0.3429586284173921
-0.8436713517501206 0.05754248667056598 0.33455193923862014
-0.8195664559858314 0.05993910369629349 0.3261452500598481
-0.7954615602215422 0.06233572072202101 0.31773856088107616
-0.771356664457253 0.06473233774774852 0.30933187170230414
-0.7472517686929641 0.06712895477347602 0.3009251825235322
-0.7231468729286749 0.06952557179920353 0.2925184933447602
-0.6990419771643857 0.07192218882493104 0.28411180416598825
-0.6749370814000965 0.07431880585065856 0.2757051149872162
-0.6508321856358072 0.07671542287638607 0.26729842580844426
-0.6267272898715183 0.07911203990211357 0.2588917366296723
-0.602622394107229 0.0815086569278411 0.2504850474509003
-0.5785174983429399 0.08390527395356859 0.24207835827212834
-0.5544126025786507 0.08630189097929611 0.23367166909335635
-0.5303077068143615 0.08869850800502362 0.22526497991458436
-0.5062028110500725 0.09109512503075112 0.2168582907358124
-0.48209791528578316 0.09349174205647864 0.20845160155704037
-0.45799301952149407 0.09588835908220615 0.2000449123782684
-0.4338881237572049 0.09828497610793366 0.19163822319949642
-0.4097832279929157 0.10068159313366117 0.18323153402072442
-0.3856783322286265 0.10307821015938869 0.17482484484195243
-0.36157343646433737 0.1054748271851162 0.16641815566318044
-0.3374685407000483 0.1078714442108437 0.15801146648440847
-0.31336364493575913 0.11026806123657121 0.1496047773056365
-0.28925874917146993 0.11266467826229873 0.14119808812686452
-0.26515385340718073 0.11506129528802624 0.13279139894809253
-0.24104895764289158 0.11745791231375374 0.12438470976932053
-0.2169440618786025 0.11985452933948125 0.11597802059054858
-0.19283916611431332 0.12225114636520876 0.10757133141177659
-0.16873427035002414 0.12464776339093628 0.09916464223300459
-0.14462937458573497 0.1270443804166638 0.0907579530542326
-0.12052447882144579 0.1294409974423913 0.08235126387546061
-0.09641958305715671 0.1318376144681188 0.07394457469668865
-0.07231468729286754 0.1342342314938463 0.06553788551791666
-0.04820979152857836 0.13663084851957383 0.05713119633914467
-0.02410489576428918 0.13902746554530135 0.04872450716037268
0.0 0.14142408257102884 0.04031781798160069
-0.9400909348072772 0.06815945893494578 0.3739383842367939
-0.915986039042988 0.07055607596067329 0.3655316950580219
-0.8918811432786988 0.07295269298640081 0.3571250058792499
-0.8677762475144098 0.0753493100121283 0.3487183167004779
-0.8436713517501206 0.07774592703785582 0.34031162752170596
-0.8195664559858314 0.08014254406358333 0.33190493834293394
-0.7954615602215422 0.08253916108931085 0.323498249164162
-0.771356664457253 0.08493577811503836 0.31509155998538996
-0.7472517686929641 0.08733239514076586 0.306684870806618
-0.7231468729286749 0.08972901216649337 0.29827818162784603
-0.6990419771643857 0.09212562919222088 0.28987149244907406
-0.6749370814000965 0.0945222462179484 0.28146480327030204
-0.6508321856358072 0.0969188632436759 0.2730581140915301
-0.6267272898715183 0.09931548026940341 0.2646514249127581
-0.602622394107229 0.10171209729513093 0.2562447357339861
-0.5785174983429399 0.10410871432085844 0.24783804655521416
-0.5544126025786507 0.10650533134658595 0.23943135737644217
-0.5303077068143615 0.10890194837231347 0.23102466819767017
-0.5062028110500725 0.11129856539804096 0.2226179790188982
-0.48209791528578316 0.11369518242376848 0.2142112898401262
-0.45799301952149407 0.11609179944949599 0.20580460066135423
-0.4338881237572049 0.1184884164752235 0.19739791148258223
-0.4097832279929157 0.12088503350095102 0.18899122230381024
-0.3856783322286265 0.12328165052667853 0.18058453312503825
-0.36157343646433737 0.12567826755240605 0.17217784394626626
-0.3374685407000483 0.12807488457813354 0.1637711547674943
-0.31336364493575913 0.13047150160386106 0.15536446558872233
-0.28925874917146993 0.13286811862958856 0.14695777640995034
-0.26515385340718073 0.13526473565531608 0.13855108723117834
-0.24104895764289158 0.1376613526810436 0.13014439805240635
-0.2169440618786025 0.1400579697067711 0.12173770887363439
-0.19283916611431332 0.1424545867324986 0.1133310196948624
-0.16873427035002414 0.14485120375822613 0.1049243305160904
-0.14462937458573497 0.14724782078395363 0.09651764133731841
-0.12052447882144579 0.14964443780968115 0.08811095215854642
-0.09641958305715671 0.15204105483540864 0.07970426297977447
-0.07231468729286754 0.15443767186113616 0.07129757380100248
-0.04820979152857836 0.15683428888686368 0.06289088462223048
-0.02410489576428918 0.15923090591259118 0.0544841954434585
0.0 0.1616275229383187 0.046077506264686506
-0.9400909348072772 0.08836289930223562 0.3796980725198797
-0.915986039042988 0.09075951632796313 0.37129138334110773
-0.8918811432786988 0.09315613335369065 0.3628846941623357
-0.8677762475144098 0.09555275037941814 0.35447800498356374
-0.8436713517501206 0.09794936740514566 0.3460713158047918
-0.8195664559858314 0.10034598443087317 0.33766462662601976
-0.7954615602215422 0.10274260145660069 0.3292579374472478
-0.771356664457253 0.1051392184823282 0.3208512482684758
-0.7472517686929641 0.1075358355080557 0.3124445590897038
-0.7231468729286749 0.10993245253378321 0.30403786991093185
-0.6990419771643857 0.11232906955951072 0.2956311807321599
-0.6749370814000965 0.11472568658523824 0.28722449155338786
-0.6508321856358072 0.11712230361096575 0.2788178023746159
-0.6267272898715183 0.11951892063669325 0.27041111319584393
-0.602622394107229 0.12191553766242078 0.2620044240170719
-0.5785174983429399 0.12431215468814828 0.25359773483829995
-0.5544126025786507 0.1267087717138758 0.24519104565952798
-0.5303077068143615 0.1291053887396033 0.236784356480756
-0.5062028110500725 0.1315020057653308 0.22837766730198403
-0.48209791528578316 0.13389862279105832 0.219970978123212
-0.45799301952149407 0.13629523981678585 0.21156428894444004
-0.4338881237572049 0.13869185684251334 0.20315759976566805
-0.4097832279929157 0.14108847386824086 0.19475091058689606
-0.3856783322286265 0.14348509089396838 0.18634422140812407
-0.36157343646433737 0.14588170791969587 0.17793753222935207
-0.3374685407000483 0.1482783249454234 0.1695308430505801
-0.31336364493575913 0.1506749419711509 0.16112415387180815
-0.28925874917146993 0.1530715589968784 0.15271746469303615
-0.26515385340718073 0.15546817602260593 0.14431077551426416
-0.24104895764289158 0.15786479304833342 0.13590408633549217
-0.2169440618786025 0.16026141007406094 0.1274973971567202
-0.19283916611431332 0.16265802709978844 0.11909070797794821
-0.16873427035002414 0.16505464412551596 0.11068401879917622
-0.14462937458573497 0.16745126115124348 0.10227732962040423
-0.12052447882144579 0.169847878176971 0.09387064044163224
-0.09641958305715671 0.1722444952026985 0.08546395126286029
-0.07231468729286754 0.17464111222842602 0.0770572620840883
-0.04820979152857836 0.1770377292541535 0.0686505729053163
-0.02410489576428918 0.17943434627988103 0.06024388372654431
0.0 0.18183096330560855 0.051837194547772324
-0.9400909348072772 0.10856633966952547 0.3854577608029655
-0.915986039042988 0.11096295669525298 0.37705107162419355
-0.8918811432786988 0.1133595737209805 0.3686443824454215
-0.8677762475144098 0.115756190746708 0.36023769326664956
-0.8436713517501206 0.11815280777243552 0.3518310040878776
-0.8195664559858314 0.12054942479816302 0.3434243149091056
-0.7954615602215422 0.12294604182389055 0.3350176257303336
-0.771356664457253 0.12534265884961804 0.3266109365515616
-0.7472517686929641 0.12773927587534556 0.31820424737278963
-0.7231468729286749 0.13013589290107305 0.30979755819401766
-0.6990419771643857 0.13253250992680057 0.3013908690152457
-0.6749370814000965 0.1349291269525281 0.2929841798364737
-0.6508321856358072 0.1373257439782556 0.2845774906577017
-0.6267272898715183 0.1397223610039831 0.27617080147892975
-0.602622394107229 0.14211897802971063 0.26776411230015773
-0.5785174983429399 0.14451559505543812 0.25935742312138577
-0.5544126025786507 0.14691221208116564 0.2509507339426138
-0.5303077068143615 0.14930882910689317 0.2425440447638418
-0.5062028110500725 0.15170544613262066 0.23413735558506985
-0.48209791528578316 0.15410206315834818 0.22573066640629783
-0.45799301952149407 0.15649868018407567 0.21732397722752586
-0.4338881237572049 0.1588952972098032 0.20891728804875387
-0.4097832279929157 0.16129191423553071 0.20051059886998188
-0.3856783322286265 0.1636885312612582 0.19210390969120988
-0.36157343646433737 0.16608514828698573 0.1836972205124379
-0.3374685407000483 0.16848176531271322 0.17529053133366593
-0.31336364493575913 0.17087838233844074 0.16688384215489396
-0.28925874917146993 0.17327499936416826 0.15847715297612197
-0.26515385340718073 0.17567161638989576 0.15007046379734998
-0.24104895764289158 0.17806823341562328 0.141663774618578
-0.2169440618786025 0.18046485044135077 0.13325708543980602
-0.19283916611431332 0.1828614674670783 0.12485039626103403
-0.16873427035002414 0.1852580844928058 0.11644370708226204
-0.14462937458573497 0.1876547015185333 0.10803701790349005
-0.12052447882144579 0.19005131854426083 0.09963032872471805
-0.09641958305715671 0.19244793556998835 0.0912236395459461
-0.07231468729286754 0.19484455259571584 0.08281695036717411
-0.04820979152857836 0.19724116962144336 0.07441026118840212
-0.02410489576428918 0.19963778664717088 0.06600357200963013
0.0 0.20203440367289838 0.057596882830858134
-0.9400909348072772 0.12876978003681527 0.3912174490860513
-0.915986039042988 0.1311663970625428 0.38281075990727936
-0.8918811432786988 0.13356301408827032 0.37440407072850734
-0.8677762475144098 0.1359596311139978 0.3659973815497354
-0.8436713517501206 0.13835624813972533 0.3575906923709634
-0.8195664559858314 0.14075286516545282 0.3491840031921914
-0.7954615602215422 0.14314948219118034 0.34077731401341943
-0.771356664457253 0.14554609921690786 0.3323706248346474
-0.7472517686929641 0.14794271624263536 0.32396393565587545
-0.7231468729286749 0.15033933326836288 0.3155572464771035
-0.6990419771643857 0.15273595029409037 0.3071505572983315
-0.6749370814000965 0.1551325673198179 0.2987438681195595
-0.6508321856358072 0.15752918434554541 0.29033717894078753
-0.6267272898715183 0.1599258013712729 0.28193048976201557
-0.602622394107229 0.16232241839700043 0.27352380058324355
-0.5785174983429399 0.16471903542272795 0.2651171114044716
-0.5544126025786507 0.16711565244845544 0.2567104222256996
-0.5303077068143615 0.16951226947418296 0.2483037330469276
-0.5062028110500725 0.17190888649991046 0.23989704386815563
-0.48209791528578316 0.17430550352563798 0.23149035468938362
-0.45799301952149407 0.1767021205513655 0.22308366551061165
-0.4338881237572049 0.179098737577093 0.21467697633183966
-0.4097832279929157 0.1814953546028205 0.20627028715306767
-0.3856783322286265 0.18389197162854803 0.19786359797429567
-0.36157343646433737 0.18628858865427556 0.18945690879552368
-0.3374685407000483 0.18868520568000305 0.18105021961675175
-0.31336364493575913 0.19108182270573057 0.17264353043797975
-0.28925874917146993 0.19347843973145806 0.16423684125920776
-0.26515385340718073 0.19587505675718558 0.15583015208043577
-0.24104895764289158 0.1982716737829131 0.14742346290166378
-0.2169440618786025 0.2006682908086406 0.13901677372289184
-0.19283916611431332 0.20306490783436812 0.13061008454411985
-0.16873427035002414 0.2054615248600956 0.12220339536534784
-0.14462937458573497 0.20785814188582313 0.11379670618657585
-0.12052447882144579 0.21025475891155065 0.10539001700780386
-0.09641958305715671 0.21265137593727815 0.0969833278290319
-0.07231468729286754 0.21504799296300567 0.08857663865025991
-0.04820979152857836 0.2174446099887332 0.08016994947148792
-0.02410489576428918 0.21984122701446068 0.07176326029271593
0.0 0.2222378440401882 0.06335657111394394
-0.9400909348072772 0.1489732204041051 0.39697713736913715
-0.915986039042988 0.15136983742983262 0.3885704481903652
-0.8918811432786988 0.15376645445556014 0.38016375901159316
-0.8677762475144098 0.15616307148128764 0.3717570698328212
-0.8436713517501206 0.15855968850701516 0.36335038065404923
-0.8195664559858314 0.16095630553274265 0.3549436914752772
-0.7954615602215422 0.16335292255847017 0.34653700229650525
-0.771356664457253 0.1657495395841977 0.3381303131177332
-0.7472517686929641 0.16814615660992518 0.32972362393896126
-0.7231468729286749 0.1705427736356527 0.3213169347601893
-0.6990419771643857 0.1729393906613802 0.3129102455814173
-0.6749370814000965 0.17533600768710772 0.3045035564026453
-0.6508321856358072 0.17773262471283524 0.2960968672238733
-0.6267272898715183 0.18012924173856273 0.2876901780451014
-0.602622394107229 0.18252585876429026 0.2792834888663293
-0.5785174983429399 0.18492247579001775 0.2708767996875574
-0.5544126025786507 0.18731909281574527 0.2624701105087854
-0.5303077068143615 0.1897157098414728 0.2540634213300134
-0.5062028110500725 0.19211232686720028 0.24565673215124145
-0.48209791528578316 0.1945089438929278 0.23725004297246943
-0.45799301952149407 0.19690556091865533 0.22884335379369747
-0.4338881237572049 0.19930217794438282 0.22043666461492548
-0.4097832279929157 0.20169879497011034 0.21202997543615348
-0.3856783322286265 0.20409541199583786 0.2036232862573815
-0.36157343646433737 0.20649202902156535 0.1952165970786095
-0.3374685407000483 0.20888864604729288 0.18680990789983754
-0.31336364493575913 0.21128526307302037 0.17840321872106557
-0.28925874917146993 0.2136818800987479 0.16999652954229358
-0.26515385340718073 0.2160784971244754 0.1615898403635216
-0.24104895764289158 0.2184751141502029 0.1531831511847496
-0.2169440618786025 0.22087173117593042 0.14477646200597763
-0.19283916611431332 0.22326834820165792 0.13636977282720564
-0.16873427035002414 0.22566496522738544 0.12796308364843365
-0.14462937458573497 0.22806158225311296 0.11955639446966167
-0.12052447882144579 0.23045819927884045 0.11114970529088967
-0.09641958305715671 0.23285481630456797 0.10274301611211771
-0.07231468729286754 0.23525143333029547 0.09433632693334572
-0.04820979152857836 0.237648050356023 0.08592963775457373
-0.02410489576428918 0.2400446673817505 0.07752294857580173
0.0 0.24244128440747803 0.06911625939702976
-0.9400909348072772 0.16917666077139498 0.40273682565222296
-0.915986039042988 0.17157327779712248 0.394330136473451
-0.8918811432786988 0.17396989482285 0.385923447294679
-0.8677762475144098 0.1763665118485775 0.377516758115907
-0.8436713517501206 0.178763128874305 0.36911006893713505
-0.8195664559858314 0.18115974590003253 0.36070337975836303
-0.7954615602215422 0.18355636292576005 0.35229669057959107
-0.771356664457253 0.18595297995148755 0.34389000140081905
-0.7472517686929641 0.18834959697721507 0.3354833122220471
-0.7231468729286749 0.19074621400294256 0.3270766230432751
-0.6990419771643857 0.19314283102867008 0.3186699338645031
-0.6749370814000965 0.1955394480543976 0.31026324468573113
-0.6508321856358072 0.1979360650801251 0.3018565555069591
-0.6267272898715183 0.20033268210585262 0.2934498663281872
-0.602622394107229 0.20272929913158014 0.28504317714941513
-0.5785174983429399 0.20512591615730763 0.2766364879706432
-0.5544126025786507 0.20752253318303515 0.2682297987918712
-0.5303077068143615 0.20991915020876264 0.25982310961309923
-0.5062028110500725 0.21231576723449017 0.25141642043432727
-0.48209791528578316 0.2147123842602177 0.24300973125555525
-0.45799301952149407 0.21710900128594518 0.23460304207678329
-0.4338881237572049 0.2195056183116727 0.2261963528980113
-0.4097832279929157 0.2219022353374002 0.2177896637192393
-0.3856783322286265 0.22429885236312772 0.2093829745404673
-0.36157343646433737 0.22669546938885524 0.20097628536169532
-0.3374685407000483 0.22909208641458273 0.19256959618292335
-0.31336364493575913 0.23148870344031025 0.1841629070041514
-0.28925874917146993 0.23388532046603777 0.1757562178253794
-0.26515385340718073 0.23628193749176526 0.1673495286466074
-0.24104895764289158 0.23867855451749279 0.1589428394678354
-0.2169440618786025 0.24107517154322028 0.15053615028906345
-0.19283916611431332 0.2434717885689478 0.14212946111029146
-0.16873427035002414 0.24586840559467532 0.13372277193151946
-0.14462937458573497 0.24826502262040281 0.12531608275274747
-0.12052447882144579 0.25066163964613036 0.11690939357397549
-0.09641958305715671 0.25305825667185783 0.10850270439520353
-0.07231468729286754 0.25545487369758535 0.10009601521643155
-0.04820979152857836 0.25785149072331287 0.09168932603765956
-0.02410489576428918 0.2602481077490404 0.08328263685888757
0.0 0.2626447247747679 0.07487594768011557
-0.9400909348072772 0.18938010113868478 0.4084965139353088
-0.915986039042988 0.1917767181644123 0.4000898247565368
-0.8918811432786988 0.19417333519013982 0.3916831355777648
-0.8677762475144098 0.19656995221586732 0.38327644639899283
-0.8436713517501206 0.19896656924159484 0.37486975722022087
-0.8195664559858314 0.20136318626732233 0.36646306804144885
-0.7954615602215422 0.20375980329304985 0.3580563788626769
-0.771356664457253 0.20615642031877737 0.34964968968390486
-0.7472517686929641 0.20855303734450487 0.3412430005051329
-0.7231468729286749 0.2109496543702324 0.33283631132636093
-0.6990419771643857 0.21334627139595988 0.3244296221475889
-0.6749370814000965 0.2157428884216874 0.31602293296881695
-0.6508321856358072 0.21813950544741492 0.30761624379004493
-0.6267272898715183 0.22053612247314242 0.299209554611273
-0.602622394107229 0.22293273949886994 0.29080286543250095
-0.5785174983429399 0.22532935652459746 0.28239617625372904
-0.5544126025786507 0.22772597355032495 0.273989487074957
-0.5303077068143615 0.23012259057605247 0.26558279789618505
-0.5062028110500725 0.23251920760177996 0.2571761087174131
-0.48209791528578316 0.23491582462750749 0.24876941953864107
-0.45799301952149407 0.237312441653235 0.2403627303598691
-0.4338881237572049 0.2397090586789625 0.2319560411810971
-0.4097832279929157 0.24210567570469002 0.22354935200232512
-0.3856783322286265 0.24450229273041754 0.21514266282355313
-0.36157343646433737 0.24689890975614506 0.20673597364478113
-0.3374685407000483 0.24929552678187256 0.19832928446600917
-0.31336364493575913 0.2516921438076001 0.1899225952872372
-0.28925874917146993 0.2540887608333276 0.1815159061084652
-0.26515385340718073 0.25648537785905506 0.17310921692969322
-0.24104895764289158 0.2588819948847826 0.16470252775092123
-0.2169440618786025 0.2612786119105101 0.15629583857214926
-0.19283916611431332 0.2636752289362376 0.14788914939337727
-0.16873427035002414 0.26607184596196515 0.13948246021460528
-0.14462937458573497 0.2684684629876926 0.1310757710358333
-0.12052447882144579 0.27086508001342013 0.1226690818570613
-0.09641958305715671 0.27326169703914766 0.11426239267828935
-0.07231468729286754 0.2756583140648752 0.10585570349951735
-0.04820979152857836 0.2780549310906027 0.09744901432074536
-0.02410489576428918 0.2804515481163302 0.08904232514197337
0.0 0.2828481651420577 0.08063563596320138
-0.9400909348072772 0.20958354150597466 0.4142562022183946
-0.915986039042988 0.21198015853170216 0.40584951303962263
-0.8918811432786988 0.21437677555742968 0.3974428238608506
-0.8677762475144098 0.21677339258315717 0.38903613468207865
-0.8436713517501206 0.2191700096088847 0.3806294455033067
-0.8195664559858314 0.2215666266346122 0.37222275632453466
-0.7954615602215422 0.22396324366033973 0.3638160671457627
-0.771356664457253 0.22635986068606723 0.3554093779669907
-0.7472517686929641 0.22875647771179475 0.3470026887882187
-0.7231468729286749 0.23115309473752224 0.33859599960944675
-0.6990419771643857 0.23354971176324976 0.33018931043067473
-0.6749370814000965 0.23594632878897728 0.32178262125190277
-0.6508321856358072 0.23834294581470478 0.31337593207313075
-0.6267272898715183 0.2407395628404323 0.30496924289435884
-0.602622394107229 0.24313617986615982 0.29656255371558676
-0.5785174983429399 0.2455327968918873 0.28815586453681485
-0.5544126025786507 0.24792941391761483 0.27974917535804283
-0.5303077068143615 0.2503260309433423 0.27134248617927087
-0.5062028110500725 0.25272264796906985 0.2629357970004989
-0.48209791528578316 0.25511926499479737 0.2545291078217269
-0.45799301952149407 0.2575158820205249 0.24612241864295492
-0.4338881237572049 0.25991249904625235 0.23771572946418293
-0.4097832279929157 0.2623091160719799 0.22930904028541094
-0.3856783322286265 0.2647057330977074 0.22090235110663894
-0.36157343646433737 0.2671023501234349 0.21249566192786695
-0.3374685407000483 0.26949896714916244 0.204088972749095
-0.31336364493575913 0.27189558417488996 0.19568228357032302
-0.28925874917146993 0.2742922012006174 0.18727559439155103
-0.26515385340718073 0.27668881822634495 0.17886890521277904
-0.24104895764289158 0.27908543525207247 0.17046221603400705
-0.2169440618786025 0.2814820522778 0.16205552685523508
-0.19283916611431332 0.2838786693035275 0.1536488376764631
-0.16873427035002414 0.286275286329255 0.1452421484976911
-0.14462937458573497 0.2886719033549825 0.1368354593189191
-0.12052447882144579 0.29106852038071 0.1284287701401471
-0.09641958305715671 0.29346513740643754 0.12002208096137516
-0.07231468729286754 0.29586175443216506 0.11161539178260317
-0.04820979152857836 0.2982583714578926 0.10320870260383118
-0.02410489576428918 0.30065498848362004 0.09480201342505919
0.0 0.30305160550934757 0.08639532424628721
-0.9400909348072772 0.2297869818732645 0.4200158905014804
-0.915986039042988 0.23218359889899198 0.41160920132270845
-0.8918811432786988 0.2345802159247195 0.40320251214393643
-0.8677762475144098 0.236976832950447 0.39479582296516447
-0.8436713517501206 0.23937344997617452 0.3863891337863925
-0.8195664559858314 0.24177006700190204 0.3779824446076205
-0.7954615602215422 0.24416668402762956 0.3695757554288485
-0.771356664457253 0.24656330105335705 0.3611690662500765
-0.7472517686929641 0.24895991807908457 0.35276237707130453
-0.7231468729286749 0.2513565351048121 0.34435568789253257
-0.6990419771643857 0.25375315213053956 0.33594899871376055
-0.6749370814000965 0.2561497691562671 0.3275423095349886
-0.6508321856358072 0.2585463861819946 0.31913562035621656
-0.6267272898715183 0.2609430032077221 0.31072893117744466
-0.602622394107229 0.26333962023344964 0.3023222419986726
-0.5785174983429399 0.2657362372591771 0.29391555281990067
-0.5544126025786507 0.26813285428490463 0.28550886364112865
-0.5303077068143615 0.27052947131063215 0.2771021744623567
-0.5062028110500725 0.2729260883363597 0.2686954852835847
-0.48209791528578316 0.2753227053620872 0.2602887961048127
-0.45799301952149407 0.2777193223878147 0.25188210692604074
-0.4338881237572049 0.2801159394135422 0.24347541774726872
-0.4097832279929157 0.2825125564392697 0.23506872856849673
-0.3856783322286265 0.2849091734649972 0.22666203938972473
-0.36157343646433737 0.28730579049072474 0.21825535021095274
-0.3374685407000483 0.28970240751645226 0.2098486610321808
-0.31336364493575913 0.29209902454217973 0.2014419718534088
-0.28925874917146993 0.29449564156790725 0.19303528267463682
-0.26515385340718073 0.2968922585936348 0.18462859349586483
-0.24104895764289158 0.2992888756193623 0.17622190431709284
-0.2169440618786025 0.3016854926450898 0.1678152151383209
-0.19283916611431332 0.3040821096708173 0.1594085259595489
-0.16873427035002414 0.3064787266965448 0.15100183678077692
-0.14462937458573497 0.3088753437222723 0.14259514760200492
-0.12052447882144579 0.31127196074799984 0.13418845842323293
-0.09641958305715671 0.31366857777372736 0.12578176924446097
-0.07231468729286754 0.31606519479945483 0.11737508006568899
-0.04820979152857836 0.31846181182518235 0.108968390886917
-0.02410489576428918 0.32085842885090987 0.100561701708145
0.0 0.3232550458766374 0.09215501252937301
-0.9400909348072772 0.2499904222405543 0.42577557878456623
-0.915986039042988 0.2523870392662818 0.41736888960579427
-0.8918811432786988 0.25478365629200933 0.40896220042702225
-0.8677762475144098 0.2571802733177368 0.4005555112482503
-0.8436713517501206 0.2595768903434643 0.3921488220694783
-0.8195664559858314 0.26197350736919184 0.3837421328907063
-0.7954615602215422 0.26437012439491936 0.37533544371193434
-0.771356664457253 0.2667667414206469 0.3669287545331623
-0.7472517686929641 0.2691633584463744 0.35852206535439035
-0.7231468729286749 0.27155997547210187 0.3501153761756184
-0.6990419771643857 0.2739565924978294 0.34170868699684637
-0.6749370814000965 0.2763532095235569 0.3333019978180744
-0.6508321856358072 0.27874982654928443 0.3248953086393024
-0.6267272898715183 0.28114644357501195 0.3164886194605305
-0.602622394107229 0.28354306060073947 0.3080819302817584
-0.5785174983429399 0.28593967762646694 0.2996752411029865
-0.5544126025786507 0.28833629465219446 0.29126855192421447
-0.5303077068143615 0.290732911677922 0.2828618627454425
-0.5062028110500725 0.2931295287036495 0.27445517356667054
-0.48209791528578316 0.295526145729377 0.2660484843878985
-0.45799301952149407 0.2979227627551045 0.25764179520912656
-0.4338881237572049 0.300319379780832 0.24923510603035454
-0.4097832279929157 0.30271599680655953 0.24082841685158254
-0.3856783322286265 0.30511261383228705 0.23242172767281055
-0.36157343646433737 0.30750923085801457 0.22401503849403856
-0.3374685407000483 0.30990584788374204 0.21560834931526662
-0.31336364493575913 0.31230246490946956 0.20720166013649463
-0.28925874917146993 0.3146990819351971 0.19879497095772264
-0.26515385340718073 0.3170956989609246 0.19038828177895065
-0.24104895764289158 0.3194923159866521 0.18198159260017865
-0.2169440618786025 0.3218889330123796 0.17357490342140672
-0.19283916611431332 0.3242855500381071 0.16516821424263473
-0.16873427035002414 0.3266821670638346 0.1567615250638627
-0.14462937458573497 0.32907878408956215 0.14835483588509074
-0.12052447882144579 0.33147540111528967 0.13994814670631875
-0.09641958305715671 0.33387201814101714 0.13154145752754678
-0.07231468729286754 0.33626863516674466 0.12313476834877479
-0.04820979152857836 0.3386652521924722 0.1147280791700028
-0.02410489576428918 0.3410618692181997 0.10632138999123081
0.0 0.3434584862439272 0.09791470081245882
-0.9400909348072772 0.27019386260784417 0.43153526706765205
-0.915986039042988 0.2725904796335717 0.4231285778888801
-0.8918811432786988 0.2749870966592992 0.41472188871010807
-0.8677762475144098 0.2773837136850267 0.4063151995313361
-0.8436713517501206 0.2797803307107542 0.39790851035256414
-0.8195664559858314 0.2821769477364817 0.3895018211737921
-0.7954615602215422 0.28457356476220924 0.38109513199502015
-0.771356664457253 0.28697018178793676 0.37268844281624813
-0.7472517686929641 0.2893667988136642 0.36428175363747617
-0.7231468729286749 0.29176341583939175 0.3558750644587042
-0.6990419771643857 0.29416003286511927 0.3474683752799322
-0.6749370814000965 0.2965566498908468 0.3390616861011602
-0.6508321856358072 0.2989532669165743 0.3306549969223882
-0.6267272898715183 0.3013498839423018 0.3222483077436163
-0.602622394107229 0.3037465009680293 0.3138416185648442
-0.5785174983429399 0.3061431179937568 0.3054349293860723
-0.5544126025786507 0.30853973501948434 0.2970282402073003
-0.5303077068143615 0.31093635204521186 0.2886215510285283
-0.5062028110500725 0.3133329690709393 0.28021486184975636
-0.48209791528578316 0.31572958609666685 0.27180817267098434
-0.45799301952149407 0.31812620312239437 0.2634014834922124
-0.4338881237572049 0.3205228201481219 0.25499479431344035
-0.4097832279929157 0.3229194371738494 0.24658810513466836
-0.3856783322286265 0.32531605419957693 0.23818141595589637
-0.36157343646433737 0.32771267122530445 0.22977472677712438
-0.3374685407000483 0.3301092882510319 0.22136803759835244
-0.31336364493575913 0.33250590527675944 0.21296134841958045
-0.28925874917146993 0.33490252230248696 0.20455465924080846
-0.26515385340718073 0.3372991393282145 0.19614797006203646
-0.24104895764289158 0.339695756353942 0.18774128088326447
-0.2169440618786025 0.34209237337966947 0.17933459170449254
-0.19283916611431332 0.344488990405397 0.17092790252572054
-0.16873427035002414 0.3468856074311245 0.16252121334694855
-0.14462937458573497 0.34928222445685203 0.15411452416817656
-0.12052447882144579 0.35167884148257955 0.14570783498940457
-0.09641958305715671 0.354075458508307 0.1373011458106326
-0.07231468729286754 0.35647207553403454 0.1288944566318606
-0.04820979152857836 0.35886869255976206 0.12048776745308862
-0.02410489576428918 0.3612653095854896 0.11208107827431663
0.0 0.3636619266112171 0.10367438909554465
-0.9400909348072772 0.290397302975134 0.4372949553507378
-0.915986039042988 0.29279392000086146 0.42888826617196585
-0.8918811432786988 0.295190537026589 0.42048157699319383
-0.8677762475144098 0.2975871540523165 0.41207488781442186
-0.8436713517501206 0.299983771078044 0.4036681986356499
-0.8195664559858314 0.30238038810377155 0.3952615094568779
-0.7954615602215422 0.30477700512949907 0.3868548202781059
-0.771356664457253 0.30717362215522653 0.3784481310993339
-0.7472517686929641 0.30957023918095405 0.37004144192056193
-0.7231468729286749 0.3119668562066816 0.36163475274178997
-0.6990419771643857 0.3143634732324091 0.353228063563018
-0.6749370814000965 0.3167600902581366 0.344821374384246
-0.6508321856358072 0.3191567072838641 0.336414685205474
-0.6267272898715183 0.3215533243095916 0.32800799602670205
-0.602622394107229 0.3239499413353191 0.31960130684793003
-0.5785174983429399 0.32634655836104665 0.31119461766915807
-0.5544126025786507 0.32874317538677417 0.3027879284903861
-0.5303077068143615 0.3311397924125017 0.2943812393116141
-0.5062028110500725 0.33353640943822915 0.2859745501328421
-0.48209791528578316 0.3359330264639567 0.2775678609540701
-0.45799301952149407 0.3383296434896842 0.26916117177529814
-0.4338881237572049 0.3407262605154117 0.26075448259652617
-0.4097832279929157 0.34312287754113924 0.25234779341775415
-0.3856783322286265 0.3455194945668667 0.2439411042389822
-0.36157343646433737 0.3479161115925942 0.2355344150602102
-0.3374685407000483 0.35031272861832174 0.22712772588143823
-0.31336364493575913 0.35270934564404927 0.21872103670266627
-0.28925874917146993 0.3551059626697768 0.21031434752389427
-0.26515385340718073 0.3575025796955043 0.20190765834512228
-0.24104895764289158 0.3598991967212318 0.1935009691663503
-0.2169440618786025 0.3622958137469593 0.18509427998757833
-0.19283916611431332 0.3646924307726868 0.17668759080880633
-0.16873427035002414 0.36708904779841434 0.16828090163003434
-0.14462937458573497 0.36948566482414186 0.15987421245126235
-0.12052447882144579 0.3718822818498693 0.15146752327249036
-0.09641958305715671 0.37427889887559684 0.14306083409371842
-0.07231468729286754 0.37667551590132436 0.13465414491494643
-0.04820979152857836 0.3790721329270519 0.12624745573617444
-0.02410489576428918 0.3814687499527794 0.11784076655740244
0.0 0.3838653669785069 0.10943407737863045
-0.9400909348072772 0.3106007433424239 0.4430546436338237
-0.915986039042988 0.31299736036815134 0.4346479544550517
-0.8918811432786988 0.31539397739387887 0.4262412652762797
-0.8677762475144098 0.3177905944196064 0.41783457609750774
-0.8436713517501206 0.3201872114453339 0.4094278869187358
-0.8195664559858314 0.32258382847106143 0.40102119773996375
-0.7954615602215422 0.32498044549678895 0.3926145085611918
-0.771356664457253 0.3273770625225164 0.38420781938241977
-0.7472517686929641 0.32977367954824394 0.3758011302036478
-0.7231468729286749 0.33217029657397146 0.36739444102487584
-0.6990419771643857 0.334566913599699 0.3589877518461038
-0.6749370814000965 0.3369635306254265 0.35058106266733186
-0.6508321856358072 0.33936014765115396 0.34217437348855984
-0.6267272898715183 0.3417567646768815 0.3337676843097879
-0.602622394107229 0.344153381702609 0.32536099513101585
-0.5785174983429399 0.34654999872833653 0.31695430595224394
-0.5544126025786507 0.34894661575406405 0.3085476167734719
-0.5303077068143615 0.3513432327797915 0.30014092759469996
-0.5062028110500725 0.35373984980551904 0.291734238415928
-0.48209791528578316 0.35613646683124656 0.283327549237156
-0.45799301952149407 0.3585330838569741 0.274920860058384
-0.4338881237572049 0.3609297008827016 0.266514170879612
-0.4097832279929157 0.36332631790842906 0.25810748170084
-0.3856783322286265 0.3657229349341566 0.249700792522068
-0.36157343646433737 0.3681195519598841 0.241294103343296
-0.3374685407000483 0.3705161689856116 0.23288741416452408
-0.31336364493575913 0.37291278601133915 0.22448072498575208
-0.28925874917146993 0.3753094030370666 0.2160740358069801
-0.26515385340718073 0.37770602006279413 0.2076673466282081
-0.24104895764289158 0.38010263708852166 0.1992606574494361
-0.2169440618786025 0.3824992541142492 0.19085396827066417
-0.19283916611431332 0.3848958711399767 0.18244727909189218
-0.16873427035002414 0.3872924881657042 0.17404058991312016
-0.14462937458573497 0.3896891051914317 0.1656339007343482
-0.12052447882144579 0.3920857222171592 0.1572272115555762
-0.09641958305715671 0.3944823392428867 0.14882052237680424
-0.07231468729286754 0.39687895626861425 0.14041383319803225
-0.04820979152857836 0.39927557329434177 0.13200714401926025
-0.02410489576428918 0.40167219032006923 0.12360045484048826
0.0 0.40406880734579675 0.11519376566171627
-0.9400909348072772 0.33080418370971365 0.44881433191690945
-0.915986039042988 0.33320080073544117 0.4404076427381375
-0.8918811432786988 0.3355974177611687 0.43200095355936546
-0.8677762475144098 0.3379940347868962 0.4235942643805935
-0.8436713517501206 0.34039065181262373 0.41518757520182153
-0.8195664559858314 0.3427872688383512 0.4067808860230495
-0.7954615602215422 0.3451838858640787 0.39837419684427755
-0.771356664457253 0.34758050288980624 0.38996750766550553
-0.7472517686929641 0.34997711991553376 0.38156081848673357
-0.7231468729286749 0.3523737369412613 0.3731541293079616
-0.6990419771643857 0.35477035396698875 0.36474744012918964
-0.6749370814000965 0.35716697099271627 0.3563407509504176
-0.6508321856358072 0.3595635880184438 0.34793406177164565
-0.6267272898715183 0.3619602050441713 0.3395273725928737
-0.602622394107229 0.36435682206989883 0.33112068341410167
-0.5785174983429399 0.3667534390956263 0.3227139942353297
-0.5544126025786507 0.3691500561213538 0.31430730505655774
-0.5303077068143615 0.37154667314708134 0.3059006158777857
-0.5062028110500725 0.37394329017280886 0.29749392669901376
-0.48209791528578316 0.3763399071985364 0.28908723752024174
-0.45799301952149407 0.3787365242242639 0.28068054834146977
-0.4338881237572049 0.38113314124999137 0.2722738591626978
-0.4097832279929157 0.3835297582757189 0.2638671699839258
-0.3856783322286265 0.3859263753014464 0.2554604808051538
-0.36157343646433737 0.38832299232717393 0.24705379162638183
-0.3374685407000483 0.39071960935290145 0.23864710244760987
-0.31336364493575913 0.3931162263786289 0.2302404132688379
-0.28925874917146993 0.39551284340435644 0.2218337240900659
-0.26515385340718073 0.39790946043008396 0.21342703491129392
-0.24104895764289158 0.4003060774558115 0.20502034573252192
-0.2169440618786025 0.402702694481539 0.19661365655374996
-0.19283916611431332 0.40509931150726647 0.18820696737497797
-0.16873427035002414 0.407495928532994 0.17980027819620598
-0.14462937458573497 0.4098925455587215 0.17139358901743398
-0.12052447882144579 0.41228916258444903 0.162986899838662
-0.09641958305715671 0.41468577961017655 0.15458021065989003
-0.07231468729286754 0.4170823966359041 0.14617352148111806
-0.04820979152857836 0.41947901366163154 0.13776683230234607
-0.02410489576428918 0.42187563068735906 0.12936014312357408
0.0 0.4242722477130866 0.12095345394480207
-0.9400909348072772 0.3510076240770035 0.45457402019999527
-0.915986039042988 0.353404241102731 0.4461673310212233
-0.8918811432786988 0.3558008581284585 0.4377606418424513
-0.8677762475144098 0.358197475154186 0.4293539526636793
-0.8436713517501206 0.3605940921799135 0.42094726348490735
-0.8195664559858314 0.362990709205641 0.41254057430613533
-0.7954615602215422 0.36538732623136855 0.40413388512736337
-0.771356664457253 0.36778394325709607 0.39572719594859135
-0.7472517686929641 0.3701805602828236 0.3873205067698194
-0.7231468729286749 0.37257717730855106 0.3789138175910474
-0.6990419771643857 0.3749737943342786 0.37050712841227545
-0.6749370814000965 0.3773704113600061 0.36210043923350343
-0.6508321856358072 0.3797670283857336 0.35369375005473147
-0.6267272898715183 0.38216364541146114 0.3452870608759595
-0.602622394107229 0.38456026243718866 0.3368803716971875
-0.5785174983429399 0.3869568794629161 0.3284736825184155
-0.5544126025786507 0.38935349648864365 0.32006699333964356
-0.5303077068143615 0.39175011351437117 0.31166030416087154
-0.5062028110500725 0.3941467305400987 0.3032536149820996
-0.48209791528578316 0.3965433475658262 0.29484692580332755
-0.45799301952149407 0.3989399645915537 0.2864402366245556
-0.4338881237572049 0.4013365816172812 0.2780335474457836
-0.4097832279929157 0.4037331986430087 0.2696268582670116
-0.3856783322286265 0.40612981566873624 0.26122016908823964
-0.36157343646433737 0.40852643269446376 0.2528134799094676
-0.3374685407000483 0.4109230497201912 0.24440679073069568
-0.31336364493575913 0.41331966674591875 0.2360001015519237
-0.28925874917146993 0.41571628377164627 0.2275934123731517
-0.26515385340718073 0.4181129007973738 0.2191867231943797
-0.24104895764289158 0.4205095178231013 0.21078003401560771
-0.2169440618786025 0.4229061348488288 0.20237334483683578
-0.19283916611431332 0.4253027518745563 0.19396665565806379
-0.16873427035002414 0.4276993689002838 0.1855599664792918
-0.14462937458573497 0.43009598592601134 0.1771532773005198
-0.12052447882144579 0.43249260295173886 0.1687465881217478
-0.09641958305715671 0.4348892199774664 0.16033989894297584
-0.07231468729286754 0.43728583700319384 0.15193320976420385
-0.04820979152857836 0.43968245402892137 0.14352652058543186
-0.02410489576428918 0.4420790710546489 0.13511983140665987
0.0 0.4444756880803764 0.12671314222788788
-0.9400909348072772 0.37121106444429336 0.4603337084830811
-0.915986039042988 0.3736076814700209 0.4519270193043091
-0.8918811432786988 0.3760042984957484 0.4435203301255371
-0.8677762475144098 0.37840091552147587 0.43511364094676513
-0.8436713517501206 0.3807975325472034 0.42670695176799317
-0.8195664559858314 0.3831941495729309 0.41830026258922115
-0.7954615602215422 0.38559076659865843 0.4098935734104492
-0.771356664457253 0.38798738362438595 0.40148688423167717
-0.7472517686929641 0.3903840006501134 0.3930801950529052
-0.7231468729286749 0.39278061767584094 0.38467350587413324
-0.6990419771643857 0.39517723470156846 0.3762668166953613
-0.6749370814000965 0.397573851727296 0.36786012751658925
-0.6508321856358072 0.3999704687530235 0.3594534383378173
-0.6267272898715183 0.40236708577875097 0.3510467491590453
-0.602622394107229 0.4047637028044785 0.3426400599802733
-0.5785174983429399 0.407160319830206 0.33423337080150134
-0.5544126025786507 0.40955693685593353 0.3258266816227294
-0.5303077068143615 0.41195355388166105 0.31741999244395736
-0.5062028110500725 0.4143501709073885 0.3090133032651854
-0.48209791528578316 0.41674678793311604 0.30060661408641337
-0.45799301952149407 0.41914340495884356 0.2921999249076414
-0.4338881237572049 0.4215400219845711 0.28379323572886944
-0.4097832279929157 0.4239366390102986 0.2753865465500974
-0.3856783322286265 0.4263332560360261 0.26697985737132546
-0.36157343646433737 0.42872987306175364 0.25857316819255344
-0.3374685407000483 0.4311264900874811 0.25016647901378153
-0.31336364493575913 0.43352310711320863 0.24175978983500954
-0.28925874917146993 0.43591972413893615 0.23335310065623754
-0.26515385340718073 0.43831634116466367 0.22494641147746555
-0.24104895764289158 0.4407129581903912 0.21653972229869356
-0.2169440618786025 0.44310957521611866 0.2081330331199216
-0.19283916611431332 0.4455061922418462 0.1997263439411496
-0.16873427035002414 0.4479028092675737 0.1913196547623776
-0.14462937458573497 0.4502994262933012 0.18291296558360562
-0.12052447882144579 0.45269604331902874 0.17450627640483363
-0.09641958305715671 0.4550926603447562 0.16609958722606166
-0.07231468729286754 0.4574892773704837 0.15769289804728967
-0.04820979152857836 0.45988589439621125 0.14928620886851768
-0.02410489576428918 0.46228251142193877 0.14087951968974569
0.0 0.4646791284476663 0.13247283051097372
-0.9400909348072772 0.39141450481158313 0.4660933967661669
-0.915986039042988 0.39381112183731065 0.45768670758739494
-0.8918811432786988 0.3962077388630382 0.4492800184086229
-0.8677762475144098 0.39860435588876564 0.44087332922985095
-0.8436713517501206 0.40100097291449316 0.432466640051079
-0.8195664559858314 0.4033975899402207 0.42405995087230697
-0.7954615602215422 0.4057942069659482 0.415653261693535
-0.771356664457253 0.4081908239916757 0.407246572514763
-0.7472517686929641 0.4105874410174032 0.398839883335991
-0.7231468729286749 0.4129840580431307 0.39043319415721905
-0.6990419771643857 0.41538067506885823 0.38202650497844703
-0.6749370814000965 0.41777729209458575 0.37361981579967507
-0.6508321856358072 0.42017390912031327 0.36521312662090305
-0.6267272898715183 0.42257052614604074 0.35680643744213114
-0.602622394107229 0.42496714317176826 0.34839974826335907
-0.5785174983429399 0.4273637601974958 0.33999305908458716
-0.5544126025786507 0.4297603772232233 0.33158636990581514
-0.5303077068143615 0.4321569942489508 0.3231796807270432
-0.5062028110500725 0.4345536112746783 0.3147729915482712
-0.48209791528578316 0.4369502283004058 0.3063663023694992
-0.45799301952149407 0.43934684532613333 0.2979596131907272
-0.4338881237572049 0.44174346235186085 0.2895529240119552
-0.4097832279929157 0.44414007937758837 0.28114623483318324
-0.3856783322286265 0.4465366964033159 0.2727395456544112
-0.36157343646433737 0.44893331342904336 0.26433285647563926
-0.3374685407000483 0.4513299304547709 0.2559261672968673
-0.31336364493575913 0.4537265474804984 0.24751947811809533
-0.28925874917146993 0.4561231645062259 0.23911278893932333
-0.26515385340718073 0.45851978153195344 0.23070609976055134
-0.24104895764289158 0.4609163985576809 0.22229941058177935
-0.2169440618786025 0.4633130155834084 0.21389272140300739
-0.19283916611431332 0.46570963260913595 0.2054860322242354
-0.16873427035002414 0.46810624963486347 0.1970793430454634
-0.14462937458573497 0.470502866660591 0.1886726538666914
-0.12052447882144579 0.4728994836863185 0.18026596468791942
-0.09641958305715671 0.475296100712046 0.17185927550914745
-0.07231468729286754 0.4776927177377735 0.16345258633037546
-0.04820979152857836 0.480089334763501 0.15504589715160347
-0.02410489576428918 0.48248595178922854 0.1466392079728315
0.0 0.48488256881495606 0.1382325187940595
-0.9400909348072772 0.411617945178873 0.4718530850492527
-0.915986039042988 0.4140145622046005 0.46344639587048075
-0.8918811432786988 0.416411179230328 0.45503970669170873
-0.8677762475144098 0.4188077962560555 0.44663301751293677
-0.8436713517501206 0.42120441328178304 0.4382263283341648
-0.8195664559858314 0.42360103030751056 0.4298196391553928
-0.7954615602215422 0.4259976473332381 0.4214129499766208
-0.771356664457253 0.42839426435896555 0.4130062607978488
-0.7472517686929641 0.43079088138469307 0.40459957161907684
-0.7231468729286749 0.4331874984104206 0.39619288244030487
-0.6990419771643857 0.4355841154361481 0.38778619326153285
-0.6749370814000965 0.43798073246187563 0.3793795040827609
-0.6508321856358072 0.4403773494876031 0.37097281490398887
-0.6267272898715183 0.4427739665133306 0.36256612572521696
-0.602622394107229 0.44517058353905814 0.3541594365464449
-0.5785174983429399 0.44756720056478566 0.345752747367673
-0.5544126025786507 0.4499638175905132 0.33734605818890095
-0.5303077068143615 0.45236043461624065 0.328939369010129
-0.5062028110500725 0.45475705164196817 0.320532679831357
-0.48209791528578316 0.4571536686676957 0.312125990652585
-0.45799301952149407 0.4595502856934232 0.30371930147381304
-0.4338881237572049 0.46194690271915073 0.295312612295041
-0.4097832279929157 0.4643435197448782 0.28690592311626906
-0.3856783322286265 0.4667401367706057 0.27849923393749704
-0.36157343646433737 0.46913675379633324 0.2700925447587251
-0.3374685407000483 0.47153337082206076 0.2616858555799531
-0.31336364493575913 0.4739299878477883 0.25327916640118114
-0.28925874917146993 0.4763266048735158 0.24487247722240915
-0.26515385340718073 0.47872322189924327 0.23646578804363716
-0.24104895764289158 0.4811198389249708 0.22805909886486517
-0.2169440618786025 0.4835164559506983 0.2196524096860932
-0.19283916611431332 0.48591307297642583 0.2112457205073212
-0.16873427035002414 0.48830969000215335 0.20283903132854922
-0.14462937458573497 0.4907063070278808 0.19443234214977723
-0.12052447882144579 0.49310292405360834 0.18602565297100523
-0.09641958305715671 0.49549954107933586 0.1776189637922333
-0.07231468729286754 0.4978961581050634 0.1692122746134613
-0.04820979152857836 0.5002927751307908 0.1608055854346893
-0.02410489576428918 0.5026893921565184 0.15239889625591732
0.0 0.5050860091822459 0.14399220707714533
-0.9400909348072772 0.43182138554616284 0.47761277333233854
-0.915986039042988 0.43421800257189036 0.46920608415356657
-0.8918811432786988 0.4366146195976179 0.46079939497479455
-0.8677762475144098 0.4390112366233454 0.4523927057960226
-0.8436713517501206 0.4414078536490729 0.4439860166172506
-0.8195664559858314 0.4438044706748004 0.4355793274384786
-0.7954615602215422 0.4462010877005279 0.42717263825970664
-0.771356664457253 0.44859770472625543 0.4187659490809346
-0.7472517686929641 0.45099432175198295 0.41035925990216265
-0.7231468729286749 0.4533909387777105 0.4019525707233907
-0.6990419771643857 0.45578755580343794 0.39354588154461867
-0.6749370814000965 0.45818417282916546 0.3851391923658467
-0.6508321856358072 0.460580789854893 0.3767325031870747
-0.6267272898715183 0.4629774068806205 0.3683258140083028
-0.602622394107229 0.465374023906348 0.3599191248295307
-0.5785174983429399 0.46777064093207554 0.3515124356507588
-0.5544126025786507 0.470167257957803 0.34310574647198677
-0.5303077068143615 0.47256387498353053 0.3346990572932148
-0.5062028110500725 0.47496049200925805 0.32629236811444284
-0.48209791528578316 0.47735710903498557 0.3178856789356708
-0.45799301952149407 0.4797537260607131 0.30947898975689886
-0.4338881237572049 0.48215034308644056 0.30107230057812684
-0.4097832279929157 0.4845469601121681 0.2926656113993549
-0.3856783322286265 0.4869435771378956 0.28425892222058285
-0.36157343646433737 0.4893401941636231 0.2758522330418109
-0.3374685407000483 0.49173681118935064 0.2674455438630389
-0.31336364493575913 0.49413342821507816 0.25903885468426696
-0.28925874917146993 0.49653004524080563 0.25063216550549494
-0.26515385340718073 0.49892666226653315 0.24222547632672298
-0.24104895764289158 0.5013232792922607 0.23381878714795098
-0.2169440618786025 0.5037198963179882 0.22541209796917902
-0.19283916611431332 0.5061165133437157 0.21700540879040703
-0.16873427035002414 0.5085131303694432 0.20859871961163504
-0.14462937458573497 0.5109097473951707 0.20019203043286304
-0.12052447882144579 0.5133063644208983 0.19178534125409105
-0.09641958305715671 0.5157029814466257 0.18337865207531912
-0.07231468729286754 0.5180995984723532 0.17497196289654712
-0.04820979152857836 0.5204962154980808 0.16656527371777513
-0.02410489576428918 0.5228928325238082 0.15815858453900314
0.0 0.5252894495495358 0.14975189536023115
-0.9400909348072772 0.4520248259134527 0.48337246161542435
-0.915986039042988 0.45442144293918024 0.4749657724366524
-0.8918811432786988 0.45681805996490776 0.46655908325788037
-0.8677762475144098 0.45921467699063523 0.4581523940791084
-0.8436713517501206 0.46161129401636275 0.44974570490033644
-0.8195664559858314 0.46400791104209027 0.4413390157215644
-0.7954615602215422 0.4664045280678178 0.43293232654279246
-0.771356664457253 0.4688011450935453 0.42452563736402044
-0.7472517686929641 0.47119776211927283 0.41611894818524847
-0.7231468729286749 0.4735943791450003 0.4077122590064765
-0.6990419771643857 0.4759909961707278 0.39930556982770454
-0.6749370814000965 0.47838761319645534 0.3908988806489325
-0.6508321856358072 0.48078423022218286 0.38249219147016056
-0.6267272898715183 0.4831808472479104 0.3740855022913886
-0.602622394107229 0.4855774642736379 0.3656788131126166
-0.5785174983429399 0.48797408129936537 0.3572721239338446
-0.5544126025786507 0.4903706983250929 0.34886543475507265
-0.5303077068143615 0.4927673153508204 0.3404587455763006
-0.5062028110500725 0.49516393237654793 0.33205205639752866
-0.48209791528578316 0.49756054940227545 0.32364536721875664
-0.45799301952149407 0.4999571664280029 0.3152386780399847
-0.4338881237572049 0.5023537834537305 0.3068319888612127
-0.4097832279929157 0.504750400479458 0.2984252996824407
-0.3856783322286265 0.5071470175051854 0.29001861050366873
-0.36157343646433737 0.509543634530913 0.2816119213248967
-0.3374685407000483 0.5119402515566405 0.27320523214612474
-0.31336364493575913 0.514336868582368 0.2647985429673528
-0.28925874917146993 0.5167334856080955 0.2563918537885808
-0.26515385340718073 0.5191301026338231 0.2479851646098088
-0.24104895764289158 0.5215267196595506 0.2395784754310368
-0.2169440618786025 0.523923336685278 0.23117178625226487
-0.19283916611431332 0.5263199537110056 0.22276509707349287
-0.16873427035002414 0.5287165707367331 0.21435840789472085
-0.14462937458573497 0.5311131877624606 0.2059517187159489
-0.12052447882144579 0.5335098047881881 0.1975450295371769
-0.09641958305715671 0.5359064218139156 0.18913834035840493
-0.07231468729286754 0.5383030388396431 0.18073165117963294
-0.04820979152857836 0.5406996558653706 0.17232496200086095
-0.02410489576428918 0.5430962728910982 0.16391827282208896
0.0 0.5454928899168257 0.15551158364331696
-0.9400909348072772 0.4722282662807425 0.48913214989851017
-0.915986039042988 0.47462488330647 0.4807254607197382
-0.8918811432786988 0.47702150033219753 0.4723187715409662
-0.8677762475144098 0.479418117357925 0.4639120823621942
-0.8436713517501206 0.4818147343836525 0.45550539318342226
-0.8195664559858314 0.48421135140938004 0.44709870400465024
-0.7954615602215422 0.48660796843510756 0.4386920148258783
-0.771356664457253 0.4890045854608351 0.43028532564710625
-0.7472517686929641 0.4914012024865626 0.4218786364683343
-0.7231468729286749 0.49379781951229007 0.4134719472895623
-0.6990419771643857 0.4961944365380176 0.4050652581107903
-0.6749370814000965 0.4985910535637451 0.39665856893201834
-0.6508321856358072 0.5009876705894726 0.3882518797532463
-0.6267272898715183 0.5033842876152002 0.3798451905744744
-0.602622394107229 0.5057809046409276 0.37143850139570234
-0.5785174983429399 0.5081775216666552 0.3630318122169304
-0.5544126025786507 0.5105741386923827 0.3546251230381584
-0.5303077068143615 0.5129707557181101 0.34621843385938644
-0.5062028110500725 0.5153673727438377 0.3378117446806145
-0.48209791528578316 0.5177639897695652 0.32940505550184246
-0.45799301952149407 0.5201606067952927 0.3209983663230705
-0.4338881237572049 0.5225572238210202 0.3125916771442985
-0.4097832279929157 0.5249538408467477 0.3041849879655265
-0.3856783322286265 0.5273504578724753 0.2957782987867545
-0.36157343646433737 0.5297470748982027 0.2873716096079825
-0.3374685407000483 0.5321436919239303 0.27896492042921056
-0.31336364493575913 0.5345403089496578 0.2705582312504386
-0.28925874917146993 0.5369369259753852 0.2621515420716666
-0.26515385340718073 0.5393335430011128 0.2537448528928946
-0.24104895764289158 0.5417301600268403 0.2453381637141226
-0.2169440618786025 0.5441267770525678 0.23693147453535066
-0.19283916611431332 0.5465233940782953 0.22852478535657866
-0.16873427035002414 0.5489200111040229 0.22011809617780667
-0.14462937458573497 0.5513166281297504 0.21171140699903468
-0.12052447882144579 0.5537132451554778 0.2033047178202627
-0.09641958305715671 0.5561098621812054 0.19489802864149072
-0.07231468729286754 0.5585064792069329 0.18649133946271873
-0.04820979152857836 0.5609030962326604 0.17808465028394674
-0.02410489576428918 0.5632997132583879 0.16967796110517475
0.0 0.5656963302841154 0.16127127192640275
-0.9400909348072772 0.4924317066480324 0.494891838181596
-0.915986039042988 0.4948283236737599 0.486485149002824
-0.8918811432786988 0.4972249406994874 0.478078459824052
-0.8677762475144098 0.4996215577252149 0.46967177064528004
-0.8436713517501206 0.5020181747509425 0.4612650814665081
-0.8195664559858314 0.5044147917766699 0.45285839228773606
-0.7954615602215422 0.5068114088023974 0.4444517031089641
-0.771356664457253 0.509208025828125 0.43604501393019207
-0.7472517686929641 0.5116046428538524 0.4276383247514201
-0.7231468729286749 0.51400125987958 0.41923163557264814
-0.6990419771643857 0.5163978769053075 0.4108249463938761
-0.6749370814000965 0.5187944939310349 0.40241825721510416
-0.6508321856358072 0.5211911109567625 0.39401156803633214
-0.6267272898715183 0.52358772798249 0.38560487885756023
-0.602622394107229 0.5259843450082176 0.37719818967878815
-0.5785174983429399 0.528380962033945 0.36879150050001624
-0.5544126025786507 0.5307775790596725 0.3603848113212442
-0.5303077068143615 0.5331741960854001 0.35197812214247226
-0.5062028110500725 0.5355708131111275 0.3435714329637003
-0.48209791528578316 0.5379674301368551 0.3351647437849283
-0.45799301952149407 0.5403640471625826 0.3267580546061563
-0.4338881237572049 0.54276066418831 0.3183513654273843
-0.4097832279929157 0.5451572812140376 0.3099446762486123
-0.3856783322286265 0.5475538982397651 0.3015379870698403
-0.36157343646433737 0.5499505152654927 0.29313129789106834
-0.3374685407000483 0.5523471322912201 0.2847246087122964
-0.31336364493575913 0.5547437493169476 0.2763179195335244
-0.28925874917146993 0.5571403663426752 0.2679112303547524
-0.26515385340718073 0.5595369833684026 0.25950454117598043
-0.24104895764289158 0.5619336003941302 0.2510978519972084
-0.2169440618786025 0.5643302174198577 0.24269116281843647
-0.19283916611431332 0.5667268344455851 0.23428447363966448
-0.16873427035002414 0.5691234514713127 0.2258777844608925
-0.14462937458573497 0.5715200684970402 0.2174710952821205
-0.12052447882144579 0.5739166855227678 0.2090644061033485
-0.09641958305715671 0.5763133025484952 0.20065771692457654
-0.07231468729286754 0.5787099195742228 0.19225102774580455
-0.04820979152857836 0.5811065365999503 0.18384433856703256
-0.02410489576428918 0.5835031536256777 0.17543764938826056
0.0 0.5858997706514053 0.16703096020948857
-0.9400909348072772 0.5126351470153222 0.5006515264646818
-0.915986039042988 0.5150317640410498 0.49224483728590984
-0.8918811432786988 0.5174283810667772 0.4838381481071378
-0.8677762475144098 0.5198249980925047 0.47543145892836586
-0.8436713517501206 0.5222216151182323 0.4670247697495939
-0.8195664559858314 0.5246182321439598 0.4586180805708219
-0.7954615602215422 0.5270148491696873 0.4502113913920499
-0.771356664457253 0.5294114661954148 0.4418047022132779
-0.7472517686929641 0.5318080832211424 0.4333980130345059
-0.7231468729286749 0.5342047002468698 0.42499132385573396
-0.6990419771643857 0.5366013172725973 0.41658463467696194
-0.6749370814000965 0.5389979342983249 0.40817794549819
-0.6508321856358072 0.5413945513240523 0.39977125631941796
-0.6267272898715183 0.5437911683497799 0.39136456714064605
-0.602622394107229 0.5461877853755074 0.38295787796187397
-0.5785174983429399 0.5485844024012348 0.37455118878310206
-0.5544126025786507 0.5509810194269624 0.36614449960433004
-0.5303077068143615 0.5533776364526899 0.3577378104255581
-0.5062028110500725 0.5557742534784175 0.3493311212467861
-0.48209791528578316 0.5581708705041449 0.3409244320680141
-0.45799301952149407 0.5605674875298724 0.33251774288924213
-0.4338881237572049 0.5629641045556 0.3241110537104701
-0.4097832279929157 0.5653607215813274 0.31570436453169815
-0.3856783322286265 0.567757338607055 0.3072976753529261
-0.36157343646433737 0.5701539556327825 0.29889098617415416
-0.3374685407000483 0.57255057265851 0.2904842969953822
-0.31336364493575913 0.5749471896842375 0.28207760781661023
-0.28925874917146993 0.577343806709965 0.2736709186378382
-0.26515385340718073 0.5797404237356926 0.26526422945906625
-0.24104895764289158 0.58213704076142 0.2568575402802942
-0.2169440618786025 0.5845336577871475 0.2484508511015223
-0.19283916611431332 0.5869302748128751 0.2400441619227503
-0.16873427035002414 0.5893268918386025 0.2316374727439783
-0.14462937458573497 0.5917235088643301 0.22323078356520631
-0.12052447882144579 0.5941201258900576 0.21482409438643432
-0.09641958305715671 0.5965167429157852 0.20641740520766236
-0.07231468729286754 0.5989133599415126 0.19801071602889037
-0.04820979152857836 0.6013099769672401 0.18960402685011837
-0.02410489576428918 0.6037065939929677 0.1811973376713464
0.0 0.6061032110186951 0.17279064849257442
-0.9400909348072772 0.532838587382612 0.5064112147477676
-0.915986039042988 0.5352352044083395 0.4980045255689956
-0.8918811432786988 0.5376318214340671 0.4895978363902236
-0.8677762475144098 0.5400284384597945 0.4811911472114516
-0.8436713517501206 0.542425055485522 0.47278445803267966
-0.8195664559858314 0.5448216725112496 0.46437776885390764
-0.7954615602215422 0.547218289536977 0.45597107967513567
-0.771356664457253 0.5496149065627046 0.44756439049636365
-0.7472517686929641 0.5520115235884321 0.4391577013175917
-0.7231468729286749 0.5544081406141596 0.4307510121388197
-0.6990419771643857 0.5568047576398871 0.42234432296004776
-0.6749370814000965 0.5592013746656146 0.41393763378127574
-0.6508321856358072 0.5615979916913422 0.4055309446025038
-0.6267272898715183 0.5639946087170696 0.3971242554237318
-0.602622394107229 0.5663912257427972 0.3887175662449598
-0.5785174983429399 0.5687878427685247 0.3803108770661878
-0.5544126025786507 0.5711844597942521 0.37190418788741586
-0.5303077068143615 0.5735810768199797 0.36349749870864384
-0.5062028110500725 0.5759776938457072 0.3550908095298719
-0.48209791528578316 0.5783743108714348 0.34668412035109986
-0.45799301952149407 0.5807709278971622 0.3382774311723279
-0.4338881237572049 0.5831675449228897 0.3298707419935559
-0.4097832279929157 0.5855641619486173 0.3214640528147839
-0.3856783322286265 0.5879607789743447 0.31305736363601194
-0.36157343646433737 0.5903573960000723 0.3046506744572399
-0.3374685407000483 0.5927540130257998 0.296243985278468
-0.31336364493575913 0.5951506300515272 0.287837296099696
-0.28925874917146993 0.5975472470772548 0.27943060692092403
-0.26515385340718073 0.5999438641029823 0.271023917742152
-0.24104895764289158 0.6023404811287099 0.26261722856338005
-0.2169440618786025 0.6047370981544373 0.2542105393846081
-0.19283916611431332 0.6071337151801648 0.2458038502058361
-0.16873427035002414 0.6095303322058924 0.2373971610270641
-0.14462937458573497 0.6119269492316198 0.2289904718482921
-0.12052447882144579 0.6143235662573474 0.2205837826695201
-0.09641958305715671 0.6167201832830749 0.21217709349074815
-0.07231468729286754 0.6191168003088023 0.20377040431197618
-0.04820979152857836 0.6215134173345299 0.1953637151332042
-0.02410489576428918 0.6239100343602574 0.1869570259544322
0.0 0.626306651385985 0.1785503367756602
-0.9400909348072772 0.5530420277499019 0.5121709030308534
-0.915986039042988 0.5554386447756294 0.5037642138520815
-0.8918811432786988 0.5578352618013569 0.4953575246733094
-0.8677762475144098 0.5602318788270844 0.48695083549453744
-0.8436713517501206 0.5626284958528119 0.4785441463157655
-0.8195664559858314 0.5650251128785394 0.47013745713699345
-0.7954615602215422 0.567421729904267 0.4617307679582215
-0.771356664457253 0.5698183469299944 0.45332407877944947
-0.7472517686929641 0.5722149639557219 0.4449173896006775
-0.7231468729286749 0.5746115809814495 0.43651070042190554
-0.6990419771643857 0.577008198007177 0.4281040112431336
-0.6749370814000965 0.5794048150329045 0.41969732206436156
-0.6508321856358072 0.581801432058632 0.4112906328855896
-0.6267272898715183 0.5841980490843595 0.4028839437068176
-0.602622394107229 0.586594666110087 0.3944772545280456
-0.5785174983429399 0.5889912831358145 0.38607056534927364
-0.5544126025786507 0.5913879001615421 0.3776638761705017
-0.5303077068143615 0.5937845171872695 0.36925718699172966
-0.5062028110500725 0.596181134212997 0.3608504978129577
-0.48209791528578316 0.5985777512387246 0.3524438086341857
-0.45799301952149407 0.600974368264452 0.3440371194554137
-0.4338881237572049 0.6033709852901796 0.33563043027664174
-0.4097832279929157 0.6057676023159071 0.3272237410978697
-0.3856783322286265 0.6081642193416347 0.31881705191909776
-0.36157343646433737 0.6105608363673621 0.31041036274032574
-0.3374685407000483 0.6129574533930896 0.30200367356155383
-0.31336364493575913 0.6153540704188172 0.2935969843827818
-0.28925874917146993 0.6177506874445446 0.28519029520400985
-0.26515385340718073 0.6201473044702722 0.2767836060252378
-0.24104895764289158 0.6225439214959997 0.26837691684646586
-0.2169440618786025 0.6249405385217272 0.2599702276676939
-0.19283916611431332 0.6273371555474547 0.25156353848892193
-0.16873427035002414 0.6297337725731822 0.24315684931014991
-0.14462937458573497 0.6321303895989098 0.23475016013137792
-0.12052447882144579 0.6345270066246372 0.22634347095260593
-0.09641958305715671 0.6369236236503647 0.217936781773834
-0.07231468729286754 0.6393202406760923 0.209530092595062
-0.04820979152857836 0.6417168577018197 0.20112340341629
-0.02410489576428918 0.6441134747275473 0.19271671423751802
0.0 0.6465100917532748 0.18431002505874602
-0.9400909348072772 0.5732454681171918 0.5179305913139393
-0.915986039042988 0.5756420851429193 0.5095239021351673
-0.8918811432786988 0.5780387021686467 0.5011172129563952
-0.8677762475144098 0.5804353191943743 0.4927105237776233
-0.8436713517501206 0.5828319362201018 0.48430383459885135
-0.8195664559858314 0.5852285532458293 0.4758971454200793
-0.7954615602215422 0.5876251702715568 0.46749045624130736
-0.771356664457253 0.5900217872972843 0.45908376706253534
-0.7472517686929641 0.5924184043230118 0.4506770778837634
-0.7231468729286749 0.5948150213487393 0.4422703887049914
-0.6990419771643857 0.5972116383744669 0.4338636995262194
-0.6749370814000965 0.5996082554001944 0.42545701034744743
-0.6508321856358072 0.6020048724259218 0.4170503211686754
-0.6267272898715183 0.6044014894516494 0.4086436319899035
-0.602622394107229 0.6067981064773769 0.4002369428111314
-0.5785174983429399 0.6091947235031044 0.3918302536323595
-0.5544126025786507 0.6115913405288319 0.3834235644535875
-0.5303077068143615 0.6139879575545594 0.37501687527481553
-0.5062028110500725 0.616384574580287 0.36661018609604357
-0.48209791528578316 0.6187811916060144 0.35820349691727155
-0.45799301952149407 0.621177808631742 0.3497968077384996
-0.4338881237572049 0.6235744256574695 0.34139011855972756
-0.4097832279929157 0.6259710426831969 0.3329834293809556
-0.3856783322286265 0.6283676597089245 0.3245767402021836
-0.36157343646433737 0.630764276734652 0.3161700510234116
-0.3374685407000483 0.6331608937603795 0.30776336184463965
-0.31336364493575913 0.635557510786107 0.2993566726658677
-0.28925874917146993 0.6379541278118346 0.29094998348709566
-0.26515385340718073 0.640350744837562 0.2825432943083237
-0.24104895764289158 0.6427473618632895 0.2741366051295517
-0.2169440618786025 0.6451439788890171 0.2657299159507797
-0.19283916611431332 0.6475405959147446 0.25732322677200775
-0.16873427035002414 0.6499372129404721 0.24891653759323573
-0.14462937458573497 0.6523338299661996 0.24050984841446377
-0.12052447882144579 0.6547304469919271 0.23210315923569177
-0.09641958305715671 0.6571270640176546 0.2236964700569198
-0.07231468729286754 0.6595236810433821 0.21528978087814782
-0.04820979152857836 0.6619202980691097 0.20688309169937583
-0.02410489576428918 0.6643169150948371 0.19847640252060383
0.0 0.6667135321205646 0.19006971334183184
-0.9400909348072772 0.5934489084844815 0.5236902795970251
-0.915986039042988 0.595845525510209 0.5152835904182531
-0.8918811432786988 0.5982421425359365 0.506876901239481
-0.8677762475144098 0.600638759561664 0.4984702120607091
-0.8436713517501206 0.6030353765873916 0.4900635228819371
-0.8195664559858314 0.6054319936131191 0.4816568337031651
-0.7954615602215422 0.6078286106388465 0.4732501445243931
-0.771356664457253 0.6102252276645741 0.4648434553456211
-0.7472517686929641 0.6126218446903016 0.45643676616684914
-0.7231468729286749 0.6150184617160291 0.4480300769880772
-0.6990419771643857 0.6174150787417566 0.4396233878093052
-0.6749370814000965 0.6198116957674841 0.4312166986305332
-0.6508321856358072 0.6222083127932116 0.4228100094517612
-0.6267272898715183 0.6246049298189391 0.41440332027298926
-0.602622394107229 0.6270015468446667 0.40599663109421724
-0.5785174983429399 0.6293981638703942 0.3975899419154453
-0.5544126025786507 0.6317947808961216 0.3891832527366733
-0.5303077068143615 0.6341913979218492 0.3807765635579013
-0.5062028110500725 0.6365880149475767 0.37236987437912933
-0.48209791528578316 0.6389846319733042 0.3639631852003573
-0.45799301952149407 0.6413812489990317 0.35555649602158534
-0.4338881237572049 0.6437778660247592 0.3471498068428134
-0.4097832279929157 0.6461744830504867 0.33874311766404136
-0.3856783322286265 0.6485711000762142 0.3303364284852694
-0.36157343646433737 0.6509677171019418 0.3219297393064974
-0.3374685407000483 0.6533643341276693 0.3135230501277254
-0.31336364493575913 0.6557609511533968 0.30511636094895345
-0.28925874917146993 0.6581575681791243 0.2967096717701815
-0.26515385340718073 0.6605541852048518 0.28830298259140946
-0.24104895764289158 0.6629508022305793 0.2798962934126375
-0.2169440618786025 0.6653474192563068 0.27148960423386553
-0.19283916611431332 0.6677440362820344 0.2630829150550935
-0.16873427035002414 0.6701406533077618 0.25467622587632155
-0.14462937458573497 0.6725372703334893 0.24626953669754956
-0.12052447882144579 0.6749338873592169 0.23786284751877756
-0.09641958305715671 0.6773305043849444 0.2294561583400056
-0.07231468729286754 0.6797271214106719 0.2210494691612336
-0.04820979152857836 0.6821237384363994 0.21264277998246162
-0.02410489576428918 0.6845203554621269 0.20423609080368962
0.0 0.6869169724878544 0.19582940162491763
-0.9400909348072772 0.6136523488517713 0.5294499678801109
-0.915986039042988 0.6160489658774989 0.5210432787013389
-0.8918811432786988 0.6184455829032264 0.5126365895225669
-0.8677762475144098 0.6208421999289538 0.5042299003437949
-0.8436713517501206 0.6232388169546814 0.4958232111650229
-0.8195664559858314 0.6256354339804089 0.4874165219862509
-0.7954615602215422 0.6280320510061365 0.47900983280747894
-0.771356664457253 0.6304286680318639 0.4706031436287069
-0.7472517686929641 0.6328252850575915 0.46219645444993496
-0.7231468729286749 0.635221902083319 0.453789765271163
-0.6990419771643857 0.6376185191090464 0.44538307609239103
-0.6749370814000965 0.640015136134774 0.436976386913619
-0.6508321856358072 0.6424117531605015 0.42856969773484704
-0.6267272898715183 0.644808370186229 0.4201630085560751
-0.602622394107229 0.6472049872119565 0.41175631937730306
-0.5785174983429399 0.649601604237684 0.4033496301985311
-0.5544126025786507 0.6519982212634116 0.39494294101975913
-0.5303077068143615 0.654394838289139 0.3865362518409871
-0.5062028110500725 0.6567914553148666 0.37812956266221515
-0.48209791528578316 0.6591880723405941 0.3697228734834431
-0.45799301952149407 0.6615846893663215 0.36131618430467116
-0.4338881237572049 0.6639813063920491 0.3529094951258992
-0.4097832279929157 0.6663779234177766 0.3445028059471272
-0.3856783322286265 0.6687745404435042 0.3360961167683552
-0.36157343646433737 0.6711711574692316 0.3276894275895832
-0.3374685407000483 0.6735677744949591 0.31928273841081123
-0.31336364493575913 0.6759643915206867 0.31087604923203926
-0.28925874917146993 0.6783610085464141 0.3024693600532673
-0.26515385340718073 0.6807576255721417 0.2940626708744953
-0.24104895764289158 0.6831542425978692 0.2856559816957233
-0.2169440618786025 0.6855508596235967 0.27724929251695135
-0.19283916611431332 0.6879474766493242 0.26884260333817933
-0.16873427035002414 0.6903440936750517 0.26043591415940737
-0.14462937458573497 0.6927407107007792 0.25202922498063535
-0.12052447882144579 0.6951373277265067 0.24362253580186338
-0.09641958305715671 0.6975339447522343 0.23521584662309142
-0.07231468729286754 0.6999305617779618 0.22680915744431943
-0.04820979152857836 0.7023271788036892 0.21840246826554743
-0.02410489576428918 0.7047237958294168 0.20999577908677544
0.0 0.7071204128551443 0.20158908990800345
-0.9400909348072772 0.6338557892190613 0.5352096561631967
-0.915986039042988 0.6362524062447887 0.5268029669844247
-0.8918811432786988 0.6386490232705163 0.5183962778056527
-0.8677762475144098 0.6410456402962438 0.5099895886268807
-0.8436713517501206 0.6434422573219712 0.5015828994481087
-0.8195664559858314 0.6458388743476988 0.4931762102693367
-0.7954615602215422 0.6482354913734263 0.48476952109056476
-0.771356664457253 0.6506321083991539 0.47636283191179274
-0.7472517686929641 0.6530287254248813 0.4679561427330208
-0.7231468729286749 0.6554253424506088 0.4595494535542488
-0.6990419771643857 0.6578219594763364 0.45114276437547685
-0.6749370814000965 0.6602185765020638 0.4427360751967048
-0.6508321856358072 0.6626151935277914 0.43432938601793286
-0.6267272898715183 0.6650118105535189 0.4259226968391609
-0.602622394107229 0.6674084275792465 0.4175160076603889
-0.5785174983429399 0.6698050446049739 0.4091093184816169
-0.5544126025786507 0.6722016616307014 0.40070262930284495
-0.5303077068143615 0.674598278656429 0.39229594012407293
-0.5062028110500725 0.6769948956821564 0.38388925094530096
-0.48209791528578316 0.679391512707884 0.37548256176652894
-0.45799301952149407 0.6817881297336115 0.367075872587757
-0.4338881237572049 0.6841847467593389 0.358669183408985
-0.4097832279929157 0.6865813637850665 0.350262494230213
-0.3856783322286265 0.688977980810794 0.34185580505144103
-0.36157343646433737 0.6913745978365216 0.333449115872669
-0.3374685407000483 0.693771214862249 0.3250424266938971
-0.31336364493575913 0.6961678318879765 0.3166357375151251
-0.28925874917146993 0.6985644489137041 0.3082290483363531
-0.26515385340718073 0.7009610659394315 0.2998223591575811
-0.24104895764289158 0.7033576829651591 0.29141566997880913
-0.2169440618786025 0.7057542999908866 0.28300898080003717
-0.19283916611431332 0.708150917016614 0.2746022916212652
-0.16873427035002414 0.7105475340423416 0.2661956024424932
-0.14462937458573497 0.7129441510680691 0.2577889132637212
-0.12052447882144579 0.7153407680937967 0.2493822240849492
-0.09641958305715671 0.7177373851195241 0.24097553490617724
-0.07231468729286754 0.7201340021452516 0.23256884572740524
-0.04820979152857836 0.7225306191709792 0.22416215654863325
-0.02410489576428918 0.7249272361967066 0.21575546736986126
0.0 0.7273238532224342 0.2073487781910893
-0.9400909348072772 0.654059229586351 0.5409693444462824
-0.915986039042988 0.6564558466120786 0.5325626552675105
-0.8918811432786988 0.658852463637806 0.5241559660887385
-0.8677762475144098 0.6612490806635335 0.5157492769099665
-0.8436713517501206 0.6636456976892611 0.5073425877311946
-0.8195664559858314 0.6660423147149885 0.49893589855242254
-0.7954615602215422 0.6684389317407161 0.4905292093736506
-0.771356664457253 0.6708355487664436 0.48212252019487856
-0.7472517686929641 0.673232165792171 0.4737158310161066
-0.7231468729286749 0.6756287828178986 0.4653091418373346
-0.6990419771643857 0.6780253998436261 0.4569024526585626
-0.6749370814000965 0.6804220168693537 0.44849576347979064
-0.6508321856358072 0.6828186338950811 0.4400890743010186
-0.6267272898715183 0.6852152509208086 0.4316823851222467
-0.602622394107229 0.6876118679465362 0.42327569594347464
-0.5785174983429399 0.6900084849722636 0.41486900676470273
-0.5544126025786507 0.6924051019979912 0.4064623175859307
-0.5303077068143615 0.6948017190237187 0.39805562840715875
-0.5062028110500725 0.6971983360494461 0.3896489392283868
-0.48209791528578316 0.6995949530751737 0.38124225004961476
-0.45799301952149407 0.7019915701009012 0.3728355608708428
-0.4338881237572049 0.7043881871266288 0.3644288716920708
-0.4097832279929157 0.7067848041523562 0.3560221825132988
-0.3856783322286265 0.7091814211780838 0.3476154933345268
-0.36157343646433737 0.7115780382038113 0.33920880415575483
-0.3374685407000483 0.7139746552295387 0.33080211497698286
-0.31336364493575913 0.7163712722552663 0.3223954257982109
-0.28925874917146993 0.7187678892809938 0.3139887366194389
-0.26515385340718073 0.7211645063067214 0.3055820474406669
-0.24104895764289158 0.7235611233324488 0.2971753582618949
-0.2169440618786025 0.7259577403581763 0.288768669083123
-0.19283916611431332 0.7283543573839039 0.28036197990435097
-0.16873427035002414 0.7307509744096313 0.27195529072557895
-0.14462937458573497 0.7331475914353589 0.263548601546807
-0.12052447882144579 0.7355442084610864 0.255141912368035
-0.09641958305715671 0.7379408254868138 0.24673522318926303
-0.07231468729286754 0.7403374425125414 0.23832853401049103
-0.04820979152857836 0.7427340595382689 0.22992184483171904
-0.02410489576428918 0.7451306765639965 0.22151515565294708
0.0 0.7475272935897239 0.21310846647417508
-0.9400909348072772 0.6742626699536409 0.5467290327293682
-0.915986039042988 0.6766592869793684 0.5383223435505963
-0.8918811432786988 0.6790559040050959 0.5299156543718243
-0.8677762475144098 0.6814525210308234 0.5215089651930523
-0.8436713517501206 0.6838491380565509 0.5131022760142804
-0.8195664559858314 0.6862457550822785 0.5046955868355083
-0.7954615602215422 0.6886423721080059 0.4962888976567364
-0.771356664457253 0.6910389891337334 0.4878822084779644
-0.7472517686929641 0.693435606159461 0.4794755192991924
-0.7231468729286749 0.6958322231851884 0.47106883012042045
-0.6990419771643857 0.698228840210916 0.4626621409416484
-0.6749370814000965 0.7006254572366435 0.45425545176287646
-0.6508321856358072 0.703022074262371 0.44584876258410444
-0.6267272898715183 0.7054186912880985 0.43744207340533253
-0.602622394107229 0.707815308313826 0.42903538422656046
-0.5785174983429399 0.7102119253395536 0.42062869504778855
-0.5544126025786507 0.712608542365281 0.41222200586901653
-0.5303077068143615 0.7150051593910086 0.40381531669024456
-0.5062028110500725 0.7174017764167361 0.3954086275114726
-0.48209791528578316 0.7197983934424635 0.3870019383327006
-0.45799301952149407 0.7221950104681911 0.3785952491539286
-0.4338881237572049 0.7245916274939186 0.3701885599751566
-0.4097832279929157 0.7269882445196462 0.36178187079638463
-0.3856783322286265 0.7293848615453736 0.3533751816176126
-0.36157343646433737 0.7317814785711011 0.34496849243884065
-0.3374685407000483 0.7341780955968287 0.3365618032600687
-0.31336364493575913 0.7365747126225561 0.3281551140812967
-0.28925874917146993 0.7389713296482837 0.3197484249025247
-0.26515385340718073 0.7413679466740112 0.31134173572375273
-0.24104895764289158 0.7437645636997386 0.3029350465449807
-0.2169440618786025 0.7461611807254662 0.2945283573662088
-0.19283916611431332 0.7485577977511937 0.2861216681874368
-0.16873427035002414 0.7509544147769213 0.2777149790086648
-0.14462937458573497 0.7533510318026487 0.2693082898298928
-0.12052447882144579 0.7557476488283762 0.26090160065112084
-0.09641958305715671 0.7581442658541038 0.25249491147234887
-0.07231468729286754 0.7605408828798312 0.24408822229357688
-0.04820979152857836 0.7629374999055588 0.2356815331148049
-0.02410489576428918 0.7653341169312863 0.2272748439360329
0.0 0.7677307339570137 0.2188681547572609
-0.9400909348072772 0.6944661103209308 0.552488721012454
-0.915986039042988 0.6968627273466582 0.5440820318336821
-0.8918811432786988 0.6992593443723858 0.5356753426549101
-0.8677762475144098 0.7016559613981133 0.5272686534761382
-0.8436713517501206 0.7040525784238408 0.5188619642973662
-0.8195664559858314 0.7064491954495683 0.5104552751185941
-0.7954615602215422 0.7088458124752958 0.5020485859398222
-0.771356664457253 0.7112424295010233 0.4936418967610502
-0.7472517686929641 0.7136390465267508 0.4852352075822782
-0.7231468729286749 0.7160356635524784 0.47682851840350626
-0.6990419771643857 0.7184322805782059 0.46842182922473424
-0.6749370814000965 0.7208288976039333 0.4600151400459623
-0.6508321856358072 0.7232255146296609 0.45160845086719026
-0.6267272898715183 0.7256221316553884 0.44320176168841835
-0.602622394107229 0.7280187486811159 0.4347950725096463
-0.5785174983429399 0.7304153657068434 0.42638838333087437
-0.5544126025786507 0.7328119827325709 0.41798169415210235
-0.5303077068143615 0.7352085997582984 0.4095750049733304
-0.5062028110500725 0.7376052167840259 0.4011683157945584
-0.48209791528578316 0.7400018338097535 0.3927616266157864
-0.45799301952149407 0.742398450835481 0.38435493743701443
-0.4338881237572049 0.7447950678612084 0.3759482482582424
-0.4097832279929157 0.747191684886936 0.36754155907947045
-0.3856783322286265 0.7495883019126635 0.35913486990069843
-0.36157343646433737 0.751984918938391 0.35072818072192646
-0.3374685407000483 0.7543815359641185 0.3423214915431545
-0.31336364493575913 0.7567781529898461 0.33391480236438253
-0.28925874917146993 0.7591747700155735 0.3255081131856105
-0.26515385340718073 0.761571387041301 0.31710142400683855
-0.24104895764289158 0.7639680040670286 0.30869473482806653
-0.2169440618786025 0.766364621092756 0.3002880456492946
-0.19283916611431332 0.7687612381184836 0.2918813564705226
-0.16873427035002414 0.7711578551442111 0.28347466729175064
-0.14462937458573497 0.7735544721699386 0.2750679781129786
-0.12052447882144579 0.7759510891956661 0.26666128893420665
-0.09641958305715671 0.7783477062213936 0.2582545997554347
-0.07231468729286754 0.7807443232471212 0.2498479105766627
-0.04820979152857836 0.7831409402728486 0.2414412213978907
-0.02410489576428918 0.7855375572985761 0.2330345322191187
0.0 0.7879341743243037 0.22462784304034672
-0.9400909348072772 0.7146695506882206 0.55824840929554
-0.915986039042988 0.7170661677139482 0.549841720116768
-0.8918811432786988 0.7194627847396756 0.5414350309379959
-0.8677762475144098 0.7218594017654032 0.533028341759224
-0.8436713517501206 0.7242560187911307 0.524621652580452
-0.8195664559858314 0.7266526358168581 0.51621496340168
-0.7954615602215422 0.7290492528425857 0.5078082742229081
-0.771356664457253 0.7314458698683132 0.499401585044136
-0.7472517686929641 0.7338424868940407 0.49099489586536404
-0.7231468729286749 0.7362391039197682 0.4825882066865921
-0.6990419771643857 0.7386357209454957 0.4741815175078201
-0.6749370814000965 0.7410323379712233 0.4657748283290481
-0.6508321856358072 0.7434289549969507 0.45736813915027613
-0.6267272898715183 0.7458255720226783 0.44896144997150417
-0.602622394107229 0.7482221890484058 0.44055476079273215
-0.5785174983429399 0.7506188060741332 0.4321480716139602
-0.5544126025786507 0.7530154230998608 0.4237413824351882
-0.5303077068143615 0.7554120401255883 0.4153346932564162
-0.5062028110500725 0.7578086571513158 0.40692800407764423
-0.48209791528578316 0.7602052741770433 0.3985213148988722
-0.45799301952149407 0.7626018912027709 0.39011462572010025
-0.4338881237572049 0.7649985082284984 0.3817079365413283
-0.4097832279929157 0.7673951252542258 0.37330124736255627
-0.3856783322286265 0.7697917422799534 0.3648945581837843
-0.36157343646433737 0.7721883593056809 0.3564878690050123
-0.3374685407000483 0.7745849763314084 0.3480811798262403
-0.31336364493575913 0.7769815933571359 0.33967449064746835
-0.28925874917146993 0.7793782103828634 0.3312678014686964
-0.26515385340718073 0.7817748274085909 0.32286111228992437
-0.24104895764289158 0.7841714444343184 0.3144544231111524
-0.2169440618786025 0.786568061460046 0.30604773393238044
-0.19283916611431332 0.7889646784857735 0.2976410447536084
-0.16873427035002414 0.7913612955115009 0.28923435557483645
-0.14462937458573497 0.7937579125372285 0.28082766639606443
-0.12052447882144579 0.796154529562956 0.27242097721729247
-0.09641958305715671 0.7985511465886835 0.2640142880385205
-0.07231468729286754 0.800947763614411 0.25560759885974854
-0.04820979152857836 0.8033443806401385 0.24720090968097652
-0.02410489576428918 0.805740997665866 0.23879422050220453
0.0 0.8081376146915935 0.23038753132343254
-0.9400909348072772 0.7348729910555104 0.5640080975786257
-0.915986039042988 0.7372696080812379 0.5556014083998537
-0.8918811432786988 0.7396662251069654 0.5471947192210818
-0.8677762475144098 0.7420628421326929 0.5387880300423098
-0.8436713517501206 0.7444594591584204 0.5303813408635378
-0.8195664559858314 0.746856076184148 0.5219746516847658
-0.7954615602215422 0.7492526932098754 0.5135679625059938
-0.771356664457253 0.751649310235603 0.5051612733272218
-0.7472517686929641 0.7540459272613305 0.49675458414844986
-0.7231468729286749 0.7564425442870579 0.4883478949696779
-0.6990419771643857 0.7588391613127855 0.4799412057909059
-0.6749370814000965 0.761235778338513 0.4715345166121339
-0.6508321856358072 0.7636323953642405 0.4631278274333619
-0.6267272898715183 0.766029012389968 0.45472113825459
-0.602622394107229 0.7684256294156956 0.4463144490758179
-0.5785174983429399 0.770822246441423 0.437907759897046
-0.5544126025786507 0.7732188634671505 0.429501070718274
-0.5303077068143615 0.7756154804928781 0.421094381539502
-0.5062028110500725 0.7780120975186056 0.41268769236073005
-0.48209791528578316 0.7804087145443331 0.40428100318195803
-0.45799301952149407 0.7828053315700606 0.39587431400318607
-0.4338881237572049 0.7852019485957881 0.38746762482441405
-0.4097832279929157 0.7875985656215156 0.3790609356456421
-0.3856783322286265 0.7899951826472431 0.37065424646687006
-0.36157343646433737 0.7923917996729707 0.3622475572880981
-0.3374685407000483 0.7947884166986982 0.35384086810932613
-0.31336364493575913 0.7971850337244256 0.34543417893055417
-0.28925874917146993 0.7995816507501532 0.33702748975178215
-0.26515385340718073 0.8019782677758807 0.3286208005730102
-0.24104895764289158 0.8043748848016082 0.32021411139423817
-0.2169440618786025 0.8067715018273357 0.3118074222154662
-0.19283916611431332 0.8091681188530632 0.30340073303669424
-0.16873427035002414 0.8115647358787907 0.2949940438579222
-0.14462937458573497 0.8139613529045182 0.28658735467915025
-0.12052447882144579 0.8163579699302458 0.27818066550037823
-0.09641958305715671 0.8187545869559733 0.26977397632160627
-0.07231468729286754 0.8211512039817007 0.2613672871428343
-0.04820979152857836 0.8235478210074283 0.25296059796406234
-0.02410489576428918 0.8259444380331558 0.24455390878529032
0.0 0.8283410550588833 0.23614721960651833
-0.9400909348072772 0.7550764314228002 0.5697677858617115
-0.915986039042988 0.7574730484485278 0.5613610966829395
-0.8918811432786988 0.7598696654742553 0.5529544075041676
-0.8677762475144098 0.7622662824999827 0.5445477183253956
-0.8436713517501206 0.7646628995257103 0.5361410291466236
-0.8195664559858314 0.7670595165514378 0.5277343399678516
-0.7954615602215422 0.7694561335771654 0.5193276507890796
-0.771356664457253 0.7718527506028928 0.5109209616103076
-0.7472517686929641 0.7742493676286203 0.5025142724315357
-0.7231468729286749 0.7766459846543479 0.4941075832527637
-0.6990419771643857 0.7790426016800753 0.4857008940739917
-0.6749370814000965 0.7814392187058029 0.47729420489521973
-0.6508321856358072 0.7838358357315304 0.4688875157164477
-0.6267272898715183 0.7862324527572578 0.4604808265376758
-0.602622394107229 0.7886290697829854 0.4520741373589037
-0.5785174983429399 0.7910256868087129 0.4436674481801318
-0.5544126025786507 0.7934223038344405 0.4352607590013598
-0.5303077068143615 0.7958189208601679 0.42685406982258783
-0.5062028110500725 0.7982155378858954 0.41844738064381587
-0.48209791528578316 0.800612154911623 0.41004069146504385
-0.45799301952149407 0.8030087719373504 0.4016340022862719
-0.4338881237572049 0.805405388963078 0.39322731310749987
-0.4097832279929157 0.8078020059888055 0.3848206239287279
-0.3856783322286265 0.810198623014533 0.3764139347499559
-0.36157343646433737 0.8125952400402605 0.3680072455711839
-0.3374685407000483 0.814991857065988 0.35960055639241195
-0.31336364493575913 0.8173884740917156 0.35119386721364
-0.28925874917146993 0.819785091117443 0.34278717803486797
-0.26515385340718073 0.8221817081431706 0.334380488856096
-0.24104895764289158 0.8245783251688981 0.325973799677324
-0.2169440618786025 0.8269749421946255 0.317567110498552
-0.19283916611431332 0.8293715592203531 0.30916042131978005
-0.16873427035002414 0.8317681762460806 0.30075373214100803
-0.14462937458573497 0.8341647932718081 0.29234704296223607
-0.12052447882144579 0.8365614102975356 0.28394035378346405
-0.09641958305715671 0.8389580273232631 0.27553366460469214
-0.07231468729286754 0.8413546443489907 0.2671269754259201
-0.04820979152857836 0.8437512613747181 0.25872028624714816
-0.02410489576428918 0.8461478784004457 0.25031359706837614
0.0 0.8485444954261732 0.24190690788960414
-0.9400909348072772 0.7752798717900902 0.5755274741447973
-0.915986039042988 0.7776764888158176 0.5671207849660254
-0.8918811432786988 0.7800731058415451 0.5587140957872534
-0.8677762475144098 0.7824697228672727 0.5503074066084814
-0.8436713517501206 0.7848663398930001 0.5419007174297095
-0.8195664559858314 0.7872629569187277 0.5334940282509374
-0.7954615602215422 0.7896595739444552 0.5250873390721654
-0.771356664457253 0.7920561909701826 0.5166806498933935
-0.7472517686929641 0.7944528079959102 0.5082739607146215
-0.7231468729286749 0.7968494250216377 0.49986727153584953
-0.6990419771643857 0.7992460420473653 0.4914605823570775
-0.6749370814000965 0.8016426590730927 0.48305389317830555
-0.6508321856358072 0.8040392760988202 0.47464720399953353
-0.6267272898715183 0.8064358931245478 0.4662405148207616
-0.602622394107229 0.8088325101502752 0.45783382564198954
-0.5785174983429399 0.8112291271760028 0.44942713646321764
-0.5544126025786507 0.8136257442017303 0.4410204472844456
-0.5303077068143615 0.8160223612274579 0.43261375810567365
-0.5062028110500725 0.8184189782531853 0.4242070689269017
-0.48209791528578316 0.8208155952789128 0.41580037974812967
-0.45799301952149407 0.8232122123046404 0.4073936905693577
-0.4338881237572049 0.8256088293303678 0.3989870013905857
-0.4097832279929157 0.8280054463560954 0.3905803122118137
-0.3856783322286265 0.8304020633818229 0.3821736230330417
-0.36157343646433737 0.8327986804075503 0.37376693385426973
-0.3374685407000483 0.8351952974332779 0.36536024467549777
-0.31336364493575913 0.8375919144590054 0.3569535554967258
-0.28925874917146993 0.839988531484733 0.3485468663179538
-0.26515385340718073 0.8423851485104604 0.3401401771391818
-0.24104895764289158 0.8447817655361879 0.3317334879604098
-0.2169440618786025 0.8471783825619155 0.3233267987816379
-0.19283916611431332 0.8495749995876429 0.31492010960286587
-0.16873427035002414 0.8519716166133705 0.30651342042409385
-0.14462937458573497 0.854368233639098 0.2981067312453219
-0.12052447882144579 0.8567648506648254 0.2897000420665499
-0.09641958305715671 0.859161467690553 0.28129335288777796
-0.07231468729286754 0.8615580847162805 0.27288666370900594
-0.04820979152857836 0.8639547017420081 0.264479974530234
-0.02410489576428918 0.8663513187677355 0.25607328535146195
0.0 0.868747935793463 0.24766659617269
-0.9400909348072772 0.7954833121573799 0.5812871624278831
-0.915986039042988 0.7978799291831074 0.5728804732491112
-0.8918811432786988 0.8002765462088349 0.5644737840703392
-0.8677762475144098 0.8026731632345624 0.5560670948915672
-0.8436713517501206 0.80506978026029 0.5476604057127953
-0.8195664559858314 0.8074663972860174 0.5392537165340232
-0.7954615602215422 0.809863014311745 0.5308470273552512
-0.771356664457253 0.8122596313374725 0.5224403381764793
-0.7472517686929641 0.8146562483631999 0.5140336489977073
-0.7231468729286749 0.8170528653889275 0.5056269598189354
-0.6990419771643857 0.819449482414655 0.49722027064016333
-0.6749370814000965 0.8218460994403826 0.4888135814613913
-0.6508321856358072 0.82424271646611 0.48040689228261935
-0.6267272898715183 0.8266393334918375 0.4720002031038474
-0.602622394107229 0.8290359505175651 0.46359351392507536
-0.5785174983429399 0.8314325675432925 0.4551868247463034
-0.5544126025786507 0.8338291845690201 0.44678013556753143
-0.5303077068143615 0.8362258015947476 0.4383734463887594
-0.5062028110500725 0.838622418620475 0.42996675720998745
-0.48209791528578316 0.8410190356462026 0.42156006803121543
-0.45799301952149407 0.8434156526719301 0.41315337885244346
-0.4338881237572049 0.8458122696976577 0.4047466896736715
-0.4097832279929157 0.8482088867233851 0.3963400004948995
-0.3856783322286265 0.8506055037491126 0.3879333113161275
-0.36157343646433737 0.8530021207748402 0.3795266221373555
-0.3374685407000483 0.8553987378005676 0.3711199329585836
-0.31336364493575913 0.8577953548262952 0.36271324377981157
-0.28925874917146993 0.8601919718520227 0.3543065546010396
-0.26515385340718073 0.8625885888777501 0.3458998654222676
-0.24104895764289158 0.8649852059034777 0.3374931762434956
-0.2169440618786025 0.8673818229292052 0.32908648706472365
-0.19283916611431332 0.8697784399549328 0.3206797978859517
-0.16873427035002414 0.8721750569806602 0.31227310870717967
-0.14462937458573497 0.8745716740063877 0.3038664195284077
-0.12052447882144579 0.8769682910321153 0.2954597303496357
-0.09641958305715671 0.8793649080578427 0.2870530411708637
-0.07231468729286754 0.8817615250835703 0.27864635199209176
-0.04820979152857836 0.8841581421092978 0.27023966281331974
-0.02410489576428918 0.8865547591350252 0.26183297363454777
0.0 0.8889513761607528 0.25342628445577575
-0.9400909348072772 0.8156867525246697 0.587046850710969
-0.915986039042988 0.8180833695503973 0.578640161532197
-0.8918811432786988 0.8204799865761248 0.570233472353425
-0.8677762475144098 0.8228766036018523 0.5618267831746531
-0.8436713517501206 0.8252732206275798 0.5534200939958811
-0.8195664559858314 0.8276698376533073 0.545013404817109
-0.7954615602215422 0.8300664546790348 0.5366067156383371
-0.771356664457253 0.8324630717047623 0.5282000264595651
-0.7472517686929641 0.8348596887304899 0.5197933372807931
-0.7231468729286749 0.8372563057562173 0.5113866481020212
-0.6990419771643857 0.8396529227819448 0.5029799589232491
-0.6749370814000965 0.8420495398076724 0.49457326974447713
-0.6508321856358072 0.8444461568333999 0.48616658056570516
-0.6267272898715183 0.8468427738591274 0.4777598913869332
-0.602622394107229 0.8492393908848549 0.4693532022081612
-0.5785174983429399 0.8516360079105824 0.4609465130293892
-0.5544126025786507 0.8540326249363099 0.45253982385061725
-0.5303077068143615 0.8564292419620374 0.44413313467184523
-0.5062028110500725 0.858825858987765 0.43572644549307327
-0.48209791528578316 0.8612224760134924 0.42731975631430125
-0.45799301952149407 0.86361909303922 0.4189130671355293
-0.4338881237572049 0.8660157100649475 0.4105063779567573
-0.4097832279929157 0.868412327090675 0.4020996887779853
-0.3856783322286265 0.8708089441164025 0.39369299959921333
-0.36157343646433737 0.87320556114213 0.3852863104204413
-0.3374685407000483 0.8756021781678576 0.3768796212416694
-0.31336364493575913 0.877998795193585 0.3684729320628974
-0.28925874917146993 0.8803954122193125 0.3600662428841254
-0.26515385340718073 0.8827920292450401 0.3516595537053534
-0.24104895764289158 0.8851886462707675 0.34325286452658144
-0.2169440618786025 0.8875852632964951 0.33484617534780947
-0.19283916611431332 0.8899818803222226 0.3264394861690375
-0.16873427035002414 0.89237849734795 0.3180327969902655
-0.14462937458573497 0.8947751143736776 0.3096261078114935
-0.12052447882144579 0.8971717313994051 0.3012194186327215
-0.09641958305715671 0.8995683484251327 0.29281272945394954
-0.07231468729286754 0.9019649654508601 0.2844060402751776
-0.04820979152857836 0.9043615824765876 0.27599935109640555
-0.02410489576428918 0.9067581995023152 0.2675926619176336
0.0 0.9091548165280426 0.25918597273886157
-0.9400909348072772 0.8358901928919596 0.5928065389940548
-0.915986039042988 0.8382868099176871 0.5843998498152828
-0.8918811432786988 0.8406834269434147 0.5759931606365108
-0.8677762475144098 0.8430800439691422 0.5675864714577389
-0.8436713517501206 0.8454766609948696 0.5591797822789669
-0.8195664559858314 0.8478732780205972 0.5507730931001948
-0.7954615602215422 0.8502698950463247 0.5423664039214229
-0.771356664457253 0.8526665120720522 0.5339597147426509
-0.7472517686929641 0.8550631290977797 0.525553025563879
-0.7231468729286749 0.8574597461235072 0.517146336385107
-0.6990419771643857 0.8598563631492347 0.508739647206335
-0.6749370814000965 0.8622529801749622 0.500332958027563
-0.6508321856358072 0.8646495972006898 0.491926268848791
-0.6267272898715183 0.8670462142264173 0.4835195796700191
-0.602622394107229 0.8694428312521448 0.475112890491247
-0.5785174983429399 0.8718394482778723 0.4667062013124751
-0.5544126025786507 0.8742360653035998 0.45829951213370307
-0.5303077068143615 0.8766326823293273 0.4498928229549311
-0.5062028110500725 0.8790292993550548 0.44148613377615914
-0.48209791528578316 0.8814259163807824 0.4330794445973871
-0.45799301952149407 0.8838225334065098 0.42467275541861516
-0.4338881237572049 0.8862191504322373 0.41626606623984314
-0.4097832279929157 0.8886157674579649 0.40785937706107117
-0.3856783322286265 0.8910123844836924 0.39945268788229915
-0.36157343646433737 0.8934090015094199 0.3910459987035272
-0.3374685407000483 0.8958056185351474 0.3826393095247552
-0.31336364493575913 0.8982022355608749 0.37423262034598326
-0.28925874917146993 0.9005988525866024 0.36582593116721124
-0.26515385340718073 0.9029954696123299 0.3574192419884393
-0.24104895764289158 0.9053920866380575 0.34901255280966725
-0.2169440618786025 0.907788703663785 0.3406058636308953
-0.19283916611431332 0.9101853206895124 0.3321991744521233
-0.16873427035002414 0.91258193771524 0.3237924852733513
-0.14462937458573497 0.9149785547409675 0.31538579609457934
-0.12052447882144579 0.917375171766695 0.3069791069158073
-0.09641958305715671 0.9197717887924225 0.29857241773703536
-0.07231468729286754 0.92216840581815 0.2901657285582634
-0.04820979152857836 0.9245650228438775 0.28175903937949137
-0.02410489576428918 0.926961639869605 0.2733523502007194
0.0 0.9293582568953326 0.26494566102194744
-0.9400909348072772 0.8560936332592494 0.5985662272771406
-0.915986039042988 0.8584902502849769 0.5901595380983686
-0.8918811432786988 0.8608868673107044 0.5817528489195967
-0.8677762475144098 0.8632834843364319 0.5733461597408247
-0.8436713517501206 0.8656801013621594 0.5649394705620527
-0.8195664559858314 0.8680767183878869 0.5565327813832807
-0.7954615602215422 0.8704733354136145 0.5481260922045087
-0.771356664457253 0.872869952439342 0.5397194030257367
-0.7472517686929641 0.8752665694650695 0.5313127138469648
-0.7231468729286749 0.877663186490797 0.5229060246681928
-0.6990419771643857 0.8800598035165245 0.5144993354894207
-0.6749370814000965 0.882456420542252 0.5060926463106488
-0.6508321856358072 0.8848530375679795 0.4976859571318768
-0.6267272898715183 0.8872496545937071 0.48927926795310483
-0.602622394107229 0.8896462716194345 0.4808725787743328
-0.5785174983429399 0.892042888645162 0.47246588959556085
-0.5544126025786507 0.8944395056708896 0.4640592004167889
-0.5303077068143615 0.896836122696617 0.45565251123801687
-0.5062028110500725 0.8992327397223446 0.4472458220592449
-0.48209791528578316 0.9016293567480721 0.4388391328804729
-0.45799301952149407 0.9040259737737996 0.4304324437017009
-0.4338881237572049 0.9064225907995271 0.42202575452292895
-0.4097832279929157 0.9088192078252546 0.41361906534415693
-0.3856783322286265 0.9112158248509822 0.40521237616538497
-0.36157343646433737 0.9136124418767096 0.39680568698661295
-0.3374685407000483 0.9160090589024371 0.388398997807841
-0.31336364493575913 0.9184056759281647 0.379992308629069
-0.28925874917146993 0.9208022929538922 0.37158561945029706
-0.26515385340718073 0.9231989099796197 0.36317893027152504
-0.24104895764289158 0.9255955270053472 0.35477224109275307
-0.2169440618786025 0.9279921440310747 0.3463655519139811
-0.19283916611431332 0.9303887610568022 0.3379588627352091
-0.16873427035002414 0.9327853780825297 0.3295521735564371
-0.14462937458573497 0.9351819951082573 0.3211454843776651
-0.12052447882144579 0.9375786121339847 0.31273879519889314
-0.09641958305715671 0.9399752291597122 0.3043321060201212
-0.07231468729286754 0.9423718461854398 0.2959254168413492
-0.04820979152857836 0.9447684632111673 0.2875187276625772
-0.02410489576428918 0.9471650802368948 0.2791120384838052
0.0 0.9495616972626223 0.2707053493050332
-0.9400909348072772 0.8762970736265392 0.6043259155602264
-0.915986039042988 0.8786936906522667 0.5959192263814544
-0.8918811432786988 0.8810903076779942 0.5875125372026824
-0.8677762475144098 0.8834869247037217 0.5791058480239104
-0.8436713517501206 0.8858835417294492 0.5706991588451384
-0.8195664559858314 0.8882801587551767 0.5622924696663665
-0.7954615602215422 0.8906767757809042 0.5538857804875945
-0.771356664457253 0.8930733928066318 0.5454790913088224
-0.7472517686929641 0.8954700098323592 0.5370724021300505
-0.7231468729286749 0.8978666268580867 0.5286657129512785
-0.6990419771643857 0.9002632438838143 0.5202590237725065
-0.6749370814000965 0.9026598609095418 0.5118523345937346
-0.6508321856358072 0.9050564779352693 0.5034456454149626
-0.6267272898715183 0.9074530949609968 0.49503895623619065
-0.602622394107229 0.9098497119867243 0.4866322670574186
-0.5785174983429399 0.9122463290124518 0.47822557787864667
-0.5544126025786507 0.9146429460381793 0.46981888869987465
-0.5303077068143615 0.9170395630639069 0.4614121995211027
-0.5062028110500725 0.9194361800896343 0.4530055103423307
-0.48209791528578316 0.9218327971153618 0.4445988211635587
-0.45799301952149407 0.9242294141410894 0.43619213198478674
-0.4338881237572049 0.9266260311668169 0.4277854428060147
-0.4097832279929157 0.9290226481925444 0.41937875362724275
-0.3856783322286265 0.9314192652182719 0.41097206444847073
-0.36157343646433737 0.9338158822439995 0.40256537526969877
-0.3374685407000483 0.9362124992697269 0.3941586860909268
-0.31336364493575913 0.9386091162954544 0.38575199691215484
-0.28925874917146993 0.941005733321182 0.3773453077333828
-0.26515385340718073 0.9434023503469094 0.36893861855461085
-0.24104895764289158 0.945798967372637 0.36053192937583883
-0.2169440618786025 0.9481955843983645 0.35212524019706687
-0.19283916611431332 0.950592201424092 0.3437185510182949
-0.16873427035002414 0.9529888184498195 0.3353118618395229
-0.14462937458573497 0.955385435475547 0.3269051726607509
-0.12052447882144579 0.9577820525012746 0.3184984834819789
-0.09641958305715671 0.960178669527002 0.31009179430320694
-0.07231468729286754 0.9625752865527295 0.30168510512443497
-0.04820979152857836 0.9649719035784571 0.293278415945663
-0.02410489576428918 0.9673685206041845 0.284871726766891
0.0 0.9697651376299121 0.276465037588119
-0.9400909348072772 0.8965005139938291 0.6100856038433122
-0.915986039042988 0.8988971310195566 0.6016789146645403
-0.8918811432786988 0.9012937480452842 0.5932722254857683
-0.8677762475144098 0.9036903650710116 0.5848655363069963
-0.8436713517501206 0.9060869820967392 0.5764588471282244
-0.8195664559858314 0.9084835991224667 0.5680521579494523
-0.7954615602215422 0.9108802161481943 0.5596454687706803
-0.771356664457253 0.9132768331739217 0.5512387795919084
-0.7472517686929641 0.9156734501996492 0.5428320904131364
-0.7231468729286749 0.9180700672253768 0.5344254012343644
-0.6990419771643857 0.9204666842511042 0.5260187120555924
-0.6749370814000965 0.9228633012768318 0.5176120228768204
-0.6508321856358072 0.9252599183025593 0.5092053336980484
-0.6267272898715183 0.9276565353282867 0.5007986445192765
-0.602622394107229 0.9300531523540143 0.49239195534050445
-0.5785174983429399 0.9324497693797418 0.4839852661617325
-0.5544126025786507 0.9348463864054694 0.4755785769829605
-0.5303077068143615 0.9372430034311968 0.4671718878041885
-0.5062028110500725 0.9396396204569243 0.45876519862541654
-0.48209791528578316 0.9420362374826519 0.4503585094466445
-0.45799301952149407 0.9444328545083793 0.44195182026787255
-0.4338881237572049 0.9468294715341069 0.4335451310891006
-0.4097832279929157 0.9492260885598344 0.42513844191032857
-0.3856783322286265 0.9516227055855618 0.4167317527315566
-0.36157343646433737 0.9540193226112894 0.4083250635527846
-0.3374685407000483 0.9564159396370169 0.3999183743740127
-0.31336364493575913 0.9588125566627445 0.39151168519524066
-0.28925874917146993 0.9612091736884719 0.3831049960164687
-0.26515385340718073 0.9636057907141994 0.37469830683769667
-0.24104895764289158 0.966002407739927 0.3662916176589247
-0.2169440618786025 0.9683990247656544 0.35788492848015274
-0.19283916611431332 0.970795641791382 0.3494782393013808
-0.16873427035002414 0.9731922588171095 0.34107155012260876
-0.14462937458573497 0.9755888758428369 0.3326648609438368
-0.12052447882144579 0.9779854928685645 0.3242581717650648
-0.09641958305715671 0.980382109894292 0.3158514825862928
-0.07231468729286754 0.9827787269200196 0.30744479340752084
-0.04820979152857836 0.985175343945747 0.2990381042287488
-0.02410489576428918 0.9875719609714746 0.29063141504997686
0.0 0.9899685779972021 0.28222472587120484
-0.9400909348072772 0.9167039543611188 0.615845292126398
-0.915986039042988 0.9191005713868464 0.6074386029476261
-0.8918811432786988 0.9214971884125739 0.599031913768854
-0.8677762475144098 0.9238938054383015 0.590625224590082
-0.8436713517501206 0.9262904224640289 0.5822185354113101
-0.8195664559858314 0.9286870394897564 0.5738118462325381
-0.7954615602215422 0.931083656515484 0.5654051570537661
-0.771356664457253 0.9334802735412114 0.5569984678749941
-0.7472517686929641 0.935876890566939 0.5485917786962221
-0.7231468729286749 0.9382735075926665 0.5401850895174501
-0.6990419771643857 0.9406701246183939 0.5317784003386782
-0.6749370814000965 0.9430667416441215 0.5233717111599062
-0.6508321856358072 0.945463358669849 0.5149650219811343
-0.6267272898715183 0.9478599756955766 0.5065583328023623
-0.602622394107229 0.950256592721304 0.4981516436235902
-0.5785174983429399 0.9526532097470316 0.4897449544448183
-0.5544126025786507 0.9550498267727591 0.4813382652660463
-0.5303077068143615 0.9574464437984865 0.4729315760872743
-0.5062028110500725 0.9598430608242141 0.46452488690850235
-0.48209791528578316 0.9622396778499416 0.45611819772973033
-0.45799301952149407 0.9646362948756692 0.44771150855095837
-0.4338881237572049 0.9670329119013966 0.43930481937218635
-0.4097832279929157 0.9694295289271241 0.4308981301934144
-0.3856783322286265 0.9718261459528517 0.42249144101464237
-0.36157343646433737 0.9742227629785791 0.4140847518358704
-0.3374685407000483 0.9766193800043067 0.40567806265709844
-0.31336364493575913 0.9790159970300342 0.3972713734783265
-0.28925874917146993 0.9814126140557616 0.38886468429955445
-0.26515385340718073 0.9838092310814892 0.3804579951207825
-0.24104895764289158 0.9862058481072167 0.37205130594201047
-0.2169440618786025 0.9886024651329443 0.36364461676323856
-0.19283916611431332 0.9909990821586717 0.35523792758446654
-0.16873427035002414 0.9933956991843992 0.3468312384056945
-0.14462937458573497 0.9957923162101268 0.33842454922692256
-0.12052447882144579 0.9981889332358542 0.3300178600481506
-0.09641958305715671 1.0005855502615817 0.3216111708693786
-0.07231468729286754 1.0029821672873094 0.3132044816906066
-0.04820979152857836 1.0053787843130368 0.30479779251183464
-0.02410489576428918 1.0077754013387643 0.2963911033330626
0.0 1.0101720183644918 0.28798441415429066
-0.9400909348072772 0.9369073947284089 0.6216049804094839
-0.915986039042988 0.9393040117541364 0.6131982912307119
-0.8918811432786988 0.9417006287798639 0.6047916020519399
-0.8677762475144098 0.9440972458055914 0.596384912873168
-0.8436713517501206 0.9464938628313189 0.587978223694396
-0.8195664559858314 0.9488904798570464 0.5795715345156239
-0.7954615602215422 0.9512870968827739 0.571164845336852
-0.771356664457253 0.9536837139085015 0.56275815615808
-0.7472517686929641 0.956080330934229 0.554351466979308
-0.7231468729286749 0.9584769479599564 0.5459447778005361
-0.6990419771643857 0.960873564985684 0.537538088621764
-0.6749370814000965 0.9632701820114115 0.529131399442992
-0.6508321856358072 0.965666799037139 0.5207247102642201
-0.6267272898715183 0.9680634160628665 0.5123180210854481
-0.602622394107229 0.9704600330885941 0.503911331906676
-0.5785174983429399 0.9728566501143215 0.4955046427279041
-0.5544126025786507 0.975253267140049 0.48709795354913216
-0.5303077068143615 0.9776498841657766 0.47869126437036014
-0.5062028110500725 0.980046501191504 0.47028457519158817
-0.48209791528578316 0.9824431182172316 0.46187788601281615
-0.45799301952149407 0.9848397352429591 0.4534711968340442
-0.4338881237572049 0.9872363522686866 0.4450645076552722
-0.4097832279929157 0.9896329692944141 0.4366578184765002
-0.3856783322286265 0.9920295863201416 0.42825112929772824
-0.36157343646433737 0.9944262033458692 0.4198444401189562
-0.3374685407000483 0.9968228203715966 0.4114377509401843
-0.31336364493575913 0.9992194373973241 0.4030310617614123
-0.28925874917146993 1.0016160544230517 0.3946243725826403
-0.26515385340718073 1.0040126714487791 0.3862176834038683
-0.24104895764289158 1.0064092884745066 0.37781099422509634
-0.2169440618786025 1.0088059055002343 0.3694043050463244
-0.19283916611431332 1.0112025225259618 0.3609976158675524
-0.16873427035002414 1.0135991395516892 0.3525909266887804
-0.14462937458573497 1.0159957565774167 0.34418423751000843
-0.12052447882144579 1.0183923736031442 0.3357775483312364
-0.09641958305715671 1.0207889906288719 0.32737085915246444
-0.07231468729286754 1.0231856076545993 0.3189641699736925
-0.04820979152857836 1.0255822246803268 0.31055748079492046
-0.02410489576428918 1.0279788417060542 0.3021507916161485
0.0 1.0303754587317817 0.2937441024373765
-0.9400909348072772 0.9571108350956986 0.6273646686925697
-0.915986039042988 0.9595074521214262 0.6189579795137977
-0.8918811432786988 0.9619040691471537 0.6105512903350256
-0.8677762475144098 0.9643006861728811 0.6021446011562537
-0.8436713517501206 0.9666973031986087 0.5937379119774817
-0.8195664559858314 0.9690939202243362 0.5853312227987097
-0.7954615602215422 0.9714905372500637 0.5769245336199378
-0.771356664457253 0.9738871542757912 0.5685178444411657
-0.7472517686929641 0.9762837713015188 0.5601111552623937
-0.7231468729286749 0.9786803883272462 0.5517044660836218
-0.6990419771643857 0.9810770053529737 0.5432977769048498
-0.6749370814000965 0.9834736223787013 0.5348910877260779
-0.6508321856358072 0.9858702394044287 0.5264843985473059
-0.6267272898715183 0.9882668564301563 0.5180777093685339
-0.602622394107229 0.9906634734558838 0.5096710201897618
-0.5785174983429399 0.9930600904816113 0.5012643310109899
-0.5544126025786507 0.9954567075073388 0.4928576418322179
-0.5303077068143615 0.9978533245330663 0.48445095265344595
-0.5062028110500725 1.0002499415587938 0.476044263474674
-0.48209791528578316 1.0026465585845215 0.46763757429590197
-0.45799301952149407 1.005043175610249 0.45923088511713
-0.4338881237572049 1.0074397926359764 0.450824195938358
-0.4097832279929157 1.0098364096617038 0.442417506759586
-0.3856783322286265 1.0122330266874313 0.434010817580814
-0.36157343646433737 1.014629643713159 0.42560412840204204
-0.3374685407000483 1.0170262607388865 0.4171974392232701
-0.31336364493575913 1.019422877764614 0.4087907500444981
-0.28925874917146993 1.0218194947903414 0.4003840608657261
-0.26515385340718073 1.0242161118160689 0.3919773716869541
-0.24104895764289158 1.0266127288417966 0.3835706825081821
-0.2169440618786025 1.029009345867524 0.3751639933294102
-0.19283916611431332 1.0314059628932515 0.3667573041506382
-0.16873427035002414 1.033802579918979 0.3583506149718662
-0.14462937458573497 1.0361991969447064 0.3499439257930942
-0.12052447882144579 1.038595813970434 0.3415372366143222
-0.09641958305715671 1.0409924309961616 0.33313054743555026
-0.07231468729286754 1.043389048021889 0.32472385825677824
-0.04820979152857836 1.0457856650476165 0.3163171690780063
-0.02410489576428918 1.048182282073344 0.30791047989923426
0.0 1.0505788990990717 0.2995037907204623
-0.9400909348072772 0.9773142754629884 0.6331243569756555
-0.915986039042988 0.9797108924887159 0.6247176677968835
-0.8918811432786988 0.9821075095144435 0.6163109786181115
-0.8677762475144098 0.9845041265401709 0.6079042894393395
-0.8436713517501206 0.9869007435658984 0.5994976002605675
-0.8195664559858314 0.989297360591626 0.5910909110817956
-0.7954615602215422 0.9916939776173535 0.5826842219030236
-0.771356664457253 0.994090594643081 0.5742775327242515
-0.7472517686929641 0.9964872116688085 0.5658708435454796
-0.7231468729286749 0.998883828694536 0.5574641543667076
-0.6990419771643857 1.0012804457202635 0.5490574651879356
-0.6749370814000965 1.003677062745991 0.5406507760091637
-0.6508321856358072 1.0060736797717185 0.5322440868303917
-0.6267272898715183 1.008470296797446 0.5238373976516197
-0.602622394107229 1.0108669138231736 0.5154307084728477
-0.5785174983429399 1.013263530848901 0.5070240192940757
-0.5544126025786507 1.0156601478746285 0.49861733011530374
-0.5303077068143615 1.018056764900356 0.49021064093653177
-0.5062028110500725 1.0204533819260835 0.4818039517577598
-0.48209791528578316 1.0228499989518112 0.4733972625789878
-0.45799301952149407 1.0252466159775386 0.4649905734002158
-0.4338881237572049 1.027643233003266 0.4565838842214438
-0.4097832279929157 1.0300398500289936 0.44817719504267184
-0.3856783322286265 1.0324364670547213 0.4397705058638998
-0.36157343646433737 1.0348330840804487 0.43136381668512785
-0.3374685407000483 1.0372297011061762 0.4229571275063559
-0.31336364493575913 1.0396263181319036 0.4145504383275839
-0.28925874917146993 1.0420229351576311 0.4061437491488119
-0.26515385340718073 1.0444195521833588 0.39773705997003994
-0.24104895764289158 1.0468161692090863 0.3893303707912679
-0.2169440618786025 1.0492127862348137 0.38092368161249596
-0.19283916611431332 1.0516094032605412 0.372516992433724
-0.16873427035002414 1.0540060202862687 0.364110303254952
-0.14462937458573497 1.0564026373119964 0.35570361407618
-0.12052447882144579 1.0587992543377238 0.347296924897408
-0.09641958305715671 1.0611958713634513 0.338890235718636
-0.07231468729286754 1.0635924883891787 0.33048354653986406
-0.04820979152857836 1.0659891054149062 0.32207685736109204
-0.02410489576428918 1.068385722440634 0.3136701681823201
0.0 1.0707823394663614 0.3052634790035481
-0.9400909348072772 0.9975177158302784 0.6388840452587413
-0.915986039042988 0.9999143328560058 0.6304773560799694
-0.8918811432786988 1.0023109498817333 0.6220706669011974
-0.8677762475144098 1.004707566907461 0.6136639777224254
-0.8436713517501206 1.0071041839331885 0.6052572885436535
-0.8195664559858314 1.009500800958916 0.5968505993648814
-0.7954615602215422 1.0118974179846434 0.5884439101861094
-0.771356664457253 1.0142940350103709 0.5800372210073375
-0.7472517686929641 1.0166906520360985 0.5716305318285655
-0.7231468729286749 1.019087269061826 0.5632238426497935
-0.6990419771643857 1.0214838860875535 0.5548171534710215
-0.6749370814000965 1.023880503113281 0.5464104642922495
-0.6508321856358072 1.0262771201390084 0.5380037751134775
-0.6267272898715183 1.028673737164736 0.5295970859347056
-0.602622394107229 1.0310703541904636 0.5211903967559335
-0.5785174983429399 1.033466971216191 0.5127837075771616
-0.5544126025786507 1.0358635882419185 0.5043770183983896
-0.5303077068143615 1.0382602052676462 0.4959703292196176
-0.5062028110500725 1.0406568222933736 0.4875636400408456
-0.48209791528578316 1.043053439319101 0.4791569508620736
-0.45799301952149407 1.0454500563448286 0.47075026168330164
-0.4338881237572049 1.047846673370556 0.4623435725045297
-0.4097832279929157 1.0502432903962837 0.45393688332575766
-0.3856783322286265 1.0526399074220112 0.4455301941469857
-0.36157343646433737 1.0550365244477387 0.43712350496821367
-0.3374685407000483 1.0574331414734661 0.4287168157894417
-0.31336364493575913 1.0598297584991936 0.42031012661066974
-0.28925874917146993 1.0622263755249213 0.4119034374318978
-0.26515385340718073 1.0646229925506487 0.40349674825312576
-0.24104895764289158 1.0670196095763762 0.3950900590743538
-0.2169440618786025 1.0694162266021037 0.38668336989558183
-0.19283916611431332 1.0718128436278311 0.3782766807168098
-0.16873427035002414 1.0742094606535588 0.36986999153803785
-0.14462937458573497 1.0766060776792863 0.3614633023592658
-0.12052447882144579 1.0790026947050138 0.35305661318049386
-0.09641958305715671 1.0813993117307412 0.3446499240017219
-0.07231468729286754 1.0837959287564687 0.33624323482294993
-0.04820979152857836 1.0861925457821964 0.3278365456441779
-0.02410489576428918 1.0885891628079238 0.31942985646540595
0.0 1.0909857798336513 0.31102316728663393
-0.9400909348072772 1.017721156197568 0.6446437335418271
-0.915986039042988 1.0201177732232956 0.6362370443630552
-0.8918811432786988 1.0225143902490232 0.6278303551842831
-0.8677762475144098 1.0249110072747507 0.6194236660055111
-0.8436713517501206 1.0273076243004782 0.6110169768267392
-0.8195664559858314 1.0297042413262056 0.6026102876479672
-0.7954615602215422 1.0321008583519333 0.5942035984691952
-0.771356664457253 1.0344974753776608 0.5857969092904232
-0.7472517686929641 1.0368940924033883 0.5773902201116512
-0.7231468729286749 1.0392907094291157 0.5689835309328792
-0.6990419771643857 1.0416873264548432 0.5605768417541073
-0.6749370814000965 1.0440839434805709 0.5521701525753353
-0.6508321856358072 1.0464805605062983 0.5437634633965633
-0.6267272898715183 1.0488771775320258 0.5353567742177914
-0.602622394107229 1.0512737945577533 0.5269500850390193
-0.5785174983429399 1.0536704115834807 0.5185433958602473
-0.5544126025786507 1.0560670286092084 0.5101367066814754
-0.5303077068143615 1.058463645634936 0.5017300175027034
-0.5062028110500725 1.0608602626606634 0.49332332832393144
-0.48209791528578316 1.0632568796863908 0.4849166391451594
-0.45799301952149407 1.0656534967121183 0.47650994996638746
-0.4338881237572049 1.068050113737846 0.46810326078761544
-0.4097832279929157 1.0704467307635734 0.4596965716088435
-0.3856783322286265 1.072843347789301 0.45128988243007145
-0.36157343646433737 1.0752399648150284 0.4428831932512995
-0.3374685407000483 1.0776365818407558 0.4344765040725275
-0.31336364493575913 1.0800331988664835 0.42606981489375556
-0.28925874917146993 1.082429815892211 0.41766312571498354
-0.26515385340718073 1.0848264329179385 0.4092564365362116
-0.24104895764289158 1.087223049943666 0.40084974735743956
-0.2169440618786025 1.0896196669693934 0.3924430581786676
-0.19283916611431332 1.092016283995121 0.3840363689998956
-0.16873427035002414 1.0944129010208485 0.3756296798211236
-0.14462937458573497 1.096809518046576 0.36722299064235164
-0.12052447882144579 1.0992061350723035 0.3588163014635796
-0.09641958305715671 1.101602752098031 0.3504096122848077
-0.07231468729286754 1.1039993691237586 0.3420029231060357
-0.04820979152857836 1.106395986149486 0.33359623392726373
-0.02410489576428918 1.1087926031752136 0.3251895447484917
0.0 1.111189220200941 0.31678285556971975
-0.9400909348072772 1.0379245965648578 0.650403421824913
-0.915986039042988 1.0403212135905855 0.641996732646141
-0.8918811432786988 1.042717830616313 0.6335900434673689
-0.8677762475144098 1.0451144476420404 0.625183354288597
-0.8436713517501206 1.0475110646677679 0.616776665109825
-0.8195664559858314 1.0499076816934954 0.608369975931053
-0.7954615602215422 1.052304298719223 0.599963286752281
-0.771356664457253 1.0547009157449505 0.591556597573509
-0.7472517686929641 1.057097532770678 0.583149908394737
-0.7231468729286749 1.0594941497964054 0.574743219215965
-0.6990419771643857 1.061890766822133 0.5663365300371931
-0.6749370814000965 1.0642873838478606 0.5579298408584211
-0.6508321856358072 1.066684000873588 0.549523151679649
-0.6267272898715183 1.0690806178993155 0.5411164625008772
-0.602622394107229 1.071477234925043 0.5327097733221051
-0.5785174983429399 1.0738738519507705 0.5243030841433332
-0.5544126025786507 1.0762704689764981 0.5158963949645612
-0.5303077068143615 1.0786670860022256 0.5074897057857892
-0.5062028110500725 1.081063703027953 0.4990830166070172
-0.48209791528578316 1.0834603200536805 0.4906763274282452
-0.45799301952149407 1.0858569370794082 0.4822696382494732
-0.4338881237572049 1.0882535541051357 0.47386294907070126
-0.4097832279929157 1.0906501711308632 0.46545625989192924
-0.3856783322286265 1.0930467881565906 0.45704957071315727
-0.36157343646433737 1.095443405182318 0.44864288153438525
-0.3374685407000483 1.0978400222080458 0.44023619235561334
-0.31336364493575913 1.1002366392337732 0.4318295031768413
-0.28925874917146993 1.1026332562595007 0.42342281399806936
-0.26515385340718073 1.1050298732852282 0.41501612481929734
-0.24104895764289158 1.1074264903109556 0.4066094356405254
-0.2169440618786025 1.1098231073366833 0.3982027464617534
-0.19283916611431332 1.1122197243624108 0.38979605728298145
-0.16873427035002414 1.1146163413881383 0.3813893681042094
-0.14462937458573497 1.1170129584138657 0.37298267892543746
-0.12052447882144579 1.1194095754395932 0.36457598974666544
-0.09641958305715671 1.1218061924653209 0.3561693005678935
-0.07231468729286754 1.1242028094910483 0.3477626113891215
-0.04820979152857836 1.1265994265167758 0.3393559222103495
-0.02410489576428918 1.1289960435425033 0.3309492330315775
0.0 1.1313926605682307 0.3225425438528055
-0.9400909348072772 1.058128036932148 0.6561631101079988
-0.915986039042988 1.0605246539578754 0.6477564209292268
-0.8918811432786988 1.062921270983603 0.6393497317504547
-0.8677762475144098 1.0653178880093304 0.6309430425716828
-0.8436713517501206 1.0677145050350578 0.6225363533929108
-0.8195664559858314 1.0701111220607855 0.6141296642141388
-0.7954615602215422 1.072507739086513 0.6057229750353669
-0.771356664457253 1.0749043561122404 0.5973162858565948
-0.7472517686929641 1.077300973137968 0.5889095966778228
-0.7231468729286749 1.0796975901636954 0.5805029074990509
-0.6990419771643857 1.082094207189423 0.5720962183202789
-0.6749370814000965 1.0844908242151505 0.5636895291415069
-0.6508321856358072 1.086887441240878 0.555282839962735
-0.6267272898715183 1.0892840582666055 0.546876150783963
-0.602622394107229 1.0916806752923331 0.5384694616051909
-0.5785174983429399 1.0940772923180606 0.530062772426419
-0.5544126025786507 1.096473909343788 0.521656083247647
-0.5303077068143615 1.0988705263695155 0.513249394068875
-0.5062028110500725 1.101267143395243 0.5048427048901031
-0.48209791528578316 1.1036637604209707 0.49643601571133106
-0.45799301952149407 1.1060603774466982 0.4880293265325591
-0.4338881237572049 1.1084569944724256 0.4796226373537871
-0.4097832279929157 1.110853611498153 0.4712159481750151
-0.3856783322286265 1.1132502285238806 0.4628092589962431
-0.36157343646433737 1.1156468455496082 0.4544025698174711
-0.3374685407000483 1.1180434625753357 0.44599588063869916
-0.31336364493575913 1.1204400796010632 0.4375891914599272
-0.28925874917146993 1.1228366966267906 0.4291825022811552
-0.26515385340718073 1.125233313652518 0.4207758131023832
-0.24104895764289158 1.1276299306782458 0.4123691239236112
-0.2169440618786025 1.1300265477039733 0.4039624347448393
-0.19283916611431332 1.1324231647297007 0.39555574556606726
-0.16873427035002414 1.1348197817554282 0.3871490563872953
-0.14462937458573497 1.1372163987811557 0.3787423672085233
-0.12052447882144579 1.1396130158068833 0.3703356780297513
-0.09641958305715671 1.1420096328326108 0.36192898885097935
-0.07231468729286754 1.1444062498583383 0.35352229967220733
-0.04820979152857836 1.1468028668840657 0.34511561049343537
-0.02410489576428918 1.1491994839097932 0.33670892131466335
0.0 1.151596100935521 0.3283022321358914
-0.9400909348072772 1.0783314772994377 0.6619227983910846
-0.915986039042988 1.0807280943251651 0.6535161092123126
-0.8918811432786988 1.0831247113508926 0.6451094200335405
-0.8677762475144098 1.08552132837662 0.6367027308547686
-0.8436713517501206 1.0879179454023478 0.6282960416759966
-0.8195664559858314 1.0903145624280752 0.6198893524972247
-0.7954615602215422 1.0927111794538027 0.6114826633184527
-0.771356664457253 1.0951077964795302 0.6030759741396806
-0.7472517686929641 1.0975044135052576 0.5946692849609087
-0.7231468729286749 1.0999010305309853 0.5862625957821367
-0.6990419771643857 1.1022976475567128 0.5778559066033647
-0.6749370814000965 1.1046942645824402 0.5694492174245928
-0.6508321856358072 1.1070908816081677 0.5610425282458207
-0.6267272898715183 1.1094874986338952 0.5526358390670488
-0.602622394107229 1.1118841156596229 0.5442291498882768
-0.5785174983429399 1.1142807326853503 0.5358224607095048
-0.5544126025786507 1.1166773497110778 0.5274157715307328
-0.5303077068143615 1.1190739667368053 0.5190090823519609
-0.5062028110500725 1.1214705837625327 0.5106023931731889
-0.48209791528578316 1.1238672007882604 0.5021957039944168
-0.45799301952149407 1.1262638178139879 0.49378901481564486
-0.4338881237572049 1.1286604348397153 0.4853823256368729
-0.4097832279929157 1.1310570518654428 0.47697563645810087
-0.3856783322286265 1.1334536688911705 0.4685689472793289
-0.36157343646433737 1.135850285916898 0.4601622581005569
-0.3374685407000483 1.1382469029426254 0.451755568921785
-0.31336364493575913 1.140643519968353 0.44334887974301296
-0.28925874917146993 1.1430401369940804 0.434942190564241
-0.26515385340718073 1.145436754019808 0.426535501385469
-0.24104895764289158 1.1478333710455355 0.418128812206697
-0.2169440618786025 1.150229988071263 0.40972212302792504
-0.19283916611431332 1.1526266050969904 0.4013154338491531
-0.16873427035002414 1.155023222122718 0.39290874467038106
-0.14462937458573497 1.1574198391484456 0.3845020554916091
-0.12052447882144579 1.159816456174173 0.3760953663128371
-0.09641958305715671 1.1622130731999005 0.3676886771340651
-0.07231468729286754 1.164609690225628 0.35928198795529315
-0.04820979152857836 1.1670063072513555 0.3508752987765211
-0.02410489576428918 1.1694029242770831 0.34246860959774916
0.0 1.1717995413028106 0.33406192041897714
-0.9400909348072772 1.0985349176667274 0.6676824866741703
-0.915986039042988 1.1009315346924549 0.6592757974953983
-0.8918811432786988 1.1033281517181825 0.6508691083166264
-0.8677762475144098 1.10572476874391 0.6424624191378544
-0.8436713517501206 1.1081213857696375 0.6340557299590824
-0.8195664559858314 1.110518002795365 0.6256490407803104
-0.7954615602215422 1.1129146198210924 0.6172423516015384
-0.771356664457253 1.11531123684682 0.6088356624227664
-0.7472517686929641 1.1177078538725476 0.6004289732439945
-0.7231468729286749 1.120104470898275 0.5920222840652225
-0.6990419771643857 1.1225010879240025 0.5836155948864505
-0.6749370814000965 1.12489770494973 0.5752089057076785
-0.6508321856358072 1.1272943219754576 0.5668022165289065
-0.6267272898715183 1.1296909390011851 0.5583955273501345
-0.602622394107229 1.1320875560269126 0.5499888381713626
-0.5785174983429399 1.13448417305264 0.5415821489925906
-0.5544126025786507 1.1368807900783675 0.5331754598138186
-0.5303077068143615 1.1392774071040952 0.5247687706350466
-0.5062028110500725 1.1416740241298227 0.5163620814562746
-0.48209791528578316 1.1440706411555501 0.5079553922775026
-0.45799301952149407 1.1464672581812776 0.4995487030987307
-0.4338881237572049 1.148863875207005 0.49114201391995865
-0.4097832279929157 1.1512604922327327 0.4827353247411867
-0.3856783322286265 1.1536571092584602 0.47432863556241467
-0.36157343646433737 1.1560537262841877 0.4659219463836427
-0.3374685407000483 1.1584503433099151 0.45751525720487074
-0.31336364493575913 1.1608469603356426 0.4491085680260988
-0.28925874917146993 1.1632435773613703 0.44070187884732676
-0.26515385340718073 1.1656401943870978 0.4322951896685548
-0.24104895764289158 1.1680368114128252 0.42388850048978277
-0.2169440618786025 1.1704334284385527 0.41548181131101086
-0.19283916611431332 1.1728300454642802 0.40707512213223884
-0.16873427035002414 1.1752266624900078 0.3986684329534669
-0.14462937458573497 1.1776232795157353 0.39026174377469486
-0.12052447882144579 1.1800198965414628 0.3818550545959229
-0.09641958305715671 1.1824165135671902 0.37344836541715093
-0.07231468729286754 1.1848131305929177 0.3650416762383789
-0.04820979152857836 1.1872097476186454 0.35663498705960694
-0.02410489576428918 1.1896063646443729 0.3482282978808349
0.0 1.1920029816701003 0.33982160870206296
-0.9400909348072772 1.1187383580340173 0.6734421749572562
-0.915986039042988 1.1211349750597448 0.6650354857784843
-0.8918811432786988 1.1235315920854725 0.6566287965997122
-0.8677762475144098 1.1259282091112 0.6482221074209402
-0.8436713517501206 1.1283248261369274 0.6398154182421683
-0.8195664559858314 1.1307214431626549 0.6314087290633963
-0.7954615602215422 1.1331180601883826 0.6230020398846243
-0.771356664457253 1.13551467721411 0.6145953507058523
-0.7472517686929641 1.1379112942398375 0.6061886615270803
-0.7231468729286749 1.140307911265565 0.5977819723483083
-0.6990419771643857 1.1427045282912924 0.5893752831695364
-0.6749370814000965 1.1451011453170201 0.5809685939907644
-0.6508321856358072 1.1474977623427476 0.5725619048119924
-0.6267272898715183 1.149894379368475 0.5641552156332205
-0.602622394107229 1.1522909963942025 0.5557485264544484
-0.5785174983429399 1.15468761341993 0.5473418372756764
-0.5544126025786507 1.1570842304456577 0.5389351480969045
-0.5303077068143615 1.1594808474713851 0.5305284589181325
-0.5062028110500725 1.1618774644971126 0.5221217697393605
-0.48209791528578316 1.16427408152284 0.5137150805605885
-0.45799301952149407 1.1666706985485675 0.5053083913818165
-0.4338881237572049 1.1690673155742952 0.4969017022030445
-0.4097832279929157 1.1714639326000227 0.48849501302427256
-0.3856783322286265 1.1738605496257501 0.48008832384550054
-0.36157343646433737 1.1762571666514776 0.4716816346667286
-0.3374685407000483 1.178653783677205 0.4632749454879566
-0.31336364493575913 1.1810504007029328 0.45486825630918465
-0.28925874917146993 1.1834470177286602 0.44646156713041263
-0.26515385340718073 1.1858436347543877 0.43805487795164066
-0.24104895764289158 1.1882402517801152 0.42964818877286864
-0.2169440618786025 1.1906368688058426 0.4212414995940967
-0.19283916611431332 1.1930334858315703 0.4128348104153247
-0.16873427035002414 1.1954301028572978 0.4044281212365527
-0.14462937458573497 1.1978267198830252 0.39602143205778073
-0.12052447882144579 1.2002233369087527 0.3876147428790087
-0.09641958305715671 1.2026199539344802 0.37920805370023675
-0.07231468729286754 1.2050165709602079 0.3708013645214648
-0.04820979152857836 1.2074131879859353 0.3623946753426928
-0.02410489576428918 1.2098098050116628 0.3539879861639208
0.0 1.2122064220373903 0.34558129698514883
-0.9400909348072772 1.138941798401307 0.679201863240342
-0.915986039042988 1.1413384154270347 0.6707951740615701
-0.8918811432786988 1.1437350324527622 0.662388484882798
-0.8677762475144098 1.1461316494784897 0.653981795704026
-0.8436713517501206 1.1485282665042171 0.6455751065252541
-0.8195664559858314 1.1509248835299446 0.6371684173464821
-0.7954615602215422 1.1533215005556723 0.6287617281677101
-0.771356664457253 1.1557181175813998 0.6203550389889381
-0.7472517686929641 1.1581147346071272 0.6119483498101661
-0.7231468729286749 1.1605113516328547 0.6035416606313941
-0.6990419771643857 1.1629079686585821 0.5951349714526222
-0.6749370814000965 1.1653045856843098 0.5867282822738502
-0.6508321856358072 1.1677012027100373 0.5783215930950781
-0.6267272898715183 1.1700978197357648 0.5699149039163063
-0.602622394107229 1.1724944367614922 0.5615082147375342
-0.5785174983429399 1.17489105378722 0.5531015255587622
-0.5544126025786507 1.1772876708129474 0.5446948363799903
-0.5303077068143615 1.1796842878386748 0.5362881472012183
-0.5062028110500725 1.1820809048644023 0.5278814580224463
-0.48209791528578316 1.1844775218901298 0.5194747688436743
-0.45799301952149407 1.1868741389158575 0.5110680796649023
-0.4338881237572049 1.189270755941585 0.5026613904861303
-0.4097832279929157 1.1916673729673124 0.4942547013073583
-0.3856783322286265 1.1940639899930399 0.48584801212858636
-0.36157343646433737 1.1964606070187673 0.47744132294981434
-0.3374685407000483 1.198857224044495 0.4690346337710424
-0.31336364493575913 1.2012538410702225 0.4606279445922704
-0.28925874917146993 1.20365045809595 0.45222125541349845
-0.26515385340718073 1.2060470751216774 0.4438145662347264
-0.24104895764289158 1.2084436921474049 0.43540787705595446
-0.2169440618786025 1.2108403091731326 0.4270011878771825
-0.19283916611431332 1.21323692619886 0.4185944986984105
-0.16873427035002414 1.2156335432245875 0.4101878095196385
-0.14462937458573497 1.218030160250315 0.4017811203408665
-0.12052447882144579 1.2204267772760424 0.39337443116209453
-0.09641958305715671 1.2228233943017701 0.38496774198332256
-0.07231468729286754 1.2252200113274976 0.3765610528045506
-0.04820979152857836 1.227616628353225 0.3681543636257786
-0.02410489576428918 1.2300132453789525 0.3597476744470066
0.0 1.23240986240468 0.3513409852682346
-0.9400909348072772 1.159145238768597 0.6849615515234277
-0.915986039042988 1.1615418557943245 0.6765548623446558
-0.8918811432786988 1.163938472820052 0.6681481731658838
-0.8677762475144098 1.1663350898457794 0.6597414839871119
-0.8436713517501206 1.168731706871507 0.6513347948083399
-0.8195664559858314 1.1711283238972345 0.6429281056295678
-0.7954615602215422 1.173524940922962 0.6345214164507958
-0.771356664457253 1.1759215579486895 0.6261147272720239
-0.7472517686929641 1.178318174974417 0.6177080380932519
-0.7231468729286749 1.1807147920001446 0.60930134891448
-0.6990419771643857 1.183111409025872 0.600894659735708
-0.6749370814000965 1.1855080260515996 0.5924879705569359
-0.6508321856358072 1.187904643077327 0.584081281378164
-0.6267272898715183 1.1903012601030545 0.575674592199392
-0.602622394107229 1.1926978771287822 0.56726790302062
-0.5785174983429399 1.1950944941545096 0.5588612138418481
-0.5544126025786507 1.197491111180237 0.5504545246630761
-0.5303077068143615 1.1998877282059646 0.542047835484304
-0.5062028110500725 1.202284345231692 0.533641146305532
-0.48209791528578316 1.2046809622574197 0.5252344571267601
-0.45799301952149407 1.2070775792831472 0.5168277679479881
-0.4338881237572049 1.2094741963088746 0.5084210787692162
-0.4097832279929157 1.2118708133346021 0.5000143895904441
-0.3856783322286265 1.2142674303603296 0.4916077004116721
-0.36157343646433737 1.2166640473860573 0.48320101123290016
-0.3374685407000483 1.2190606644117847 0.4747943220541282
-0.31336364493575913 1.2214572814375122 0.46638763287535623
-0.28925874917146993 1.2238538984632397 0.4579809436965842
-0.26515385340718073 1.2262505154889671 0.44957425451781224
-0.24104895764289158 1.2286471325146948 0.4411675653390402
-0.2169440618786025 1.2310437495404223 0.43276087616026826
-0.19283916611431332 1.2334403665661497 0.4243541869814963
-0.16873427035002414 1.2358369835918772 0.4159474978027243
-0.14462937458573497 1.2382336006176047 0.4075408086239523
-0.12052447882144579 1.2406302176433324 0.3991341194451803
-0.09641958305715671 1.2430268346690598 0.3907274302664084
-0.07231468729286754 1.2454234516947873 0.38232074108763636
-0.04820979152857836 1.2478200687205148 0.3739140519088644
-0.02410489576428918 1.2502166857462422 0.3655073627300924
0.0 1.25261330277197 0.3571006735513204
-0.9400909348072772 1.179348679135887 0.6907212398065137
-0.915986039042988 1.1817452961616144 0.6823145506277417
-0.8918811432786988 1.1841419131873419 0.6739078614489696
-0.8677762475144098 1.1865385302130693 0.6655011722701977
-0.8436713517501206 1.188935147238797 0.6570944830914257
-0.8195664559858314 1.1913317642645245 0.6486877939126537
-0.7954615602215422 1.193728381290252 0.6402811047338818
-0.771356664457253 1.1961249983159794 0.6318744155551097
-0.7472517686929641 1.1985216153417069 0.6234677263763377
-0.7231468729286749 1.2009182323674346 0.6150610371975658
-0.6990419771643857 1.203314849393162 0.6066543480187938
-0.6749370814000965 1.2057114664188895 0.5982476588400218
-0.6508321856358072 1.208108083444617 0.5898409696612498
-0.6267272898715183 1.2105047004703444 0.5814342804824779
-0.602622394107229 1.212901317496072 0.5730275913037058
-0.5785174983429399 1.2152979345217996 0.5646209021249339
-0.5544126025786507 1.217694551547527 0.5562142129461619
-0.5303077068143615 1.2200911685732545 0.54780752376739
-0.5062028110500725 1.222487785598982 0.539400834588618
-0.48209791528578316 1.2248844026247097 0.5309941454098459
-0.45799301952149407 1.2272810196504371 0.5225874562310739
-0.4338881237572049 1.2296776366761646 0.514180767052302
-0.4097832279929157 1.232074253701892 0.50577407787353
-0.3856783322286265 1.2344708707276197 0.497367388694758
-0.36157343646433737 1.2368674877533472 0.488960699515986
-0.3374685407000483 1.2392641047790747 0.48055401033721407
-0.31336364493575913 1.2416607218048021 0.47214732115844205
-0.28925874917146993 1.2440573388305296 0.4637406319796701
-0.26515385340718073 1.2464539558562573 0.45533394280089806
-0.24104895764289158 1.2488505728819848 0.4469272536221261
-0.2169440618786025 1.2512471899077122 0.43852056444335413
-0.19283916611431332 1.2536438069334397 0.43011387526458217
-0.16873427035002414 1.2560404239591672 0.42170718608581015
-0.14462937458573497 1.2584370409848948 0.4133004969070382
-0.12052447882144579 1.2608336580106223 0.40489380772826616
-0.09641958305715671 1.2632302750363498 0.3964871185494942
-0.07231468729286754 1.2656268920620772 0.38808042937072224
-0.04820979152857836 1.2680235090878047 0.3796737401919502
-0.02410489576428918 1.2704201261135324 0.37126705101317825
0.0 1.2728167431392599 0.36286036183440623
-0.9400909348072772 1.1995521195031766 0.6964809280895994
-0.915986039042988 1.201948736528904 0.6880742389108274
-0.8918811432786988 1.2043453535546318 0.6796675497320555
-0.8677762475144098 1.2067419705803593 0.6712608605532835
-0.8436713517501206 1.2091385876060867 0.6628541713745115
-0.8195664559858314 1.2115352046318142 0.6544474821957394
-0.7954615602215422 1.2139318216575417 0.6460407930169675
-0.771356664457253 1.2163284386832693 0.6376341038381955
-0.7472517686929641 1.2187250557089968 0.6292274146594236
-0.7231468729286749 1.2211216727347243 0.6208207254806516
-0.6990419771643857 1.2235182897604517 0.6124140363018796
-0.6749370814000965 1.2259149067861792 0.6040073471231076
-0.6508321856358072 1.228311523811907 0.5956006579443356
-0.6267272898715183 1.2307081408376344 0.5871939687655636
-0.602622394107229 1.2331047578633618 0.5787872795867917
-0.5785174983429399 1.2355013748890893 0.5703805904080197
-0.5544126025786507 1.2378979919148168 0.5619739012292477
-0.5303077068143615 1.2402946089405444 0.5535672120504757
-0.5062028110500725 1.242691225966272 0.5451605228717037
-0.48209791528578316 1.2450878429919994 0.5367538336929317
-0.45799301952149407 1.2474844600177268 0.5283471445141598
-0.4338881237572049 1.2498810770434543 0.5199404553353878
-0.4097832279929157 1.252277694069182 0.5115337661566157
-0.3856783322286265 1.2546743110949095 0.5031270769778438
-0.36157343646433737 1.257070928120637 0.4947203877990718
-0.3374685407000483 1.2594675451463644 0.48631369862029983
-0.31336364493575913 1.2618641621720919 0.47790700944152786
-0.28925874917146993 1.2642607791978195 0.46950032026275584
-0.26515385340718073 1.266657396223547 0.4610936310839839
-0.24104895764289158 1.2690540132492745 0.45268694190521186
-0.2169440618786025 1.271450630275002 0.44428025272643995
-0.19283916611431332 1.2738472473007294 0.43587356354766793
-0.16873427035002414 1.276243864326457 0.42746687436889597
-0.14462937458573497 1.2786404813521846 0.41906018519012395
-0.12052447882144579 1.281037098377912 0.410653496011352
-0.09641958305715671 1.2834337154036395 0.40224680683258
-0.07231468729286754 1.285830332429367 0.393840117653808
-0.04820979152857836 1.2882269494550946 0.38543342847503603
-0.02410489576428918 1.290623566480822 0.377026739296264
0.0 1.2930201835065496 0.36862005011749205
-0.9400909348072772 1.2197555598704664 0.7022406163726852
-0.915986039042988 1.2221521768961938 0.6938339271939132
-0.8918811432786988 1.2245487939219215 0.6854272380151413
-0.8677762475144098 1.226945410947649 0.6770205488363693
-0.8436713517501206 1.2293420279733764 0.6686138596575973
-0.8195664559858314 1.231738644999104 0.6602071704788253
-0.7954615602215422 1.2341352620248316 0.6518004813000533
-0.771356664457253 1.236531879050559 0.6433937921212813
-0.7472517686929641 1.2389284960762865 0.6349871029425094
-0.7231468729286749 1.241325113102014 0.6265804137637374
-0.6990419771643857 1.2437217301277415 0.6181737245849653
-0.6749370814000965 1.2461183471534691 0.6097670354061934
-0.6508321856358072 1.2485149641791966 0.6013603462274214
-0.6267272898715183 1.250911581204924 0.5929536570486494
-0.602622394107229 1.2533081982306515 0.5845469678698774
-0.5785174983429399 1.255704815256379 0.5761402786911055
-0.5544126025786507 1.2581014322821067 0.5677335895123334
-0.5303077068143615 1.2604980493078342 0.5593269003335615
-0.5062028110500725 1.2628946663335616 0.5509202111547895
-0.48209791528578316 1.265291283359289 0.5425135219760175
-0.45799301952149407 1.2676879003850166 0.5341068327972456
-0.4338881237572049 1.2700845174107442 0.5257001436184735
-0.4097832279929157 1.2724811344364717 0.5172934544397015
-0.3856783322286265 1.2748777514621992 0.5088867652609296
-0.36157343646433737 1.2772743684879266 0.5004800760821576
-0.3374685407000483 1.279670985513654 0.49207338690338565
-0.31336364493575913 1.2820676025393818 0.4836666977246136
-0.28925874917146993 1.2844642195651093 0.47526000854584166
-0.26515385340718073 1.2868608365908367 0.46685331936706964
-0.24104895764289158 1.2892574536165642 0.4584466301882977
-0.2169440618786025 1.2916540706422917 0.4500399410095257
-0.19283916611431332 1.2940506876680193 0.44163325183075375
-0.16873427035002414 1.2964473046937468 0.43322656265198173
-0.14462937458573497 1.2988439217194743 0.42481987347320976
-0.12052447882144579 1.3012405387452017 0.41641318429443774
-0.09641958305715671 1.3036371557709292 0.4080064951156658
-0.07231468729286754 1.3060337727966569 0.3995998059368938
-0.04820979152857836 1.3084303898223844 0.3911931167581218
-0.02410489576428918 1.3108270068481118 0.38278642757934983
0.0 1.3132236238738393 0.3743797384005778
-0.9400909348072772 1.2399590002377563 0.7080003046557711
-0.915986039042988 1.242355617263484 0.6995936154769992
-0.8918811432786988 1.2447522342892114 0.6911869262982271
-0.8677762475144098 1.247148851314939 0.6827802371194551
-0.8436713517501206 1.2495454683406664 0.6743735479406832
-0.8195664559858314 1.2519420853663938 0.6659668587619112
-0.7954615602215422 1.2543387023921215 0.6575601695831392
-0.771356664457253 1.256735319417849 0.6491534804043672
-0.7472517686929641 1.2591319364435765 0.6407467912255952
-0.7231468729286749 1.261528553469304 0.6323401020468232
-0.6990419771643857 1.2639251704950314 0.6239334128680513
-0.6749370814000965 1.266321787520759 0.6155267236892793
-0.6508321856358072 1.2687184045464865 0.6071200345105072
-0.6267272898715183 1.271115021572214 0.5987133453317354
-0.602622394107229 1.2735116385979415 0.5903066561529633
-0.5785174983429399 1.2759082556236692 0.5818999669741913
-0.5544126025786507 1.2783048726493966 0.5734932777954194
-0.5303077068143615 1.280701489675124 0.5650865886166474
-0.5062028110500725 1.2830981067008516 0.5566798994378754
-0.48209791528578316 1.285494723726579 0.5482732102591034
-0.45799301952149407 1.2878913407523067 0.5398665210803314
-0.4338881237572049 1.2902879577780342 0.5314598319015594
-0.4097832279929157 1.2926845748037616 0.5230531427227875
-0.3856783322286265 1.295081191829489 0.5146464535440154
-0.36157343646433737 1.2974778088552166 0.5062397643652434
-0.3374685407000483 1.2998744258809443 0.49783307518647146
-0.31336364493575913 1.3022710429066717 0.4894263860076995
-0.28925874917146993 1.3046676599323992 0.48101969682892753
-0.26515385340718073 1.3070642769581267 0.4726130076501555
-0.24104895764289158 1.3094608939838541 0.46420631847138355
-0.2169440618786025 1.3118575110095818 0.4557996292926116
-0.19283916611431332 1.3142541280353093 0.44739294011383957
-0.16873427035002414 1.3166507450610367 0.4389862509350676
-0.14462937458573497 1.3190473620867642 0.4305795617562956
-0.12052447882144579 1.3214439791124917 0.4221728725775236
-0.09641958305715671 1.3238405961382194 0.41376618339875165
-0.07231468729286754 1.3262372131639468 0.4053594942199797
-0.04820979152857836 1.3286338301896743 0.39695280504120767
-0.02410489576428918 1.3310304472154018 0.3885461158624357
0.0 1.3334270642411292 0.3801394266836637
-0.9400909348072772 1.2601624406050462 0.7137599929388568
-0.915986039042988 1.2625590576307737 0.7053533037600849
-0.8918811432786988 1.2649556746565012 0.6969466145813129
-0.8677762475144098 1.2673522916822286 0.6885399254025409
-0.8436713517501206 1.2697489087079563 0.680133236223769
-0.8195664559858314 1.2721455257336838 0.6717265470449969
-0.7954615602215422 1.2745421427594112 0.6633198578662249
-0.771356664457253 1.2769387597851387 0.654913168687453
-0.7472517686929641 1.2793353768108662 0.646506479508681
-0.7231468729286749 1.2817319938365939 0.638099790329909
-0.6990419771643857 1.2841286108623213 0.6296931011511371
-0.6749370814000965 1.2865252278880488 0.621286411972365
-0.6508321856358072 1.2889218449137763 0.612879722793593
-0.6267272898715183 1.2913184619395037 0.6044730336148211
-0.602622394107229 1.2937150789652314 0.5960663444360491
-0.5785174983429399 1.2961116959909589 0.5876596552572771
-0.5544126025786507 1.2985083130166863 0.5792529660785052
-0.5303077068143615 1.3009049300424138 0.5708462768997331
-0.5062028110500725 1.3033015470681413 0.5624395877209611
-0.48209791528578316 1.305698164093869 0.5540328985421892
-0.45799301952149407 1.3080947811195964 0.5456262093634172
-0.4338881237572049 1.310491398145324 0.5372195201846452
-0.4097832279929157 1.3128880151710514 0.5288128310058732
-0.3856783322286265 1.3152846321967788 0.5204061418271012
-0.36157343646433737 1.3176812492225065 0.5119994526483292
-0.3374685407000483 1.320077866248234 0.5035927634695573
-0.31336364493575913 1.3224744832739614 0.4951860742907853
-0.28925874917146993 1.324871100299689 0.4867793851120133
-0.26515385340718073 1.3272677173254164 0.47837269593324133
-0.24104895764289158 1.329664334351144 0.4699660067544693
-0.2169440618786025 1.3320609513768715 0.46155931757569735
-0.19283916611431332 1.334457568402599 0.4531526283969254
-0.16873427035002414 1.3368541854283265 0.44474593921815336
-0.14462937458573497 1.339250802454054 0.4363392500393814
-0.12052447882144579 1.3416474194797816 0.4279325608606094
-0.09641958305715671 1.344044036505509 0.4195258716818374
-0.07231468729286754 1.3464406535312365 0.41111918250306545
-0.04820979152857836 1.348837270556964 0.4027124933242935
-0.02410489576428918 1.3512338875826915 0.39430580414552147
0.0 1.3536305046084192 0.3858991149667495
-0.9400909348072772 1.280365880972336 0.7195196812219427
-0.915986039042988 1.2827624979980634 0.7111129920431707
-0.8918811432786988 1.2851591150237909 0.7027063028643987
-0.8677762475144098 1.2875557320495183 0.6942996136856268
-0.8436713517501206 1.289952349075246 0.6858929245068548
-0.8195664559858314 1.2923489661009735 0.6774862353280827
-0.7954615602215422 1.294745583126701 0.6690795461493108
-0.771356664457253 1.2971422001524284 0.6606728569705388
-0.7472517686929641 1.2995388171781561 0.6522661677917668
-0.7231468729286749 1.3019354342038836 0.6438594786129949
-0.6990419771643857 1.304332051229611 0.6354527894342228
-0.6749370814000965 1.3067286682553385 0.6270461002554508
-0.6508321856358072 1.309125285281066 0.6186394110766789
-0.6267272898715183 1.3115219023067937 0.6102327218979069
-0.602622394107229 1.3139185193325211 0.6018260327191348
-0.5785174983429399 1.3163151363582486 0.593419343540363
-0.5544126025786507 1.318711753383976 0.5850126543615909
-0.5303077068143615 1.3211083704097035 0.5766059651828189
-0.5062028110500725 1.3235049874354312 0.568199276004047
-0.48209791528578316 1.3259016044611587 0.559792586825275
-0.45799301952149407 1.3282982214868861 0.551385897646503
-0.4338881237572049 1.3306948385126136 0.542979208467731
-0.4097832279929157 1.333091455538341 0.534572519288959
-0.3856783322286265 1.3354880725640688 0.526165830110187
-0.36157343646433737 1.3378846895897962 0.5177591409314151
-0.3374685407000483 1.3402813066155237 0.5093524517526431
-0.31336364493575913 1.3426779236412512 0.5009457625738711
-0.28925874917146993 1.3450745406669786 0.4925390733950991
-0.26515385340718073 1.3474711576927063 0.4841323842163271
-0.24104895764289158 1.3498677747184338 0.47572569503755513
-0.2169440618786025 1.3522643917441612 0.46731900585878317
-0.19283916611431332 1.3546610087698887 0.45891231668001115
-0.16873427035002414 1.3570576257956162 0.4505056275012392
-0.14462937458573497 1.3594542428213439 0.44209893832246716
-0.12052447882144579 1.3618508598470713 0.4336922491436952
-0.09641958305715671 1.3642474768727988 0.42528555996492323
-0.07231468729286754 1.3666440938985263 0.41687887078615127
-0.04820979152857836 1.3690407109242537 0.40847218160737925
-0.02410489576428918 1.3714373279499814 0.4000654924286073
0.0 1.3738339449757089 0.39165880324983526
-0.9400909348072772 1.3005693213396259 0.7252793695050285
-0.915986039042988 1.3029659383653533 0.7168726803262565
-0.8918811432786988 1.305362555391081 0.7084659911474845
-0.8677762475144098 1.3077591724168085 0.7000593019687126
-0.8436713517501206 1.310155789442536 0.6916526127899406
-0.8195664559858314 1.3125524064682634 0.6832459236111685
-0.7954615602215422 1.314949023493991 0.6748392344323966
-0.771356664457253 1.3173456405197186 0.6664325452536246
-0.7472517686929641 1.319742257545446 0.6580258560748526
-0.7231468729286749 1.3221388745711735 0.6496191668960807
-0.6990419771643857 1.324535491596901 0.6412124777173087
-0.6749370814000965 1.3269321086226284 0.6328057885385366
-0.6508321856358072 1.3293287256483561 0.6243990993597647
-0.6267272898715183 1.3317253426740836 0.6159924101809927
-0.602622394107229 1.334121959699811 0.6075857210022207
-0.5785174983429399 1.3365185767255385 0.5991790318234488
-0.5544126025786507 1.338915193751266 0.5907723426446768
-0.5303077068143615 1.3413118107769937 0.5823656534659047
-0.5062028110500725 1.3437084278027212 0.5739589642871328
-0.48209791528578316 1.3461050448284486 0.5655522751083608
-0.45799301952149407 1.348501661854176 0.5571455859295888
-0.4338881237572049 1.3508982788799035 0.5487388967508169
-0.4097832279929157 1.3532948959056312 0.5403322075720448
-0.3856783322286265 1.3556915129313587 0.5319255183932728
-0.36157343646433737 1.3580881299570862 0.5235188292145009
-0.3374685407000483 1.3604847469828136 0.5151121400357289
-0.31336364493575913 1.362881364008541 0.506705450856957
-0.28925874917146993 1.3652779810342688 0.49829876167818493
-0.26515385340718073 1.3676745980599962 0.48989207249941297
-0.24104895764289158 1.3700712150857237 0.48148538332064095
-0.2169440618786025 1.3724678321114512 0.47307869414186904
-0.19283916611431332 1.3748644491371786 0.464672004963097
-0.16873427035002414 1.3772610661629063 0.456265315784325
-0.14462937458573497 1.3796576831886338 0.44785862660555303
-0.12052447882144579 1.3820543002143613 0.43945193742678107
-0.09641958305715671 1.3844509172400887 0.4310452482480091
-0.07231468729286754 1.3868475342658162 0.4226385590692371
-0.04820979152857836 1.3892441512915439 0.4142318698904651
-0.02410489576428918 1.3916407683172713 0.4058251807116931
0.0 1.3940373853429988 0.39741849153292114
-0.9400909348072772 1.3207727617069156 0.7310390577881143
-0.915986039042988 1.323169378732643 0.7226323686093423
-0.8918811432786988 1.3255659957583708 0.7142256794305704
-0.8677762475144098 1.3279626127840982 0.7058189902517984
-0.8436713517501206 1.3303592298098257 0.6974123010730264
-0.8195664559858314 1.3327558468355531 0.6890056118942544
-0.7954615602215422 1.3351524638612808 0.6805989227154824
-0.771356664457253 1.3375490808870083 0.6721922335367104
-0.7472517686929641 1.3399456979127358 0.6637855443579385
-0.7231468729286749 1.3423423149384632 0.6553788551791665
-0.6990419771643857 1.3447389319641907 0.6469721660003944
-0.6749370814000965 1.3471355489899184 0.6385654768216225
-0.6508321856358072 1.3495321660156459 0.6301587876428505
-0.6267272898715183 1.3519287830413733 0.6217520984640785
-0.602622394107229 1.3543254000671008 0.6133454092853065
-0.5785174983429399 1.3567220170928282 0.6049387201065346
-0.5544126025786507 1.359118634118556 0.5965320309277625
-0.5303077068143615 1.3615152511442834 0.5881253417489906
-0.5062028110500725 1.3639118681700109 0.5797186525702186
-0.48209791528578316 1.3663084851957383 0.5713119633914466
-0.45799301952149407 1.3687051022214658 0.5629052742126747
-0.4338881237572049 1.3711017192471935 0.5544985850339026
-0.4097832279929157 1.373498336272921 0.5460918958551306
-0.3856783322286265 1.3758949532986484 0.5376852066763587
-0.36157343646433737 1.3782915703243759 0.5292785174975867
-0.3374685407000483 1.3806881873501033 0.5208718283188147
-0.31336364493575913 1.383084804375831 0.5124651391400428
-0.28925874917146993 1.3854814214015585 0.5040584499612707
-0.26515385340718073 1.387878038427286 0.49565176078249873
-0.24104895764289158 1.3902746554530134 0.48724507160372676
-0.2169440618786025 1.392671272478741 0.4788383824249548
-0.19283916611431332 1.3950678895044686 0.47043169324618284
-0.16873427035002414 1.397464506530196 0.4620250040674108
-0.14462937458573497 1.3998611235559235 0.45361831488863885
-0.12052447882144579 1.402257740581651 0.44521162570986683
-0.09641958305715671 1.4046543576073784 0.43680493653109487
-0.07231468729286754 1.4070509746331061 0.4283982473523229
-0.04820979152857836 1.4094475916588336 0.4199915581735509
-0.02410489576428918 1.411844208684561 0.4115848689947789
0.0 1.4142408257102885 0.4031781798160069
-0.9400909348072772 1.3409762020742055 0.7367987460712001
-0.915986039042988 1.343372819099933 0.7283920568924281
-0.8918811432786988 1.3457694361256605 0.7199853677136561
-0.8677762475144098 1.348166053151388 0.7115786785348841
-0.8436713517501206 1.3505626701771154 0.7031719893561121
-0.8195664559858314 1.352959287202843 0.6947653001773402
-0.7954615602215422 1.3553559042285706 0.6863586109985682
-0.771356664457253 1.357752521254298 0.6779519218197961
-0.7472517686929641 1.3601491382800255 0.6695452326410242
-0.7231468729286749 1.362545755305753 0.6611385434622522
-0.6990419771643857 1.3649423723314806 0.6527318542834802
-0.6749370814000965 1.367338989357208 0.6443251651047083
-0.6508321856358072 1.3697356063829356 0.6359184759259363
-0.6267272898715183 1.372132223408663 0.6275117867471643
-0.602622394107229 1.3745288404343905 0.6191050975683923
-0.5785174983429399 1.3769254574601182 0.6106984083896203
-0.5544126025786507 1.3793220744858457 0.6022917192108483
-0.5303077068143615 1.3817186915115731 0.5938850300320764
-0.5062028110500725 1.3841153085373006 0.5854783408533044
-0.48209791528578316 1.386511925563028 0.5770716516745323
-0.45799301952149407 1.3889085425887557 0.5686649624957604
-0.4338881237572049 1.3913051596144832 0.5602582733169884
-0.4097832279929157 1.3937017766402107 0.5518515841382164
-0.3856783322286265 1.3960983936659381 0.5434448949594445
-0.36157343646433737 1.3984950106916656 0.5350382057806724
-0.3374685407000483 1.4008916277173933 0.5266315166019006
-0.31336364493575913 1.4032882447431207 0.5182248274231285
-0.28925874917146993 1.4056848617688482 0.5098181382443565
-0.26515385340718073 1.4080814787945757 0.5014114490655845
-0.24104895764289158 1.4104780958203031 0.4930047598868125
-0.2169440618786025 1.4128747128460308 0.4845980707080406
-0.19283916611431332 1.4152713298717583 0.4761913815292686
-0.16873427035002414 1.4176679468974858 0.46778469235049663
-0.14462937458573497 1.4200645639232132 0.4593780031717246
-0.12052447882144579 1.4224611809489407 0.45097131399295265
-0.09641958305715671 1.4248577979746684 0.4425646248141807
-0.07231468729286754 1.4272544150003958 0.43415793563540866
-0.04820979152857836 1.4296510320261233 0.4257512464566367
-0.02410489576428918 1.4320476490518508 0.4173445572778647
0.0 1.4344442660775782 0.4089378680990927
-0.9400909348072772 1.3611796424414955 0.7425584343542859
-0.915986039042988 1.363576259467223 0.734151745175514
-0.8918811432786988 1.3659728764929504 0.725745055996742
-0.8677762475144098 1.3683694935186779 0.71733836681797
-0.8436713517501206 1.3707661105444056 0.7089316776391981
-0.8195664559858314 1.373162727570133 0.700524988460426
-0.7954615602215422 1.3755593445958605 0.692118299281654
-0.771356664457253 1.377955961621588 0.6837116101028821
-0.7472517686929641 1.3803525786473154 0.6753049209241101
-0.7231468729286749 1.382749195673043 0.6668982317453381
-0.6990419771643857 1.3851458126987706 0.6584915425665662
-0.6749370814000965 1.387542429724498 0.6500848533877941
-0.6508321856358072 1.3899390467502255 0.6416781642090221
-0.6267272898715183 1.392335663775953 0.6332714750302502
-0.602622394107229 1.3947322808016807 0.6248647858514782
-0.5785174983429399 1.3971288978274081 0.6164580966727062
-0.5544126025786507 1.3995255148531356 0.6080514074939343
-0.5303077068143615 1.401922131878863 0.5996447183151622
-0.5062028110500725 1.4043187489045905 0.5912380291363902
-0.48209791528578316 1.4067153659303182 0.5828313399576183
-0.45799301952149407 1.4091119829560457 0.5744246507788463
-0.4338881237572049 1.4115085999817731 0.5660179616000743
-0.4097832279929157 1.4139052170075006 0.5576112724213023
-0.3856783322286265 1.416301834033228 0.5492045832425303
-0.36157343646433737 1.4186984510589558 0.5407978940637583
-0.3374685407000483 1.4210950680846832 0.5323912048849864
-0.31336364493575913 1.4234916851104107 0.5239845157062144
-0.28925874917146993 1.4258883021361382 0.5155778265274424
-0.26515385340718073 1.4282849191618656 0.5071711373486704
-0.24104895764289158 1.4306815361875933 0.4987644481698984
-0.2169440618786025 1.4330781532133208 0.49035775899112644
-0.19283916611431332 1.4354747702390482 0.48195106981235447
-0.16873427035002414 1.4378713872647757 0.47354438063358245
-0.14462937458573497 1.4402680042905032 0.4651376914548105
-0.12052447882144579 1.4426646213162309 0.45673100227603847
-0.09641958305715671 1.4450612383419583 0.4483243130972665
-0.07231468729286754 1.4474578553676858 0.43991762391849454
-0.04820979152857836 1.4498544723934133 0.4315109347397225
-0.02410489576428918 1.4522510894191407 0.42310424556095055
0.0 1.4546477064448684 0.4146975563821786
-0.9400909348072772 1.3813830828087852 0.7483181226373717
-0.915986039042988 1.3837796998345127 0.7399114334585998
-0.8918811432786988 1.3861763168602401 0.7315047442798278
-0.8677762475144098 1.3885729338859676 0.7230980551010558
-0.8436713517501206 1.3909695509116953 0.7146913659222839
-0.8195664559858314 1.3933661679374227 0.7062846767435118
-0.7954615602215422 1.3957627849631502 0.6978779875647398
-0.771356664457253 1.3981594019888777 0.6894712983859679
-0.7472517686929641 1.4005560190146054 0.6810646092071959
-0.7231468729286749 1.4029526360403328 0.672657920028424
-0.6990419771643857 1.4053492530660603 0.6642512308496519
-0.6749370814000965 1.4077458700917878 0.6558445416708799
-0.6508321856358072 1.4101424871175152 0.647437852492108
-0.6267272898715183 1.412539104143243 0.639031163313336
-0.602622394107229 1.4149357211689704 0.6306244741345639
-0.5785174983429399 1.4173323381946978 0.622217784955792
-0.5544126025786507 1.4197289552204253 0.61381109577702
-0.5303077068143615 1.4221255722461528 0.605404406598248
-0.5062028110500725 1.4245221892718805 0.596997717419476
-0.48209791528578316 1.426918806297608 0.5885910282407041
-0.45799301952149407 1.4293154233233354 0.5801843390619321
-0.4338881237572049 1.4317120403490629 0.57177764988316
-0.4097832279929157 1.4341086573747903 0.5633709607043881
-0.3856783322286265 1.436505274400518 0.5549642715256161
-0.36157343646433737 1.4389018914262455 0.5465575823468442
-0.3374685407000483 1.441298508451973 0.5381508931680722
-0.31336364493575913 1.4436951254777004 0.5297442039893002
-0.28925874917146993 1.4460917425034279 0.5213375148105281
-0.26515385340718073 1.4484883595291556 0.5129308256317562
-0.24104895764289158 1.450884976554883 0.5045241364529842
-0.2169440618786025 1.4532815935806105 0.49611744727421225
-0.19283916611431332 1.455678210606338 0.48771075809544023
-0.16873427035002414 1.4580748276320654 0.47930406891666827
-0.14462937458573497 1.460471444657793 0.47089737973789625
-0.12052447882144579 1.4628680616835206 0.4624906905591243
-0.09641958305715671 1.465264678709248 0.4540840013803523
-0.07231468729286754 1.4676612957349755 0.44567731220158036
-0.04820979152857836 1.470057912760703 0.43727062302280834
-0.02410489576428918 1.4724545297864307 0.42886393384403637
0.0 1.4748511468121581 0.42045724466526435
-0.9400909348072772 1.401586523176075 0.7540778109204576
-0.915986039042988 1.4039831402018024 0.7456711217416856
-0.8918811432786988 1.40637975722753 0.7372644325629135
-0.8677762475144098 1.4087763742532575 0.7288577433841416
-0.8436713517501206 1.411172991278985 0.7204510542053696
-0.8195664559858314 1.4135696083047125 0.7120443650265976
-0.7954615602215422 1.41596622533044 0.7036376758478257
-0.771356664457253 1.4183628423561676 0.6952309866690536
-0.7472517686929641 1.420759459381895 0.6868242974902816
-0.7231468729286749 1.4231560764076225 0.6784176083115097
-0.6990419771643857 1.42555269343335 0.6700109191327377
-0.6749370814000965 1.4279493104590775 0.6616042299539657
-0.6508321856358072 1.4303459274848052 0.6531975407751938
-0.6267272898715183 1.4327425445105326 0.6447908515964218
-0.602622394107229 1.43513916153626 0.6363841624176497
-0.5785174983429399 1.4375357785619876 0.6279774732388778
-0.5544126025786507 1.439932395587715 0.6195707840601058
-0.5303077068143615 1.4423290126134427 0.6111640948813338
-0.5062028110500725 1.4447256296391702 0.6027574057025619
-0.48209791528578316 1.4471222466648976 0.5943507165237898
-0.45799301952149407 1.449518863690625 0.5859440273450178
-0.4338881237572049 1.4519154807163526 0.5775373381662459
-0.4097832279929157 1.4543120977420803 0.5691306489874739
-0.3856783322286265 1.4567087147678077 0.5607239598087019
-0.36157343646433737 1.4591053317935352 0.5523172706299299
-0.3374685407000483 1.4615019488192627 0.5439105814511579
-0.31336364493575913 1.4638985658449901 0.5355038922723859
-0.28925874917146993 1.4662951828707178 0.527097203093614
-0.26515385340718073 1.4686917998964453 0.518690513914842
-0.24104895764289158 1.4710884169221727 0.51028382473607
-0.2169440618786025 1.4734850339479002 0.5018771355572981
-0.19283916611431332 1.4758816509736277 0.49347044637852605
-0.16873427035002414 1.4782782679993554 0.48506375719975403
-0.14462937458573497 1.4806748850250828 0.47665706802098207
-0.12052447882144579 1.4830715020508103 0.46825037884221005
-0.09641958305715671 1.4854681190765378 0.4598436896634381
-0.07231468729286754 1.4878647361022652 0.4514370004846661
-0.04820979152857836 1.490261353127993 0.44303031130589415
-0.02410489576428918 1.4926579701537204 0.43462362212712213
0.0 1.4950545871794478 0.42621693294835017
-0.9400909348072772 1.4217899635433648 0.7598374992035434
-0.915986039042988 1.4241865805690925 0.7514308100247714
-0.8918811432786988 1.42658319759482 0.7430241208459994
-0.8677762475144098 1.4289798146205475 0.7346174316672275
-0.8436713517501206 1.431376431646275 0.7262107424884555
-0.8195664559858314 1.4337730486720024 0.7178040533096834
-0.7954615602215422 1.43616966569773 0.7093973641309115
-0.771356664457253 1.4385662827234575 0.7009906749521395
-0.7472517686929641 1.440962899749185 0.6925839857733675
-0.7231468729286749 1.4433595167749125 0.6841772965945956
-0.6990419771643857 1.44575613380064 0.6757706074158235
-0.6749370814000965 1.4481527508263676 0.6673639182370515
-0.6508321856358072 1.450549367852095 0.6589572290582796
-0.6267272898715183 1.4529459848778226 0.6505505398795076
-0.602622394107229 1.45534260190355 0.6421438507007355
-0.5785174983429399 1.4577392189292775 0.6337371615219637
-0.5544126025786507 1.4601358359550052 0.6253304723431916
-0.5303077068143615 1.4625324529807326 0.6169237831644196
-0.5062028110500725 1.46492907000646 0.6085170939856477
-0.48209791528578316 1.4673256870321876 0.6001104048068757
-0.45799301952149407 1.469722304057915 0.5917037156281038
-0.4338881237572049 1.4721189210836427 0.5832970264493317
-0.4097832279929157 1.4745155381093702 0.5748903372705597
-0.3856783322286265 1.4769121551350977 0.5664836480917878
-0.36157343646433737 1.4793087721608251 0.5580769589130158
-0.3374685407000483 1.4817053891865526 0.5496702697342438
-0.31336364493575913 1.4841020062122803 0.5412635805554719
-0.28925874917146993 1.4864986232380077 0.5328568913766998
-0.26515385340718073 1.4888952402637352 0.5244502021979278
-0.24104895764289158 1.4912918572894627 0.5160435130191559
-0.2169440618786025 1.4936884743151901 0.5076368238403839
-0.19283916611431332 1.4960850913409178 0.49923013466161187
-0.16873427035002414 1.4984817083666453 0.4908234454828399
-0.14462937458573497 1.5008783253923728 0.4824167563040679
-0.12052447882144579 1.5032749424181002 0.4740100671252959
-0.09641958305715671 1.5056715594438277 0.46560337794652396
-0.07231468729286754 1.5080681764695554 0.457196688767752
-0.04820979152857836 1.5104647934952828 0.44878999958897997
-0.02410489576428918 1.5128614105210103 0.440383310410208
0.0 1.5152580275467378 0.431976621231436
-0.9400909348072772 1.4419934039106548 0.7655971874866292
-0.915986039042988 1.4443900209363822 0.7571904983078572
-0.8918811432786988 1.4467866379621097 0.7487838091290852
-0.8677762475144098 1.4491832549878372 0.7403771199503132
-0.8436713517501206 1.4515798720135646 0.7319704307715412
-0.8195664559858314 1.4539764890392923 0.7235637415927693
-0.7954615602215422 1.4563731060650198 0.7151570524139973
-0.771356664457253 1.4587697230907473 0.7067503632352252
-0.7472517686929641 1.4611663401164747 0.6983436740564533
-0.7231468729286749 1.4635629571422022 0.6899369848776813
-0.6990419771643857 1.4659595741679299 0.6815302956989093
-0.6749370814000965 1.4683561911936573 0.6731236065201374
-0.6508321856358072 1.4707528082193848 0.6647169173413654
-0.6267272898715183 1.4731494252451123 0.6563102281625934
-0.602622394107229 1.4755460422708397 0.6479035389838214
-0.5785174983429399 1.4779426592965674 0.6394968498050494
-0.5544126025786507 1.480339276322295 0.6310901606262774
-0.5303077068143615 1.4827358933480224 0.6226834714475055
-0.5062028110500725 1.4851325103737498 0.6142767822687335
-0.48209791528578316 1.4875291273994773 0.6058700930899614
-0.45799301952149407 1.489925744425205 0.5974634039111895
-0.4338881237572049 1.4923223614509324 0.5890567147324175
-0.4097832279929157 1.49471897847666 0.5806500255536455
-0.3856783322286265 1.4971155955023874 0.5722433363748736
-0.36157343646433737 1.4995122125281148 0.5638366471961015
-0.3374685407000483 1.5019088295538425 0.5554299580173296
-0.31336364493575913 1.50430544657957 0.5470232688385576
-0.28925874917146993 1.5067020636052975 0.5386165796597856
-0.26515385340718073 1.509098680631025 0.5302098904810136
-0.24104895764289158 1.5114952976567524 0.5218032013022417
-0.2169440618786025 1.51389191468248 0.5133965121234697
-0.19283916611431332 1.5162885317082075 0.5049898229446977
-0.16873427035002414 1.518685148733935 0.49658313376592567
-0.14462937458573497 1.5210817657596625 0.4881764445871537
-0.12052447882144579 1.52347838278539 0.47976975540838174
-0.09641958305715671 1.5258749998111176 0.4713630662296098
-0.07231468729286754 1.528271616836845 0.46295637705083775
-0.04820979152857836 1.5306682338625726 0.4545496878720658
-0.02410489576428918 1.5330648508883 0.44614299869329377
0.0 1.5354614679140275 0.4377363095145218
-0.9400909348072772 1.4621968442779445 0.771356875769715
-0.915986039042988 1.464593461303672 0.762950186590943
-0.8918811432786988 1.4669900783293994 0.754543497412171
-0.8677762475144098 1.469386695355127 0.746136808233399
-0.8436713517501206 1.4717833123808546 0.737730119054627
-0.8195664559858314 1.474179929406582 0.7293234298758551
-0.7954615602215422 1.4765765464323095 0.7209167406970831
-0.771356664457253 1.478973163458037 0.712510051518311
-0.7472517686929641 1.4813697804837644 0.7041033623395391
-0.7231468729286749 1.4837663975094921 0.6956966731607671
-0.6990419771643857 1.4861630145352196 0.6872899839819951
-0.6749370814000965 1.488559631560947 0.6788832948032232
-0.6508321856358072 1.4909562485866745 0.6704766056244511
-0.6267272898715183 1.493352865612402 0.6620699164456793
-0.602622394107229 1.4957494826381297 0.6536632272669072
-0.5785174983429399 1.4981460996638571 0.6452565380881352
-0.5544126025786507 1.5005427166895846 0.6368498489093632
-0.5303077068143615 1.502939333715312 0.6284431597305913
-0.5062028110500725 1.5053359507410395 0.6200364705518193
-0.48209791528578316 1.5077325677667672 0.6116297813730472
-0.45799301952149407 1.5101291847924947 0.6032230921942753
-0.4338881237572049 1.5125258018182222 0.5948164030155033
-0.4097832279929157 1.5149224188439496 0.5864097138367313
-0.3856783322286265 1.517319035869677 0.5780030246579593
-0.36157343646433737 1.5197156528954048 0.5695963354791873
-0.3374685407000483 1.5221122699211322 0.5611896463004153
-0.31336364493575913 1.5245088869468597 0.5527829571216434
-0.28925874917146993 1.5269055039725872 0.5443762679428714
-0.26515385340718073 1.5293021209983146 0.5359695787640995
-0.24104895764289158 1.5316987380240423 0.5275628895853274
-0.2169440618786025 1.5340953550497698 0.5191562004065555
-0.19283916611431332 1.5364919720754973 0.5107495112277834
-0.16873427035002414 1.5388885891012247 0.5023428220490115
-0.14462937458573497 1.5412852061269522 0.4939361328702395
-0.12052447882144579 1.5436818231526799 0.4855294436914675
-0.09641958305715671 1.5460784401784073 0.47712275451269553
-0.07231468729286754 1.5484750572041348 0.46871606533392357
-0.04820979152857836 1.5508716742298623 0.46030937615515155
-0.02410489576428918 1.5532682912555897 0.4519026869763796
0.0 1.5556649082813174 0.44349599779760757
-0.9400909348072772 1.4824002846452344 0.7771165640528008
-0.915986039042988 1.484796901670962 0.7687098748740289
-0.8918811432786988 1.4871935186966894 0.7603031856952568
-0.8677762475144098 1.4895901357224168 0.7518964965164848
-0.8436713517501206 1.4919867527481445 0.7434898073377129
-0.8195664559858314 1.494383369773872 0.7350831181589409
-0.7954615602215422 1.4967799867995994 0.7266764289801689
-0.771356664457253 1.499176603825327 0.7182697398013969
-0.7472517686929641 1.5015732208510546 0.7098630506226249
-0.7231468729286749 1.503969837876782 0.7014563614438529
-0.6990419771643857 1.5063664549025095 0.693049672265081
-0.6749370814000965 1.508763071928237 0.684642983086309
-0.6508321856358072 1.5111596889539645 0.676236293907537
-0.6267272898715183 1.5135563059796922 0.6678296047287651
-0.602622394107229 1.5159529230054196 0.659422915549993
-0.5785174983429399 1.518349540031147 0.651016226371221
-0.5544126025786507 1.5207461570568745 0.6426095371924491
-0.5303077068143615 1.523142774082602 0.6342028480136771
-0.5062028110500725 1.5255393911083297 0.6257961588349051
-0.48209791528578316 1.5279360081340572 0.6173894696561331
-0.45799301952149407 1.5303326251597846 0.6089827804773611
-0.4338881237572049 1.532729242185512 0.6005760912985891
-0.4097832279929157 1.5351258592112396 0.5921694021198172
-0.3856783322286265 1.5375224762369673 0.5837627129410452
-0.36157343646433737 1.5399190932626947 0.5753560237622731
-0.3374685407000483 1.5423157102884222 0.5669493345835013
-0.31336364493575913 1.5447123273141496 0.5585426454047292
-0.28925874917146993 1.5471089443398771 0.5501359562259572
-0.26515385340718073 1.5495055613656048 0.5417292670471853
-0.24104895764289158 1.5519021783913323 0.5333225778684133
-0.2169440618786025 1.5542987954170597 0.5249158886896413
-0.19283916611431332 1.5566954124427872 0.5165091995108694
-0.16873427035002414 1.5590920294685147 0.5081025103320973
-0.14462937458573497 1.5614886464942423 0.49969582115332534
-0.12052447882144579 1.5638852635199698 0.4912891319745534
-0.09641958305715671 1.5662818805456973 0.4828824427957814
-0.07231468729286754 1.5686784975714247 0.4744757536170094
-0.04820979152857836 1.5710751145971522 0.4660690644382374
-0.02410489576428918 1.57347173162288 0.4576623752594654
0.0 1.5758683486486074 0.44925568608069344
-0.9400909348072772 1.5026037250125241 0.7828762523358866
-0.915986039042988 1.5050003420382516 0.7744695631571147
-0.8918811432786988 1.5073969590639793 0.7660628739783426
-0.8677762475144098 1.5097935760897068 0.7576561847995706
-0.8436713517501206 1.5121901931154342 0.7492494956207987
-0.8195664559858314 1.5145868101411617 0.7408428064420267
-0.7954615602215422 1.5169834271668892 0.7324361172632547
-0.771356664457253 1.5193800441926169 0.7240294280844827
-0.7472517686929641 1.5217766612183443 0.7156227389057107
-0.7231468729286749 1.5241732782440718 0.7072160497269387
-0.6990419771643857 1.5265698952697992 0.6988093605481668
-0.6749370814000965 1.5289665122955267 0.6904026713693948
-0.6508321856358072 1.5313631293212544 0.6819959821906229
-0.6267272898715183 1.5337597463469819 0.6735892930118509
-0.602622394107229 1.5361563633727093 0.6651826038330788
-0.5785174983429399 1.5385529803984368 0.6567759146543068
-0.5544126025786507 1.5409495974241643 0.6483692254755349
-0.5303077068143615 1.543346214449892 0.6399625362967629
-0.5062028110500725 1.5457428314756194 0.631555847117991
-0.48209791528578316 1.5481394485013469 0.6231491579392189
-0.45799301952149407 1.5505360655270743 0.6147424687604469
-0.4338881237572049 1.5529326825528018 0.606335779581675
-0.4097832279929157 1.5553292995785295 0.597929090402903
-0.3856783322286265 1.557725916604257 0.589522401224131
-0.36157343646433737 1.5601225336299844 0.581115712045359
-0.3374685407000483 1.562519150655712 0.572709022866587
-0.31336364493575913 1.5649157676814394 0.564302333687815
-0.28925874917146993 1.567312384707167 0.555895644509043
-0.26515385340718073 1.5697090017328945 0.5474889553302711
-0.24104895764289158 1.572105618758622 0.5390822661514991
-0.2169440618786025 1.5745022357843494 0.5306755769727272
-0.19283916611431332 1.576898852810077 0.5222688877939551
-0.16873427035002414 1.5792954698358046 0.5138621986151831
-0.14462937458573497 1.581692086861532 0.5054555094364112
-0.12052447882144579 1.5840887038872595 0.49704882025763913
-0.09641958305715671 1.586485320912987 0.48864213107886717
-0.07231468729286754 1.5888819379387145 0.4802354419000952
-0.04820979152857836 1.5912785549644421 0.4718287527213232
-0.02410489576428918 1.5936751719901696 0.4634220635425512
0.0 1.596071789015897 0.45501537436377926
-0.9400909348072772 1.522807165379814 0.7886359406189725
-0.915986039042988 1.5252037824055418 0.7802292514402005
-0.8918811432786988 1.5276003994312692 0.7718225622614285
-0.8677762475144098 1.5299970164569967 0.7634158730826566
-0.8436713517501206 1.5323936334827242 0.7550091839038846
-0.8195664559858314 1.5347902505084516 0.7466024947251125
-0.7954615602215422 1.5371868675341793 0.7381958055463406
-0.771356664457253 1.5395834845599068 0.7297891163675686
-0.7472517686929641 1.5419801015856343 0.7213824271887966
-0.7231468729286749 1.5443767186113617 0.7129757380100247
-0.6990419771643857 1.5467733356370892 0.7045690488312526
-0.6749370814000965 1.5491699526628169 0.6961623596524806
-0.6508321856358072 1.5515665696885443 0.6877556704737087
-0.6267272898715183 1.5539631867142718 0.6793489812949367
-0.602622394107229 1.5563598037399993 0.6709422921161646
-0.5785174983429399 1.5587564207657267 0.6625356029373928
-0.5544126025786507 1.5611530377914544 0.6541289137586207
-0.5303077068143615 1.5635496548171819 0.6457222245798487
-0.5062028110500725 1.5659462718429094 0.6373155354010768
-0.48209791528578316 1.5683428888686368 0.6289088462223048
-0.45799301952149407 1.5707395058943643 0.6205021570435328
-0.4338881237572049 1.573136122920092 0.6120954678647608
-0.4097832279929157 1.5755327399458194 0.6036887786859888
-0.3856783322286265 1.577929356971547 0.5952820895072168
-0.36157343646433737 1.5803259739972744 0.5868754003284449
-0.3374685407000483 1.5827225910230018 0.5784687111496729
-0.31336364493575913 1.5851192080487295 0.570062021970901
-0.28925874917146993 1.587515825074457 0.5616553327921289
-0.26515385340718073 1.5899124421001845 0.5532486436133569
-0.24104895764289158 1.592309059125912 0.5448419544345849
-0.2169440618786025 1.5947056761516394 0.536435265255813
-0.19283916611431332 1.597102293177367 0.528028576077041
-0.16873427035002414 1.5994989102030945 0.5196218868982689
-0.14462937458573497 1.601895527228822 0.511215197719497
-0.12052447882144579 1.6042921442545495 0.502808508540725
-0.09641958305715671 1.606688761280277 0.49440181936195304
-0.07231468729286754 1.6090853783060046 0.4859951301831811
-0.04820979152857836 1.611481995331732 0.47758844100440906
-0.02410489576428918 1.6138786123574596 0.4691817518256371
0.0 1.616275229383187 0.4607750626468651
-0.9400909348072772 1.543010605747104 0.7943956289020583
-0.915986039042988 1.5454072227728315 0.7859889397232863
-0.8918811432786988 1.547803839798559 0.7775822505445142
-0.8677762475144098 1.5502004568242864 0.7691755613657423
-0.8436713517501206 1.5525970738500139 0.7607688721869703
-0.8195664559858314 1.5549936908757416 0.7523621830081983
-0.7954615602215422 1.557390307901469 0.7439554938294264
-0.771356664457253 1.5597869249271965 0.7355488046506543
-0.7472517686929641 1.562183541952924 0.7271421154718823
-0.7231468729286749 1.5645801589786514 0.7187354262931104
-0.6990419771643857 1.5669767760043791 0.7103287371143384
-0.6749370814000965 1.5693733930301066 0.7019220479355665
-0.6508321856358072 1.571770010055834 0.6935153587567945
-0.6267272898715183 1.5741666270815615 0.6851086695780225
-0.602622394107229 1.576563244107289 0.6767019803992504
-0.5785174983429399 1.5789598611330167 0.6682952912204785
-0.5544126025786507 1.5813564781587441 0.6598886020417065
-0.5303077068143615 1.5837530951844716 0.6514819128629346
-0.5062028110500725 1.586149712210199 0.6430752236841626
-0.48209791528578316 1.5885463292359265 0.6346685345053905
-0.45799301952149407 1.5909429462616542 0.6262618453266185
-0.4338881237572049 1.5933395632873817 0.6178551561478466
-0.4097832279929157 1.5957361803131092 0.6094484669690746
-0.3856783322286265 1.5981327973388366 0.6010417777903027
-0.36157343646433737 1.600529414364564 0.5926350886115306
-0.3374685407000483 1.6029260313902918 0.5842283994327586
-0.31336364493575913 1.6053226484160192 0.5758217102539867
-0.28925874917146993 1.6077192654417467 0.5674150210752147
-0.26515385340718073 1.6101158824674742 0.5590083318964427
-0.24104895764289158 1.6125124994932016 0.5506016427176708
-0.2169440618786025 1.6149091165189293 0.5421949535388988
-0.19283916611431332 1.6173057335446568 0.5337882643601267
-0.16873427035002414 1.6197023505703843 0.5253815751813548
-0.14462937458573497 1.6220989675961117 0.5169748860025828
-0.12052447882144579 1.6244955846218392 0.5085681968238108
-0.09641958305715671 1.6268922016475669 0.5001615076450389
-0.07231468729286754 1.6292888186732943 0.49175481846626684
-0.04820979152857836 1.6316854356990218 0.4833481292874949
-0.02410489576428918 1.6340820527247493 0.47494144010872286
0.0 1.6364786697504767 0.4665347509299509
-0.9400909348072772 1.5632140461143937 0.8001553171851441
-0.915986039042988 1.5656106631401212 0.7917486280063721
-0.8918811432786988 1.5680072801658487 0.7833419388276001
-0.8677762475144098 1.5704038971915761 0.7749352496488281
-0.8436713517501206 1.5728005142173038 0.7665285604700561
-0.8195664559858314 1.5751971312430313 0.7581218712912842
-0.7954615602215422 1.5775937482687588 0.7497151821125122
-0.771356664457253 1.5799903652944862 0.7413084929337401
-0.7472517686929641 1.5823869823202137 0.7329018037549682
-0.7231468729286749 1.5847835993459414 0.7244951145761962
-0.6990419771643857 1.5871802163716688 0.7160884253974242
-0.6749370814000965 1.5895768333973963 0.7076817362186523
-0.6508321856358072 1.5919734504231238 0.6992750470398802
-0.6267272898715183 1.5943700674488512 0.6908683578611083
-0.602622394107229 1.596766684474579 0.6824616686823363
-0.5785174983429399 1.5991633015003064 0.6740549795035643
-0.5544126025786507 1.6015599185260339 0.6656482903247923
-0.5303077068143615 1.6039565355517613 0.6572416011460204
-0.5062028110500725 1.6063531525774888 0.6488349119672484
-0.48209791528578316 1.6087497696032165 0.6404282227884763
-0.45799301952149407 1.611146386628944 0.6320215336097044
-0.4338881237572049 1.6135430036546714 0.6236148444309324
-0.4097832279929157 1.6159396206803989 0.6152081552521604
-0.3856783322286265 1.6183362377061263 0.6068014660733884
-0.36157343646433737 1.620732854731854 0.5983947768946164
-0.3374685407000483 1.6231294717575815 0.5899880877158444
-0.31336364493575913 1.625526088783309 0.5815813985370725
-0.28925874917146993 1.6279227058090364 0.5731747093583005
-0.26515385340718073 1.6303193228347639 0.5647680201795285
-0.24104895764289158 1.6327159398604916 0.5563613310007565
-0.2169440618786025 1.635112556886219 0.5479546418219845
-0.19283916611431332 1.6375091739119465 0.5395479526432125
-0.16873427035002414 1.639905790937674 0.5311412634644406
-0.14462937458573497 1.6423024079634014 0.5227345742856686
-0.12052447882144579 1.6446990249891291 0.5143278851068965
-0.09641958305715671 1.6470956420148566 0.5059211959281247
-0.07231468729286754 1.649492259040584 0.49751450674935266
-0.04820979152857836 1.6518888760663115 0.48910781757058064
-0.02410489576428918 1.654285493092039 0.4807011283918087
0.0 1.6566821101177667 0.47229443921303665
-0.9400909348072772 1.5834174864816837 0.8059150054682299
-0.915986039042988 1.5858141035074111 0.797508316289458
-0.8918811432786988 1.5882107205331386 0.7891016271106859
-0.8677762475144098 1.590607337558866 0.7806949379319139
-0.8436713517501206 1.5930039545845938 0.772288248753142
-0.8195664559858314 1.5954005716103212 0.76388155957437
-0.7954615602215422 1.5977971886360487 0.755474870395598
-0.771356664457253 1.6001938056617762 0.7470681812168259
-0.7472517686929641 1.6025904226875038 0.738661492038054
-0.7231468729286749 1.6049870397132313 0.730254802859282
-0.6990419771643857 1.6073836567389588 0.72184811368051
-0.6749370814000965 1.6097802737646862 0.7134414245017381
-0.6508321856358072 1.6121768907904137 0.7050347353229661
-0.6267272898715183 1.6145735078161414 0.6966280461441942
-0.602622394107229 1.6169701248418689 0.6882213569654221
-0.5785174983429399 1.6193667418675963 0.6798146677866501
-0.5544126025786507 1.6217633588933238 0.6714079786078782
-0.5303077068143615 1.6241599759190513 0.6630012894291062
-0.5062028110500725 1.626556592944779 0.6545946002503342
-0.48209791528578316 1.6289532099705064 0.6461879110715621
-0.45799301952149407 1.6313498269962339 0.6377812218927902
-0.4338881237572049 1.6337464440219613 0.6293745327140182
-0.4097832279929157 1.6361430610476888 0.6209678435352463
-0.3856783322286265 1.6385396780734165 0.6125611543564743
-0.36157343646433737 1.640936295099144 0.6041544651777022
-0.3374685407000483 1.6433329121248714 0.5957477759989304
-0.31336364493575913 1.645729529150599 0.5873410868201583
-0.28925874917146993 1.6481261461763264 0.5789343976413863
-0.26515385340718073 1.650522763202054 0.5705277084626144
-0.24104895764289158 1.6529193802277815 0.5621210192838424
-0.2169440618786025 1.655315997253509 0.5537143301050704
-0.19283916611431332 1.6577126142792364 0.5453076409262985
-0.16873427035002414 1.660109231304964 0.5369009517475264
-0.14462937458573497 1.6625058483306916 0.5284942625687544
-0.12052447882144579 1.664902465356419 0.5200875733899825
-0.09641958305715671 1.6672990823821465 0.5116808842112105
-0.07231468729286754 1.669695699407874 0.5032741950324385
-0.04820979152857836 1.6720923164336015 0.4948675058536665
-0.02410489576428918 1.6744889334593291 0.4864608166748945
0.0 1.6768855504850566 0.4780541274961225
-0.9400909348072772 1.6036209268489734 0.8116746937513157
-0.915986039042988 1.6060175438747009 0.8032680045725438
-0.8918811432786988 1.6084141609004285 0.7948613153937717
-0.8677762475144098 1.610810777926156 0.7864546262149997
-0.8436713517501206 1.6132073949518835 0.7780479370362278
-0.8195664559858314 1.615604011977611 0.7696412478574558
-0.7954615602215422 1.6180006290033384 0.7612345586786838
-0.771356664457253 1.620397246029066 0.7528278694999118
-0.7472517686929641 1.6227938630547936 0.7444211803211398
-0.7231468729286749 1.625190480080521 0.7360144911423678
-0.6990419771643857 1.6275870971062485 0.7276078019635959
-0.6749370814000965 1.629983714131976 0.7192011127848239
-0.6508321856358072 1.6323803311577036 0.7107944236060518
-0.6267272898715183 1.6347769481834311 0.70238773442728
-0.602622394107229 1.6371735652091586 0.6939810452485079
-0.5785174983429399 1.639570182234886 0.6855743560697359
-0.5544126025786507 1.6419667992606135 0.677167666890964
-0.5303077068143615 1.6443634162863412 0.668760977712192
-0.5062028110500725 1.6467600333120687 0.66035428853342
-0.48209791528578316 1.6491566503377961 0.651947599354648
-0.45799301952149407 1.6515532673635236 0.643540910175876
-0.4338881237572049 1.653949884389251 0.635134220997104
-0.4097832279929157 1.6563465014149787 0.6267275318183321
-0.3856783322286265 1.6587431184407062 0.61832084263956
-0.36157343646433737 1.6611397354664337 0.609914153460788
-0.3374685407000483 1.6635363524921611 0.6015074642820161
-0.31336364493575913 1.6659329695178886 0.5931007751032441
-0.28925874917146993 1.6683295865436163 0.5846940859244721
-0.26515385340718073 1.6707262035693438 0.5762873967457002
-0.24104895764289158 1.6731228205950712 0.5678807075669281
-0.2169440618786025 1.6755194376207987 0.5594740183881562
-0.19283916611431332 1.6779160546465262 0.5510673292093842
-0.16873427035002414 1.6803126716722538 0.5426606400306122
-0.14462937458573497 1.6827092886979813 0.5342539508518402
-0.12052447882144579 1.6851059057237088 0.5258472616730683
-0.09641958305715671 1.6875025227494362 0.5174405724942963
-0.07231468729286754 1.6898991397751637 0.5090338833155242
-0.04820979152857836 1.6922957568008914 0.5006271941367523
-0.02410489576428918 1.6946923738266189 0.4922205049579803
0.0 1.6970889908523463 0.4838138157792083
-0.9400909348072772 1.623824367216263 0.8174343820344014
-0.915986039042988 1.6262209842419908 0.8090276928556295
-0.8918811432786988 1.6286176012677183 0.8006210036768575
-0.8677762475144098 1.6310142182934457 0.7922143144980855
-0.8436713517501206 1.6334108353191732 0.7838076253193136
-0.8195664559858314 1.6358074523449007 0.7754009361405415
-0.7954615602215422 1.6382040693706283 0.7669942469617695
-0.771356664457253 1.6406006863963558 0.7585875577829976
-0.7472517686929641 1.6429973034220833 0.7501808686042256
-0.7231468729286749 1.6453939204478107 0.7417741794254537
-0.6990419771643857 1.6477905374735382 0.7333674902466817
-0.6749370814000965 1.650187154499266 0.7249608010679096
-0.6508321856358072 1.6525837715249934 0.7165541118891376
-0.6267272898715183 1.6549803885507208 0.7081474227103657
-0.602622394107229 1.6573770055764483 0.6997407335315937
-0.5785174983429399 1.6597736226021758 0.6913340443528218
-0.5544126025786507 1.6621702396279034 0.6829273551740498
-0.5303077068143615 1.664566856653631 0.6745206659952777
-0.5062028110500725 1.6669634736793584 0.6661139768165057
-0.48209791528578316 1.6693600907050858 0.6577072876377338
-0.45799301952149407 1.6717567077308133 0.6493005984589618
-0.4338881237572049 1.674153324756541 0.6408939092801899
-0.4097832279929157 1.6765499417822685 0.6324872201014178
-0.3856783322286265 1.678946558807996 0.6240805309226458
-0.36157343646433737 1.6813431758337234 0.6156738417438739
-0.3374685407000483 1.6837397928594509 0.6072671525651019
-0.31336364493575913 1.6861364098851785 0.5988604633863299
-0.28925874917146993 1.688533026910906 0.590453774207558
-0.26515385340718073 1.6909296439366335 0.5820470850287859
-0.24104895764289158 1.693326260962361 0.5736403958500139
-0.2169440618786025 1.6957228779880884 0.565233706671242
-0.19283916611431332 1.698119495013816 0.55682701749247
-0.16873427035002414 1.7005161120395436 0.548420328313698
-0.14462937458573497 1.702912729065271 0.5400136391349261
-0.12052447882144579 1.7053093460909985 0.531606949956154
-0.09641958305715671 1.707705963116726 0.523200260777382
-0.07231468729286754 1.7101025801424536 0.5147935715986101
-0.04820979152857836 1.712499197168181 0.5063868824198381
-0.02410489576428918 1.7148958141939086 0.49798019324106607
0.0 1.717292431219636 0.4895735040622941
-0.9400909348072772 1.6440278075835533 0.8231940703174874
-0.915986039042988 1.6464244246092807 0.8147873811387154
-0.8918811432786988 1.6488210416350082 0.8063806919599433
-0.8677762475144098 1.6512176586607357 0.7979740027811714
-0.8436713517501206 1.6536142756864631 0.7895673136023994
-0.8195664559858314 1.6560108927121908 0.7811606244236274
-0.7954615602215422 1.6584075097379183 0.7727539352448555
-0.771356664457253 1.6608041267636457 0.7643472460660834
-0.7472517686929641 1.6632007437893732 0.7559405568873114
-0.7231468729286749 1.6655973608151007 0.7475338677085395
-0.6990419771643857 1.6679939778408284 0.7391271785297675
-0.6749370814000965 1.6703905948665558 0.7307204893509955
-0.6508321856358072 1.6727872118922833 0.7223138001722236
-0.6267272898715183 1.6751838289180108 0.7139071109934516
-0.602622394107229 1.6775804459437382 0.7055004218146795
-0.5785174983429399 1.679977062969466 0.6970937326359076
-0.5544126025786507 1.6823736799951934 0.6886870434571356
-0.5303077068143615 1.6847702970209208 0.6802803542783636
-0.5062028110500725 1.6871669140466483 0.6718736650995917
-0.48209791528578316 1.6895635310723758 0.6634669759208196
-0.45799301952149407 1.6919601480981035 0.6550602867420476
-0.4338881237572049 1.694356765123831 0.6466535975632757
-0.4097832279929157 1.6967533821495584 0.6382469083845037
-0.3856783322286265 1.6991499991752859 0.6298402192057317
-0.36157343646433737 1.7015466162010133 0.6214335300269597
-0.3374685407000483 1.703943233226741 0.6130268408481877
-0.31336364493575913 1.7063398502524685 0.6046201516694157
-0.28925874917146993 1.708736467278196 0.5962134624906438
-0.26515385340718073 1.7111330843039234 0.5878067733118718
-0.24104895764289158 1.7135297013296509 0.5794000841330998
-0.2169440618786025 1.7159263183553786 0.5709933949543279
-0.19283916611431332 1.718322935381106 0.5625867057755558
-0.16873427035002414 1.7207195524068335 0.5541800165967838
-0.14462937458573497 1.723116169432561 0.5457733274180119
-0.12052447882144579 1.7255127864582884 0.5373666382392399
-0.09641958305715671 1.7279094034840161 0.528959949060468
-0.07231468729286754 1.7303060205097436 0.520553259881696
-0.04820979152857836 1.732702637535471 0.5121465707029239
-0.02410489576428918 1.7350992545611985 0.503739881524152
0.0 1.737495871586926 0.49533319234538
-0.9400909348072772 1.664231247950843 0.8289537586005732
-0.915986039042988 1.6666278649765705 0.8205470694218012
-0.8918811432786988 1.669024482002298 0.8121403802430291
-0.8677762475144098 1.6714210990280254 0.8037336910642572
-0.8436713517501206 1.673817716053753 0.7953270018854852
-0.8195664559858314 1.6762143330794805 0.7869203127067133
-0.7954615602215422 1.678610950105208 0.7785136235279413
-0.771356664457253 1.6810075671309355 0.7701069343491692
-0.7472517686929641 1.683404184156663 0.7617002451703972
-0.7231468729286749 1.6858008011823906 0.7532935559916253
-0.6990419771643857 1.688197418208118 0.7448868668128533
-0.6749370814000965 1.6905940352338455 0.7364801776340814
-0.6508321856358072 1.692990652259573 0.7280734884553093
-0.6267272898715183 1.6953872692853005 0.7196667992765374
-0.602622394107229 1.6977838863110282 0.7112601100977654
-0.5785174983429399 1.7001805033367556 0.7028534209189934
-0.5544126025786507 1.702577120362483 0.6944467317402214
-0.5303077068143615 1.7049737373882106 0.6860400425614495
-0.5062028110500725 1.707370354413938 0.6776333533826775
-0.48209791528578316 1.7097669714396657 0.6692266642039054
-0.45799301952149407 1.7121635884653932 0.6608199750251335
-0.4338881237572049 1.7145602054911206 0.6524132858463615
-0.4097832279929157 1.7169568225168481 0.6440065966675895
-0.3856783322286265 1.7193534395425756 0.6355999074888175
-0.36157343646433737 1.7217500565683033 0.6271932183100455
-0.3374685407000483 1.7241466735940307 0.6187865291312735
-0.31336364493575913 1.7265432906197582 0.6103798399525016
-0.28925874917146993 1.7289399076454857 0.6019731507737296
-0.26515385340718073 1.7313365246712131 0.5935664615949576
-0.24104895764289158 1.7337331416969408 0.5851597724161856
-0.2169440618786025 1.7361297587226683 0.5767530832374136
-0.19283916611431332 1.7385263757483957 0.5683463940586416
-0.16873427035002414 1.7409229927741232 0.5599397048798697
-0.14462937458573497 1.7433196097998507 0.5515330157010977
-0.12052447882144579 1.7457162268255784 0.5431263265223256
-0.09641958305715671 1.7481128438513058 0.5347196373435538
-0.07231468729286754 1.7505094608770333 0.5263129481647817
-0.04820979152857836 1.7529060779027608 0.5179062589860097
-0.02410489576428918 1.7553026949284882 0.5094995698072378
0.0 1.757699311954216 0.5010928806284658
-0.9400909348072772 1.6844346883181327 0.8347134468836589
-0.915986039042988 1.6868313053438602 0.8263067577048869
-0.8918811432786988 1.6892279223695876 0.817900068526115
-0.8677762475144098 1.6916245393953153 0.809493379347343
-0.8436713517501206 1.6940211564210428 0.801086690168571
-0.8195664559858314 1.6964177734467702 0.792680000989799
-0.7954615602215422 1.6988143904724977 0.784273311811027
-0.771356664457253 1.7012110074982252 0.775866622632255
-0.7472517686929641 1.7036076245239529 0.7674599334534831
-0.7231468729286749 1.7060042415496803 0.7590532442747111
-0.6990419771643857 1.7084008585754078 0.7506465550959391
-0.6749370814000965 1.7107974756011353 0.7422398659171671
-0.6508321856358072 1.7131940926268627 0.7338331767383951
-0.6267272898715183 1.7155907096525904 0.7254264875596231
-0.602622394107229 1.7179873266783179 0.7170197983808512
-0.5785174983429399 1.7203839437040453 0.7086131092020792
-0.5544126025786507 1.7227805607297728 0.7002064200233072
-0.5303077068143615 1.7251771777555003 0.6917997308445352
-0.5062028110500725 1.727573794781228 0.6833930416657632
-0.48209791528578316 1.7299704118069554 0.6749863524869912
-0.45799301952149407 1.732367028832683 0.6665796633082193
-0.4338881237572049 1.7347636458584104 0.6581729741294473
-0.4097832279929157 1.7371602628841378 0.6497662849506752
-0.3856783322286265 1.7395568799098655 0.6413595957719033
-0.36157343646433737 1.741953496935593 0.6329529065931313
-0.3374685407000483 1.7443501139613204 0.6245462174143593
-0.31336364493575913 1.746746730987048 0.6161395282355874
-0.28925874917146993 1.7491433480127754 0.6077328390568154
-0.26515385340718073 1.751539965038503 0.5993261498780433
-0.24104895764289158 1.7539365820642305 0.5909194606992714
-0.2169440618786025 1.756333199089958 0.5825127715204994
-0.19283916611431332 1.7587298161156855 0.5741060823417274
-0.16873427035002414 1.761126433141413 0.5656993931629555
-0.14462937458573497 1.7635230501671406 0.5572927039841834
-0.12052447882144579 1.765919667192868 0.5488860148054114
-0.09641958305715671 1.7683162842185955 0.5404793256266395
-0.07231468729286754 1.770712901244323 0.5320726364478675
-0.04820979152857836 1.7731095182700505 0.5236659472690955
-0.02410489576428918 1.7755061352957782 0.5152592580903236
0.0 1.7779027523215056 0.5068525689115515
-0.9400909348072772 1.7046381286854226 0.8404731351667448
-0.915986039042988 1.70703474571115 0.8320664459879729
-0.8918811432786988 1.7094313627368778 0.8236597568092008
-0.8677762475144098 1.7118279797626053 0.8152530676304288
-0.8436713517501206 1.7142245967883327 0.8068463784516569
-0.8195664559858314 1.7166212138140602 0.7984396892728849
-0.7954615602215422 1.7190178308397877 0.7900330000941129
-0.771356664457253 1.7214144478655153 0.7816263109153408
-0.7472517686929641 1.7238110648912428 0.7732196217365689
-0.7231468729286749 1.7262076819169703 0.7648129325577969
-0.6990419771643857 1.7286042989426977 0.756406243379025
-0.6749370814000965 1.7310009159684252 0.747999554200253
-0.6508321856358072 1.733397532994153 0.7395928650214809
-0.6267272898715183 1.7357941500198804 0.7311861758427091
-0.602622394107229 1.7381907670456078 0.722779486663937
-0.5785174983429399 1.7405873840713353 0.714372797485165
-0.5544126025786507 1.7429840010970628 0.7059661083063931
-0.5303077068143615 1.7453806181227904 0.6975594191276211
-0.5062028110500725 1.747777235148518 0.6891527299488491
-0.48209791528578316 1.7501738521742454 0.680746040770077
-0.45799301952149407 1.7525704691999728 0.6723393515913051
-0.4338881237572049 1.7549670862257003 0.6639326624125331
-0.4097832279929157 1.757363703251428 0.6555259732337612
-0.3856783322286265 1.7597603202771555 0.6471192840549891
-0.36157343646433737 1.762156937302883 0.6387125948762171
-0.3374685407000483 1.7645535543286104 0.6303059056974452
-0.31336364493575913 1.7669501713543379 0.6218992165186732
-0.28925874917146993 1.7693467883800655 0.6134925273399012
-0.26515385340718073 1.771743405405793 0.6050858381611293
-0.24104895764289158 1.7741400224315205 0.5966791489823572
-0.2169440618786025 1.776536639457248 0.5882724598035853
-0.19283916611431332 1.7789332564829754 0.5798657706248133
-0.16873427035002414 1.781329873508703 0.5714590814460413
-0.14462937458573497 1.7837264905344306 0.5630523922672693
-0.12052447882144579 1.786123107560158 0.5546457030884974
-0.09641958305715671 1.7885197245858855 0.5462390139097254
-0.07231468729286754 1.790916341611613 0.5378323247309533
-0.04820979152857836 1.7933129586373406 0.5294256355521814
-0.02410489576428918 1.795709575663068 0.5210189463734094
0.0 1.7981061926887956 0.5126122571946374
-0.9400909348072772 1.7248415690527124 0.8462328234498305
-0.915986039042988 1.72723818607844 0.8378261342710586
-0.8918811432786988 1.7296348031041675 0.8294194450922866
-0.8677762475144098 1.732031420129895 0.8210127559135146
-0.8436713517501206 1.7344280371556224 0.8126060667347427
-0.8195664559858314 1.73682465418135 0.8041993775559706
-0.7954615602215422 1.7392212712070776 0.7957926883771986
-0.771356664457253 1.741617888232805 0.7873859991984267
-0.7472517686929641 1.7440145052585325 0.7789793100196547
-0.7231468729286749 1.74641112228426 0.7705726208408827
-0.6990419771643857 1.7488077393099875 0.7621659316621108
-0.6749370814000965 1.7512043563357151 0.7537592424833387
-0.6508321856358072 1.7536009733614426 0.7453525533045667
-0.6267272898715183 1.75599759038717 0.7369458641257948
-0.602622394107229 1.7583942074128975 0.7285391749470228
-0.5785174983429399 1.760790824438625 0.7201324857682508
-0.5544126025786507 1.7631874414643527 0.7117257965894789
-0.5303077068143615 1.7655840584900802 0.7033191074107068
-0.5062028110500725 1.7679806755158076 0.6949124182319348
-0.48209791528578316 1.770377292541535 0.6865057290531629
-0.45799301952149407 1.7727739095672626 0.6780990398743909
-0.4338881237572049 1.7751705265929902 0.6696923506956189
-0.4097832279929157 1.7775671436187177 0.6612856615168469
-0.3856783322286265 1.7799637606444452 0.6528789723380749
-0.36157343646433737 1.7823603776701726 0.6444722831593029
-0.3374685407000483 1.7847569946959 0.636065593980531
-0.31336364493575913 1.7871536117216278 0.627658904801759
-0.28925874917146993 1.7895502287473553 0.619252215622987
-0.26515385340718073 1.7919468457730827 0.610845526444215
-0.24104895764289158 1.7943434627988102 0.602438837265443
-0.2169440618786025 1.7967400798245377 0.594032148086671
-0.19283916611431332 1.7991366968502653 0.5856254589078991
-0.16873427035002414 1.8015333138759928 0.5772187697291271
-0.14462937458573497 1.8039299309017203 0.5688120805503551
-0.12052447882144579 1.8063265479274477 0.5604053913715831
-0.09641958305715671 1.8087231649531752 0.5519987021928111
-0.07231468729286754 1.8111197819789029 0.5435920130140391
-0.04820979152857836 1.8135163990046304 0.5351853238352672
-0.02410489576428918 1.8159130160303578 0.5267786346564952
0.0 1.8183096330560853 0.5183719454777231
-0.9400909348072772 1.7450450094200023 0.8519925117329163
-0.915986039042988 1.7474416264457298 0.8435858225541444
-0.8918811432786988 1.7498382434714572 0.8351791333753724
-0.8677762475144098 1.7522348604971847 0.8267724441966005
-0.8436713517501206 1.7546314775229122 0.8183657550178285
-0.8195664559858314 1.7570280945486398 0.8099590658390564
-0.7954615602215422 1.7594247115743673 0.8015523766602844
-0.771356664457253 1.7618213286000948 0.7931456874815125
-0.7472517686929641 1.7642179456258222 0.7847389983027405
-0.7231468729286749 1.7666145626515497 0.7763323091239686
-0.6990419771643857 1.7690111796772774 0.7679256199451965
-0.6749370814000965 1.7714077967030049 0.7595189307664245
-0.6508321856358072 1.7738044137287323 0.7511122415876526
-0.6267272898715183 1.7762010307544598 0.7427055524088806
-0.602622394107229 1.7785976477801873 0.7342988632301085
-0.5785174983429399 1.780994264805915 0.7258921740513367
-0.5544126025786507 1.7833908818316424 0.7174854848725646
-0.5303077068143615 1.7857874988573699 0.7090787956937926
-0.5062028110500725 1.7881841158830973 0.7006721065150207
-0.48209791528578316 1.7905807329088248 0.6922654173362487
-0.45799301952149407 1.7929773499345525 0.6838587281574767
-0.4338881237572049 1.79537396696028 0.6754520389787046
-0.4097832279929157 1.7977705839860074 0.6670453497999327
-0.3856783322286265 1.8001672010117349 0.6586386606211607
-0.36157343646433737 1.8025638180374624 0.6502319714423888
-0.3374685407000483 1.80496043506319 0.6418252822636168
-0.31336364493575913 1.8073570520889175 0.6334185930848448
-0.28925874917146993 1.809753669114645 0.6250119039060728
-0.26515385340718073 1.8121502861403724 0.6166052147273008
-0.24104895764289158 1.8145469031661 0.6081985255485288
-0.2169440618786025 1.8169435201918276 0.5997918363697569
-0.19283916611431332 1.819340137217555 0.5913851471909849
-0.16873427035002414 1.8217367542432825 0.5829784580122129
-0.14462937458573497 1.82413337126901 0.5745717688334409
-0.12052447882144579 1.8265299882947377 0.5661650796546689
-0.09641958305715671 1.8289266053204651 0.5577583904758969
-0.07231468729286754 1.8313232223461926 0.549351701297125
-0.04820979152857836 1.83371983937192 0.540945012118353
-0.02410489576428918 1.8361164563976475 0.5325383229395809
0.0 1.8385130734233752 0.524131633760809
-0.9400909348072772 1.7652484497872922 0.8577522000160023
-0.915986039042988 1.7676450668130197 0.8493455108372303
-0.8918811432786988 1.7700416838387472 0.8409388216584582
-0.8677762475144098 1.7724383008644746 0.8325321324796863
-0.8436713517501206 1.7748349178902023 0.8241254433009143
-0.8195664559858314 1.7772315349159298 0.8157187541221423
-0.7954615602215422 1.7796281519416572 0.8073120649433704
-0.771356664457253 1.7820247689673847 0.7989053757645983
-0.7472517686929641 1.7844213859931122 0.7904986865858263
-0.7231468729286749 1.7868180030188399 0.7820919974070544
-0.6990419771643857 1.7892146200445673 0.7736853082282824
-0.6749370814000965 1.7916112370702948 0.7652786190495104
-0.6508321856358072 1.7940078540960223 0.7568719298707384
-0.6267272898715183 1.7964044711217497 0.7484652406919665
-0.602622394107229 1.7988010881474774 0.7400585515131944
-0.5785174983429399 1.8011977051732049 0.7316518623344225
-0.5544126025786507 1.8035943221989323 0.7232451731556505
-0.5303077068143615 1.8059909392246598 0.7148384839768785
-0.5062028110500725 1.8083875562503873 0.7064317947981066
-0.48209791528578316 1.810784173276115 0.6980251056193345
-0.45799301952149407 1.8131807903018424 0.6896184164405625
-0.4338881237572049 1.81557740732757 0.6812117272617906
-0.4097832279929157 1.8179740243532974 0.6728050380830186
-0.3856783322286265 1.8203706413790248 0.6643983489042465
-0.36157343646433737 1.8227672584047525 0.6559916597254746
-0.3374685407000483 1.82516387543048 0.6475849705467026
-0.31336364493575913 1.8275604924562074 0.6391782813679306
-0.28925874917146993 1.829957109481935 0.6307715921891587
-0.26515385340718073 1.8323537265076624 0.6223649030103867
-0.24104895764289158 1.83475034353339 0.6139582138316146
-0.2169440618786025 1.8371469605591175 0.6055515246528427
-0.19283916611431332 1.839543577584845 0.5971448354740707
-0.16873427035002414 1.8419401946105725 0.5887381462952987
-0.14462937458573497 1.8443368116363 0.5803314571165268
-0.12052447882144579 1.8467334286620276 0.5719247679377547
-0.09641958305715671 1.849130045687755 0.5635180787589827
-0.07231468729286754 1.8515266627134825 0.5551113895802108
-0.04820979152857836 1.85392327973921 0.5467047004014388
-0.02410489576428918 1.8563198967649375 0.5382980112226669
0.0 1.8587165137906652 0.5298913220438949
-0.9400909348072772 1.785451890154582 0.863511888299088
-0.915986039042988 1.7878485071803094 0.855105199120316
-0.8918811432786988 1.7902451242060369 0.846698509941544
-0.8677762475144098 1.7926417412317646 0.8382918207627721
-0.8436713517501206 1.795038358257492 0.8298851315840001
-0.8195664559858314 1.7974349752832195 0.821478442405228
-0.7954615602215422 1.799831592308947 0.8130717532264561
-0.771356664457253 1.8022282093346744 0.8046650640476841
-0.7472517686929641 1.8046248263604021 0.7962583748689122
-0.7231468729286749 1.8070214433861296 0.7878516856901402
-0.6990419771643857 1.809418060411857 0.7794449965113682
-0.6749370814000965 1.8118146774375845 0.7710383073325962
-0.6508321856358072 1.814211294463312 0.7626316181538242
-0.6267272898715183 1.8166079114890397 0.7542249289750522
-0.602622394107229 1.8190045285147671 0.7458182397962803
-0.5785174983429399 1.8214011455404946 0.7374115506175083
-0.5544126025786507 1.823797762566222 0.7290048614387363
-0.5303077068143615 1.8261943795919495 0.7205981722599643
-0.5062028110500725 1.8285909966176772 0.7121914830811923
-0.48209791528578316 1.8309876136434047 0.7037847939024203
-0.45799301952149407 1.8333842306691321 0.6953781047236484
-0.4338881237572049 1.8357808476948596 0.6869714155448764
-0.4097832279929157 1.838177464720587 0.6785647263661043
-0.3856783322286265 1.8405740817463148 0.6701580371873324
-0.36157343646433737 1.8429706987720422 0.6617513480085604
-0.3374685407000483 1.8453673157977697 0.6533446588297884
-0.31336364493575913 1.8477639328234972 0.6449379696510165
-0.28925874917146993 1.8501605498492246 0.6365312804722445
-0.26515385340718073 1.8525571668749523 0.6281245912934724
-0.24104895764289158 1.8549537839006798 0.6197179021147005
-0.2169440618786025 1.8573504009264072 0.6113112129359285
-0.19283916611431332 1.8597470179521347 0.6029045237571565
-0.16873427035002414 1.8621436349778622 0.5944978345783846
-0.14462937458573497 1.8645402520035899 0.5860911453996125
-0.12052447882144579 1.8669368690293173 0.5776844562208405
-0.09641958305715671 1.8693334860550448 0.5692777670420686
-0.07231468729286754 1.8717301030807723 0.5608710778632966
-0.04820979152857836 1.8741267201065 0.5524643886845246
-0.02410489576428918 1.8765233371322274 0.5440576995057527
0.0 1.8789199541579549 0.5356510103269806
-0.9400909348072772 1.8056553305218717 0.8692715765821738
-0.915986039042988 1.8080519475475991 0.8608648874034018
-0.8918811432786988 1.8104485645733268 0.8524581982246299
-0.8677762475144098 1.8128451815990543 0.8440515090458579
-0.8436713517501206 1.8152417986247817 0.8356448198670859
-0.8195664559858314 1.8176384156505092 0.8272381306883139
-0.7954615602215422 1.8200350326762367 0.8188314415095419
-0.771356664457253 1.8224316497019644 0.8104247523307699
-0.7472517686929641 1.8248282667276918 0.802018063151998
-0.7231468729286749 1.8272248837534193 0.793611373973226
-0.6990419771643857 1.8296215007791468 0.7852046847944539
-0.6749370814000965 1.8320181178048742 0.776797995615682
-0.6508321856358072 1.834414734830602 0.76839130643691
-0.6267272898715183 1.8368113518563294 0.759984617258138
-0.602622394107229 1.8392079688820568 0.751577928079366
-0.5785174983429399 1.8416045859077843 0.7431712389005941
-0.5544126025786507 1.8440012029335118 0.734764549721822
-0.5303077068143615 1.8463978199592395 0.7263578605430501
-0.5062028110500725 1.848794436984967 0.7179511713642781
-0.48209791528578316 1.8511910540106944 0.7095444821855061
-0.45799301952149407 1.8535876710364219 0.7011377930067342
-0.4338881237572049 1.8559842880621493 0.6927311038279621
-0.4097832279929157 1.858380905087877 0.6843244146491901
-0.3856783322286265 1.8607775221136045 0.6759177254704182
-0.36157343646433737 1.863174139139332 0.6675110362916462
-0.3374685407000483 1.8655707561650594 0.6591043471128742
-0.31336364493575913 1.8679673731907869 0.6506976579341023
-0.28925874917146993 1.8703639902165146 0.6422909687553302
-0.26515385340718073 1.872760607242242 0.6338842795765582
-0.24104895764289158 1.8751572242679695 0.6254775903977863
-0.2169440618786025 1.877553841293697 0.6170709012190143
-0.19283916611431332 1.8799504583194244 0.6086642120402423
-0.16873427035002414 1.882347075345152 0.6002575228614703
-0.14462937458573497 1.8847436923708796 0.5918508336826983
-0.12052447882144579 1.887140309396607 0.5834441445039263
-0.09641958305715671 1.8895369264223345 0.5750374553251544
-0.07231468729286754 1.8919335434480622 0.5666307661463824
-0.04820979152857836 1.8943301604737897 0.5582240769676104
-0.02410489576428918 1.8967267774995171 0.5498173877888384
0.0 1.8991233945252446 0.5414106986100664
-0.9400909348072772 1.8258587708891616 0.8750312648652596
-0.915986039042988 1.8282553879148893 0.8666245756864877
-0.8918811432786988 1.8306520049406168 0.8582178865077157
-0.8677762475144098 1.8330486219663442 0.8498111973289437
-0.8436713517501206 1.8354452389920717 0.8414045081501718
-0.8195664559858314 1.8378418560177991 0.8329978189713997
-0.7954615602215422 1.8402384730435268 0.8245911297926277
-0.771356664457253 1.8426350900692543 0.8161844406138558
-0.7472517686929641 1.8450317070949818 0.8077777514350838
-0.7231468729286749 1.8474283241207092 0.7993710622563118
-0.6990419771643857 1.8498249411464367 0.7909643730775399
-0.6749370814000965 1.8522215581721644 0.7825576838987678
-0.6508321856358072 1.8546181751978918 0.7741509947199958
-0.6267272898715183 1.8570147922236193 0.7657443055412239
-0.602622394107229 1.8594114092493468 0.7573376163624519
-0.5785174983429399 1.8618080262750742 0.7489309271836799
-0.5544126025786507 1.864204643300802 0.740524238004908
-0.5303077068143615 1.8666012603265294 0.7321175488261359
-0.5062028110500725 1.8689978773522569 0.7237108596473639
-0.48209791528578316 1.8713944943779843 0.715304170468592
-0.45799301952149407 1.8737911114037118 0.70689748128982
-0.4338881237572049 1.8761877284294395 0.698490792111048
-0.4097832279929157 1.878584345455167 0.690084102932276
-0.3856783322286265 1.8809809624808944 0.681677413753504
-0.36157343646433737 1.8833775795066219 0.673270724574732
-0.3374685407000483 1.8857741965323493 0.6648640353959601
-0.31336364493575913 1.888170813558077 0.6564573462171881
-0.28925874917146993 1.8905674305838045 0.6480506570384161
-0.26515385340718073 1.892964047609532 0.6396439678596441
-0.24104895764289158 1.8953606646352594 0.6312372786808721
-0.2169440618786025 1.897757281660987 0.6228305895021001
-0.19283916611431332 1.9001538986867146 0.6144239003233282
-0.16873427035002414 1.902550515712442 0.6060172111445562
-0.14462937458573497 1.9049471327381695 0.5976105219657842
-0.12052447882144579 1.907343749763897 0.5892038327870122
-0.09641958305715671 1.9097403667896244 0.5807971436082402
-0.07231468729286754 1.9121369838153521 0.5723904544294682
-0.04820979152857836 1.9145336008410796 0.5639837652506963
-0.02410489576428918 1.916930217866807 0.5555770760719243
0.0 1.9193268348925345 0.5471703868931522
-0.9400909348072772 1.8460622112564513 0.8807909531483454
-0.915986039042988 1.8484588282821788 0.8723842639695735
-0.8918811432786988 1.8508554453079062 0.8639775747908014
-0.8677762475144098 1.8532520623336337 0.8555708856120294
-0.8436713517501206 1.8556486793593612 0.8471641964332575
-0.8195664559858314 1.8580452963850889 0.8387575072544855
-0.7954615602215422 1.8604419134108163 0.8303508180757135
-0.771356664457253 1.8628385304365438 0.8219441288969415
-0.7472517686929641 1.8652351474622713 0.8135374397181695
-0.7231468729286749 1.8676317644879987 0.8051307505393975
-0.6990419771643857 1.8700283815137264 0.7967240613606256
-0.6749370814000965 1.8724249985394539 0.7883173721818536
-0.6508321856358072 1.8748216155651813 0.7799106830030815
-0.6267272898715183 1.8772182325909088 0.7715039938243097
-0.602622394107229 1.8796148496166365 0.7630973046455376
-0.5785174983429399 1.882011466642364 0.7546906154667656
-0.5544126025786507 1.8844080836680914 0.7462839262879937
-0.5303077068143615 1.886804700693819 0.7378772371092217
-0.5062028110500725 1.8892013177195464 0.7294705479304497
-0.48209791528578316 1.891597934745274 0.7210638587516777
-0.45799301952149407 1.8939945517710015 0.7126571695729057
-0.4338881237572049 1.896391168796729 0.7042504803941337
-0.4097832279929157 1.8987877858224564 0.6958437912153618
-0.3856783322286265 1.901184402848184 0.6874371020365897
-0.36157343646433737 1.9035810198739116 0.6790304128578177
-0.3374685407000483 1.905977636899639 0.6706237236790458
-0.31336364493575913 1.9083742539253665 0.6622170345002738
-0.28925874917146993 1.910770870951094 0.6538103453215018
-0.26515385340718073 1.9131674879768215 0.6454036561427299
-0.24104895764289158 1.9155641050025491 0.6369969669639578
-0.2169440618786025 1.9179607220282766 0.6285902777851858
-0.19283916611431332 1.920357339054004 0.6201835886064139
-0.16873427035002414 1.9227539560797315 0.6117768994276419
-0.14462937458573497 1.925150573105459 0.6033702102488699
-0.12052447882144579 1.9275471901311867 0.5949635210700979
-0.09641958305715671 1.9299438071569142 0.586556831891326
-0.07231468729286754 1.9323404241826416 0.5781501427125539
-0.04820979152857836 1.934737041208369 0.569743453533782
-0.02410489576428918 1.9371336582340966 0.56133676435501
0.0 1.9395302752598242 0.552930075176238
-0.9400909348072772 1.8662656516237415 0.8865506414314313
-0.915986039042988 1.868662268649469 0.8781439522526593
-0.8918811432786988 1.8710588856751964 0.8697372630738873
-0.8677762475144098 1.8734555027009239 0.8613305738951154
-0.8436713517501206 1.8758521197266516 0.8529238847163434
-0.8195664559858314 1.878248736752379 0.8445171955375713
-0.7954615602215422 1.8806453537781065 0.8361105063587994
-0.771356664457253 1.883041970803834 0.8277038171800274
-0.7472517686929641 1.8854385878295614 0.8192971280012554
-0.7231468729286749 1.887835204855289 0.8108904388224835
-0.6990419771643857 1.8902318218810166 0.8024837496437115
-0.6749370814000965 1.892628438906744 0.7940770604649394
-0.6508321856358072 1.8950250559324715 0.7856703712861675
-0.6267272898715183 1.897421672958199 0.7772636821073955
-0.602622394107229 1.8998182899839267 0.7688569929286235
-0.5785174983429399 1.9022149070096541 0.7604503037498516
-0.5544126025786507 1.9046115240353816 0.7520436145710796
-0.5303077068143615 1.907008141061109 0.7436369253923075
-0.5062028110500725 1.9094047580868365 0.7352302362135356
-0.48209791528578316 1.9118013751125642 0.7268235470347636
-0.45799301952149407 1.9141979921382917 0.7184168578559916
-0.4338881237572049 1.9165946091640191 0.7100101686772197
-0.4097832279929157 1.9189912261897466 0.7016034794984476
-0.3856783322286265 1.921387843215474 0.6931967903196756
-0.36157343646433737 1.9237844602412018 0.6847901011409037
-0.3374685407000483 1.9261810772669292 0.6763834119621317
-0.31336364493575913 1.9285776942926567 0.6679767227833597
-0.28925874917146993 1.9309743113183842 0.6595700336045878
-0.26515385340718073 1.9333709283441116 0.6511633444258157
-0.24104895764289158 1.9357675453698393 0.6427566552470437
-0.2169440618786025 1.9381641623955668 0.6343499660682718
-0.19283916611431332 1.9405607794212942 0.6259432768894998
-0.16873427035002414 1.9429573964470217 0.6175365877107278
-0.14462937458573497 1.9453540134727492 0.6091298985319559
-0.12052447882144579 1.9477506304984769 0.6007232093531838
-0.09641958305715671 1.9501472475242043 0.5923165201744118
-0.07231468729286754 1.9525438645499318 0.5839098309956399
-0.04820979152857836 1.9549404815756593 0.5755031418168679
-0.02410489576428918 1.957337098601387 0.5670964526380959
0.0 1.9597337156271144 0.5586897634593239
-0.9400909348072772 1.8864690919910312 0.8923103297145171
-0.915986039042988 1.8888657090167587 0.8839036405357451
-0.8918811432786988 1.8912623260424861 0.8754969513569731
-0.8677762475144098 1.8936589430682138 0.8670902621782012
-0.8436713517501206 1.8960555600939413 0.8586835729994292
-0.8195664559858314 1.8984521771196687 0.8502768838206571
-0.7954615602215422 1.9008487941453962 0.8418701946418852
-0.771356664457253 1.9032454111711237 0.8334635054631132
-0.7472517686929641 1.9056420281968514 0.8250568162843412
-0.7231468729286749 1.9080386452225788 0.8166501271055693
-0.6990419771643857 1.9104352622483063 0.8082434379267973
-0.6749370814000965 1.9128318792740338 0.7998367487480252
-0.6508321856358072 1.9152284962997612 0.7914300595692533
-0.6267272898715183 1.917625113325489 0.7830233703904813
-0.602622394107229 1.9200217303512164 0.7746166812117093
-0.5785174983429399 1.9224183473769438 0.7662099920329374
-0.5544126025786507 1.9248149644026713 0.7578033028541654
-0.5303077068143615 1.9272115814283988 0.7493966136753933
-0.5062028110500725 1.9296081984541265 0.7409899244966214
-0.48209791528578316 1.932004815479854 0.7325832353178494
-0.45799301952149407 1.9344014325055814 0.7241765461390774
-0.4338881237572049 1.9367980495313089 0.7157698569603055
-0.4097832279929157 1.9391946665570363 0.7073631677815334
-0.3856783322286265 1.941591283582764 0.6989564786027614
-0.36157343646433737 1.9439879006084915 0.6905497894239895
-0.3374685407000483 1.946384517634219 0.6821431002452175
-0.31336364493575913 1.9487811346599464 0.6737364110664456
-0.28925874917146993 1.9511777516856739 0.6653297218876736
-0.26515385340718073 1.9535743687114016 0.6569230327089015
-0.24104895764289158 1.955970985737129 0.6485163435301295
-0.2169440618786025 1.9583676027628565 0.6401096543513576
-0.19283916611431332 1.960764219788584 0.6317029651725856
-0.16873427035002414 1.9631608368143114 0.6232962759938137
-0.14462937458573497 1.965557453840039 0.6148895868150416
-0.12052447882144579 1.9679540708657666 0.6064828976362696
-0.09641958305715671 1.970350687891494 0.5980762084574976
-0.07231468729286754 1.9727473049172215 0.5896695192787257
-0.04820979152857836 1.9751439219429492 0.5812628300999537
-0.02410489576428918 1.9775405389686767 0.5728561409211816
0.0 1.9799371559944041 0.5644494517424097
-0.9400909348072772 1.906672532358321 0.8980700179976029
-0.915986039042988 1.9090691493840484 0.8896633288188309
-0.8918811432786988 1.911465766409776 0.881256639640059
-0.8677762475144098 1.9138623834355035 0.872849950461287
-0.8436713517501206 1.916259000461231 0.864443261282515
-0.8195664559858314 1.9186556174869585 0.856036572103743
-0.7954615602215422 1.921052234512686 0.847629882924971
-0.771356664457253 1.9234488515384136 0.839223193746199
-0.7472517686929641 1.925845468564141 0.8308165045674271
-0.7231468729286749 1.9282420855898685 0.8224098153886551
-0.6990419771643857 1.930638702615596 0.814003126209883
-0.6749370814000965 1.9330353196413235 0.8055964370311111
-0.6508321856358072 1.9354319366670512 0.7971897478523391
-0.6267272898715183 1.9378285536927786 0.7887830586735671
-0.602622394107229 1.940225170718506 0.780376369494795
-0.5785174983429399 1.9426217877442336 0.7719696803160232
-0.5544126025786507 1.945018404769961 0.7635629911372511
-0.5303077068143615 1.9474150217956887 0.7551563019584792
-0.5062028110500725 1.9498116388214162 0.7467496127797072
-0.48209791528578316 1.9522082558471436 0.7383429236009352
-0.45799301952149407 1.954604872872871 0.7299362344221633
-0.4338881237572049 1.9570014898985986 0.7215295452433912
-0.4097832279929157 1.9593981069243263 0.7131228560646192
-0.3856783322286265 1.9617947239500537 0.7047161668858473
-0.36157343646433737 1.9641913409757812 0.6963094777070753
-0.3374685407000483 1.9665879580015087 0.6879027885283033
-0.31336364493575913 1.9689845750272361 0.6794960993495314
-0.28925874917146993 1.9713811920529638 0.6710894101707593
-0.26515385340718073 1.9737778090786913 0.6626827209919873
-0.24104895764289158 1.9761744261044187 0.6542760318132154
-0.2169440618786025 1.9785710431301462 0.6458693426344434
-0.19283916611431332 1.9809676601558737 0.6374626534556714
-0.16873427035002414 1.9833642771816014 0.6290559642768994
-0.14462937458573497 1.9857608942073288 0.6206492750981274
-0.12052447882144579 1.9881575112330563 0.6122425859193554
-0.09641958305715671 1.9905541282587838 0.6038358967405835
-0.07231468729286754 1.9929507452845114 0.5954292075618115
-0.04820979152857836 1.995347362310239 0.5870225183830394
-0.02410489576428918 1.9977439793359664 0.5786158292042675
0.0 2.000140596361694 0.5702091400254955
-0.9400909348072772 1.9268759727256106 0.9038297062806887
-0.915986039042988 1.9292725897513383 0.8954230171019167
-0.8918811432786988 1.9316692067770658 0.8870163279231447
-0.8677762475144098 1.9340658238027932 0.8786096387443727
-0.8436713517501206 1.9364624408285207 0.8702029495656007
-0.8195664559858314 1.9388590578542482 0.8617962603868288
-0.7954615602215422 1.9412556748799759 0.8533895712080568
-0.771356664457253 1.9436522919057033 0.8449828820292847
-0.7472517686929641 1.9460489089314308 0.8365761928505128
-0.7231468729286749 1.9484455259571583 0.8281695036717408
-0.6990419771643857 1.9508421429828857 0.8197628144929688
-0.6749370814000965 1.9532387600086134 0.8113561253141969
-0.6508321856358072 1.9556353770343409 0.8029494361354249
-0.6267272898715183 1.9580319940600683 0.794542746956653
-0.602622394107229 1.9604286110857958 0.7861360577778809
-0.5785174983429399 1.9628252281115233 0.7777293685991089
-0.5544126025786507 1.965221845137251 0.7693226794203369
-0.5303077068143615 1.9676184621629784 0.760915990241565
-0.5062028110500725 1.9700150791887059 0.752509301062793
-0.48209791528578316 1.9724116962144334 0.7441026118840209
-0.45799301952149407 1.9748083132401608 0.735695922705249
-0.4338881237572049 1.9772049302658885 0.727289233526477
-0.4097832279929157 1.979601547291616 0.718882544347705
-0.3856783322286265 1.9819981643173434 0.7104758551689331
-0.36157343646433737 1.984394781343071 0.702069165990161
-0.3374685407000483 1.9867913983687984 0.693662476811389
-0.31336364493575913 1.989188015394526 0.6852557876326171
-0.28925874917146993 1.9915846324202535 0.6768490984538451
-0.26515385340718073 1.993981249445981 0.6684424092750731
-0.24104895764289158 1.9963778664717085 0.6600357200963012
-0.2169440618786025 1.9987744834974361 0.6516290309175292
-0.19283916611431332 2.0011711005231634 0.6432223417387571
-0.16873427035002414 2.003567717548891 0.6348156525599852
-0.14462937458573497 2.0059643345746188 0.6264089633812132
-0.12052447882144579 2.0083609516003462 0.6180022742024412
-0.09641958305715671 2.0107575686260737 0.6095955850236693
-0.07231468729286754 2.013154185651801 0.6011888958448973
-0.04820979152857836 2.0155508026775286 0.5927822066661252
-0.02410489576428918 2.017947419703256 0.5843755174873533
0.0 2.0203440367289835 0.5759688283085813
-0.9400909348072772 1.9470794130929006 0.9095893945637745
-0.915986039042988 1.949476030118628 0.9011827053850026
-0.8918811432786988 1.9518726471443555 0.8927760162062305
-0.8677762475144098 1.954269264170083 0.8843693270274585
-0.8436713517501206 1.9566658811958104 0.8759626378486866
-0.8195664559858314 1.959062498221538 0.8675559486699146
-0.7954615602215422 1.9614591152472656 0.8591492594911426
-0.771356664457253 1.963855732272993 0.8507425703123705
-0.7472517686929641 1.9662523492987205 0.8423358811335986
-0.7231468729286749 1.968648966324448 0.8339291919548266
-0.6990419771643857 1.9710455833501757 0.8255225027760547
-0.6749370814000965 1.9734422003759031 0.8171158135972827
-0.6508321856358072 1.9758388174016306 0.8087091244185106
-0.6267272898715183 1.978235434427358 0.8003024352397388
-0.602622394107229 1.9806320514530857 0.7918957460609667
-0.5785174983429399 1.9830286684788132 0.7834890568821947
-0.5544126025786507 1.9854252855045407 0.7750823677034228
-0.5303077068143615 1.9878219025302681 0.7666756785246508
-0.5062028110500725 1.9902185195559956 0.7582689893458788
-0.48209791528578316 1.9926151365817233 0.7498623001671068
-0.45799301952149407 1.9950117536074508 0.7414556109883348
-0.4338881237572049 1.9974083706331782 0.7330489218095628
-0.4097832279929157 1.9998049876589057 0.7246422326307909
-0.3856783322286265 2.0022016046846334 0.7162355434520188
-0.36157343646433737 2.004598221710361 0.7078288542732468
-0.3374685407000483 2.0069948387360883 0.6994221650944749
-0.31336364493575913 2.0093914557618158 0.6910154759157029
-0.28925874917146993 2.0117880727875432 0.6826087867369309
-0.26515385340718073 2.0141846898132707 0.674202097558159
-0.24104895764289158 2.016581306838998 0.6657954083793869
-0.2169440618786025 2.0189779238647256 0.6573887192006149
-0.19283916611431332 2.021374540890453 0.648982030021843
-0.16873427035002414 2.023771157916181 0.640575340843071
-0.14462937458573497 2.0261677749419085 0.632168651664299
-0.12052447882144579 2.028564391967636 0.623761962485527
-0.09641958305715671 2.0309610089933634 0.6153552733067551
-0.07231468729286754 2.033357626019091 0.606948584127983
-0.04820979152857836 2.0357542430448183 0.5985418949492111
-0.02410489576428918 2.038150860070546 0.5901352057704391
0.0 2.0405474770962733 0.5817285165916671
-0.9400909348072772 1.9672828534601907 0.9153490828468603
-0.915986039042988 1.9696794704859182 0.9069423936680884
-0.8918811432786988 1.9720760875116456 0.8985357044893164
-0.8677762475144098 1.9744727045373731 0.8901290153105444
-0.8436713517501206 1.9768693215631008 0.8817223261317725
-0.8195664559858314 1.9792659385888283 0.8733156369530004
-0.7954615602215422 1.9816625556145557 0.8649089477742284
-0.771356664457253 1.9840591726402832 0.8565022585954565
-0.7472517686929641 1.9864557896660107 0.8480955694166845
-0.7231468729286749 1.9888524066917384 0.8396888802379125
-0.6990419771643857 1.9912490237174658 0.8312821910591406
-0.6749370814000965 1.9936456407431933 0.8228755018803685
-0.6508321856358072 1.9960422577689207 0.8144688127015965
-0.6267272898715183 1.9984388747946482 0.8060621235228246
-0.602622394107229 2.000835491820376 0.7976554343440526
-0.5785174983429399 2.0032321088461034 0.7892487451652807
-0.5544126025786507 2.005628725871831 0.7808420559865087
-0.5303077068143615 2.0080253428975583 0.7724353668077366
-0.5062028110500725 2.0104219599232858 0.7640286776289646
-0.48209791528578316 2.0128185769490132 0.7556219884501927
-0.45799301952149407 2.0152151939747407 0.7472152992714207
-0.4338881237572049 2.0176118110004686 0.7388086100926488
-0.4097832279929157 2.020008428026196 0.7304019209138767
-0.3856783322286265 2.0224050450519235 0.7219952317351047
-0.36157343646433737 2.024801662077651 0.7135885425563327
-0.3374685407000483 2.0271982791033785 0.7051818533775608
-0.31336364493575913 2.029594896129106 0.6967751641987888
-0.28925874917146993 2.0319915131548334 0.6883684750200169
-0.26515385340718073 2.034388130180561 0.6799617858412448
-0.24104895764289158 2.0367847472062883 0.6715550966624728
-0.2169440618786025 2.039181364232016 0.6631484074837009
-0.19283916611431332 2.0415779812577437 0.6547417183049289
-0.16873427035002414 2.043974598283471 0.6463350291261569
-0.14462937458573497 2.0463712153091986 0.637928339947385
-0.12052447882144579 2.048767832334926 0.6295216507686129
-0.09641958305715671 2.0511644493606536 0.6211149615898409
-0.07231468729286754 2.053561066386381 0.612708272411069
-0.04820979152857836 2.0559576834121085 0.604301583232297
-0.02410489576428918 2.058354300437836 0.595894894053525
0.0 2.0607509174635634 0.587488204874753
-0.9400909348072772 1.9874862938274804 0.9211087711299462
-0.915986039042988 1.989882910853208 0.9127020819511742
-0.8918811432786988 1.9922795278789354 0.9042953927724022
-0.8677762475144098 1.994676144904663 0.8958887035936303
-0.8436713517501206 1.9970727619303905 0.8874820144148583
-0.8195664559858314 1.999469378956118 0.8790753252360862
-0.7954615602215422 2.0018659959818454 0.8706686360573143
-0.771356664457253 2.004262613007573 0.8622619468785423
-0.7472517686929641 2.0066592300333004 0.8538552576997703
-0.7231468729286749 2.009055847059028 0.8454485685209984
-0.6990419771643857 2.0114524640847553 0.8370418793422263
-0.6749370814000965 2.013849081110483 0.8286351901634543
-0.6508321856358072 2.0162456981362107 0.8202285009846824
-0.6267272898715183 2.018642315161938 0.8118218118059104
-0.602622394107229 2.0210389321876656 0.8034151226271383
-0.5785174983429399 2.023435549213393 0.7950084334483665
-0.5544126025786507 2.0258321662391205 0.7866017442695944
-0.5303077068143615 2.028228783264848 0.7781950550908224
-0.5062028110500725 2.0306254002905755 0.7697883659120505
-0.48209791528578316 2.033022017316303 0.7613816767332785
-0.45799301952149407 2.035418634342031 0.7529749875545065
-0.4338881237572049 2.0378152513677583 0.7445682983757345
-0.4097832279929157 2.040211868393486 0.7361616091969625
-0.3856783322286265 2.0426084854192132 0.7277549200181905
-0.36157343646433737 2.0450051024449407 0.7193482308394186
-0.3374685407000483 2.047401719470668 0.7109415416606466
-0.31336364493575913 2.0497983364963956 0.7025348524818746
-0.28925874917146993 2.052194953522123 0.6941281633031026
-0.26515385340718073 2.0545915705478506 0.6857214741243306
-0.24104895764289158 2.056988187573578 0.6773147849455586
-0.2169440618786025 2.059384804599306 0.6689080957667867
-0.19283916611431332 2.0617814216250334 0.6605014065880147
-0.16873427035002414 2.064178038650761 0.6520947174092427
-0.14462937458573497 2.0665746556764883 0.6436880282304707
-0.12052447882144579 2.068971272702216 0.6352813390516987
-0.09641958305715671 2.0713678897279433 0.6268746498729267
-0.07231468729286754 2.0737645067536707 0.6184679606941548
-0.04820979152857836 2.076161123779398 0.6100612715153828
-0.02410489576428918 2.0785577408051257 0.6016545823366107
0.0 2.080954357830853 0.5932478931578388
-0.9400909348072772 2.0076897341947704 0.926868459413032
-0.915986039042988 2.010086351220498 0.91846177023426
-0.8918811432786988 2.0124829682462253 0.9100550810554879
-0.8677762475144098 2.0148795852719528 0.901648391876716
-0.8436713517501206 2.0172762022976802 0.893241702697944
-0.8195664559858314 2.0196728193234077 0.884835013519172
-0.7954615602215422 2.022069436349135 0.8764283243404001
-0.771356664457253 2.0244660533748626 0.868021635161628
-0.7472517686929641 2.02686267040059 0.859614945982856
-0.7231468729286749 2.029259287426318 0.8512082568040841
-0.6990419771643857 2.0316559044520455 0.8428015676253121
-0.6749370814000965 2.034052521477773 0.8343948784465401
-0.6508321856358072 2.0364491385035004 0.8259881892677682
-0.6267272898715183 2.038845755529228 0.8175815000889962
-0.602622394107229 2.0412423725549553 0.8091748109102241
-0.5785174983429399 2.043638989580683 0.8007681217314522
-0.5544126025786507 2.0460356066064103 0.7923614325526802
-0.5303077068143615 2.0484322236321377 0.7839547433739082
-0.5062028110500725 2.050828840657865 0.7755480541951363
-0.48209791528578316 2.053225457683593 0.7671413650163642
-0.45799301952149407 2.0556220747093206 0.7587346758375922
-0.4338881237572049 2.058018691735048 0.7503279866588203
-0.4097832279929157 2.0604153087607755 0.7419212974800483
-0.3856783322286265 2.062811925786503 0.7335146083012763
-0.36157343646433737 2.0652085428122304 0.7251079191225043
-0.3374685407000483 2.067605159837958 0.7167012299437324
-0.31336364493575913 2.0700017768636854 0.7082945407649603
-0.28925874917146993 2.072398393889413 0.6998878515861884
-0.26515385340718073 2.0747950109151403 0.6914811624074164
-0.24104895764289158 2.077191627940868 0.6830744732286445
-0.2169440618786025 2.0795882449665957 0.6746677840498725
-0.19283916611431332 2.081984861992323 0.6662610948711005
-0.16873427035002414 2.0843814790180506 0.6578544056923284
-0.14462937458573497 2.086778096043778 0.6494477165135565
-0.12052447882144579 2.0891747130695055 0.6410410273347845
-0.09641958305715671 2.091571330095233 0.6326343381560126
-0.07231468729286754 2.0939679471209605 0.6242276489772406
-0.04820979152857836 2.096364564146688 0.6158209597984685
-0.02410489576428918 2.0987611811724154 0.6074142706196966
0.0 2.1011577981981433 0.5990075814409246
-0.9400909348072772 2.02789317456206 0.9326281476961178
-0.915986039042988 2.0302897915877876 0.9242214585173458
-0.8918811432786988 2.032686408613515 0.9158147693385738
-0.8677762475144098 2.0350830256392425 0.9074080801598018
-0.8436713517501206 2.03747964266497 0.8990013909810298
-0.8195664559858314 2.0398762596906974 0.8905947018022579
-0.7954615602215422 2.042272876716425 0.8821880126234859
-0.771356664457253 2.0446694937421523 0.8737813234447138
-0.7472517686929641 2.0470661107678803 0.8653746342659419
-0.7231468729286749 2.0494627277936077 0.8569679450871699
-0.6990419771643857 2.051859344819335 0.8485612559083979
-0.6749370814000965 2.0542559618450627 0.840154566729626
-0.6508321856358072 2.05665257887079 0.831747877550854
-0.6267272898715183 2.0590491958965176 0.823341188372082
-0.602622394107229 2.061445812922245 0.81493449919331
-0.5785174983429399 2.0638424299479725 0.806527810014538
-0.5544126025786507 2.0662390469737 0.798121120835766
-0.5303077068143615 2.0686356639994274 0.7897144316569941
-0.5062028110500725 2.0710322810251554 0.7813077424782221
-0.48209791528578316 2.073428898050883 0.77290105329945
-0.45799301952149407 2.0758255150766103 0.7644943641206781
-0.4338881237572049 2.0782221321023377 0.7560876749419061
-0.4097832279929157 2.080618749128065 0.7476809857631341
-0.3856783322286265 2.0830153661537927 0.7392742965843622
-0.36157343646433737 2.08541198317952 0.7308676074055901
-0.3374685407000483 2.0878086002052476 0.7224609182268181
-0.31336364493575913 2.090205217230975 0.7140542290480462
-0.28925874917146993 2.0926018342567025 0.7056475398692742
-0.26515385340718073 2.0949984512824305 0.6972408506905022
-0.24104895764289158 2.097395068308158 0.6888341615117303
-0.2169440618786025 2.0997916853338854 0.6804274723329583
-0.19283916611431332 2.102188302359613 0.6720207831541862
-0.16873427035002414 2.1045849193853403 0.6636140939754143
-0.14462937458573497 2.106981536411068 0.6552074047966423
-0.12052447882144579 2.1093781534367952 0.6468007156178703
-0.09641958305715671 2.1117747704625227 0.6383940264390984
-0.07231468729286754 2.11417138748825 0.6299873372603263
-0.04820979152857836 2.1165680045139776 0.6215806480815543
-0.02410489576428918 2.1189646215397056 0.6131739589027824
0.0 2.121361238565433 0.6047672697240104
-0.9400909348072772 2.04809661492935 0.9383878359792036
-0.915986039042988 2.0504932319550773 0.9299811468004316
-0.8918811432786988 2.0528898489808047 0.9215744576216596
-0.8677762475144098 2.055286466006532 0.9131677684428876
-0.8436713517501206 2.0576830830322597 0.9047610792641156
-0.8195664559858314 2.060079700057987 0.8963543900853437
-0.7954615602215422 2.0624763170837146 0.8879477009065717
-0.771356664457253 2.0648729341094425 0.8795410117277996
-0.7472517686929641 2.06726955113517 0.8711343225490277
-0.7231468729286749 2.0696661681608974 0.8627276333702557
-0.6990419771643857 2.072062785186625 0.8543209441914837
-0.6749370814000965 2.0744594022123524 0.8459142550127118
-0.6508321856358072 2.07685601923808 0.8375075658339397
-0.6267272898715183 2.0792526362638073 0.8291008766551679
-0.602622394107229 2.0816492532895348 0.8206941874763958
-0.5785174983429399 2.0840458703152622 0.8122874982976238
-0.5544126025786507 2.0864424873409897 0.8038808091188518
-0.5303077068143615 2.0888391043667176 0.7954741199400799
-0.5062028110500725 2.091235721392445 0.7870674307613079
-0.48209791528578316 2.0936323384181725 0.7786607415825358
-0.45799301952149407 2.0960289554439 0.7702540524037639
-0.4338881237572049 2.0984255724696275 0.7618473632249919
-0.4097832279929157 2.100822189495355 0.75344067404622
-0.3856783322286265 2.1032188065210824 0.7450339848674479
-0.36157343646433737 2.10561542354681 0.7366272956886759
-0.3374685407000483 2.1080120405725373 0.728220606509904
-0.31336364493575913 2.110408657598265 0.719813917331132
-0.28925874917146993 2.1128052746239927 0.71140722815236
-0.26515385340718073 2.11520189164972 0.703000538973588
-0.24104895764289158 2.1175985086754476 0.694593849794816
-0.2169440618786025 2.119995125701175 0.686187160616044
-0.19283916611431332 2.1223917427269026 0.677780471437272
-0.16873427035002414 2.12478835975263 0.6693737822585001
-0.14462937458573497 2.1271849767783575 0.6609670930797281
-0.12052447882144579 2.129581593804085 0.652560403900956
-0.09641958305715671 2.1319782108298124 0.6441537147221841
-0.07231468729286754 2.13437482785554 0.6357470255434121
-0.04820979152857836 2.136771444881268 0.6273403363646401
-0.02410489576428918 2.1391680619069953 0.6189336471858682
0.0 2.1415646789327227 0.6105269580070962
-0.9400909348072772 2.0683000552966395 0.9441475242622893
-0.915986039042988 2.070696672322367 0.9357408350835174
-0.8918811432786988 2.0730932893480944 0.9273341459047454
-0.8677762475144098 2.075489906373822 0.9189274567259734
-0.8436713517501206 2.0778865233995494 0.9105207675472015
-0.8195664559858314 2.080283140425277 0.9021140783684294
-0.7954615602215422 2.0826797574510048 0.8937073891896574
-0.771356664457253 2.085076374476732 0.8853007000108855
-0.7472517686929641 2.0874729915024597 0.8768940108321135
-0.7231468729286749 2.089869608528187 0.8684873216533415
-0.6990419771643857 2.0922662255539146 0.8600806324745696
-0.6749370814000965 2.094662842579642 0.8516739432957975
-0.6508321856358072 2.0970594596053695 0.8432672541170255
-0.6267272898715183 2.099456076631097 0.8348605649382536
-0.602622394107229 2.1018526936568245 0.8264538757594816
-0.5785174983429399 2.104249310682552 0.8180471865807096
-0.5544126025786507 2.10664592770828 0.8096404974019377
-0.5303077068143615 2.1090425447340073 0.8012338082231656
-0.5062028110500725 2.111439161759735 0.7928271190443936
-0.48209791528578316 2.1138357787854622 0.7844204298656217
-0.45799301952149407 2.1162323958111897 0.7760137406868497
-0.4338881237572049 2.118629012836917 0.7676070515080777
-0.4097832279929157 2.1210256298626446 0.7592003623293057
-0.3856783322286265 2.123422246888372 0.7507936731505337
-0.36157343646433737 2.1258188639140996 0.7423869839717617
-0.3374685407000483 2.128215480939827 0.7339802947929898
-0.31336364493575913 2.130612097965555 0.7255736056142178
-0.28925874917146993 2.1330087149912824 0.7171669164354458
-0.26515385340718073 2.13540533201701 0.7087602272566738
-0.24104895764289158 2.1378019490427373 0.7003535380779018
-0.2169440618786025 2.140198566068465 0.6919468488991298
-0.19283916611431332 2.1425951830941923 0.6835401597203579
-0.16873427035002414 2.1449918001199197 0.6751334705415859
-0.14462937458573497 2.147388417145647 0.6667267813628138
-0.12052447882144579 2.1497850341713747 0.6583200921840419
-0.09641958305715671 2.152181651197102 0.6499134030052699
-0.07231468729286754 2.15457826822283 0.6415067138264979
-0.04820979152857836 2.1569748852485575 0.633100024647726
-0.02410489576428918 2.159371502274285 0.624693335468954
0.0 2.1617681193000124 0.6162866462901819
-0.9400909348072772 2.0885034956639297 0.9499072125453752
-0.915986039042988 2.090900112689657 0.9415005233666033
-0.8918811432786988 2.0932967297153846 0.9330938341878313
-0.8677762475144098 2.095693346741112 0.9246871450090594
-0.8436713517501206 2.0980899637668395 0.9162804558302874
-0.8195664559858314 2.1004865807925674 0.9078737666515153
-0.7954615602215422 2.102883197818295 0.8994670774727433
-0.771356664457253 2.1052798148440224 0.8910603882939714
-0.7472517686929641 2.10767643186975 0.8826536991151994
-0.7231468729286749 2.1100730488954773 0.8742470099364275
-0.6990419771643857 2.1124696659212048 0.8658403207576554
-0.6749370814000965 2.1148662829469322 0.8574336315788834
-0.6508321856358072 2.1172628999726597 0.8490269424001115
-0.6267272898715183 2.119659516998387 0.8406202532213395
-0.602622394107229 2.1220561340241146 0.8322135640425674
-0.5785174983429399 2.1244527510498425 0.8238068748637956
-0.5544126025786507 2.12684936807557 0.8154001856850235
-0.5303077068143615 2.1292459851012975 0.8069934965062515
-0.5062028110500725 2.131642602127025 0.7985868073274796
-0.48209791528578316 2.1340392191527524 0.7901801181487076
-0.45799301952149407 2.13643583617848 0.7817734289699356
-0.4338881237572049 2.1388324532042073 0.7733667397911635
-0.4097832279929157 2.141229070229935 0.7649600506123916
-0.3856783322286265 2.1436256872556623 0.7565533614336196
-0.36157343646433737 2.1460223042813897 0.7481466722548477
-0.3374685407000483 2.1484189213071176 0.7397399830760757
-0.31336364493575913 2.150815538332845 0.7313332938973037
-0.28925874917146993 2.1532121553585726 0.7229266047185317
-0.26515385340718073 2.1556087723843 0.7145199155397597
-0.24104895764289158 2.1580053894100275 0.7061132263609877
-0.2169440618786025 2.160402006435755 0.6977065371822158
-0.19283916611431332 2.1627986234614824 0.6892998480034438
-0.16873427035002414 2.16519524048721 0.6808931588246717
-0.14462937458573497 2.1675918575129374 0.6724864696458998
-0.12052447882144579 2.169988474538665 0.6640797804671278
-0.09641958305715671 2.1723850915643927 0.6556730912883558
-0.07231468729286754 2.17478170859012 0.6472664021095839
-0.04820979152857836 2.1771783256158477 0.6388597129308119
-0.02410489576428918 2.179574942641575 0.6304530237520398
0.0 2.1819715596673026 0.6220463345732679
-0.9400909348072772 2.1087069360312194 0.9556669008284611
-0.915986039042988 2.111103553056947 0.9472602116496891
-0.8918811432786988 2.1135001700826743 0.938853522470917
-0.8677762475144098 2.115896787108402 0.9304468332921451
-0.8436713517501206 2.1182934041341297 0.9220401441133731
-0.8195664559858314 2.120690021159857 0.9136334549346011
-0.7954615602215422 2.1230866381855846 0.9052267657558292
-0.771356664457253 2.125483255211312 0.8968200765770571
-0.7472517686929641 2.1278798722370396 0.8884133873982851
-0.7231468729286749 2.130276489262767 0.8800066982195132
-0.6990419771643857 2.1326731062884945 0.8716000090407412
-0.6749370814000965 2.135069723314222 0.8631933198619692
-0.6508321856358072 2.1374663403399494 0.8547866306831973
-0.6267272898715183 2.139862957365677 0.8463799415044253
-0.602622394107229 2.142259574391405 0.8379732523256532
-0.5785174983429399 2.1446561914171323 0.8295665631468813
-0.5544126025786507 2.1470528084428597 0.8211598739681093
-0.5303077068143615 2.149449425468587 0.8127531847893373
-0.5062028110500725 2.1518460424943147 0.8043464956105654
-0.48209791528578316 2.154242659520042 0.7959398064317933
-0.45799301952149407 2.1566392765457696 0.7875331172530213
-0.4338881237572049 2.159035893571497 0.7791264280742494
-0.4097832279929157 2.1614325105972245 0.7707197388954774
-0.3856783322286265 2.163829127622952 0.7623130497167054
-0.36157343646433737 2.16622574464868 0.7539063605379334
-0.3374685407000483 2.1686223616744074 0.7454996713591615
-0.31336364493575913 2.171018978700135 0.7370929821803894
-0.28925874917146993 2.1734155957258623 0.7286862930016175
-0.26515385340718073 2.1758122127515898 0.7202796038228455
-0.24104895764289158 2.1782088297773172 0.7118729146440735
-0.2169440618786025 2.1806054468030447 0.7034662254653016
-0.19283916611431332 2.183002063828772 0.6950595362865296
-0.16873427035002414 2.1853986808544996 0.6866528471077575
-0.14462937458573497 2.187795297880227 0.6782461579289856
-0.12052447882144579 2.190191914905955 0.6698394687502136
-0.09641958305715671 2.1925885319316825 0.6614327795714416
-0.07231468729286754 2.19498514895741 0.6530260903926697
-0.04820979152857836 2.1973817659831374 0.6446194012138976
-0.02410489576428918 2.199778383008865 0.6362127120351256
0.0 2.2021750000345923 0.6278060228563537
-0.9400909348072772 2.128910376398509 0.9614265891115469
-0.915986039042988 2.1313069934242366 0.9530198999327749
-0.8918811432786988 2.133703610449964 0.9446132107540028
-0.8677762475144098 2.136100227475692 0.9362065215752309
-0.8436713517501206 2.1384968445014194 0.9277998323964589
-0.8195664559858314 2.140893461527147 0.919393143217687
-0.7954615602215422 2.1432900785528743 0.910986454038915
-0.771356664457253 2.145686695578602 0.9025797648601429
-0.7472517686929641 2.1480833126043293 0.8941730756813709
-0.7231468729286749 2.1504799296300567 0.885766386502599
-0.6990419771643857 2.152876546655784 0.877359697323827
-0.6749370814000965 2.1552731636815117 0.868953008145055
-0.6508321856358072 2.157669780707239 0.860546318966283
-0.6267272898715183 2.160066397732967 0.8521396297875111
-0.602622394107229 2.1624630147586945 0.843732940608739
-0.5785174983429399 2.164859631784422 0.8353262514299671
-0.5544126025786507 2.1672562488101494 0.8269195622511951
-0.5303077068143615 2.169652865835877 0.8185128730724232
-0.5062028110500725 2.1720494828616044 0.8101061838936512
-0.48209791528578316 2.174446099887332 0.8016994947148791
-0.45799301952149407 2.1768427169130593 0.7932928055361071
-0.4338881237572049 2.1792393339387868 0.7848861163573352
-0.4097832279929157 2.1816359509645142 0.7764794271785632
-0.3856783322286265 2.184032567990242 0.7680727379997911
-0.36157343646433737 2.1864291850159696 0.7596660488210192
-0.3374685407000483 2.188825802041697 0.7512593596422472
-0.31336364493575913 2.1912224190674245 0.7428526704634753
-0.28925874917146993 2.193619036093152 0.7344459812847033
-0.26515385340718073 2.1960156531188795 0.7260392921059313
-0.24104895764289158 2.198412270144607 0.7176326029271592
-0.2169440618786025 2.2008088871703344 0.7092259137483874
-0.19283916611431332 2.203205504196062 0.7008192245696153
-0.16873427035002414 2.2056021212217893 0.6924125353908434
-0.14462937458573497 2.2079987382475172 0.6840058462120714
-0.12052447882144579 2.2103953552732447 0.6755991570332994
-0.09641958305715671 2.212791972298972 0.6671924678545275
-0.07231468729286754 2.2151885893246996 0.6587857786757554
-0.04820979152857836 2.217585206350427 0.6503790894969834
-0.02410489576428918 2.2199818233761546 0.6419724003182115
0.0 2.222378440401882 0.6335657111394395
-0.9400909348072772 2.149113816765799 0.9671862773946326
-0.915986039042988 2.1515104337915263 0.9587795882158606
-0.8918811432786988 2.153907050817254 0.9503728990370887
-0.8677762475144098 2.1563036678429817 0.9419662098583167
-0.8436713517501206 2.158700284868709 0.9335595206795447
-0.8195664559858314 2.1610969018944366 0.9251528315007727
-0.7954615602215422 2.163493518920164 0.9167461423220007
-0.771356664457253 2.1658901359458915 0.9083394531432287
-0.7472517686929641 2.168286752971619 0.8999327639644568
-0.7231468729286749 2.1706833699973465 0.8915260747856848
-0.6990419771643857 2.173079987023074 0.8831193856069128
-0.6749370814000965 2.1754766040488014 0.8747126964281408
-0.6508321856358072 2.1778732210745293 0.8663060072493688
-0.6267272898715183 2.1802698381002568 0.8578993180705968
-0.602622394107229 2.1826664551259842 0.8494926288918249
-0.5785174983429399 2.1850630721517117 0.8410859397130529
-0.5544126025786507 2.187459689177439 0.8326792505342809
-0.5303077068143615 2.1898563062031666 0.8242725613555089
-0.5062028110500725 2.192252923228894 0.8158658721767369
-0.48209791528578316 2.1946495402546216 0.8074591829979649
-0.45799301952149407 2.197046157280349 0.799052493819193
-0.4338881237572049 2.1994427743060765 0.790645804640421
-0.4097832279929157 2.2018393913318044 0.7822391154616489
-0.3856783322286265 2.204236008357532 0.773832426282877
-0.36157343646433737 2.2066326253832593 0.765425737104105
-0.3374685407000483 2.209029242408987 0.757019047925333
-0.31336364493575913 2.2114258594347143 0.7486123587465611
-0.28925874917146993 2.2138224764604417 0.7402056695677891
-0.26515385340718073 2.216219093486169 0.731798980389017
-0.24104895764289158 2.2186157105118967 0.7233922912102451
-0.2169440618786025 2.221012327537624 0.7149856020314731
-0.19283916611431332 2.2234089445633516 0.7065789128527011
-0.16873427035002414 2.2258055615890795 0.6981722236739292
-0.14462937458573497 2.228202178614807 0.6897655344951572
-0.12052447882144579 2.2305987956405344 0.6813588453163851
-0.09641958305715671 2.232995412666262 0.6729521561376132
-0.07231468729286754 2.2353920296919894 0.6645454669588412
-0.04820979152857836 2.237788646717717 0.6561387777800692
-0.02410489576428918 2.2401852637434443 0.6477320886012973
0.0 2.2425818807691718 0.6393253994225252
-0.9400909348072772 2.1693172571330885 0.9729459656777184
-0.915986039042988 2.1717138741588164 0.9645392764989464
-0.8918811432786988 2.174110491184544 0.9561325873201745
-0.8677762475144098 2.1765071082102714 0.9477258981414025
-0.8436713517501206 2.178903725235999 0.9393192089626305
-0.8195664559858314 2.1813003422617263 0.9309125197838585
-0.7954615602215422 2.1836969592874538 0.9225058306050865
-0.771356664457253 2.1860935763131812 0.9140991414263145
-0.7472517686929641 2.1884901933389087 0.9056924522475426
-0.7231468729286749 2.190886810364636 0.8972857630687706
-0.6990419771643857 2.1932834273903636 0.8888790738899986
-0.6749370814000965 2.1956800444160915 0.8804723847112266
-0.6508321856358072 2.198076661441819 0.8720656955324546
-0.6267272898715183 2.2004732784675465 0.8636590063536826
-0.602622394107229 2.202869895493274 0.8552523171749107
-0.5785174983429399 2.2052665125190014 0.8468456279961387
-0.5544126025786507 2.207663129544729 0.8384389388173668
-0.5303077068143615 2.2100597465704563 0.8300322496385947
-0.5062028110500725 2.212456363596184 0.8216255604598227
-0.48209791528578316 2.2148529806219113 0.8132188712810507
-0.45799301952149407 2.2172495976476387 0.8048121821022788
-0.4338881237572049 2.2196462146733666 0.7964054929235068
-0.4097832279929157 2.222042831699094 0.7879988037447347
-0.3856783322286265 2.2244394487248216 0.7795921145659628
-0.36157343646433737 2.226836065750549 0.7711854253871908
-0.3374685407000483 2.2292326827762765 0.7627787362084189
-0.31336364493575913 2.231629299802004 0.7543720470296469
-0.28925874917146993 2.2340259168277314 0.7459653578508749
-0.26515385340718073 2.236422533853459 0.7375586686721028
-0.24104895764289158 2.2388191508791864 0.7291519794933309
-0.2169440618786025 2.241215767904914 0.7207452903145589
-0.19283916611431332 2.2436123849306417 0.712338601135787
-0.16873427035002414 2.246009001956369 0.703931911957015
-0.14462937458573497 2.2484056189820967 0.6955252227782429
-0.12052447882144579 2.250802236007824 0.687118533599471
-0.09641958305715671 2.2531988530335516 0.678711844420699
-0.07231468729286754 2.255595470059279 0.670305155241927
-0.04820979152857836 2.2579920870850065 0.661898466063155
-0.02410489576428918 2.260388704110734 0.653491776884383
0.0 2.2627853211364615 0.645085087705611
-0.9400909348072772 2.1895206975003787 0.9787056539608042
-0.915986039042988 2.191917314526106 0.9702989647820323
-0.8918811432786988 2.1943139315518336 0.9618922756032603
-0.8677762475144098 2.196710548577561 0.9534855864244883
-0.8436713517501206 2.1991071656032886 0.9450788972457164
-0.8195664559858314 2.201503782629016 0.9366722080669443
-0.7954615602215422 2.2039003996547435 0.9282655188881723
-0.771356664457253 2.206297016680471 0.9198588297094004
-0.7472517686929641 2.2086936337061984 0.9114521405306284
-0.7231468729286749 2.211090250731926 0.9030454513518564
-0.6990419771643857 2.213486867757654 0.8946387621730844
-0.6749370814000965 2.2158834847833813 0.8862320729943124
-0.6508321856358072 2.2182801018091087 0.8778253838155404
-0.6267272898715183 2.220676718834836 0.8694186946367685
-0.602622394107229 2.2230733358605637 0.8610120054579964
-0.5785174983429399 2.225469952886291 0.8526053162792245
-0.5544126025786507 2.2278665699120186 0.8441986271004525
-0.5303077068143615 2.230263186937746 0.8357919379216805
-0.5062028110500725 2.2326598039634735 0.8273852487429085
-0.48209791528578316 2.235056420989201 0.8189785595641366
-0.45799301952149407 2.237453038014929 0.8105718703853646
-0.4338881237572049 2.2398496550406564 0.8021651812065925
-0.4097832279929157 2.242246272066384 0.7937584920278206
-0.3856783322286265 2.2446428890921113 0.7853518028490486
-0.36157343646433737 2.2470395061178388 0.7769451136702766
-0.3374685407000483 2.2494361231435662 0.7685384244915047
-0.31336364493575913 2.2518327401692937 0.7601317353127327
-0.28925874917146993 2.254229357195021 0.7517250461339606
-0.26515385340718073 2.2566259742207486 0.7433183569551887
-0.24104895764289158 2.259022591246476 0.7349116677764167
-0.2169440618786025 2.261419208272204 0.7265049785976447
-0.19283916611431332 2.2638158252979315 0.7180982894188728
-0.16873427035002414 2.266212442323659 0.7096916002401007
-0.14462937458573497 2.2686090593493864 0.7012849110613287
-0.12052447882144579 2.271005676375114 0.6928782218825568
-0.09641958305715671 2.2734022934008413 0.6844715327037848
-0.07231468729286754 2.275798910426569 0.6760648435250128
-0.04820979152857836 2.2781955274522963 0.6676581543462408
-0.02410489576428918 2.2805921444780237 0.6592514651674688
0.0 2.2829887615037516 0.6508447759886968
-0.9400909348072772 2.209724137867669 0.9844653422438902
-0.915986039042988 2.2121207548933963 0.9760586530651182
-0.8918811432786988 2.214517371919124 0.9676519638863461
-0.8677762475144098 2.2169139889448513 0.9592452747075741
-0.8436713517501206 2.2193106059705787 0.9508385855288022
-0.8195664559858314 2.221707222996306 0.9424318963500302
-0.7954615602215422 2.2241038400220337 0.9340252071712583
-0.771356664457253 2.226500457047761 0.9256185179924862
-0.7472517686929641 2.2288970740734886 0.9172118288137142
-0.7231468729286749 2.2312936910992165 0.9088051396349422
-0.6990419771643857 2.233690308124944 0.9003984504561703
-0.6749370814000965 2.2360869251506714 0.8919917612773983
-0.6508321856358072 2.238483542176399 0.8835850720986264
-0.6267272898715183 2.2408801592021264 0.8751783829198544
-0.602622394107229 2.243276776227854 0.8667716937410823
-0.5785174983429399 2.2456733932535813 0.8583650045623104
-0.5544126025786507 2.2480700102793088 0.8499583153835384
-0.5303077068143615 2.250466627305036 0.8415516262047664
-0.5062028110500725 2.2528632443307637 0.8331449370259945
-0.48209791528578316 2.2552598613564916 0.8247382478472224
-0.45799301952149407 2.257656478382219 0.8163315586684504
-0.4338881237572049 2.2600530954079465 0.8079248694896785
-0.4097832279929157 2.262449712433674 0.7995181803109065
-0.3856783322286265 2.2648463294594015 0.7911114911321345
-0.36157343646433737 2.267242946485129 0.7827048019533625
-0.3374685407000483 2.2696395635108564 0.7742981127745906
-0.31336364493575913 2.272036180536584 0.7658914235958185
-0.28925874917146993 2.2744327975623113 0.7574847344170466
-0.26515385340718073 2.276829414588039 0.7490780452382746
-0.24104895764289158 2.2792260316137667 0.7406713560595026
-0.2169440618786025 2.281622648639494 0.7322646668807307
-0.19283916611431332 2.2840192656652216 0.7238579777019587
-0.16873427035002414 2.286415882690949 0.7154512885231866
-0.14462937458573497 2.2888124997166766 0.7070445993444147
-0.12052447882144579 2.291209116742404 0.6986379101656427
-0.09641958305715671 2.2936057337681315 0.6902312209868707
-0.07231468729286754 2.296002350793859 0.6818245318080988
-0.04820979152857836 2.2983989678195864 0.6734178426293267
-0.02410489576428918 2.300795584845314 0.6650111534505547
0.0 2.303192201871042 0.6566044642717828
-0.9400909348072772 2.2299275782349586 0.990225030526976
-0.915986039042988 2.232324195260686 0.981818341348204
-0.8918811432786988 2.2347208122864135 0.9734116521694319
-0.8677762475144098 2.237117429312141 0.96500496299066
-0.8436713517501206 2.2395140463378684 0.956598273811888
-0.8195664559858314 2.241910663363596 0.948191584633116
-0.7954615602215422 2.2443072803893234 0.9397848954543441
-0.771356664457253 2.246703897415051 0.931378206275572
-0.7472517686929641 2.2491005144407787 0.9229715170968
-0.7231468729286749 2.251497131466506 0.9145648279180281
-0.6990419771643857 2.2538937484922337 0.9061581387392561
-0.6749370814000965 2.256290365517961 0.8977514495604841
-0.6508321856358072 2.2586869825436886 0.8893447603817121
-0.6267272898715183 2.261083599569416 0.8809380712029402
-0.602622394107229 2.2634802165951435 0.8725313820241681
-0.5785174983429399 2.265876833620871 0.8641246928453962
-0.5544126025786507 2.2682734506465985 0.8557180036666242
-0.5303077068143615 2.270670067672326 0.8473113144878522
-0.5062028110500725 2.273066684698054 0.8389046253090803
-0.48209791528578316 2.2754633017237813 0.8304979361303082
-0.45799301952149407 2.2778599187495088 0.8220912469515362
-0.4338881237572049 2.2802565357752362 0.8136845577727643
-0.4097832279929157 2.2826531528009637 0.8052778685939923
-0.3856783322286265 2.285049769826691 0.7968711794152202
-0.36157343646433737 2.2874463868524186 0.7884644902364483
-0.3374685407000483 2.289843003878146 0.7800578010576763
-0.31336364493575913 2.2922396209038736 0.7716511118789043
-0.28925874917146993 2.294636237929601 0.7632444227001324
-0.26515385340718073 2.297032854955329 0.7548377335213604
-0.24104895764289158 2.2994294719810564 0.7464310443425883
-0.2169440618786025 2.301826089006784 0.7380243551638165
-0.19283916611431332 2.3042227060325113 0.7296176659850444
-0.16873427035002414 2.306619323058239 0.7212109768062724
-0.14462937458573497 2.3090159400839663 0.7128042876275005
-0.12052447882144579 2.3114125571096937 0.7043975984487285
-0.09641958305715671 2.313809174135421 0.6959909092699565
-0.07231468729286754 2.3162057911611487 0.6875842200911845
-0.04820979152857836 2.318602408186876 0.6791775309124125
-0.02410489576428918 2.320999025212604 0.6707708417336405
0.0 2.3233956422383315 0.6623641525548686
-0.9400909348072772 2.2501310186022483 0.9959847188100617
-0.915986039042988 2.2525276356279758 0.9875780296312897
-0.8918811432786988 2.254924252653703 0.9791713404525177
-0.8677762475144098 2.2573208696794307 0.9707646512737458
-0.8436713517501206 2.259717486705158 0.9623579620949738
-0.8195664559858314 2.2621141037308856 0.9539512729162017
-0.7954615602215422 2.264510720756613 0.9455445837374298
-0.771356664457253 2.266907337782341 0.9371378945586578
-0.7472517686929641 2.2693039548080685 0.9287312053798858
-0.7231468729286749 2.271700571833796 0.9203245162011139
-0.6990419771643857 2.2740971888595234 0.9119178270223419
-0.6749370814000965 2.276493805885251 0.9035111378435698
-0.6508321856358072 2.2788904229109783 0.8951044486647979
-0.6267272898715183 2.281287039936706 0.8866977594860259
-0.602622394107229 2.2836836569624333 0.878291070307254
-0.5785174983429399 2.2860802739881607 0.869884381128482
-0.5544126025786507 2.288476891013888 0.86147769194971
-0.5303077068143615 2.290873508039616 0.853071002770938
-0.5062028110500725 2.2932701250653436 0.844664313592166
-0.48209791528578316 2.295666742091071 0.836257624413394
-0.45799301952149407 2.2980633591167985 0.827850935234622
-0.4338881237572049 2.300459976142526 0.8194442460558501
-0.4097832279929157 2.3028565931682534 0.811037556877078
-0.3856783322286265 2.305253210193981 0.802630867698306
-0.36157343646433737 2.3076498272197083 0.7942241785195341
-0.3374685407000483 2.310046444245436 0.7858174893407621
-0.31336364493575913 2.3124430612711633 0.7774108001619902
-0.28925874917146993 2.314839678296891 0.7690041109832182
-0.26515385340718073 2.3172362953226187 0.7605974218044461
-0.24104895764289158 2.319632912348346 0.7521907326256742
-0.2169440618786025 2.3220295293740736 0.7437840434469022
-0.19283916611431332 2.324426146399801 0.7353773542681302
-0.16873427035002414 2.3268227634255285 0.7269706650893583
-0.14462937458573497 2.329219380451256 0.7185639759105863
-0.12052447882144579 2.3316159974769834 0.7101572867318142
-0.09641958305715671 2.334012614502711 0.7017505975530423
-0.07231468729286754 2.3364092315284384 0.6933439083742703
-0.04820979152857836 2.3388058485541663 0.6849372191954983
-0.02410489576428918 2.3412024655798938 0.6765305300167264
0.0 2.343599082605621 0.6681238408379543
-0.9400909348072772 2.270334458969538 1.0017444070931476
-0.915986039042988 2.2727310759952655 0.9933377179143755
-0.8918811432786988 2.275127693020993 0.9849310287356036
-0.8677762475144098 2.2775243100467204 0.9765243395568316
-0.8436713517501206 2.279920927072448 0.9681176503780596
-0.8195664559858314 2.2823175440981753 0.9597109611992876
-0.7954615602215422 2.2847141611239032 0.9513042720205156
-0.771356664457253 2.2871107781496307 0.9428975828417436
-0.7472517686929641 2.289507395175358 0.9344908936629717
-0.7231468729286749 2.2919040122010856 0.9260842044841997
-0.6990419771643857 2.294300629226813 0.9176775153054276
-0.6749370814000965 2.2966972462525406 0.9092708261266557
-0.6508321856358072 2.299093863278268 0.9008641369478837
-0.6267272898715183 2.3014904803039955 0.8924574477691117
-0.602622394107229 2.303887097329723 0.8840507585903397
-0.5785174983429399 2.3062837143554504 0.8756440694115678
-0.5544126025786507 2.3086803313811783 0.8672373802327957
-0.5303077068143615 2.311076948406906 0.8588306910540238
-0.5062028110500725 2.3134735654326333 0.8504240018752518
-0.48209791528578316 2.3158701824583607 0.8420173126964798
-0.45799301952149407 2.318266799484088 0.8336106235177079
-0.4338881237572049 2.3206634165098157 0.8252039343389358
-0.4097832279929157 2.323060033535543 0.8167972451601638
-0.3856783322286265 2.3254566505612706 0.8083905559813919
-0.36157343646433737 2.327853267586998 0.7999838668026199
-0.3374685407000483 2.3302498846127255 0.7915771776238479
-0.31336364493575913 2.3326465016384534 0.783170488445076
-0.28925874917146993 2.335043118664181 0.7747637992663039
-0.26515385340718073 2.3374397356899084 0.7663571100875319
-0.24104895764289158 2.339836352715636 0.75795042090876
-0.2169440618786025 2.3422329697413633 0.749543731729988
-0.19283916611431332 2.3446295867670908 0.741137042551216
-0.16873427035002414 2.3470262037928182 0.7327303533724441
-0.14462937458573497 2.3494228208185457 0.724323664193672
-0.12052447882144579 2.351819437844273 0.7159169750149
-0.09641958305715671 2.3542160548700006 0.7075102858361281
-0.07231468729286754 2.3566126718957285 0.6991035966573561
-0.04820979152857836 2.359009288921456 0.6906969074785841
-0.02410489576428918 2.3614059059471835 0.6822902182998121
0.0 2.363802522972911 0.6738835291210401
-0.9400909348072772 2.2905378993368277 1.0075040953762333
-0.915986039042988 2.292934516362555 0.9990974061974613
-0.8918811432786988 2.2953311333882827 0.9906907170186893
-0.8677762475144098 2.29772775041401 0.9822840278399173
-0.8436713517501206 2.3001243674397376 0.9738773386611453
-0.8195664559858314 2.3025209844654655 0.9654706494823734
-0.7954615602215422 2.304917601491193 0.9570639603036014
-0.771356664457253 2.3073142185169204 0.9486572711248293
-0.7472517686929641 2.309710835542648 0.9402505819460574
-0.7231468729286749 2.3121074525683754 0.9318438927672854
-0.6990419771643857 2.314504069594103 0.9234372035885134
-0.6749370814000965 2.3169006866198303 0.9150305144097415
-0.6508321856358072 2.3192973036455578 0.9066238252309695
-0.6267272898715183 2.321693920671285 0.8982171360521976
-0.602622394107229 2.3240905376970127 0.8898104468734255
-0.5785174983429399 2.3264871547227406 0.8814037576946535
-0.5544126025786507 2.328883771748468 0.8729970685158815
-0.5303077068143615 2.3312803887741955 0.8645903793371096
-0.5062028110500725 2.333677005799923 0.8561836901583376
-0.48209791528578316 2.3360736228256505 0.8477770009795655
-0.45799301952149407 2.338470239851378 0.8393703118007936
-0.4338881237572049 2.3408668568771054 0.8309636226220216
-0.4097832279929157 2.343263473902833 0.8225569334432496
-0.3856783322286265 2.3456600909285603 0.8141502442644777
-0.36157343646433737 2.3480567079542882 0.8057435550857056
-0.3374685407000483 2.3504533249800157 0.7973368659069338
-0.31336364493575913 2.352849942005743 0.7889301767281617
-0.28925874917146993 2.3552465590314706 0.7805234875493897
-0.26515385340718073 2.357643176057198 0.7721167983706178
-0.24104895764289158 2.3600397930829256 0.7637101091918458
-0.2169440618786025 2.362436410108653 0.7553034200130738
-0.19283916611431332 2.3648330271343805 0.7468967308343019
-0.16873427035002414 2.367229644160108 0.7384900416555298
-0.14462937458573497 2.3696262611858354 0.7300833524767578
-0.12052447882144579 2.3720228782115633 0.7216766632979859
-0.09641958305715671 2.374419495237291 0.7132699741192139
-0.07231468729286754 2.3768161122630183 0.7048632849404419
-0.04820979152857836 2.3792127292887457 0.6964565957616698
-0.02410489576428918 2.381609346314473 0.6880499065828979
0.0 2.3840059633402007 0.6796432174041259
-0.9400909348072772 2.3107413397041174 1.013263783659319
-0.915986039042988 2.313137956729845 1.004857094480547
-0.8918811432786988 2.3155345737555724 0.9964504053017751
-0.8677762475144098 2.3179311907813 0.9880437161230031
-0.8436713517501206 2.3203278078070277 0.9796370269442312
-0.8195664559858314 2.322724424832755 0.9712303377654592
-0.7954615602215422 2.3251210418584827 0.9628236485866872
-0.771356664457253 2.32751765888421 0.9544169594079152
-0.7472517686929641 2.3299142759099376 0.9460102702291432
-0.7231468729286749 2.332310892935665 0.9376035810503712
-0.6990419771643857 2.3347075099613925 0.9291968918715993
-0.6749370814000965 2.33710412698712 0.9207902026928273
-0.6508321856358072 2.3395007440128475 0.9123835135140552
-0.6267272898715183 2.341897361038575 0.9039768243352834
-0.602622394107229 2.344293978064303 0.8955701351565113
-0.5785174983429399 2.3466905950900303 0.8871634459777393
-0.5544126025786507 2.3490872121157578 0.8787567567989674
-0.5303077068143615 2.3514838291414852 0.8703500676201954
-0.5062028110500725 2.3538804461672127 0.8619433784414234
-0.48209791528578316 2.35627706319294 0.8535366892626514
-0.45799301952149407 2.3586736802186676 0.8451300000838794
-0.4338881237572049 2.361070297244395 0.8367233109051074
-0.4097832279929157 2.3634669142701226 0.8283166217263355
-0.3856783322286265 2.36586353129585 0.8199099325475634
-0.36157343646433737 2.368260148321578 0.8115032433687914
-0.3374685407000483 2.3706567653473054 0.8030965541900195
-0.31336364493575913 2.373053382373033 0.7946898650112475
-0.28925874917146993 2.3754499993987603 0.7862831758324755
-0.26515385340718073 2.377846616424488 0.7778764866537036
-0.24104895764289158 2.3802432334502153 0.7694697974749316
-0.2169440618786025 2.3826398504759427 0.7610631082961596
-0.19283916611431332 2.38503646750167 0.7526564191173876
-0.16873427035002414 2.3874330845273977 0.7442497299386156
-0.14462937458573497 2.3898297015531256 0.7358430407598436
-0.12052447882144579 2.392226318578853 0.7274363515810717
-0.09641958305715671 2.3946229356045805 0.7190296624022997
-0.07231468729286754 2.397019552630308 0.7106229732235276
-0.04820979152857836 2.3994161696560354 0.7022162840447557
-0.02410489576428918 2.401812786681763 0.6938095948659837
0.0 2.4042094037074904 0.6854029056872117
POLYGONS 9282 37128
3 0 40 1
3 1 40 41
3 1 41 2
3 2 41 42
3 2 42 3
3 3 42 43
3 3 43 4
3 4 43 44
3 4 44 5
3 5 44 45
3 5 45 6
3 6 45 46
3 6 46 7
3 7 46 47
3 7 47 8
3 8 47 48
3 8 48 9
3 9 48 49
3 9 49 10
3 10 49 50
3 10 50 11
3 11 50 51
3 11 51 12
3 12 51 52
3 12 52 13
3 13 52 53
3 13 53 14
3 14 53 54
3 14 54 15
3 15 54 55
3 15 55 16
3 16 55 56
3 16 56 17
3 17 56 57
3 17 57 18
3 18 57 58
3 18 58 19
3 19 58 59
3 19 59 20
3 20 59 60
3 20 60 21
3 21 60 61
3 21 61 22
3 22 61 62
3 22 62 23
3 23 62 63
3 23 63 24
3 24 63 64
3 24 64 25
3 25 64 65
3 25 65 26
3 26 65 66
3 26 66 27
3 27 66 67
3 27 67 28
3 28 67 68
3 28 68 29
3 29 68 69
3 29 69 30
3 30 69 70
3 30 70 31
3 31 70 71
3 31 71 32
3 32 71 72
3 32 72 33
3 33 72 73
3 33 73 34
3 34 73 74
3 34 74 35
3 35 74 75
3 35 75 36
3 36 75 76
3 36 76 37
3 37 76 77
3 37 77 38
3 38 77 78
3 38 78 39
3 39 78 79
3 40 80 41
3 41 80 81
3 41 81 42
3 42 81 82
3 42 82 43
3 43 82 83
3 43 83 44
3 44 83 84
3 44 84 45
3 45 84 85
3 45 85 46
3 46 85 86
3 46 86 47
3 47 86 87
3 47 87 48
3 48 87 88
3 48 88 49
3 49 88 89
3 49 89 50
3 50 89 90
3 50 90 51
3 51 90 91
3 51 91 52
3 52 91 92
3 52 92 53
3 53 92 93
3 53 93 54
3 54 93 94
3 54 94 55
3 55 94 95
3 55 95 56
3 56 95 96
3 56 96 57
3 57 96 97
3 57 97 58
3 58 97 98
3 58 98 59
3 59 98 99
3 59 99 60
3 60 99 100
3 60 100 61
3 61 100 101
3 61 101 62
3 62 101 102
3 62 102 63
3 63 102 103
3 63 103 64
3 64 103 104
3 64 104 65
3 65 104 105
3 65 105 66
3 66 105 106
3 66 106 67
3 67 106 107
3 67 107 68
3 68 107 108
3 68 108 69
3 69 108 109
3 69 109 70
3 70 109 110
3 70 110 71
3 71 110 111
3 71 111 72
3 72 111 112
3 72 112 73
3 73 112 113
3 73 113 74
3 74 113 114
3 74 114 75
3 75 114 115
3 75 115 76
3 76 115 116
3 76 116 77
3 77 116 117
3 77 117 78
3 78 117 118
3 78 118 79
3 79 118 119
3 80 120 81
3 81 120 121
3 81 121 82
3 82 121 122
3 82 122 83
3 83 122 123
3 83 123 84
3 84 123 124
3 84 124 85
3 85 124 125
3 85 125 86
3 86 125 126
3 86 126 87
3 87 126 127
3 87 127 88
3 88 127 128
3 88 128 89
3 89 128 129
3 89 129 90
3 90 129 130
3 90 130 91
3 91 130 131
3 91 131 92
3 92 131 132
3 92 132 93
3 93 132 133
3 93 133 94
3 94 133 134
3 94 134 95
3 95 134 135
3 95 135 96
3 96 135 136
3 96 136 97
3 97 136 137
3 97 137 98
3 98 137 138
3 98 138 99
3 99 138 139
3 99 139 100
3 100 139 140
3 100 140 101
3 101 140 141
3 101 141 102
3 102 141 142
3 102 142 103
3 103 142 143
3 103 143 104
3 104 143 144
3 104 144 105
3 105 144 145
3 105 145 106
3 106 145 146
3 106 146 107
3 107 146 147
3 107 147 108
3 108 147 148
3 108 148 109
3 109 148 149
3 109 149 110
3 110 149 150
3 110 150 111
3 111 150 151
3 111 151 112
3 112 151 152
3 112 152 113
3 113 152 153
3 113 153 114
3 114 153 154
3 114 154 115
3 115 154 155
3 115 155 116
3 116 155 156
3 116 156 117
3 117 156 157
3 117 157 118
3 118 157 158
3 118 158 119
3 119 158 159
3 120 160 121
3 121 160 161
3 121 161 122
3 122 161 162
3 122 162 123
3 123 162 163
3 123 163 124
3 124 163 164
3 124 164 125
3 125 164 165
3 125 165 126
3 126 165 166
3 126 166 127
3 127 166 167
3 127 167 128
3 128 167 168
3 128 168 129
3 129 168 169
3 129 169 130
3 130 169 170
3 130 170 131
3 131 170 171
3 131 171 132
3 132 171 172
3 132 172 133
3 133 172 173
3 133 173 134
3 134 173 174
3 134 174 135
3 135 174 175
3 135 175 136
3 136 175 176
3 136 176 137
3 137 176 177
3 137 177 138
3 138 177 178
3 138 178 139
3 139 178 179
3 139 179 140
3 140 179 180
3 140 180 141
3 141 180 181
3 141 181 142
3 142 181 182
3 142 182 143
3 143 182 183
3 143 183 144
3 144 183 184
3 144 184 145
3 145 184 185
3 145 185 146
3 146 185 186
3 146 186 147
3 147 186 187
3 147 187 148
3 148 187 188
3 148 188 149
3 149 188 189
3 149 189 150
3 150 189 190
3 150 190 151
3 151 190 191
3 151 191 152
3 152 191 192
3 152 192 153
3 153 192 193
3 153 193 154
3 154 193 194
3 154 194 155
3 155 194 195
3 155 195 156
3 156 195 196
3 156 196 157
3 157 196 197
3 157 197 158
3 158 197 198
3 158 198 159
3 159 198 199
3 160 200 161
3 161 200 201
3 161 201 162
3 162 201 202
3 162 202 163
3 163 202 203
3 163 203 164
3 164 203 204
3 164 204 165
3 165 204 205
3 165 205 166
3 166 205 206
3 166 206 167
3 167 206 207
3 167 207 168
3 168 207 208
3 168 208 169
3 169 208 209
3 169 209 170
3 170 209 210
3 170 210 171
3 171 210 211
3 171 211 172
3 172 211 212
3 172 212 173
3 173 212 213
3 173 213 174
3 174 213 214
3 174 214 175
3 175 214 215
3 175 215 176
3 176 215 216
3 176 216 177
3 177 216 217
3 177 217 178
3 178 217 218
3 178 218 179
3 179 218 219
3 179 219 180
3 180 219 220
3 180 220 181
3 181 220 221
3 181 221 182
3 182 221 222
3 182 222 183
3 183 222 223
3 183 223 184
3 184 223 224
3 184 224 185
3 185 224 225
3 185 225 186
3 186 225 226
3 186 226 187
3 187 226 227
3 187 227 188
3 188 227 228
3 188 228 189
3 189 228 229
3 189 229 190
3 190 229 230
3 190 230 191
3 191 230 231
3 191 231 192
3 192 231 232
3 192 232 193
3 193 232 233
3 193 233 194
3 194 233 234
3 194 234 195
3 195 234 235
3 195 235 196
3 196 235 236
3 196 236 197
3 197 236 237
3 197 237 198
3 198 237 238
3 198 238 199
3 199 238 239
3 200 240 201
3 201 240 241
3 201 241 202
3 202 241 242
3 202 242 203
3 203 242 243
3 203 243 204
3 204 243 244
3 204 244 205
3 205 244 245
3 205 245 206
3 206 245 246
3 206 246 207
3 207 246 247
3 207 247 208
3 208 247 248
3 208 248 209
3 209 248 249
3 209 249 210
3 210 249 250
3 210 250 211
3 211 250 251
3 211 251 212
3 212 251 252
3 212 252 213
3 213 252 253
3 213 253 214
3 214 253 254
3 214 254 215
3 215 254 255
3 215 255 216
3 216 255 256
3 216 256 217
3 217 256 257
3 217 257 218
3 218 257 258
3 218 258 219
3 219 258 259
3 219 259 220
3 220 259 260
3 220 260 221
3 221 260 261
3 221 261 222
3 222 261 262
3 222 262 223
3 223 262 263
3 223 263 224
3 224 263 264
3 224 264 225
3 225 264 265
3 225 265 226
3 226 265 266
3 226 266 227
3 227 266 267
3 227 267 228
3 228 267 268
3 228 268 229
3 229 268 269
3 229 269 230
3 230 269 270
3 230 270 231
3 231 270 271
3 231 271 232
3 232 271 272
3 232 272 233
3 233 272 273
3 233 273 234
3 234 273 274
3 234 274 235
3 235 274 275
3 235 275 236
3 236 275 276
3 236 276 237
3 237 276 277
3 237 277 238
3 238 277 278
3 238 278 239
3 239 278 279
3 240 280 241
3 241 280 281
3 241 281 242
3 242 281 282
3 242 282 243
3 243 282 283
3 243 283 244
3 244 283 284
3 244 284 245
3 245 284 285
3 245 285 246
3 246 285 286
3 246 286 247
3 247 286 287
3 247 287 248
3 248 287 288
3 248 288 249
3 249 288 289
3 249 289 250
3 250 289 290
3 250 290 251
3 251 290 291
3 251 291 252
3 252 291 292
3 252 292 253
3 253 292 293
3 253 293 254
3 254 293 294
3 254 294 255
3 255 294 295
3 255 295 256
3 256 295 296
3 256 296 257
3 257 296 297
3 257 297 258
3 258 297 298
3 258 298 259
3 259 298 299
3 259 299 260
3 260 299 300
3 260 300 261
3 261 300 301
3 261 301 262
3 262 301 302
3 262 302 263
3 263 302 303
3 263 303 264
3 264 303 304
3 264 304 265
3 265 304 305
3 265 305 266
3 266 305 306
3 266 306 267
3 267 306 307
3 267 307 268
3 268 307 308
3 268 308 269
3 269 308 309
3 269 309 270
3 270 309 310
3 270 310 271
3 271 310 311
3 271 311 272
3 272 311 312
3 272 312 273
3 273 312 313
3 273 313 274
3 274 313 314
3 274 314 275
3 275 314 315
3 275 315 276
3 276 315 316
3 276 316 277
3 277 316 317
3 277 317 278
3 278 317 318
3 278 318 279
3 279 318 319
3 280 320 281
3 281 320 321
3 281 321 282
3 282 321 322
3 282 322 283
3 283 322 323
3 283 323 284
3 284 323 324
3 284 324 285
3 285 324 325
3 285 325 286
3 286 325 326
3 286 326 287
3 287 326 327
3 287 327 288
3 288 327 328
3 288 328 289
3 289 328 329
3 289 329 290
3 290 329 330
3 290 330 291
3 291 330 331
3 291 331 292
3 292 331 332
3 292 332 293
3 293 332 333
3 293 333 294
3 294 333 334
3 294 334 295
3 295 334 335
3 295 335 296
3 296 335 336
3 296 336 297
3 297 336 337
3 297 337 298
3 298 337 338
3 298 338 299
3 299 338 339
3 299 339 300
3 300 339 340
3 300 340 301
3 301 340 341
3 301 341 302
3 302 341 342
3 302 342 303
3 303 342 343
3 303 343 304
3 304 343 344
3 304 344 305
3 305 344 345
3 305 345 306
3 306 345 346
3 306 346 307
3 307 346 347
3 307 347 308
3 308 347 348
3 308 348 309
3 309 348 349
3 309 349 310
3 310 349 350
3 310 350 311
3 311 350 351
3 311 351 312
3 312 351 352
3 312 352 313
3 313 352 353
3 313 353 314
3 314 353 354
3 314 354 315
3 315 354 355
3 315 355 316
3 316 355 356
3 316 356 317
3 317 356 357
3 317 357 318
3 318 357 358
3 318 358 319
3 319 358 359
3 320 360 321
3 321 360 361
3 321 361 322
3 322 361 362
3 322 362 323
3 323 362 363
3 323 363 324
3 324 363 364
3 324 364 325
3 325 364 365
3 325 365 326
3 326 365 366
3 326 366 327
3 327 366 367
3 327 367 328
3 328 367 368
3 328 368 329
3 329 368 369
3 329 369 330
3 330 369 370
3 330 370 331
3 331 370 371
3 331 371 332
3 332 371 372
3 332 372 333
3 333 372 373
3 333 373 334
3 334 373 374
3 334 374 335
3 335 374 375
3 335 375 336
3 336 375 376
3 336 376 337
3 337 376 377
3 337 377 338
3 338 377 378
3 338 378 339
3 339 378 379
3 339 379 340
3 340 379 380
3 340 380 341
3 341 380 381
3 341 381 342
3 342 381 382
3 342 382 343
3 343 382 383
3 343 383 344
3 344 383 384
3 344 384 345
3 345 384 385
3 345 385 346
3 346 385 386
3 346 386 347
3 347 386 387
3 347 387 348
3 348 387 388
3 348 388 349
3 349 388 389
3 349 389 350
3 350 389 390
3 350 390 351
3 351 390 391
3 351 391 352
3 352 391 392
3 352 392 353
3 353 392 393
3 353 393 354
3 354 393 394
3 354 394 355
3 355 394 395
3 355 395 356
3 356 395 396
3 356 396 357
3 357 396 397
3 357 397 358
3 358 397 398
3 358 398 359
3 359 398 399
3 360 400 361
3 361 400 401
3 361 401 362
3 362 401 402
3 362 402 363
3 363 402 403
3 363 403 364
3 364 403 404
3 364 404 365
3 365 404 405
3 365 405 366
3 366 405 406
3 366 406 367
3 367 406 407
3 367 407 368
3 368 407 408
3 368 408 369
3 369 408 409
3 369 409 370
3 370 409 410
3 370 410 371
3 371 410 411
3 371 411 372
3 372 411 412
3 372 412 373
3 373 412 413
3 373 413 374
3 374 413 414
3 374 414 375
3 375 414 415
3 375 415 376
3 376 415 416
3 376 416 377
3 377 416 417
3 377 417 378
3 378 417 418
3 378 418 379
3 379 418 419
3 379 419 380
3 380 419 420
3 380 420 381
3 381 420 421
3 381 421 382
3 382 421 422
3 382 422 383
3 383 422 423
3 383 423 384
3 384 423 424
3 384 424 385
3 385 424 425
3 385 425 386
3 386 425 426
3 386 426 387
3 387 426 427
3 387 427 388
3 388 427 428
3 388 428 389
3 389 428 429
3 389 429 390
3 390 429 430
3 390 430 391
3 391 430 431
3 391 431 392
3 392 431 432
3 392 432 393
3 393 432 433
3 393 433 394
3 394 433 434
3 394 434 395
3 395 434 435
3 395 435 396
3 396 435 436
3 396 436 397
3 397 436 437
3 397 437 398
3 398 437 438
3 398 438 399
3 399 438 439
3 400 440 401
3 401 440 441
3 401 441 402
3 402 441 442
3 402 442 403
3 403 442 443
3 403 443 404
3 404 443 444
3 404 444 405
3 405 444 445
3 405 445 406
3 406 445 446
3 406 446 407
3 407 446 447
3 407 447 408
3 408 447 448
3 408 448 409
3 409 448 449
3 409 449 410
3 410 449 450
3 410 450 411
3 411 450 451
3 411 451 412
3 412 451 452
3 412 452 413
3 413 452 453
3 413 453 414
3 414 453 454
3 414 454 415
3 415 454 455
3 415 455 416
3 416 455 456
3 416 456 417
3 417 456 457
3 417 457 418
3 418 457 458
3 418 458 419
3 419 458 459
3 419 459 420
3 420 459 460
3 420 460 421
3 421 460 461
3 421 461 422
3 422 461 462
3 422 462 423
3 423 462 463
3 423 463 424
3 424 463 464
3 424 464 425
3 425 464 465
3 425 465 426
3 426 465 466
3 426 466 427
3 427 466 467
3 427 467 428
3 428 467 468
3 428 468 429
3 429 468 469
3 429 469 430
3 430 469 470
3 430 470 431
3 431 470 471
3 431 471 432
3 432 471 472
3 432 472 433
3 433 472 473
3 433 473 434
3 434 473 474
3 434 474 435
3 435 474 475
3 435 475 436
3 436 475 476
3 436 476 437
3 437 476 477
3 437 477 438
3 438 477 478
3 438 478 439
3 439 478 479
3 440 480 441
3 441 480 481
3 441 481 442
3 442 481 482
3 442 482 443
3 443 482 483
3 443 483 444
3 444 483 484
3 444 484 445
3 445 484 485
3 445 485 446
3 446 485 486
3 446 486 447
3 447 486 487
3 447 487 448
3 448 487 488
3 448 488 449
3 449 488 489
3 449 489 450
3 450 489 490
3 450 490 451
3 451 490 491
3 451 491 452
3 452 491 492
3 452 492 453
3 453 492 493
3 453 493 454
3 454 493 494
3 454 494 455
3 455 494 495
3 455 495 456
3 456 495 496
3 456 496 457
3 457 496 497
3 457 497 458
3 458 497 498
3 458 498 459
3 459 498 499
3 459 499 460
3 460 499 500
3 460 500 461
3 461 500 501
3 461 501 462
3 462 501 502
3 462 502 463
3 463 502 503
3 463 503 464
3 464 503 504
3 464 504 465
3 465 504 505
3 465 505 466
3 466 505 506
3 466 506 467
3 467 506 507
3 467 507 468
3 468 507 508
3 468 508 469
3 469 508 509
3 469 509 470
3 470 509 510
3 470 510 471
3 471 510 511
3 471 511 472
3 472 511 512
3 472 512 473
3 473 512 513
3 473 513 474
3 474 513 514
3 474 514 475
3 475 514 515
3 475 515 476
3 476 515 516
3 476 516 477
3 477 516 517
3 477 517 478
3 478 517 518
3 478 518 479
3 479 518 519
3 480 520 481
3 481 520 521
3 481 521 482
3 482 521 522
3 482 522 483
3 483 522 523
3 483 523 484
3 484 523 524
3 484 524 485
3 485 524 525
3 485 525 486
3 486 525 526
3 486 526 487
3 487 526 527
3 487 527 488
3 488 527 528
3 488 528 489
3 489 528 529
3 489 529 490
3 490 529 530
3 490 530 491
3 491 530 531
3 491 531 492
3 492 531 532
3 492 532 493
3 493 532 533
3 493 533 494
3 494 533 534
3 494 534 495
3 495 534 535
3 495 535 496
3 496 535 536
3 496 536 497
3 497 536 537
3 497 537 498
3 498 537 538
3 498 538 499
3 499 538 539
3 499 539 500
3 500 539 540
3 500 540 501
3 501 540 541
3 501 541 502
3 502 541 542
3 502 542 503
3 503 542 543
3 503 543 504
3 504 543 544
3 504 544 505
3 505 544 545
3 505 545 506
3 506 545 546
3 506 546 507
3 507 546 547
3 507 547 508
3 508 547 548
3 508 548 509
3 509 548 549
3 509 549 510
3 510 549 550
3 510 550 511
3 511 550 551
3 511 551 512
3 512 551 552
3 512 552 513
3 513 552 553
3 513 553 514
3 514 553 554
3 514 554 515
3 515 554 555
3 515 555 516
3 516 555 556
3 516 556 517
3 517 556 557
3 517 557 518
3 518 557 558
3 518 558 519
3 519 558 559
3 520 560 521
3 521 560 561
3 521 561 522
3 522 561 562
3 522 562 523
3 523 562 563
3 523 563 524
3 524 563 564
3 524 564 525
3 525 564 565
3 525 565 526
3 526 565 566
3 526 566 527
3 527 566 567
3 527 567 528
3 528 567 568
3 528 568 529
3 529 568 569
3 529 569 530
3 530 569 570
3 530 570 531
3 531 570 571
3 531 571 532
3 532 571 572
3 532 572 533
3 533 572 573
3 533 573 534
3 534 573 574
3 534 574 535
3 535 574 575
3 535 575 536
3 536 575 576
3 536 576 537
3 537 576 577
3 537 577 538
3 538 577 578
3 538 578 539
3 539 578 579
3 539 579 540
3 540 579 580
3 540 580 541
3 541 580 581
3 541 581 542
3 542 581 582
3 542 582 543
3 543 582 583
3 543 583 544
3 544 583 584
3 544 584 545
3 545 584 585
3 545 585 546
3 546 585 586
3 546 586 547
3 547 586 587
3 547 587 548
3 548 587 588
3 548 588 549
3 549 588 589
3 549 589 550
3 550 589 590
3 550 590 551
3 551 590 591
3 551 591 552
3 552 591 592
3 552 592 553
3 553 592 593
3 553 593 554
3 554 593 594
3 554 594 555
3 555 594 595
3 555 595 556
3 556 595 596
3 556 596 557
3 557 596 597
3 557 597 558
3 558 597 598
3 558 598 559
3 559 598 599
3 560 600 561
3 561 600 601
3 561 601 562
3 562 601 602
3 562 602 563
3 563 602 603
3 563 603 564
3 564 603 604
3 564 604 565
3 565 604 605
3 565 605 566
3 566 605 606
3 566 606 567
3 567 606 607
3 567 607 568
3 568 607 608
3 568 608 569
3 569 608 609
3 569 609 570
3 570 609 610
3 570 610 571
3 571 610 611
3 571 611 572
3 572 611 612
3 572 612 573
3 573 612 613
3 573 613 574
3 574 613 614
3 574 614 575
3 575 614 615
3 575 615 576
3 576 615 616
3 576 616 577
3 577 616 617
3 577 617 578
3 578 617 618
3 578 618 579
3 579 618 619
3 579 619 580
3 580 619 620
3 580 620 581
3 581 620 621
3 581 621 582
3 582 621 622
3 582 622 583
3 583 622 623
3 583 623 584
3 584 623 624
3 584 624 585
3 585 624 625
3 585 625 586
3 586 625 626
3 586 626 587
3 587 626 627
3 587 627 588
3 588 627 628
3 588 628 589
3 589 628 629
3 589 629 590
3 590 629 630
3 590 630 591
3 591 630 631
3 591 631 592
3 592 631 632
3 592 632 593
3 593 632 633
3 593 633 594
3 594 633 634
3 594 634 595
3 595 634 635
3 595 635 596
3 596 635 636
3 596 636 597
3 597 636 637
3 597 637 598
3 598 637 638
3 598 638 599
3 599 638 639
3 600 640 601
3 601 640 641
3 601 641 602
3 602 641 642
3 602 642 603
3 603 642 643
3 603 643 604
3 604 643 644
3 604 644 605
3 605 644 645
3 605 645 606
3 606 645 646
3 606 646 607
3 607 646 647
3 607 647 608
3 608 647 648
3 608 648 609
3 609 648 649
3 609 649 610
3 610 649 650
3 610 650 611
3 611 650 651
3 611 651 612
3 612 651 652
3 612 652 613
3 613 652 653
3 613 653 614
3 614 653 654
3 614 654 615
3 615 654 655
3 615 655 616
3 616 655 656
3 616 656 617
3 617 656 657
3 617 657 618
3 618 657 658
3 618 658 619
3 619 658 659
3 619 659 620
3 620 659 660
3 620 660 621
3 621 660 661
3 621 661 622
3 622 661 662
3 622 662 623
3 623 662 663
3 623 663 624
3 624 663 664
3 624 664 625
3 625 664 665
3 625 665 626
3 626 665 666
3 626 666 627
3 627 666 667
3 627 667 628
3 628 667 668
3 628 668 629
3 629 668 669
3 629 669 630
3 630 669 670
3 630 670 631
3 631 670 671
3 631 671 632
3 632 671 672
3 632 672 633
3 633 672 673
3 633 673 634
3 634 673 674
3 634 674 635
3 635 674 675
3 635 675 636
3 636 675 676
3 636 676 637
3 637 676 677
3 637 677 638
3 638 677 678
3 638 678 639
3 639 678 679
3 640 680 641
3 641 680 681
3 641 681 642
3 642 681 682
3 642 682 643
3 643 682 683
3 643 683 644
3 644 683 684
3 644 684 645
3 645 684 685
3 645 685 646
3 646 685 686
3 646 686 647
3 647 686 687
3 647 687 648
3 648 687 688
3 648 688 649
3 649 688 689
3 649 689 650
3 650 689 690
3 650 690 651
3 651 690 691
3 651 691 652
3 652 691 692
3 652 692 653
3 653 692 693
3 653 693 654
3 654 693 694
3 654 694 655
3 655 694 695
3 655 695 656
3 656 695 696
3 656 696 657
3 657 696 697
3 657 697 658
3 658 697 698
3 658 698 659
3 659 698 699
3 659 699 660
3 660 699 700
3 660 700 661
3 661 700 701
3 661 701 662
3 662 701 702
3 662 702 663
3 663 702 703
3 663 703 664
3 664 703 704
3 664 704 665
3 665 704 705
3 665 705 666
3 666 705 706
3 666 706 667
3 667 706 707
3 667 707 668
3 668 707 708
3 668 708 669
3 669 708 709
3 669 709 670
3 670 709 710
3 670 710 671
3 671 710 711
3 671 711 672
3 672 711 712
3 672 712 673
3 673 712 713
3 673 713 674
3 674 713 714
3 674 714 675
3 675 714 715
3 675 715 676
3 676 715 716
3 676 716 677
3 677 716 717
3 677 717 678
3 678 717 718
3 678 718 679
3 679 718 719
3 680 720 681
3 681 720 721
3 681 721 682
3 682 721 722
3 682 722 683
3 683 722 723
3 683 723 684
3 684 723 724
3 684 724 685
3 685 724 725
3 685 725 686
3 686 725 726
3 686 726 687
3 687 726 727
3 687 727 688
3 688 727 728
3 688 728 689
3 689 728 729
3 689 729 690
3 690 729 730
3 690 730 691
3 691 730 731
3 691 731 692
3 692 731 732
3 692 732 693
3 693 732 733
3 693 733 694
3 694 733 734
3 694 734 695
3 695 734 735
3 695 735 696
3 696 735 736
3 696 736 697
3 697 736 737
3 697 737 698
3 698 737 738
3 698 738 699
3 699 738 739
3 699 739 700
3 700 739 740
3 700 740 701
3 701 740 741
3 701 741 702
3 702 741 742
3 702 742 703
3 703 742 743
3 703 743 704
3 704 743 744
3 704 744 705
3 705 744 745
3 705 745 706
3 706 745 746
3 706 746 707
3 707 746 747
3 707 747 708
3 708 747 748
3 708 748 709
3 709 748 749
3 709 749 710
3 710 749 750
3 710 750 711
3 711 750 751
3 711 751 712
3 712 751 752
3 712 752 713
3 713 752 753
3 713 753 714
3 714 753 754
3 714 754 715
3 715 754 755
3 715 755 716
3 716 755 756
3 716 756 717
3 717 756 757
3 717 757 718
3 718 757 758
3 718 758 719
3 719 758 759
3 720 760 721
3 721 760 761
3 721 761 722
3 722 761 762
3 722 762 723
3 723 762 763
3 723 763 724
3 724 763 764
3 724 764 725
3 725 764 765
3 725 765 726
3 726 765 766
3 726 766 727
3 727 766 767
3 727 767 728
3 728 767 768
3 728 768 729
3 729 768 769
3 729 769 730
3 730 769 770
3 730 770 731
3 731 770 771
3 731 771 732
3 732 771 772
3 732 772 733
3 733 772 773
3 733 773 734
3 734 773 774
3 734 774 735
3 735 774 775
3 735 775 736
3 736 775 776
3 736 776 737
3 737 776 777
3 737 777 738
3 738 777 778
3 738 778 739
3 739 778 779
3 739 779 740
3 740 779 780
3 740 780 741
3 741 780 781
3 741 781 742
3 742 781 782
3 742 782 743
3 743 782 783
3 743 783 744
3 744 783 784
3 744 784 745
3 745 784 785
3 745 785 746
3 746 785 786
3 746 786 747
3 747 786 787
3 747 787 748
3 748 787 788
3 748 788 749
3 749 788 789
3 749 789 750
3 750 789 790
3 750 790 751
3 751 790 791
3 751 791 752
3 752 791 792
3 752 792 753
3 753 792 793
3 753 793 754
3 754 793 794
3 754 794 755
3 755 794 795
3 755 795 756
3 756 795 796
3 756 796 757
3 757 796 797
3 757 797 758
3 758 797 798
3 758 798 759
3 759 798 799
3 760 800 761
3 761 800 801
3 761 801 762
3 762 801 802
3 762 802 763
3 763 802 803
3 763 803 764
3 764 803 804
3 764 804 765
3 765 804 805
3 765 805 766
3 766 805 806
3 766 806 767
3 767 806 807
3 767 807 768
3 768 807 808
3 768 808 769
3 769 808 809
3 769 809 770
3 770 809 810
3 770 810 771
3 771 810 811
3 771 811 772
3 772 811 812
3 772 812 773
3 773 812 813
3 773 813 774
3 774 813 814
3 774 814 775
3 775 814 815
3 775 815 776
3 776 815 816
3 776 816 777
3 777 816 817
3 777 817 778
3 778 817 818
3 778 818 779
3 779 818 819
3 779 819 780
3 780 819 820
3 780 820 781
3 781 820 821
3 781 821 782
3 782 821 822
3 782 822 783
3 783 822 823
3 783 823 784
3 784 823 824
3 784 824 785
3 785 824 825
3 785 825 786
3 786 825 826
3 786 826 787
3 787 826 827
3 787 827 788
3 788 827 828
3 788 828 789
3 789 828 829
3 789 829 790
3 790 829 830
3 790 830 791
3 791 830 831
3 791 831 792
3 792 831 832
3 792 832 793
3 793 832 833
3 793 833 794
3 794 833 834
3 794 834 795
3 795 834 835
3 795 835 796
3 796 835 836
3 796 836 797
3 797 836 837
3 797 837 798
3 798 837 838
3 798 838 799
3 799 838 839
3 800 840 801
3 801 840 841
3 801 841 802
3 802 841 842
3 802 842 803
3 803 842 843
3 803 843 804
3 804 843 844
3 804 844 805
3 805 844 845
3 805 845 806
3 806 845 846
3 806 846 807
3 807 846 847
3 807 847 808
3 808 847 848
3 808 848 809
3 809 848 849
3 809 849 810
3 810 849 850
3 810 850 811
3 811 850 851
3 811 851 812
3 812 851 852
3 812 852 813
3 813 852 853
3 813 853 814
3 814 853 854
3 814 854 815
3 815 854 855
3 815 855 816
3 816 855 856
3 816 856 817
3 817 856 857
3 817 857 818
3 818 857 858
3 818 858 819
3 819 858 859
3 819 859 820
3 820 859 860
3 820 860 821
3 821 860 861
3 821 861 822
3 822 861 862
3 822 862 823
3 823 862 863
3 823 863 824
3 824 863 864
3 824 864 825
3 825 864 865
3 825 865 826
3 826 865 866
3 826 866 827
3 827 866 867
3 827 867 828
3 828 867 868
3 828 868 829
3 829 868 869
3 829 869 830
3 830 869 870
3 830 870 831
3 831 870 871
3 831 871 832
3 832 871 872
3 832 872 833
3 833 872 873
3 833 873 834
3 834 873 874
3 834 874 835
3 835 874 875
3 835 875 836
3 836 875 876
3 836 876 837
3 837 876 877
3 837 877 838
3 838 877 878
3 838 878 839
3 839 878 879
3 840 880 841
3 841 880 881
3 841 881 842
3 842 881 882
3 842 882 843
3 843 882 883
3 843 883 844
3 844 883 884
3 844 884 845
3 845 884 885
3 845 885 846
3 846 885 886
3 846 886 847
3 847 886 887
3 847 887 848
3 848 887 888
3 848 888 849
3 849 888 889
3 849 889 850
3 850 889 890
3 850 890 851
3 851 890 891
3 851 891 852
3 852 891 892
3 852 892 853
3 853 892 893
3 853 893 854
3 854 893 894
3 854 894 855
3 855 894 895
3 855 895 856
3 856 895 896
3 856 896 857
3 857 896 897
3 857 897 858
3 858 897 898
3 858 898 859
3 859 898 899
3 859 899 860
3 860 899 900
3 860 900 861
3 861 900 901
3 861 901 862
3 862 901 902
3 862 902 863
3 863 902 903
3 863 903 864
3 864 903 904
3 864 904 865
3 865 904 905
3 865 905 866
3 866 905 906
3 866 906 867
3 867 906 907
3 867 907 868
3 868 907 908
3 868 908 869
3 869 908 909
3 869 909 870
3 870 909 910
3 870 910 871
3 871 910 911
3 871 911 872
3 872 911 912
3 872 912 873
3 873 912 913
3 873 913 874
3 874 913 914
3 874 914 875
3 875 914 915
3 875 915 876
3 876 915 916
3 876 916 877
3 877 916 917
3 877 917 878
3 878 917 918
3 878 918 879
3 879 918 919
3 880 920 881
3 881 920 921
3 881 921 882
3 882 921 922
3 882 922 883
3 883 922 923
3 883 923 884
3 884 923 924
3 884 924 885
3 885 924 925
3 885 925 886
3 886 925 926
3 886 926 887
3 887 926 927
3 887 927 888
3 888 927 928
3 888 928 889
3 889 928 929
3 889 929 890
3 890 929 930
3 890 930 891
3 891 930 931
3 891 931 892
3 892 931 932
3 892 932 893
3 893 932 933
3 893 933 894
3 894 933 934
3 894 934 895
3 895 934 935
3 895 935 896
3 896 935 936
3 896 936 897
3 897 936 937
3 897 937 898
3 898 937 938
3 898 938 899
3 899 938 939
3 899 939 900
3 900 939 940
3 900 940 901
3 901 940 941
3 901 941 902
3 902 941 942
3 902 942 903
3 903 942 943
3 903 943 904
3 904 943 944
3 904 944 905
3 905 944 945
3 905 945 906
3 906 945 946
3 906 946 907
3 907 946 947
3 907 947 908
3 908 947 948
3 908 948 909
3 909 948 949
3 909 949 910
3 910 949 950
3 910 950 911
3 911 950 951
3 911 951 912
3 912 951 952
3 912 952 913
3 913 952 953
3 913 953 914
3 914 953 954
3 914 954 915
3 915 954 955
3 915 955 916
3 916 955 956
3 916 956 917
3 917 956 957
3 917 957 918
3 918 957 958
3 918 958 919
3 919 958 959
3 920 960 921
3 921 960 961
3 921 961 922
3 922 961 962
3 922 962 923
3 923 962 963
3 923 963 924
3 924 963 964
3 924 964 925
3 925 964 965
3 925 965 926
3 926 965 966
3 926 966 927
3 927 966 967
3 927 967 928
3 928 967 968
3 928 968 929
3 929 968 969
3 929 969 930
3 930 969 970
3 930 970 931
3 931 970 971
3 931 971 932
3 932 971 972
3 932 972 933
3 933 972 973
3 933 973 934
3 934 973 974
3 934 974 935
3 935 974 975
3 935 975 936
3 936 975 976
3 936 976 937
3 937 976 977
3 937 977 938
3 938 977 978
3 938 978 939
3 939 978 979
3 939 979 940
3 940 979 980
3 940 980 941
3 941 980 981
3 941 981 942
3 942 981 982
3 942 982 943
3 943 982 983
3 943 983 944
3 944 983 984
3 944 984 945
3 945 984 985
3 945 985 946
3 946 985 986
3 946 986 947
3 947 986 987
3 947 987 948
3 948 987 988
3 948 988 949
3 949 988 989
3 949 989 950
3 950 989 990
3 950 990 951
3 951 990 991
3 951 991 952
3 952 991 992
3 952 992 953
3 953 992 993
3 953 993 954
3 954 993 994
3 954 994 955
3 955 994 995
3 955 995 956
3 956 995 996
3 956 996 957
3 957 996 997
3 957 997 958
3 958 997 998
3 958 998 959
3 959 998 999
3 960 1000 961
3 961 1000 1001
3 961 1001 962
3 962 1001 1002
3 962 1002 963
3 963 1002 1003
3 963 1003 964
3 964 1003 1004
3 964 1004 965
3 965 1004 1005
3 965 1005 966
3 966 1005 1006
3 966 1006 967
3 967 1006 1007
3 967 1007 968
3 968 1007 1008
3 968 1008 969
3 969 1008 1009
3 969 1009 970
3 970 1009 1010
3 970 1010 971
3 971 1010 1011
3 971 1011 972
3 972 1011 1012
3 972 1012 973
3 973 1012 1013
3 973 1013 974
3 974 1013 1014
3 974 1014 975
3 975 1014 1015
3 975 1015 976
3 976 1015 1016
3 976 1016 977
3 977 1016 1017
3 977 1017 978
3 978 1017 1018
3 978 1018 979
3 979 1018 1019
3 979 1019 980
3 980 1019 1020
3 980 1020 981
3 981 1020 1021
3 981 1021 982
3 982 1021 1022
3 982 1022 983
3 983 1022 1023
3 983 1023 984
3 984 1023 1024
3 984 1024 985
3 985 1024 1025
3 985 1025 986
3 986 1025 1026
3 986 1026 987
3 987 1026 1027
3 987 1027 988
3 988 1027 1028
3 988 1028 989
3 989 1028 1029
3 989 1029 990
3 990 1029 1030
3 990 1030 991
3 991 1030 1031
3 991 1031 992
3 992 1031 1032
3 992 1032 993
3 993 1032 1033
3 993 1033 994
3 994 1033 1034
3 994 1034 995
3 995 1034 1035
3 995 1035 996
3 996 1035 1036
3 996 1036 997
3 997 1036 1037
3 997 1037 998
3 998 1037 1038
3 998 1038 999
3 999 1038 1039
3 1000 1040 1001
3 1001 1040 1041
3 1001 1041 1002
3 1002 1041 1042
3 1002 1042 1003
3 1003 1042 1043
3 1003 1043 1004
3 1004 1043 1044
3 1004 1044 1005
3 1005 1044 1045
3 1005 1045 1006
3 1006 1045 1046
3 1006 1046 1007
3 1007 1046 1047
3 1007 1047 1008
3 1008 1047 1048
3 1008 1048 1009
3 1009 1048 1049
3 1009 1049 1010
3 1010 1049 1050
3 1010 1050 1011
3 1011 1050 1051
3 1011 1051 1012
3 1012 1051 1052
3 1012 1052 1013
3 1013 1052 1053
3 1013 1053 1014
3 1014 1053 1054
3 1014 1054 1015
3 1015 1054 1055
3 1015 1055 1016
3 1016 1055 1056
3 1016 1056 1017
3 1017 1056 1057
3 1017 1057 1018
3 1018 1057 1058
3 1018 1058 1019
3 1019 1058 1059
3 1019 1059 1020
3 1020 1059 1060
3 1020 1060 1021
3 1021 1060 1061
3 1021 1061 1022
3 1022 1061 1062
3 1022 1062 1023
3 1023 1062 1063
3 1023 1063 1024
3 1024 1063 1064
3 1024 1064 1025
3 1025 1064 1065
3 1025 1065 1026
3 1026 1065 1066
3 1026 1066 1027
3 1027 1066 1067
3 1027 1067 1028
3 1028 1067 1068
3 1028 1068 1029
3 1029 1068 1069
3 1029 1069 1030
3 1030 1069 1070
3 1030 1070 1031
3 1031 1070 1071
3 1031 1071 1032
3 1032 1071 1072
3 1032 1072 1033
3 1033 1072 1073
3 1033 1073 1034
3 1034 1073 1074
3 1034 1074 1035
3 1035 1074 1075
3 1035 1075 1036
3 1036 1075 1076
3 1036 1076 1037
3 1037 1076 1077
3 1037 1077 1038
3 1038 1077 1078
3 1038 1078 1039
3 1039 1078 1079
3 1040 1080 1041
3 1041 1080 1081
3 1041 1081 1042
3 1042 1081 1082
3 1042 1082 1043
3 1043 1082 1083
3 1043 1083 1044
3 1044 1083 1084
3 1044 1084 1045
3 1045 1084 1085
3 1045 1085 1046
3 1046 1085 1086
3 1046 1086 1047
3 1047 1086 1087
3 1047 1087 1048
3 1048 1087 1088
3 1048 1088 1049
3 1049 1088 1089
3 1049 1089 1050
3 1050 1089 1090
3 1050 1090 1051
3 1051 1090 1091
3 1051 1091 1052
3 1052 1091 1092
3 1052 1092 1053
3 1053 1092 1093
3 1053 1093 1054
3 1054 1093 1094
3 1054 1094 1055
3 1055 1094 1095
3 1055 1095 1056
3 1056 1095 1096
3 1056 1096 1057
3 1057 1096 1097
3 1057 1097 1058
3 1058 1097 1098
3 1058 1098 1059
3 1059 1098 1099
3 1059 1099 1060
3 1060 1099 1100
3 1060 1100 1061
3 1061 1100 1101
3 1061 1101 1062
3 1062 1101 1102
3 1062 1102 1063
3 1063 1102 1103
3 1063 1103 1064
3 1064 1103 1104
3 1064 1104 1065
3 1065 1104 1105
3 1065 1105 1066
3 1066 1105 1106
3 1066 1106 1067
3 1067 1106 1107
3 1067 1107 1068
3 1068 1107 1108
3 1068 1108 1069
3 1069 1108 1109
3 1069 1109 1070
3 1070 1109 1110
3 1070 1110 1071
3 1071 1110 1111
3 1071 1111 1072
3 1072 1111 1112
3 1072 1112 1073
3 1073 1112 1113
3 1073 1113 1074
3 1074 1113 1114
3 1074 1114 1075
3 1075 1114 1115
3 1075 1115 1076
3 1076 1115 1116
3 1076 1116 1077
3 1077 1116 1117
3 1077 1117 1078
3 1078 1117 1118
3 1078 1118 1079
3 1079 1118 1119
3 1080 1120 1081
3 1081 1120 1121
3 1081 1121 1082
3 1082 1121 1122
3 1082 1122 1083
3 1083 1122 1123
3 1083 1123 1084
3 1084 1123 1124
3 1084 1124 1085
3 1085 1124 1125
3 1085 1125 1086
3 1086 1125 1126
3 1086 1126 1087
3 1087 1126 1127
3 1087 1127 1088
3 1088 1127 1128
3 1088 1128 1089
3 1089 1128 1129
3 1089 1129 1090
3 1090 1129 1130
3 1090 1130 1091
3 1091 1130 1131
3 1091 1131 1092
3 1092 1131 1132
3 1092 1132 1093
3 1093 1132 1133
3 1093 1133 1094
3 1094 1133 1134
3 1094 1134 1095
3 1095 1134 1135
3 1095 1135 1096
3 1096 1135 1136
3 1096 1136 1097
3 1097 1136 1137
3 1097 1137 1098
3 1098 1137 1138
3 1098 1138 1099
3 1099 1138 1139
3 1099 1139 1100
3 1100 1139 1140
3 1100 1140 1101
3 1101 1140 1141
3 1101 1141 1102
3 1102 1141 1142
3 1102 1142 1103
3 1103 1142 1143
3 1103 1143 1104
3 1104 1143 1144
3 1104 1144 1105
3 1105 1144 1145
3 1105 1145 1106
3 1106 1145 1146
3 1106 1146 1107
3 1107 1146 1147
3 1107 1147 1108
3 1108 1147 1148
3 1108 1148 1109
3 1109 1148 1149
3 1109 1149 1110
3 1110 1149 1150
3 1110 1150 1111
3 1111 1150 1151
3 1111 1151 1112
3 1112 1151 1152
3 1112 1152 1113
3 1113 1152 1153
3 1113 1153 1114
3 1114 1153 1154
3 1114 1154 1115
3 1115 1154 1155
3 1115 1155 1116
3 1116 1155 1156
3 1116 1156 1117
3 1117 1156 1157
3 1117 1157 1118
3 1118 1157 1158
3 1118 1158 1119
3 1119 1158 1159
3 1120 1160 1121
3 1121 1160 1161
3 1121 1161 1122
3 1122 1161 1162
3 1122 1162 1123
3 1123 1162 1163
3 1123 1163 1124
3 1124 1163 1164
3 1124 1164 1125
3 1125 1164 1165
3 1125 1165 1126
3 1126 1165 1166
3 1126 1166 1127
3 1127 1166 1167
3 1127 1167 1128
3 1128 1167 1168
3 1128 1168 1129
3 1129 1168 1169
3 1129 1169 1130
3 1130 1169 1170
3 1130 1170 1131
3 1131 1170 1171
3 1131 1171 1132
3 1132 1171 1172
3 1132 1172 1133
3 1133 1172 1173
3 1133 1173 1134
3 1134 1173 1174
3 1134 1174 1135
3 1135 1174 1175
3 1135 1175 1136
3 1136 1175 1176
3 1136 1176 1137
3 1137 1176 1177
3 1137 1177 1138
3 1138 1177 1178
3 1138 1178 1139
3 1139 1178 1179
3 1139 1179 1140
3 1140 1179 1180
3 1140 1180 1141
3 1141 1180 1181
3 1141 1181 1142
3 1142 1181 1182
3 1142 1182 1143
3 1143 1182 1183
3 1143 1183 1144
3 1144 1183 1184
3 1144 1184 1145
3 1145 1184 1185
3 1145 1185 1146
3 1146 1185 1186
3 1146 1186 1147
3 1147 1186 1187
3 1147 1187 1148
3 1148 1187 1188
3 1148 1188 1149
3 1149 1188 1189
3 1149 1189 1150
3 1150 1189 1190
3 1150 1190 1151
3 1151 1190 1191
3 1151 1191 1152
3 1152 1191 1192
3 1152 1192 1153
3 1153 1192 1193
3 1153 1193 1154
3 1154 1193 1194
3 1154 1194 1155
3 1155 1194 1195
3 1155 1195 1156
3 1156 1195 1196
3 1156 1196 1157
3 1157 1196 1197
3 1157 1197 1158
3 1158 1197 1198
3 1158 1198 1159
3 1159 1198 1199
3 1160 1200 1161
3 1161 1200 1201
3 1161 1201 1162
3 1162 1201 1202
3 1162 1202 1163
3 1163 1202 1203
3 1163 1203 1164
3 1164 1203 1204
3 1164 1204 1165
3 1165 1204 1205
3 1165 1205 1166
3 1166 1205 1206
3 1166 1206 1167
3 1167 1206 1207
3 1167 1207 1168
3 1168 1207 1208
3 1168 1208 1169
3 1169 1208 1209
3 1169 1209 1170
3 1170 1209 1210
3 1170 1210 1171
3 1171 1210 1211
3 1171 1211 1172
3 1172 1211 1212
3 1172 1212 1173
3 1173 1212 1213
3 1173 1213 1174
3 1174 1213 1214
3 1174 1214 1175
3 1175 1214 1215
3 1175 1215 1176
3 1176 1215 1216
3 1176 1216 1177
3 1177 1216 1217
3 1177 1217 1178
3 1178 1217 1218
3 1178 1218 1179
3 1179 1218 1219
3 1179 1219 1180
3 1180 1219 1220
3 1180 1220 1181
3 1181 1220 1221
3 1181 1221 1182
3 1182 1221 1222
3 1182 1222 1183
3 1183 1222 1223
3 1183 1223 1184
3 1184 1223 1224
3 1184 1224 1185
3 1185 1224 1225
3 1185 1225 1186
3 1186 1225 1226
3 1186 1226 1187
3 1187 1226 1227
3 1187 1227 1188
3 1188 1227 1228
3 1188 1228 1189
3 1189 1228 1229
3 1189 1229 1190
3 1190 1229 1230
3 1190 1230 1191
3 1191 1230 1231
3 1191 1231 1192
3 1192 1231 1232
3 1192 1232 1193
3 1193 1232 1233
3 1193 1233 1194
3 1194 1233 1234
3 1194 1234 1195
3 1195 1234 1235
3 1195 1235 1196
3 1196 1235 1236
3 1196 1236 1197
3 1197 1236 1237
3 1197 1237 1198
3 1198 1237 1238
3 1198 1238 1199
3 1199 1238 1239
3 1200 1240 1201
3 1201 1240 1241
3 1201 1241 1202
3 1202 1241 1242
3 1202 1242 1203
3 1203 1242 1243
3 1203 1243 1204
3 1204 1243 1244
3 1204 1244 1205
3 1205 1244 1245
3 1205 1245 1206
3 1206 1245 1246
3 1206 1246 1207
3 1207 1246 1247
3 1207 1247 1208
3 1208 1247 1248
3 1208 1248 1209
3 1209 1248 1249
3 1209 1249 1210
3 1210 1249 1250
3 1210 1250 1211
3 1211 1250 1251
3 1211 1251 1212
3 1212 1251 1252
3 1212 1252 1213
3 1213 1252 1253
3 1213 1253 1214
3 1214 1253 1254
3 1214 1254 1215
3 1215 1254 1255
3 1215 1255 1216
3 1216 1255 1256
3 1216 1256 1217
3 1217 1256 1257
3 1217 1257 1218
3 1218 1257 1258
3 1218 1258 1219
3 1219 1258 1259
3 1219 1259 1220
3 1220 1259 1260
3 1220 1260 1221
3 1221 1260 1261
3 1221 1261 1222
3 1222 1261 1262
3 1222 1262 1223
3 1223 1262 1263
3 1223 1263 1224
3 1224 1263 1264
3 1224 1264 1225
3 1225 1264 1265
3 1225 1265 1226
3 1226 1265 1266
3 1226 1266 1227
3 1227 1266 1267
3 1227 1267 1228
3 1228 1267 1268
3 1228 1268 1229
3 1229 1268 1269
3 1229 1269 1230
3 1230 1269 1270
3 1230 1270 1231
3 1231 1270 1271
3 1231 1271 1232
3 1232 1271 1272
3 1232 1272 1233
3 1233 1272 1273
3 1233 1273 1234
3 1234 1273 1274
3 1234 1274 1235
3 1235 1274 1275
3 1235 1275 1236
3 1236 1275 1276
3 1236 1276 1237
3 1237 1276 1277
3 1237 1277 1238
3 1238 1277 1278
3 1238 1278 1239
3 1239 1278 1279
3 1240 1280 1241
3 1241 1280 1281
3 1241 1281 1242
3 1242 1281 1282
3 1242 1282 1243
3 1243 1282 1283
3 1243 1283 1244
3 1244 1283 1284
3 1244 1284 1245
3 1245 1284 1285
3 1245 1285 1246
3 1246 1285 1286
3 1246 1286 1247
3 1247 1286 1287
3 1247 1287 1248
3 1248 1287 1288
3 1248 1288 1249
3 1249 1288 1289
3 1249 1289 1250
3 1250 1289 1290
3 1250 1290 1251
3 1251 1290 1291
3 1251 1291 1252
3 1252 1291 1292
3 1252 1292 1253
3 1253 1292 1293
3 1253 1293 1254
3 1254 1293 1294
3 1254 1294 1255
3 1255 1294 1295
3 1255 1295 1256
3 1256 1295 1296
3 1256 1296 1257
3 1257 1296 1297
3 1257 1297 1258
3 1258 1297 1298
3 1258 1298 1259
3 1259 1298 1299
3 1259 1299 1260
3 1260 1299 1300
3 1260 1300 1261
3 1261 1300 1301
3 1261 1301 1262
3 1262 1301 1302
3 1262 1302 1263
3 1263 1302 1303
3 1263 1303 1264
3 1264 1303 1304
3 1264 1304 1265
3 1265 1304 1305
3 1265 1305 1266
3 1266 1305 1306
3 1266 1306 1267
3 1267 1306 1307
3 1267 1307 1268
3 1268 1307 1308
3 1268 1308 1269
3 1269 1308 1309
3 1269 1309 1270
3 1270 1309 1310
3 1270 1310 1271
3 1271 1310 1311
3 1271 1311 1272
3 1272 1311 1312
3 1272 1312 1273
3 1273 1312 1313
3 1273 1313 1274
3 1274 1313 1314
3 1274 1314 1275
3 1275 1314 1315
3 1275 1315 1276
3 1276 1315 1316
3 1276 1316 1277
3 1277 1316 1317
3 1277 1317 1278
3 1278 1317 1318
3 1278 1318 1279
3 1279 1318 1319
3 1280 1320 1281
3 1281 1320 1321
3 1281 1321 1282
3 1282 1321 1322
3 1282 1322 1283
3 1283 1322 1323
3 1283 1323 1284
3 1284 1323 1324
3 1284 1324 1285
3 1285 1324 1325
3 1285 1325 1286
3 1286 1325 1326
3 1286 1326 1287
3 1287 1326 1327
3 1287 1327 1288
3 1288 1327 1328
3 1288 1328 1289
3 1289 1328 1329
3 1289 1329 1290
3 1290 1329 1330
3 1290 1330 1291
3 1291 1330 1331
3 1291 1331 1292
3 1292 1331 1332
3 1292 1332 1293
3 1293 1332 1333
3 1293 1333 1294
3 1294 1333 1334
3 1294 1334 1295
3 1295 1334 1335
3 1295 1335 1296
3 1296 1335 1336
3 1296 1336 1297
3 1297 1336 1337
3 1297 1337 1298
3 1298 1337 1338
3 1298 1338 1299
3 1299 1338 1339
3 1299 1339 1300
3 1300 1339 1340
3 1300 1340 1301
3 1301 1340 1341
3 1301 1341 1302
3 1302 1341 1342
3 1302 1342 1303
3 1303 1342 1343
3 1303 1343 1304
3 1304 1343 1344
3 1304 1344 1305
3 1305 1344 1345
3 1305 1345 1306
3 1306 1345 1346
3 1306 1346 1307
3 1307 1346 1347
3 1307 1347 1308
3 1308 1347 1348
3 1308 1348 1309
3 1309 1348 1349
3 1309 1349 1310
3 1310 1349 1350
3 1310 1350 1311
3 1311 1350 1351
3 1311 1351 1312
3 1312 1351 1352
3 1312 1352 1313
3 1313 1352 1353
3 1313 1353 1314
3 1314 1353 1354
3 1314 1354 1315
3 1315 1354 1355
3 1315 1355 1316
3 1316 1355 1356
3 1316 1356 1317
3 1317 1356 1357
3 1317 1357 1318
3 1318 1357 1358
3 1318 1358 1319
3 1319 1358 1359
3 1320 1360 1321
3 1321 1360 1361
3 1321 1361 1322
3 1322 1361 1362
3 1322 1362 1323
3 1323 1362 1363
3 1323 1363 1324
3 1324 1363 1364
3 1324 1364 1325
3 1325 1364 1365
3 1325 1365 1326
3 1326 1365 1366
3 1326 1366 1327
3 1327 1366 1367
3 1327 1367 1328
3 1328 1367 1368
3 1328 1368 1329
3 1329 1368 1369
3 1329 1369 1330
3 1330 1369 1370
3 1330 1370 1331
3 1331 1370 1371
3 1331 1371 1332
3 1332 1371 1372
3 1332 1372 1333
3 1333 1372 1373
3 1333 1373 1334
3 1334 1373 1374
3 1334 1374 1335
3 1335 1374 1375
3 1335 1375 1336
3 1336 1375 1376
3 1336 1376 1337
3 1337 1376 1377
3 1337 1377 1338
3 1338 1377 1378
3 1338 1378 1339
3 1339 1378 1379
3 1339 1379 1340
3 1340 1379 1380
3 1340 1380 1341
3 1341 1380 1381
3 1341 1381 1342
3 1342 1381 1382
3 1342 1382 1343
3 1343 1382 1383
3 1343 1383 1344
3 1344 1383 1384
3 1344 1384 1345
3 1345 1384 1385
3 1345 1385 1346
3 1346 1385 1386
3 1346 1386 1347
3 1347 1386 1387
3 1347 1387 1348
3 1348 1387 1388
3 1348 1388 1349
3 1349 1388 1389
3 1349 1389 1350
3 1350 1389 1390
3 1350 1390 1351
3 1351 1390 1391
3 1351 1391 1352
3 1352 1391 1392
3 1352 1392 1353
3 1353 1392 1393
3 1353 1393 1354
3 1354 1393 1394
3 1354 1394 1355
3 1355 1394 1395
3 1355 1395 1356
3 1356 1395 1396
3 1356 1396 1357
3 1357 1396 1397
3 1357 1397 1358
3 1358 1397 1398
3 1358 1398 1359
3 1359 1398 1399
3 1360 1400 1361
3 1361 1400 1401
3 1361 1401 1362
3 1362 1401 1402
3 1362 1402 1363
3 1363 1402 1403
3 1363 1403 1364
3 1364 1403 1404
3 1364 1404 1365
3 1365 1404 1405
3 1365 1405 1366
3 1366 1405 1406
3 1366 1406 1367
3 1367 1406 1407
3 1367 1407 1368
3 1368 1407 1408
3 1368 1408 1369
3 1369 1408 1409
3 1369 1409 1370
3 1370 1409 1410
3 1370 1410 1371
3 1371 1410 1411
3 1371 1411 1372
3 1372 1411 1412
3 1372 1412 1373
3 1373 1412 1413
3 1373 1413 1374
3 1374 1413 1414
3 1374 1414 1375
3 1375 1414 1415
3 1375 1415 1376
3 1376 1415 1416
3 1376 1416 1377
3 1377 1416 1417
3 1377 1417 1378
3 1378 1417 1418
3 1378 1418 1379
3 1379 1418 1419
3 1379 1419 1380
3 1380 1419 1420
3 1380 1420 1381
3 1381 1420 1421
3 1381 1421 1382
3 1382 1421 1422
3 1382 1422 1383
3 1383 1422 1423
3 1383 1423 1384
3 1384 1423 1424
3 1384 1424 1385
3 1385 1424 1425
3 1385 1425 1386
3 1386 1425 1426
3 1386 1426 1387
3 1387 1426 1427
3 1387 1427 1388
3 1388 1427 1428
3 1388 1428 1389
3 1389 1428 1429
3 1389 1429 1390
3 1390 1429 1430
3 1390 1430 1391
3 1391 1430 1431
3 1391 1431 1392
3 1392 1431 1432
3 1392 1432 1393
3 1393 1432 1433
3 1393 1433 1394
3 1394 1433 1434
3 1394 1434 1395
3 1395 1434 1435
3 1395 1435 1396
3 1396 1435 1436
3 1396 1436 1397
3 1397 1436 1437
3 1397 1437 1398
3 1398 1437 1438
3 1398 1438 1399
3 1399 1438 1439
3 1400 1440 1401
3 1401 1440 1441
3 1401 1441 1402
3 1402 1441 1442
3 1402 1442 1403
3 1403 1442 1443
3 1403 1443 1404
3 1404 1443 1444
3 1404 1444 1405
3 1405 1444 1445
3 1405 1445 1406
3 1406 1445 1446
3 1406 1446 1407
3 1407 1446 1447
3 1407 1447 1408
3 1408 1447 1448
3 1408 1448 1409
3 1409 1448 1449
3 1409 1449 1410
3 1410 1449 1450
3 1410 1450 1411
3 1411 1450 1451
3 1411 1451 1412
3 1412 1451 1452
3 1412 1452 1413
3 1413 1452 1453
3 1413 1453 1414
3 1414 1453 1454
3 1414 1454 1415
3 1415 1454 1455
3 1415 1455 1416
3 1416 1455 1456
3 1416 1456 1417
3 1417 1456 1457
3 1417 1457 1418
3 1418 1457 1458
3 1418 1458 1419
3 1419 1458 1459
3 1419 1459 1420
3 1420 1459 1460
3 1420 1460 1421
3 1421 1460 1461
3 1421 1461 1422
3 1422 1461 1462
3 1422 1462 1423
3 1423 1462 1463
3 1423 1463 1424
3 1424 1463 1464
3 1424 1464 1425
3 1425 1464 1465
3 1425 1465 1426
3 1426 1465 1466
3 1426 1466 1427
3 1427 1466 1467
3 1427 1467 1428
3 1428 1467 1468
3 1428 1468 1429
3 1429 1468 1469
3 1429 1469 1430
3 1430 1469 1470
3 1430 1470 1431
3 1431 1470 1471
3 1431 1471 1432
3 1432 1471 1472
3 1432 1472 1433
3 1433 1472 1473
3 1433 1473 1434
3 1434 1473 1474
3 1434 1474 1435
3 1435 1474 1475
3 1435 1475 1436
3 1436 1475 1476
3 1436 1476 1437
3 1437 1476 1477
3 1437 1477 1438
3 1438 1477 1478
3 1438 1478 1439
3 1439 1478 1479
3 1440 1480 1441
3 1441 1480 1481
3 1441 1481 1442
3 1442 1481 1482
3 1442 1482 1443
3 1443 1482 1483
3 1443 1483 1444
3 1444 1483 1484
3 1444 1484 1445
3 1445 1484 1485
3 1445 1485 1446
3 1446 1485 1486
3 1446 1486 1447
3 1447 1486 1487
3 1447 1487 1448
3 1448 1487 1488
3 1448 1488 1449
3 1449 1488 1489
3 1449 1489 1450
3 1450 1489 1490
3 1450 1490 1451
3 1451 1490 1491
3 1451 1491 1452
3 1452 1491 1492
3 1452 1492 1453
3 1453 1492 1493
3 1453 1493 1454
3 1454 1493 1494
3 1454 1494 1455
3 1455 1494 1495
3 1455 1495 1456
3 1456 1495 1496
3 1456 1496 1457
3 1457 1496 1497
3 1457 1497 1458
3 1458 1497 1498
3 1458 1498 1459
3 1459 1498 1499
3 1459 1499 1460
3 1460 1499 1500
3 1460 1500 1461
3 1461 1500 1501
3 1461 1501 1462
3 1462 1501 1502
3 1462 1502 1463
3 1463 1502 1503
3 1463 1503 1464
3 1464 1503 1504
3 1464 1504 1465
3 1465 1504 1505
3 1465 1505 1466
3 1466 1505 1506
3 1466 1506 1467
3 1467 1506 1507
3 1467 1507 1468
3 1468 1507 1508
3 1468 1508 1469
3 1469 1508 1509
3 1469 1509 1470
3 1470 1509 1510
3 1470 1510 1471
3 1471 1510 1511
3 1471 1511 1472
3 1472 1511 1512
3 1472 1512 1473
3 1473 1512 1513
3 1473 1513 1474
3 1474 1513 1514
3 1474 1514 1475
3 1475 1514 1515
3 1475 1515 1476
3 1476 1515 1516
3 1476 1516 1477
3 1477 1516 1517
3 1477 1517 1478
3 1478 1517 1518
3 1478 1518 1479
3 1479 1518 1519
3 1480 1520 1481
3 1481 1520 1521
3 1481 1521 1482
3 1482 1521 1522
3 1482 1522 1483
3 1483 1522 1523
3 1483 1523 1484
3 1484 1523 1524
3 1484 1524 1485
3 1485 1524 1525
3 1485 1525 1486
3 1486 1525 1526
3 1486 1526 1487
3 1487 1526 1527
3 1487 1527 1488
3 1488 1527 1528
3 1488 1528 1489
3 1489 1528 1529
3 1489 1529 1490
3 1490 1529 1530
3 1490 1530 1491
3 1491 1530 1531
3 1491 1531 1492
3 1492 1531 1532
3 1492 1532 1493
3 1493 1532 1533
3 1493 1533 1494
3 1494 1533 1534
3 1494 1534 1495
3 1495 1534 1535
3 1495 1535 1496
3 1496 1535 1536
3 1496 1536 1497
3 1497 1536 1537
3 1497 1537 1498
3 1498 1537 1538
3 1498 1538 1499
3 1499 1538 1539
3 1499 1539 1500
3 1500 1539 1540
3 1500 1540 1501
3 1501 1540 1541
3 1501 1541 1502
3 1502 1541 1542
3 1502 1542 1503
3 1503 1542 1543
3 1503 1543 1504
3 1504 1543 1544
3 1504 1544 1505
3 1505 1544 1545
3 1505 1545 1506
3 1506 1545 1546
3 1506 1546 1507
3 1507 1546 1547
3 1507 1547 1508
3 1508 1547 1548
3 1508 1548 1509
3 1509 1548 1549
3 1509 1549 1510
3 1510 1549 1550
3 1510 1550 1511
3 1511 1550 1551
3 1511 1551 1512
3 1512 1551 1552
3 1512 1552 1513
3 1513 1552 1553
3 1513 1553 1514
3 1514 1553 1554
3 1514 1554 1515
3 1515 1554 1555
3 1515 1555 1516
3 1516 1555 1556
3 1516 1556 1517
3 1517 1556 1557
3 1517 1557 1518
3 1518 1557 1558
3 1518 1558 1519
3 1519 1558 1559
3 1520 1560 1521
3 1521 1560 1561
3 1521 1561 1522
3 1522 1561 1562
3 1522 1562 1523
3 1523 1562 1563
3 1523 1563 1524
3 1524 1563 1564
3 1524 1564 1525
3 1525 1564 1565
3 1525 1565 1526
3 1526 1565 1566
3 1526 1566 1527
3 1527 1566 1567
3 1527 1567 1528
3 1528 1567 1568
3 1528 1568 1529
3 1529 1568 1569
3 1529 1569 1530
3 1530 1569 1570
3 1530 1570 1531
3 1531 1570 1571
3 1531 1571 1532
3 1532 1571 1572
3 1532 1572 1533
3 1533 1572 1573
3 1533 1573 1534
3 1534 1573 1574
3 1534 1574 1535
3 1535 1574 1575
3 1535 1575 1536
3 1536 1575 1576
3 1536 1576 1537
3 1537 1576 1577
3 1537 1577 1538
3 1538 1577 1578
3 1538 1578 1539
3 1539 1578 1579
3 1539 1579 1540
3 1540 1579 1580
3 1540 1580 1541
3 1541 1580 1581
3 1541 1581 1542
3 1542 1581 1582
3 1542 1582 1543
3 1543 1582 1583
3 1543 1583 1544
3 1544 1583 1584
3 1544 1584 1545
3 1545 1584 1585
3 1545 1585 1546
3 1546 1585 1586
3 1546 1586 1547
3 1547 1586 1587
3 1547 1587 1548
3 1548 1587 1588
3 1548 1588 1549
3 1549 1588 1589
3 1549 1589 1550
3 1550 1589 1590
3 1550 1590 1551
3 1551 1590 1591
3 1551 1591 1552
3 1552 1591 1592
3 1552 1592 1553
3 1553 1592 1593
3 1553 1593 1554
3 1554 1593 1594
3 1554 1594 1555
3 1555 1594 1595
3 1555 1595 1556
3 1556 1595 1596
3 1556 1596 1557
3 1557 1596 1597
3 1557 1597 1558
3 1558 1597 1598
3 1558 1598 1559
3 1559 1598 1599
3 1560 1600 1561
3 1561 1600 1601
3 1561 1601 1562
3 1562 1601 1602
3 1562 1602 1563
3 1563 1602 1603
3 1563 1603 1564
3 1564 1603 1604
3 1564 1604 1565
3 1565 1604 1605
3 1565 1605 1566
3 1566 1605 1606
3 1566 1606 1567
3 1567 1606 1607
3 1567 1607 1568
3 1568 1607 1608
3 1568 1608 1569
3 1569 1608 1609
3 1569 1609 1570
3 1570 1609 1610
3 1570 1610 1571
3 1571 1610 1611
3 1571 1611 1572
3 1572 1611 1612
3 1572 1612 1573
3 1573 1612 1613
3 1573 1613 1574
3 1574 1613 1614
3 1574 1614 1575
3 1575 1614 1615
3 1575 1615 1576
3 1576 1615 1616
3 1576 1616 1577
3 1577 1616 1617
3 1577 1617 1578
3 1578 1617 1618
3 1578 1618 1579
3 1579 1618 1619
3 1579 1619 1580
3 1580 1619 1620
3 1580 1620 1581
3 1581 1620 1621
3 1581 1621 1582
3 1582 1621 1622
3 1582 1622 1583
3 1583 1622 1623
3 1583 1623 1584
3 1584 1623 1624
3 1584 1624 1585
3 1585 1624 1625
3 1585 1625 1586
3 1586 1625 1626
3 1586 1626 1587
3 1587 1626 1627
3 1587 1627 1588
3 1588 1627 1628
3 1588 1628 1589
3 1589 1628 1629
3 1589 1629 1590
3 1590 1629 1630
3 1590 1630 1591
3 1591 1630 1631
3 1591 1631 1592
3 1592 1631 1632
3 1592 1632 1593
3 1593 1632 1633
3 1593 1633 1594
3 1594 1633 1634
3 1594 1634 1595
3 1595 1634 1635
3 1595 1635 1596
3 1596 1635 1636
3 1596 1636 1597
3 1597 1636 1637
3 1597 1637 1598
3 1598 1637 1638
3 1598 1638 1599
3 1599 1638 1639
3 1600 1640 1601
3 1601 1640 1641
3 1601 1641 1602
3 1602 1641 1642
3 1602 1642 1603
3 1603 1642 1643
3 1603 1643 1604
3 1604 1643 1644
3 1604 1644 1605
3 1605 1644 1645
3 1605 1645 1606
3 1606 1645 1646
3 1606 1646 1607
3 1607 1646 1647
3 1607 1647 1608
3 1608 1647 1648
3 1608 1648 1609
3 1609 1648 1649
3 1609 1649 1610
3 1610 1649 1650
3 1610 1650 1611
3 1611 1650 1651
3 1611 1651 1612
3 1612 1651 1652
3 1612 1652 1613
3 1613 1652 1653
3 1613 1653 1614
3 1614 1653 1654
3 1614 1654 1615
3 1615 1654 1655
3 1615 1655 1616
3 1616 1655 1656
3 1616 1656 1617
3 1617 1656 1657
3 1617 1657 1618
3 1618 1657 1658
3 1618 1658 1619
3 1619 1658 1659
3 1619 1659 1620
3 1620 1659 1660
3 1620 1660 1621
3 1621 1660 1661
3 1621 1661 1622
3 1622 1661 1662
3 1622 1662 1623
3 1623 1662 1663
3 1623 1663 1624
3 1624 1663 1664
3 1624 1664 1625
3 1625 1664 1665
3 1625 1665 1626
3 1626 1665 1666
3 1626 1666 1627
3 1627 1666 1667
3 1627 1667 1628
3 1628 1667 1668
3 1628 1668 1629
3 1629 1668 1669
3 1629 1669 1630
3 1630 1669 1670
3 1630 1670 1631
3 1631 1670 1671
3 1631 1671 1632
3 1632 1671 1672
3 1632 1672 1633
3 1633 1672 1673
3 1633 1673 1634
3 1634 1673 1674
3 1634 1674 1635
3 1635 1674 1675
3 1635 1675 1636
3 1636 1675 1676
3 1636 1676 1637
3 1637 1676 1677
3 1637 1677 1638
3 1638 1677 1678
3 1638 1678 1639
3 1639 1678 1679
3 1640 1680 1641
3 1641 1680 1681
3 1641 1681 1642
3 1642 1681 1682
3 1642 1682 1643
3 1643 1682 1683
3 1643 1683 1644
3 1644 1683 1684
3 1644 1684 1645
3 1645 1684 1685
3 1645 1685 1646
3 1646 1685 1686
3 1646 1686 1647
3 1647 1686 1687
3 1647 1687 1648
3 1648 1687 1688
3 1648 1688 1649
3 1649 1688 1689
3 1649 1689 1650
3 1650 1689 1690
3 1650 1690 1651
3 1651 1690 1691
3 1651 1691 1652
3 1652 1691 1692
3 1652 1692 1653
3 1653 1692 1693
3 1653 1693 1654
3 1654 1693 1694
3 1654 1694 1655
3 1655 1694 1695
3 1655 1695 1656
3 1656 1695 1696
3 1656 1696 1657
3 1657 1696 1697
3 1657 1697 1658
3 1658 1697 1698
3 1658 1698 1659
3 1659 1698 1699
3 1659 1699 1660
3 1660 1699 1700
3 1660 1700 1661
3 1661 1700 1701
3 1661 1701 1662
3 1662 1701 1702
3 1662 1702 1663
3 1663 1702 1703
3 1663 1703 1664
3 1664 1703 1704
3 1664 1704 1665
3 1665 1704 1705
3 1665 1705 1666
3 1666 1705 1706
3 1666 1706 1667
3 1667 1706 1707
3 1667 1707 1668
3 1668 1707 1708
3 1668 1708 1669
3 1669 1708 1709
3 1669 1709 1670
3 1670 1709 1710
3 1670 1710 1671
3 1671 1710 1711
3 1671 1711 1672
3 1672 1711 1712
3 1672 1712 1673
3 1673 1712 1713
3 1673 1713 1674
3 1674 1713 1714
3 1674 1714 1675
3 1675 1714 1715
3 1675 1715 1676
3 1676 1715 1716
3 1676 1716 1677
3 1677 1716 1717
3 1677 1717 1678
3 1678 1717 1718
3 1678 1718 1679
3 1679 1718 1719
3 1680 1720 1681
3 1681 1720 1721
3 1681 1721 1682
3 1682 1721 1722
3 1682 1722 1683
3 1683 1722 1723
3 1683 1723 1684
3 1684 1723 1724
3 1684 1724 1685
3 1685 1724 1725
3 1685 1725 1686
3 1686 1725 1726
3 1686 1726 1687
3 1687 1726 1727
3 1687 1727 1688
3 1688 1727 1728
3 1688 1728 1689
3 1689 1728 1729
3 1689 1729 1690
3 1690 1729 1730
3 1690 1730 1691
3 1691 1730 1731
3 1691 1731 1692
3 1692 1731 1732
3 1692 1732 1693
3 1693 1732 1733
3 1693 1733 1694
3 1694 1733 1734
3 1694 1734 1695
3 1695 1734 1735
3 1695 1735 1696
3 1696 1735 1736
3 1696 1736 1697
3 1697 1736 1737
3 1697 1737 1698
3 1698 1737 1738
3 1698 1738 1699
3 1699 1738 1739
3 1699 1739 1700
3 1700 1739 1740
3 1700 1740 1701
3 1701 1740 1741
3 1701 1741 1702
3 1702 1741 1742
3 1702 1742 1703
3 1703 1742 1743
3 1703 1743 1704
3 1704 1743 1744
3 1704 1744 1705
3 1705 1744 1745
3 1705 1745 1706
3 1706 1745 1746
3 1706 1746 1707
3 1707 1746 1747
3 1707 1747 1708
3 1708 1747 1748
3 1708 1748 1709
3 1709 1748 1749
3 1709 1749 1710
3 1710 1749 1750
3 1710 1750 1711
3 1711 1750 1751
3 1711 1751 1712
3 1712 1751 1752
3 1712 1752 1713
3 1713 1752 1753
3 1713 1753 1714
3 1714 1753 1754
3 1714 1754 1715
3 1715 1754 1755
3 1715 1755 1716
3 1716 1755 1756
3 1716 1756 1717
3 1717 1756 1757
3 1717 1757 1718
3 1718 1757 1758
3 1718 1758 1719
3 1719 1758 1759
3 1720 1760 1721
3 1721 1760 1761
3 1721 1761 1722
3 1722 1761 1762
3 1722 1762 1723
3 1723 1762 1763
3 1723 1763 1724
3 1724 1763 1764
3 1724 1764 1725
3 1725 1764 1765
3 1725 1765 1726
3 1726 1765 1766
3 1726 1766 1727
3 1727 1766 1767
3 1727 1767 1728
3 1728 1767 1768
3 1728 1768 1729
3 1729 1768 1769
3 1729 1769 1730
3 1730 1769 1770
3 1730 1770 1731
3 1731 1770 1771
3 1731 1771 1732
3 1732 1771 1772
3 1732 1772 1733
3 1733 1772 1773
3 1733 1773 1734
3 1734 1773 1774
3 1734 1774 1735
3 1735 1774 1775
3 1735 1775 1736
3 1736 1775 1776
3 1736 1776 1737
3 1737 1776 1777
3 1737 1777 1738
3 1738 1777 1778
3 1738 1778 1739
3 1739 1778 1779
3 1739 1779 1740
3 1740 1779 1780
3 1740 1780 1741
3 1741 1780 1781
3 1741 1781 1742
3 1742 1781 1782
3 1742 1782 1743
3 1743 1782 1783
3 1743 1783 1744
3 1744 1783 1784
3 1744 1784 1745
3 1745 1784 1785
3 1745 1785 1746
3 1746 1785 1786
3 1746 1786 1747
3 1747 1786 1787
3 1747 1787 1748
3 1748 1787 1788
3 1748 1788 1749
3 1749 1788 1789
3 1749 1789 1750
3 1750 1789 1790
3 1750 1790 1751
3 1751 1790 1791
3 1751 1791 1752
3 1752 1791 1792
3 1752 1792 1753
3 1753 1792 1793
3 1753 1793 1754
3 1754 1793 1794
3 1754 1794 1755
3 1755 1794 1795
3 1755 1795 1756
3 1756 1795 1796
3 1756 1796 1757
3 1757 1796 1797
3 1757 1797 1758
3 1758 1797 1798
3 1758 1798 1759
3 1759 1798 1799
3 1760 1800 1761
3 1761 1800 1801
3 1761 1801 1762
3 1762 1801 1802
3 1762 1802 1763
3 1763 1802 1803
3 1763 1803 1764
3 1764 1803 1804
3 1764 1804 1765
3 1765 1804 1805
3 1765 1805 1766
3 1766 1805 1806
3 1766 1806 1767
3 1767 1806 1807
3 1767 1807 1768
3 1768 1807 1808
3 1768 1808 1769
3 1769 1808 1809
3 1769 1809 1770
3 1770 1809 1810
3 1770 1810 1771
3 1771 1810 1811
3 1771 1811 1772
3 1772 1811 1812
3 1772 1812 1773
3 1773 1812 1813
3 1773 1813 1774
3 1774 1813 1814
3 1774 1814 1775
3 1775 1814 1815
3 1775 1815 1776
3 1776 1815 1816
3 1776 1816 1777
3 1777 1816 1817
3 1777 1817 1778
3 1778 1817 1818
3 1778 1818 1779
3 1779 1818 1819
3 1779 1819 1780
3 1780 1819 1820
3 1780 1820 1781
3 1781 1820 1821
3 1781 1821 1782
3 1782 1821 1822
3 1782 1822 1783
3 1783 1822 1823
3 1783 1823 1784
3 1784 1823 1824
3 1784 1824 1785
3 1785 1824 1825
3 1785 1825 1786
3 1786 1825 1826
3 1786 1826 1787
3 1787 1826 1827
3 1787 1827 1788
3 1788 1827 1828
3 1788 1828 1789
3 1789 1828 1829
3 1789 1829 1790
3 1790 1829 1830
3 1790 1830 1791
3 1791 1830 1831
3 1791 1831 1792
3 1792 1831 1832
3 1792 1832 1793
3 1793 1832 1833
3 1793 1833 1794
3 1794 1833 1834
3 1794 1834 1795
3 1795 1834 1835
3 1795 1835 1796
3 1796 1835 1836
3 1796 1836 1797
3 1797 1836 1837
3 1797 1837 1798
3 1798 1837 1838
3 1798 1838 1799
3 1799 1838 1839
3 1800 1840 1801
3 1801 1840 1841
3 1801 1841 1802
3 1802 1841 1842
3 1802 1842 1803
3 1803 1842 1843
3 1803 1843 1804
3 1804 1843 1844
3 1804 1844 1805
3 1805 1844 1845
3 1805 1845 1806
3 1806 1845 1846
3 1806 1846 1807
3 1807 1846 1847
3 1807 1847 1808
3 1808 1847 1848
3 1808 1848 1809
3 1809 1848 1849
3 1809 1849 1810
3 1810 1849 1850
3 1810 1850 1811
3 1811 1850 1851
3 1811 1851 1812
3 1812 1851 1852
3 1812 1852 1813
3 1813 1852 1853
3 1813 1853 1814
3 1814 1853 1854
3 1814 1854 1815
3 1815 1854 1855
3 1815 1855 1816
3 1816 1855 1856
3 1816 1856 1817
3 1817 1856 1857
3 1817 1857 1818
3 1818 1857 1858
3 1818 1858 1819
3 1819 1858 1859
3 1819 1859 1820
3 1820 1859 1860
3 1820 1860 1821
3 1821 1860 1861
3 1821 1861 1822
3 1822 1861 1862
3 1822 1862 1823
3 1823 1862 1863
3 1823 1863 1824
3 1824 1863 1864
3 1824 1864 1825
3 1825 1864 1865
3 1825 1865 1826
3 1826 1865 1866
3 1826 1866 1827
3 1827 1866 1867
3 1827 1867 1828
3 1828 1867 1868
3 1828 1868 1829
3 1829 1868 1869
3 1829 1869 1830
3 1830 1869 1870
3 1830 1870 1831
3 1831 1870 1871
3 1831 1871 1832
3 1832 1871 1872
3 1832 1872 1833
3 1833 1872 1873
3 1833 1873 1834
3 1834 1873 1874
3 1834 1874 1835
3 1835 1874 1875
3 1835 1875 1836
3 1836 1875 1876
3 1836 1876 1837
3 1837 1876 1877
3 1837 1877 1838
3 1838 1877 1878
3 1838 1878 1839
3 1839 1878 1879
3 1840 1880 1841
3 1841 1880 1881
3 1841 1881 1842
3 1842 1881 1882
3 1842 1882 1843
3 1843 1882 1883
3 1843 1883 1844
3 1844 1883 1884
3 1844 1884 1845
3 1845 1884 1885
3 1845 1885 1846
3 1846 1885 1886
3 1846 1886 1847
3 1847 1886 1887
3 1847 1887 1848
3 1848 1887 1888
3 1848 1888 1849
3 1849 1888 1889
3 1849 1889 1850
3 1850 1889 1890
3 1850 1890 1851
3 1851 1890 1891
3 1851 1891 1852
3 1852 1891 1892
3 1852 1892 1853
3 1853 1892 1893
3 1853 1893 1854
3 1854 1893 1894
3 1854 1894 1855
3 1855 1894 1895
3 1855 1895 1856
3 1856 1895 1896
3 1856 1896 1857
3 1857 1896 1897
3 1857 1897 1858
3 1858 1897 1898
3 1858 1898 1859
3 1859 1898 1899
3 1859 1899 1860
3 1860 1899 1900
3 1860 1900 1861
3 1861 1900 1901
3 1861 1901 1862
3 1862 1901 1902
3 1862 1902 1863
3 1863 1902 1903
3 1863 1903 1864
3 1864 1903 1904
3 1864 1904 1865
3 1865 1904 1905
3 1865 1905 1866
3 1866 1905 1906
3 1866 1906 1867
3 1867 1906 1907
3 1867 1907 1868
3 1868 1907 1908
3 1868 1908 1869
3 1869 1908 1909
3 1869 1909 1870
3 1870 1909 1910
3 1870 1910 1871
3 1871 1910 1911
3 1871 1911 1872
3 1872 1911 1912
3 1872 1912 1873
3 1873 1912 1913
3 1873 1913 1874
3 1874 1913 1914
3 1874 1914 1875
3 1875 1914 1915
3 1875 1915 1876
3 1876 1915 1916
3 1876 1916 1877
3 1877 1916 1917
3 1877 1917 1878
3 1878 1917 1918
3 1878 1918 1879
3 1879 1918 1919
3 1880 1920 1881
3 1881 1920 1921
3 1881 1921 1882
3 1882 1921 1922
3 1882 1922 1883
3 1883 1922 1923
3 1883 1923 1884
3 1884 1923 1924
3 1884 1924 1885
3 1885 1924 1925
3 1885 1925 1886
3 1886 1925 1926
3 1886 1926 1887
3 1887 1926 1927
3 1887 1927 1888
3 1888 1927 1928
3 1888 1928 1889
3 1889 1928 1929
3 1889 1929 1890
3 1890 1929 1930
3 1890 1930 1891
3 1891 1930 1931
3 1891 1931 1892
3 1892 1931 1932
3 1892 1932 1893
3 1893 1932 1933
3 1893 1933 1894
3 1894 1933 1934
3 1894 1934 1895
3 1895 1934 1935
3 1895 1935 1896
3 1896 1935 1936
3 1896 1936 1897
3 1897 1936 1937
3 1897 1937 1898
3 1898 1937 1938
3 1898 1938 1899
3 1899 1938 1939
3 1899 1939 1900
3 1900 1939 1940
3 1900 1940 1901
3 1901 1940 1941
3 1901 1941 1902
3 1902 1941 1942
3 1902 1942 1903
3 1903 1942 1943
3 1903 1943 1904
3 1904 1943 1944
3 1904 1944 1905
3 1905 1944 1945
3 1905 1945 1906
3 1906 1945 1946
3 1906 1946 1907
3 1907 1946 1947
3 1907 1947 1908
3 1908 1947 1948
3 1908 1948 1909
3 1909 1948 1949
3 1909 1949 1910
3 1910 1949 1950
3 1910 1950 1911
3 1911 1950 1951
3 1911 1951 1912
3 1912 1951 1952
3 1912 1952 1913
3 1913 1952 1953
3 1913 1953 1914
3 1914 1953 1954
3 1914 1954 1915
3 1915 1954 1955
3 1915 1955 1916
3 1916 1955 1956
3 1916 1956 1917
3 1917 1956 1957
3 1917 1957 1918
3 1918 1957 1958
3 1918 1958 1919
3 1919 1958 1959
3 1920 1960 1921
3 1921 1960 1961
3 1921 1961 1922
3 1922 1961 1962
3 1922 1962 1923
3 1923 1962 1963
3 1923 1963 1924
3 1924 1963 1964
3 1924 1964 1925
3 1925 1964 1965
3 1925 1965 1926
3 1926 1965 1966
3 1926 1966 1927
3 1927 1966 1967
3 1927 1967 1928
3 1928 1967 1968
3 1928 1968 1929
3 1929 1968 1969
3 1929 1969 1930
3 1930 1969 1970
3 1930 1970 1931
3 1931 1970 1971
3 1931 1971 1932
3 1932 1971 1972
3 1932 1972 1933
3 1933 1972 1973
3 1933 1973 1934
3 1934 1973 1974
3 1934 1974 1935
3 1935 1974 1975
3 1935 1975 1936
3 1936 1975 1976
3 1936 1976 1937
3 1937 1976 1977
3 1937 1977 1938
3 1938 1977 1978
3 1938 1978 1939
3 1939 1978 1979
3 1939 1979 1940
3 1940 1979 1980
3 1940 1980 1941
3 1941 1980 1981
3 1941 1981 1942
3 1942 1981 1982
3 1942 1982 1943
3 1943 1982 1983
3 1943 1983 1944
3 1944 1983 1984
3 1944 1984 1945
3 1945 1984 1985
3 1945 1985 1946
3 1946 1985 1986
3 1946 1986 1947
3 1947 1986 1987
3 1947 1987 1948
3 1948 1987 1988
3 1948 1988 1949
3 1949 1988 1989
3 1949 1989 1950
3 1950 1989 1990
3 1950 1990 1951
3 1951 1990 1991
3 1951 1991 1952
3 1952 1991 1992
3 1952 1992 1953
3 1953 1992 1993
3 1953 1993 1954
3 1954 1993 1994
3 1954 1994 1955
3 1955 1994 1995
3 1955 1995 1956
3 1956 1995 1996
3 1956 1996 1957
3 1957 1996 1997
3 1957 1997 1958
3 1958 1997 1998
3 1958 1998 1959
3 1959 1998 1999
3 1960 2000 1961
3 1961 2000 2001
3 1961 2001 1962
3 1962 2001 2002
3 1962 2002 1963
3 1963 2002 2003
3 1963 2003 1964
3 1964 2003 2004
3 1964 2004 1965
3 1965 2004 2005
3 1965 2005 1966
3 1966 2005 2006
3 1966 2006 1967
3 1967 2006 2007
3 1967 2007 1968
3 1968 2007 2008
3 1968 2008 1969
3 1969 2008 2009
3 1969 2009 1970
3 1970 2009 2010
3 1970 2010 1971
3 1971 2010 2011
3 1971 2011 1972
3 1972 2011 2012
3 1972 2012 1973
3 1973 2012 2013
3 1973 2013 1974
3 1974 2013 2014
3 1974 2014 1975
3 1975 2014 2015
3 1975 2015 1976
3 1976 2015 2016
3 1976 2016 1977
3 1977 2016 2017
3 1977 2017 1978
3 1978 2017 2018
3 1978 2018 1979
3 1979 2018 2019
3 1979 2019 1980
3 1980 2019 2020
3 1980 2020 1981
3 1981 2020 2021
3 1981 2021 1982
3 1982 2021 2022
3 1982 2022 1983
3 1983 2022 2023
3 1983 2023 1984
3 1984 2023 2024
3 1984 2024 1985
3 1985 2024 2025
3 1985 2025 1986
3 1986 2025 2026
3 1986 2026 1987
3 1987 2026 2027
3 1987 2027 1988
3 1988 2027 2028
3 1988 2028 1989
3 1989 2028 2029
3 1989 2029 1990
3 1990 2029 2030
3 1990 2030 1991
3 1991 2030 2031
3 1991 2031 1992
3 1992 2031 2032
3 1992 2032 1993
3 1993 2032 2033
3 1993 2033 1994
3 1994 2033 2034
3 1994 2034 1995
3 1995 2034 2035
3 1995 2035 1996
3 1996 2035 2036
3 1996 2036 1997
3 1997 2036 2037
3 1997 2037 1998
3 1998 2037 2038
3 1998 2038 1999
3 1999 2038 2039
3 2000 2040 2001
3 2001 2040 2041
3 2001 2041 2002
3 2002 2041 2042
3 2002 2042 2003
3 2003 2042 2043
3 2003 2043 2004
3 2004 2043 2044
3 2004 2044 2005
3 2005 2044 2045
3 2005 2045 2006
3 2006 2045 2046
3 2006 2046 2007
3 2007 2046 2047
3 2007 2047 2008
3 2008 2047 2048
3 2008 2048 2009
3 2009 2048 2049
3 2009 2049 2010
3 2010 2049 2050
3 2010 2050 2011
3 2011 2050 2051
3 2011 2051 2012
3 2012 2051 2052
3 2012 2052 2013
3 2013 2052 2053
3 2013 2053 2014
3 2014 2053 2054
3 2014 2054 2015
3 2015 2054 2055
3 2015 2055 2016
3 2016 2055 2056
3 2016 2056 2017
3 2017 2056 2057
3 2017 2057 2018
3 2018 2057 2058
3 2018 2058 2019
3 2019 2058 2059
3 2019 2059 2020
3 2020 2059 2060
3 2020 2060 2021
3 2021 2060 2061
3 2021 2061 2022
3 2022 2061 2062
3 2022 2062 2023
3 2023 2062 2063
3 2023 2063 2024
3 2024 2063 2064
3 2024 2064 2025
3 2025 2064 2065
3 2025 2065 2026
3 2026 2065 2066
3 2026 2066 2027
3 2027 2066 2067
3 2027 2067 2028
3 2028 2067 2068
3 2028 2068 2029
3 2029 2068 2069
3 2029 2069 2030
3 2030 2069 2070
3 2030 2070 2031
3 2031 2070 2071
3 2031 2071 2032
3 2032 2071 2072
3 2032 2072 2033
3 2033 2072 2073
3 2033 2073 2034
3 2034 2073 2074
3 2034 2074 2035
3 2035 2074 2075
3 2035 2075 2036
3 2036 2075 2076
3 2036 2076 2037
3 2037 2076 2077
3 2037 2077 2038
3 2038 2077 2078
3 2038 2078 2039
3 2039 2078 2079
3 2040 2080 2041
3 2041 2080 2081
3 2041 2081 2042
3 2042 2081 2082
3 2042 2082 2043
3 2043 2082 2083
3 2043 2083 2044
3 2044 2083 2084
3 2044 2084 2045
3 2045 2084 2085
3 2045 2085 2046
3 2046 2085 2086
3 2046 2086 2047
3 2047 2086 2087
3 2047 2087 2048
3 2048 2087 2088
3 2048 2088 2049
3 2049 2088 2089
3 2049 2089 2050
3 2050 2089 2090
3 2050 2090 2051
3 2051 2090 2091
3 2051 2091 2052
3 2052 2091 2092
3 2052 2092 2053
3 2053 2092 2093
3 2053 2093 2054
3 2054 2093 2094
3 2054 2094 2055
3 2055 2094 2095
3 2055 2095 2056
3 2056 2095 2096
3 2056 2096 2057
3 2057 2096 2097
3 2057 2097 2058
3 2058 2097 2098
3 2058 2098 2059
3 2059 2098 2099
3 2059 2099 2060
3 2060 2099 2100
3 2060 2100 2061
3 2061 2100 2101
3 2061 2101 2062
3 2062 2101 2102
3 2062 2102 2063
3 2063 2102 2103
3 2063 2103 2064
3 2064 2103 2104
3 2064 2104 2065
3 2065 2104 2105
3 2065 2105 2066
3 2066 2105 2106
3 2066 2106 2067
3 2067 2106 2107
3 2067 2107 2068
3 2068 2107 2108
3 2068 2108 2069
3 2069 2108 2109
3 2069 2109 2070
3 2070 2109 2110
3 2070 2110 2071
3 2071 2110 2111
3 2071 2111 2072
3 2072 2111 2112
3 2072 2112 2073
3 2073 2112 2113
3 2073 2113 2074
3 2074 2113 2114
3 2074 2114 2075
3 2075 2114 2115
3 2075 2115 2076
3 2076 2115 2116
3 2076 2116 2077
3 2077 2116 2117
3 2077 2117 2078
3 2078 2117 2118
3 2078 2118 2079
3 2079 2118 2119
3 2080 2120 2081
3 2081 2120 2121
3 2081 2121 2082
3 2082 2121 2122
3 2082 2122 2083
3 2083 2122 2123
3 2083 2123 2084
3 2084 2123 2124
3 2084 2124 2085
3 2085 2124 2125
3 2085 2125 2086
3 2086 2125 2126
3 2086 2126 2087
3 2087 2126 2127
3 2087 2127 2088
3 2088 2127 2128
3 2088 2128 2089
3 2089 2128 2129
3 2089 2129 2090
3 2090 2129 2130
3 2090 2130 2091
3 2091 2130 2131
3 2091 2131 2092
3 2092 2131 2132
3 2092 2132 2093
3 2093 2132 2133
3 2093 2133 2094
3 2094 2133 2134
3 2094 2134 2095
3 2095 2134 2135
3 2095 2135 2096
3 2096 2135 2136
3 2096 2136 2097
3 2097 2136 2137
3 2097 2137 2098
3 2098 2137 2138
3 2098 2138 2099
3 2099 2138 2139
3 2099 2139 2100
3 2100 2139 2140
3 2100 2140 2101
3 2101 2140 2141
3 2101 2141 2102
3 2102 2141 2142
3 2102 2142 2103
3 2103 2142 2143
3 2103 2143 2104
3 2104 2143 2144
3 2104 2144 2105
3 2105 2144 2145
3 2105 2145 2106
3 2106 2145 2146
3 2106 2146 2107
3 2107 2146 2147
3 2107 2147 2108
3 2108 2147 2148
3 2108 2148 2109
3 2109 2148 2149
3 2109 2149 2110
3 2110 2149 2150
3 2110 2150 2111
3 2111 2150 2151
3 2111 2151 2112
3 2112 2151 2152
3 2112 2152 2113
3 2113 2152 2153
3 2113 2153 2114
3 2114 2153 2154
3 2114 2154 2115
3 2115 2154 2155
3 2115 2155 2116
3 2116 2155 2156
3 2116 2156 2117
3 2117 2156 2157
3 2117 2157 2118
3 2118 2157 2158
3 2118 2158 2119
3 2119 2158 2159
3 2120 2160 2121
3 2121 2160 2161
3 2121 2161 2122
3 2122 2161 2162
3 2122 2162 2123
3 2123 2162 2163
3 2123 2163 2124
3 2124 2163 2164
3 2124 2164 2125
3 2125 2164 2165
3 2125 2165 2126
3 2126 2165 2166
3 2126 2166 2127
3 2127 2166 2167
3 2127 2167 2128
3 2128 2167 2168
3 2128 2168 2129
3 2129 2168 2169
3 2129 2169 2130
3 2130 2169 2170
3 2130 2170 2131
3 2131 2170 2171
3 2131 2171 2132
3 2132 2171 2172
3 2132 2172 2133
3 2133 2172 2173
3 2133 2173 2134
3 2134 2173 2174
3 2134 2174 2135
3 2135 2174 2175
3 2135 2175 2136
3 2136 2175 2176
3 2136 2176 2137
3 2137 2176 2177
3 2137 2177 2138
3 2138 2177 2178
3 2138 2178 2139
3 2139 2178 2179
3 2139 2179 2140
3 2140 2179 2180
3 2140 2180 2141
3 2141 2180 2181
3 2141 2181 2142
3 2142 2181 2182
3 2142 2182 2143
3 2143 2182 2183
3 2143 2183 2144
3 2144 2183 2184
3 2144 2184 2145
3 2145 2184 2185
3 2145 2185 2146
3 2146 2185 2186
3 2146 2186 2147
3 2147 2186 2187
3 2147 2187 2148
3 2148 2187 2188
3 2148 2188 2149
3 2149 2188 2189
3 2149 2189 2150
3 2150 2189 2190
3 2150 2190 2151
3 2151 2190 2191
3 2151 2191 2152
3 2152 2191 2192
3 2152 2192 2153
3 2153 2192 2193
3 2153 2193 2154
3 2154 2193 2194
3 2154 2194 2155
3 2155 2194 2195
3 2155 2195 2156
3 2156 2195 2196
3 2156 2196 2157
3 2157 2196 2197
3 2157 2197 2158
3 2158 2197 2198
3 2158 2198 2159
3 2159 2198 2199
3 2160 2200 2161
3 2161 2200 2201
3 2161 2201 2162
3 2162 2201 2202
3 2162 2202 2163
3 2163 2202 2203
3 2163 2203 2164
3 2164 2203 2204
3 2164 2204 2165
3 2165 2204 2205
3 2165 2205 2166
3 2166 2205 2206
3 2166 2206 2167
3 2167 2206 2207
3 2167 2207 2168
3 2168 2207 2208
3 2168 2208 2169
3 2169 2208 2209
3 2169 2209 2170
3 2170 2209 2210
3 2170 2210 2171
3 2171 2210 2211
3 2171 2211 2172
3 2172 2211 2212
3 2172 2212 2173
3 2173 2212 2213
3 2173 2213 2174
3 2174 2213 2214
3 2174 2214 2175
3 2175 2214 2215
3 2175 2215 2176
3 2176 2215 2216
3 2176 2216 2177
3 2177 2216 2217
3 2177 2217 2178
3 2178 2217 2218
3 2178 2218 2179
3 2179 2218 2219
3 2179 2219 2180
3 2180 2219 2220
3 2180 2220 2181
3 2181 2220 2221
3 2181 2221 2182
3 2182 2221 2222
3 2182 2222 2183
3 2183 2222 2223
3 2183 2223 2184
3 2184 2223 2224
3 2184 2224 2185
3 2185 2224 2225
3 2185 2225 2186
3 2186 2225 2226
3 2186 2226 2187
3 2187 2226 2227
3 2187 2227 2188
3 2188 2227 2228
3 2188 2228 2189
3 2189 2228 2229
3 2189 2229 2190
3 2190 2229 2230
3 2190 2230 2191
3 2191 2230 2231
3 2191 2231 2192
3 2192 2231 2232
3 2192 2232 2193
3 2193 2232 2233
3 2193 2233 2194
3 2194 2233 2234
3 2194 2234 2195
3 2195 2234 2235
3 2195 2235 2196
3 2196 2235 2236
3 2196 2236 2197
3 2197 2236 2237
3 2197 2237 2198
3 2198 2237 2238
3 2198 2238 2199
3 2199 2238 2239
3 2200 2240 2201
3 2201 2240 2241
3 2201 2241 2202
3 2202 2241 2242
3 2202 2242 2203
3 2203 2242 2243
3 2203 2243 2204
3 2204 2243 2244
3 2204 2244 2205
3 2205 2244 2245
3 2205 2245 2206
3 2206 2245 2246
3 2206 2246 2207
3 2207 2246 2247
3 2207 2247 2208
3 2208 2247 2248
3 2208 2248 2209
3 2209 2248 2249
3 2209 2249 2210
3 2210 2249 2250
3 2210 2250 2211
3 2211 2250 2251
3 2211 2251 2212
3 2212 2251 2252
3 2212 2252 2213
3 2213 2252 2253
3 2213 2253 2214
3 2214 2253 2254
3 2214 2254 2215
3 2215 2254 2255
3 2215 2255 2216
3 2216 2255 2256
3 2216 2256 2217
3 2217 2256 2257
3 2217 2257 2218
3 2218 2257 2258
3 2218 2258 2219
3 2219 2258 2259
3 2219 2259 2220
3 2220 2259 2260
3 2220 2260 2221
3 2221 2260 2261
3 2221 2261 2222
3 2222 2261 2262
3 2222 2262 2223
3 2223 2262 2263
3 2223 2263 2224
3 2224 2263 2264
3 2224 2264 2225
3 2225 2264 2265
3 2225 2265 2226
3 2226 2265 2266
3 2226 2266 2227
3 2227 2266 2267
3 2227 2267 2228
3 2228 2267 2268
3 2228 2268 2229
3 2229 2268 2269
3 2229 2269 2230
3 2230 2269 2270
3 2230 2270 2231
3 2231 2270 2271
3 2231 2271 2232
3 2232 2271 2272
3 2232 2272 2233
3 2233 2272 2273
3 2233 2273 2234
3 2234 2273 2274
3 2234 2274 2235
3 2235 2274 2275
3 2235 2275 2236
3 2236 2275 2276
3 2236 2276 2237
3 2237 2276 2277
3 2237 2277 2238
3 2238 2277 2278
3 2238 2278 2239
3 2239 2278 2279
3 2240 2280 2241
3 2241 2280 2281
3 2241 2281 2242
3 2242 2281 2282
3 2242 2282 2243
3 2243 2282 2283
3 2243 2283 2244
3 2244 2283 2284
3 2244 2284 2245
3 2245 2284 2285
3 2245 2285 2246
3 2246 2285 2286
3 2246 2286 2247
3 2247 2286 2287
3 2247 2287 2248
3 2248 2287 2288
3 2248 2288 2249
3 2249 2288 2289
3 2249 2289 2250
3 2250 2289 2290
3 2250 2290 2251
3 2251 2290 2291
3 2251 2291 2252
3 2252 2291 2292
3 2252 2292 2253
3 2253 2292 2293
3 2253 2293 2254
3 2254 2293 2294
3 2254 2294 2255
3 2255 2294 2295
3 2255 2295 2256
3 2256 2295 2296
3 2256 2296 2257
3 2257 2296 2297
3 2257 2297 2258
3 2258 2297 2298
3 2258 2298 2259
3 2259 2298 2299
3 2259 2299 2260
3 2260 2299 2300
3 2260 2300 2261
3 2261 2300 2301
3 2261 2301 2262
3 2262 2301 2302
3 2262 2302 2263
3 2263 2302 2303
3 2263 2303 2264
3 2264 2303 2304
3 2264 2304 2265
3 2265 2304 2305
3 2265 2305 2266
3 2266 2305 2306
3 2266 2306 2267
3 2267 2306 2307
3 2267 2307 2268
3 2268 2307 2308
3 2268 2308 2269
3 2269 2308 2309
3 2269 2309 2270
3 2270 2309 2310
3 2270 2310 2271
3 2271 2310 2311
3 2271 2311 2272
3 2272 2311 2312
3 2272 2312 2273
3 2273 2312 2313
3 2273 2313 2274
3 2274 2313 2314
3 2274 2314 2275
3 2275 2314 2315
3 2275 2315 2276
3 2276 2315 2316
3 2276 2316 2277
3 2277 2316 2317
3 2277 2317 2278
3 2278 2317 2318
3 2278 2318 2279
3 2279 2318 2319
3 2280 2320 2281
3 2281 2320 2321
3 2281 2321 2282
3 2282 2321 2322
3 2282 2322 2283
3 2283 2322 2323
3 2283 2323 2284
3 2284 2323 2324
3 2284 2324 2285
3 2285 2324 2325
3 2285 2325 2286
3 2286 2325 2326
3 2286 2326 2287
3 2287 2326 2327
3 2287 2327 2288
3 2288 2327 2328
3 2288 2328 2289
3 2289 2328 2329
3 2289 2329 2290
3 2290 2329 2330
3 2290 2330 2291
3 2291 2330 2331
3 2291 2331 2292
3 2292 2331 2332
3 2292 2332 2293
3 2293 2332 2333
3 2293 2333 2294
3 2294 2333 2334
3 2294 2334 2295
3 2295 2334 2335
3 2295 2335 2296
3 2296 2335 2336
3 2296 2336 2297
3 2297 2336 2337
3 2297 2337 2298
3 2298 2337 2338
3 2298 2338 2299
3 2299 2338 2339
3 2299 2339 2300
3 2300 2339 2340
3 2300 2340 2301
3 2301 2340 2341
3 2301 2341 2302
3 2302 2341 2342
3 2302 2342 2303
3 2303 2342 2343
3 2303 2343 2304
3 2304 2343 2344
3 2304 2344 2305
3 2305 2344 2345
3 2305 2345 2306
3 2306 2345 2346
3 2306 2346 2307
3 2307 2346 2347
3 2307 2347 2308
3 2308 2347 2348
3 2308 2348 2309
3 2309 2348 2349
3 2309 2349 2310
3 2310 2349 2350
3 2310 2350 2311
3 2311 2350 2351
3 2311 2351 2312
3 2312 2351 2352
3 2312 2352 2313
3 2313 2352 2353
3 2313 2353 2314
3 2314 2353 2354
3 2314 2354 2315
3 2315 2354 2355
3 2315 2355 2316
3 2316 2355 2356
3 2316 2356 2317
3 2317 2356 2357
3 2317 2357 2318
3 2318 2357 2358
3 2318 2358 2319
3 2319 2358 2359
3 2320 2360 2321
3 2321 2360 2361
3 2321 2361 2322
3 2322 2361 2362
3 2322 2362 2323
3 2323 2362 2363
3 2323 2363 2324
3 2324 2363 2364
3 2324 2364 2325
3 2325 2364 2365
3 2325 2365 2326
3 2326 2365 2366
3 2326 2366 2327
3 2327 2366 2367
3 2327 2367 2328
3 2328 2367 2368
3 2328 2368 2329
3 2329 2368 2369
3 2329 2369 2330
3 2330 2369 2370
3 2330 2370 2331
3 2331 2370 2371
3 2331 2371 2332
3 2332 2371 2372
3 2332 2372 2333
3 2333 2372 2373
3 2333 2373 2334
3 2334 2373 2374
3 2334 2374 2335
3 2335 2374 2375
3 2335 2375 2336
3 2336 2375 2376
3 2336 2376 2337
3 2337 2376 2377
3 2337 2377 2338
3 2338 2377 2378
3 2338 2378 2339
3 2339 2378 2379
3 2339 2379 2340
3 2340 2379 2380
3 2340 2380 2341
3 2341 2380 2381
3 2341 2381 2342
3 2342 2381 2382
3 2342 2382 2343
3 2343 2382 2383
3 2343 2383 2344
3 2344 2383 2384
3 2344 2384 2345
3 2345 2384 2385
3 2345 2385 2346
3 2346 2385 2386
3 2346 2386 2347
3 2347 2386 2387
3 2347 2387 2348
3 2348 2387 2388
3 2348 2388 2349
3 2349 2388 2389
3 2349 2389 2350
3 2350 2389 2390
3 2350 2390 2351
3 2351 2390 2391
3 2351 2391 2352
3 2352 2391 2392
3 2352 2392 2353
3 2353 2392 2393
3 2353 2393 2354
3 2354 2393 2394
3 2354 2394 2355
3 2355 2394 2395
3 2355 2395 2356
3 2356 2395 2396
3 2356 2396 2357
3 2357 2396 2397
3 2357 2397 2358
3 2358 2397 2398
3 2358 2398 2359
3 2359 2398 2399
3 2360 2400 2361
3 2361 2400 2401
3 2361 2401 2362
3 2362 2401 2402
3 2362 2402 2363
3 2363 2402 2403
3 2363 2403 2364
3 2364 2403 2404
3 2364 2404 2365
3 2365 2404 2405
3 2365 2405 2366
3 2366 2405 2406
3 2366 2406 2367
3 2367 2406 2407
3 2367 2407 2368
3 2368 2407 2408
3 2368 2408 2369
3 2369 2408 2409
3 2369 2409 2370
3 2370 2409 2410
3 2370 2410 2371
3 2371 2410 2411
3 2371 2411 2372
3 2372 2411 2412
3 2372 2412 2373
3 2373 2412 2413
3 2373 2413 2374
3 2374 2413 2414
3 2374 2414 2375
3 2375 2414 2415
3 2375 2415 2376
3 2376 2415 2416
3 2376 2416 2377
3 2377 2416 2417
3 2377 2417 2378
3 2378 2417 2418
3 2378 2418 2379
3 2379 2418 2419
3 2379 2419 2380
3 2380 2419 2420
3 2380 2420 2381
3 2381 2420 2421
3 2381 2421 2382
3 2382 2421 2422
3 2382 2422 2383
3 2383 2422 2423
3 2383 2423 2384
3 2384 2423 2424
3 2384 2424 2385
3 2385 2424 2425
3 2385 2425 2386
3 2386 2425 2426
3 2386 2426 2387
3 2387 2426 2427
3 2387 2427 2388
3 2388 2427 2428
3 2388 2428 2389
3 2389 2428 2429
3 2389 2429 2390
3 2390 2429 2430
3 2390 2430 2391
3 2391 2430 2431
3 2391 2431 2392
3 2392 2431 2432
3 2392 2432 2393
3 2393 2432 2433
3 2393 2433 2394
3 2394 2433 2434
3 2394 2434 2395
3 2395 2434 2435
3 2395 2435 2396
3 2396 2435 2436
3 2396 2436 2397
3 2397 2436 2437
3 2397 2437 2398
3 2398 2437 2438
3 2398 2438 2399
3 2399 2438 2439
3 2400 2440 2401
3 2401 2440 2441
3 2401 2441 2402
3 2402 2441 2442
3 2402 2442 2403
3 2403 2442 2443
3 2403 2443 2404
3 2404 2443 2444
3 2404 2444 2405
3 2405 2444 2445
3 2405 2445 2406
3 2406 2445 2446
3 2406 2446 2407
3 2407 2446 2447
3 2407 2447 2408
3 2408 2447 2448
3 2408 2448 2409
3 2409 2448 2449
3 2409 2449 2410
3 2410 2449 2450
3 2410 2450 2411
3 2411 2450 2451
3 2411 2451 2412
3 2412 2451 2452
3 2412 2452 2413
3 2413 2452 2453
3 2413 2453 2414
3 2414 2453 2454
3 2414 2454 2415
3 2415 2454 2455
3 2415 2455 2416
3 2416 2455 2456
3 2416 2456 2417
3 2417 2456 2457
3 2417 2457 2418
3 2418 2457 2458
3 2418 2458 2419
3 2419 2458 2459
3 2419 2459 2420
3 2420 2459 2460
3 2420 2460 2421
3 2421 2460 2461
3 2421 2461 2422
3 2422 2461 2462
3 2422 2462 2423
3 2423 2462 2463
3 2423 2463 2424
3 2424 2463 2464
3 2424 2464 2425
3 2425 2464 2465
3 2425 2465 2426
3 2426 2465 2466
3 2426 2466 2427
3 2427 2466 2467
3 2427 2467 2428
3 2428 2467 2468
3 2428 2468 2429
3 2429 2468 2469
3 2429 2469 2430
3 2430 2469 2470
3 2430 2470 2431
3 2431 2470 2471
3 2431 2471 2432
3 2432 2471 2472
3 2432 2472 2433
3 2433 2472 2473
3 2433 2473 2434
3 2434 2473 2474
3 2434 2474 2435
3 2435 2474 2475
3 2435 2475 2436
3 2436 2475 2476
3 2436 2476 2437
3 2437 2476 2477
3 2437 2477 2438
3 2438 2477 2478
3 2438 2478 2439
3 2439 2478 2479
3 2440 2480 2441
3 2441 2480 2481
3 2441 2481 2442
3 2442 2481 2482
3 2442 2482 2443
3 2443 2482 2483
3 2443 2483 2444
3 2444 2483 2484
3 2444 2484 2445
3 2445 2484 2485
3 2445 2485 2446
3 2446 2485 2486
3 2446 2486 2447
3 2447 2486 2487
3 2447 2487 2448
3 2448 2487 2488
3 2448 2488 2449
3 2449 2488 2489
3 2449 2489 2450
3 2450 2489 2490
3 2450 2490 2451
3 2451 2490 2491
3 2451 2491 2452
3 2452 2491 2492
3 2452 2492 2453
3 2453 2492 2493
3 2453 2493 2454
3 2454 2493 2494
3 2454 2494 2455
3 2455 2494 2495
3 2455 2495 2456
3 2456 2495 2496
3 2456 2496 2457
3 2457 2496 2497
3 2457 2497 2458
3 2458 2497 2498
3 2458 2498 2459
3 2459 2498 2499
3 2459 2499 2460
3 2460 2499 2500
3 2460 2500 2461
3 2461 2500 2501
3 2461 2501 2462
3 2462 2501 2502
3 2462 2502 2463
3 2463 2502 2503
3 2463 2503 2464
3 2464 2503 2504
3 2464 2504 2465
3 2465 2504 2505
3 2465 2505 2466
3 2466 2505 2506
3 2466 2506 2467
3 2467 2506 2507
3 2467 2507 2468
3 2468 2507 2508
3 2468 2508 2469
3 2469 2508 2509
3 2469 2509 2470
3 2470 2509 2510
3 2470 2510 2471
3 2471 2510 2511
3 2471 2511 2472
3 2472 2511 2512
3 2472 2512 2473
3 2473 2512 2513
3 2473 2513 2474
3 2474 2513 2514
3 2474 2514 2475
3 2475 2514 2515
3 2475 2515 2476
3 2476 2515 2516
3 2476 2516 2477
3 2477 2516 2517
3 2477 2517 2478
3 2478 2517 2518
3 2478 2518 2479
3 2479 2518 2519
3 2480 2520 2481
3 2481 2520 2521
3 2481 2521 2482
3 2482 2521 2522
3 2482 2522 2483
3 2483 2522 2523
3 2483 2523 2484
3 2484 2523 2524
3 2484 2524 2485
3 2485 2524 2525
3 2485 2525 2486
3 2486 2525 2526
3 2486 2526 2487
3 2487 2526 2527
3 2487 2527 2488
3 2488 2527 2528
3 2488 2528 2489
3 2489 2528 2529
3 2489 2529 2490
3 2490 2529 2530
3 2490 2530 2491
3 2491 2530 2531
3 2491 2531 2492
3 2492 2531 2532
3 2492 2532 2493
3 2493 2532 2533
3 2493 2533 2494
3 2494 2533 2534
3 2494 2534 2495
3 2495 2534 2535
3 2495 2535 2496
3 2496 2535 2536
3 2496 2536 2497
3 2497 2536 2537
3 2497 2537 2498
3 2498 2537 2538
3 2498 2538 2499
3 2499 2538 2539
3 2499 2539 2500
3 2500 2539 2540
3 2500 2540 2501
3 2501 2540 2541
3 2501 2541 2502
3 2502 2541 2542
3 2502 2542 2503
3 2503 2542 2543
3 2503 2543 2504
3 2504 2543 2544
3 2504 2544 2505
3 2505 2544 2545
3 2505 2545 2506
3 2506 2545 2546
3 2506 2546 2507
3 2507 2546 2547
3 2507 2547 2508
3 2508 2547 2548
3 2508 2548 2509
3 2509 2548 2549
3 2509 2549 2510
3 2510 2549 2550
3 2510 2550 2511
3 2511 2550 2551
3 2511 2551 2512
3 2512 2551 2552
3 2512 2552 2513
3 2513 2552 2553
3 2513 2553 2514
3 2514 2553 2554
3 2514 2554 2515
3 2515 2554 2555
3 2515 2555 2516
3 2516 2555 2556
3 2516 2556 2517
3 2517 2556 2557
3 2517 2557 2518
3 2518 2557 2558
3 2518 2558 2519
3 2519 2558 2559
3 2520 2560 2521
3 2521 2560 2561
3 2521 2561 2522
3 2522 2561 2562
3 2522 2562 2523
3 2523 2562 2563
3 2523 2563 2524
3 2524 2563 2564
3 2524 2564 2525
3 2525 2564 2565
3 2525 2565 2526
3 2526 2565 2566
3 2526 2566 2527
3 2527 2566 2567
3 2527 2567 2528
3 2528 2567 2568
3 2528 2568 2529
3 2529 2568 2569
3 2529 2569 2530
3 2530 2569 2570
3 2530 2570 2531
3 2531 2570 2571
3 2531 2571 2532
3 2532 2571 2572
3 2532 2572 2533
3 2533 2572 2573
3 2533 2573 2534
3 2534 2573 2574
3 2534 2574 2535
3 2535 2574 2575
3 2535 2575 2536
3 2536 2575 2576
3 2536 2576 2537
3 2537 2576 2577
3 2537 2577 2538
3 2538 2577 2578
3 2538 2578 2539
3 2539 2578 2579
3 2539 2579 2540
3 2540 2579 2580
3 2540 2580 2541
3 2541 2580 2581
3 2541 2581 2542
3 2542 2581 2582
3 2542 2582 2543
3 2543 2582 2583
3 2543 2583 2544
3 2544 2583 2584
3 2544 2584 2545
3 2545 2584 2585
3 2545 2585 2546
3 2546 2585 2586
3 2546 2586 2547
3 2547 2586 2587
3 2547 2587 2548
3 2548 2587 2588
3 2548 2588 2549
3 2549 2588 2589
3 2549 2589 2550
3 2550 2589 2590
3 2550 2590 2551
3 2551 2590 2591
3 2551 2591 2552
3 2552 2591 2592
3 2552 2592 2553
3 2553 2592 2593
3 2553 2593 2554
3 2554 2593 2594
3 2554 2594 2555
3 2555 2594 2595
3 2555 2595 2556
3 2556 2595 2596
3 2556 2596 2557
3 2557 2596 2597
3 2557 2597 2558
3 2558 2597 2598
3 2558 2598 2559
3 2559 2598 2599
3 2560 2600 2561
3 2561 2600 2601
3 2561 2601 2562
3 2562 2601 2602
3 2562 2602 2563
3 2563 2602 2603
3 2563 2603 2564
3 2564 2603 2604
3 2564 2604 2565
3 2565 2604 2605
3 2565 2605 2566
3 2566 2605 2606
3 2566 2606 2567
3 2567 2606 2607
3 2567 2607 2568
3 2568 2607 2608
3 2568 2608 2569
3 2569 2608 2609
3 2569 2609 2570
3 2570 2609 2610
3 2570 2610 2571
3 2571 2610 2611
3 2571 2611 2572
3 2572 2611 2612
3 2572 2612 2573
3 2573 2612 2613
3 2573 2613 2574
3 2574 2613 2614
3 2574 2614 2575
3 2575 2614 2615
3 2575 2615 2576
3 2576 2615 2616
3 2576 2616 2577
3 2577 2616 2617
3 2577 2617 2578
3 2578 2617 2618
3 2578 2618 2579
3 2579 2618 2619
3 2579 2619 2580
3 2580 2619 2620
3 2580 2620 2581
3 2581 2620 2621
3 2581 2621 2582
3 2582 2621 2622
3 2582 2622 2583
3 2583 2622 2623
3 2583 2623 2584
3 2584 2623 2624
3 2584 2624 2585
3 2585 2624 2625
3 2585 2625 2586
3 2586 2625 2626
3 2586 2626 2587
3 2587 2626 2627
3 2587 2627 2588
3 2588 2627 2628
3 2588 2628 2589
3 2589 2628 2629
3 2589 2629 2590
3 2590 2629 2630
3 2590 2630 2591
3 2591 2630 2631
3 2591 2631 2592
3 2592 2631 2632
3 2592 2632 2593
3 2593 2632 2633
3 2593 2633 2594
3 2594 2633 2634
3 2594 2634 2595
3 2595 2634 2635
3 2595 2635 2596
3 2596 2635 2636
3 2596 2636 2597
3 2597 2636 2637
3 2597 2637 2598
3 2598 2637 2638
3 2598 2638 2599
3 2599 2638 2639
3 2600 2640 2601
3 2601 2640 2641
3 2601 2641 2602
3 2602 2641 2642
3 2602 2642 2603
3 2603 2642 2643
3 2603 2643 2604
3 2604 2643 2644
3 2604 2644 2605
3 2605 2644 2645
3 2605 2645 2606
3 2606 2645 2646
3 2606 2646 2607
3 2607 2646 2647
3 2607 2647 2608
3 2608 2647 2648
3 2608 2648 2609
3 2609 2648 2649
3 2609 2649 2610
3 2610 2649 2650
3 2610 2650 2611
3 2611 2650 2651
3 2611 2651 2612
3 2612 2651 2652
3 2612 2652 2613
3 2613 2652 2653
3 2613 2653 2614
3 2614 2653 2654
3 2614 2654 2615
3 2615 2654 2655
3 2615 2655 2616
3 2616 2655 2656
3 2616 2656 2617
3 2617 2656 2657
3 2617 2657 2618
3 2618 2657 2658
3 2618 2658 2619
3 2619 2658 2659
3 2619 2659 2620
3 2620 2659 2660
3 2620 2660 2621
3 2621 2660 2661
3 2621 2661 2622
3 2622 2661 2662
3 2622 2662 2623
3 2623 2662 2663
3 2623 2663 2624
3 2624 2663 2664
3 2624 2664 2625
3 2625 2664 2665
3 2625 2665 2626
3 2626 2665 2666
3 2626 2666 2627
3 2627 2666 2667
3 2627 2667 2628
3 2628 2667 2668
3 2628 2668 2629
3 2629 2668 2669
3 2629 2669 2630
3 2630 2669 2670
3 2630 2670 2631
3 2631 2670 2671
3 2631 2671 2632
3 2632 2671 2672
3 2632 2672 2633
3 2633 2672 2673
3 2633 2673 2634
3 2634 2673 2674
3 2634 2674 2635
3 2635 2674 2675
3 2635 2675 2636
3 2636 2675 2676
3 2636 2676 2637
3 2637 2676 2677
3 2637 2677 2638
3 2638 2677 2678
3 2638 2678 2639
3 2639 2678 2679
3 2640 2680 2641
3 2641 2680 2681
3 2641 2681 2642
3 2642 2681 2682
3 2642 2682 2643
3 2643 2682 2683
3 2643 2683 2644
3 2644 2683 2684
3 2644 2684 2645
3 2645 2684 2685
3 2645 2685 2646
3 2646 2685 2686
3 2646 2686 2647
3 2647 2686 2687
3 2647 2687 2648
3 2648 2687 2688
3 2648 2688 2649
3 2649 2688 2689
3 2649 2689 2650
3 2650 2689 2690
3 2650 2690 2651
3 2651 2690 2691
3 2651 2691 2652
3 2652 2691 2692
3 2652 2692 2653
3 2653 2692 2693
3 2653 2693 2654
3 2654 2693 2694
3 2654 2694 2655
3 2655 2694 2695
3 2655 2695 2656
3 2656 2695 2696
3 2656 2696 2657
3 2657 2696 2697
3 2657 2697 2658
3 2658 2697 2698
3 2658 2698 2659
3 2659 2698 2699
3 2659 2699 2660
3 2660 2699 2700
3 2660 2700 2661
3 2661 2700 2701
3 2661 2701 2662
3 2662 2701 2702
3 2662 2702 2663
3 2663 2702 2703
3 2663 2703 2664
3 2664 2703 2704
3 2664 2704 2665
3 2665 2704 2705
3 2665 2705 2666
3 2666 2705 2706
3 2666 2706 2667
3 2667 2706 2707
3 2667 2707 2668
3 2668 2707 2708
3 2668 2708 2669
3 2669 2708 2709
3 2669 2709 2670
3 2670 2709 2710
3 2670 2710 2671
3 2671 2710 2711
3 2671 2711 2672
3 2672 2711 2712
3 2672 2712 2673
3 2673 2712 2713
3 2673 2713 2674
3 2674 2713 2714
3 2674 2714 2675
3 2675 2714 2715
3 2675 2715 2676
3 2676 2715 2716
3 2676 2716 2677
3 2677 2716 2717
3 2677 2717 2678
3 2678 2717 2718
3 2678 2718 2679
3 2679 2718 2719
3 2680 2720 2681
3 2681 2720 2721
3 2681 2721 2682
3 2682 2721 2722
3 2682 2722 2683
3 2683 2722 2723
3 2683 2723 2684
3 2684 2723 2724
3 2684 2724 2685
3 2685 2724 2725
3 2685 2725 2686
3 2686 2725 2726
3 2686 2726 2687
3 2687 2726 2727
3 2687 2727 2688
3 2688 2727 2728
3 2688 2728 2689
3 2689 2728 2729
3 2689 2729 2690
3 2690 2729 2730
3 2690 2730 2691
3 2691 2730 2731
3 2691 2731 2692
3 2692 2731 2732
3 2692 2732 2693
3 2693 2732 2733
3 2693 2733 2694
3 2694 2733 2734
3 2694 2734 2695
3 2695 2734 2735
3 2695 2735 2696
3 2696 2735 2736
3 2696 2736 2697
3 2697 2736 2737
3 2697 2737 2698
3 2698 2737 2738
3 2698 2738 2699
3 2699 2738 2739
3 2699 2739 2700
3 2700 2739 2740
3 2700 2740 2701
3 2701 2740 2741
3 2701 2741 2702
3 2702 2741 2742
3 2702 2742 2703
3 2703 2742 2743
3 2703 2743 2704
3 2704 2743 2744
3 2704 2744 2705
3 2705 2744 2745
3 2705 2745 2706
3 2706 2745 2746
3 2706 2746 2707
3 2707 2746 2747
3 2707 2747 2708
3 2708 2747 2748
3 2708 2748 2709
3 2709 2748 2749
3 2709 2749 2710
3 2710 2749 2750
3 2710 2750 2711
3 2711 2750 2751
3 2711 2751 2712
3 2712 2751 2752
3 2712 2752 2713
3 2713 2752 2753
3 2713 2753 2714
3 2714 2753 2754
3 2714 2754 2715
3 2715 2754 2755
3 2715 2755 2716
3 2716 2755 2756
3 2716 2756 2717
3 2717 2756 2757
3 2717 2757 2718
3 2718 2757 2758
3 2718 2758 2719
3 2719 2758 2759
3 2720 2760 2721
3 2721 2760 2761
3 2721 2761 2722
3 2722 2761 2762
3 2722 2762 2723
3 2723 2762 2763
3 2723 2763 2724
3 2724 2763 2764
3 2724 2764 2725
3 2725 2764 2765
3 2725 2765 2726
3 2726 2765 2766
3 2726 2766 2727
3 2727 2766 2767
3 2727 2767 2728
3 2728 2767 2768
3 2728 2768 2729
3 2729 2768 2769
3 2729 2769 2730
3 2730 2769 2770
3 2730 2770 2731
3 2731 2770 2771
3 2731 2771 2732
3 2732 2771 2772
3 2732 2772 2733
3 2733 2772 2773
3 2733 2773 2734
3 2734 2773 2774
3 2734 2774 2735
3 2735 2774 2775
3 2735 2775 2736
3 2736 2775 2776
3 2736 2776 2737
3 2737 2776 2777
3 2737 2777 2738
3 2738 2777 2778
3 2738 2778 2739
3 2739 2778 2779
3 2739 2779 2740
3 2740 2779 2780
3 2740 2780 2741
3 2741 2780 2781
3 2741 2781 2742
3 2742 2781 2782
3 2742 2782 2743
3 2743 2782 2783
3 2743 2783 2744
3 2744 2783 2784
3 2744 2784 2745
3 2745 2784 2785
3 2745 2785 2746
3 2746 2785 2786
3 2746 2786 2747
3 2747 2786 2787
3 2747 2787 2748
3 2748 2787 2788
3 2748 2788 2749
3 2749 2788 2789
3 2749 2789 2750
3 2750 2789 2790
3 2750 2790 2751
3 2751 2790 2791
3 2751 2791 2752
3 2752 2791 2792
3 2752 2792 2753
3 2753 2792 2793
3 2753 2793 2754
3 2754 2793 2794
3 2754 2794 2755
3 2755 2794 2795
3 2755 2795 2756
3 2756 2795 2796
3 2756 2796 2757
3 2757 2796 2797
3 2757 2797 2758
3 2758 2797 2798
3 2758 2798 2759
3 2759 2798 2799
3 2760 2800 2761
3 2761 2800 2801
3 2761 2801 2762
3 2762 2801 2802
3 2762 2802 2763
3 2763 2802 2803
3 2763 2803 2764
3 2764 2803 2804
3 2764 2804 2765
3 2765 2804 2805
3 2765 2805 2766
3 2766 2805 2806
3 2766 2806 2767
3 2767 2806 2807
3 2767 2807 2768
3 2768 2807 2808
3 2768 2808 2769
3 2769 2808 2809
3 2769 2809 2770
3 2770 2809 2810
3 2770 2810 2771
3 2771 2810 2811
3 2771 2811 2772
3 2772 2811 2812
3 2772 2812 2773
3 2773 2812 2813
3 2773 2813 2774
3 2774 2813 2814
3 2774 2814 2775
3 2775 2814 2815
3 2775 2815 2776
3 2776 2815 2816
3 2776 2816 2777
3 2777 2816 2817
3 2777 2817 2778
3 2778 2817 2818
3 2778 2818 2779
3 2779 2818 2819
3 2779 2819 2780
3 2780 2819 2820
3 2780 2820 2781
3 2781 2820 2821
3 2781 2821 2782
3 2782 2821 2822
3 2782 2822 2783
3 2783 2822 2823
3 2783 2823 2784
3 2784 2823 2824
3 2784 2824 2785
3 2785 2824 2825
3 2785 2825 2786
3 2786 2825 2826
3 2786 2826 2787
3 2787 2826 2827
3 2787 2827 2788
3 2788 2827 2828
3 2788 2828 2789
3 2789 2828 2829
3 2789 2829 2790
3 2790 2829 2830
3 2790 2830 2791
3 2791 2830 2831
3 2791 2831 2792
3 2792 2831 2832
3 2792 2832 2793
3 2793 2832 2833
3 2793 2833 2794
3 2794 2833 2834
3 2794 2834 2795
3 2795 2834 2835
3 2795 2835 2796
3 2796 2835 2836
3 2796 2836 2797
3 2797 2836 2837
3 2797 2837 2798
3 2798 2837 2838
3 2798 2838 2799
3 2799 2838 2839
3 2800 2840 2801
3 2801 2840 2841
3 2801 2841 2802
3 2802 2841 2842
3 2802 2842 2803
3 2803 2842 2843
3 2803 2843 2804
3 2804 2843 2844
3 2804 2844 2805
3 2805 2844 2845
3 2805 2845 2806
3 2806 2845 2846
3 2806 2846 2807
3 2807 2846 2847
3 2807 2847 2808
3 2808 2847 2848
3 2808 2848 2809
3 2809 2848 2849
3 2809 2849 2810
3 2810 2849 2850
3 2810 2850 2811
3 2811 2850 2851
3 2811 2851 2812
3 2812 2851 2852
3 2812 2852 2813
3 2813 2852 2853
3 2813 2853 2814
3 2814 2853 2854
3 2814 2854 2815
3 2815 2854 2855
3 2815 2855 2816
3 2816 2855 2856
3 2816 2856 2817
3 2817 2856 2857
3 2817 2857 2818
3 2818 2857 2858
3 2818 2858 2819
3 2819 2858 2859
3 2819 2859 2820
3 2820 2859 2860
3 2820 2860 2821
3 2821 2860 2861
3 2821 2861 2822
3 2822 2861 2862
3 2822 2862 2823
3 2823 2862 2863
3 2823 2863 2824
3 2824 2863 2864
3 2824 2864 2825
3 2825 2864 2865
3 2825 2865 2826
3 2826 2865 2866
3 2826 2866 2827
3 2827 2866 2867
3 2827 2867 2828
3 2828 2867 2868
3 2828 2868 2829
3 2829 2868 2869
3 2829 2869 2830
3 2830 2869 2870
3 2830 2870 2831
3 2831 2870 2871
3 2831 2871 2832
3 2832 2871 2872
3 2832 2872 2833
3 2833 2872 2873
3 2833 2873 2834
3 2834 2873 2874
3 2834 2874 2835
3 2835 2874 2875
3 2835 2875 2836
3 2836 2875 2876
3 2836 2876 2837
3 2837 2876 2877
3 2837 2877 2838
3 2838 2877 2878
3 2838 2878 2839
3 2839 2878 2879
3 2840 2880 2841
3 2841 2880 2881
3 2841 2881 2842
3 2842 2881 2882
3 2842 2882 2843
3 2843 2882 2883
3 2843 2883 2844
3 2844 2883 2884
3 2844 2884 2845
3 2845 2884 2885
3 2845 2885 2846
3 2846 2885 2886
3 2846 2886 2847
3 2847 2886 2887
3 2847 2887 2848
3 2848 2887 2888
3 2848 2888 2849
3 2849 2888 2889
3 2849 2889 2850
3 2850 2889 2890
3 2850 2890 2851
3 2851 2890 2891
3 2851 2891 2852
3 2852 2891 2892
3 2852 2892 2853
3 2853 2892 2893
3 2853 2893 2854
3 2854 2893 2894
3 2854 2894 2855
3 2855 2894 2895
3 2855 2895 2856
3 2856 2895 2896
3 2856 2896 2857
3 2857 2896 2897
3 2857 2897 2858
3 2858 2897 2898
3 2858 2898 2859
3 2859 2898 2899
3 2859 2899 2860
3 2860 2899 2900
3 2860 2900 2861
3 2861 2900 2901
3 2861 2901 2862
3 2862 2901 2902
3 2862 2902 2863
3 2863 2902 2903
3 2863 2903 2864
3 2864 2903 2904
3 2864 2904 2865
3 2865 2904 2905
3 2865 2905 2866
3 2866 2905 2906
3 2866 2906 2867
3 2867 2906 2907
3 2867 2907 2868
3 2868 2907 2908
3 2868 2908 2869
3 2869 2908 2909
3 2869 2909 2870
3 2870 2909 2910
3 2870 2910 2871
3 2871 2910 2911
3 2871 2911 2872
3 2872 2911 2912
3 2872 2912 2873
3 2873 2912 2913
3 2873 2913 2874
3 2874 2913 2914
3 2874 2914 2875
3 2875 2914 2915
3 2875 2915 2876
3 2876 2915 2916
3 2876 2916 2877
3 2877 2916 2917
3 2877 2917 2878
3 2878 2917 2918
3 2878 2918 2879
3 2879 2918 2919
3 2880 2920 2881
3 2881 2920 2921
3 2881 2921 2882
3 2882 2921 2922
3 2882 2922 2883
3 2883 2922 2923
3 2883 2923 2884
3 2884 2923 2924
3 2884 2924 2885
3 2885 2924 2925
3 2885 2925 2886
3 2886 2925 2926
3 2886 2926 2887
3 2887 2926 2927
3 2887 2927 2888
3 2888 2927 2928
3 2888 2928 2889
3 2889 2928 2929
3 2889 2929 2890
3 2890 2929 2930
3 2890 2930 2891
3 2891 2930 2931
3 2891 2931 2892
3 2892 2931 2932
3 2892 2932 2893
3 2893 2932 2933
3 2893 2933 2894
3 2894 2933 2934
3 2894 2934 2895
3 2895 2934 2935
3 2895 2935 2896
3 2896 2935 2936
3 2896 2936 2897
3 2897 2936 2937
3 2897 2937 2898
3 2898 2937 2938
3 2898 2938 2899
3 2899 2938 2939
3 2899 2939 2900
3 2900 2939 2940
3 2900 2940 2901
3 2901 2940 2941
3 2901 2941 2902
3 2902 2941 2942
3 2902 2942 2903
3 2903 2942 2943
3 2903 2943 2904
3 2904 2943 2944
3 2904 2944 2905
3 2905 2944 2945
3 2905 2945 2906
3 2906 2945 2946
3 2906 2946 2907
3 2907 2946 2947
3 2907 2947 2908
3 2908 2947 2948
3 2908 2948 2909
3 2909 2948 2949
3 2909 2949 2910
3 2910 2949 2950
3 2910 2950 2911
3 2911 2950 2951
3 2911 2951 2912
3 2912 2951 2952
3 2912 2952 2913
3 2913 2952 2953
3 2913 2953 2914
3 2914 2953 2954
3 2914 2954 2915
3 2915 2954 2955
3 2915 2955 2916
3 2916 2955 2956
3 2916 2956 2917
3 2917 2956 2957
3 2917 2957 2918
3 2918 2957 2958
3 2918 2958 2919
3 2919 2958 2959
3 2920 2960 2921
3 2921 2960 2961
3 2921 2961 2922
3 2922 2961 2962
3 2922 2962 2923
3 2923 2962 2963
3 2923 2963 2924
3 2924 2963 2964
3 2924 2964 2925
3 2925 2964 2965
3 2925 2965 2926
3 2926 2965 2966
3 2926 2966 2927
3 2927 2966 2967
3 2927 2967 2928
3 2928 2967 2968
3 2928 2968 2929
3 2929 2968 2969
3 2929 2969 2930
3 2930 2969 2970
3 2930 2970 2931
3 2931 2970 2971
3 2931 2971 2932
3 2932 2971 2972
3 2932 2972 2933
3 2933 2972 2973
3 2933 2973 2934
3 2934 2973 2974
3 2934 2974 2935
3 2935 2974 2975
3 2935 2975 2936
3 2936 2975 2976
3 2936 2976 2937
3 2937 2976 2977
3 2937 2977 2938
3 2938 2977 2978
3 2938 2978 2939
3 2939 2978 2979
3 2939 2979 2940
3 2940 2979 2980
3 2940 2980 2941
3 2941 2980 2981
3 2941 2981 2942
3 2942 2981 2982
3 2942 2982 2943
3 2943 2982 2983
3 2943 2983 2944
3 2944 2983 2984
3 2944 2984 2945
3 2945 2984 2985
3 2945 2985 2946
3 2946 2985 2986
3 2946 2986 2947
3 2947 2986 2987
3 2947 2987 2948
3 2948 2987 2988
3 2948 2988 2949
3 2949 2988 2989
3 2949 2989 2950
3 2950 2989 2990
3 2950 2990 2951
3 2951 2990 2991
3 2951 2991 2952
3 2952 2991 2992
3 2952 2992 2953
3 2953 2992 2993
3 2953 2993 2954
3 2954 2993 2994
3 2954 2994 2955
3 2955 2994 2995
3 2955 2995 2956
3 2956 2995 2996
3 2956 2996 2957
3 2957 2996 2997
3 2957 2997 2958
3 2958 2997 2998
3 2958 2998 2959
3 2959 2998 2999
3 2960 3000 2961
3 2961 3000 3001
3 2961 3001 2962
3 2962 3001 3002
3 2962 3002 2963
3 2963 3002 3003
3 2963 3003 2964
3 2964 3003 3004
3 2964 3004 2965
3 2965 3004 3005
3 2965 3005 2966
3 2966 3005 3006
3 2966 3006 2967
3 2967 3006 3007
3 2967 3007 2968
3 2968 3007 3008
3 2968 3008 2969
3 2969 3008 3009
3 2969 3009 2970
3 2970 3009 3010
3 2970 3010 2971
3 2971 3010 3011
3 2971 3011 2972
3 2972 3011 3012
3 2972 3012 2973
3 2973 3012 3013
3 2973 3013 2974
3 2974 3013 3014
3 2974 3014 2975
3 2975 3014 3015
3 2975 3015 2976
3 2976 3015 3016
3 2976 3016 2977
3 2977 3016 3017
3 2977 3017 2978
3 2978 3017 3018
3 2978 3018 2979
3 2979 3018 3019
3 2979 3019 2980
3 2980 3019 3020
3 2980 3020 2981
3 2981 3020 3021
3 2981 3021 2982
3 2982 3021 3022
3 2982 3022 2983
3 2983 3022 3023
3 2983 3023 2984
3 2984 3023 3024
3 2984 3024 2985
3 2985 3024 3025
3 2985 3025 2986
3 2986 3025 3026
3 2986 3026 2987
3 2987 3026 3027
3 2987 3027 2988
3 2988 3027 3028
3 2988 3028 2989
3 2989 3028 3029
3 2989 3029 2990
3 2990 3029 3030
3 2990 3030 2991
3 2991 3030 3031
3 2991 3031 2992
3 2992 3031 3032
3 2992 3032 2993
3 2993 3032 3033
3 2993 3033 2994
3 2994 3033 3034
3 2994 3034 2995
3 2995 3034 3035
3 2995 3035 2996
3 2996 3035 3036
3 2996 3036 2997
3 2997 3036 3037
3 2997 3037 2998
3 2998 3037 3038
3 2998 3038 2999
3 2999 3038 3039
3 3000 3040 3001
3 3001 3040 3041
3 3001 3041 3002
3 3002 3041 3042
3 3002 3042 3003
3 3003 3042 3043
3 3003 3043 3004
3 3004 3043 3044
3 3004 3044 3005
3 3005 3044 3045
3 3005 3045 3006
3 3006 3045 3046
3 3006 3046 3007
3 3007 3046 3047
3 3007 3047 3008
3 3008 3047 3048
3 3008 3048 3009
3 3009 3048 3049
3 3009 3049 3010
3 3010 3049 3050
3 3010 3050 3011
3 3011 3050 3051
3 3011 3051 3012
3 3012 3051 3052
3 3012 3052 3013
3 3013 3052 3053
3 3013 3053 3014
3 3014 3053 3054
3 3014 3054 3015
3 3015 3054 3055
3 3015 3055 3016
3 3016 3055 3056
3 3016 3056 3017
3 3017 3056 3057
3 3017 3057 3018
3 3018 3057 3058
3 3018 3058 3019
3 3019 3058 3059
3 3019 3059 3020
3 3020 3059 3060
3 3020 3060 3021
3 3021 3060 3061
3 3021 3061 3022
3 3022 3061 3062
3 3022 3062 3023
3 3023 3062 3063
3 3023 3063 3024
3 3024 3063 3064
3 3024 3064 3025
3 3025 3064 3065
3 3025 3065 3026
3 3026 3065 3066
3 3026 3066 3027
3 3027 3066 3067
3 3027 3067 3028
3 3028 3067 3068
3 3028 3068 3029
3 3029 3068 3069
3 3029 3069 3030
3 3030 3069 3070
3 3030 3070 3031
3 3031 3070 3071
3 3031 3071 3032
3 3032 3071 3072
3 3032 3072 3033
3 3033 3072 3073
3 3033 3073 3034
3 3034 3073 3074
3 3034 3074 3035
3 3035 3074 3075
3 3035 3075 3036
3 3036 3075 3076
3 3036 3076 3037
3 3037 3076 3077
3 3037 3077 3038
3 3038 3077 3078
3 3038 3078 3039
3 3039 3078 3079
3 3040 3080 3041
3 3041 3080 3081
3 3041 3081 3042
3 3042 3081 3082
3 3042 3082 3043
3 3043 3082 3083
3 3043 3083 3044
3 3044 3083 3084
3 3044 3084 3045
3 3045 3084 3085
3 3045 3085 3046
3 3046 3085 3086
3 3046 3086 3047
3 3047 3086 3087
3 3047 3087 3048
3 3048 3087 3088
3 3048 3088 3049
3 3049 3088 3089
3 3049 3089 3050
3 3050 3089 3090
3 3050 3090 3051
3 3051 3090 3091
3 3051 3091 3052
3 3052 3091 3092
3 3052 3092 3053
3 3053 3092 3093
3 3053 3093 3054
3 3054 3093 3094
3 3054 3094 3055
3 3055 3094 3095
3 3055 3095 3056
3 3056 3095 3096
3 3056 3096 3057
3 3057 3096 3097
3 3057 3097 3058
3 3058 3097 3098
3 3058 3098 3059
3 3059 3098 3099
3 3059 3099 3060
3 3060 3099 3100
3 3060 3100 3061
3 3061 3100 3101
3 3061 3101 3062
3 3062 3101 3102
3 3062 3102 3063
3 3063 3102 3103
3 3063 3103 3064
3 3064 3103 3104
3 3064 3104 3065
3 3065 3104 3105
3 3065 3105 3066
3 3066 3105 3106
3 3066 3106 3067
3 3067 3106 3107
3 3067 3107 3068
3 3068 3107 3108
3 3068 3108 3069
3 3069 3108 3109
3 3069 3109 3070
3 3070 3109 3110
3 3070 3110 3071
3 3071 3110 3111
3 3071 3111 3072
3 3072 3111 3112
3 3072 3112 3073
3 3073 3112 3113
3 3073 3113 3074
3 3074 3113 3114
3 3074 3114 3075
3 3075 3114 3115
3 3075 3115 3076
3 3076 3115 3116
3 3076 3116 3077
3 3077 3116 3117
3 3077 3117 3078
3 3078 3117 3118
3 3078 3118 3079
3 3079 3118 3119
3 3080 3120 3081
3 3081 3120 3121
3 3081 3121 3082
3 3082 3121 3122
3 3082 3122 3083
3 3083 3122 3123
3 3083 3123 3084
3 3084 3123 3124
3 3084 3124 3085
3 3085 3124 3125
3 3085 3125 3086
3 3086 3125 3126
3 3086 3126 3087
3 3087 3126 3127
3 3087 3127 3088
3 3088 3127 3128
3 3088 3128 3089
3 3089 3128 3129
3 3089 3129 3090
3 3090 3129 3130
3 3090 3130 3091
3 3091 3130 3131
3 3091 3131 3092
3 3092 3131 3132
3 3092 3132 3093
3 3093 3132 3133
3 3093 3133 3094
3 3094 3133 3134
3 3094 3134 3095
3 3095 3134 3135
3 3095 3135 3096
3 3096 3135 3136
3 3096 3136 3097
3 3097 3136 3137
3 3097 3137 3098
3 3098 3137 3138
3 3098 3138 3099
3 3099 3138 3139
3 3099 3139 3100
3 3100 3139 3140
3 3100 3140 3101
3 3101 3140 3141
3 3101 3141 3102
3 3102 3141 3142
3 3102 3142 3103
3 3103 3142 3143
3 3103 3143 3104
3 3104 3143 3144
3 3104 3144 3105
3 3105 3144 3145
3 3105 3145 3106
3 3106 3145 3146
3 3106 3146 3107
3 3107 3146 3147
3 3107 3147 3108
3 3108 3147 3148
3 3108 3148 3109
3 3109 3148 3149
3 3109 3149 3110
3 3110 3149 3150
3 3110 3150 3111
3 3111 3150 3151
3 3111 3151 3112
3 3112 3151 3152
3 3112 3152 3113
3 3113 3152 3153
3 3113 3153 3114
3 3114 3153 3154
3 3114 3154 3115
3 3115 3154 3155
3 3115 3155 3116
3 3116 3155 3156
3 3116 3156 3117
3 3117 3156 3157
3 3117 3157 3118
3 3118 3157 3158
3 3118 3158 3119
3 3119 3158 3159
3 3120 3160 3121
3 3121 3160 3161
3 3121 3161 3122
3 3122 3161 3162
3 3122 3162 3123
3 3123 3162 3163
3 3123 3163 3124
3 3124 3163 3164
3 3124 3164 3125
3 3125 3164 3165
3 3125 3165 3126
3 3126 3165 3166
3 3126 3166 3127
3 3127 3166 3167
3 3127 3167 3128
3 3128 3167 3168
3 3128 3168 3129
3 3129 3168 3169
3 3129 3169 3130
3 3130 3169 3170
3 3130 3170 3131
3 3131 3170 3171
3 3131 3171 3132
3 3132 3171 3172
3 3132 3172 3133
3 3133 3172 3173
3 3133 3173 3134
3 3134 3173 3174
3 3134 3174 3135
3 3135 3174 3175
3 3135 3175 3136
3 3136 3175 3176
3 3136 3176 3137
3 3137 3176 3177
3 3137 3177 3138
3 3138 3177 3178
3 3138 3178 3139
3 3139 3178 3179
3 3139 3179 3140
3 3140 3179 3180
3 3140 3180 3141
3 3141 3180 3181
3 3141 3181 3142
3 3142 3181 3182
3 3142 3182 3143
3 3143 3182 3183
3 3143 3183 3144
3 3144 3183 3184
3 3144 3184 3145
3 3145 3184 3185
3 3145 3185 3146
3 3146 3185 3186
3 3146 3186 3147
3 3147 3186 3187
3 3147 3187 3148
3 3148 3187 3188
3 3148 3188 3149
3 3149 3188 3189
3 3149 3189 3150
3 3150 3189 3190
3 3150 3190 3151
3 3151 3190 3191
3 3151 3191 3152
3 3152 3191 3192
3 3152 3192 3153
3 3153 3192 3193
3 3153 3193 3154
3 3154 3193 3194
3 3154 3194 3155
3 3155 3194 3195
3 3155 3195 3156
3 3156 3195 3196
3 3156 3196 3157
3 3157 3196 3197
3 3157 3197 3158
3 3158 3197 3198
3 3158 3198 3159
3 3159 3198 3199
3 3160 3200 3161
3 3161 3200 3201
3 3161 3201 3162
3 3162 3201 3202
3 3162 3202 3163
3 3163 3202 3203
3 3163 3203 3164
3 3164 3203 3204
3 3164 3204 3165
3 3165 3204 3205
3 3165 3205 3166
3 3166 3205 3206
3 3166 3206 3167
3 3167 3206 3207
3 3167 3207 3168
3 3168 3207 3208
3 3168 3208 3169
3 3169 3208 3209
3 3169 3209 3170
3 3170 3209 3210
3 3170 3210 3171
3 3171 3210 3211
3 3171 3211 3172
3 3172 3211 3212
3 3172 3212 3173
3 3173 3212 3213
3 3173 3213 3174
3 3174 3213 3214
3 3174 3214 3175
3 3175 3214 3215
3 3175 3215 3176
3 3176 3215 3216
3 3176 3216 3177
3 3177 3216 3217
3 3177 3217 3178
3 3178 3217 3218
3 3178 3218 3179
3 3179 3218 3219
3 3179 3219 3180
3 3180 3219 3220
3 3180 3220 3181
3 3181 3220 3221
3 3181 3221 3182
3 3182 3221 3222
3 3182 3222 3183
3 3183 3222 3223
3 3183 3223 3184
3 3184 3223 3224
3 3184 3224 3185
3 3185 3224 3225
3 3185 3225 3186
3 3186 3225 3226
3 3186 3226 3187
3 3187 3226 3227
3 3187 3227 3188
3 3188 3227 3228
3 3188 3228 3189
3 3189 3228 3229
3 3189 3229 3190
3 3190 3229 3230
3 3190 3230 3191
3 3191 3230 3231
3 3191 3231 3192
3 3192 3231 3232
3 3192 3232 3193
3 3193 3232 3233
3 3193 3233 3194
3 3194 3233 3234
3 3194 3234 3195
3 3195 3234 3235
3 3195 3235 3196
3 3196 3235 3236
3 3196 3236 3197
3 3197 3236 3237
3 3197 3237 3198
3 3198 3237 3238
3 3198 3238 3199
3 3199 3238 3239
3 3200 3240 3201
3 3201 3240 3241
3 3201 3241 3202
3 3202 3241 3242
3 3202 3242 3203
3 3203 3242 3243
3 3203 3243 3204
3 3204 3243 3244
3 3204 3244 3205
3 3205 3244 3245
3 3205 3245 3206
3 3206 3245 3246
3 3206 3246 3207
3 3207 3246 3247
3 3207 3247 3208
3 3208 3247 3248
3 3208 3248 3209
3 3209 3248 3249
3 3209 3249 3210
3 3210 3249 3250
3 3210 3250 3211
3 3211 3250 3251
3 3211 3251 3212
3 3212 3251 3252
3 3212 3252 3213
3 3213 3252 3253
3 3213 3253 3214
3 3214 3253 3254
3 3214 3254 3215
3 3215 3254 3255
3 3215 3255 3216
3 3216 3255 3256
3 3216 3256 3217
3 3217 3256 3257
3 3217 3257 3218
3 3218 3257 3258
3 3218 3258 3219
3 3219 3258 3259
3 3219 3259 3220
3 3220 3259 3260
3 3220 3260 3221
3 3221 3260 3261
3 3221 3261 3222
3 3222 3261 3262
3 3222 3262 3223
3 3223 3262 3263
3 3223 3263 3224
3 3224 3263 3264
3 3224 3264 3225
3 3225 3264 3265
3 3225 3265 3226
3 3226 3265 3266
3 3226 3266 3227
3 3227 3266 3267
3 3227 3267 3228
3 3228 3267 3268
3 3228 3268 3229
3 3229 3268 3269
3 3229 3269 3230
3 3230 3269 3270
3 3230 3270 3231
3 3231 3270 3271
3 3231 3271 3232
3 3232 3271 3272
3 3232 3272 3233
3 3233 3272 3273
3 3233 3273 3234
3 3234 3273 3274
3 3234 3274 3235
3 3235 3274 3275
3 3235 3275 3236
3 3236 3275 3276
3 3236 3276 3237
3 3237 3276 3277
3 3237 3277 3238
3 3238 3277 3278
3 3238 3278 3239
3 3239 3278 3279
3 3240 3280 3241
3 3241 3280 3281
3 3241 3281 3242
3 3242 3281 3282
3 3242 3282 3243
3 3243 3282 3283
3 3243 3283 3244
3 3244 3283 3284
3 3244 3284 3245
3 3245 3284 3285
3 3245 3285 3246
3 3246 3285 3286
3 3246 3286 3247
3 3247 3286 3287
3 3247 3287 3248
3 3248 3287 3288
3 3248 3288 3249
3 3249 3288 3289
3 3249 3289 3250
3 3250 3289 3290
3 3250 3290 3251
3 3251 3290 3291
3 3251 3291 3252
3 3252 3291 3292
3 3252 3292 3253
3 3253 3292 3293
3 3253 3293 3254
3 3254 3293 3294
3 3254 3294 3255
3 3255 3294 3295
3 3255 3295 3256
3 3256 3295 3296
3 3256 3296 3257
3 3257 3296 3297
3 3257 3297 3258
3 3258 3297 3298
3 3258 3298 3259
3 3259 3298 3299
3 3259 3299 3260
3 3260 3299 3300
3 3260 3300 3261
3 3261 3300 3301
3 3261 3301 3262
3 3262 3301 3302
3 3262 3302 3263
3 3263 3302 3303
3 3263 3303 3264
3 3264 3303 3304
3 3264 3304 3265
3 3265 3304 3305
3 3265 3305 3266
3 3266 3305 3306
3 3266 3306 3267
3 3267 3306 3307
3 3267 3307 3268
3 3268 3307 3308
3 3268 3308 3269
3 3269 3308 3309
3 3269 3309 3270
3 3270 3309 3310
3 3270 3310 3271
3 3271 3310 3311
3 3271 3311 3272
3 3272 3311 3312
3 3272 3312 3273
3 3273 3312 3313
3 3273 3313 3274
3 3274 3313 3314
3 3274 3314 3275
3 3275 3314 3315
3 3275 3315 3276
3 3276 3315 3316
3 3276 3316 3277
3 3277 3316 3317
3 3277 3317 3278
3 3278 3317 3318
3 3278 3318 3279
3 3279 3318 3319
3 3280 3320 3281
3 3281 3320 3321
3 3281 3321 3282
3 3282 3321 3322
3 3282 3322 3283
3 3283 3322 3323
3 3283 3323 3284
3 3284 3323 3324
3 3284 3324 3285
3 3285 3324 3325
3 3285 3325 3286
3 3286 3325 3326
3 3286 3326 3287
3 3287 3326 3327
3 3287 3327 3288
3 3288 3327 3328
3 3288 3328 3289
3 3289 3328 3329
3 3289 3329 3290
3 3290 3329 3330
3 3290 3330 3291
3 3291 3330 3331
3 3291 3331 3292
3 3292 3331 3332
3 3292 3332 3293
3 3293 3332 3333
3 3293 3333 3294
3 3294 3333 3334
3 3294 3334 3295
3 3295 3334 3335
3 3295 3335 3296
3 3296 3335 3336
3 3296 3336 3297
3 3297 3336 3337
3 3297 3337 3298
3 3298 3337 3338
3 3298 3338 3299
3 3299 3338 3339
3 3299 3339 3300
3 3300 3339 3340
3 3300 3340 3301
3 3301 3340 3341
3 3301 3341 3302
3 3302 3341 3342
3 3302 3342 3303
3 3303 3342 3343
3 3303 3343 3304
3 3304 3343 3344
3 3304 3344 3305
3 3305 3344 3345
3 3305 3345 3306
3 3306 3345 3346
3 3306 3346 3307
3 3307 3346 3347
3 3307 3347 3308
3 3308 3347 3348
3 3308 3348 3309
3 3309 3348 3349
3 3309 3349 3310
3 3310 3349 3350
3 3310 3350 3311
3 3311 3350 3351
3 3311 3351 3312
3 3312 3351 3352
3 3312 3352 3313
3 3313 3352 3353
3 3313 3353 3314
3 3314 3353 3354
3 3314 3354 3315
3 3315 3354 3355
3 3315 3355 3316
3 3316 3355 3356
3 3316 3356 3317
3 3317 3356 3357
3 3317 3357 3318
3 3318 3357 3358
3 3318 3358 3319
3 3319 3358 3359
3 3320 3360 3321
3 3321 3360 3361
3 3321 3361 3322
3 3322 3361 3362
3 3322 3362 3323
3 3323 3362 3363
3 3323 3363 3324
3 3324 3363 3364
3 3324 3364 3325
3 3325 3364 3365
3 3325 3365 3326
3 3326 3365 3366
3 3326 3366 3327
3 3327 3366 3367
3 3327 3367 3328
3 3328 3367 3368
3 3328 3368 3329
3 3329 3368 3369
3 3329 3369 3330
3 3330 3369 3370
3 3330 3370 3331
3 3331 3370 3371
3 3331 3371 3332
3 3332 3371 3372
3 3332 3372 3333
3 3333 3372 3373
3 3333 3373 3334
3 3334 3373 3374
3 3334 3374 3335
3 3335 3374 3375
3 3335 3375 3336
3 3336 3375 3376
3 3336 3376 3337
3 3337 3376 3377
3 3337 3377 3338
3 3338 3377 3378
3 3338 3378 3339
3 3339 3378 3379
3 3339 3379 3340
3 3340 3379 3380
3 3340 3380 3341
3 3341 3380 3381
3 3341 3381 3342
3 3342 3381 3382
3 3342 3382 3343
3 3343 3382 3383
3 3343 3383 3344
3 3344 3383 3384
3 3344 3384 3345
3 3345 3384 3385
3 3345 3385 3346
3 3346 3385 3386
3 3346 3386 3347
3 3347 3386 3387
3 3347 3387 3348
3 3348 3387 3388
3 3348 3388 3349
3 3349 3388 3389
3 3349 3389 3350
3 3350 3389 3390
3 3350 3390 3351
3 3351 3390 3391
3 3351 3391 3352
3 3352 3391 3392
3 3352 3392 3353
3 3353 3392 3393
3 3353 3393 3354
3 3354 3393 3394
3 3354 3394 3355
3 3355 3394 3395
3 3355 3395 3356
3 3356 3395 3396
3 3356 3396 3357
3 3357 3396 3397
3 3357 3397 3358
3 3358 3397 3398
3 3358 3398 3359
3 3359 3398 3399
3 3360 3400 3361
3 3361 3400 3401
3 3361 3401 3362
3 3362 3401 3402
3 3362 3402 3363
3 3363 3402 3403
3 3363 3403 3364
3 3364 3403 3404
3 3364 3404 3365
3 3365 3404 3405
3 3365 3405 3366
3 3366 3405 3406
3 3366 3406 3367
3 3367 3406 3407
3 3367 3407 3368
3 3368 3407 3408
3 3368 3408 3369
3 3369 3408 3409
3 3369 3409 3370
3 3370 3409 3410
3 3370 3410 3371
3 3371 3410 3411
3 3371 3411 3372
3 3372 3411 3412
3 3372 3412 3373
3 3373 3412 3413
3 3373 3413 3374
3 3374 3413 3414
3 3374 3414 3375
3 3375 3414 3415
3 3375 3415 3376
3 3376 3415 3416
3 3376 3416 3377
3 3377 3416 3417
3 3377 3417 3378
3 3378 3417 3418
3 3378 3418 3379
3 3379 3418 3419
3 3379 3419 3380
3 3380 3419 3420
3 3380 3420 3381
3 3381 3420 3421
3 3381 3421 3382
3 3382 3421 3422
3 3382 3422 3383
3 3383 3422 3423
3 3383 3423 3384
3 3384 3423 3424
3 3384 3424 3385
3 3385 3424 3425
3 3385 3425 3386
3 3386 3425 3426
3 3386 3426 3387
3 3387 3426 3427
3 3387 3427 3388
3 3388 3427 3428
3 3388 3428 3389
3 3389 3428 3429
3 3389 3429 3390
3 3390 3429 3430
3 3390 3430 3391
3 3391 3430 3431
3 3391 3431 3392
3 3392 3431 3432
3 3392 3432 3393
3 3393 3432 3433
3 3393 3433 3394
3 3394 3433 3434
3 3394 3434 3395
3 3395 3434 3435
3 3395 3435 3396
3 3396 3435 3436
3 3396 3436 3397
3 3397 3436 3437
3 3397 3437 3398
3 3398 3437 3438
3 3398 3438 3399
3 3399 3438 3439
3 3400 3440 3401
3 3401 3440 3441
3 3401 3441 3402
3 3402 3441 3442
3 3402 3442 3403
3 3403 3442 3443
3 3403 3443 3404
3 3404 3443 3444
3 3404 3444 3405
3 3405 3444 3445
3 3405 3445 3406
3 3406 3445 3446
3 3406 3446 3407
3 3407 3446 3447
3 3407 3447 3408
3 3408 3447 3448
3 3408 3448 3409
3 3409 3448 3449
3 3409 3449 3410
3 3410 3449 3450
3 3410 3450 3411
3 3411 3450 3451
3 3411 3451 3412
3 3412 3451 3452
3 3412 3452 3413
3 3413 3452 3453
3 3413 3453 3414
3 3414 3453 3454
3 3414 3454 3415
3 3415 3454 3455
3 3415 3455 3416
3 3416 3455 3456
3 3416 3456 3417
3 3417 3456 3457
3 3417 3457 3418
3 3418 3457 3458
3 3418 3458 3419
3 3419 3458 3459
3 3419 3459 3420
3 3420 3459 3460
3 3420 3460 3421
3 3421 3460 3461
3 3421 3461 3422
3 3422 3461 3462
3 3422 3462 3423
3 3423 3462 3463
3 3423 3463 3424
3 3424 3463 3464
3 3424 3464 3425
3 3425 3464 3465
3 3425 3465 3426
3 3426 3465 3466
3 3426 3466 3427
3 3427 3466 3467
3 3427 3467 3428
3 3428 3467 3468
3 3428 3468 3429
3 3429 3468 3469
3 3429 3469 3430
3 3430 3469 3470
3 3430 3470 3431
3 3431 3470 3471
3 3431 3471 3432
3 3432 3471 3472
3 3432 3472 3433
3 3433 3472 3473
3 3433 3473 3434
3 3434 3473 3474
3 3434 3474 3435
3 3435 3474 3475
3 3435 3475 3436
3 3436 3475 3476
3 3436 3476 3437
3 3437 3476 3477
3 3437 3477 3438
3 3438 3477 3478
3 3438 3478 3439
3 3439 3478 3479
3 3440 3480 3441
3 3441 3480 3481
3 3441 3481 3442
3 3442 3481 3482
3 3442 3482 3443
3 3443 3482 3483
3 3443 3483 3444
3 3444 3483 3484
3 3444 3484 3445
3 3445 3484 3485
3 3445 3485 3446
3 3446 3485 3486
3 3446 3486 3447
3 3447 3486 3487
3 3447 3487 3448
3 3448 3487 3488
3 3448 3488 3449
3 3449 3488 3489
3 3449 3489 3450
3 3450 3489 3490
3 3450 3490 3451
3 3451 3490 3491
3 3451 3491 3452
3 3452 3491 3492
3 3452 3492 3453
3 3453 3492 3493
3 3453 3493 3454
3 3454 3493 3494
3 3454 3494 3455
3 3455 3494 3495
3 3455 3495 3456
3 3456 3495 3496
3 3456 3496 3457
3 3457 3496 3497
3 3457 3497 3458
3 3458 3497 3498
3 3458 3498 3459
3 3459 3498 3499
3 3459 3499 3460
3 3460 3499 3500
3 3460 3500 3461
3 3461 3500 3501
3 3461 3501 3462
3 3462 3501 3502
3 3462 3502 3463
3 3463 3502 3503
3 3463 3503 3464
3 3464 3503 3504
3 3464 3504 3465
3 3465 3504 3505
3 3465 3505 3466
3 3466 3505 3506
3 3466 3506 3467
3 3467 3506 3507
3 3467 3507 3468
3 3468 3507 3508
3 3468 3508 3469
3 3469 3508 3509
3 3469 3509 3470
3 3470 3509 3510
3 3470 3510 3471
3 3471 3510 3511
3 3471 3511 3472
3 3472 3511 3512
3 3472 3512 3473
3 3473 3512 3513
3 3473 3513 3474
3 3474 3513 3514
3 3474 3514 3475
3 3475 3514 3515
3 3475 3515 3476
3 3476 3515 3516
3 3476 3516 3477
3 3477 3516 3517
3 3477 3517 3478
3 3478 3517 3518
3 3478 3518 3479
3 3479 3518 3519
3 3480 3520 3481
3 3481 3520 3521
3 3481 3521 3482
3 3482 3521 3522
3 3482 3522 3483
3 3483 3522 3523
3 3483 3523 3484
3 3484 3523 3524
3 3484 3524 3485
3 3485 3524 3525
3 3485 3525 3486
3 3486 3525 3526
3 3486 3526 3487
3 3487 3526 3527
3 3487 3527 3488
3 3488 3527 3528
3 3488 3528 3489
3 3489 3528 3529
3 3489 3529 3490
3 3490 3529 3530
3 3490 3530 3491
3 3491 3530 3531
3 3491 3531 3492
3 3492 3531 3532
3 3492 3532 3493
3 3493 3532 3533
3 3493 3533 3494
3 3494 3533 3534
3 3494 3534 3495
3 3495 3534 3535
3 3495 3535 3496
3 3496 3535 3536
3 3496 3536 3497
3 3497 3536 3537
3 3497 3537 3498
3 3498 3537 3538
3 3498 3538 3499
3 3499 3538 3539
3 3499 3539 3500
3 3500 3539 3540
3 3500 3540 3501
3 3501 3540 3541
3 3501 3541 3502
3 3502 3541 3542
3 3502 3542 3503
3 3503 3542 3543
3 3503 3543 3504
3 3504 3543 3544
3 3504 3544 3505
3 3505 3544 3545
3 3505 3545 3506
3 3506 3545 3546
3 3506 3546 3507
3 3507 3546 3547
3 3507 3547 3508
3 3508 3547 3548
3 3508 3548 3509
3 3509 3548 3549
3 3509 3549 3510
3 3510 3549 3550
3 3510 3550 3511
3 3511 3550 3551
3 3511 3551 3512
3 3512 3551 3552
3 3512 3552 3513
3 3513 3552 3553
3 3513 3553 3514
3 3514 3553 3554
3 3514 3554 3515
3 3515 3554 3555
3 3515 3555 3516
3 3516 3555 3556
3 3516 3556 3517
3 3517 3556 3557
3 3517 3557 3518
3 3518 3557 3558
3 3518 3558 3519
3 3519 3558 3559
3 3520 3560 3521
3 3521 3560 3561
3 3521 3561 3522
3 3522 3561 3562
3 3522 3562 3523
3 3523 3562 3563
3 3523 3563 3524
3 3524 3563 3564
3 3524 3564 3525
3 3525 3564 3565
3 3525 3565 3526
3 3526 3565 3566
3 3526 3566 3527
3 3527 3566 3567
3 3527 3567 3528
3 3528 3567 3568
3 3528 3568 3529
3 3529 3568 3569
3 3529 3569 3530
3 3530 3569 3570
3 3530 3570 3531
3 3531 3570 3571
3 3531 3571 3532
3 3532 3571 3572
3 3532 3572 3533
3 3533 3572 3573
3 3533 3573 3534
3 3534 3573 3574
3 3534 3574 3535
3 3535 3574 3575
3 3535 3575 3536
3 3536 3575 3576
3 3536 3576 3537
3 3537 3576 3577
3 3537 3577 3538
3 3538 3577 3578
3 3538 3578 3539
3 3539 3578 3579
3 3539 3579 3540
3 3540 3579 3580
3 3540 3580 3541
3 3541 3580 3581
3 3541 3581 3542
3 3542 3581 3582
3 3542 3582 3543
3 3543 3582 3583
3 3543 3583 3544
3 3544 3583 3584
3 3544 3584 3545
3 3545 3584 3585
3 3545 3585 3546
3 3546 3585 3586
3 3546 3586 3547
3 3547 3586 3587
3 3547 3587 3548
3 3548 3587 3588
3 3548 3588 3549
3 3549 3588 3589
3 3549 3589 3550
3 3550 3589 3590
3 3550 3590 3551
3 3551 3590 3591
3 3551 3591 3552
3 3552 3591 3592
3 3552 3592 3553
3 3553 3592 3593
3 3553 3593 3554
3 3554 3593 3594
3 3554 3594 3555
3 3555 3594 3595
3 3555 3595 3556
3 3556 3595 3596
3 3556 3596 3557
3 3557 3596 3597
3 3557 3597 3558
3 3558 3597 3598
3 3558 3598 3559
3 3559 3598 3599
3 3560 3600 3561
3 3561 3600 3601
3 3561 3601 3562
3 3562 3601 3602
3 3562 3602 3563
3 3563 3602 3603
3 3563 3603 3564
3 3564 3603 3604
3 3564 3604 3565
3 3565 3604 3605
3 3565 3605 3566
3 3566 3605 3606
3 3566 3606 3567
3 3567 3606 3607
3 3567 3607 3568
3 3568 3607 3608
3 3568 3608 3569
3 3569 3608 3609
3 3569 3609 3570
3 3570 3609 3610
3 3570 3610 3571
3 3571 3610 3611
3 3571 3611 3572
3 3572 3611 3612
3 3572 3612 3573
3 3573 3612 3613
3 3573 3613 3574
3 3574 3613 3614
3 3574 3614 3575
3 3575 3614 3615
3 3575 3615 3576
3 3576 3615 3616
3 3576 3616 3577
3 3577 3616 3617
3 3577 3617 3578
3 3578 3617 3618
3 3578 3618 3579
3 3579 3618 3619
3 3579 3619 3580
3 3580 3619 3620
3 3580 3620 3581
3 3581 3620 3621
3 3581 3621 3582
3 3582 3621 3622
3 3582 3622 3583
3 3583 3622 3623
3 3583 3623 3584
3 3584 3623 3624
3 3584 3624 3585
3 3585 3624 3625
3 3585 3625 3586
3 3586 3625 3626
3 3586 3626 3587
3 3587 3626 3627
3 3587 3627 3588
3 3588 3627 3628
3 3588 3628 3589
3 3589 3628 3629
3 3589 3629 3590
3 3590 3629 3630
3 3590 3630 3591
3 3591 3630 3631
3 3591 3631 3592
3 3592 3631 3632
3 3592 3632 3593
3 3593 3632 3633
3 3593 3633 3594
3 3594 3633 3634
3 3594 3634 3595
3 3595 3634 3635
3 3595 3635 3596
3 3596 3635 3636
3 3596 3636 3597
3 3597 3636 3637
3 3597 3637 3598
3 3598 3637 3638
3 3598 3638 3599
3 3599 3638 3639
3 3600 3640 3601
3 3601 3640 3641
3 3601 3641 3602
3 3602 3641 3642
3 3602 3642 3603
3 3603 3642 3643
3 3603 3643 3604
3 3604 3643 3644
3 3604 3644 3605
3 3605 3644 3645
3 3605 3645 3606
3 3606 3645 3646
3 3606 3646 3607
3 3607 3646 3647
3 3607 3647 3608
3 3608 3647 3648
3 3608 3648 3609
3 3609 3648 3649
3 3609 3649 3610
3 3610 3649 3650
3 3610 3650 3611
3 3611 3650 3651
3 3611 3651 3612
3 3612 3651 3652
3 3612 3652 3613
3 3613 3652 3653
3 3613 3653 3614
3 3614 3653 3654
3 3614 3654 3615
3 3615 3654 3655
3 3615 3655 3616
3 3616 3655 3656
3 3616 3656 3617
3 3617 3656 3657
3 3617 3657 3618
3 3618 3657 3658
3 3618 3658 3619
3 3619 3658 3659
3 3619 3659 3620
3 3620 3659 3660
3 3620 3660 3621
3 3621 3660 3661
3 3621 3661 3622
3 3622 3661 3662
3 3622 3662 3623
3 3623 3662 3663
3 3623 3663 3624
3 3624 3663 3664
3 3624 3664 3625
3 3625 3664 3665
3 3625 3665 3626
3 3626 3665 3666
3 3626 3666 3627
3 3627 3666 3667
3 3627 3667 3628
3 3628 3667 3668
3 3628 3668 3629
3 3629 3668 3669
3 3629 3669 3630
3 3630 3669 3670
3 3630 3670 3631
3 3631 3670 3671
3 3631 3671 3632
3 3632 3671 3672
3 3632 3672 3633
3 3633 3672 3673
3 3633 3673 3634
3 3634 3673 3674
3 3634 3674 3635
3 3635 3674 3675
3 3635 3675 3636
3 3636 3675 3676
3 3636 3676 3637
3 3637 3676 3677
3 3637 3677 3638
3 3638 3677 3678
3 3638 3678 3639
3 3639 3678 3679
3 3640 3680 3641
3 3641 3680 3681
3 3641 3681 3642
3 3642 3681 3682
3 3642 3682 3643
3 3643 3682 3683
3 3643 3683 3644
3 3644 3683 3684
3 3644 3684 3645
3 3645 3684 3685
3 3645 3685 3646
3 3646 3685 3686
3 3646 3686 3647
3 3647 3686 3687
3 3647 3687 3648
3 3648 3687 3688
3 3648 3688 3649
3 3649 3688 3689
3 3649 3689 3650
3 3650 3689 3690
3 3650 3690 3651
3 3651 3690 3691
3 3651 3691 3652
3 3652 3691 3692
3 3652 3692 3653
3 3653 3692 3693
3 3653 3693 3654
3 3654 3693 3694
3 3654 3694 3655
3 3655 3694 3695
3 3655 3695 3656
3 3656 3695 3696
3 3656 3696 3657
3 3657 3696 3697
3 3657 3697 3658
3 3658 3697 3698
3 3658 3698 3659
3 3659 3698 3699
3 3659 3699 3660
3 3660 3699 3700
3 3660 3700 3661
3 3661 3700 3701
3 3661 3701 3662
3 3662 3701 3702
3 3662 3702 3663
3 3663 3702 3703
3 3663 3703 3664
3 3664 3703 3704
3 3664 3704 3665
3 3665 3704 3705
3 3665 3705 3666
3 3666 3705 3706
3 3666 3706 3667
3 3667 3706 3707
3 3667 3707 3668
3 3668 3707 3708
3 3668 3708 3669
3 3669 3708 3709
3 3669 3709 3670
3 3670 3709 3710
3 3670 3710 3671
3 3671 3710 3711
3 3671 3711 3672
3 3672 3711 3712
3 3672 3712 3673
3 3673 3712 3713
3 3673 3713 3674
3 3674 3713 3714
3 3674 3714 3675
3 3675 3714 3715
3 3675 3715 3676
3 3676 3715 3716
3 3676 3716 3677
3 3677 3716 3717
3 3677 3717 3678
3 3678 3717 3718
3 3678 3718 3679
3 3679 3718 3719
3 3680 3720 3681
3 3681 3720 3721
3 3681 3721 3682
3 3682 3721 3722
3 3682 3722 3683
3 3683 3722 3723
3 3683 3723 3684
3 3684 3723 3724
3 3684 3724 3685
3 3685 3724 3725
3 3685 3725 3686
3 3686 3725 3726
3 3686 3726 3687
3 3687 3726 3727
3 3687 3727 3688
3 3688 3727 3728
3 3688 3728 3689
3 3689 3728 3729
3 3689 3729 3690
3 3690 3729 3730
3 3690 3730 3691
3 3691 3730 3731
3 3691 3731 3692
3 3692 3731 3732
3 3692 3732 3693
3 3693 3732 3733
3 3693 3733 3694
3 3694 3733 3734
3 3694 3734 3695
3 3695 3734 3735
3 3695 3735 3696
3 3696 3735 3736
3 3696 3736 3697
3 3697 3736 3737
3 3697 3737 3698
3 3698 3737 3738
3 3698 3738 3699
3 3699 3738 3739
3 3699 3739 3700
3 3700 3739 3740
3 3700 3740 3701
3 3701 3740 3741
3 3701 3741 3702
3 3702 3741 3742
3 3702 3742 3703
3 3703 3742 3743
3 3703 3743 3704
3 3704 3743 3744
3 3704 3744 3705
3 3705 3744 3745
3 3705 3745 3706
3 3706 3745 3746
3 3706 3746 3707
3 3707 3746 3747
3 3707 3747 3708
3 3708 3747 3748
3 3708 3748 3709
3 3709 3748 3749
3 3709 3749 3710
3 3710 3749 3750
3 3710 3750 3711
3 3711 3750 3751
3 3711 3751 3712
3 3712 3751 3752
3 3712 3752 3713
3 3713 3752 3753
3 3713 3753 3714
3 3714 3753 3754
3 3714 3754 3715
3 3715 3754 3755
3 3715 3755 3716
3 3716 3755 3756
3 3716 3756 3717
3 3717 3756 3757
3 3717 3757 3718
3 3718 3757 3758
3 3718 3758 3719
3 3719 3758 3759
3 3720 3760 3721
3 3721 3760 3761
3 3721 3761 3722
3 3722 3761 3762
3 3722 3762 3723
3 3723 3762 3763
3 3723 3763 3724
3 3724 3763 3764
3 3724 3764 3725
3 3725 3764 3765
3 3725 3765 3726
3 3726 3765 3766
3 3726 3766 3727
3 3727 3766 3767
3 3727 3767 3728
3 3728 3767 3768
3 3728 3768 3729
3 3729 3768 3769
3 3729 3769 3730
3 3730 3769 3770
3 3730 3770 3731
3 3731 3770 3771
3 3731 3771 3732
3 3732 3771 3772
3 3732 3772 3733
3 3733 3772 3773
3 3733 3773 3734
3 3734 3773 3774
3 3734 3774 3735
3 3735 3774 3775
3 3735 3775 3736
3 3736 3775 3776
3 3736 3776 3737
3 3737 3776 3777
3 3737 3777 3738
3 3738 3777 3778
3 3738 3778 3739
3 3739 3778 3779
3 3739 3779 3740
3 3740 3779 3780
3 3740 3780 3741
3 3741 3780 3781
3 3741 3781 3742
3 3742 3781 3782
3 3742 3782 3743
3 3743 3782 3783
3 3743 3783 3744
3 3744 3783 3784
3 3744 3784 3745
3 3745 3784 3785
3 3745 3785 3746
3 3746 3785 3786
3 3746 3786 3747
3 3747 3786 3787
3 3747 3787 3748
3 3748 3787 3788
3 3748 3788 3749
3 3749 3788 3789
3 3749 3789 3750
3 3750 3789 3790
3 3750 3790 3751
3 3751 3790 3791
3 3751 3791 3752
3 3752 3791 3792
3 3752 3792 3753
3 3753 3792 3793
3 3753 3793 3754
3 3754 3793 3794
3 3754 3794 3755
3 3755 3794 3795
3 3755 3795 3756
3 3756 3795 3796
3 3756 3796 3757
3 3757 3796 3797
3 3757 3797 3758
3 3758 3797 3798
3 3758 3798 3759
3 3759 3798 3799
3 3760 3800 3761
3 3761 3800 3801
3 3761 3801 3762
3 3762 3801 3802
3 3762 3802 3763
3 3763 3802 3803
3 3763 3803 3764
3 3764 3803 3804
3 3764 3804 3765
3 3765 3804 3805
3 3765 3805 3766
3 3766 3805 3806
3 3766 3806 3767
3 3767 3806 3807
3 3767 3807 3768
3 3768 3807 3808
3 3768 3808 3769
3 3769 3808 3809
3 3769 3809 3770
3 3770 3809 3810
3 3770 3810 3771
3 3771 3810 3811
3 3771 3811 3772
3 3772 3811 3812
3 3772 3812 3773
3 3773 3812 3813
3 3773 3813 3774
3 3774 3813 3814
3 3774 3814 3775
3 3775 3814 3815
3 3775 3815 3776
3 3776 3815 3816
3 3776 3816 3777
3 3777 3816 3817
3 3777 3817 3778
3 3778 3817 3818
3 3778 3818 3779
3 3779 3818 3819
3 3779 3819 3780
3 3780 3819 3820
3 3780 3820 3781
3 3781 3820 3821
3 3781 3821 3782
3 3782 3821 3822
3 3782 3822 3783
3 3783 3822 3823
3 3783 3823 3784
3 3784 3823 3824
3 3784 3824 3785
3 3785 3824 3825
3 3785 3825 3786
3 3786 3825 3826
3 3786 3826 3787
3 3787 3826 3827
3 3787 3827 3788
3 3788 3827 3828
3 3788 3828 3789
3 3789 3828 3829
3 3789 3829 3790
3 3790 3829 3830
3 3790 3830 3791
3 3791 3830 3831
3 3791 3831 3792
3 3792 3831 3832
3 3792 3832 3793
3 3793 3832 3833
3 3793 3833 3794
3 3794 3833 3834
3 3794 3834 3795
3 3795 3834 3835
3 3795 3835 3796
3 3796 3835 3836
3 3796 3836 3797
3 3797 3836 3837
3 3797 3837 3798
3 3798 3837 3838
3 3798 3838 3799
3 3799 3838 3839
3 3800 3840 3801
3 3801 3840 3841
3 3801 3841 3802
3 3802 3841 3842
3 3802 3842 3803
3 3803 3842 3843
3 3803 3843 3804
3 3804 3843 3844
3 3804 3844 3805
3 3805 3844 3845
3 3805 3845 3806
3 3806 3845 3846
3 3806 3846 3807
3 3807 3846 3847
3 3807 3847 3808
3 3808 3847 3848
3 3808 3848 3809
3 3809 3848 3849
3 3809 3849 3810
3 3810 3849 3850
3 3810 3850 3811
3 3811 3850 3851
3 3811 3851 3812
3 3812 3851 3852
3 3812 3852 3813
3 3813 3852 3853
3 3813 3853 3814
3 3814 3853 3854
3 3814 3854 3815
3 3815 3854 3855
3 3815 3855 3816
3 3816 3855 3856
3 3816 3856 3817
3 3817 3856 3857
3 3817 3857 3818
3 3818 3857 3858
3 3818 3858 3819
3 3819 3858 3859
3 3819 3859 3820
3 3820 3859 3860
3 3820 3860 3821
3 3821 3860 3861
3 3821 3861 3822
3 3822 3861 3862
3 3822 3862 3823
3 3823 3862 3863
3 3823 3863 3824
3 3824 3863 3864
3 3824 3864 3825
3 3825 3864 3865
3 3825 3865 3826
3 3826 3865 3866
3 3826 3866 3827
3 3827 3866 3867
3 3827 3867 3828
3 3828 3867 3868
3 3828 3868 3829
3 3829 3868 3869
3 3829 3869 3830
3 3830 3869 3870
3 3830 3870 3831
3 3831 3870 3871
3 3831 3871 3832
3 3832 3871 3872
3 3832 3872 3833
3 3833 3872 3873
3 3833 3873 3834
3 3834 3873 3874
3 3834 3874 3835
3 3835 3874 3875
3 3835 3875 3836
3 3836 3875 3876
3 3836 3876 3837
3 3837 3876 3877
3 3837 3877 3838
3 3838 3877 3878
3 3838 3878 3839
3 3839 3878 3879
3 3840 3880 3841
3 3841 3880 3881
3 3841 3881 3842
3 3842 3881 3882
3 3842 3882 3843
3 3843 3882 3883
3 3843 3883 3844
3 3844 3883 3884
3 3844 3884 3845
3 3845 3884 3885
3 3845 3885 3846
3 3846 3885 3886
3 3846 3886 3847
3 3847 3886 3887
3 3847 3887 3848
3 3848 3887 3888
3 3848 3888 3849
3 3849 3888 3889
3 3849 3889 3850
3 3850 3889 3890
3 3850 3890 3851
3 3851 3890 3891
3 3851 3891 3852
3 3852 3891 3892
3 3852 3892 3853
3 3853 3892 3893
3 3853 3893 3854
3 3854 3893 3894
3 3854 3894 3855
3 3855 3894 3895
3 3855 3895 3856
3 3856 3895 3896
3 3856 3896 3857
3 3857 3896 3897
3 3857 3897 3858
3 3858 3897 3898
3 3858 3898 3859
3 3859 3898 3899
3 3859 3899 3860
3 3860 3899 3900
3 3860 3900 3861
3 3861 3900 3901
3 3861 3901 3862
3 3862 3901 3902
3 3862 3902 3863
3 3863 3902 3903
3 3863 3903 3864
3 3864 3903 3904
3 3864 3904 3865
3 3865 3904 3905
3 3865 3905 3866
3 3866 3905 3906
3 3866 3906 3867
3 3867 3906 3907
3 3867 3907 3868
3 3868 3907 3908
3 3868 3908 3869
3 3869 3908 3909
3 3869 3909 3870
3 3870 3909 3910
3 3870 3910 3871
3 3871 3910 3911
3 3871 3911 3872
3 3872 3911 3912
3 3872 3912 3873
3 3873 3912 3913
3 3873 3913 3874
3 3874 3913 3914
3 3874 3914 3875
3 3875 3914 3915
3 3875 3915 3876
3 3876 3915 3916
3 3876 3916 3877
3 3877 3916 3917
3 3877 3917 3878
3 3878 3917 3918
3 3878 3918 3879
3 3879 3918 3919
3 3880 3920 3881
3 3881 3920 3921
3 3881 3921 3882
3 3882 3921 3922
3 3882 3922 3883
3 3883 3922 3923
3 3883 3923 3884
3 3884 3923 3924
3 3884 3924 3885
3 3885 3924 3925
3 3885 3925 3886
3 3886 3925 3926
3 3886 3926 3887
3 3887 3926 3927
3 3887 3927 3888
3 3888 3927 3928
3 3888 3928 3889
3 3889 3928 3929
3 3889 3929 3890
3 3890 3929 3930
3 3890 3930 3891
3 3891 3930 3931
3 3891 3931 3892
3 3892 3931 3932
3 3892 3932 3893
3 3893 3932 3933
3 3893 3933 3894
3 3894 3933 3934
3 3894 3934 3895
3 3895 3934 3935
3 3895 3935 3896
3 3896 3935 3936
3 3896 3936 3897
3 3897 3936 3937
3 3897 3937 3898
3 3898 3937 3938
3 3898 3938 3899
3 3899 3938 3939
3 3899 3939 3900
3 3900 3939 3940
3 3900 3940 3901
3 3901 3940 3941
3 3901 3941 3902
3 3902 3941 3942
3 3902 3942 3903
3 3903 3942 3943
3 3903 3943 3904
3 3904 3943 3944
3 3904 3944 3905
3 3905 3944 3945
3 3905 3945 3906
3 3906 3945 3946
3 3906 3946 3907
3 3907 3946 3947
3 3907 3947 3908
3 3908 3947 3948
3 3908 3948 3909
3 3909 3948 3949
3 3909 3949 3910
3 3910 3949 3950
3 3910 3950 3911
3 3911 3950 3951
3 3911 3951 3912
3 3912 3951 3952
3 3912 3952 3913
3 3913 3952 3953
3 3913 3953 3914
3 3914 3953 3954
3 3914 3954 3915
3 3915 3954 3955
3 3915 3955 3916
3 3916 3955 3956
3 3916 3956 3917
3 3917 3956 3957
3 3917 3957 3918
3 3918 3957 3958
3 3918 3958 3919
3 3919 3958 3959
3 3920 3960 3921
3 3921 3960 3961
3 3921 3961 3922
3 3922 3961 3962
3 3922 3962 3923
3 3923 3962 3963
3 3923 3963 3924
3 3924 3963 3964
3 3924 3964 3925
3 3925 3964 3965
3 3925 3965 3926
3 3926 3965 3966
3 3926 3966 3927
3 3927 3966 3967
3 3927 3967 3928
3 3928 3967 3968
3 3928 3968 3929
3 3929 3968 3969
3 3929 3969 3930
3 3930 3969 3970
3 3930 3970 3931
3 3931 3970 3971
3 3931 3971 3932
3 3932 3971 3972
3 3932 3972 3933
3 3933 3972 3973
3 3933 3973 3934
3 3934 3973 3974
3 3934 3974 3935
3 3935 3974 3975
3 3935 3975 3936
3 3936 3975 3976
3 3936 3976 3937
3 3937 3976 3977
3 3937 3977 3938
3 3938 3977 3978
3 3938 3978 3939
3 3939 3978 3979
3 3939 3979 3940
3 3940 3979 3980
3 3940 3980 3941
3 3941 3980 3981
3 3941 3981 3942
3 3942 3981 3982
3 3942 3982 3943
3 3943 3982 3983
3 3943 3983 3944
3 3944 3983 3984
3 3944 3984 3945
3 3945 3984 3985
3 3945 3985 3946
3 3946 3985 3986
3 3946 3986 3947
3 3947 3986 3987
3 3947 3987 3948
3 3948 3987 3988
3 3948 3988 3949
3 3949 3988 3989
3 3949 3989 3950
3 3950 3989 3990
3 3950 3990 3951
3 3951 3990 3991
3 3951 3991 3952
3 3952 3991 3992
3 3952 3992 3953
3 3953 3992 3993
3 3953 3993 3954
3 3954 3993 3994
3 3954 3994 3955
3 3955 3994 3995
3 3955 3995 3956
3 3956 3995 3996
3 3956 3996 3957
3 3957 3996 3997
3 3957 3997 3958
3 3958 3997 3998
3 3958 3998 3959
3 3959 3998 3999
3 3960 4000 3961
3 3961 4000 4001
3 3961 4001 3962
3 3962 4001 4002
3 3962 4002 3963
3 3963 4002 4003
3 3963 4003 3964
3 3964 4003 4004
3 3964 4004 3965
3 3965 4004 4005
3 3965 4005 3966
3 3966 4005 4006
3 3966 4006 3967
3 3967 4006 4007
3 3967 4007 3968
3 3968 4007 4008
3 3968 4008 3969
3 3969 4008 4009
3 3969 4009 3970
3 3970 4009 4010
3 3970 4010 3971
3 3971 4010 4011
3 3971 4011 3972
3 3972 4011 4012
3 3972 4012 3973
3 3973 4012 4013
3 3973 4013 3974
3 3974 4013 4014
3 3974 4014 3975
3 3975 4014 4015
3 3975 4015 3976
3 3976 4015 4016
3 3976 4016 3977
3 3977 4016 4017
3 3977 4017 3978
3 3978 4017 4018
3 3978 4018 3979
3 3979 4018 4019
3 3979 4019 3980
3 3980 4019 4020
3 3980 4020 3981
3 3981 4020 4021
3 3981 4021 3982
3 3982 4021 4022
3 3982 4022 3983
3 3983 4022 4023
3 3983 4023 3984
3 3984 4023 4024
3 3984 4024 3985
3 3985 4024 4025
3 3985 4025 3986
3 3986 4025 4026
3 3986 4026 3987
3 3987 4026 4027
3 3987 4027 3988
3 3988 4027 4028
3 3988 4028 3989
3 3989 4028 4029
3 3989 4029 3990
3 3990 4029 4030
3 3990 4030 3991
3 3991 4030 4031
3 3991 4031 3992
3 3992 4031 4032
3 3992 4032 3993
3 3993 4032 4033
3 3993 4033 3994
3 3994 4033 4034
3 3994 4034 3995
3 3995 4034 4035
3 3995 4035 3996
3 3996 4035 4036
3 3996 4036 3997
3 3997 4036 4037
3 3997 4037 3998
3 3998 4037 4038
3 3998 4038 3999
3 3999 4038 4039
3 4000 4040 4001
3 4001 4040 4041
3 4001 4041 4002
3 4002 4041 4042
3 4002 4042 4003
3 4003 4042 4043
3 4003 4043 4004
3 4004 4043 4044
3 4004 4044 4005
3 4005 4044 4045
3 4005 4045 4006
3 4006 4045 4046
3 4006 4046 4007
3 4007 4046 4047
3 4007 4047 4008
3 4008 4047 4048
3 4008 4048 4009
3 4009 4048 4049
3 4009 4049 4010
3 4010 4049 4050
3 4010 4050 4011
3 4011 4050 4051
3 4011 4051 4012
3 4012 4051 4052
3 4012 4052 4013
3 4013 4052 4053
3 4013 4053 4014
3 4014 4053 4054
3 4014 4054 4015
3 4015 4054 4055
3 4015 4055 4016
3 4016 4055 4056
3 4016 4056 4017
3 4017 4056 4057
3 4017 4057 4018
3 4018 4057 4058
3 4018 4058 4019
3 4019 4058 4059
3 4019 4059 4020
3 4020 4059 4060
3 4020 4060 4021
3 4021 4060 4061
3 4021 4061 4022
3 4022 4061 4062
3 4022 4062 4023
3 4023 4062 4063
3 4023 4063 4024
3 4024 4063 4064
3 4024 4064 4025
3 4025 4064 4065
3 4025 4065 4026
3 4026 4065 4066
3 4026 4066 4027
3 4027 4066 4067
3 4027 4067 4028
3 4028 4067 4068
3 4028 4068 4029
3 4029 4068 4069
3 4029 4069 4030
3 4030 4069 4070
3 4030 4070 4031
3 4031 4070 4071
3 4031 4071 4032
3 4032 4071 4072
3 4032 4072 4033
3 4033 4072 4073
3 4033 4073 4034
3 4034 4073 4074
3 4034 4074 4035
3 4035 4074 4075
3 4035 4075 4036
3 4036 4075 4076
3 4036 4076 4037
3 4037 4076 4077
3 4037 4077 4038
3 4038 4077 4078
3 4038 4078 4039
3 4039 4078 4079
3 4040 4080 4041
3 4041 4080 4081
3 4041 4081 4042
3 4042 4081 4082
3 4042 4082 4043
3 4043 4082 4083
3 4043 4083 4044
3 4044 4083 4084
3 4044 4084 4045
3 4045 4084 4085
3 4045 4085 4046
3 4046 4085 4086
3 4046 4086 4047
3 4047 4086 4087
3 4047 4087 4048
3 4048 4087 4088
3 4048 4088 4049
3 4049 4088 4089
3 4049 4089 4050
3 4050 4089 4090
3 4050 4090 4051
3 4051 4090 4091
3 4051 4091 4052
3 4052 4091 4092
3 4052 4092 4053
3 4053 4092 4093
3 4053 4093 4054
3 4054 4093 4094
3 4054 4094 4055
3 4055 4094 4095
3 4055 4095 4056
3 4056 4095 4096
3 4056 4096 4057
3 4057 4096 4097
3 4057 4097 4058
3 4058 4097 4098
3 4058 4098 4059
3 4059 4098 4099
3 4059 4099 4060
3 4060 4099 4100
3 4060 4100 4061
3 4061 4100 4101
3 4061 4101 4062
3 4062 4101 4102
3 4062 4102 4063
3 4063 4102 4103
3 4063 4103 4064
3 4064 4103 4104
3 4064 4104 4065
3 4065 4104 4105
3 4065 4105 4066
3 4066 4105 4106
3 4066 4106 4067
3 4067 4106 4107
3 4067 4107 4068
3 4068 4107 4108
3 4068 4108 4069
3 4069 4108 4109
3 4069 4109 4070
3 4070 4109 4110
3 4070 4110 4071
3 4071 4110 4111
3 4071 4111 4072
3 4072 4111 4112
3 4072 4112 4073
3 4073 4112 4113
3 4073 4113 4074
3 4074 4113 4114
3 4074 4114 4075
3 4075 4114 4115
3 4075 4115 4076
3 4076 4115 4116
3 4076 4116 4077
3 4077 4116 4117
3 4077 4117 4078
3 4078 4117 4118
3 4078 4118 4079
3 4079 4118 4119
3 4080 4120 4081
3 4081 4120 4121
3 4081 4121 4082
3 4082 4121 4122
3 4082 4122 4083
3 4083 4122 4123
3 4083 4123 4084
3 4084 4123 4124
3 4084 4124 4085
3 4085 4124 4125
3 4085 4125 4086
3 4086 4125 4126
3 4086 4126 4087
3 4087 4126 4127
3 4087 4127 4088
3 4088 4127 4128
3 4088 4128 4089
3 4089 4128 4129
3 4089 4129 4090
3 4090 4129 4130
3 4090 4130 4091
3 4091 4130 4131
3 4091 4131 4092
3 4092 4131 4132
3 4092 4132 4093
3 4093 4132 4133
3 4093 4133 4094
3 4094 4133 4134
3 4094 4134 4095
3 4095 4134 4135
3 4095 4135 4096
3 4096 4135 4136
3 4096 4136 4097
3 4097 4136 4137
3 4097 4137 4098
3 4098 4137 4138
3 4098 4138 4099
3 4099 4138 4139
3 4099 4139 4100
3 4100 4139 4140
3 4100 4140 4101
3 4101 4140 4141
3 4101 4141 4102
3 4102 4141 4142
3 4102 4142 4103
3 4103 4142 4143
3 4103 4143 4104
3 4104 4143 4144
3 4104 4144 4105
3 4105 4144 4145
3 4105 4145 4106
3 4106 4145 4146
3 4106 4146 4107
3 4107 4146 4147
3 4107 4147 4108
3 4108 4147 4148
3 4108 4148 4109
3 4109 4148 4149
3 4109 4149 4110
3 4110 4149 4150
3 4110 4150 4111
3 4111 4150 4151
3 4111 4151 4112
3 4112 4151 4152
3 4112 4152 4113
3 4113 4152 4153
3 4113 4153 4114
3 4114 4153 4154
3 4114 4154 4115
3 4115 4154 4155
3 4115 4155 4116
3 4116 4155 4156
3 4116 4156 4117
3 4117 4156 4157
3 4117 4157 4118
3 4118 4157 4158
3 4118 4158 4119
3 4119 4158 4159
3 4120 4160 4121
3 4121 4160 4161
3 4121 4161 4122
3 4122 4161 4162
3 4122 4162 4123
3 4123 4162 4163
3 4123 4163 4124
3 4124 4163 4164
3 4124 4164 4125
3 4125 4164 4165
3 4125 4165 4126
3 4126 4165 4166
3 4126 4166 4127
3 4127 4166 4167
3 4127 4167 4128
3 4128 4167 4168
3 4128 4168 4129
3 4129 4168 4169
3 4129 4169 4130
3 4130 4169 4170
3 4130 4170 4131
3 4131 4170 4171
3 4131 4171 4132
3 4132 4171 4172
3 4132 4172 4133
3 4133 4172 4173
3 4133 4173 4134
3 4134 4173 4174
3 4134 4174 4135
3 4135 4174 4175
3 4135 4175 4136
3 4136 4175 4176
3 4136 4176 4137
3 4137 4176 4177
3 4137 4177 4138
3 4138 4177 4178
3 4138 4178 4139
3 4139 4178 4179
3 4139 4179 4140
3 4140 4179 4180
3 4140 4180 4141
3 4141 4180 4181
3 4141 4181 4142
3 4142 4181 4182
3 4142 4182 4143
3 4143 4182 4183
3 4143 4183 4144
3 4144 4183 4184
3 4144 4184 4145
3 4145 4184 4185
3 4145 4185 4146
3 4146 4185 4186
3 4146 4186 4147
3 4147 4186 4187
3 4147 4187 4148
3 4148 4187 4188
3 4148 4188 4149
3 4149 4188 4189
3 4149 4189 4150
3 4150 4189 4190
3 4150 4190 4151
3 4151 4190 4191
3 4151 4191 4152
3 4152 4191 4192
3 4152 4192 4153
3 4153 4192 4193
3 4153 4193 4154
3 4154 4193 4194
3 4154 4194 4155
3 4155 4194 4195
3 4155 4195 4156
3 4156 4195 4196
3 4156 4196 4157
3 4157 4196 4197
3 4157 4197 4158
3 4158 4197 4198
3 4158 4198 4159
3 4159 4198 4199
3 4160 4200 4161
3 4161 4200 4201
3 4161 4201 4162
3 4162 4201 4202
3 4162 4202 4163
3 4163 4202 4203
3 4163 4203 4164
3 4164 4203 4204
3 4164 4204 4165
3 4165 4204 4205
3 4165 4205 4166
3 4166 4205 4206
3 4166 4206 4167
3 4167 4206 4207
3 4167 4207 4168
3 4168 4207 4208
3 4168 4208 4169
3 4169 4208 4209
3 4169 4209 4170
3 4170 4209 4210
3 4170 4210 4171
3 4171 4210 4211
3 4171 4211 4172
3 4172 4211 4212
3 4172 4212 4173
3 4173 4212 4213
3 4173 4213 4174
3 4174 4213 4214
3 4174 4214 4175
3 4175 4214 4215
3 4175 4215 4176
3 4176 4215 4216
3 4176 4216 4177
3 4177 4216 4217
3 4177 4217 4178
3 4178 4217 4218
3 4178 4218 4179
3 4179 4218 4219
3 4179 4219 4180
3 4180 4219 4220
3 4180 4220 4181
3 4181 4220 4221
3 4181 4221 4182
3 4182 4221 4222
3 4182 4222 4183
3 4183 4222 4223
3 4183 4223 4184
3 4184 4223 4224
3 4184 4224 4185
3 4185 4224 4225
3 4185 4225 4186
3 4186 4225 4226
3 4186 4226 4187
3 4187 4226 4227
3 4187 4227 4188
3 4188 4227 4228
3 4188 4228 4189
3 4189 4228 4229
3 4189 4229 4190
3 4190 4229 4230
3 4190 4230 4191
3 4191 4230 4231
3 4191 4231 4192
3 4192 4231 4232
3 4192 4232 4193
3 4193 4232 4233
3 4193 4233 4194
3 4194 4233 4234
3 4194 4234 4195
3 4195 4234 4235
3 4195 4235 4196
3 4196 4235 4236
3 4196 4236 4197
3 4197 4236 4237
3 4197 4237 4198
3 4198 4237 4238
3 4198 4238 4199
3 4199 4238 4239
3 4200 4240 4201
3 4201 4240 4241
3 4201 4241 4202
3 4202 4241 4242
3 4202 4242 4203
3 4203 4242 4243
3 4203 4243 4204
3 4204 4243 4244
3 4204 4244 4205
3 4205 4244 4245
3 4205 4245 4206
3 4206 4245 4246
3 4206 4246 4207
3 4207 4246 4247
3 4207 4247 4208
3 4208 4247 4248
3 4208 4248 4209
3 4209 4248 4249
3 4209 4249 4210
3 4210 4249 4250
3 4210 4250 4211
3 4211 4250 4251
3 4211 4251 4212
3 4212 4251 4252
3 4212 4252 4213
3 4213 4252 4253
3 4213 4253 4214
3 4214 4253 4254
3 4214 4254 4215
3 4215 4254 4255
3 4215 4255 4216
3 4216 4255 4256
3 4216 4256 4217
3 4217 4256 4257
3 4217 4257 4218
3 4218 4257 4258
3 4218 4258 4219
3 4219 4258 4259
3 4219 4259 4220
3 4220 4259 4260
3 4220 4260 4221
3 4221 4260 4261
3 4221 4261 4222
3 4222 4261 4262
3 4222 4262 4223
3 4223 4262 4263
3 4223 4263 4224
3 4224 4263 4264
3 4224 4264 4225
3 4225 4264 4265
3 4225 4265 4226
3 4226 4265 4266
3 4226 4266 4227
3 4227 4266 4267
3 4227 4267 4228
3 4228 4267 4268
3 4228 4268 4229
3 4229 4268 4269
3 4229 4269 4230
3 4230 4269 4270
3 4230 4270 4231
3 4231 4270 4271
3 4231 4271 4232
3 4232 4271 4272
3 4232 4272 4233
3 4233 4272 4273
3 4233 4273 4234
3 4234 4273 4274
3 4234 4274 4235
3 4235 4274 4275
3 4235 4275 4236
3 4236 4275 4276
3 4236 4276 4237
3 4237 4276 4277
3 4237 4277 4238
3 4238 4277 4278
3 4238 4278 4239
3 4239 4278 4279
3 4240 4280 4241
3 4241 4280 4281
3 4241 4281 4242
3 4242 4281 4282
3 4242 4282 4243
3 4243 4282 4283
3 4243 4283 4244
3 4244 4283 4284
3 4244 4284 4245
3 4245 4284 4285
3 4245 4285 4246
3 4246 4285 4286
3 4246 4286 4247
3 4247 4286 4287
3 4247 4287 4248
3 4248 4287 4288
3 4248 4288 4249
3 4249 4288 4289
3 4249 4289 4250
3 4250 4289 4290
3 4250 4290 4251
3 4251 4290 4291
3 4251 4291 4252
3 4252 4291 4292
3 4252 4292 4253
3 4253 4292 4293
3 4253 4293 4254
3 4254 4293 4294
3 4254 4294 4255
3 4255 4294 4295
3 4255 4295 4256
3 4256 4295 4296
3 4256 4296 4257
3 4257 4296 4297
3 4257 4297 4258
3 4258 4297 4298
3 4258 4298 4259
3 4259 4298 4299
3 4259 4299 4260
3 4260 4299 4300
3 4260 4300 4261
3 4261 4300 4301
3 4261 4301 4262
3 4262 4301 4302
3 4262 4302 4263
3 4263 4302 4303
3 4263 4303 4264
3 4264 4303 4304
3 4264 4304 4265
3 4265 4304 4305
3 4265 4305 4266
3 4266 4305 4306
3 4266 4306 4267
3 4267 4306 4307
3 4267 4307 4268
3 4268 4307 4308
3 4268 4308 4269
3 4269 4308 4309
3 4269 4309 4270
3 4270 4309 4310
3 4270 4310 4271
3 4271 4310 4311
3 4271 4311 4272
3 4272 4311 4312
3 4272 4312 4273
3 4273 4312 4313
3 4273 4313 4274
3 4274 4313 4314
3 4274 4314 4275
3 4275 4314 4315
3 4275 4315 4276
3 4276 4315 4316
3 4276 4316 4277
3 4277 4316 4317
3 4277 4317 4278
3 4278 4317 4318
3 4278 4318 4279
3 4279 4318 4319
3 4280 4320 4281
3 4281 4320 4321
3 4281 4321 4282
3 4282 4321 4322
3 4282 4322 4283
3 4283 4322 4323
3 4283 4323 4284
3 4284 4323 4324
3 4284 4324 4285
3 4285 4324 4325
3 4285 4325 4286
3 4286 4325 4326
3 4286 4326 4287
3 4287 4326 4327
3 4287 4327 4288
3 4288 4327 4328
3 4288 4328 4289
3 4289 4328 4329
3 4289 4329 4290
3 4290 4329 4330
3 4290 4330 4291
3 4291 4330 4331
3 4291 4331 4292
3 4292 4331 4332
3 4292 4332 4293
3 4293 4332 4333
3 4293 4333 4294
3 4294 4333 4334
3 4294 4334 4295
3 4295 4334 4335
3 4295 4335 4296
3 4296 4335 4336
3 4296 4336 4297
3 4297 4336 4337
3 4297 4337 4298
3 4298 4337 4338
3 4298 4338 4299
3 4299 4338 4339
3 4299 4339 4300
3 4300 4339 4340
3 4300 4340 4301
3 4301 4340 4341
3 4301 4341 4302
3 4302 4341 4342
3 4302 4342 4303
3 4303 4342 4343
3 4303 4343 4304
3 4304 4343 4344
3 4304 4344 4305
3 4305 4344 4345
3 4305 4345 4306
3 4306 4345 4346
3 4306 4346 4307
3 4307 4346 4347
3 4307 4347 4308
3 4308 4347 4348
3 4308 4348 4309
3 4309 4348 4349
3 4309 4349 4310
3 4310 4349 4350
3 4310 4350 4311
3 4311 4350 4351
3 4311 4351 4312
3 4312 4351 4352
3 4312 4352 4313
3 4313 4352 4353
3 4313 4353 4314
3 4314 4353 4354
3 4314 4354 4315
3 4315 4354 4355
3 4315 4355 4316
3 4316 4355 4356
3 4316 4356 4317
3 4317 4356 4357
3 4317 4357 4318
3 4318 4357 4358
3 4318 4358 4319
3 4319 4358 4359
3 4320 4360 4321
3 4321 4360 4361
3 4321 4361 4322
3 4322 4361 4362
3 4322 4362 4323
3 4323 4362 4363
3 4323 4363 4324
3 4324 4363 4364
3 4324 4364 4325
3 4325 4364 4365
3 4325 4365 4326
3 4326 4365 4366
3 4326 4366 4327
3 4327 4366 4367
3 4327 4367 4328
3 4328 4367 4368
3 4328 4368 4329
3 4329 4368 4369
3 4329 4369 4330
3 4330 4369 4370
3 4330 4370 4331
3 4331 4370 4371
3 4331 4371 4332
3 4332 4371 4372
3 4332 4372 4333
3 4333 4372 4373
3 4333 4373 4334
3 4334 4373 4374
3 4334 4374 4335
3 4335 4374 4375
3 4335 4375 4336
3 4336 4375 4376
3 4336 4376 4337
3 4337 4376 4377
3 4337 4377 4338
3 4338 4377 4378
3 4338 4378 4339
3 4339 4378 4379
3 4339 4379 4340
3 4340 4379 4380
3 4340 4380 4341
3 4341 4380 4381
3 4341 4381 4342
3 4342 4381 4382
3 4342 4382 4343
3 4343 4382 4383
3 4343 4383 4344
3 4344 4383 4384
3 4344 4384 4345
3 4345 4384 4385
3 4345 4385 4346
3 4346 4385 4386
3 4346 4386 4347
3 4347 4386 4387
3 4347 4387 4348
3 4348 4387 4388
3 4348 4388 4349
3 4349 4388 4389
3 4349 4389 4350
3 4350 4389 4390
3 4350 4390 4351
3 4351 4390 4391
3 4351 4391 4352
3 4352 4391 4392
3 4352 4392 4353
3 4353 4392 4393
3 4353 4393 4354
3 4354 4393 4394
3 4354 4394 4355
3 4355 4394 4395
3 4355 4395 4356
3 4356 4395 4396
3 4356 4396 4357
3 4357 4396 4397
3 4357 4397 4358
3 4358 4397 4398
3 4358 4398 4359
3 4359 4398 4399
3 4360 4400 4361
3 4361 4400 4401
3 4361 4401 4362
3 4362 4401 4402
3 4362 4402 4363
3 4363 4402 4403
3 4363 4403 4364
3 4364 4403 4404
3 4364 4404 4365
3 4365 4404 4405
3 4365 4405 4366
3 4366 4405 4406
3 4366 4406 4367
3 4367 4406 4407
3 4367 4407 4368
3 4368 4407 4408
3 4368 4408 4369
3 4369 4408 4409
3 4369 4409 4370
3 4370 4409 4410
3 4370 4410 4371
3 4371 4410 4411
3 4371 4411 4372
3 4372 4411 4412
3 4372 4412 4373
3 4373 4412 4413
3 4373 4413 4374
3 4374 4413 4414
3 4374 4414 4375
3 4375 4414 4415
3 4375 4415 4376
3 4376 4415 4416
3 4376 4416 4377
3 4377 4416 4417
3 4377 4417 4378
3 4378 4417 4418
3 4378 4418 4379
3 4379 4418 4419
3 4379 4419 4380
3 4380 4419 4420
3 4380 4420 4381
3 4381 4420 4421
3 4381 4421 4382
3 4382 4421 4422
3 4382 4422 4383
3 4383 4422 4423
3 4383 4423 4384
3 4384 4423 4424
3 4384 4424 4385
3 4385 4424 4425
3 4385 4425 4386
3 4386 4425 4426
3 4386 4426 4387
3 4387 4426 4427
3 4387 4427 4388
3 4388 4427 4428
3 4388 4428 4389
3 4389 4428 4429
3 4389 4429 4390
3 4390 4429 4430
3 4390 4430 4391
3 4391 4430 4431
3 4391 4431 4392
3 4392 4431 4432
3 4392 4432 4393
3 4393 4432 4433
3 4393 4433 4394
3 4394 4433 4434
3 4394 4434 4395
3 4395 4434 4435
3 4395 4435 4396
3 4396 4435 4436
3 4396 4436 4397
3 4397 4436 4437
3 4397 4437 4398
3 4398 4437 4438
3 4398 4438 4399
3 4399 4438 4439
3 4400 4440 4401
3 4401 4440 4441
3 4401 4441 4402
3 4402 4441 4442
3 4402 4442 4403
3 4403 4442 4443
3 4403 4443 4404
3 4404 4443 4444
3 4404 4444 4405
3 4405 4444 4445
3 4405 4445 4406
3 4406 4445 4446
3 4406 4446 4407
3 4407 4446 4447
3 4407 4447 4408
3 4408 4447 4448
3 4408 4448 4409
3 4409 4448 4449
3 4409 4449 4410
3 4410 4449 4450
3 4410 4450 4411
3 4411 4450 4451
3 4411 4451 4412
3 4412 4451 4452
3 4412 4452 4413
3 4413 4452 4453
3 4413 4453 4414
3 4414 4453 4454
3 4414 4454 4415
3 4415 4454 4455
3 4415 4455 4416
3 4416 4455 4456
3 4416 4456 4417
3 4417 4456 4457
3 4417 4457 4418
3 4418 4457 4458
3 4418 4458 4419
3 4419 4458 4459
3 4419 4459 4420
3 4420 4459 4460
3 4420 4460 4421
3 4421 4460 4461
3 4421 4461 4422
3 4422 4461 4462
3 4422 4462 4423
3 4423 4462 4463
3 4423 4463 4424
3 4424 4463 4464
3 4424 4464 4425
3 4425 4464 4465
3 4425 4465 4426
3 4426 4465 4466
3 4426 4466 4427
3 4427 4466 4467
3 4427 4467 4428
3 4428 4467 4468
3 4428 4468 4429
3 4429 4468 4469
3 4429 4469 4430
3 4430 4469 4470
3 4430 4470 4431
3 4431 4470 4471
3 4431 4471 4432
3 4432 4471 4472
3 4432 4472 4433
3 4433 4472 4473
3 4433 4473 4434
3 4434 4473 4474
3 4434 4474 4435
3 4435 4474 4475
3 4435 4475 4436
3 4436 4475 4476
3 4436 4476 4437
3 4437 4476 4477
3 4437 4477 4438
3 4438 4477 4478
3 4438 4478 4439
3 4439 4478 4479
3 4440 4480 4441
3 4441 4480 4481
3 4441 4481 4442
3 4442 4481 4482
3 4442 4482 4443
3 4443 4482 4483
3 4443 4483 4444
3 4444 4483 4484
3 4444 4484 4445
3 4445 4484 4485
3 4445 4485 4446
3 4446 4485 4486
3 4446 4486 4447
3 4447 4486 4487
3 4447 4487 4448
3 4448 4487 4488
3 4448 4488 4449
3 4449 4488 4489
3 4449 4489 4450
3 4450 4489 4490
3 4450 4490 4451
3 4451 4490 4491
3 4451 4491 4452
3 4452 4491 4492
3 4452 4492 4453
3 4453 4492 4493
3 4453 4493 4454
3 4454 4493 4494
3 4454 4494 4455
3 4455 4494 4495
3 4455 4495 4456
3 4456 4495 4496
3 4456 4496 4457
3 4457 4496 4497
3 4457 4497 4458
3 4458 4497 4498
3 4458 4498 4459
3 4459 4498 4499
3 4459 4499 4460
3 4460 4499 4500
3 4460 4500 4461
3 4461 4500 4501
3 4461 4501 4462
3 4462 4501 4502
3 4462 4502 4463
3 4463 4502 4503
3 4463 4503 4464
3 4464 4503 4504
3 4464 4504 4465
3 4465 4504 4505
3 4465 4505 4466
3 4466 4505 4506
3 4466 4506 4467
3 4467 4506 4507
3 4467 4507 4468
3 4468 4507 4508
3 4468 4508 4469
3 4469 4508 4509
3 4469 4509 4470
3 4470 4509 4510
3 4470 4510 4471
3 4471 4510 4511
3 4471 4511 4472
3 4472 4511 4512
3 4472 4512 4473
3 4473 4512 4513
3 4473 4513 4474
3 4474 4513 4514
3 4474 4514 4475
3 4475 4514 4515
3 4475 4515 4476
3 4476 4515 4516
3 4476 4516 4477
3 4477 4516 4517
3 4477 4517 4478
3 4478 4517 4518
3 4478 4518 4479
3 4479 4518 4519
3 4480 4520 4481
3 4481 4520 4521
3 4481 4521 4482
3 4482 4521 4522
3 4482 4522 4483
3 4483 4522 4523
3 4483 4523 4484
3 4484 4523 4524
3 4484 4524 4485
3 4485 4524 4525
3 4485 4525 4486
3 4486 4525 4526
3 4486 4526 4487
3 4487 4526 4527
3 4487 4527 4488
3 4488 4527 4528
3 4488 4528 4489
3 4489 4528 4529
3 4489 4529 4490
3 4490 4529 4530
3 4490 4530 4491
3 4491 4530 4531
3 4491 4531 4492
3 4492 4531 4532
3 4492 4532 4493
3 4493 4532 4533
3 4493 4533 4494
3 4494 4533 4534
3 4494 4534 4495
3 4495 4534 4535
3 4495 4535 4496
3 4496 4535 4536
3 4496 4536 4497
3 4497 4536 4537
3 4497 4537 4498
3 4498 4537 4538
3 4498 4538 4499
3 4499 4538 4539
3 4499 4539 4500
3 4500 4539 4540
3 4500 4540 4501
3 4501 4540 4541
3 4501 4541 4502
3 4502 4541 4542
3 4502 4542 4503
3 4503 4542 4543
3 4503 4543 4504
3 4504 4543 4544
3 4504 4544 4505
3 4505 4544 4545
3 4505 4545 4506
3 4506 4545 4546
3 4506 4546 4507
3 4507 4546 4547
3 4507 4547 4508
3 4508 4547 4548
3 4508 4548 4509
3 4509 4548 4549
3 4509 4549 4510
3 4510 4549 4550
3 4510 4550 4511
3 4511 4550 4551
3 4511 4551 4512
3 4512 4551 4552
3 4512 4552 4513
3 4513 4552 4553
3 4513 4553 4514
3 4514 4553 4554
3 4514 4554 4515
3 4515 4554 4555
3 4515 4555 4516
3 4516 4555 4556
3 4516 4556 4517
3 4517 4556 4557
3 4517 4557 4518
3 4518 4557 4558
3 4518 4558 4519
3 4519 4558 4559
3 4520 4560 4521
3 4521 4560 4561
3 4521 4561 4522
3 4522 4561 4562
3 4522 4562 4523
3 4523 4562 4563
3 4523 4563 4524
3 4524 4563 4564
3 4524 4564 4525
3 4525 4564 4565
3 4525 4565 4526
3 4526 4565 4566
3 4526 4566 4527
3 4527 4566 4567
3 4527 4567 4528
3 4528 4567 4568
3 4528 4568 4529
3 4529 4568 4569
3 4529 4569 4530
3 4530 4569 4570
3 4530 4570 4531
3 4531 4570 4571
3 4531 4571 4532
3 4532 4571 4572
3 4532 4572 4533
3 4533 4572 4573
3 4533 4573 4534
3 4534 4573 4574
3 4534 4574 4535
3 4535 4574 4575
3 4535 4575 4536
3 4536 4575 4576
3 4536 4576 4537
3 4537 4576 4577
3 4537 4577 4538
3 4538 4577 4578
3 4538 4578 4539
3 4539 4578 4579
3 4539 4579 4540
3 4540 4579 4580
3 4540 4580 4541
3 4541 4580 4581
3 4541 4581 4542
3 4542 4581 4582
3 4542 4582 4543
3 4543 4582 4583
3 4543 4583 4544
3 4544 4583 4584
3 4544 4584 4545
3 4545 4584 4585
3 4545 4585 4546
3 4546 4585 4586
3 4546 4586 4547
3 4547 4586 4587
3 4547 4587 4548
3 4548 4587 4588
3 4548 4588 4549
3 4549 4588 4589
3 4549 4589 4550
3 4550 4589 4590
3 4550 4590 4551
3 4551 4590 4591
3 4551 4591 4552
3 4552 4591 4592
3 4552 4592 4553
3 4553 4592 4593
3 4553 4593 4554
3 4554 4593 4594
3 4554 4594 4555
3 4555 4594 4595
3 4555 4595 4556
3 4556 4595 4596
3 4556 4596 4557
3 4557 4596 4597
3 4557 4597 4558
3 4558 4597 4598
3 4558 4598 4559
3 4559 4598 4599
3 4560 4600 4561
3 4561 4600 4601
3 4561 4601 4562
3 4562 4601 4602
3 4562 4602 4563
3 4563 4602 4603
3 4563 4603 4564
3 4564 4603 4604
3 4564 4604 4565
3 4565 4604 4605
3 4565 4605 4566
3 4566 4605 4606
3 4566 4606 4567
3 4567 4606 4607
3 4567 4607 4568
3 4568 4607 4608
3 4568 4608 4569
3 4569 4608 4609
3 4569 4609 4570
3 4570 4609 4610
3 4570 4610 4571
3 4571 4610 4611
3 4571 4611 4572
3 4572 4611 4612
3 4572 4612 4573
3 4573 4612 4613
3 4573 4613 4574
3 4574 4613 4614
3 4574 4614 4575
3 4575 4614 4615
3 4575 4615 4576
3 4576 4615 4616
3 4576 4616 4577
3 4577 4616 4617
3 4577 4617 4578
3 4578 4617 4618
3 4578 4618 4579
3 4579 4618 4619
3 4579 4619 4580
3 4580 4619 4620
3 4580 4620 4581
3 4581 4620 4621
3 4581 4621 4582
3 4582 4621 4622
3 4582 4622 4583
3 4583 4622 4623
3 4583 4623 4584
3 4584 4623 4624
3 4584 4624 4585
3 4585 4624 4625
3 4585 4625 4586
3 4586 4625 4626
3 4586 4626 4587
3 4587 4626 4627
3 4587 4627 4588
3 4588 4627 4628
3 4588 4628 4589
3 4589 4628 4629
3 4589 4629 4590
3 4590 4629 4630
3 4590 4630 4591
3 4591 4630 4631
3 4591 4631 4592
3 4592 4631 4632
3 4592 4632 4593
3 4593 4632 4633
3 4593 4633 4594
3 4594 4633 4634
3 4594 4634 4595
3 4595 4634 4635
3 4595 4635 4596
3 4596 4635 4636
3 4596 4636 4597
3 4597 4636 4637
3 4597 4637 4598
3 4598 4637 4638
3 4598 4638 4599
3 4599 4638 4639
3 4600 4640 4601
3 4601 4640 4641
3 4601 4641 4602
3 4602 4641 4642
3 4602 4642 4603
3 4603 4642 4643
3 4603 4643 4604
3 4604 4643 4644
3 4604 4644 4605
3 4605 4644 4645
3 4605 4645 4606
3 4606 4645 4646
3 4606 4646 4607
3 4607 4646 4647
3 4607 4647 4608
3 4608 4647 4648
3 4608 4648 4609
3 4609 4648 4649
3 4609 4649 4610
3 4610 4649 4650
3 4610 4650 4611
3 4611 4650 4651
3 4611 4651 4612
3 4612 4651 4652
3 4612 4652 4613
3 4613 4652 4653
3 4613 4653 4614
3 4614 4653 4654
3 4614 4654 4615
3 4615 4654 4655
3 4615 4655 4616
3 4616 4655 4656
3 4616 4656 4617
3 4617 4656 4657
3 4617 4657 4618
3 4618 4657 4658
3 4618 4658 4619
3 4619 4658 4659
3 4619 4659 4620
3 4620 4659 4660
3 4620 4660 4621
3 4621 4660 4661
3 4621 4661 4622
3 4622 4661 4662
3 4622 4662 4623
3 4623 4662 4663
3 4623 4663 4624
3 4624 4663 4664
3 4624 4664 4625
3 4625 4664 4665
3 4625 4665 4626
3 4626 4665 4666
3 4626 4666 4627
3 4627 4666 4667
3 4627 4667 4628
3 4628 4667 4668
3 4628 4668 4629
3 4629 4668 4669
3 4629 4669 4630
3 4630 4669 4670
3 4630 4670 4631
3 4631 4670 4671
3 4631 4671 4632
3 4632 4671 4672
3 4632 4672 4633
3 4633 4672 4673
3 4633 4673 4634
3 4634 4673 4674
3 4634 4674 4635
3 4635 4674 4675
3 4635 4675 4636
3 4636 4675 4676
3 4636 4676 4637
3 4637 4676 4677
3 4637 4677 4638
3 4638 4677 4678
3 4638 4678 4639
3 4639 4678 4679
3 4640 4680 4641
3 4641 4680 4681
3 4641 4681 4642
3 4642 4681 4682
3 4642 4682 4643
3 4643 4682 4683
3 4643 4683 4644
3 4644 4683 4684
3 4644 4684 4645
3 4645 4684 4685
3 4645 4685 4646
3 4646 4685 4686
3 4646 4686 4647
3 4647 4686 4687
3 4647 4687 4648
3 4648 4687 4688
3 4648 4688 4649
3 4649 4688 4689
3 4649 4689 4650
3 4650 4689 4690
3 4650 4690 4651
3 4651 4690 4691
3 4651 4691 4652
3 4652 4691 4692
3 4652 4692 4653
3 4653 4692 4693
3 4653 4693 4654
3 4654 4693 4694
3 4654 4694 4655
3 4655 4694 4695
3 4655 4695 4656
3 4656 4695 4696
3 4656 4696 4657
3 4657 4696 4697
3 4657 4697 4658
3 4658 4697 4698
3 4658 4698 4659
3 4659 4698 4699
3 4659 4699 4660
3 4660 4699 4700
3 4660 4700 4661
3 4661 4700 4701
3 4661 4701 4662
3 4662 4701 4702
3 4662 4702 4663
3 4663 4702 4703
3 4663 4703 4664
3 4664 4703 4704
3 4664 4704 4665
3 4665 4704 4705
3 4665 4705 4666
3 4666 4705 4706
3 4666 4706 4667
3 4667 4706 4707
3 4667 4707 4668
3 4668 4707 4708
3 4668 4708 4669
3 4669 4708 4709
3 4669 4709 4670
3 4670 4709 4710
3 4670 4710 4671
3 4671 4710 4711
3 4671 4711 4672
3 4672 4711 4712
3 4672 4712 4673
3 4673 4712 4713
3 4673 4713 4674
3 4674 4713 4714
3 4674 4714 4675
3 4675 4714 4715
3 4675 4715 4676
3 4676 4715 4716
3 4676 4716 4677
3 4677 4716 4717
3 4677 4717 4678
3 4678 4717 4718
3 4678 4718 4679
3 4679 4718 4719
3 4680 4720 4681
3 4681 4720 4721
3 4681 4721 4682
3 4682 4721 4722
3 4682 4722 4683
3 4683 4722 4723
3 4683 4723 4684
3 4684 4723 4724
3 4684 4724 4685
3 4685 4724 4725
3 4685 4725 4686
3 4686 4725 4726
3 4686 4726 4687
3 4687 4726 4727
3 4687 4727 4688
3 4688 4727 4728
3 4688 4728 4689
3 4689 4728 4729
3 4689 4729 4690
3 4690 4729 4730
3 4690 4730 4691
3 4691 4730 4731
3 4691 4731 4692
3 4692 4731 4732
3 4692 4732 4693
3 4693 4732 4733
3 4693 4733 4694
3 4694 4733 4734
3 4694 4734 4695
3 4695 4734 4735
3 4695 4735 4696
3 4696 4735 4736
3 4696 4736 4697
3 4697 4736 4737
3 4697 4737 4698
3 4698 4737 4738
3 4698 4738 4699
3 4699 4738 4739
3 4699 4739 4700
3 4700 4739 4740
3 4700 4740 4701
3 4701 4740 4741
3 4701 4741 4702
3 4702 4741 4742
3 4702 4742 4703
3 4703 4742 4743
3 4703 4743 4704
3 4704 4743 4744
3 4704 4744 4705
3 4705 4744 4745
3 4705 4745 4706
3 4706 4745 4746
3 4706 4746 4707
3 4707 4746 4747
3 4707 4747 4708
3 4708 4747 4748
3 4708 4748 4709
3 4709 4748 4749
3 4709 4749 4710
3 4710 4749 4750
3 4710 4750 4711
3 4711 4750 4751
3 4711 4751 4712
3 4712 4751 4752
3 4712 4752 4713
3 4713 4752 4753
3 4713 4753 4714
3 4714 4753 4754
3 4714 4754 4715
3 4715 4754 4755
3 4715 4755 4716
3 4716 4755 4756
3 4716 4756 4717
3 4717 4756 4757
3 4717 4757 4718
3 4718 4757 4758
3 4718 4758 4719
3 4719 4758 4759
3 4720 4760 4721
3 4721 4760 4761
3 4721 4761 4722
3 4722 4761 4762
3 4722 4762 4723
3 4723 4762 4763
3 4723 4763 4724
3 4724 4763 4764
3 4724 4764 4725
3 4725 4764 4765
3 4725 4765 4726
3 4726 4765 4766
3 4726 4766 4727
3 4727 4766 4767
3 4727 4767 4728
3 4728 4767 4768
3 4728 4768 4729
3 4729 4768 4769
3 4729 4769 4730
3 4730 4769 4770
3 4730 4770 4731
3 4731 4770 4771
3 4731 4771 4732
3 4732 4771 4772
3 4732 4772 4733
3 4733 4772 4773
3 4733 4773 4734
3 4734 4773 4774
3 4734 4774 4735
3 4735 4774 4775
3 4735 4775 4736
3 4736 4775 4776
3 4736 4776 4737
3 4737 4776 4777
3 4737 4777 4738
3 4738 4777 4778
3 4738 4778 4739
3 4739 4778 4779
3 4739 4779 4740
3 4740 4779 4780
3 4740 4780 4741
3 4741 4780 4781
3 4741 4781 4742
3 4742 4781 4782
3 4742 4782 4743
3 4743 4782 4783
3 4743 4783 4744
3 4744 4783 4784
3 4744 4784 4745
3 4745 4784 4785
3 4745 4785 4746
3 4746 4785 4786
3 4746 4786 4747
3 4747 4786 4787
3 4747 4787 4748
3 4748 4787 4788
3 4748 4788 4749
3 4749 4788 4789
3 4749 4789 4750
3 4750 4789 4790
3 4750 4790 4751
3 4751 4790 4791
3 4751 4791 4752
3 4752 4791 4792
3 4752 4792 4753
3 4753 4792 4793
3 4753 4793 4754
3 4754 4793 4794
3 4754 4794 4755
3 4755 4794 4795
3 4755 4795 4756
3 4756 4795 4796
3 4756 4796 4757
3 4757 4796 4797
3 4757 4797 4758
3 4758 4797 4798
3 4758 4798 4759
3 4759 4798 4799
