# vtk DataFile Version 3.0
wing
ASCII
DATASET POLYDATA
POINTS 4800 float
-0.9556005080712667 -0.2639981848638642 0.13089166269293834
-0.9310979309412343 -0.25722900063658566 0.12753546621363224
-0.9065953538112017 -0.2504598164093071 0.12417926973432611
-0.8820927766811694 -0.24369063218202852 0.12082307325502001
-0.8575901995511368 -0.23692144795474995 0.1174668767757139
-0.8330876224211043 -0.23015226372747138 0.11411068029640778
-0.8085850452910719 -0.22338307950019282 0.11075448381710166
-0.7840824681610393 -0.21661389527291422 0.10739828733779555
-0.759579891031007 -0.20984471104563568 0.10404209085848945
-0.7350773139009744 -0.2030755268183571 0.10068589437918334
-0.710574736770942 -0.19630634259107854 0.09732969789987723
-0.6860721596409094 -0.18953715836379995 0.09397350142057112
-0.6615695825108769 -0.18276797413652138 0.090617304941265
-0.6370670053808446 -0.17599878990924284 0.0872611084619589
-0.6125644282508119 -0.16922960568196424 0.08390491198265278
-0.5880618511207796 -0.1624604214546857 0.08054871550334668
-0.563559273990747 -0.1556912372274071 0.07719251902404056
-0.5390566968607146 -0.14892205300012853 0.07383632254473445
-0.5145541197306822 -0.14215286877285 0.07048012606542835
-0.49005154260064954 -0.1353836845455714 0.06712392958612222
-0.4655489654706172 -0.12861450031829283 0.06376773310681612
-0.4410463883405847 -0.12184531609101426 0.060411536627510004
-0.4165438112105522 -0.11507613186373569 0.05705534014820389
-0.39204123408051966 -0.10830694763645711 0.053699143668897775
-0.36753865695048715 -0.10153776340917854 0.05034294718959166
-0.34303607982045475 -0.0947685791819 0.04698675071028557
-0.3185335026904223 -0.08799939495462142 0.04363055423097945
-0.2940309255603898 -0.08123021072734285 0.04027435775167334
-0.2695283484303573 -0.07446102650006427 0.036918161272367224
-0.24502577130032477 -0.0676918422727857 0.03356196479306111
-0.2205231941702924 -0.060922658045507144 0.03020576831375501
-0.1960206170402599 -0.05415347381822857 0.026849571834448895
-0.17151803991022738 -0.04738428959095 0.023493375355142784
-0.1470154627801949 -0.040615105363671425 0.02013717887583667
-0.12251288565016238 -0.03384592113639285 0.016780982396530555
-0.09801030852013 -0.027076736909114302 0.013424785917224456
-0.0735077313900975 -0.020307552681835726 0.010068589437918342
-0.049005154260065 -0.013538368454557151 0.006712392958612228
-0.0245025771300325 -0.0067691842272785754 0.003356196479306114
0.0 0.0 0.0
-0.9556005080712667 -0.25466615841814527 0.1497136257735884
-0.9310979309412343 -0.24789697419086668 0.1463574292942823
-0.9065953538112017 -0.2411277899635881 0.14300123281497618
-0.8820927766811694 -0.23435860573630954 0.13964503633567008
-0.8575901995511368 -0.22758942150903097 0.13628883985636397
-0.8330876224211043 -0.2208202372817524 0.13293264337705785
-0.8085850452910719 -0.21405105305447383 0.12957644689775175
-0.7840824681610393 -0.20728186882719524 0.12622025041844562
-0.759579891031007 -0.2005126845999167 0.12286405393913952
-0.7350773139009744 -0.19374350037263813 0.1195078574598334
-0.710574736770942 -0.18697431614535956 0.1161516609805273
-0.6860721596409094 -0.18020513191808096 0.11279546450122119
-0.6615695825108769 -0.1734359476908024 0.10943926802191507
-0.6370670053808446 -0.16666676346352385 0.10608307154260897
-0.6125644282508119 -0.15989757923624526 0.10272687506330284
-0.5880618511207796 -0.15312839500896672 0.09937067858399674
-0.563559273990747 -0.14635921078168812 0.09601448210469063
-0.5390566968607146 -0.13959002655440955 0.09265828562538451
-0.5145541197306822 -0.132820842327131 0.08930208914607841
-0.49005154260064954 -0.12605165809985241 0.08594589266677229
-0.4655489654706172 -0.11928247387257386 0.08258969618746619
-0.4410463883405847 -0.11251328964529529 0.07923349970816007
-0.4165438112105522 -0.10574410541801672 0.07587730322885396
-0.39204123408051966 -0.09897492119073814 0.07252110674954784
-0.36753865695048715 -0.09220573696345957 0.06916491027024173
-0.34303607982045475 -0.08543655273618103 0.06580871379093564
-0.3185335026904223 -0.07866736850890245 0.06245251731162952
-0.2940309255603898 -0.07189818428162388 0.059096320832323405
-0.2695283484303573 -0.0651290000543453 0.05574012435301729
-0.24502577130032477 -0.05835981582706672 0.05238392787371118
-0.2205231941702924 -0.05159063159978817 0.049027731394405076
-0.1960206170402599 -0.04482144737250959 0.04567153491509896
-0.17151803991022738 -0.038052263145231024 0.042315338435792854
-0.1470154627801949 -0.03128307891795245 0.03895914195648674
-0.12251288565016238 -0.024513894690673877 0.035602945477180625
-0.09801030852013 -0.01774471046339533 0.032246748997874525
-0.0735077313900975 -0.010975526236116752 0.02889055251856841
-0.049005154260065 -0.004206342008838177 0.0255343560392623
-0.0245025771300325 0.0025628422184403982 0.022178159559956185
0.0 0.009332026445718974 0.01882196308065007
-0.9556005080712667 -0.2453341319724263 0.16853558885423847
-0.9310979309412343 -0.23856494774514772 0.16517939237493237
-0.9065953538112017 -0.23179576351786915 0.16182319589562624
-0.8820927766811694 -0.22502657929059058 0.15846699941632014
-0.8575901995511368 -0.21825739506331202 0.15511080293701404
-0.8330876224211043 -0.21148821083603345 0.1517546064577079
-0.8085850452910719 -0.20471902660875488 0.1483984099784018
-0.7840824681610393 -0.19794984238147628 0.14504221349909568
-0.759579891031007 -0.19118065815419774 0.14168601701978958
-0.7350773139009744 -0.18441147392691917 0.13832982054048348
-0.710574736770942 -0.1776422896996406 0.13497362406117738
-0.6860721596409094 -0.170873105472362 0.13161742758187125
-0.6615695825108769 -0.16410392124508344 0.12826123110256515
-0.6370670053808446 -0.1573347370178049 0.12490503462325904
-0.6125644282508119 -0.1505655527905263 0.12154883814395291
-0.5880618511207796 -0.14379636856324776 0.11819264166464681
-0.563559273990747 -0.13702718433596917 0.1148364451853407
-0.5390566968607146 -0.1302580001086906 0.11148024870603458
-0.5145541197306822 -0.12348881588141204 0.10812405222672848
-0.49005154260064954 -0.11671963165413345 0.10476785574742235
-0.4655489654706172 -0.10995044742685488 0.10141165926811625
-0.4410463883405847 -0.10318126319957631 0.09805546278881014
-0.4165438112105522 -0.09641207897229774 0.09469926630950402
-0.39204123408051966 -0.08964289474501916 0.09134306983019791
-0.36753865695048715 -0.08287371051774059 0.0879868733508918
-0.34303607982045475 -0.07610452629046205 0.08463067687158571
-0.3185335026904223 -0.06933534206318347 0.0812744803922796
-0.2940309255603898 -0.0625661578359049 0.07791828391297348
-0.2695283484303573 -0.05579697360862632 0.07456208743366737
-0.24502577130032477 -0.049027789381347754 0.07120589095436125
-0.2205231941702924 -0.0422586051540692 0.06784969447505515
-0.1960206170402599 -0.035489420926790624 0.06449349799574904
-0.17151803991022738 -0.028720236699512052 0.06113730151644292
-0.1470154627801949 -0.021951052472233477 0.05778110503713681
-0.12251288565016238 -0.015181868244954901 0.05442490855783069
-0.09801030852013 -0.008412684017676354 0.0510687120785246
-0.0735077313900975 -0.0016434997903977788 0.047712515599218484
-0.049005154260065 0.0051256844368807964 0.04435631911991237
-0.0245025771300325 0.011894868664159373 0.041000122640606255
0.0 0.018664052891437948 0.03764392616130014
-0.9556005080712667 -0.2360021055267073 0.18735755193488854
-0.9310979309412343 -0.22923292129942874 0.18400135545558244
-0.9065953538112017 -0.22246373707215017 0.1806451589762763
-0.8820927766811694 -0.2156945528448716 0.1772889624969702
-0.8575901995511368 -0.20892536861759303 0.1739327660176641
-0.8330876224211043 -0.20215618439031446 0.17057656953835798
-0.8085850452910719 -0.1953870001630359 0.16722037305905188
-0.7840824681610393 -0.1886178159357573 0.16386417657974575
-0.759579891031007 -0.18184863170847876 0.16050798010043965
-0.7350773139009744 -0.1750794474812002 0.15715178362113355
-0.710574736770942 -0.16831026325392162 0.15379558714182745
-0.6860721596409094 -0.16154107902664303 0.15043939066252132
-0.6615695825108769 -0.15477189479936446 0.14708319418321522
-0.6370670053808446 -0.14800271057208592 0.14372699770390912
-0.6125644282508119 -0.14123352634480732 0.140370801224603
-0.5880618511207796 -0.13446434211752878 0.1370146047452969
-0.563559273990747 -0.12769515789025018 0.13365840826599076
-0.5390566968607146 -0.12092597366297161 0.13030221178668466
-0.5145541197306822 -0.11415678943569307 0.12694601530737856
-0.49005154260064954 -0.10738760520841448 0.12358981882807242
-0.4655489654706172 -0.10061842098113591 0.12023362234876632
-0.4410463883405847 -0.09384923675385734 0.1168774258694602
-0.4165438112105522 -0.08708005252657877 0.11352122939015409
-0.39204123408051966 -0.08031086829930019 0.11016503291084798
-0.36753865695048715 -0.07354168407202162 0.10680883643154186
-0.34303607982045475 -0.06677249984474308 0.10345263995223578
-0.3185335026904223 -0.0600033156174645 0.10009644347292966
-0.2940309255603898 -0.05323413139018593 0.09674024699362355
-0.2695283484303573 -0.04646494716290735 0.09338405051431743
-0.24502577130032477 -0.03969576293562878 0.09002785403501132
-0.2205231941702924 -0.032926578708350224 0.08667165755570522
-0.1960206170402599 -0.026157394481071652 0.0833154610763991
-0.17151803991022738 -0.019388210253793083 0.07995926459709299
-0.1470154627801949 -0.012619026026514506 0.07660306811778687
-0.12251288565016238 -0.0058498417992359315 0.07324687163848076
-0.09801030852013 0.0009193424280426163 0.06989067515917466
-0.0735077313900975 0.007688526655321192 0.06653447867986854
-0.049005154260065 0.014457710882599768 0.06317828220056243
-0.0245025771300325 0.02122689510987834 0.059822085721256316
0.0 0.027996079337156917 0.0564658892419502
-0.9556005080712667 -0.22667007908098832 0.2061795150155386
-0.9310979309412343 -0.21990089485370976 0.2028233185362325
-0.9065953538112017 -0.2131317106264312 0.19946712205692638
-0.8820927766811694 -0.20636252639915262 0.19611092557762028
-0.8575901995511368 -0.19959334217187405 0.19275472909831418
-0.8330876224211043 -0.19282415794459548 0.18939853261900805
-0.8085850452910719 -0.1860549737173169 0.18604233613970195
-0.7840824681610393 -0.17928578949003832 0.18268613966039582
-0.759579891031007 -0.17251660526275978 0.17932994318108972
-0.7350773139009744 -0.1657474210354812 0.17597374670178362
-0.710574736770942 -0.15897823680820264 0.17261755022247752
-0.6860721596409094 -0.15220905258092404 0.1692613537431714
-0.6615695825108769 -0.14543986835364547 0.1659051572638653
-0.6370670053808446 -0.13867068412636693 0.1625489607845592
-0.6125644282508119 -0.13190149989908834 0.15919276430525306
-0.5880618511207796 -0.1251323156718098 0.15583656782594696
-0.563559273990747 -0.11836313144453121 0.15248037134664083
-0.5390566968607146 -0.11159394721725265 0.14912417486733473
-0.5145541197306822 -0.1048247629899741 0.14576797838802863
-0.49005154260064954 -0.09805557876269551 0.1424117819087225
-0.4655489654706172 -0.09128639453541694 0.1390555854294164
-0.4410463883405847 -0.08451721030813837 0.13569938895011027
-0.4165438112105522 -0.0777480260808598 0.13234319247080417
-0.39204123408051966 -0.07097884185358122 0.12898699599149804
-0.36753865695048715 -0.06420965762630265 0.12563079951219194
-0.34303607982045475 -0.057440473399024104 0.12227460303288584
-0.3185335026904223 -0.05067128917174552 0.11891840655357973
-0.2940309255603898 -0.04390210494446695 0.11556221007427361
-0.2695283484303573 -0.03713292071718837 0.1122060135949675
-0.24502577130032477 -0.030363736489909803 0.10884981711566138
-0.2205231941702924 -0.023594552262631248 0.10549362063635528
-0.1960206170402599 -0.016825368035352672 0.10213742415704917
-0.17151803991022738 -0.010056183808074106 0.09878122767774307
-0.1470154627801949 -0.00328699958079553 0.09542503119843695
-0.12251288565016238 0.0034821846464830456 0.09206883471913084
-0.09801030852013 0.010251368873761593 0.08871263823982474
-0.0735077313900975 0.01702055310104017 0.08535644176051863
-0.049005154260065 0.023789737328318745 0.08200024528121251
-0.0245025771300325 0.03055892155559732 0.0786440488019064
0.0 0.037328105782875896 0.07528785232260028
-0.9556005080712667 -0.21733805263526937 0.2250014780961887
-0.9310979309412343 -0.2105688684079908 0.2216452816168826
-0.9065953538112017 -0.20379968418071223 0.21828908513757647
-0.8820927766811694 -0.19703049995343366 0.21493288865827037
-0.8575901995511368 -0.1902613157261551 0.21157669217896424
-0.8330876224211043 -0.18349213149887653 0.20822049569965814
-0.8085850452910719 -0.17672294727159796 0.20486429922035201
-0.7840824681610393 -0.16995376304431936 0.2015081027410459
-0.759579891031007 -0.16318457881704082 0.1981519062617398
-0.7350773139009744 -0.15641539458976225 0.19479570978243368
-0.710574736770942 -0.14964621036248368 0.19143951330312758
-0.6860721596409094 -0.1428770261352051 0.18808331682382148
-0.6615695825108769 -0.13610784190792652 0.18472712034451536
-0.6370670053808446 -0.12933865768064798 0.18137092386520925
-0.6125644282508119 -0.12256947345336937 0.17801472738590313
-0.5880618511207796 -0.11580028922609083 0.17465853090659703
-0.563559273990747 -0.10903110499881223 0.17130233442729093
-0.5390566968607146 -0.10226192077153366 0.1679461379479848
-0.5145541197306822 -0.09549273654425512 0.1645899414686787
-0.49005154260064954 -0.08872355231697653 0.16123374498937257
-0.4655489654706172 -0.08195436808969796 0.15787754851006647
-0.4410463883405847 -0.07518518386241939 0.15452135203076037
-0.4165438112105522 -0.06841599963514082 0.15116515555145424
-0.39204123408051966 -0.06164681540786224 0.14780895907214814
-0.36753865695048715 -0.05487763118058367 0.144452762592842
-0.34303607982045475 -0.04810844695330513 0.1410965661135359
-0.3185335026904223 -0.041339262726026546 0.1377403696342298
-0.2940309255603898 -0.03457007849874798 0.13438417315492368
-0.2695283484303573 -0.027800894271469395 0.13102797667561758
-0.24502577130032477 -0.021031710044190827 0.12767178019631145
-0.2205231941702924 -0.014262525816912272 0.12431558371700537
-0.1960206170402599 -0.0074933415896336975 0.12095938723769925
-0.17151803991022738 -0.0007241573623551287 0.11760319075839314
-0.1470154627801949 0.0060450268649234465 0.11424699427908702
-0.12251288565016238 0.012814211092202023 0.11089079779978091
-0.09801030852013 0.01958339531948057 0.1075346013204748
-0.0735077313900975 0.026352579546759146 0.10417840484116869
-0.049005154260065 0.03312176377403772 0.10082220836186258
-0.0245025771300325 0.0398909480013163 0.09746601188255646
0.0 0.04666013222859487 0.09410981540325035
-0.9556005080712667 -0.20800602618955039 0.24382344117683874
-0.9310979309412343 -0.20123684196227182 0.24046724469753264
-0.9065953538112017 -0.19446765773499325 0.2371110482182265
-0.8820927766811694 -0.18769847350771468 0.2337548517389204
-0.8575901995511368 -0.1809292892804361 0.2303986552596143
-0.8330876224211043 -0.17416010505315754 0.22704245878030818
-0.8085850452910719 -0.16739092082587897 0.22368626230100208
-0.7840824681610393 -0.16062173659860038 0.22033006582169595
-0.759579891031007 -0.15385255237132184 0.21697386934238985
-0.7350773139009744 -0.14708336814404327 0.21361767286308375
-0.710574736770942 -0.1403141839167647 0.21026147638377765
-0.6860721596409094 -0.1335449996894861 0.20690527990447152
-0.6615695825108769 -0.12677581546220754 0.20354908342516542
-0.6370670053808446 -0.120006631234929 0.20019288694585932
-0.6125644282508119 -0.1132374470076504 0.1968366904665532
-0.5880618511207796 -0.10646826278037186 0.1934804939872471
-0.563559273990747 -0.09969907855309326 0.19012429750794096
-0.5390566968607146 -0.0929298943258147 0.18676810102863486
-0.5145541197306822 -0.08616071009853615 0.18341190454932876
-0.49005154260064954 -0.07939152587125756 0.18005570807002264
-0.4655489654706172 -0.07262234164397899 0.17669951159071653
-0.4410463883405847 -0.06585315741670042 0.1733433151114104
-0.4165438112105522 -0.05908397318942186 0.1699871186321043
-0.39204123408051966 -0.052314788962143276 0.16663092215279818
-0.36753865695048715 -0.04554560473486471 0.16327472567349208
-0.34303607982045475 -0.038776420507586166 0.15991852919418598
-0.3185335026904223 -0.032007236280307584 0.15656233271487985
-0.2940309255603898 -0.025238052053029012 0.15320613623557375
-0.2695283484303573 -0.01846886782575043 0.14984993975626762
-0.24502577130032477 -0.011699683598471863 0.14649374327696152
-0.2205231941702924 -0.004930499371193308 0.14313754679765542
-0.1960206170402599 0.0018386848560852673 0.1397813503183493
-0.17151803991022738 0.008607869083363836 0.1364251538390432
-0.1470154627801949 0.015377053310642411 0.1330689573597371
-0.12251288565016238 0.022146237537920988 0.12971276088043096
-0.09801030852013 0.028915421765199536 0.12635656440112486
-0.0735077313900975 0.03568460599247811 0.12300036792181875
-0.049005154260065 0.04245379021975668 0.11964417144251263
-0.0245025771300325 0.04922297444703526 0.11628797496320652
0.0 0.055992158674313834 0.1129317784839004
-0.9556005080712667 -0.1986739997438314 0.26264540425748883
-0.9310979309412343 -0.19190481551655283 0.2592892077781827
-0.9065953538112017 -0.18513563128927427 0.2559330112988766
-0.8820927766811694 -0.1783664470619957 0.2525768148195705
-0.8575901995511368 -0.17159726283471713 0.24922061834026438
-0.8330876224211043 -0.16482807860743856 0.24586442186095825
-0.8085850452910719 -0.15805889438016 0.24250822538165215
-0.7840824681610393 -0.1512897101528814 0.23915202890234602
-0.759579891031007 -0.14452052592560286 0.23579583242303992
-0.7350773139009744 -0.1377513416983243 0.23243963594373382
-0.710574736770942 -0.13098215747104572 0.22908343946442772
-0.6860721596409094 -0.12421297324376714 0.2257272429851216
-0.6615695825108769 -0.11744378901648857 0.2223710465058155
-0.6370670053808446 -0.11067460478921003 0.2190148500265094
-0.6125644282508119 -0.10390542056193143 0.21565865354720326
-0.5880618511207796 -0.09713623633465289 0.21230245706789716
-0.563559273990747 -0.0903670521073743 0.20894626058859103
-0.5390566968607146 -0.08359786788009572 0.20559006410928493
-0.5145541197306822 -0.07682868365281718 0.20223386762997883
-0.49005154260064954 -0.07005949942553859 0.1988776711506727
-0.4655489654706172 -0.06329031519826002 0.1955214746713666
-0.4410463883405847 -0.05652113097098145 0.19216527819206047
-0.4165438112105522 -0.04975194674370288 0.18880908171275437
-0.39204123408051966 -0.0429827625164243 0.18545288523344824
-0.36753865695048715 -0.03621357828914573 0.18209668875414214
-0.34303607982045475 -0.029444394061867187 0.17874049227483604
-0.3185335026904223 -0.022675209834588605 0.17538429579552994
-0.2940309255603898 -0.015906025607310036 0.17202809931622381
-0.2695283484303573 -0.009136841380031454 0.16867190283691771
-0.24502577130032477 -0.002367657152752886 0.16531570635761159
-0.2205231941702924 0.004401527074525668 0.16195950987830549
-0.1960206170402599 0.011170711301804245 0.15860331339899938
-0.17151803991022738 0.017939895529082813 0.15524711691969326
-0.1470154627801949 0.02470907975636139 0.15189092044038716
-0.12251288565016238 0.03147826398363996 0.14853472396108103
-0.09801030852013 0.03824744821091851 0.14517852748177493
-0.0735077313900975 0.045016632438197084 0.14182233100246883
-0.049005154260065 0.05178581666547566 0.1384661345231627
-0.0245025771300325 0.058555000892754235 0.1351099380438566
0.0 0.06532418512003281 0.13175374156455047
-0.9556005080712667 -0.18934197329811245 0.2814673673381389
-0.9310979309412343 -0.18257278907083388 0.2781111708588328
-0.9065953538112017 -0.1758036048435553 0.2747549743795267
-0.8820927766811694 -0.16903442061627674 0.27139877790022054
-0.8575901995511368 -0.16226523638899817 0.26804258142091447
-0.8330876224211043 -0.1554960521617196 0.26468638494160834
-0.8085850452910719 -0.14872686793444104 0.2613301884623022
-0.7840824681610393 -0.14195768370716244 0.2579739919829961
-0.759579891031007 -0.1351884994798839 0.25461779550369
-0.7350773139009744 -0.12841931525260533 0.2512615990243839
-0.710574736770942 -0.12165013102532675 0.24790540254507779
-0.6860721596409094 -0.11488094679804815 0.24454920606577168
-0.6615695825108769 -0.10811176257076958 0.24119300958646556
-0.6370670053808446 -0.10134257834349104 0.23783681310715946
-0.6125644282508119 -0.09457339411621245 0.23448061662785333
-0.5880618511207796 -0.0878042098889339 0.23112442014854723
-0.563559273990747 -0.08103502566165531 0.22776822366924113
-0.5390566968607146 -0.07426584143437674 0.224412027189935
-0.5145541197306822 -0.0674966572070982 0.2210558307106289
-0.49005154260064954 -0.060727472979819605 0.21769963423132277
-0.4655489654706172 -0.053958288752541037 0.21434343775201667
-0.4410463883405847 -0.04718910452526247 0.21098724127271057
-0.4165438112105522 -0.0404199202979839 0.20763104479340444
-0.39204123408051966 -0.03365073607070532 0.20427484831409834
-0.36753865695048715 -0.026881551843426752 0.2009186518347922
-0.34303607982045475 -0.02011236761614821 0.19756245535548614
-0.3185335026904223 -0.013343183388869629 0.19420625887618
-0.2940309255603898 -0.00657399916159106 0.1908500623968739
-0.2695283484303573 0.00019518506568752238 0.18749386591756778
-0.24502577130032477 0.006964369292966091 0.18413766943826168
-0.2205231941702924 0.013733553520244645 0.18078147295895558
-0.1960206170402599 0.02050273774752322 0.17742527647964945
-0.17151803991022738 0.02727192197480179 0.17406908000034335
-0.1470154627801949 0.03404110620208037 0.17071288352103722
-0.12251288565016238 0.04081029042935894 0.16735668704173112
-0.09801030852013 0.04757947465663749 0.16400049056242502
-0.0735077313900975 0.054348658883916066 0.1606442940831189
-0.049005154260065 0.06111784311119464 0.1572880976038128
-0.0245025771300325 0.06788702733847321 0.15393190112450666
0.0 0.07465621156575179 0.15057570464520056
-0.9556005080712667 -0.18000994685239347 0.30028933041878897
-0.9310979309412343 -0.1732407626251149 0.2969331339394829
-0.9065953538112017 -0.16647157839783633 0.29357693746017677
-0.8820927766811694 -0.15970239417055776 0.29022074098087064
-0.8575901995511368 -0.1529332099432792 0.2868645445015645
-0.8330876224211043 -0.14616402571600062 0.28350834802225844
-0.8085850452910719 -0.13939484148872205 0.2801521515429523
-0.7840824681610393 -0.13262565726144346 0.2767959550636462
-0.759579891031007 -0.12585647303416492 0.2734397585843401
-0.7350773139009744 -0.11908728880688635 0.270083562105034
-0.710574736770942 -0.11231810457960778 0.26672736562572785
-0.6860721596409094 -0.10554892035232918 0.2633711691464218
-0.6615695825108769 -0.09877973612505062 0.26001497266711565
-0.6370670053808446 -0.09201055189777207 0.2566587761878095
-0.6125644282508119 -0.08524136767049348 0.2533025797085034
-0.5880618511207796 -0.07847218344321494 0.24994638322919732
-0.563559273990747 -0.07170299921593634 0.2465901867498912
-0.5390566968607146 -0.06493381498865777 0.2432339902705851
-0.5145541197306822 -0.058164630761379225 0.239877793791279
-0.49005154260064954 -0.05139544653410063 0.23652159731197286
-0.4655489654706172 -0.04462626230682206 0.23316540083266676
-0.4410463883405847 -0.03785707807954349 0.22980920435336064
-0.4165438112105522 -0.031087893852264927 0.22645300787405453
-0.39204123408051966 -0.024318709624986345 0.2230968113947484
-0.36753865695048715 -0.017549525397707776 0.2197406149154423
-0.34303607982045475 -0.010780341170429234 0.2163844184361362
-0.3185335026904223 -0.004011156943150651 0.21302822195683008
-0.2940309255603898 0.0027580272841279166 0.20967202547752398
-0.2695283484303573 0.0095272115114065 0.20631582899821785
-0.24502577130032477 0.016296395738685066 0.20295963251891175
-0.2205231941702924 0.02306557996596362 0.19960343603960565
-0.1960206170402599 0.029834764193242196 0.19624723956029952
-0.17151803991022738 0.03660394842052077 0.19289104308099342
-0.1470154627801949 0.043373132647799344 0.1895348466016873
-0.12251288565016238 0.05014231687507792 0.1861786501223812
-0.09801030852013 0.05691150110235647 0.1828224536430751
-0.0735077313900975 0.06368068532963504 0.179466257163769
-0.049005154260065 0.07044986955691361 0.17611006068446286
-0.0245025771300325 0.0772190537841922 0.17275386420515676
0.0 0.08398823801147076 0.16939766772585063
-0.9556005080712667 -0.17067792040667448 0.31911129349943906
-0.9310979309412343 -0.16390873617939591 0.31575509702013294
-0.9065953538112017 -0.15713955195211735 0.3123989005408268
-0.8820927766811694 -0.15037036772483878 0.30904270406152073
-0.8575901995511368 -0.1436011834975602 0.3056865075822146
-0.8330876224211043 -0.13683199927028164 0.3023303111029085
-0.8085850452910719 -0.13006281504300307 0.29897411462360235
-0.7840824681610393 -0.12329363081572448 0.2956179181442963
-0.759579891031007 -0.11652444658844593 0.29226172166499015
-0.7350773139009744 -0.10975526236116737 0.288905525185684
-0.710574736770942 -0.1029860781338888 0.28554932870637795
-0.6860721596409094 -0.0962168939066102 0.2821931322270718
-0.6615695825108769 -0.08944770967933163 0.2788369357477657
-0.6370670053808446 -0.08267852545205309 0.2754807392684596
-0.6125644282508119 -0.0759093412247745 0.2721245427891535
-0.5880618511207796 -0.06914015699749596 0.26876834630984736
-0.563559273990747 -0.06237097277021736 0.2654121498305413
-0.5390566968607146 -0.05560178854293879 0.26205595335123516
-0.5145541197306822 -0.04883260431566025 0.25869975687192903
-0.49005154260064954 -0.04206342008838165 0.2553435603926229
-0.4655489654706172 -0.035294235861103085 0.25198736391331683
-0.4410463883405847 -0.028525051633824516 0.2486311674340107
-0.4165438112105522 -0.021755867406545948 0.2452749709547046
-0.39204123408051966 -0.014986683179267367 0.24191877447539847
-0.36753865695048715 -0.008217498951988799 0.23856257799609237
-0.34303607982045475 -0.0014483147247102573 0.23520638151678627
-0.3185335026904223 0.005320869502568325 0.23185018503748017
-0.2940309255603898 0.012090053729846893 0.22849398855817404
-0.2695283484303573 0.018859237957125477 0.22513779207886794
-0.24502577130032477 0.025628422184404046 0.22178159559956181
-0.2205231941702924 0.0323976064116826 0.21842539912025571
-0.1960206170402599 0.039166790638961176 0.2150692026409496
-0.17151803991022738 0.045935974866239744 0.21171300616164349
-0.1470154627801949 0.05270515909351832 0.20835680968233738
-0.12251288565016238 0.059474343320796895 0.20500061320303126
-0.09801030852013 0.06624352754807544 0.20164441672372516
-0.0735077313900975 0.07301271177535401 0.19828822024441906
-0.049005154260065 0.0797818960026326 0.19493202376511293
-0.0245025771300325 0.08655108022991116 0.19157582728580683
0.0 0.09332026445718974 0.1882196308065007
-0.9556005080712667 -0.16134589396095553 0.3379332565800891
-0.9310979309412343 -0.15457670973367696 0.334577060100783
-0.9065953538112017 -0.1478075255063984 0.33122086362147685
-0.8820927766811694 -0.14103834127911982 0.3278646671421708
-0.8575901995511368 -0.13426915705184125 0.32450847066286465
-0.8330876224211043 -0.12749997282456269 0.3211522741835585
-0.8085850452910719 -0.1207307885972841 0.31779607770425244
-0.7840824681610393 -0.1139616043700055 0.3144398812249463
-0.759579891031007 -0.10719242014272697 0.3110836847456402
-0.7350773139009744 -0.1004232359154484 0.3077274882663341
-0.710574736770942 -0.09365405168816983 0.304371291787028
-0.6860721596409094 -0.08688486746089123 0.30101509530772186
-0.6615695825108769 -0.08011568323361266 0.2976588988284158
-0.6370670053808446 -0.07334649900633412 0.29430270234910966
-0.6125644282508119 -0.06657731477905553 0.29094650586980353
-0.5880618511207796 -0.05980813055177699 0.28759030939049746
-0.563559273990747 -0.0530389463244984 0.28423411291119133
-0.5390566968607146 -0.04626976209721983 0.2808779164318852
-0.5145541197306822 -0.03950057786994129 0.2775217199525791
-0.49005154260064954 -0.03273139364266269 0.274165523473273
-0.4655489654706172 -0.025962209415384123 0.27080932699396687
-0.4410463883405847 -0.019193025188105554 0.26745313051466074
-0.4165438112105522 -0.012423840960826984 0.26409693403535467
-0.39204123408051966 -0.005654656733548402 0.26074073755604854
-0.36753865695048715 0.0011145274937301665 0.2573845410767424
-0.34303607982045475 0.007883711721008707 0.25402834459743634
-0.3185335026904223 0.01465289594828729 0.2506721481181302
-0.2940309255603898 0.021422080175565857 0.2473159516388241
-0.2695283484303573 0.02819126440284444 0.24395975515951798
-0.24502577130032477 0.03496044863012301 0.24060355868021188
-0.2205231941702924 0.04172963285740156 0.23724736220090578
-0.1960206170402599 0.04849881708468014 0.23389116572159965
-0.17151803991022738 0.055268001311958706 0.23053496924229355
-0.1470154627801949 0.06203718553923728 0.22717877276298742
-0.12251288565016238 0.06880636976651586 0.22382257628368132
-0.09801030852013 0.07557555399379441 0.22046637980437522
-0.0735077313900975 0.08234473822107298 0.2171101833250691
-0.049005154260065 0.08911392244835156 0.213753986845763
-0.0245025771300325 0.09588310667563013 0.21039779036645687
0.0 0.10265229090290871 0.20704159388715077
-0.9556005080712667 -0.15201386751523654 0.35675521966073914
-0.9310979309412343 -0.14524468328795798 0.35339902318143307
-0.9065953538112017 -0.1384754990606794 0.35004282670212694
-0.8820927766811694 -0.13170631483340084 0.3466866302228208
-0.8575901995511368 -0.12493713060612228 0.3433304337435147
-0.8330876224211043 -0.11816794637884372 0.3399742372642086
-0.8085850452910719 -0.11139876215156515 0.3366180407849025
-0.7840824681610393 -0.10462957792428655 0.33326184430559636
-0.759579891031007 -0.09786039369700801 0.3299056478262903
-0.7350773139009744 -0.09109120946972944 0.32654945134698415
-0.710574736770942 -0.08432202524245087 0.323193254867678
-0.6860721596409094 -0.07755284101517228 0.31983705838837195
-0.6615695825108769 -0.07078365678789371 0.3164808619090658
-0.6370670053808446 -0.06401447256061517 0.3131246654297597
-0.6125644282508119 -0.057245288333336565 0.30976846895045357
-0.5880618511207796 -0.050476104106058024 0.3064122724711475
-0.563559273990747 -0.04370691987877943 0.30305607599184137
-0.5390566968607146 -0.03693773565150086 0.29969987951253524
-0.5145541197306822 -0.030168551424222322 0.29634368303322917
-0.49005154260064954 -0.023399367196943726 0.29298748655392304
-0.4655489654706172 -0.016630182969665157 0.2896312900746169
-0.4410463883405847 -0.009860998742386589 0.28627509359531084
-0.4165438112105522 -0.00309181451510802 0.2829188971160047
-0.39204123408051966 0.0036773697121705623 0.2795627006366986
-0.36753865695048715 0.01044655393944913 0.27620650415739245
-0.34303607982045475 0.01721573816672767 0.2728503076780864
-0.3185335026904223 0.023984922394006254 0.26949411119878025
-0.2940309255603898 0.030754106621284822 0.2661379147194742
-0.2695283484303573 0.03752329084856341 0.26278171824016805
-0.24502577130032477 0.044292475075841976 0.2594255217608619
-0.2205231941702924 0.05106165930312053 0.25606932528155585
-0.1960206170402599 0.057830843530399106 0.2527131288022497
-0.17151803991022738 0.06460002775767767 0.2493569323229436
-0.1470154627801949 0.07136921198495624 0.2460007358436375
-0.12251288565016238 0.07813839621223483 0.24264453936433136
-0.09801030852013 0.08490758043951337 0.23928834288502526
-0.0735077313900975 0.09167676466679195 0.23593214640571916
-0.049005154260065 0.09844594889407052 0.23257594992641303
-0.0245025771300325 0.1052151331213491 0.22921975344710693
0.0 0.11198431734862767 0.2258635569678008
-0.9556005080712667 -0.14268184106951756 0.37557718274138924
-0.9310979309412343 -0.135912656842239 0.37222098626208316
-0.9065953538112017 -0.12914347261496043 0.36886478978277704
-0.8820927766811694 -0.12237428838768186 0.3655085933034709
-0.8575901995511368 -0.11560510416040329 0.3621523968241648
-0.8330876224211043 -0.10883591993312472 0.3587962003448587
-0.8085850452910719 -0.10206673570584615 0.3554400038655526
-0.7840824681610393 -0.09529755147856755 0.35208380738624645
-0.759579891031007 -0.08852836725128901 0.3487276109069404
-0.7350773139009744 -0.08175918302401045 0.34537141442763425
-0.710574736770942 -0.07498999879673188 0.3420152179483281
-0.6860721596409094 -0.06822081456945328 0.33865902146902205
-0.6615695825108769 -0.06145163034217472 0.3353028249897159
-0.6370670053808446 -0.05468244611489618 0.3319466285104098
-0.6125644282508119 -0.04791326188761758 0.32859043203110366
-0.5880618511207796 -0.04114407766033904 0.3252342355517976
-0.563559273990747 -0.034374893433060445 0.32187803907249146
-0.5390566968607146 -0.027605709205781873 0.31852184259318533
-0.5145541197306822 -0.020836524978503333 0.31516564611387926
-0.49005154260064954 -0.014067340751224736 0.31180944963457313
-0.4655489654706172 -0.007298156523946168 0.308453253155267
-0.4410463883405847 -0.0005289722966675993 0.30509705667596093
-0.4165438112105522 0.006240211930610969 0.3017408601966548
-0.39204123408051966 0.013009396157889552 0.2983846637173487
-0.36753865695048715 0.01977858038516812 0.29502846723804255
-0.34303607982045475 0.02654776461244666 0.2916722707587365
-0.3185335026904223 0.03331694883972524 0.28831607427943035
-0.2940309255603898 0.04008613306700381 0.2849598778001243
-0.2695283484303573 0.04685531729428239 0.28160368132081814
-0.24502577130032477 0.05362450152156096 0.278247484841512
-0.2205231941702924 0.060393685748839514 0.27489128836220594
-0.1960206170402599 0.06716286997611809 0.2715350918828998
-0.17151803991022738 0.07393205420339666 0.2681788954035937
-0.1470154627801949 0.08070123843067524 0.26482269892428756
-0.12251288565016238 0.08747042265795381 0.2614665024449815
-0.09801030852013 0.09423960688523236 0.25811030596567536
-0.0735077313900975 0.10100879111251093 0.25475410948636923
-0.049005154260065 0.10777797533978951 0.25139791300706316
-0.0245025771300325 0.11454715956706808 0.24804171652775703
0.0 0.12131634379434666 0.2446855200484509
-0.9556005080712667 -0.1333498146237986 0.3943991458220393
-0.9310979309412343 -0.12658063039652004 0.3910429493427332
-0.9065953538112017 -0.11981144616924147 0.3876867528634271
-0.8820927766811694 -0.1130422619419629 0.38433055638412095
-0.8575901995511368 -0.10627307771468433 0.3809743599048149
-0.8330876224211043 -0.09950389348740576 0.37761816342550875
-0.8085850452910719 -0.0927347092601272 0.3742619669462026
-0.7840824681610393 -0.0859655250328486 0.3709057704668965
-0.759579891031007 -0.07919634080557006 0.3675495739875904
-0.7350773139009744 -0.07242715657829149 0.3641933775082843
-0.710574736770942 -0.06565797235101292 0.3608371810289782
-0.6860721596409094 -0.05888878812373432 0.3574809845496721
-0.6615695825108769 -0.05211960389645575 0.35412478807036596
-0.6370670053808446 -0.04535041966917721 0.3507685915910599
-0.6125644282508119 -0.03858123544189861 0.34741239511175376
-0.5880618511207796 -0.03181205121462007 0.34405619863244763
-0.563559273990747 -0.025042866987341476 0.3407000021531415
-0.5390566968607146 -0.018273682760062908 0.33734380567383543
-0.5145541197306822 -0.011504498532784369 0.3339876091945293
-0.49005154260064954 -0.004735314305505772 0.33063141271522317
-0.4655489654706172 0.0020338699217727968 0.3272752162359171
-0.4410463883405847 0.008803054149051364 0.32391901975661097
-0.4165438112105522 0.015572238376329933 0.32056282327730484
-0.39204123408051966 0.022341422603608517 0.3172066267979987
-0.36753865695048715 0.029110606830887086 0.31385043031869264
-0.34303607982045475 0.035879791058165626 0.3104942338393865
-0.3185335026904223 0.04264897528544421 0.30713803736008044
-0.2940309255603898 0.04941815951272278 0.3037818408807743
-0.2695283484303573 0.05618734374000136 0.3004256444014682
-0.24502577130032477 0.06295652796727992 0.29706944792216206
-0.2205231941702924 0.06972571219455848 0.293713251442856
-0.1960206170402599 0.07649489642183706 0.29035705496354985
-0.17151803991022738 0.08326408064911563 0.2870008584842437
-0.1470154627801949 0.0900332648763942 0.28364466200493765
-0.12251288565016238 0.09680244910367278 0.2802884655256315
-0.09801030852013 0.10357163333095132 0.2769322690463254
-0.0735077313900975 0.1103408175582299 0.2735760725670193
-0.049005154260065 0.11711000178550847 0.2702198760877132
-0.0245025771300325 0.12387918601278705 0.26686367960840707
0.0 0.13064837024006562 0.26350748312910094
-0.9556005080712667 -0.12401778817807961 0.4132211089026894
-0.9310979309412343 -0.11724860395080104 0.4098649124233833
-0.9065953538112017 -0.11047941972352247 0.40650871594407717
-0.8820927766811694 -0.1037102354962439 0.4031525194647711
-0.8575901995511368 -0.09694105126896534 0.39979632298546497
-0.8330876224211043 -0.09017186704168677 0.39644012650615884
-0.8085850452910719 -0.0834026828144082 0.3930839300268527
-0.7840824681610393 -0.0766334985871296 0.38972773354754664
-0.759579891031007 -0.06986431435985106 0.3863715370682405
-0.7350773139009744 -0.0630951301325725 0.3830153405889344
-0.710574736770942 -0.056325945905293925 0.3796591441096283
-0.6860721596409094 -0.04955676167801533 0.3763029476303222
-0.6615695825108769 -0.04278757745073676 0.37294675115101605
-0.6370670053808446 -0.03601839322345822 0.36959055467171
-0.6125644282508119 -0.029249208996179624 0.36623435819240385
-0.5880618511207796 -0.022480024768901083 0.3628781617130977
-0.563559273990747 -0.015710840541622487 0.35952196523379165
-0.5390566968607146 -0.00894165631434392 0.3561657687544855
-0.5145541197306822 -0.002172472087065379 0.3528095722751794
-0.49005154260064954 0.004596712140213217 0.34945337579587327
-0.4655489654706172 0.011365896367491786 0.3460971793165672
-0.4410463883405847 0.018135080594770356 0.34274098283726107
-0.4165438112105522 0.024904264822048924 0.33938478635795494
-0.39204123408051966 0.03167344904932751 0.33602858987864886
-0.36753865695048715 0.038442633276606075 0.33267239339934274
-0.34303607982045475 0.045211817503884616 0.3293161969200366
-0.3185335026904223 0.0519810017311632 0.32596000044073054
-0.2940309255603898 0.05875018595844177 0.3226038039614244
-0.2695283484303573 0.06551937018572035 0.3192476074821183
-0.24502577130032477 0.07228855441299892 0.31589141100281215
-0.2205231941702924 0.07905773864027747 0.3125352145235061
-0.1960206170402599 0.08582692286755604 0.30917901804419995
-0.17151803991022738 0.09259610709483461 0.3058228215648938
-0.1470154627801949 0.09936529132211319 0.30246662508558775
-0.12251288565016238 0.10613447554939176 0.2991104286062816
-0.09801030852013 0.11290365977667031 0.29575423212697555
-0.0735077313900975 0.11967284400394888 0.2923980356476694
-0.049005154260065 0.12644202823122747 0.2890418391683633
-0.0245025771300325 0.13321121245850603 0.28568564268905716
0.0 0.1399803966857846 0.2823294462097511
-0.9556005080712667 -0.11468576173236064 0.43204307198333947
-0.9310979309412343 -0.10791657750508207 0.42868687550403334
-0.9065953538112017 -0.1011473932778035 0.4253306790247272
-0.8820927766811694 -0.09437820905052494 0.42197448254542114
-0.8575901995511368 -0.08760902482324637 0.418618286066115
-0.8330876224211043 -0.0808398405959678 0.4152620895868089
-0.8085850452910719 -0.07407065636868923 0.4119058931075028
-0.7840824681610393 -0.06730147214141063 0.4085496966281967
-0.759579891031007 -0.0605322879141321 0.40519350014889055
-0.7350773139009744 -0.05376310368685353 0.4018373036695845
-0.710574736770942 -0.046993919459574963 0.39848110719027835
-0.6860721596409094 -0.04022473523229637 0.3951249107109722
-0.6615695825108769 -0.0334555510050178 0.39176871423166615
-0.6370670053808446 -0.026686366777739258 0.38841251775236
-0.6125644282508119 -0.01991718255046066 0.3850563212730539
-0.5880618511207796 -0.01314799832318212 0.3817001247937478
-0.563559273990747 -0.006378814095903524 0.3783439283144417
-0.5390566968607146 0.00039037013137504476 0.37498773183513556
-0.5145541197306822 0.007159554358653585 0.3716315353558295
-0.49005154260064954 0.013928738585932183 0.36827533887652336
-0.4655489654706172 0.02069792281321075 0.36491914239721723
-0.4410463883405847 0.027467107040489318 0.3615629459179111
-0.4165438112105522 0.034236291267767886 0.35820674943860503
-0.39204123408051966 0.04100547549504647 0.3548505529592989
-0.36753865695048715 0.04777465972232504 0.3514943564799928
-0.34303607982045475 0.05454384394960358 0.3481381600006867
-0.3185335026904223 0.06131302817688216 0.3447819635213806
-0.2940309255603898 0.06808221240416074 0.34142576704207445
-0.2695283484303573 0.07485139663143932 0.3380695705627683
-0.24502577130032477 0.08162058085871789 0.33471337408346225
-0.2205231941702924 0.08838976508599644 0.3313571776041561
-0.1960206170402599 0.09515894931327501 0.32800098112485
-0.17151803991022738 0.10192813354055358 0.3246447846455439
-0.1470154627801949 0.10869731776783216 0.3212885881662378
-0.12251288565016238 0.11546650199511073 0.31793239168693166
-0.09801030852013 0.12223568622238928 0.3145761952076256
-0.0735077313900975 0.12900487044966785 0.31121999872831946
-0.049005154260065 0.13577405467694642 0.30786380224901333
-0.0245025771300325 0.14254323890422502 0.30450760576970726
0.0 0.14931242313150359 0.30115140929040113
-0.9556005080712667 -0.10535373528664169 0.4508650350639895
-0.9310979309412343 -0.09858455105936312 0.4475088385846834
-0.9065953538112017 -0.09181536683208455 0.44415264210537725
-0.8820927766811694 -0.08504618260480598 0.4407964456260712
-0.8575901995511368 -0.07827699837752741 0.43744024914676505
-0.8330876224211043 -0.07150781415024884 0.4340840526674589
-0.8085850452910719 -0.06473862992297028 0.43072785618815285
-0.7840824681610393 -0.05796944569569167 0.4273716597088467
-0.759579891031007 -0.05120026146841313 0.4240154632295406
-0.7350773139009744 -0.04443107724113456 0.4206592667502345
-0.710574736770942 -0.037661893013855995 0.4173030702709284
-0.6860721596409094 -0.030892708786577402 0.41394687379162226
-0.6615695825108769 -0.024123524559298833 0.4105906773123162
-0.6370670053808446 -0.017354340332020293 0.40723448083301006
-0.6125644282508119 -0.010585156104741696 0.40387828435370393
-0.5880618511207796 -0.0038159718774631556 0.40052208787439786
-0.563559273990747 0.0029532123498154407 0.39716589139509173
-0.5390566968607146 0.00972239657709401 0.3938096949157856
-0.5145541197306822 0.01649158080437255 0.39045349843647953
-0.49005154260064954 0.023260765031651146 0.3870973019571734
-0.4655489654706172 0.030029949258929715 0.3837411054778673
-0.4410463883405847 0.03679913348620829 0.38038490899856114
-0.4165438112105522 0.043568317713486855 0.37702871251925507
-0.39204123408051966 0.05033750194076544 0.37367251603994894
-0.36753865695048715 0.057106686168044006 0.3703163195606428
-0.34303607982045475 0.06387587039532254 0.36696012308133674
-0.3185335026904223 0.07064505462260112 0.3636039266020306
-0.2940309255603898 0.07741423884987969 0.3602477301227245
-0.2695283484303573 0.08418342307715827 0.3568915336434184
-0.24502577130032477 0.09095260730443684 0.3535353371641123
-0.2205231941702924 0.0977217915317154 0.35017914068480616
-0.1960206170402599 0.10449097575899398 0.3468229442055001
-0.17151803991022738 0.11126015998627255 0.34346674772619395
-0.1470154627801949 0.11802934421355112 0.3401105512468878
-0.12251288565016238 0.1247985284408297 0.3367543547675817
-0.09801030852013 0.13156771266810824 0.3333981582882756
-0.0735077313900975 0.1383368968953868 0.3300419618089695
-0.049005154260065 0.1451060811226654 0.32668576532966337
-0.0245025771300325 0.15187526534994397 0.3233295688503573
0.0 0.15864444957722254 0.31997337237105117
-0.9556005080712667 -0.09602170884092269 0.4696869981446396
-0.9310979309412343 -0.08925252461364412 0.4663308016653335
-0.9065953538112017 -0.08248334038636555 0.4629746051860274
-0.8820927766811694 -0.07571415615908698 0.45961840870672127
-0.8575901995511368 -0.06894497193180842 0.45626221222741514
-0.8330876224211043 -0.062175787704529854 0.45290601574810907
-0.8085850452910719 -0.055406603477251286 0.44954981926880294
-0.7840824681610393 -0.04863741924997269 0.4461936227894968
-0.759579891031007 -0.04186823502269415 0.44283742631019074
-0.7350773139009744 -0.03509905079541558 0.4394812298308846
-0.710574736770942 -0.02832986656813701 0.4361250333515785
-0.6860721596409094 -0.021560682340858412 0.4327688368722724
-0.6615695825108769 -0.014791498113579844 0.4294126403929663
-0.6370670053808446 -0.008022313886301303 0.42605644391366015
-0.6125644282508119 -0.001253129659022707 0.422700247434354
-0.5880618511207796 0.005516054568255833 0.41934405095504795
-0.563559273990747 0.01228523879553443 0.4159878544757418
-0.5390566968607146 0.019054423022813 0.4126316579964357
-0.5145541197306822 0.02582360725009154 0.4092754615171296
-0.49005154260064954 0.03259279147737013 0.4059192650378235
-0.4655489654706172 0.0393619757046487 0.40256306855851737
-0.4410463883405847 0.04613115993192727 0.3992068720792113
-0.4165438112105522 0.05290034415920584 0.39585067559990517
-0.39204123408051966 0.05966952838648442 0.39249447912059904
-0.36753865695048715 0.066438712613763 0.3891382826412929
-0.34303607982045475 0.07320789684104154 0.38578208616198684
-0.3185335026904223 0.07997708106832012 0.3824258896826807
-0.2940309255603898 0.08674626529559869 0.3790696932033746
-0.2695283484303573 0.09351544952287727 0.3757134967240685
-0.24502577130032477 0.10028463375015584 0.3723573002447624
-0.2205231941702924 0.10705381797743439 0.36900110376545625
-0.1960206170402599 0.11382300220471296 0.3656449072861502
-0.17151803991022738 0.12059218643199153 0.36228871080684405
-0.1470154627801949 0.1273613706592701 0.3589325143275379
-0.12251288565016238 0.13413055488654868 0.35557631784823185
-0.09801030852013 0.14089973911382722 0.3522201213689257
-0.0735077313900975 0.14766892334110582 0.3488639248896196
-0.049005154260065 0.1544381075683844 0.3455077284103135
-0.0245025771300325 0.16120729179566295 0.3421515319310074
0.0 0.16797647602294152 0.33879533545170126
-0.9556005080712667 -0.08668968239520373 0.48850896122528964
-0.9310979309412343 -0.07992049816792517 0.48515276474598357
-0.9065953538112017 -0.0731513139406466 0.48179656826667744
-0.8820927766811694 -0.06638212971336803 0.4784403717873713
-0.8575901995511368 -0.059612945486089454 0.47508417530806524
-0.8330876224211043 -0.052843761258810885 0.4717279788287591
-0.8085850452910719 -0.04607457703153232 0.468371782349453
-0.7840824681610393 -0.03930539280425372 0.46501558587014685
-0.759579891031007 -0.03253620857697518 0.4616593893908408
-0.7350773139009744 -0.02576702434969661 0.45830319291153465
-0.710574736770942 -0.018997840122418043 0.4549469964322286
-0.6860721596409094 -0.012228655895139448 0.45159079995292245
-0.6615695825108769 -0.00545947166786088 0.4482346034736163
-0.6370670053808446 0.001309712559417661 0.44487840699431025
-0.6125644282508119 0.008078896786696257 0.4415222105150041
-0.5880618511207796 0.014848081013974798 0.438166014035698
-0.563559273990747 0.021617265241253396 0.43480981755639186
-0.5390566968607146 0.028386449468531964 0.4314536210770858
-0.5145541197306822 0.035155633695810505 0.42809742459777966
-0.49005154260064954 0.0419248179230891 0.42474122811847353
-0.4655489654706172 0.04869400215036767 0.42138503163916746
-0.4410463883405847 0.05546318637764624 0.41802883515986133
-0.4165438112105522 0.06223237060492481 0.4146726386805552
-0.39204123408051966 0.06900155483220338 0.4113164422012491
-0.36753865695048715 0.07577073905948195 0.407960245721943
-0.34303607982045475 0.08253992328676049 0.4046040492426369
-0.3185335026904223 0.08930910751403907 0.40124785276333075
-0.2940309255603898 0.09607829174131764 0.3978916562840247
-0.2695283484303573 0.10284747596859622 0.39453545980471855
-0.24502577130032477 0.1096166601958748 0.3911792633254124
-0.2205231941702924 0.11638584442315335 0.38782306684610635
-0.1960206170402599 0.12315502865043193 0.3844668703668002
-0.17151803991022738 0.1299242128777105 0.3811106738874941
-0.1470154627801949 0.13669339710498907 0.37775447740818796
-0.12251288565016238 0.14346258133226764 0.3743982809288819
-0.09801030852013 0.1502317655595462 0.37104208444957576
-0.0735077313900975 0.15700094978682477 0.3676858879702697
-0.049005154260065 0.16377013401410334 0.36432969149096356
-0.0245025771300325 0.1705393182413819 0.36097349501165743
0.0 0.1773085024686605 0.3576172985323513
-0.9556005080712667 -0.07735765594948474 0.5073309243059397
-0.9310979309412343 -0.07058847172220617 0.5039747278266337
-0.9065953538112017 -0.0638192874949276 0.5006185313473275
-0.8820927766811694 -0.05705010326764903 0.4972623348680214
-0.8575901995511368 -0.050280919040370464 0.49390613838871533
-0.8330876224211043 -0.043511734813091896 0.4905499419094092
-0.8085850452910719 -0.03674255058581333 0.4871937454301031
-0.7840824681610393 -0.029973366358534734 0.48383754895079695
-0.759579891031007 -0.023204182131256194 0.4804813524714909
-0.7350773139009744 -0.016434997903977625 0.47712515599218475
-0.710574736770942 -0.009665813676699055 0.4737689595128787
-0.6860721596409094 -0.002896629449420459 0.47041276303357255
-0.6615695825108769 0.0038725547778581094 0.4670565665542664
-0.6370670053808446 0.01064173900513665 0.46370037007496034
-0.6125644282508119 0.017410923232415245 0.4603441735956542
-0.5880618511207796 0.024180107459693786 0.4569879771163481
-0.563559273990747 0.030949291686972382 0.45363178063704196
-0.5390566968607146 0.037718475914250954 0.4502755841577359
-0.5145541197306822 0.044487660141529495 0.44691938767842976
-0.49005154260064954 0.05125684436880809 0.44356319119912363
-0.4655489654706172 0.05802602859608666 0.44020699471981756
-0.4410463883405847 0.06479521282336523 0.43685079824051143
-0.4165438112105522 0.0715643970506438 0.4334946017612053
-0.39204123408051966 0.07833358127792238 0.43013840528189917
-0.36753865695048715 0.08510276550520095 0.4267822088025931
-0.34303607982045475 0.09187194973247949 0.42342601232328697
-0.3185335026904223 0.09864113395975807 0.4200698158439809
-0.2940309255603898 0.10541031818703664 0.41671361936467477
-0.2695283484303573 0.11217950241431522 0.41335742288536864
-0.24502577130032477 0.11894868664159379 0.4100012264060625
-0.2205231941702924 0.12571787086887234 0.40664502992675644
-0.1960206170402599 0.1324870550961509 0.4032888334474503
-0.17151803991022738 0.13925623932342948 0.3999326369681442
-0.1470154627801949 0.14602542355070805 0.3965764404888381
-0.12251288565016238 0.15279460777798665 0.393220244009532
-0.09801030852013 0.1595637920052652 0.38986404753022585
-0.0735077313900975 0.16633297623254376 0.3865078510509198
-0.049005154260065 0.17310216045982232 0.38315165457161365
-0.0245025771300325 0.17987134468710092 0.3797954580923075
0.0 0.1866405289143795 0.3764392616130014
-0.9556005080712667 -0.06802562950376577 0.5261528873865898
-0.9310979309412343 -0.06125644527648721 0.5227966909072838
-0.9065953538112017 -0.05448726104920864 0.5194404944279776
-0.8820927766811694 -0.04771807682193007 0.5160842979486715
-0.8575901995511368 -0.0409488925946515 0.5127281014693653
-0.8330876224211043 -0.034179708367372934 0.5093719049900592
-0.8085850452910719 -0.027410524140094365 0.5060157085107532
-0.7840824681610393 -0.02064133991281577 0.502659512031447
-0.759579891031007 -0.013872155685537228 0.4993033155521409
-0.7350773139009744 -0.007102971458258659 0.4959471190728348
-0.710574736770942 -0.0003337872309800908 0.4925909225935287
-0.6860721596409094 0.006435396996298506 0.4892347261142226
-0.6615695825108769 0.013204581223577073 0.48587852963491646
-0.6370670053808446 0.019973765450855614 0.4825223331556104
-0.6125644282508119 0.02674294967813421 0.47916613667630426
-0.5880618511207796 0.03351213390541275 0.4758099401969981
-0.563559273990747 0.04028131813269135 0.47245374371769205
-0.5390566968607146 0.047050502359969916 0.4690975472383859
-0.5145541197306822 0.05381968658724846 0.4657413507590798
-0.49005154260064954 0.06058887081452705 0.46238515427977367
-0.4655489654706172 0.06735805504180563 0.4590289578004676
-0.4410463883405847 0.0741272392690842 0.45567276132116147
-0.4165438112105522 0.08089642349636277 0.45231656484185534
-0.39204123408051966 0.08766560772364135 0.44896036836254927
-0.36753865695048715 0.09443479195091992 0.44560417188324314
-0.34303607982045475 0.10120397617819846 0.44224797540393707
-0.3185335026904223 0.10797316040547704 0.43889177892463094
-0.2940309255603898 0.11474234463275561 0.4355355824453248
-0.2695283484303573 0.12151152886003419 0.4321793859660187
-0.24502577130032477 0.12828071308731276 0.4288231894867126
-0.2205231941702924 0.1350498973145913 0.4254669930074065
-0.1960206170402599 0.1418190815418699 0.42211079652810035
-0.17151803991022738 0.14858826576914846 0.4187546000487943
-0.1470154627801949 0.15535744999642703 0.41539840356948815
-0.12251288565016238 0.1621266342237056 0.412042207090182
-0.09801030852013 0.16889581845098414 0.40868601061087595
-0.0735077313900975 0.17566500267826274 0.4053298141315698
-0.049005154260065 0.1824341869055413 0.4019736176522637
-0.0245025771300325 0.18920337113281988 0.39861742117295756
0.0 0.19597255536009844 0.3952612246936515
-0.9556005080712667 -0.058693603058046814 0.5449748504672398
-0.9310979309412343 -0.051924418830768246 0.5416186539879337
-0.9065953538112017 -0.04515523460348968 0.5382624575086277
-0.8820927766811694 -0.03838605037621111 0.5349062610293215
-0.8575901995511368 -0.03161686614893254 0.5315500645500154
-0.8330876224211043 -0.02484768192165397 0.5281938680707093
-0.8085850452910719 -0.0180784976943754 0.5248376715914032
-0.7840824681610393 -0.011309313467096804 0.5214814751120971
-0.759579891031007 -0.004540129239818264 0.518125278632791
-0.7350773139009744 0.002229054987460305 0.5147690821534848
-0.710574736770942 0.008998239214738874 0.5114128856741788
-0.6860721596409094 0.01576742344201747 0.5080566891948727
-0.6615695825108769 0.02253660766929604 0.5047004927155665
-0.6370670053808446 0.02930579189657458 0.5013442962362604
-0.6125644282508119 0.03607497612385317 0.4979880997569543
-0.5880618511207796 0.04284416035113171 0.4946319032776482
-0.563559273990747 0.04961334457841031 0.4912757067983421
-0.5390566968607146 0.05638252880568888 0.48791951031903597
-0.5145541197306822 0.06315171303296742 0.4845633138397299
-0.49005154260064954 0.06992089726024601 0.48120711736042376
-0.4655489654706172 0.07669008148752458 0.47785092088111764
-0.4410463883405847 0.08345926571480315 0.4744947244018115
-0.4165438112105522 0.09022844994208172 0.47113852792250543
-0.39204123408051966 0.0969976341693603 0.4677823314431993
-0.36753865695048715 0.10376681839663887 0.4644261349638932
-0.34303607982045475 0.11053600262391741 0.4610699384845871
-0.3185335026904223 0.117305186851196 0.457713742005281
-0.2940309255603898 0.12407437107847456 0.45435754552597485
-0.2695283484303573 0.13084355530575315 0.4510013490466687
-0.24502577130032477 0.1376127395330317 0.44764515256736265
-0.2205231941702924 0.14438192376031028 0.4442889560880565
-0.1960206170402599 0.15115110798758885 0.4409327596087504
-0.17151803991022738 0.15792029221486742 0.4375765631294443
-0.1470154627801949 0.164689476442146 0.4342203666501382
-0.12251288565016238 0.17145866066942456 0.43086417017083206
-0.09801030852013 0.17822784489670312 0.427507973691526
-0.0735077313900975 0.1849970291239817 0.42415177721221986
-0.049005154260065 0.19176621335126026 0.42079558073291373
-0.0245025771300325 0.19853539757853883 0.41743938425360766
0.0 0.20530458180581743 0.41408318777430153
-0.9556005080712667 -0.049361576612327825 0.5637968135478899
-0.9310979309412343 -0.042592392385049256 0.5604406170685838
-0.9065953538112017 -0.03582320815777069 0.5570844205892778
-0.8820927766811694 -0.029054023930492116 0.5537282241099716
-0.8575901995511368 -0.022284839703213547 0.5503720276306655
-0.8330876224211043 -0.01551565547593498 0.5470158311513594
-0.8085850452910719 -0.008746471248656412 0.5436596346720532
-0.7840824681610393 -0.0019772870213778148 0.5403034381927472
-0.759579891031007 0.004791897205900726 0.5369472417134411
-0.7350773139009744 0.011561081433179294 0.5335910452341349
-0.710574736770942 0.018330265660457864 0.5302348487548288
-0.6860721596409094 0.02509944988773646 0.5268786522755228
-0.6615695825108769 0.031868634115015025 0.5235224557962166
-0.6370670053808446 0.038637818342293566 0.5201662593169105
-0.6125644282508119 0.04540700256957216 0.5168100628376044
-0.5880618511207796 0.0521761867968507 0.5134538663582983
-0.563559273990747 0.0589453710241293 0.5100976698789922
-0.5390566968607146 0.06571455525140787 0.5067414733996861
-0.5145541197306822 0.07248373947868642 0.5033852769203799
-0.49005154260064954 0.07925292370596501 0.5000290804410739
-0.4655489654706172 0.08602210793324358 0.49667288396176773
-0.4410463883405847 0.09279129216052215 0.4933166874824616
-0.4165438112105522 0.09956047638780072 0.48996049100315553
-0.39204123408051966 0.1063296606150793 0.4866042945238494
-0.36753865695048715 0.11309884484235787 0.4832480980445433
-0.34303607982045475 0.11986802906963641 0.4798919015652372
-0.3185335026904223 0.126637213296915 0.47653570508593107
-0.2940309255603898 0.13340639752419356 0.47317950860662494
-0.2695283484303573 0.14017558175147213 0.46982331212731887
-0.24502577130032477 0.1469447659787507 0.46646711564801274
-0.2205231941702924 0.15371395020602927 0.4631109191687066
-0.1960206170402599 0.16048313443330783 0.45975472268940054
-0.17151803991022738 0.1672523186605864 0.4563985262100944
-0.1470154627801949 0.17402150288786497 0.4530423297307883
-0.12251288565016238 0.18079068711514357 0.44968613325148216
-0.09801030852013 0.1875598713424221 0.4463299367721761
-0.0735077313900975 0.19432905556970068 0.44297374029286996
-0.049005154260065 0.20109823979697924 0.4396175438135638
-0.0245025771300325 0.20786742402425784 0.43626134733425775
0.0 0.2146366082515364 0.4329051508549516
-0.9556005080712667 -0.040029550166608883 0.58261877662854
-0.9310979309412343 -0.033260365939330315 0.5792625801492338
-0.9065953538112017 -0.026491181712051746 0.5759063836699277
-0.8820927766811694 -0.019721997484773178 0.5725501871906217
-0.8575901995511368 -0.012952813257494608 0.5691939907113155
-0.8330876224211043 -0.00618362903021604 0.5658377942320094
-0.8085850452910719 0.0005855551970625286 0.5624815977527033
-0.7840824681610393 0.007354739424341125 0.5591254012733972
-0.759579891031007 0.014123923651619666 0.5557692047940911
-0.7350773139009744 0.020893107878898233 0.552413008314785
-0.710574736770942 0.0276622921061768 0.5490568118354788
-0.6860721596409094 0.0344314763334554 0.5457006153561728
-0.6615695825108769 0.041200660560733966 0.5423444188768667
-0.6370670053808446 0.04796984478801251 0.5389882223975605
-0.6125644282508119 0.0547390290152911 0.5356320259182544
-0.5880618511207796 0.061508213242569644 0.5322758294389484
-0.563559273990747 0.06827739746984825 0.5289196329596422
-0.5390566968607146 0.07504658169712682 0.5255634364803361
-0.5145541197306822 0.08181576592440536 0.52220724000103
-0.49005154260064954 0.08858495015168395 0.5188510435217238
-0.4655489654706172 0.09535413437896252 0.5154948470424178
-0.4410463883405847 0.10212331860624109 0.5121386505631116
-0.4165438112105522 0.10889250283351966 0.5087824540838055
-0.39204123408051966 0.11566168706079824 0.5054262576044994
-0.36753865695048715 0.12243087128807681 0.5020700611251933
-0.34303607982045475 0.12920005551535535 0.4987138646458872
-0.3185335026904223 0.13596923974263392 0.49535766816658106
-0.2940309255603898 0.1427384239699125 0.492001471687275
-0.2695283484303573 0.14950760819719108 0.48864527520796885
-0.24502577130032477 0.15627679242446965 0.4852890787286627
-0.2205231941702924 0.1630459766517482 0.48193288224935665
-0.1960206170402599 0.1698151608790268 0.4785766857700505
-0.17151803991022738 0.17658434510630536 0.4752204892907444
-0.1470154627801949 0.18335352933358393 0.47186429281143827
-0.12251288565016238 0.1901227135608625 0.4685080963321322
-0.09801030852013 0.19689189778814103 0.46515189985282607
-0.0735077313900975 0.20366108201541963 0.46179570337351994
-0.049005154260065 0.2104302662426982 0.45843950689421387
-0.0245025771300325 0.21719945046997677 0.45508331041490774
0.0 0.22396863469725534 0.4517271139356016
-0.9556005080712667 -0.030697523720889894 0.6014407397091901
-0.9310979309412343 -0.023928339493611325 0.5980845432298839
-0.9065953538112017 -0.017159155266332757 0.5947283467505778
-0.8820927766811694 -0.010389971039054188 0.5913721502712718
-0.8575901995511368 -0.0036207868117756194 0.5880159537919656
-0.8330876224211043 0.003148397415502949 0.5846597573126595
-0.8085850452910719 0.009917581642781517 0.5813035608333534
-0.7840824681610393 0.016686765870060113 0.5779473643540473
-0.759579891031007 0.023455950097338654 0.5745911678747412
-0.7350773139009744 0.030225134324617223 0.5712349713954351
-0.710574736770942 0.03699431855189579 0.5678787749161289
-0.6860721596409094 0.04376350277917439 0.5645225784368229
-0.6615695825108769 0.050532687006452956 0.5611663819575168
-0.6370670053808446 0.0573018712337315 0.5578101854782106
-0.6125644282508119 0.06407105546101009 0.5544539889989045
-0.5880618511207796 0.07084023968828863 0.5510977925195985
-0.563559273990747 0.07760942391556723 0.5477415960402923
-0.5390566968607146 0.0843786081428458 0.5443853995609862
-0.5145541197306822 0.09114779237012434 0.5410292030816801
-0.49005154260064954 0.09791697659740294 0.5376730066023739
-0.4655489654706172 0.1046861608246815 0.5343168101230679
-0.4410463883405847 0.11145534505196007 0.5309606136437617
-0.4165438112105522 0.11822452927923864 0.5276044171644556
-0.39204123408051966 0.12499371350651722 0.5242482206851495
-0.36753865695048715 0.1317628977337958 0.5208920242058434
-0.34303607982045475 0.13853208196107433 0.5175358277265373
-0.3185335026904223 0.14530126618835293 0.5141796312472312
-0.2940309255603898 0.1520704504156315 0.510823434767925
-0.2695283484303573 0.15883963464291007 0.507467238288619
-0.24502577130032477 0.16560881887018863 0.5041110418093129
-0.2205231941702924 0.1723780030974672 0.5007548453300067
-0.1960206170402599 0.17914718732474577 0.4973986488507006
-0.17151803991022738 0.18591637155202434 0.4940424523713945
-0.1470154627801949 0.1926855557793029 0.4906862558920884
-0.12251288565016238 0.19945474000658148 0.4873300594127823
-0.09801030852013 0.20622392423386005 0.48397386293347616
-0.0735077313900975 0.2129931084611386 0.4806176664541701
-0.049005154260065 0.21976229268841718 0.47726146997486396
-0.0245025771300325 0.22653147691569575 0.47390527349555783
0.0 0.23330066114297435 0.4705490770162517
-0.9556005080712667 -0.021365497275170904 0.6202627027898402
-0.9310979309412343 -0.014596313047892336 0.616906506310534
-0.9065953538112017 -0.007827128820613767 0.6135503098312279
-0.8820927766811694 -0.0010579445933351986 0.6101941133519219
-0.8575901995511368 0.00571123963394337 0.6068379168726157
-0.8330876224211043 0.012480423861221938 0.6034817203933096
-0.8085850452910719 0.019249608088500507 0.6001255239140035
-0.7840824681610393 0.026018792315779103 0.5967693274346973
-0.759579891031007 0.032787976543057644 0.5934131309553913
-0.7350773139009744 0.03955716077033621 0.5900569344760852
-0.710574736770942 0.04632634499761478 0.586700737996779
-0.6860721596409094 0.05309552922489338 0.583344541517473
-0.6615695825108769 0.059864713452171946 0.5799883450381669
-0.6370670053808446 0.06663389767945048 0.5766321485588607
-0.6125644282508119 0.07340308190672908 0.5732759520795546
-0.5880618511207796 0.08017226613400762 0.5699197556002485
-0.563559273990747 0.08694145036128621 0.5665635591209424
-0.5390566968607146 0.09371063458856478 0.5632073626416363
-0.5145541197306822 0.10047981881584332 0.5598511661623302
-0.49005154260064954 0.10724900304312192 0.556494969683024
-0.4655489654706172 0.11401818727040049 0.553138773203718
-0.4410463883405847 0.12078737149767906 0.5497825767244118
-0.4165438112105522 0.12755655572495764 0.5464263802451057
-0.39204123408051966 0.1343257399522362 0.5430701837657996
-0.36753865695048715 0.14109492417951477 0.5397139872864934
-0.34303607982045475 0.14786410840679332 0.5363577908071874
-0.3185335026904223 0.1546332926340719 0.5330015943278813
-0.2940309255603898 0.16140247686135048 0.5296453978485751
-0.2695283484303573 0.16817166108862905 0.526289201369269
-0.24502577130032477 0.17494084531590762 0.522933004889963
-0.2205231941702924 0.18171002954318619 0.5195768084106568
-0.1960206170402599 0.18847921377046475 0.5162206119313507
-0.17151803991022738 0.19524839799774332 0.5128644154520446
-0.1470154627801949 0.2020175822250219 0.5095082189727385
-0.12251288565016238 0.20878676645230046 0.5061520224934324
-0.09801030852013 0.21555595067957903 0.5027958260141263
-0.0735077313900975 0.2223251349068576 0.4994396295348202
-0.049005154260065 0.22909431913413617 0.49608343305551406
-0.0245025771300325 0.23586350336141473 0.4927272365762079
0.0 0.24263268758869333 0.4893710400969018
-0.9556005080712667 -0.012033470829451914 0.6390846658704903
-0.9310979309412343 -0.005264286602173347 0.6357284693911842
-0.9065953538112017 0.001504897625105222 0.632372272911878
-0.8820927766811694 0.008274081852383791 0.629016076432572
-0.8575901995511368 0.01504326607966236 0.6256598799532658
-0.8330876224211043 0.021812450306940928 0.6223036834739597
-0.8085850452910719 0.028581634534219497 0.6189474869946536
-0.7840824681610393 0.03535081876149809 0.6155912905153474
-0.759579891031007 0.042120002988776634 0.6122350940360414
-0.7350773139009744 0.0488891872160552 0.6088788975567353
-0.710574736770942 0.05565837144333377 0.6055227010774291
-0.6860721596409094 0.06242755567061237 0.602166504598123
-0.6615695825108769 0.06919673989789094 0.598810308118817
-0.6370670053808446 0.07596592412516948 0.5954541116395108
-0.6125644282508119 0.08273510835244807 0.5920979151602047
-0.5880618511207796 0.08950429257972661 0.5887417186808986
-0.563559273990747 0.09627347680700521 0.5853855222015925
-0.5390566968607146 0.10304266103428378 0.5820293257222864
-0.5145541197306822 0.10981184526156232 0.5786731292429803
-0.49005154260064954 0.11658102948884091 0.5753169327636741
-0.4655489654706172 0.12335021371611948 0.571960736284368
-0.4410463883405847 0.13011939794339805 0.568604539805062
-0.4165438112105522 0.13688858217067662 0.5652483433257558
-0.39204123408051966 0.1436577663979552 0.5618921468464497
-0.36753865695048715 0.15042695062523376 0.5585359503671435
-0.34303607982045475 0.1571961348525123 0.5551797538878375
-0.3185335026904223 0.1639653190797909 0.5518235574085314
-0.2940309255603898 0.17073450330706946 0.5484673609292252
-0.2695283484303573 0.17750368753434803 0.5451111644499191
-0.24502577130032477 0.1842728717616266 0.5417549679706131
-0.2205231941702924 0.19104205598890517 0.5383987714913069
-0.1960206170402599 0.19781124021618374 0.5350425750120008
-0.17151803991022738 0.2045804244434623 0.5316863785326947
-0.1470154627801949 0.21134960867074087 0.5283301820533886
-0.12251288565016238 0.21811879289801947 0.5249739855740825
-0.09801030852013 0.224887977125298 0.5216177890947764
-0.0735077313900975 0.23165716135257658 0.5182615926154702
-0.049005154260065 0.23842634557985515 0.5149053961361642
-0.0245025771300325 0.24519552980713374 0.5115491996568581
0.0 0.2519647140344123 0.5081930031775519
-0.9556005080712667 -0.002701444383732975 0.6579066289511403
-0.9310979309412343 0.0040677398435455935 0.6545504324718342
-0.9065953538112017 0.010836924070824162 0.651194235992528
-0.8820927766811694 0.01760610829810273 0.6478380395132219
-0.8575901995511368 0.024375292525381297 0.6444818430339159
-0.8330876224211043 0.031144476752659866 0.6411256465546097
-0.8085850452910719 0.03791366097993844 0.6377694500753036
-0.7840824681610393 0.044682845207217034 0.6344132535959974
-0.759579891031007 0.051452029434495575 0.6310570571166914
-0.7350773139009744 0.05822121366177414 0.6277008606373853
-0.710574736770942 0.06499039788905271 0.6243446641580792
-0.6860721596409094 0.07175958211633131 0.620988467678773
-0.6615695825108769 0.07852876634360988 0.617632271199467
-0.6370670053808446 0.08529795057088842 0.6142760747201609
-0.6125644282508119 0.09206713479816701 0.6109198782408547
-0.5880618511207796 0.09883631902544555 0.6075636817615486
-0.563559273990747 0.10560550325272415 0.6042074852822424
-0.5390566968607146 0.11237468748000272 0.6008512888029364
-0.5145541197306822 0.11914387170728126 0.5974950923236303
-0.49005154260064954 0.12591305593455984 0.5941388958443241
-0.4655489654706172 0.1326822401618384 0.590782699365018
-0.4410463883405847 0.13945142438911698 0.587426502885712
-0.4165438112105522 0.14622060861639555 0.5840703064064058
-0.39204123408051966 0.15298979284367414 0.5807141099270997
-0.36753865695048715 0.1597589770709527 0.5773579134477936
-0.34303607982045475 0.16652816129823125 0.5740017169684875
-0.3185335026904223 0.17329734552550982 0.5706455204891814
-0.2940309255603898 0.1800665297527884 0.5672893240098753
-0.2695283484303573 0.186835713980067 0.5639331275305691
-0.24502577130032477 0.19360489820734555 0.560576931051263
-0.2205231941702924 0.2003740824346241 0.557220734571957
-0.1960206170402599 0.2071432666619027 0.5538645380926508
-0.17151803991022738 0.21391245088918126 0.5505083416133447
-0.1470154627801949 0.22068163511645983 0.5471521451340386
-0.12251288565016238 0.2274508193437384 0.5437959486547325
-0.09801030852013 0.23422000357101694 0.5404397521754264
-0.0735077313900975 0.24098918779829553 0.5370835556961203
-0.049005154260065 0.2477583720255741 0.5337273592168141
-0.0245025771300325 0.25452755625285267 0.5303711627375081
0.0 0.26129674048013124 0.5270149662582019
-0.9556005080712667 0.006630582061986014 0.6767285920317904
-0.9310979309412343 0.013399766289264583 0.6733723955524843
-0.9065953538112017 0.02016895051654315 0.6700161990731781
-0.8820927766811694 0.02693813474382172 0.666660002593872
-0.8575901995511368 0.03370731897110029 0.663303806114566
-0.8330876224211043 0.04047650319837886 0.6599476096352598
-0.8085850452910719 0.04724568742565743 0.6565914131559537
-0.7840824681610393 0.054014871652936024 0.6532352166766476
-0.759579891031007 0.060784055880214564 0.6498790201973415
-0.7350773139009744 0.06755324010749313 0.6465228237180354
-0.710574736770942 0.0743224243347717 0.6431666272387293
-0.6860721596409094 0.08109160856205029 0.6398104307594231
-0.6615695825108769 0.08786079278932886 0.636454234280117
-0.6370670053808446 0.0946299770166074 0.633098037800811
-0.6125644282508119 0.101399161243886 0.6297418413215048
-0.5880618511207796 0.10816834547116454 0.6263856448421987
-0.563559273990747 0.11493752969844313 0.6230294483628926
-0.5390566968607146 0.1217067139257217 0.6196732518835865
-0.5145541197306822 0.12847589815300026 0.6163170554042804
-0.49005154260064954 0.13524508238027885 0.6129608589249742
-0.4655489654706172 0.14201426660755742 0.6096046624456681
-0.4410463883405847 0.148783450834836 0.6062484659663621
-0.4165438112105522 0.15555263506211456 0.6028922694870559
-0.39204123408051966 0.16232181928939313 0.5995360730077498
-0.36753865695048715 0.1690910035166717 0.5961798765284437
-0.34303607982045475 0.17586018774395024 0.5928236800491375
-0.3185335026904223 0.18262937197122883 0.5894674835698315
-0.2940309255603898 0.1893985561985074 0.5861112870905254
-0.2695283484303573 0.19616774042578597 0.5827550906112192
-0.24502577130032477 0.20293692465306454 0.5793988941319131
-0.2205231941702924 0.2097061088803431 0.5760426976526071
-0.1960206170402599 0.21647529310762167 0.5726865011733009
-0.17151803991022738 0.22324447733490024 0.5693303046939948
-0.1470154627801949 0.2300136615621788 0.5659741082146887
-0.12251288565016238 0.23678284578945738 0.5626179117353826
-0.09801030852013 0.24355203001673595 0.5592617152560765
-0.0735077313900975 0.2503212142440145 0.5559055187767704
-0.049005154260065 0.2570903984712931 0.5525493222974642
-0.0245025771300325 0.2638595826985717 0.5491931258181582
0.0 0.27062876692585025 0.5458369293388521
-0.9556005080712667 0.015962608507705003 0.6955505551124405
-0.9310979309412343 0.02273179273498357 0.6921943586331344
-0.9065953538112017 0.02950097696226214 0.6888381621538282
-0.8820927766811694 0.03627016118954071 0.6854819656745221
-0.8575901995511368 0.04303934541681928 0.6821257691952161
-0.8330876224211043 0.04980852964409785 0.6787695727159099
-0.8085850452910719 0.05657771387137642 0.6754133762366038
-0.7840824681610393 0.06334689809865501 0.6720571797572977
-0.759579891031007 0.07011608232593355 0.6687009832779915
-0.7350773139009744 0.07688526655321212 0.6653447867986855
-0.710574736770942 0.08365445078049069 0.6619885903193794
-0.6860721596409094 0.09042363500776929 0.6586323938400732
-0.6615695825108769 0.09719281923504786 0.6552761973607671
-0.6370670053808446 0.1039620034623264 0.6519200008814611
-0.6125644282508119 0.11073118768960499 0.6485638044021549
-0.5880618511207796 0.11750037191688353 0.6452076079228488
-0.563559273990747 0.12426955614416213 0.6418514114435427
-0.5390566968607146 0.1310387403714407 0.6384952149642366
-0.5145541197306822 0.13780792459871924 0.6351390184849305
-0.49005154260064954 0.14457710882599784 0.6317828220056243
-0.4655489654706172 0.1513462930532764 0.6284266255263182
-0.4410463883405847 0.15811547728055497 0.6250704290470122
-0.4165438112105522 0.16488466150783354 0.621714232567706
-0.39204123408051966 0.1716538457351121 0.6183580360883999
-0.36753865695048715 0.17842302996239068 0.6150018396090938
-0.34303607982045475 0.18519221418966922 0.6116456431297876
-0.3185335026904223 0.19196139841694781 0.6082894466504816
-0.2940309255603898 0.19873058264422638 0.6049332501711755
-0.2695283484303573 0.20549976687150495 0.6015770536918693
-0.24502577130032477 0.21226895109878352 0.5982208572125632
-0.2205231941702924 0.2190381353260621 0.5948646607332572
-0.1960206170402599 0.22580731955334066 0.591508464253951
-0.17151803991022738 0.23257650378061923 0.5881522677746449
-0.1470154627801949 0.2393456880078978 0.5847960712953388
-0.12251288565016238 0.2461148722351764 0.5814398748160327
-0.09801030852013 0.25288405646245493 0.5780836783367266
-0.0735077313900975 0.2596532406897335 0.5747274818574205
-0.049005154260065 0.26642242491701207 0.5713712853781143
-0.0245025771300325 0.27319160914429064 0.5680150888988083
0.0 0.2799607933715692 0.5646588924195022
-0.9556005080712667 0.025294634953423944 0.7143725181930904
-0.9310979309412343 0.03206381918070251 0.7110163217137844
-0.9065953538112017 0.03883300340798108 0.7076601252344782
-0.8820927766811694 0.045602187635259646 0.7043039287551721
-0.8575901995511368 0.052371371862538214 0.700947732275866
-0.8330876224211043 0.05914055608981678 0.6975915357965599
-0.8085850452910719 0.06590974031709536 0.6942353393172538
-0.7840824681610393 0.07267892454437395 0.6908791428379477
-0.759579891031007 0.0794481087716525 0.6875229463586415
-0.7350773139009744 0.08621729299893106 0.6841667498793355
-0.710574736770942 0.09298647722620963 0.6808105534000294
-0.6860721596409094 0.09975566145348823 0.6774543569207232
-0.6615695825108769 0.1065248456807668 0.6740981604414171
-0.6370670053808446 0.11329402990804534 0.670741963962111
-0.6125644282508119 0.12006321413532393 0.6673857674828049
-0.5880618511207796 0.12683239836260246 0.6640295710034988
-0.563559273990747 0.13360158258988106 0.6606733745241927
-0.5390566968607146 0.14037076681715963 0.6573171780448865
-0.5145541197306822 0.14713995104443817 0.6539609815655805
-0.49005154260064954 0.15390913527171676 0.6506047850862744
-0.4655489654706172 0.16067831949899533 0.6472485886069682
-0.4410463883405847 0.1674475037262739 0.6438923921276621
-0.4165438112105522 0.17421668795355247 0.6405361956483561
-0.39204123408051966 0.18098587218083106 0.6371799991690499
-0.36753865695048715 0.18775505640810963 0.6338238026897438
-0.34303607982045475 0.19452424063538817 0.6304676062104377
-0.3185335026904223 0.20129342486266674 0.6271114097311316
-0.2940309255603898 0.2080626090899453 0.6237552132518255
-0.2695283484303573 0.2148317933172239 0.6203990167725194
-0.24502577130032477 0.22160097754450248 0.6170428202932132
-0.2205231941702924 0.22837016177178102 0.6136866238139072
-0.1960206170402599 0.2351393459990596 0.6103304273346011
-0.17151803991022738 0.24190853022633818 0.6069742308552949
-0.1470154627801949 0.24867771445361675 0.6036180343759888
-0.12251288565016238 0.2554468986808953 0.6002618378966826
-0.09801030852013 0.2622160829081739 0.5969056414173766
-0.0735077313900975 0.26898526713545245 0.5935494449380705
-0.049005154260065 0.275754451362731 0.5901932484587643
-0.0245025771300325 0.2825236355900096 0.5868370519794582
0.0 0.28929281981728816 0.5834808555001522
-0.9556005080712667 0.03462666139914293 0.7331944812737405
-0.9310979309412343 0.0413958456264215 0.7298382847944345
-0.9065953538112017 0.04816502985370007 0.7264820883151284
-0.8820927766811694 0.054934214080978636 0.7231258918358222
-0.8575901995511368 0.061703398308257204 0.7197696953565161
-0.8330876224211043 0.06847258253553577 0.7164134988772101
-0.8085850452910719 0.07524176676281434 0.7130573023979039
-0.7840824681610393 0.08201095099009294 0.7097011059185978
-0.759579891031007 0.08878013521737148 0.7063449094392917
-0.7350773139009744 0.09554931944465005 0.7029887129599856
-0.710574736770942 0.10231850367192862 0.6996325164806795
-0.6860721596409094 0.10908768789920721 0.6962763200013734
-0.6615695825108769 0.11585687212648578 0.6929201235220672
-0.6370670053808446 0.12262605635376432 0.6895639270427611
-0.6125644282508119 0.12939524058104293 0.686207730563455
-0.5880618511207796 0.13616442480832147 0.6828515340841489
-0.563559273990747 0.14293360903560007 0.6794953376048428
-0.5390566968607146 0.14970279326287864 0.6761391411255366
-0.5145541197306822 0.15647197749015718 0.6727829446462306
-0.49005154260064954 0.16324116171743577 0.6694267481669245
-0.4655489654706172 0.17001034594471434 0.6660705516876183
-0.4410463883405847 0.1767795301719929 0.6627143552083122
-0.4165438112105522 0.18354871439927148 0.6593581587290062
-0.39204123408051966 0.19031789862655005 0.6560019622497
-0.36753865695048715 0.19708708285382862 0.6526457657703939
-0.34303607982045475 0.20385626708110716 0.6492895692910878
-0.3185335026904223 0.21062545130838575 0.6459333728117816
-0.2940309255603898 0.21739463553566432 0.6425771763324756
-0.2695283484303573 0.2241638197629429 0.6392209798531695
-0.24502577130032477 0.23093300399022146 0.6358647833738633
-0.2205231941702924 0.23770218821750003 0.6325085868945572
-0.1960206170402599 0.2444713724447786 0.6291523904152512
-0.17151803991022738 0.25124055667205714 0.625796193935945
-0.1470154627801949 0.25800974089933576 0.6224399974566389
-0.12251288565016238 0.26477892512661433 0.6190838009773327
-0.09801030852013 0.27154810935389284 0.6157276044980267
-0.0735077313900975 0.2783172935811714 0.6123714080187206
-0.049005154260065 0.28508647780845003 0.6090152115394145
-0.0245025771300325 0.2918556620357286 0.6056590150601083
0.0 0.29862484626300717 0.6023028185808023
-0.9556005080712667 0.04395868784486192 0.7520164443543906
-0.9310979309412343 0.05072787207214049 0.7486602478750846
-0.9065953538112017 0.05749705629941906 0.7453040513957785
-0.8820927766811694 0.06426624052669763 0.7419478549164723
-0.8575901995511368 0.0710354247539762 0.7385916584371662
-0.8330876224211043 0.07780460898125477 0.7352354619578602
-0.8085850452910719 0.08457379320853334 0.731879265478554
-0.7840824681610393 0.09134297743581193 0.7285230689992479
-0.759579891031007 0.09811216166309047 0.7251668725199418
-0.7350773139009744 0.10488134589036904 0.7218106760406356
-0.710574736770942 0.11165053011764761 0.7184544795613296
-0.6860721596409094 0.11841971434492621 0.7150982830820235
-0.6615695825108769 0.12518889857220478 0.7117420866027173
-0.6370670053808446 0.13195808279948332 0.7083858901234112
-0.6125644282508119 0.1387272670267619 0.7050296936441051
-0.5880618511207796 0.14549645125404045 0.701673497164799
-0.563559273990747 0.15226563548131905 0.6983173006854929
-0.5390566968607146 0.15903481970859762 0.6949611042061867
-0.5145541197306822 0.16580400393587616 0.6916049077268807
-0.49005154260064954 0.17257318816315476 0.6882487112475746
-0.4655489654706172 0.17934237239043332 0.6848925147682684
-0.4410463883405847 0.1861115566177119 0.6815363182889623
-0.4165438112105522 0.19288074084499046 0.6781801218096563
-0.39204123408051966 0.19964992507226903 0.6748239253303501
-0.36753865695048715 0.2064191092995476 0.671467728851044
-0.34303607982045475 0.21318829352682614 0.6681115323717379
-0.3185335026904223 0.21995747775410474 0.6647553358924317
-0.2940309255603898 0.2267266619813833 0.6613991394131257
-0.2695283484303573 0.23349584620866187 0.6580429429338196
-0.24502577130032477 0.24026503043594044 0.6546867464545134
-0.2205231941702924 0.247034214663219 0.6513305499752073
-0.1960206170402599 0.2538033988904976 0.6479743534959013
-0.17151803991022738 0.26057258311777615 0.6446181570165951
-0.1470154627801949 0.2673417673450547 0.641261960537289
-0.12251288565016238 0.2741109515723333 0.6379057640579829
-0.09801030852013 0.28088013579961185 0.6345495675786768
-0.0735077313900975 0.2876493200268904 0.6311933710993707
-0.049005154260065 0.294418504254169 0.6278371746200646
-0.0245025771300325 0.30118768848144756 0.6244809781407584
0.0 0.3079568727087261 0.6211247816614524
-0.9556005080712667 0.05329071429058086 0.7708384074350406
-0.9310979309412343 0.06005989851785943 0.7674822109557345
-0.9065953538112017 0.066829082745138 0.7641260144764285
-0.8820927766811694 0.07359826697241657 0.7607698179971223
-0.8575901995511368 0.08036745119969514 0.7574136215178162
-0.8330876224211043 0.08713663542697371 0.7540574250385101
-0.8085850452910719 0.09390581965425228 0.750701228559204
-0.7840824681610393 0.10067500388153088 0.7473450320798979
-0.759579891031007 0.10744418810880942 0.7439888356005918
-0.7350773139009744 0.11421337233608798 0.7406326391212856
-0.710574736770942 0.12098255656336655 0.7372764426419796
-0.6860721596409094 0.12775174079064514 0.7339202461626735
-0.6615695825108769 0.1345209250179237 0.7305640496833673
-0.6370670053808446 0.14129010924520224 0.7272078532040612
-0.6125644282508119 0.14805929347248084 0.7238516567247552
-0.5880618511207796 0.15482847769975938 0.720495460245449
-0.563559273990747 0.16159766192703798 0.7171392637661429
-0.5390566968607146 0.16836684615431655 0.7137830672868368
-0.5145541197306822 0.1751360303815951 0.7104268708075306
-0.49005154260064954 0.18190521460887368 0.7070706743282246
-0.4655489654706172 0.18867439883615225 0.7037144778489185
-0.4410463883405847 0.19544358306343082 0.7003582813696123
-0.4165438112105522 0.2022127672907094 0.6970020848903062
-0.39204123408051966 0.20898195151798798 0.6936458884110001
-0.36753865695048715 0.21575113574526655 0.690289691931694
-0.34303607982045475 0.2225203199725451 0.6869334954523879
-0.3185335026904223 0.22928950419982366 0.6835772989730818
-0.2940309255603898 0.23605868842710223 0.6802211024937757
-0.2695283484303573 0.24282787265438083 0.6768649060144696
-0.24502577130032477 0.2495970568816594 0.6735087095351634
-0.2205231941702924 0.25636624110893796 0.6701525130558573
-0.1960206170402599 0.26313542533621653 0.6667963165765513
-0.17151803991022738 0.2699046095634951 0.6634401200972451
-0.1470154627801949 0.27667379379077367 0.660083923617939
-0.12251288565016238 0.28344297801805224 0.6567277271386329
-0.09801030852013 0.2902121622453308 0.6533715306593267
-0.0735077313900975 0.2969813464726094 0.6500153341800207
-0.049005154260065 0.30375053069988794 0.6466591377007146
-0.0245025771300325 0.3105197149271665 0.6433029412214084
0.0 0.3172888991544451 0.6399467447421023
-0.9556005080712667 0.06262274073629985 0.7896603705156908
-0.9310979309412343 0.06939192496357842 0.7863041740363846
-0.9065953538112017 0.07616110919085699 0.7829479775570786
-0.8820927766811694 0.08293029341813556 0.7795917810777725
-0.8575901995511368 0.08969947764541412 0.7762355845984663
-0.8330876224211043 0.0964686618726927 0.7728793881191602
-0.8085850452910719 0.10323784609997126 0.769523191639854
-0.7840824681610393 0.11000703032724986 0.766166995160548
-0.759579891031007 0.1167762145545284 0.7628107986812419
-0.7350773139009744 0.12354539878180697 0.7594546022019357
-0.710574736770942 0.13031458300908552 0.7560984057226297
-0.6860721596409094 0.13708376723636412 0.7527422092433236
-0.6615695825108769 0.1438529514636427 0.7493860127640174
-0.6370670053808446 0.15062213569092123 0.7460298162847113
-0.6125644282508119 0.15739131991819982 0.7426736198054052
-0.5880618511207796 0.16416050414547836 0.7393174233260991
-0.563559273990747 0.17092968837275696 0.735961226846793
-0.5390566968607146 0.17769887260003553 0.7326050303674869
-0.5145541197306822 0.18446805682731407 0.7292488338881807
-0.49005154260064954 0.19123724105459267 0.7258926374088747
-0.4655489654706172 0.19800642528187123 0.7225364409295686
-0.4410463883405847 0.2047756095091498 0.7191802444502624
-0.4165438112105522 0.21154479373642837 0.7158240479709563
-0.39204123408051966 0.21831397796370697 0.7124678514916503
-0.36753865695048715 0.22508316219098554 0.7091116550123441
-0.34303607982045475 0.23185234641826408 0.705755458533038
-0.3185335026904223 0.23862153064554265 0.7023992620537319
-0.2940309255603898 0.24539071487282121 0.6990430655744257
-0.2695283484303573 0.2521598991000998 0.6956868690951197
-0.24502577130032477 0.25892908332737835 0.6923306726158135
-0.2205231941702924 0.2656982675546569 0.6889744761365074
-0.1960206170402599 0.2724674517819355 0.6856182796572013
-0.17151803991022738 0.27923663600921406 0.6822620831778953
-0.1470154627801949 0.2860058202364926 0.6789058866985891
-0.12251288565016238 0.29277500446377125 0.675549690219283
-0.09801030852013 0.29954418869104976 0.6721934937399769
-0.0735077313900975 0.30631337291832833 0.6688372972606708
-0.049005154260065 0.3130825571456069 0.6654811007813647
-0.0245025771300325 0.3198517413728855 0.6621249043020585
0.0 0.3266209256001641 0.6587687078227524
-0.9556005080712667 0.07195476718201883 0.8084823335963409
-0.9310979309412343 0.0787239514092974 0.8051261371170347
-0.9065953538112017 0.08549313563657597 0.8017699406377287
-0.8820927766811694 0.09226231986385454 0.7984137441584226
-0.8575901995511368 0.09903150409113311 0.7950575476791164
-0.8330876224211043 0.10580068831841168 0.7917013511998103
-0.8085850452910719 0.11256987254569024 0.7883451547205041
-0.7840824681610393 0.11933905677296884 0.7849889582411981
-0.759579891031007 0.1261082410002474 0.781632761761892
-0.7350773139009744 0.13287742522752596 0.7782765652825858
-0.710574736770942 0.13964660945480453 0.7749203688032797
-0.6860721596409094 0.14641579368208313 0.7715641723239737
-0.6615695825108769 0.1531849779093617 0.7682079758446675
-0.6370670053808446 0.15995416213664024 0.7648517793653614
-0.6125644282508119 0.16672334636391883 0.7614955828860553
-0.5880618511207796 0.17349253059119737 0.7581393864067492
-0.563559273990747 0.18026171481847597 0.7547831899274431
-0.5390566968607146 0.18703089904575454 0.751426993448137
-0.5145541197306822 0.19380008327303308 0.7480707969688308
-0.49005154260064954 0.20056926750031168 0.7447146004895248
-0.4655489654706172 0.20733845172759024 0.7413584040102187
-0.4410463883405847 0.2141076359548688 0.7380022075309125
-0.4165438112105522 0.22087682018214738 0.7346460110516064
-0.39204123408051966 0.22764600440942595 0.7312898145723004
-0.36753865695048715 0.23441518863670452 0.7279336180929942
-0.34303607982045475 0.24118437286398306 0.7245774216136881
-0.3185335026904223 0.24795355709126166 0.721221225134382
-0.2940309255603898 0.2547227413185402 0.7178650286550758
-0.2695283484303573 0.2614919255458188 0.7145088321757698
-0.24502577130032477 0.26826110977309736 0.7111526356964637
-0.2205231941702924 0.27503029400037593 0.7077964392171575
-0.1960206170402599 0.2817994782276545 0.7044402427378514
-0.17151803991022738 0.28856866245493307 0.7010840462585454
-0.1470154627801949 0.29533784668221164 0.6977278497792392
-0.12251288565016238 0.3021070309094902 0.6943716532999331
-0.09801030852013 0.3088762151367688 0.691015456820627
-0.0735077313900975 0.31564539936404734 0.6876592603413209
-0.049005154260065 0.3224145835913259 0.6843030638620148
-0.0245025771300325 0.3291837678186045 0.6809468673827086
0.0 0.33595295204588305 0.6775906709034025
-0.9556005080712667 0.08128679362773777 0.8273042966769909
-0.9310979309412343 0.08805597785501634 0.8239481001976848
-0.9065953538112017 0.09482516208229491 0.8205919037183786
-0.8820927766811694 0.10159434630957348 0.8172357072390726
-0.8575901995511368 0.10836353053685205 0.8138795107597664
-0.8330876224211043 0.11513271476413062 0.8105233142804603
-0.8085850452910719 0.12190189899140919 0.8071671178011542
-0.7840824681610393 0.12867108321868778 0.8038109213218481
-0.759579891031007 0.13544026744596632 0.800454724842542
-0.7350773139009744 0.1422094516732449 0.7970985283632359
-0.710574736770942 0.14897863590052346 0.7937423318839297
-0.6860721596409094 0.15574782012780206 0.7903861354046237
-0.6615695825108769 0.16251700435508062 0.7870299389253176
-0.6370670053808446 0.16928618858235917 0.7836737424460114
-0.6125644282508119 0.17605537280963776 0.7803175459667053
-0.5880618511207796 0.1828245570369163 0.7769613494873993
-0.563559273990747 0.1895937412641949 0.7736051530080931
-0.5390566968607146 0.19636292549147347 0.770248956528787
-0.5145541197306822 0.203132109718752 0.7668927600494809
-0.49005154260064954 0.2099012939460306 0.7635365635701747
-0.4655489654706172 0.21667047817330917 0.7601803670908687
-0.4410463883405847 0.22343966240058774 0.7568241706115626
-0.4165438112105522 0.2302088466278663 0.7534679741322564
-0.39204123408051966 0.2369780308551449 0.7501117776529503
-0.36753865695048715 0.24374721508242347 0.7467555811736442
-0.34303607982045475 0.250516399309702 0.7433993846943381
-0.3185335026904223 0.2572855835369806 0.740043188215032
-0.2940309255603898 0.2640547677642592 0.7366869917357258
-0.2695283484303573 0.27082395199153775 0.7333307952564198
-0.24502577130032477 0.2775931362188163 0.7299745987771137
-0.2205231941702924 0.2843623204460949 0.7266184022978075
-0.1960206170402599 0.29113150467337345 0.7232622058185014
-0.17151803991022738 0.297900688900652 0.7199060093391954
-0.1470154627801949 0.3046698731279306 0.7165498128598892
-0.12251288565016238 0.31143905735520916 0.7131936163805831
-0.09801030852013 0.3182082415824877 0.709837419901277
-0.0735077313900975 0.3249774258097663 0.7064812234219708
-0.049005154260065 0.33174661003704486 0.7031250269426648
-0.0245025771300325 0.33851579426432343 0.6997688304633587
0.0 0.345284978491602 0.6964126339840525
-0.9556005080712667 0.09061882007345677 0.846126259757641
-0.9310979309412343 0.09738800430073534 0.8427700632783349
-0.9065953538112017 0.10415718852801391 0.8394138667990287
-0.8820927766811694 0.11092637275529248 0.8360576703197227
-0.8575901995511368 0.11769555698257105 0.8327014738404165
-0.8330876224211043 0.12446474120984961 0.8293452773611104
-0.8085850452910719 0.13123392543712817 0.8259890808818043
-0.7840824681610393 0.13800310966440676 0.8226328844024982
-0.759579891031007 0.1447722938916853 0.8192766879231921
-0.7350773139009744 0.15154147811896387 0.815920491443886
-0.710574736770942 0.15831066234624244 0.8125642949645798
-0.6860721596409094 0.16507984657352104 0.8092080984852738
-0.6615695825108769 0.1718490308007996 0.8058519020059677
-0.6370670053808446 0.17861821502807815 0.8024957055266615
-0.6125644282508119 0.18538739925535674 0.7991395090473554
-0.5880618511207796 0.19215658348263528 0.7957833125680494
-0.563559273990747 0.19892576770991388 0.7924271160887432
-0.5390566968607146 0.20569495193719245 0.7890709196094371
-0.5145541197306822 0.212464136164471 0.785714723130131
-0.49005154260064954 0.2192333203917496 0.7823585266508248
-0.4655489654706172 0.22600250461902816 0.7790023301715188
-0.4410463883405847 0.23277168884630672 0.7756461336922127
-0.4165438112105522 0.2395408730735853 0.7722899372129065
-0.39204123408051966 0.2463100573008639 0.7689337407336004
-0.36753865695048715 0.25307924152814243 0.7655775442542943
-0.34303607982045475 0.259848425755421 0.7622213477749882
-0.3185335026904223 0.26661760998269957 0.7588651512956821
-0.2940309255603898 0.27338679420997813 0.7555089548163759
-0.2695283484303573 0.2801559784372567 0.7521527583370698
-0.24502577130032477 0.28692516266453527 0.7487965618577638
-0.2205231941702924 0.29369434689181384 0.7454403653784576
-0.1960206170402599 0.3004635311190924 0.7420841688991515
-0.17151803991022738 0.307232715346371 0.7387279724198454
-0.1470154627801949 0.31400189957364955 0.7353717759405393
-0.12251288565016238 0.32077108380092817 0.7320155794612332
-0.09801030852013 0.3275402680282067 0.7286593829819271
-0.0735077313900975 0.33430945225548525 0.7253031865026209
-0.049005154260065 0.3410786364827638 0.7219469900233149
-0.0245025771300325 0.34784782071004244 0.7185907935440088
0.0 0.354617004937321 0.7152345970647026
-0.9556005080712667 0.09995084651917575 0.8649482228382911
-0.9310979309412343 0.10672003074645432 0.861592026358985
-0.9065953538112017 0.11348921497373289 0.8582358298796788
-0.8820927766811694 0.12025839920101146 0.8548796334003728
-0.8575901995511368 0.12702758342829004 0.8515234369210666
-0.8330876224211043 0.1337967676555686 0.8481672404417605
-0.8085850452910719 0.14056595188284718 0.8448110439624544
-0.7840824681610393 0.14733513611012578 0.8414548474831482
-0.759579891031007 0.15410432033740432 0.8380986510038422
-0.7350773139009744 0.16087350456468288 0.8347424545245361
-0.710574736770942 0.16764268879196145 0.8313862580452299
-0.6860721596409094 0.17441187301924005 0.8280300615659238
-0.6615695825108769 0.18118105724651862 0.8246738650866178
-0.6370670053808446 0.18795024147379716 0.8213176686073116
-0.6125644282508119 0.19471942570107575 0.8179614721280055
-0.5880618511207796 0.2014886099283543 0.8146052756486994
-0.563559273990747 0.2082577941556329 0.8112490791693933
-0.5390566968607146 0.21502697838291146 0.8078928826900872
-0.5145541197306822 0.22179616261019 0.8045366862107811
-0.49005154260064954 0.2285653468374686 0.8011804897314749
-0.4655489654706172 0.23533453106474717 0.7978242932521689
-0.4410463883405847 0.24210371529202573 0.7944680967728628
-0.4165438112105522 0.2488728995193043 0.7911119002935566
-0.39204123408051966 0.25564208374658287 0.7877557038142505
-0.36753865695048715 0.26241126797386144 0.7843995073349443
-0.34303607982045475 0.26918045220114 0.7810433108556383
-0.3185335026904223 0.2759496364284186 0.7776871143763322
-0.2940309255603898 0.28271882065569715 0.7743309178970261
-0.2695283484303573 0.2894880048829757 0.7709747214177199
-0.24502577130032477 0.2962571891102543 0.7676185249384139
-0.2205231941702924 0.30302637333753285 0.7642623284591078
-0.1960206170402599 0.3097955575648114 0.7609061319798016
-0.17151803991022738 0.31656474179209 0.7575499355004955
-0.1470154627801949 0.32333392601936856 0.7541937390211894
-0.12251288565016238 0.3301031102466471 0.7508375425418833
-0.09801030852013 0.3368722944739257 0.7474813460625772
-0.0735077313900975 0.34364147870120426 0.744125149583271
-0.049005154260065 0.35041066292848283 0.740768953103965
-0.0245025771300325 0.3571798471557614 0.7374127566246589
0.0 0.36394903138303997 0.7340565601453527
-0.9556005080712667 0.10928287296489475 0.8837701859189412
-0.9310979309412343 0.11605205719217332 0.8804139894396351
-0.9065953538112017 0.12282124141945189 0.8770577929603289
-0.8820927766811694 0.12959042564673046 0.8737015964810229
-0.8575901995511368 0.13635960987400902 0.8703454000017168
-0.8330876224211043 0.1431287941012876 0.8669892035224106
-0.8085850452910719 0.14989797832856616 0.8636330070431045
-0.7840824681610393 0.15666716255584476 0.8602768105637983
-0.759579891031007 0.1634363467831233 0.8569206140844923
-0.7350773139009744 0.17020553101040187 0.8535644176051862
-0.710574736770942 0.17697471523768044 0.8502082211258801
-0.6860721596409094 0.18374389946495903 0.8468520246465739
-0.6615695825108769 0.1905130836922376 0.8434958281672679
-0.6370670053808446 0.19728226791951614 0.8401396316879618
-0.6125644282508119 0.20405145214679474 0.8367834352086556
-0.5880618511207796 0.21082063637407328 0.8334272387293495
-0.563559273990747 0.21758982060135187 0.8300710422500434
-0.5390566968607146 0.22435900482863044 0.8267148457707373
-0.5145541197306822 0.23112818905590898 0.8233586492914312
-0.49005154260064954 0.23789737328318758 0.820002452812125
-0.4655489654706172 0.24466655751046615 0.816646256332819
-0.4410463883405847 0.2514357417377447 0.8132900598535129
-0.4165438112105522 0.25820492596502326 0.8099338633742067
-0.39204123408051966 0.2649741101923019 0.8065776668949006
-0.36753865695048715 0.27174329441958045 0.8032214704155946
-0.34303607982045475 0.27851247864685896 0.7998652739362884
-0.3185335026904223 0.28528166287413753 0.7965090774569823
-0.2940309255603898 0.2920508471014161 0.7931528809776762
-0.2695283484303573 0.2988200313286947 0.78979668449837
-0.24502577130032477 0.3055892155559733 0.786440488019064
-0.2205231941702924 0.3123583997832518 0.7830842915397579
-0.1960206170402599 0.31912758401053043 0.7797280950604517
-0.17151803991022738 0.325896768237809 0.7763718985811456
-0.1470154627801949 0.33266595246508757 0.7730157021018396
-0.12251288565016238 0.33943513669236614 0.7696595056225334
-0.09801030852013 0.34620432091964465 0.7663033091432273
-0.0735077313900975 0.35297350514692327 0.7629471126639212
-0.049005154260065 0.35974268937420184 0.759590916184615
-0.0245025771300325 0.3665118736014804 0.756234719705309
0.0 0.373281057828759 0.7528785232260028
-0.9556005080712667 0.11861489941061369 0.9025921489995912
-0.9310979309412343 0.12538408363789225 0.8992359525202851
-0.9065953538112017 0.13215326786517081 0.8958797560409789
-0.8820927766811694 0.13892245209244938 0.8925235595616728
-0.8575901995511368 0.14569163631972795 0.8891673630823668
-0.8330876224211043 0.15246082054700652 0.8858111666030606
-0.8085850452910719 0.1592300047742851 0.8824549701237545
-0.7840824681610393 0.16599918900156369 0.8790987736444484
-0.759579891031007 0.17276837322884223 0.8757425771651423
-0.7350773139009744 0.1795375574561208 0.8723863806858362
-0.710574736770942 0.18630674168339936 0.8690301842065301
-0.6860721596409094 0.19307592591067796 0.8656739877272239
-0.6615695825108769 0.19984511013795653 0.8623177912479179
-0.6370670053808446 0.20661429436523507 0.8589615947686118
-0.6125644282508119 0.21338347859251366 0.8556053982893056
-0.5880618511207796 0.2201526628197922 0.8522492018099995
-0.563559273990747 0.2269218470470708 0.8488930053306935
-0.5390566968607146 0.23369103127434937 0.8455368088513873
-0.5145541197306822 0.2404602155016279 0.8421806123720812
-0.49005154260064954 0.2472293997289065 0.838824415892775
-0.4655489654706172 0.2539985839561851 0.8354682194134689
-0.4410463883405847 0.26076776818346364 0.8321120229341629
-0.4165438112105522 0.2675369524107422 0.8287558264548567
-0.39204123408051966 0.2743061366380208 0.8253996299755506
-0.36753865695048715 0.28107532086529935 0.8220434334962445
-0.34303607982045475 0.2878445050925779 0.8186872370169385
-0.3185335026904223 0.2946136893198565 0.8153310405376323
-0.2940309255603898 0.30138287354713506 0.8119748440583262
-0.2695283484303573 0.3081520577744136 0.80861864757902
-0.24502577130032477 0.3149212420016922 0.805262451099714
-0.2205231941702924 0.32169042622897076 0.8019062546204079
-0.1960206170402599 0.32845961045624933 0.7985500581411017
-0.17151803991022738 0.3352287946835279 0.7951938616617956
-0.1470154627801949 0.34199797891080647 0.7918376651824895
-0.12251288565016238 0.3487671631380851 0.7884814687031834
-0.09801030852013 0.3555363473653636 0.7851252722238773
-0.0735077313900975 0.36230553159264217 0.7817690757445712
-0.049005154260065 0.36907471581992074 0.778412879265265
-0.0245025771300325 0.37584390004719936 0.775056682785959
0.0 0.38261308427447793 0.7717004863066529
-0.9556005080712667 0.1279469258563327 0.9214141120802413
-0.9310979309412343 0.13471611008361126 0.9180579156009352
-0.9065953538112017 0.14148529431088983 0.914701719121629
-0.8820927766811694 0.1482544785381684 0.9113455226423229
-0.8575901995511368 0.15502366276544696 0.9079893261630169
-0.8330876224211043 0.16179284699272553 0.9046331296837107
-0.8085850452910719 0.1685620312200041 0.9012769332044046
-0.7840824681610393 0.1753312154472827 0.8979207367250985
-0.759579891031007 0.18210039967456124 0.8945645402457924
-0.7350773139009744 0.1888695839018398 0.8912083437664863
-0.710574736770942 0.19563876812911837 0.8878521472871802
-0.6860721596409094 0.20240795235639697 0.884495950807874
-0.6615695825108769 0.20917713658367554 0.881139754328568
-0.6370670053808446 0.21594632081095408 0.8777835578492619
-0.6125644282508119 0.22271550503823268 0.8744273613699557
-0.5880618511207796 0.22948468926551122 0.8710711648906496
-0.563559273990747 0.2362538734927898 0.8677149684113435
-0.5390566968607146 0.24302305772006838 0.8643587719320374
-0.5145541197306822 0.24979224194734692 0.8610025754527313
-0.49005154260064954 0.2565614261746255 0.8576463789734252
-0.4655489654706172 0.2633306104019041 0.854290182494119
-0.4410463883405847 0.27009979462918265 0.850933986014813
-0.4165438112105522 0.2768689788564612 0.8475777895355069
-0.39204123408051966 0.2836381630837398 0.8442215930562007
-0.36753865695048715 0.29040734731101836 0.8408653965768946
-0.34303607982045475 0.29717653153829693 0.8375092000975886
-0.3185335026904223 0.3039457157655755 0.8341530036182824
-0.2940309255603898 0.31071489999285407 0.8307968071389763
-0.2695283484303573 0.31748408422013263 0.8274406106596701
-0.24502577130032477 0.3242532684474112 0.824084414180364
-0.2205231941702924 0.33102245267468977 0.820728217701058
-0.1960206170402599 0.33779163690196834 0.8173720212217518
-0.17151803991022738 0.3445608211292469 0.8140158247424457
-0.1470154627801949 0.3513300053565255 0.8106596282631396
-0.12251288565016238 0.35809918958380405 0.8073034317838335
-0.09801030852013 0.3648683738110826 0.8039472353045274
-0.0735077313900975 0.3716375580383612 0.8005910388252213
-0.049005154260065 0.37840674226563975 0.7972348423459151
-0.0245025771300325 0.3851759264929183 0.7938786458666091
0.0 0.3919451107201969 0.790522449387303
-0.9556005080712667 0.13727895230205167 0.9402360751608914
-0.9310979309412343 0.14404813652933024 0.9368798786815853
-0.9065953538112017 0.1508173207566088 0.9335236822022791
-0.8820927766811694 0.15758650498388738 0.930167485722973
-0.8575901995511368 0.16435568921116595 0.926811289243667
-0.8330876224211043 0.1711248734384445 0.9234550927643608
-0.8085850452910719 0.17789405766572308 0.9200988962850547
-0.7840824681610393 0.18466324189300168 0.9167426998057486
-0.759579891031007 0.19143242612028022 0.9133865033264424
-0.7350773139009744 0.1982016103475588 0.9100303068471364
-0.710574736770942 0.20497079457483736 0.9066741103678303
-0.6860721596409094 0.21173997880211595 0.9033179138885241
-0.6615695825108769 0.21850916302939452 0.899961717409218
-0.6370670053808446 0.22527834725667306 0.896605520929912
-0.6125644282508119 0.23204753148395166 0.8932493244506058
-0.5880618511207796 0.2388167157112302 0.8898931279712997
-0.563559273990747 0.2455858999385088 0.8865369314919936
-0.5390566968607146 0.25235508416578734 0.8831807350126875
-0.5145541197306822 0.2591242683930659 0.8798245385333814
-0.49005154260064954 0.2658934526203445 0.8764683420540753
-0.4655489654706172 0.27266263684762304 0.8731121455747691
-0.4410463883405847 0.2794318210749016 0.869755949095463
-0.4165438112105522 0.2862010053021802 0.866399752616157
-0.39204123408051966 0.2929701895294588 0.8630435561368508
-0.36753865695048715 0.29973937375673737 0.8596873596575447
-0.34303607982045475 0.3065085579840159 0.8563311631782387
-0.3185335026904223 0.31327774221129445 0.8529749666989325
-0.2940309255603898 0.320046926438573 0.8496187702196264
-0.2695283484303573 0.32681611066585164 0.8462625737403202
-0.24502577130032477 0.3335852948931302 0.8429063772610141
-0.2205231941702924 0.3403544791204087 0.8395501807817081
-0.1960206170402599 0.34712366334768735 0.8361939843024019
-0.17151803991022738 0.3538928475749659 0.8328377878230958
-0.1470154627801949 0.3606620318022445 0.8294815913437897
-0.12251288565016238 0.36743121602952306 0.8261253948644836
-0.09801030852013 0.37420040025680157 0.8227691983851775
-0.0735077313900975 0.3809695844840802 0.8194130019058714
-0.049005154260065 0.38773876871135876 0.8160568054265652
-0.0245025771300325 0.39450795293863733 0.8127006089472592
0.0 0.4012771371659159 0.8093444124679531
-0.9556005080712667 0.1466109787477706 0.9590580382415413
-0.9310979309412343 0.15338016297504917 0.9557018417622353
-0.9065953538112017 0.16014934720232774 0.9523456452829292
-0.8820927766811694 0.1669185314296063 0.948989448803623
-0.8575901995511368 0.17368771565688487 0.9456332523243169
-0.8330876224211043 0.18045689988416344 0.9422770558450109
-0.8085850452910719 0.187226084111442 0.9389208593657047
-0.7840824681610393 0.1939952683387206 0.9355646628863986
-0.759579891031007 0.20076445256599915 0.9322084664070925
-0.7350773139009744 0.20753363679327771 0.9288522699277864
-0.710574736770942 0.21430282102055628 0.9254960734484803
-0.6860721596409094 0.22107200524783488 0.9221398769691742
-0.6615695825108769 0.22784118947511345 0.918783680489868
-0.6370670053808446 0.234610373702392 0.915427484010562
-0.6125644282508119 0.24137955792967059 0.9120712875312558
-0.5880618511207796 0.24814874215694913 0.9087150910519497
-0.563559273990747 0.2549179263842277 0.9053588945726436
-0.5390566968607146 0.2616871106115063 0.9020026980933374
-0.5145541197306822 0.26845629483878486 0.8986465016140314
-0.49005154260064954 0.2752254790660634 0.8952903051347253
-0.4655489654706172 0.281994663293342 0.8919341086554191
-0.4410463883405847 0.28876384752062056 0.888577912176113
-0.4165438112105522 0.29553303174789913 0.885221715696807
-0.39204123408051966 0.3023022159751777 0.8818655192175008
-0.36753865695048715 0.30907140020245627 0.8785093227381947
-0.34303607982045475 0.31584058442973484 0.8751531262588886
-0.3185335026904223 0.3226097686570134 0.8717969297795825
-0.2940309255603898 0.329378952884292 0.8684407333002764
-0.2695283484303573 0.33614813711157054 0.8650845368209703
-0.24502577130032477 0.3429173213388491 0.8617283403416641
-0.2205231941702924 0.3496865055661277 0.858372143862358
-0.1960206170402599 0.35645568979340625 0.855015947383052
-0.17151803991022738 0.3632248740206848 0.8516597509037458
-0.1470154627801949 0.3699940582479634 0.8483035544244397
-0.12251288565016238 0.37676324247524196 0.8449473579451336
-0.09801030852013 0.3835324267025205 0.8415911614658275
-0.0735077313900975 0.3903016109297991 0.8382349649865214
-0.049005154260065 0.39707079515707766 0.8348787685072153
-0.0245025771300325 0.40383997938435623 0.8315225720279091
0.0 0.41060916361163485 0.8281663755486031
-0.9556005080712667 0.15594300519348958 0.9778800013221914
-0.9310979309412343 0.16271218942076815 0.9745238048428854
-0.9065953538112017 0.16948137364804672 0.9711676083635793
-0.8820927766811694 0.1762505578753253 0.9678114118842731
-0.8575901995511368 0.18301974210260386 0.964455215404967
-0.8330876224211043 0.18978892632988242 0.961099018925661
-0.8085850452910719 0.196558110557161 0.9577428224463548
-0.7840824681610393 0.2033272947844396 0.9543866259670487
-0.759579891031007 0.21009647901171813 0.9510304294877426
-0.7350773139009744 0.2168656632389967 0.9476742330084365
-0.710574736770942 0.22363484746627527 0.9443180365291304
-0.6860721596409094 0.23040403169355386 0.9409618400498243
-0.6615695825108769 0.23717321592083243 0.9376056435705181
-0.6370670053808446 0.24394240014811097 0.934249447091212
-0.6125644282508119 0.2507115843753896 0.930893250611906
-0.5880618511207796 0.2574807686026681 0.9275370541325998
-0.563559273990747 0.26424995282994673 0.9241808576532937
-0.5390566968607146 0.2710191370572253 0.9208246611739876
-0.5145541197306822 0.2777883212845038 0.9174684646946815
-0.49005154260064954 0.28455750551178244 0.9141122682153754
-0.4655489654706172 0.291326689739061 0.9107560717360693
-0.4410463883405847 0.2980958739663396 0.9073998752567631
-0.4165438112105522 0.30486505819361814 0.9040436787774571
-0.39204123408051966 0.3116342424208967 0.9006874822981509
-0.36753865695048715 0.3184034266481753 0.8973312858188448
-0.34303607982045475 0.3251726108754538 0.8939750893395387
-0.3185335026904223 0.3319417951027324 0.8906188928602325
-0.2940309255603898 0.338710979330011 0.8872626963809265
-0.2695283484303573 0.34548016355728955 0.8839064999016204
-0.24502577130032477 0.3522493477845681 0.8805503034223142
-0.2205231941702924 0.3590185320118467 0.8771941069430081
-0.1960206170402599 0.36578771623912526 0.8738379104637021
-0.17151803991022738 0.37255690046640383 0.8704817139843959
-0.1470154627801949 0.3793260846936824 0.8671255175050898
-0.12251288565016238 0.38609526892096097 0.8637693210257837
-0.09801030852013 0.39286445314823953 0.8604131245464776
-0.0735077313900975 0.3996336373755181 0.8570569280671715
-0.049005154260065 0.40640282160279667 0.8537007315878654
-0.0245025771300325 0.41317200583007524 0.8503445351085592
0.0 0.4199411900573538 0.8469883386292532
-0.9556005080712667 0.1652750316392086 0.9967019644028415
-0.9310979309412343 0.17204421586648716 0.9933457679235355
-0.9065953538112017 0.17881340009376573 0.9899895714442294
-0.8820927766811694 0.1855825843210443 0.9866333749649232
-0.8575901995511368 0.19235176854832287 0.9832771784856171
-0.8330876224211043 0.19912095277560143 0.9799209820063111
-0.8085850452910719 0.20589013700288 0.9765647855270049
-0.7840824681610393 0.2126593212301586 0.9732085890476988
-0.759579891031007 0.21942850545743714 0.9698523925683927
-0.7350773139009744 0.2261976896847157 0.9664961960890865
-0.710574736770942 0.23296687391199428 0.9631399996097805
-0.6860721596409094 0.23973605813927287 0.9597838031304744
-0.6615695825108769 0.24650524236655144 0.9564276066511682
-0.6370670053808446 0.25327442659383 0.9530714101718621
-0.6125644282508119 0.26004361082110855 0.9497152136925561
-0.5880618511207796 0.2668127950483871 0.9463590172132499
-0.563559273990747 0.2735819792756657 0.9430028207339438
-0.5390566968607146 0.28035116350294426 0.9396466242546377
-0.5145541197306822 0.2871203477302228 0.9362904277753316
-0.49005154260064954 0.2938895319575014 0.9329342312960255
-0.4655489654706172 0.30065871618477996 0.9295780348167194
-0.4410463883405847 0.30742790041205853 0.9262218383374132
-0.4165438112105522 0.3141970846393371 0.9228656418581072
-0.39204123408051966 0.3209662688666157 0.919509445378801
-0.36753865695048715 0.3277354530938943 0.9161532488994949
-0.34303607982045475 0.3345046373211728 0.9127970524201888
-0.3185335026904223 0.3412738215484514 0.9094408559408828
-0.2940309255603898 0.34804300577572994 0.9060846594615766
-0.2695283484303573 0.35481219000300857 0.9027284629822705
-0.24502577130032477 0.36158137423028713 0.8993722665029643
-0.2205231941702924 0.36835055845756565 0.8960160700236582
-0.1960206170402599 0.3751197426848442 0.8926598735443522
-0.17151803991022738 0.3818889269121228 0.889303677065046
-0.1470154627801949 0.3886581111394014 0.8859474805857399
-0.12251288565016238 0.39542729536668 0.8825912841064338
-0.09801030852013 0.4021964795939585 0.8792350876271277
-0.0735077313900975 0.40896566382123706 0.8758788911478216
-0.049005154260065 0.4157348480485157 0.8725226946685155
-0.0245025771300325 0.42250403227579425 0.8691664981892093
0.0 0.4292732165030728 0.8658103017099033
-0.9556005080712667 0.17460705808492752 1.0155239274834915
-0.9310979309412343 0.1813762423122061 1.0121677310041854
-0.9065953538112017 0.18814542653948466 1.0088115345248794
-0.8820927766811694 0.19491461076676322 1.0054553380455733
-0.8575901995511368 0.2016837949940418 1.0020991415662672
-0.8330876224211043 0.20845297922132036 0.998742945086961
-0.8085850452910719 0.21522216344859893 0.9953867486076549
-0.7840824681610393 0.22199134767587753 0.9920305521283488
-0.759579891031007 0.22876053190315607 0.9886743556490427
-0.7350773139009744 0.23552971613043464 0.9853181591697365
-0.710574736770942 0.2422989003577132 0.9819619626904305
-0.6860721596409094 0.2490680845849918 0.9786057662111244
-0.6615695825108769 0.25583726881227037 0.9752495697318182
-0.6370670053808446 0.26260645303954894 0.9718933732525121
-0.6125644282508119 0.2693756372668275 0.968537176773206
-0.5880618511207796 0.2761448214941061 0.9651809802938999
-0.563559273990747 0.28291400572138464 0.9618247838145938
-0.5390566968607146 0.2896831899486632 0.9584685873352877
-0.5145541197306822 0.2964523741759418 0.9551123908559815
-0.49005154260064954 0.30322155840322035 0.9517561943766755
-0.4655489654706172 0.3099907426304989 0.9483999978973694
-0.4410463883405847 0.3167599268577775 0.9450438014180632
-0.4165438112105522 0.32352911108505605 0.9416876049387571
-0.39204123408051966 0.3302982953123346 0.9383314084594511
-0.36753865695048715 0.3370674795396132 0.9349752119801449
-0.34303607982045475 0.34383666376689176 0.9316190155008388
-0.3185335026904223 0.3506058479941703 0.9282628190215327
-0.2940309255603898 0.3573750322214489 0.9249066225422266
-0.2695283484303573 0.36414421644872746 0.9215504260629205
-0.24502577130032477 0.37091340067600603 0.9181942295836144
-0.2205231941702924 0.3776825849032846 0.9148380331043082
-0.1960206170402599 0.38445176913056317 0.9114818366250022
-0.17151803991022738 0.39122095335784174 0.9081256401456961
-0.1470154627801949 0.3979901375851203 0.9047694436663899
-0.12251288565016238 0.4047593218123989 0.9014132471870838
-0.09801030852013 0.41152850603967744 0.8980570507077777
-0.0735077313900975 0.418297690266956 0.8947008542284716
-0.049005154260065 0.4250668744942346 0.8913446577491655
-0.0245025771300325 0.43183605872151315 0.8879884612698593
0.0 0.4386052429487918 0.8846322647905532
-0.9556005080712667 0.18393908453064647 1.0343458905641416
-0.9310979309412343 0.19070826875792504 1.0309896940848355
-0.9065953538112017 0.1974774529852036 1.0276334976055295
-0.8820927766811694 0.20424663721248218 1.0242773011262232
-0.8575901995511368 0.21101582143976075 1.020921104646917
-0.8330876224211043 0.21778500566703932 1.017564908167611
-0.8085850452910719 0.22455418989431788 1.014208711688305
-0.7840824681610393 0.23132337412159648 1.0108525152089989
-0.759579891031007 0.23809255834887502 1.0074963187296928
-0.7350773139009744 0.2448617425761536 1.0041401222503865
-0.710574736770942 0.25163092680343213 1.0007839257710804
-0.6860721596409094 0.25840011103071076 0.9974277292917744
-0.6615695825108769 0.2651692952579893 0.9940715328124683
-0.6370670053808446 0.27193847948526784 0.9907153363331621
-0.6125644282508119 0.27870766371254646 0.987359139853856
-0.5880618511207796 0.285476847939825 0.98400294337455
-0.563559273990747 0.2922460321671036 0.9806467468952438
-0.5390566968607146 0.29901521639438217 0.9772905504159377
-0.5145541197306822 0.3057844006216607 0.9739343539366316
-0.49005154260064954 0.3125535848489393 0.9705781574573255
-0.4655489654706172 0.31932276907621787 0.9672219609780194
-0.4410463883405847 0.32609195330349644 0.9638657644987133
-0.4165438112105522 0.332861137530775 0.9605095680194071
-0.39204123408051966 0.3396303217580536 0.957153371540101
-0.36753865695048715 0.34639950598533215 0.9537971750607949
-0.34303607982045475 0.3531686902126107 0.9504409785814888
-0.3185335026904223 0.3599378744398893 0.9470847821021827
-0.2940309255603898 0.36670705866716785 0.9437285856228765
-0.2695283484303573 0.3734762428944464 0.9403723891435705
-0.24502577130032477 0.380245427121725 0.9370161926642644
-0.2205231941702924 0.38701461134900356 0.9336599961849582
-0.1960206170402599 0.3937837955762821 0.9303037997056521
-0.17151803991022738 0.4005529798035607 0.9269476032263461
-0.1470154627801949 0.40732216403083926 0.9235914067470399
-0.12251288565016238 0.41409134825811783 0.9202352102677338
-0.09801030852013 0.4208605324853964 0.9168790137884277
-0.0735077313900975 0.42762971671267497 0.9135228173091215
-0.049005154260065 0.43439890093995354 0.9101666208298155
-0.0245025771300325 0.4411680851672321 0.9068104243505094
0.0 0.4479372693945107 0.9034542278712032
-0.9556005080712667 0.1932711109763655 1.0531678536447917
-0.9310979309412343 0.20004029520364408 1.0498116571654856
-0.9065953538112017 0.20680947943092265 1.0464554606861796
-0.8820927766811694 0.21357866365820122 1.0430992642068735
-0.8575901995511368 0.2203478478854798 1.0397430677275674
-0.8330876224211043 0.22711703211275835 1.0363868712482611
-0.8085850452910719 0.23388621634003692 1.033030674768955
-0.7840824681610393 0.24065540056731552 1.029674478289649
-0.759579891031007 0.24742458479459406 1.026318281810343
-0.7350773139009744 0.25419376902187263 1.0229620853310368
-0.710574736770942 0.2609629532491512 1.0196058888517308
-0.6860721596409094 0.26773213747642977 1.0162496923724245
-0.6615695825108769 0.27450132170370833 1.0128934958931184
-0.6370670053808446 0.2812705059309869 1.0095372994138123
-0.6125644282508119 0.28803969015826547 1.0061811029345062
-0.5880618511207796 0.29480887438554404 1.0028249064552002
-0.563559273990747 0.3015780586128226 0.999468709975894
-0.5390566968607146 0.3083472428401012 0.9961125134965879
-0.5145541197306822 0.31511642706737975 0.9927563170172818
-0.49005154260064954 0.3218856112946583 0.9894001205379757
-0.4655489654706172 0.3286547955219369 0.9860439240586696
-0.4410463883405847 0.33542397974921545 0.9826877275793634
-0.4165438112105522 0.342193163976494 0.9793315311000573
-0.39204123408051966 0.34896234820377264 0.9759753346207513
-0.36753865695048715 0.3557315324310512 0.9726191381414451
-0.34303607982045475 0.3625007166583297 0.969262941662139
-0.3185335026904223 0.3692699008856083 0.9659067451828329
-0.2940309255603898 0.37603908511288686 0.9625505487035267
-0.2695283484303573 0.3828082693401655 0.9591943522242207
-0.24502577130032477 0.38957745356744405 0.9558381557449146
-0.2205231941702924 0.39634663779472257 0.9524819592656084
-0.1960206170402599 0.40311582202200114 0.9491257627863023
-0.17151803991022738 0.4098850062492797 0.9457695663069963
-0.1470154627801949 0.41665419047655833 0.9424133698276901
-0.12251288565016238 0.4234233747038369 0.939057173348384
-0.09801030852013 0.4301925589311154 0.9357009768690779
-0.0735077313900975 0.436961743158394 0.9323447803897718
-0.049005154260065 0.4437309273856726 0.9289885839104657
-0.0245025771300325 0.45050011161295117 0.9256323874311596
0.0 0.45726929584022974 0.9222761909518534
-0.9556005080712667 0.20260313742208444 1.0719898167254418
-0.9310979309412343 0.209372321649363 1.0686336202461357
-0.9065953538112017 0.21614150587664158 1.0652774237668297
-0.8820927766811694 0.22291069010392014 1.0619212272875234
-0.8575901995511368 0.2296798743311987 1.0585650308082173
-0.8330876224211043 0.23644905855847728 1.0552088343289112
-0.8085850452910719 0.24321824278575585 1.0518526378496051
-0.7840824681610393 0.24998742701303445 1.048496441370299
-0.759579891031007 0.256756611240313 1.045140244890993
-0.7350773139009744 0.2635257954675916 1.0417840484116867
-0.710574736770942 0.27029497969487015 1.0384278519323806
-0.6860721596409094 0.2770641639221487 1.0350716554530746
-0.6615695825108769 0.2838333481494273 1.0317154589737685
-0.6370670053808446 0.29060253237670586 1.0283592624944624
-0.6125644282508119 0.2973717166039844 1.0250030660151561
-0.5880618511207796 0.304140900831263 1.02164686953585
-0.563559273990747 0.31091008505854156 1.018290673056544
-0.5390566968607146 0.31767926928582013 1.014934476577238
-0.5145541197306822 0.3244484535130987 1.0115782800979318
-0.49005154260064954 0.33121763774037727 1.0082220836186258
-0.4655489654706172 0.33798682196765584 1.0048658871393195
-0.4410463883405847 0.3447560061949344 1.0015096906600134
-0.4165438112105522 0.351525190422213 0.9981534941807073
-0.39204123408051966 0.35829437464949154 0.9947972977014012
-0.36753865695048715 0.3650635588767701 0.9914411012220951
-0.34303607982045475 0.3718327431040487 0.988084904742789
-0.3185335026904223 0.37860192733132725 0.9847287082634829
-0.2940309255603898 0.3853711115586058 0.9813725117841768
-0.2695283484303573 0.3921402957858844 0.9780163153048707
-0.24502577130032477 0.39890948001316295 0.9746601188255646
-0.2205231941702924 0.4056786642404415 0.9713039223462585
-0.1960206170402599 0.4124478484677201 0.9679477258669523
-0.17151803991022738 0.41921703269499866 0.9645915293876463
-0.1470154627801949 0.4259862169222772 0.9612353329083401
-0.12251288565016238 0.4327554011495558 0.957879136429034
-0.09801030852013 0.43952458537683436 0.9545229399497279
-0.0735077313900975 0.44629376960411293 0.9511667434704217
-0.049005154260065 0.4530629538313915 0.9478105469911157
-0.0245025771300325 0.45983213805867007 0.9444543505118096
0.0 0.4666013222859487 0.9410981540325034
-0.9556005080712667 0.21193516386780348 1.090811779806092
-0.9310979309412343 0.21870434809508205 1.0874555833267858
-0.9065953538112017 0.22547353232236061 1.0840993868474798
-0.8820927766811694 0.23224271654963918 1.0807431903681737
-0.8575901995511368 0.23901190077691775 1.0773869938888676
-0.8330876224211043 0.24578108500419632 1.0740307974095615
-0.8085850452910719 0.2525502692314749 1.0706746009302552
-0.7840824681610393 0.2593194534587535 1.0673184044509492
-0.759579891031007 0.266088637686032 1.063962207971643
-0.7350773139009744 0.2728578219133106 1.060606011492337
-0.710574736770942 0.27962700614058916 1.057249815013031
-0.6860721596409094 0.2863961903678678 1.0538936185337249
-0.6615695825108769 0.29316537459514636 1.0505374220544186
-0.6370670053808446 0.29993455882242487 1.0471812255751125
-0.6125644282508119 0.3067037430497035 1.0438250290958064
-0.5880618511207796 0.313472927276982 1.0404688326165004
-0.563559273990747 0.32024211150426063 1.0371126361371943
-0.5390566968607146 0.3270112957315392 1.033756439657888
-0.5145541197306822 0.3337804799588177 1.030400243178582
-0.49005154260064954 0.34054966418609633 1.0270440466992758
-0.4655489654706172 0.3473188484133749 1.0236878502199698
-0.4410463883405847 0.35408803264065347 1.0203316537406637
-0.4165438112105522 0.36085721686793204 1.0169754572613576
-0.39204123408051966 0.3676264010952106 1.0136192607820513
-0.36753865695048715 0.3743955853224892 1.0102630643027453
-0.34303607982045475 0.3811647695497677 1.0069068678234392
-0.3185335026904223 0.3879339537770463 1.0035506713441331
-0.2940309255603898 0.3947031380043249 1.000194474864827
-0.2695283484303573 0.40147232223160345 0.9968382783855209
-0.24502577130032477 0.408241506458882 0.9934820819062148
-0.2205231941702924 0.4150106906861606 0.9901258854269087
-0.1960206170402599 0.42177987491343916 0.9867696889476025
-0.17151803991022738 0.4285490591407177 0.9834134924682965
-0.1470154627801949 0.4353182433679963 0.9800572959889903
-0.12251288565016238 0.44208742759527486 0.9767010995096842
-0.09801030852013 0.44885661182255343 0.9733449030303781
-0.0735077313900975 0.455625796049832 0.9699887065510719
-0.049005154260065 0.46239498027711057 0.9666325100717659
-0.0245025771300325 0.46916416450438914 0.9632763135924598
0.0 0.4759333487316677 0.9599201171131536
-0.9556005080712667 0.2212671903135224 1.109633742886742
-0.9310979309412343 0.22803637454080097 1.106277546407436
-0.9065953538112017 0.23480555876807954 1.1029213499281298
-0.8820927766811694 0.2415747429953581 1.0995651534488236
-0.8575901995511368 0.24834392722263668 1.0962089569695175
-0.8330876224211043 0.2551131114499153 1.0928527604902114
-0.8085850452910719 0.26188229567719384 1.0894965640109053
-0.7840824681610393 0.2686514799044724 1.0861403675315993
-0.759579891031007 0.275420664131751 1.0827841710522932
-0.7350773139009744 0.28218984835902955 1.079427974572987
-0.710574736770942 0.2889590325863081 1.0760717780936808
-0.6860721596409094 0.2957282168135867 1.0727155816143747
-0.6615695825108769 0.30249740104086525 1.0693593851350687
-0.6370670053808446 0.3092665852681438 1.0660031886557626
-0.6125644282508119 0.3160357694954224 1.0626469921764565
-0.5880618511207796 0.32280495372270096 1.0592907956971502
-0.563559273990747 0.32957413794997953 1.0559345992178442
-0.5390566968607146 0.3363433221772581 1.052578402738538
-0.5145541197306822 0.34311250640453667 1.049222206259232
-0.49005154260064954 0.34988169063181523 1.045866009779926
-0.4655489654706172 0.3566508748590938 1.0425098133006199
-0.4410463883405847 0.36342005908637237 1.0391536168213136
-0.4165438112105522 0.37018924331365094 1.0357974203420075
-0.39204123408051966 0.3769584275409295 1.0324412238627014
-0.36753865695048715 0.3837276117682081 1.0290850273833954
-0.34303607982045475 0.39049679599548665 1.0257288309040893
-0.3185335026904223 0.3972659802227652 1.0223726344247832
-0.2940309255603898 0.4040351644500438 1.019016437945477
-0.2695283484303573 0.41080434867732235 1.0156602414661708
-0.24502577130032477 0.4175735329046009 1.0123040449868648
-0.2205231941702924 0.4243427171318795 1.0089478485075587
-0.1960206170402599 0.43111190135915806 1.0055916520282526
-0.17151803991022738 0.4378810855864366 1.0022354555489463
-0.1470154627801949 0.4446502698137152 0.9988792590696404
-0.12251288565016238 0.4514194540409938 0.9955230625903342
-0.09801030852013 0.45818863826827233 0.9921668661110281
-0.0735077313900975 0.4649578224955509 0.988810669631722
-0.049005154260065 0.47172700672282947 0.9854544731524159
-0.0245025771300325 0.4784961909501081 0.9820982766731098
0.0 0.48526537517738666 0.9787420801938036
-0.9556005080712667 0.23059921675924136 1.128455705967392
-0.9310979309412343 0.23736840098651993 1.1250995094880858
-0.9065953538112017 0.2441375852137985 1.1217433130087797
-0.8820927766811694 0.25090676944107704 1.1183871165294736
-0.8575901995511368 0.2576759536683556 1.1150309200501676
-0.8330876224211043 0.2644451378956342 1.1116747235708615
-0.8085850452910719 0.27121432212291274 1.1083185270915554
-0.7840824681610393 0.27798350635019137 1.1049623306122491
-0.759579891031007 0.2847526905774699 1.101606134132943
-0.7350773139009744 0.29152187480474845 1.098249937653637
-0.710574736770942 0.298291059032027 1.094893741174331
-0.6860721596409094 0.30506024325930564 1.0915375446950248
-0.6615695825108769 0.3118294274865842 1.0881813482157188
-0.6370670053808446 0.3185986117138627 1.0848251517364125
-0.6125644282508119 0.32536779594114135 1.0814689552571064
-0.5880618511207796 0.33213698016841986 1.0781127587778003
-0.563559273990747 0.3389061643956985 1.0747565622984943
-0.5390566968607146 0.34567534862297705 1.0714003658191882
-0.5145541197306822 0.35244453285025557 1.068044169339882
-0.49005154260064954 0.3592137170775342 1.0646879728605758
-0.4655489654706172 0.36598290130481276 1.0613317763812697
-0.4410463883405847 0.3727520855320913 1.0579755799019637
-0.4165438112105522 0.3795212697593699 1.0546193834226576
-0.39204123408051966 0.38629045398664846 1.0512631869433515
-0.36753865695048715 0.39305963821392703 1.0479069904640452
-0.34303607982045475 0.3998288224412056 1.0445507939847392
-0.3185335026904223 0.40659800666848417 1.041194597505433
-0.2940309255603898 0.41336719089576274 1.037838401026127
-0.2695283484303573 0.4201363751230413 1.034482204546821
-0.24502577130032477 0.4269055593503199 1.0311260080675149
-0.2205231941702924 0.43367474357759844 1.0277698115882086
-0.1960206170402599 0.440443927804877 1.0244136151089025
-0.17151803991022738 0.4472131120321556 1.0210574186295964
-0.1470154627801949 0.45398229625943415 1.0177012221502904
-0.12251288565016238 0.4607514804867127 1.0143450256709843
-0.09801030852013 0.4675206647139913 1.0109888291916782
-0.0735077313900975 0.47428984894126985 1.007632632712372
-0.049005154260065 0.4810590331685484 1.0042764362330658
-0.0245025771300325 0.487828217395827 1.0009202397537598
0.0 0.49459740162310556 0.9975640432744537
-0.9556005080712667 0.2399312432049604 1.1472776690480422
-0.9310979309412343 0.24670042743223897 1.143921472568736
-0.9065953538112017 0.25346961165951754 1.14056527608943
-0.8820927766811694 0.2602387958867961 1.137209079610124
-0.8575901995511368 0.2670079801140747 1.1338528831308177
-0.8330876224211043 0.27377716434135324 1.1304966866515116
-0.8085850452910719 0.2805463485686318 1.1271404901722055
-0.7840824681610393 0.2873155327959104 1.1237842936928994
-0.759579891031007 0.29408471702318895 1.1204280972135934
-0.7350773139009744 0.3008539012504675 1.117071900734287
-0.710574736770942 0.3076230854777461 1.113715704254981
-0.6860721596409094 0.31439226970502465 1.110359507775675
-0.6615695825108769 0.3211614539323032 1.1070033112963689
-0.6370670053808446 0.3279306381595818 1.1036471148170628
-0.6125644282508119 0.33469982238686036 1.1002909183377567
-0.5880618511207796 0.3414690066141389 1.0969347218584504
-0.563559273990747 0.3482381908414175 1.0935785253791444
-0.5390566968607146 0.35500737506869606 1.0902223288998383
-0.5145541197306822 0.36177655929597463 1.0868661324205322
-0.49005154260064954 0.3685457435232532 1.0835099359412261
-0.4655489654706172 0.37531492775053177 1.08015373946192
-0.4410463883405847 0.38208411197781034 1.0767975429826138
-0.4165438112105522 0.3888532962050889 1.0734413465033077
-0.39204123408051966 0.39562248043236753 1.0700851500240016
-0.36753865695048715 0.4023916646596461 1.0667289535446955
-0.34303607982045475 0.4091608488869246 1.0633727570653895
-0.3185335026904223 0.4159300331142032 1.0600165605860834
-0.2940309255603898 0.42269921734148175 1.056660364106777
-0.2695283484303573 0.42946840156876037 1.053304167627471
-0.24502577130032477 0.43623758579603894 1.049947971148165
-0.2205231941702924 0.44300677002331745 1.0465917746688589
-0.1960206170402599 0.4497759542505961 1.0432355781895528
-0.17151803991022738 0.45654513847787465 1.0398793817102467
-0.1470154627801949 0.4633143227051532 1.0365231852309404
-0.12251288565016238 0.4700835069324318 1.0331669887516344
-0.09801030852013 0.4768526911597103 1.0298107922723283
-0.0735077313900975 0.4836218753869889 1.0264545957930222
-0.049005154260065 0.4903910596142675 1.0230983993137162
-0.0245025771300325 0.49716024384154606 1.0197422028344099
0.0 0.5039294280688246 1.0163860063551038
-0.9556005080712667 0.24926326965067933 1.1660996321286923
-0.9310979309412343 0.2560324538779579 1.162743435649386
-0.9065953538112017 0.2628016381052365 1.15938723917008
-0.8820927766811694 0.26957082233251506 1.1560310426907738
-0.8575901995511368 0.2763400065597936 1.1526748462114678
-0.8330876224211043 0.2831091907870722 1.1493186497321617
-0.8085850452910719 0.28987837501435076 1.1459624532528556
-0.7840824681610393 0.29664755924162933 1.1426062567735493
-0.759579891031007 0.3034167434689079 1.1392500602942432
-0.7350773139009744 0.31018592769618647 1.1358938638149372
-0.710574736770942 0.31695511192346504 1.132537667335631
-0.6860721596409094 0.3237242961507436 1.129181470856325
-0.6615695825108769 0.3304934803780222 1.125825274377019
-0.6370670053808446 0.33726266460530074 1.1224690778977127
-0.6125644282508119 0.3440318488325793 1.1191128814184066
-0.5880618511207796 0.3508010330598579 1.1157566849391005
-0.563559273990747 0.35757021728713645 1.1124004884597944
-0.5390566968607146 0.364339401514415 1.1090442919804884
-0.5145541197306822 0.3711085857416936 1.1056880955011823
-0.49005154260064954 0.37787776996897215 1.102331899021876
-0.4655489654706172 0.3846469541962507 1.09897570254257
-0.4410463883405847 0.3914161384235293 1.0956195060632639
-0.4165438112105522 0.39818532265080786 1.0922633095839578
-0.39204123408051966 0.40495450687808643 1.0889071131046517
-0.36753865695048715 0.411723691105365 1.0855509166253454
-0.34303607982045475 0.41849287533264357 1.0821947201460393
-0.3185335026904223 0.42526205955992213 1.0788385236667333
-0.2940309255603898 0.4320312437872007 1.0754823271874272
-0.2695283484303573 0.43880042801447927 1.0721261307081211
-0.24502577130032477 0.44556961224175784 1.068769934228815
-0.2205231941702924 0.4523387964690364 1.0654137377495088
-0.1960206170402599 0.459107980696315 1.0620575412702027
-0.17151803991022738 0.46587716492359355 1.0587013447908966
-0.1470154627801949 0.4726463491508721 1.0553451483115905
-0.12251288565016238 0.47941553337815074 1.0519889518322845
-0.09801030852013 0.48618471760542925 1.0486327553529784
-0.0735077313900975 0.4929539018327078 1.045276558873672
-0.049005154260065 0.4997230860599864 1.041920362394366
-0.0245025771300325 0.506492270287265 1.03856416591506
0.0 0.5132614545145435 1.0352079694357539
-0.9556005080712667 0.25859529609639825 1.1849215952093421
-0.9310979309412343 0.2653644803236768 1.181565398730036
-0.9065953538112017 0.2721336645509554 1.17820920225073
-0.8820927766811694 0.27890284877823396 1.174853005771424
-0.8575901995511368 0.2856720330055125 1.1714968092921179
-0.8330876224211043 0.2924412172327911 1.1681406128128116
-0.8085850452910719 0.29921040146006966 1.1647844163335055
-0.7840824681610393 0.3059795856873483 1.1614282198541994
-0.759579891031007 0.3127487699146268 1.1580720233748933
-0.7350773139009744 0.31951795414190537 1.1547158268955873
-0.710574736770942 0.32628713836918394 1.1513596304162812
-0.6860721596409094 0.33305632259646256 1.148003433936975
-0.6615695825108769 0.33982550682374113 1.1446472374576688
-0.6370670053808446 0.34659469105101964 1.1412910409783628
-0.6125644282508119 0.35336387527829827 1.1379348444990567
-0.5880618511207796 0.3601330595055768 1.1345786480197506
-0.563559273990747 0.3669022437328554 1.1312224515404443
-0.5390566968607146 0.373671427960134 1.1278662550611382
-0.5145541197306822 0.3804406121874125 1.1245100585818322
-0.49005154260064954 0.3872097964146911 1.121153862102526
-0.4655489654706172 0.3939789806419697 1.11779766562322
-0.4410463883405847 0.40074816486924825 1.114441469143914
-0.4165438112105522 0.4075173490965268 1.1110852726646077
-0.39204123408051966 0.4142865333238054 1.1077290761853016
-0.36753865695048715 0.42105571755108395 1.1043728797059955
-0.34303607982045475 0.4278249017783625 1.1010166832266894
-0.3185335026904223 0.4345940860056411 1.0976604867473834
-0.2940309255603898 0.44136327023291966 1.0943042902680773
-0.2695283484303573 0.4481324544601982 1.090948093788771
-0.24502577130032477 0.4549016386874768 1.087591897309465
-0.2205231941702924 0.46167082291475536 1.0842357008301589
-0.1960206170402599 0.46844000714203393 1.0808795043508528
-0.17151803991022738 0.4752091913693125 1.0775233078715467
-0.1470154627801949 0.48197837559659107 1.0741671113922404
-0.12251288565016238 0.48874755982386964 1.0708109149129343
-0.09801030852013 0.4955167440511482 1.0674547184336283
-0.0735077313900975 0.5022859282784268 1.0640985219543222
-0.049005154260065 0.5090551125057053 1.0607423254750161
-0.0245025771300325 0.5158242967329839 1.05738612899571
0.0 0.5225934809602625 1.0540299325164038
-0.9556005080712667 0.2679273225421173 1.2037435582899925
-0.9310979309412343 0.2746965067693959 1.2003873618106864
-0.9065953538112017 0.28146569099667446 1.19703116533138
-0.8820927766811694 0.288234875223953 1.193674968852074
-0.8575901995511368 0.2950040594512316 1.190318772372768
-0.8330876224211043 0.30177324367851016 1.1869625758934619
-0.8085850452910719 0.30854242790578873 1.1836063794141558
-0.7840824681610393 0.3153116121330673 1.1802501829348495
-0.759579891031007 0.32208079636034587 1.1768939864555434
-0.7350773139009744 0.32884998058762444 1.1735377899762374
-0.710574736770942 0.335619164814903 1.1701815934969313
-0.6860721596409094 0.3423883490421816 1.1668253970176252
-0.6615695825108769 0.34915753326946014 1.1634692005383191
-0.6370670053808446 0.3559267174967387 1.1601130040590129
-0.6125644282508119 0.3626959017240173 1.1567568075797068
-0.5880618511207796 0.36946508595129585 1.1534006111004007
-0.563559273990747 0.3762342701785744 1.1500444146210946
-0.5390566968607146 0.383003454405853 1.1466882181417886
-0.5145541197306822 0.38977263863313155 1.1433320216624825
-0.49005154260064954 0.3965418228604101 1.1399758251831762
-0.4655489654706172 0.4033110070876887 1.1366196287038701
-0.4410463883405847 0.41008019131496726 1.133263432224564
-0.4165438112105522 0.4168493755422458 1.129907235745258
-0.39204123408051966 0.42361855976952445 1.126551039265952
-0.36753865695048715 0.430387743996803 1.1231948427866456
-0.34303607982045475 0.43715692822408153 1.1198386463073395
-0.3185335026904223 0.4439261124513601 1.1164824498280335
-0.2940309255603898 0.45069529667863867 1.1131262533487274
-0.2695283484303573 0.4574644809059173 1.1097700568694213
-0.24502577130032477 0.46423366513319586 1.1064138603901152
-0.2205231941702924 0.4710028493604744 1.1030576639108092
-0.1960206170402599 0.477772033587753 1.0997014674315029
-0.17151803991022738 0.48454121781503157 1.0963452709521968
-0.1470154627801949 0.49131040204231013 1.0929890744728907
-0.12251288565016238 0.4980795862695887 1.0896328779935847
-0.09801030852013 0.5048487704968673 1.0862766815142786
-0.0735077313900975 0.5116179547241458 1.0829204850349723
-0.049005154260065 0.5183871389514244 1.0795642885556662
-0.0245025771300325 0.525156323178703 1.0762080920763601
0.0 0.5319255074059815 1.072851895597054
-0.9556005080712667 0.2772593489878363 1.2225655213706423
-0.9310979309412343 0.28402853321511484 1.2192093248913363
-0.9065953538112017 0.2907977174423934 1.2158531284120302
-0.8820927766811694 0.297566901669672 1.2124969319327241
-0.8575901995511368 0.30433608589695055 1.209140735453418
-0.8330876224211043 0.3111052701242291 1.2057845389741118
-0.8085850452910719 0.3178744543515077 1.2024283424948057
-0.7840824681610393 0.32464363857878625 1.1990721460154996
-0.759579891031007 0.3314128228060648 1.1957159495361935
-0.7350773139009744 0.3381820070333434 1.1923597530568875
-0.710574736770942 0.34495119126062196 1.1890035565775814
-0.6860721596409094 0.3517203754879005 1.185647360098275
-0.6615695825108769 0.3584895597151791 1.182291163618969
-0.6370670053808446 0.36525874394245766 1.178934967139663
-0.6125644282508119 0.37202792816973623 1.1755787706603569
-0.5880618511207796 0.3787971123970148 1.1722225741810508
-0.563559273990747 0.38556629662429337 1.1688663777017447
-0.5390566968607146 0.39233548085157194 1.1655101812224384
-0.5145541197306822 0.3991046650788505 1.1621539847431324
-0.49005154260064954 0.4058738493061291 1.1587977882638263
-0.4655489654706172 0.41264303353340764 1.1554415917845202
-0.4410463883405847 0.4194122177606862 1.1520853953052141
-0.4165438112105522 0.4261814019879648 1.1487291988259078
-0.39204123408051966 0.43295058621524335 1.1453730023466018
-0.36753865695048715 0.4397197704425219 1.1420168058672957
-0.34303607982045475 0.4464889546698005 1.1386606093879896
-0.3185335026904223 0.45325813889707905 1.1353044129086836
-0.2940309255603898 0.4600273231243576 1.1319482164293775
-0.2695283484303573 0.4667965073516362 1.1285920199500712
-0.24502577130032477 0.47356569157891476 1.1252358234707651
-0.2205231941702924 0.48033487580619333 1.121879626991459
-0.1960206170402599 0.4871040600334719 1.118523430512153
-0.17151803991022738 0.49387324426075047 1.115167234032847
-0.1470154627801949 0.5006424284880291 1.1118110375535408
-0.12251288565016238 0.5074116127153077 1.1084548410742345
-0.09801030852013 0.5141807969425862 1.1050986445949285
-0.0735077313900975 0.5209499811698648 1.1017424481156224
-0.049005154260065 0.5277191653971434 1.0983862516363163
-0.0245025771300325 0.5344883496244219 1.0950300551570102
0.0 0.5412575338517005 1.0916738586777042
-0.9556005080712667 0.2865913754335552 1.2413874844512924
-0.9310979309412343 0.29336055966083374 1.2380312879719864
-0.9065953538112017 0.3001297438881123 1.23467509149268
-0.8820927766811694 0.3068989281153909 1.231318895013374
-0.8575901995511368 0.31366811234266945 1.227962698534068
-0.8330876224211043 0.320437296569948 1.2246065020547618
-0.8085850452910719 0.3272064807972266 1.2212503055754558
-0.7840824681610393 0.3339756650245052 1.2178941090961497
-0.759579891031007 0.3407448492517837 1.2145379126168434
-0.7350773139009744 0.3475140334790623 1.2111817161375373
-0.710574736770942 0.35428321770634086 1.2078255196582313
-0.6860721596409094 0.3610524019336195 1.2044693231789252
-0.6615695825108769 0.36782158616089805 1.2011131266996191
-0.6370670053808446 0.37459077038817656 1.197756930220313
-0.6125644282508119 0.3813599546154552 1.1944007337410067
-0.5880618511207796 0.3881291388427337 1.1910445372617007
-0.563559273990747 0.3948983230700123 1.1876883407823946
-0.5390566968607146 0.4016675072972909 1.1843321443030885
-0.5145541197306822 0.4084366915245694 1.1809759478237825
-0.49005154260064954 0.41520587575184803 1.1776197513444764
-0.4655489654706172 0.4219750599791266 1.17426355486517
-0.4410463883405847 0.42874424420640517 1.170907358385864
-0.4165438112105522 0.43551342843368374 1.167551161906558
-0.39204123408051966 0.4422826126609623 1.1641949654272519
-0.36753865695048715 0.4490517968882409 1.1608387689479458
-0.34303607982045475 0.45582098111551944 1.1574825724686397
-0.3185335026904223 0.462590165342798 1.1541263759893334
-0.2940309255603898 0.4693593495700766 1.1507701795100274
-0.2695283484303573 0.47612853379735515 1.1474139830307213
-0.24502577130032477 0.4828977180246337 1.1440577865514152
-0.2205231941702924 0.4896669022519123 1.1407015900721091
-0.1960206170402599 0.49643608647919085 1.1373453935928028
-0.17151803991022738 0.5032052707064695 1.1339891971134968
-0.1470154627801949 0.509974454933748 1.1306330006341907
-0.12251288565016238 0.5167436391610266 1.1272768041548846
-0.09801030852013 0.5235128233883051 1.1239206076755786
-0.0735077313900975 0.5302820076155838 1.1205644111962725
-0.049005154260065 0.5370511918428623 1.1172082147169662
-0.0245025771300325 0.5438203760701409 1.1138520182376601
0.0 0.5505895602974195 1.110495821758354
-0.9556005080712667 0.29592340187927424 1.2602094475319425
-0.9310979309412343 0.3026925861065528 1.2568532510526365
-0.9065953538112017 0.3094617703338314 1.2534970545733304
-0.8820927766811694 0.31623095456110994 1.2501408580940243
-0.8575901995511368 0.3230001387883885 1.2467846616147182
-0.8330876224211043 0.3297693230156671 1.243428465135412
-0.8085850452910719 0.33653850724294565 1.2400722686561059
-0.7840824681610393 0.3433076914702242 1.2367160721767998
-0.759579891031007 0.3500768756975028 1.2333598756974937
-0.7350773139009744 0.35684605992478136 1.2300036792181877
-0.710574736770942 0.3636152441520599 1.2266474827388816
-0.6860721596409094 0.3703844283793385 1.2232912862595753
-0.6615695825108769 0.37715361260661706 1.2199350897802692
-0.6370670053808446 0.38392279683389563 1.2165788933009631
-0.6125644282508119 0.3906919810611742 1.213222696821657
-0.5880618511207796 0.39746116528845277 1.209866500342351
-0.563559273990747 0.40423034951573134 1.206510303863045
-0.5390566968607146 0.4109995337430099 1.2031541073837386
-0.5145541197306822 0.4177687179702885 1.1997979109044326
-0.49005154260064954 0.42453790219756704 1.1964417144251265
-0.4655489654706172 0.4313070864248456 1.1930855179458204
-0.4410463883405847 0.4380762706521242 1.1897293214665143
-0.4165438112105522 0.44484545487940275 1.186373124987208
-0.39204123408051966 0.45161463910668137 1.183016928507902
-0.36753865695048715 0.45838382333395994 1.179660732028596
-0.34303607982045475 0.46515300756123845 1.1763045355492898
-0.3185335026904223 0.471922191788517 1.1729483390699837
-0.2940309255603898 0.4786913760157956 1.1695921425906777
-0.2695283484303573 0.4854605602430742 1.1662359461113714
-0.24502577130032477 0.4922297444703528 1.1628797496320653
-0.2205231941702924 0.4989989286976313 1.1595235531527592
-0.1960206170402599 0.5057681129249099 1.1561673566734532
-0.17151803991022738 0.5125372971521884 1.152811160194147
-0.1470154627801949 0.519306481379467 1.149454963714841
-0.12251288565016238 0.5260756656067456 1.1460987672355347
-0.09801030852013 0.5328448498340241 1.1427425707562286
-0.0735077313900975 0.5396140340613027 1.1393863742769226
-0.049005154260065 0.5463832182885813 1.1360301777976165
-0.0245025771300325 0.5531524025158598 1.1326739813183104
0.0 0.5599215867431384 1.1293177848390044
-0.9556005080712667 0.3052554283249932 1.2790314106125926
-0.9310979309412343 0.31202461255227176 1.2756752141332866
-0.9065953538112017 0.31879379677955033 1.2723190176539805
-0.8820927766811694 0.3255629810068289 1.2689628211746742
-0.8575901995511368 0.33233216523410747 1.265606624695368
-0.8330876224211043 0.33910134946138604 1.262250428216062
-0.8085850452910719 0.3458705336886646 1.258894231736756
-0.7840824681610393 0.3526397179159432 1.25553803525745
-0.759579891031007 0.35940890214322174 1.2521818387781438
-0.7350773139009744 0.3661780863705003 1.2488256422988375
-0.710574736770942 0.3729472705977789 1.2454694458195315
-0.6860721596409094 0.37971645482505745 1.2421132493402254
-0.6615695825108769 0.386485639052336 1.2387570528609193
-0.6370670053808446 0.3932548232796146 1.2354008563816132
-0.6125644282508119 0.40002400750689315 1.232044659902307
-0.5880618511207796 0.4067931917341717 1.2286884634230009
-0.563559273990747 0.4135623759614503 1.2253322669436948
-0.5390566968607146 0.42033156018872886 1.2219760704643887
-0.5145541197306822 0.4271007444160074 1.2186198739850826
-0.49005154260064954 0.433869928643286 1.2152636775057766
-0.4655489654706172 0.44063911287056456 1.2119074810264703
-0.4410463883405847 0.44740829709784313 1.2085512845471642
-0.4165438112105522 0.4541774813251217 1.2051950880678581
-0.39204123408051966 0.46094666555240027 1.201838891588552
-0.36753865695048715 0.46771584977967884 1.198482695109246
-0.34303607982045475 0.4744850340069574 1.19512649862994
-0.3185335026904223 0.481254218234236 1.1917703021506336
-0.2940309255603898 0.48802340246151454 1.1884141056713275
-0.2695283484303573 0.4947925866887931 1.1850579091920215
-0.24502577130032477 0.5015617709160717 1.1817017127127154
-0.2205231941702924 0.5083309551433502 1.1783455162334093
-0.1960206170402599 0.5151001393706288 1.1749893197541033
-0.17151803991022738 0.5218693235979074 1.171633123274797
-0.1470154627801949 0.528638507825186 1.1682769267954909
-0.12251288565016238 0.5354076920524645 1.1649207303161848
-0.09801030852013 0.5421768762797431 1.1615645338368787
-0.0735077313900975 0.5489460605070217 1.1582083373575727
-0.049005154260065 0.5557152447343002 1.1548521408782666
-0.0245025771300325 0.5624844289615788 1.1514959443989603
0.0 0.5692536131888574 1.1481397479196542
-0.9556005080712667 0.3145874547707121 1.2978533736932425
-0.9310979309412343 0.32135663899799066 1.2944971772139364
-0.9065953538112017 0.32812582322526923 1.2911409807346304
-0.8820927766811694 0.3348950074525478 1.2877847842553243
-0.8575901995511368 0.34166419167982637 1.2844285877760182
-0.8330876224211043 0.34843337590710494 1.2810723912967121
-0.8085850452910719 0.3552025601343835 1.2777161948174058
-0.7840824681610393 0.36197174436166213 1.2743599983380998
-0.759579891031007 0.36874092858894064 1.2710038018587937
-0.7350773139009744 0.3755101128162192 1.2676476053794876
-0.710574736770942 0.3822792970434978 1.2642914089001815
-0.6860721596409094 0.3890484812707764 1.2609352124208755
-0.6615695825108769 0.39581766549805497 1.2575790159415692
-0.6370670053808446 0.4025868497253335 1.254222819462263
-0.6125644282508119 0.4093560339526121 1.250866622982957
-0.5880618511207796 0.4161252181798906 1.247510426503651
-0.563559273990747 0.42289440240716925 1.2441542300243449
-0.5390566968607146 0.4296635866344478 1.2407980335450388
-0.5145541197306822 0.4364327708617263 1.2374418370657325
-0.49005154260064954 0.44320195508900495 1.2340856405864264
-0.4655489654706172 0.4499711393162835 1.2307294441071204
-0.4410463883405847 0.4567403235435621 1.2273732476278143
-0.4165438112105522 0.46350950777084066 1.2240170511485082
-0.39204123408051966 0.4702786919981192 1.220660854669202
-0.36753865695048715 0.4770478762253978 1.2173046581898959
-0.34303607982045475 0.48381706045267636 1.2139484617105898
-0.3185335026904223 0.49058624467995493 1.2105922652312837
-0.2940309255603898 0.4973554289072335 1.2072360687519776
-0.2695283484303573 0.5041246131345121 1.2038798722726716
-0.24502577130032477 0.5108937973617906 1.2005236757933653
-0.2205231941702924 0.5176629815890692 1.1971674793140592
-0.1960206170402599 0.5244321658163478 1.1938112828347531
-0.17151803991022738 0.5312013500436263 1.190455086355447
-0.1470154627801949 0.5379705342709049 1.187098889876141
-0.12251288565016238 0.5447397184981835 1.183742693396835
-0.09801030852013 0.551508902725462 1.1803864969175286
-0.0735077313900975 0.5582780869527406 1.1770303004382225
-0.049005154260065 0.5650472711800192 1.1736741039589165
-0.0245025771300325 0.5718164554072978 1.1703179074796104
0.0 0.5785856396345763 1.1669617110003043
-0.9556005080712667 0.32391948121643116 1.3166753367738928
-0.9310979309412343 0.33068866544370973 1.3133191402945867
-0.9065953538112017 0.3374578496709883 1.3099629438152807
-0.8820927766811694 0.34422703389826687 1.3066067473359744
-0.8575901995511368 0.35099621812554543 1.3032505508566683
-0.8330876224211043 0.357765402352824 1.2998943543773622
-0.8085850452910719 0.36453458658010257 1.2965381578980562
-0.7840824681610393 0.37130377080738114 1.29318196141875
-0.759579891031007 0.3780729550346597 1.289825764939444
-0.7350773139009744 0.3848421392619383 1.2864695684601377
-0.710574736770942 0.39161132348921684 1.2831133719808316
-0.6860721596409094 0.3983805077164954 1.2797571755015256
-0.6615695825108769 0.405149691943774 1.2764009790222195
-0.6370670053808446 0.41191887617105255 1.2730447825429134
-0.6125644282508119 0.4186880603983311 1.2696885860636073
-0.5880618511207796 0.4254572446256097 1.266332389584301
-0.563559273990747 0.43222642885288826 1.262976193104995
-0.5390566968607146 0.4389956130801668 1.259619996625689
-0.5145541197306822 0.4457647973074454 1.2562638001463828
-0.49005154260064954 0.45253398153472396 1.2529076036670768
-0.4655489654706172 0.45930316576200253 1.2495514071877707
-0.4410463883405847 0.4660723499892811 1.2461952107084644
-0.4165438112105522 0.47284153421655967 1.2428390142291583
-0.39204123408051966 0.4796107184438383 1.2394828177498523
-0.36753865695048715 0.48637990267111686 1.2361266212705462
-0.34303607982045475 0.4931490868983954 1.23277042479124
-0.3185335026904223 0.49991827112567394 1.2294142283119338
-0.2940309255603898 0.5066874553529526 1.2260580318326277
-0.2695283484303573 0.5134566395802311 1.2227018353533217
-0.24502577130032477 0.5202258238075097 1.2193456388740156
-0.2205231941702924 0.5269950080347883 1.2159894423947095
-0.1960206170402599 0.5337641922620668 1.2126332459154034
-0.17151803991022738 0.5405333764893454 1.2092770494360972
-0.1470154627801949 0.547302560716624 1.205920852956791
-0.12251288565016238 0.5540717449439025 1.202564656477485
-0.09801030852013 0.5608409291711811 1.199208459998179
-0.0735077313900975 0.5676101133984597 1.1958522635188729
-0.049005154260065 0.5743792976257382 1.1924960670395668
-0.0245025771300325 0.5811484818530168 1.1891398705602605
0.0 0.5879176660802954 1.1857836740809544
-0.9556005080712667 0.3332515076621501 1.335497299854543
-0.9310979309412343 0.3400206918894287 1.3321411033752366
-0.9065953538112017 0.34678987611670725 1.3287849068959305
-0.8820927766811694 0.3535590603439858 1.3254287104166245
-0.8575901995511368 0.3603282445712644 1.3220725139373184
-0.8330876224211043 0.36709742879854296 1.3187163174580123
-0.8085850452910719 0.3738666130258215 1.315360120978706
-0.7840824681610393 0.3806357972531001 1.3120039244994
-0.759579891031007 0.38740498148037866 1.3086477280200939
-0.7350773139009744 0.39417416570765723 1.3052915315407878
-0.710574736770942 0.4009433499349358 1.3019353350614817
-0.6860721596409094 0.40771253416221437 1.2985791385821757
-0.6615695825108769 0.41448171838949294 1.2952229421028694
-0.6370670053808446 0.4212509026167715 1.2918667456235633
-0.6125644282508119 0.4280200868440501 1.2885105491442572
-0.5880618511207796 0.43478927107132864 1.2851543526649511
-0.563559273990747 0.4415584552986072 1.281798156185645
-0.5390566968607146 0.4483276395258858 1.278441959706339
-0.5145541197306822 0.45509682375316435 1.2750857632270327
-0.49005154260064954 0.4618660079804429 1.2717295667477266
-0.4655489654706172 0.4686351922077215 1.2683733702684206
-0.4410463883405847 0.47540437643500005 1.2650171737891145
-0.4165438112105522 0.4821735606622786 1.2616609773098084
-0.39204123408051966 0.4889427448895572 1.2583047808305023
-0.36753865695048715 0.49571192911683576 1.254948584351196
-0.34303607982045475 0.5024811133441143 1.25159238787189
-0.3185335026904223 0.509250297571393 1.248236191392584
-0.2940309255603898 0.5160194817986715 1.2448799949132778
-0.2695283484303573 0.5227886660259501 1.2415237984339718
-0.24502577130032477 0.5295578502532287 1.2381676019546655
-0.2205231941702924 0.5363270344805072 1.2348114054753594
-0.1960206170402599 0.5430962187077858 1.2314552089960533
-0.17151803991022738 0.5498654029350644 1.2280990125167472
-0.1470154627801949 0.5566345871623429 1.2247428160374412
-0.12251288565016238 0.5634037713896215 1.221386619558135
-0.09801030852013 0.5701729556169001 1.218030423078829
-0.0735077313900975 0.5769421398441786 1.2146742265995227
-0.049005154260065 0.5837113240714572 1.2113180301202167
-0.0245025771300325 0.5904805082987358 1.2079618336409106
0.0 0.5972496925260143 1.2046056371616045
-0.9556005080712667 0.342583534107869 1.3543192629351928
-0.9310979309412343 0.3493527183351476 1.3509630664558867
-0.9065953538112017 0.35612190256242615 1.3476068699765806
-0.8820927766811694 0.3628910867897047 1.3442506734972746
-0.8575901995511368 0.3696602710169833 1.3408944770179683
-0.8330876224211043 0.37642945524426186 1.3375382805386622
-0.8085850452910719 0.3831986394715404 1.3341820840593561
-0.7840824681610393 0.38996782369881905 1.33082588758005
-0.759579891031007 0.39673700792609756 1.327469691100744
-0.7350773139009744 0.40350619215337613 1.324113494621438
-0.710574736770942 0.4102753763806547 1.3207572981421316
-0.6860721596409094 0.4170445606079333 1.3174011016628255
-0.6615695825108769 0.4238137448352119 1.3140449051835195
-0.6370670053808446 0.4305829290624904 1.3106887087042134
-0.6125644282508119 0.43735211328976903 1.3073325122249073
-0.5880618511207796 0.44412129751704754 1.3039763157456012
-0.563559273990747 0.45089048174432617 1.300620119266295
-0.5390566968607146 0.45765966597160473 1.2972639227869889
-0.5145541197306822 0.46442885019888325 1.2939077263076828
-0.49005154260064954 0.47119803442616187 1.2905515298283767
-0.4655489654706172 0.47796721865344044 1.2871953333490707
-0.4410463883405847 0.484736402880719 1.2838391368697644
-0.4165438112105522 0.4915055871079976 1.2804829403904583
-0.39204123408051966 0.49827477133527615 1.2771267439111522
-0.36753865695048715 0.5050439555625548 1.2737705474318461
-0.34303607982045475 0.5118131397898332 1.27041435095254
-0.3185335026904223 0.5185823240171118 1.267058154473234
-0.2940309255603898 0.5253515082443904 1.2637019579939277
-0.2695283484303573 0.532120692471669 1.2603457615146216
-0.24502577130032477 0.5388898766989476 1.2569895650353156
-0.2205231941702924 0.5456590609262261 1.2536333685560095
-0.1960206170402599 0.5524282451535046 1.2502771720767034
-0.17151803991022738 0.5591974293807832 1.2469209755973973
-0.1470154627801949 0.5659666136080619 1.243564779118091
-0.12251288565016238 0.5727357978353405 1.240208582638785
-0.09801030852013 0.5795049820626189 1.236852386159479
-0.0735077313900975 0.5862741662898975 1.2334961896801728
-0.049005154260065 0.5930433505171762 1.2301399932008668
-0.0245025771300325 0.5998125347444547 1.2267837967215607
0.0 0.6065817189717333 1.2234276002422544
-0.9556005080712667 0.3519155605535881 1.373141226015843
-0.9310979309412343 0.35868474478086665 1.3697850295365368
-0.9065953538112017 0.3654539290081452 1.3664288330572307
-0.8820927766811694 0.3722231132354238 1.3630726365779247
-0.8575901995511368 0.37899229746270235 1.3597164400986186
-0.8330876224211043 0.3857614816899809 1.3563602436193125
-0.8085850452910719 0.3925306659172595 1.3530040471400064
-0.7840824681610393 0.39929985014453806 1.3496478506607001
-0.759579891031007 0.40606903437181663 1.346291654181394
-0.7350773139009744 0.4128382185990952 1.342935457702088
-0.710574736770942 0.41960740282637377 1.339579261222782
-0.6860721596409094 0.42637658705365233 1.3362230647434759
-0.6615695825108769 0.4331457712809309 1.3328668682641698
-0.6370670053808446 0.43991495550820947 1.3295106717848635
-0.6125644282508119 0.44668413973548804 1.3261544753055574
-0.5880618511207796 0.4534533239627666 1.3227982788262513
-0.563559273990747 0.4602225081900452 1.3194420823469453
-0.5390566968607146 0.46699169241732374 1.3160858858676392
-0.5145541197306822 0.4737608766446023 1.3127296893883331
-0.49005154260064954 0.4805300608718809 1.3093734929090268
-0.4655489654706172 0.48729924509915945 1.3060172964297208
-0.4410463883405847 0.494068429326438 1.3026610999504147
-0.4165438112105522 0.5008376135537166 1.2993049034711086
-0.39204123408051966 0.5076067977809952 1.2959487069918025
-0.36753865695048715 0.5143759820082737 1.2925925105124962
-0.34303607982045475 0.5211451662355523 1.2892363140331902
-0.3185335026904223 0.5279143504628309 1.285880117553884
-0.2940309255603898 0.5346835346901094 1.282523921074578
-0.2695283484303573 0.541452718917388 1.279167724595272
-0.24502577130032477 0.5482219031446666 1.2758115281159659
-0.2205231941702924 0.5549910873719451 1.2724553316366596
-0.1960206170402599 0.5617602715992237 1.2690991351573535
-0.17151803991022738 0.5685294558265023 1.2657429386780474
-0.1470154627801949 0.5752986400537808 1.2623867421987414
-0.12251288565016238 0.5820678242810594 1.2590305457194353
-0.09801030852013 0.588837008508338 1.2556743492401292
-0.0735077313900975 0.5956061927356165 1.252318152760823
-0.049005154260065 0.6023753769628951 1.2489619562815168
-0.0245025771300325 0.6091445611901737 1.2456057598022108
0.0 0.6159137454174523 1.2422495633229047
-0.9556005080712667 0.36124758699930704 1.391963189096493
-0.9310979309412343 0.3680167712265856 1.388606992617187
-0.9065953538112017 0.3747859554538642 1.3852507961378808
-0.8820927766811694 0.38155513968114274 1.3818945996585748
-0.8575901995511368 0.3883243239084213 1.3785384031792685
-0.8330876224211043 0.3950935081356999 1.3751822066999624
-0.8085850452910719 0.40186269236297845 1.3718260102206563
-0.7840824681610393 0.408631876590257 1.3684698137413502
-0.759579891031007 0.4154010608175356 1.3651136172620442
-0.7350773139009744 0.42217024504481415 1.361757420782738
-0.710574736770942 0.4289394292720927 1.3584012243034318
-0.6860721596409094 0.4357086134993713 1.3550450278241257
-0.6615695825108769 0.44247779772664986 1.3516888313448197
-0.6370670053808446 0.4492469819539284 1.3483326348655136
-0.6125644282508119 0.456016166181207 1.3449764383862075
-0.5880618511207796 0.46278535040848556 1.3416202419069014
-0.563559273990747 0.46955453463576413 1.3382640454275951
-0.5390566968607146 0.4763237188630427 1.334907848948289
-0.5145541197306822 0.48309290309032127 1.331551652468983
-0.49005154260064954 0.48986208731759984 1.328195455989677
-0.4655489654706172 0.4966312715448784 1.3248392595103708
-0.4410463883405847 0.503400455772157 1.3214830630310648
-0.4165438112105522 0.5101696399994355 1.3181268665517585
-0.39204123408051966 0.5169388242267141 1.3147706700724524
-0.36753865695048715 0.5237080084539927 1.3114144735931463
-0.34303607982045475 0.5304771926812712 1.3080582771138403
-0.3185335026904223 0.5372463769085498 1.3047020806345342
-0.2940309255603898 0.5440155611358284 1.301345884155228
-0.2695283484303573 0.550784745363107 1.2979896876759218
-0.24502577130032477 0.5575539295903855 1.2946334911966157
-0.2205231941702924 0.5643231138176641 1.2912772947173097
-0.1960206170402599 0.5710922980449427 1.2879210982380036
-0.17151803991022738 0.5778614822722212 1.2845649017586975
-0.1470154627801949 0.5846306664994998 1.2812087052793912
-0.12251288565016238 0.5913998507267784 1.2778525088000852
-0.09801030852013 0.5981690349540569 1.274496312320779
-0.0735077313900975 0.6049382191813355 1.271140115841473
-0.049005154260065 0.6117074034086141 1.267783919362167
-0.0245025771300325 0.6184765876358926 1.2644277228828609
0.0 0.6252457718631712 1.2610715264035546
-0.9556005080712667 0.37057961344502593 1.410785152177143
-0.9310979309412343 0.3773487976723045 1.407428955697837
-0.9065953538112017 0.38411798189958307 1.4040727592185307
-0.8820927766811694 0.39088716612686164 1.4007165627392246
-0.8575901995511368 0.3976563503541402 1.3973603662599186
-0.8330876224211043 0.4044255345814188 1.3940041697806125
-0.8085850452910719 0.41119471880869735 1.3906479733013064
-0.7840824681610393 0.41796390303597597 1.3872917768220001
-0.759579891031007 0.4247330872632545 1.383935580342694
-0.7350773139009744 0.43150227149053305 1.380579383863388
-0.710574736770942 0.4382714557178116 1.377223187384082
-0.6860721596409094 0.44504063994509024 1.3738669909047758
-0.6615695825108769 0.4518098241723688 1.3705107944254697
-0.6370670053808446 0.4585790083996473 1.3671545979461637
-0.6125644282508119 0.46534819262692595 1.3637984014668574
-0.5880618511207796 0.47211737685420446 1.3604422049875513
-0.563559273990747 0.4788865610814831 1.3570860085082452
-0.5390566968607146 0.48565574530876165 1.3537298120289392
-0.5145541197306822 0.49242492953604017 1.350373615549633
-0.49005154260064954 0.4991941137633188 1.3470174190703268
-0.4655489654706172 0.5059632979905974 1.3436612225910207
-0.4410463883405847 0.5127324822178759 1.3403050261117146
-0.4165438112105522 0.5195016664451545 1.3369488296324086
-0.39204123408051966 0.5262708506724331 1.3335926331531025
-0.36753865695048715 0.5330400348997116 1.3302364366737964
-0.34303607982045475 0.5398092191269902 1.3268802401944901
-0.3185335026904223 0.5465784033542688 1.323524043715184
-0.2940309255603898 0.5533475875815473 1.320167847235878
-0.2695283484303573 0.5601167718088259 1.316811650756572
-0.24502577130032477 0.5668859560361045 1.3134554542772658
-0.2205231941702924 0.573655140263383 1.3100992577979598
-0.1960206170402599 0.5804243244906616 1.3067430613186535
-0.17151803991022738 0.5871935087179402 1.3033868648393474
-0.1470154627801949 0.5939626929452188 1.3000306683600413
-0.12251288565016238 0.6007318771724973 1.2966744718807353
-0.09801030852013 0.6075010613997759 1.2933182754014292
-0.0735077313900975 0.6142702456270545 1.2899620789221231
-0.049005154260065 0.621039429854333 1.2866058824428168
-0.0245025771300325 0.6278086140816116 1.2832496859635107
0.0 0.6345777983088902 1.2798934894842047
-0.9556005080712667 0.379911639890745 1.4296071152577932
-0.9310979309412343 0.38668082411802357 1.426250918778487
-0.9065953538112017 0.39345000834530214 1.422894722299181
-0.8820927766811694 0.4002191925725807 1.419538525819875
-0.8575901995511368 0.4069883767998593 1.4161823293405689
-0.8330876224211043 0.41375756102713784 1.4128261328612626
-0.8085850452910719 0.4205267452544164 1.4094699363819565
-0.7840824681610393 0.427295929481695 1.4061137399026504
-0.759579891031007 0.43406511370897355 1.4027575434233444
-0.7350773139009744 0.4408342979362521 1.3994013469440383
-0.710574736770942 0.4476034821635307 1.3960451504647322
-0.6860721596409094 0.45437266639080925 1.392688953985426
-0.6615695825108769 0.4611418506180878 1.3893327575061198
-0.6370670053808446 0.4679110348453664 1.3859765610268138
-0.6125644282508119 0.47468021907264496 1.3826203645475077
-0.5880618511207796 0.48144940329992353 1.3792641680682016
-0.563559273990747 0.4882185875272021 1.3759079715888953
-0.5390566968607146 0.49498777175448067 1.3725517751095893
-0.5145541197306822 0.5017569559817592 1.3691955786302832
-0.49005154260064954 0.5085261402090379 1.365839382150977
-0.4655489654706172 0.5152953244363164 1.362483185671671
-0.4410463883405847 0.522064508663595 1.359126989192365
-0.4165438112105522 0.5288336928908736 1.3557707927130587
-0.39204123408051966 0.5356028771181521 1.3524145962337526
-0.36753865695048715 0.5423720613454307 1.3490583997544465
-0.34303607982045475 0.5491412455727093 1.3457022032751405
-0.3185335026904223 0.5559104297999878 1.3423460067958344
-0.2940309255603898 0.5626796140272664 1.3389898103165283
-0.2695283484303573 0.569448798254545 1.335633613837222
-0.24502577130032477 0.5762179824818235 1.332277417357916
-0.2205231941702924 0.5829871667091021 1.3289212208786099
-0.1960206170402599 0.5897563509363807 1.3255650243993038
-0.17151803991022738 0.5965255351636592 1.3222088279199977
-0.1470154627801949 0.6032947193909378 1.3188526314406916
-0.12251288565016238 0.6100639036182164 1.3154964349613854
-0.09801030852013 0.616833087845495 1.3121402384820793
-0.0735077313900975 0.6236022720727735 1.3087840420027732
-0.049005154260065 0.6303714563000521 1.3054278455234671
-0.0245025771300325 0.6371406405273307 1.302071649044161
0.0 0.6439098247546092 1.2987154525648548
-0.9556005080712667 0.3892436663364639 1.4484290783384433
-0.9310979309412343 0.39601285056374247 1.4450728818591372
-0.9065953538112017 0.40278203479102104 1.4417166853798309
-0.8820927766811694 0.4095512190182996 1.4383604889005248
-0.8575901995511368 0.4163204032455782 1.4350042924212187
-0.8330876224211043 0.42308958747285674 1.4316480959419127
-0.8085850452910719 0.4298587717001353 1.4282918994626066
-0.7840824681610393 0.43662795592741394 1.4249357029833005
-0.759579891031007 0.44339714015469245 1.4215795065039942
-0.7350773139009744 0.450166324381971 1.4182233100246882
-0.710574736770942 0.4569355086092496 1.414867113545382
-0.6860721596409094 0.4637046928365282 1.411510917066076
-0.6615695825108769 0.4704738770638068 1.40815472058677
-0.6370670053808446 0.4772430612910853 1.4047985241074639
-0.6125644282508119 0.4840122455183639 1.4014423276281576
-0.5880618511207796 0.49078142974564243 1.3980861311488515
-0.563559273990747 0.49755061397292105 1.3947299346695454
-0.5390566968607146 0.5043197982001996 1.3913737381902394
-0.5145541197306822 0.5110889824274781 1.3880175417109333
-0.49005154260064954 0.5178581666547567 1.384661345231627
-0.4655489654706172 0.5246273508820353 1.381305148752321
-0.4410463883405847 0.5313965351093138 1.3779489522730148
-0.4165438112105522 0.5381657193365924 1.3745927557937088
-0.39204123408051966 0.5449349035638711 1.3712365593144027
-0.36753865695048715 0.5517040877911497 1.3678803628350966
-0.34303607982045475 0.5584732720184281 1.3645241663557905
-0.3185335026904223 0.5652424562457067 1.3611679698764843
-0.2940309255603898 0.5720116404729852 1.3578117733971782
-0.2695283484303573 0.5787808247002639 1.354455576917872
-0.24502577130032477 0.5855500089275425 1.351099380438566
-0.2205231941702924 0.592319193154821 1.34774318395926
-0.1960206170402599 0.5990883773820996 1.3443869874799537
-0.17151803991022738 0.6058575616093782 1.3410307910006476
-0.1470154627801949 0.6126267458366568 1.3376745945213415
-0.12251288565016238 0.6193959300639353 1.3343183980420354
-0.09801030852013 0.6261651142912138 1.3309622015627294
-0.0735077313900975 0.6329342985184925 1.3276060050834233
-0.049005154260065 0.639703482745771 1.324249808604117
-0.0245025771300325 0.6464726669730496 1.320893612124811
0.0 0.6532418512003282 1.3175374156455049
-0.9556005080712667 0.39857569278218286 1.4672510414190931
-0.9310979309412343 0.4053448770094614 1.463894844939787
-0.9065953538112017 0.41211406123674 1.460538648460481
-0.8820927766811694 0.41888324546401856 1.457182451981175
-0.8575901995511368 0.42565242969129713 1.4538262555018688
-0.8330876224211043 0.4324216139185757 1.4504700590225625
-0.8085850452910719 0.43919079814585427 1.4471138625432565
-0.7840824681610393 0.4459599823731329 1.4437576660639504
-0.759579891031007 0.4527291666004114 1.4404014695846443
-0.7350773139009744 0.45949835082768997 1.4370452731053383
-0.710574736770942 0.46626753505496854 1.4336890766260322
-0.6860721596409094 0.47303671928224716 1.4303328801467259
-0.6615695825108769 0.47980590350952573 1.4269766836674198
-0.6370670053808446 0.48657508773680425 1.4236204871881137
-0.6125644282508119 0.49334427196408287 1.4202642907088077
-0.5880618511207796 0.5001134561913614 1.4169080942295016
-0.563559273990747 0.50688264041864 1.4135518977501955
-0.5390566968607146 0.5136518246459185 1.4101957012708892
-0.5145541197306822 0.5204210088731971 1.4068395047915832
-0.49005154260064954 0.5271901931004757 1.403483308312277
-0.4655489654706172 0.5339593773277542 1.400127111832971
-0.4410463883405847 0.5407285615550328 1.396770915353665
-0.4165438112105522 0.5474977457823114 1.3934147188743589
-0.39204123408051966 0.5542669300095899 1.3900585223950526
-0.36753865695048715 0.5610361142368685 1.3867023259157465
-0.34303607982045475 0.5678052984641471 1.3833461294364404
-0.3185335026904223 0.5745744826914256 1.3799899329571343
-0.2940309255603898 0.5813436669187042 1.3766337364778283
-0.2695283484303573 0.5881128511459828 1.3732775399985222
-0.24502577130032477 0.5948820353732613 1.369921343519216
-0.2205231941702924 0.6016512196005399 1.3665651470399098
-0.1960206170402599 0.6084204038278185 1.3632089505606038
-0.17151803991022738 0.615189588055097 1.3598527540812977
-0.1470154627801949 0.6219587722823756 1.3564965576019916
-0.12251288565016238 0.6287279565096543 1.3531403611226853
-0.09801030852013 0.6354971407369328 1.3497841646433792
-0.0735077313900975 0.6422663249642113 1.3464279681640732
-0.049005154260065 0.6490355091914899 1.343071771684767
-0.0245025771300325 0.6558046934187686 1.339715575205461
0.0 0.6625738776460471 1.336359378726155
-0.9556005080712667 0.4079077192279019 1.4860730044997434
-0.9310979309412343 0.4146769034551805 1.4827168080204374
-0.9065953538112017 0.42144608768245906 1.479360611541131
-0.8820927766811694 0.4282152719097376 1.476004415061825
-0.8575901995511368 0.4349844561370162 1.472648218582519
-0.8330876224211043 0.44175364036429476 1.4692920221032129
-0.8085850452910719 0.44852282459157333 1.4659358256239068
-0.7840824681610393 0.4552920088188519 1.4625796291446007
-0.759579891031007 0.46206119304613047 1.4592234326652944
-0.7350773139009744 0.46883037727340904 1.4558672361859883
-0.710574736770942 0.4755995615006876 1.4525110397066823
-0.6860721596409094 0.4823687457279662 1.4491548432273762
-0.6615695825108769 0.48913792995524474 1.4457986467480701
-0.6370670053808446 0.4959071141825233 1.442442450268764
-0.6125644282508119 0.5026762984098019 1.4390862537894578
-0.5880618511207796 0.5094454826370804 1.4357300573101517
-0.563559273990747 0.516214666864359 1.4323738608308456
-0.5390566968607146 0.5229838510916376 1.4290176643515395
-0.5145541197306822 0.5297530353189162 1.4256614678722335
-0.49005154260064954 0.5365222195461947 1.4223052713929274
-0.4655489654706172 0.5432914037734733 1.418949074913621
-0.4410463883405847 0.5500605880007519 1.415592878434315
-0.4165438112105522 0.5568297722280304 1.412236681955009
-0.39204123408051966 0.563598956455309 1.4088804854757029
-0.36753865695048715 0.5703681406825876 1.4055242889963968
-0.34303607982045475 0.5771373249098661 1.4021680925170907
-0.3185335026904223 0.5839065091371447 1.3988118960377844
-0.2940309255603898 0.5906756933644233 1.3954556995584784
-0.2695283484303573 0.5974448775917018 1.3920995030791723
-0.24502577130032477 0.6042140618189804 1.3887433065998662
-0.2205231941702924 0.610983246046259 1.3853871101205602
-0.1960206170402599 0.6177524302735375 1.3820309136412539
-0.17151803991022738 0.6245216145008161 1.3786747171619478
-0.1470154627801949 0.6312907987280947 1.3753185206826417
-0.12251288565016238 0.6380599829553733 1.3719623242033356
-0.09801030852013 0.6448291671826518 1.3686061277240296
-0.0735077313900975 0.6515983514099304 1.3652499312447235
-0.049005154260065 0.658367535637209 1.3618937347654172
-0.0245025771300325 0.6651367198644875 1.3585375382861111
0.0 0.6719059040917661 1.355181341806805
-0.9556005080712667 0.4172397456736208 1.5048949675803933
-0.9310979309412343 0.4240089299008994 1.5015387711010872
-0.9065953538112017 0.43077811412817796 1.4981825746217812
-0.8820927766811694 0.4375472983554565 1.494826378142475
-0.8575901995511368 0.4443164825827351 1.491470181663169
-0.8330876224211043 0.45108566681001366 1.488113985183863
-0.8085850452910719 0.45785485103729223 1.4847577887045567
-0.7840824681610393 0.46462403526457086 1.4814015922252506
-0.759579891031007 0.47139321949184937 1.4780453957459445
-0.7350773139009744 0.47816240371912794 1.4746891992666384
-0.710574736770942 0.4849315879464065 1.4713330027873324
-0.6860721596409094 0.49170077217368513 1.4679768063080263
-0.6615695825108769 0.4984699564009637 1.46462060982872
-0.6370670053808446 0.5052391406282423 1.461264413349414
-0.6125644282508119 0.5120083248555208 1.4579082168701079
-0.5880618511207796 0.5187775090827994 1.4545520203908018
-0.563559273990747 0.525546693310078 1.4511958239114957
-0.5390566968607146 0.5323158775373565 1.4478396274321894
-0.5145541197306822 0.5390850617646351 1.4444834309528833
-0.49005154260064954 0.5458542459919137 1.4411272344735773
-0.4655489654706172 0.5526234302191922 1.4377710379942712
-0.4410463883405847 0.5593926144464708 1.4344148415149651
-0.4165438112105522 0.5661617986737494 1.431058645035659
-0.39204123408051966 0.572930982901028 1.4277024485563528
-0.36753865695048715 0.5797001671283065 1.4243462520770467
-0.34303607982045475 0.5864693513555851 1.4209900555977406
-0.3185335026904223 0.5932385355828637 1.4176338591184345
-0.2940309255603898 0.6000077198101422 1.4142776626391285
-0.2695283484303573 0.6067769040374208 1.4109214661598224
-0.24502577130032477 0.6135460882646994 1.407565269680516
-0.2205231941702924 0.6203152724919779 1.40420907320121
-0.1960206170402599 0.6270844567192565 1.400852876721904
-0.17151803991022738 0.6338536409465351 1.3974966802425979
-0.1470154627801949 0.6406228251738136 1.3941404837632918
-0.12251288565016238 0.6473920094010922 1.3907842872839857
-0.09801030852013 0.6541611936283708 1.3874280908046794
-0.0735077313900975 0.6609303778556493 1.3840718943253734
-0.049005154260065 0.6676995620829279 1.3807156978460673
-0.0245025771300325 0.6744687463102065 1.3773595013667612
0.0 0.681237930537485 1.3740033048874551
-0.9556005080712667 0.4265717721193398 1.5237169306610434
-0.9310979309412343 0.43334095634661834 1.5203607341817373
-0.9065953538112017 0.4401101405738969 1.5170045377024313
-0.8820927766811694 0.4468793248011755 1.5136483412231252
-0.8575901995511368 0.45364850902845405 1.510292144743819
-0.8330876224211043 0.4604176932557326 1.5069359482645128
-0.8085850452910719 0.4671868774830112 1.5035797517852068
-0.7840824681610393 0.4739560617102898 1.5002235553059007
-0.759579891031007 0.4807252459375683 1.4968673588265946
-0.7350773139009744 0.4874944301648469 1.4935111623472883
-0.710574736770942 0.49426361439212546 1.4901549658679822
-0.6860721596409094 0.5010327986194041 1.4867987693886762
-0.6615695825108769 0.5078019828466827 1.48344257290937
-0.6370670053808446 0.5145711670739612 1.480086376430064
-0.6125644282508119 0.5213403513012398 1.476730179950758
-0.5880618511207796 0.5281095355285184 1.4733739834714517
-0.563559273990747 0.5348787197557969 1.4700177869921456
-0.5390566968607146 0.5416479039830755 1.4666615905128395
-0.5145541197306822 0.5484170882103541 1.4633053940335334
-0.49005154260064954 0.5551862724376326 1.4599491975542274
-0.4655489654706172 0.5619554566649112 1.4565930010749213
-0.4410463883405847 0.5687246408921898 1.453236804595615
-0.4165438112105522 0.5754938251194683 1.449880608116309
-0.39204123408051966 0.5822630093467469 1.4465244116370028
-0.36753865695048715 0.5890321935740255 1.4431682151576968
-0.34303607982045475 0.595801377801304 1.4398120186783907
-0.3185335026904223 0.6025705620285826 1.4364558221990846
-0.2940309255603898 0.6093397462558612 1.4330996257197783
-0.2695283484303573 0.6161089304831397 1.4297434292404723
-0.24502577130032477 0.6228781147104183 1.4263872327611662
-0.2205231941702924 0.6296472989376969 1.4230310362818601
-0.1960206170402599 0.6364164831649755 1.419674839802554
-0.17151803991022738 0.643185667392254 1.4163186433232478
-0.1470154627801949 0.6499548516195326 1.4129624468439417
-0.12251288565016238 0.6567240358468112 1.4096062503646356
-0.09801030852013 0.6634932200740897 1.4062500538853295
-0.0735077313900975 0.6702624043013683 1.4028938574060235
-0.049005154260065 0.6770315885286469 1.3995376609267174
-0.0245025771300325 0.6838007727559254 1.396181464447411
0.0 0.690569956983204 1.392825267968105
-0.9556005080712667 0.43590379856505884 1.5425388937416935
-0.9310979309412343 0.4426729827923374 1.5391826972623874
-0.9065953538112017 0.449442167019616 1.5358265007830814
-0.8820927766811694 0.45621135124689455 1.5324703043037753
-0.8575901995511368 0.4629805354741731 1.5291141078244692
-0.8330876224211043 0.4697497197014517 1.5257579113451631
-0.8085850452910719 0.47651890392873025 1.5224017148658568
-0.7840824681610393 0.4832880881560088 1.5190455183865508
-0.759579891031007 0.4900572723832874 1.5156893219072447
-0.7350773139009744 0.49682645661056596 1.5123331254279386
-0.710574736770942 0.5035956408378445 1.5089769289486326
-0.6860721596409094 0.5103648250651232 1.5056207324693265
-0.6615695825108769 0.5171340092924017 1.5022645359900202
-0.6370670053808446 0.5239031935196802 1.4989083395107141
-0.6125644282508119 0.5306723777469589 1.495552143031408
-0.5880618511207796 0.5374415619742373 1.492195946552102
-0.563559273990747 0.544210746201516 1.488839750072796
-0.5390566968607146 0.5509799304287946 1.4854835535934898
-0.5145541197306822 0.557749114656073 1.4821273571141835
-0.49005154260064954 0.5645182988833517 1.4787711606348775
-0.4655489654706172 0.5712874831106303 1.4754149641555714
-0.4410463883405847 0.5780566673379088 1.4720587676762653
-0.4165438112105522 0.5848258515651874 1.4687025711969592
-0.39204123408051966 0.591595035792466 1.465346374717653
-0.36753865695048715 0.5983642200197445 1.4619901782383469
-0.34303607982045475 0.605133404247023 1.4586339817590408
-0.3185335026904223 0.6119025884743017 1.4552777852797347
-0.2940309255603898 0.6186717727015802 1.4519215888004287
-0.2695283484303573 0.6254409569288588 1.4485653923211226
-0.24502577130032477 0.6322101411561374 1.4452091958418163
-0.2205231941702924 0.638979325383416 1.4418529993625102
-0.1960206170402599 0.6457485096106945 1.4384968028832041
-0.17151803991022738 0.6525176938379731 1.435140606403898
-0.1470154627801949 0.6592868780652517 1.431784409924592
-0.12251288565016238 0.6660560622925302 1.428428213445286
-0.09801030852013 0.6728252465198088 1.4250720169659796
-0.0735077313900975 0.6795944307470874 1.4217158204866736
-0.049005154260065 0.6863636149743659 1.4183596240073675
-0.0245025771300325 0.6931327992016445 1.4150034275280614
0.0 0.6999019834289231 1.4116472310487553
-0.9556005080712667 0.44523582501077774 1.5613608568223436
-0.9310979309412343 0.4520050092380563 1.5580046603430375
-0.9065953538112017 0.4587741934653349 1.5546484638637315
-0.8820927766811694 0.46554337769261345 1.5512922673844254
-0.8575901995511368 0.472312561919892 1.547936070905119
-0.8330876224211043 0.4790817461471706 1.544579874425813
-0.8085850452910719 0.48585093037444915 1.541223677946507
-0.7840824681610393 0.4926201146017278 1.5378674814672009
-0.759579891031007 0.4993892988290063 1.5345112849878948
-0.7350773139009744 0.5061584830562849 1.5311550885085885
-0.710574736770942 0.5129276672835634 1.5277988920292824
-0.6860721596409094 0.519696851510842 1.5244426955499764
-0.6615695825108769 0.5264660357381206 1.5210864990706703
-0.6370670053808446 0.5332352199653991 1.5177303025913642
-0.6125644282508119 0.5400044041926777 1.5143741061120581
-0.5880618511207796 0.5467735884199563 1.5110179096327518
-0.563559273990747 0.5535427726472348 1.5076617131534458
-0.5390566968607146 0.5603119568745134 1.5043055166741397
-0.5145541197306822 0.567081141101792 1.5009493201948336
-0.49005154260064954 0.5738503253290705 1.4975931237155276
-0.4655489654706172 0.5806195095563491 1.4942369272362215
-0.4410463883405847 0.5873886937836277 1.4908807307569152
-0.4165438112105522 0.5941578780109062 1.4875245342776091
-0.39204123408051966 0.6009270622381849 1.484168337798303
-0.36753865695048715 0.6076962464654635 1.480812141318997
-0.34303607982045475 0.614465430692742 1.477455944839691
-0.3185335026904223 0.6212346149200205 1.4740997483603848
-0.2940309255603898 0.6280037991472991 1.4707435518810785
-0.2695283484303573 0.6347729833745778 1.4673873554017725
-0.24502577130032477 0.6415421676018563 1.4640311589224664
-0.2205231941702924 0.6483113518291348 1.4606749624431603
-0.1960206170402599 0.6550805360564135 1.4573187659638542
-0.17151803991022738 0.661849720283692 1.4539625694845482
-0.1470154627801949 0.6686189045109706 1.4506063730052419
-0.12251288565016238 0.6753880887382492 1.4472501765259358
-0.09801030852013 0.6821572729655276 1.4438939800466297
-0.0735077313900975 0.6889264571928063 1.4405377835673236
-0.049005154260065 0.6956956414200849 1.4371815870880176
-0.0245025771300325 0.7024648256473635 1.4338253906087113
0.0 0.709234009874642 1.4304691941294052
-0.9556005080712667 0.4545678514564967 1.5801828199029937
-0.9310979309412343 0.46133703568377527 1.5768266234236876
-0.9065953538112017 0.46810621991105383 1.5734704269443813
-0.8820927766811694 0.4748754041383324 1.5701142304650753
-0.8575901995511368 0.48164458836561097 1.5667580339857692
-0.8330876224211043 0.48841377259288954 1.563401837506463
-0.8085850452910719 0.4951829568201681 1.560045641027157
-0.7840824681610393 0.5019521410474467 1.5566894445478507
-0.759579891031007 0.5087213252747252 1.5533332480685447
-0.7350773139009744 0.5154905095020038 1.5499770515892386
-0.710574736770942 0.5222596937292824 1.5466208551099325
-0.6860721596409094 0.529028877956561 1.5432646586306265
-0.6615695825108769 0.5357980621838395 1.5399084621513204
-0.6370670053808446 0.5425672464111181 1.536552265672014
-0.6125644282508119 0.5493364306383967 1.533196069192708
-0.5880618511207796 0.5561056148656752 1.529839872713402
-0.563559273990747 0.5628747990929538 1.5264836762340959
-0.5390566968607146 0.5696439833202324 1.5231274797547898
-0.5145541197306822 0.5764131675475109 1.5197712832754837
-0.49005154260064954 0.5831823517747895 1.5164150867961774
-0.4655489654706172 0.5899515360020681 1.5130588903168714
-0.4410463883405847 0.5967207202293466 1.5097026938375653
-0.4165438112105522 0.6034899044566252 1.5063464973582592
-0.39204123408051966 0.6102590886839038 1.5029903008789531
-0.36753865695048715 0.6170282729111823 1.4996341043996468
-0.34303607982045475 0.6237974571384609 1.4962779079203408
-0.3185335026904223 0.6305666413657395 1.4929217114410347
-0.2940309255603898 0.637335825593018 1.4895655149617286
-0.2695283484303573 0.6441050098202966 1.4862093184824225
-0.24502577130032477 0.6508741940475752 1.4828531220031165
-0.2205231941702924 0.6576433782748538 1.4794969255238102
-0.1960206170402599 0.6644125625021323 1.476140729044504
-0.17151803991022738 0.6711817467294109 1.472784532565198
-0.1470154627801949 0.6779509309566895 1.469428336085892
-0.12251288565016238 0.684720115183968 1.466072139606586
-0.09801030852013 0.6914892994112466 1.4627159431272798
-0.0735077313900975 0.6982584836385252 1.4593597466479735
-0.049005154260065 0.7050276678658037 1.4560035501686674
-0.0245025771300325 0.7117968520930823 1.4526473536893614
0.0 0.718566036320361 1.4492911572100553
-0.9556005080712667 0.46389987790221576 1.5990047829836438
-0.9310979309412343 0.47066906212949433 1.5956485865043377
-0.9065953538112017 0.4774382463567729 1.5922923900250316
-0.8820927766811694 0.48420743058405147 1.5889361935457256
-0.8575901995511368 0.49097661481133004 1.5855799970664193
-0.8330876224211043 0.4977457990386086 1.5822238005871132
-0.8085850452910719 0.5045149832658872 1.5788676041078071
-0.7840824681610393 0.5112841674931657 1.575511407628501
-0.759579891031007 0.5180533517204443 1.572155211149195
-0.7350773139009744 0.5248225359477229 1.568799014669889
-0.710574736770942 0.5315917201750014 1.5654428181905826
-0.6860721596409094 0.53836090440228 1.5620866217112765
-0.6615695825108769 0.5451300886295586 1.5587304252319705
-0.6370670053808446 0.5518992728568372 1.5553742287526644
-0.6125644282508119 0.5586684570841157 1.5520180322733583
-0.5880618511207796 0.5654376413113943 1.5486618357940523
-0.563559273990747 0.5722068255386729 1.545305639314746
-0.5390566968607146 0.5789760097659514 1.5419494428354399
-0.5145541197306822 0.58574519399323 1.5385932463561338
-0.49005154260064954 0.5925143782205086 1.5352370498768277
-0.4655489654706172 0.5992835624477871 1.5318808533975217
-0.4410463883405847 0.6060527466750657 1.5285246569182154
-0.4165438112105522 0.6128219309023443 1.5251684604389093
-0.39204123408051966 0.6195911151296228 1.5218122639596032
-0.36753865695048715 0.6263602993569014 1.5184560674802972
-0.34303607982045475 0.63312948358418 1.515099871000991
-0.3185335026904223 0.6398986678114585 1.511743674521685
-0.2940309255603898 0.6466678520387371 1.5083874780423787
-0.2695283484303573 0.6534370362660157 1.5050312815630726
-0.24502577130032477 0.6602062204932942 1.5016750850837666
-0.2205231941702924 0.6669754047205728 1.4983188886044605
-0.1960206170402599 0.6737445889478514 1.4949626921251544
-0.17151803991022738 0.68051377317513 1.4916064956458484
-0.1470154627801949 0.6872829574024085 1.488250299166542
-0.12251288565016238 0.6940521416296871 1.484894102687236
-0.09801030852013 0.7008213258569657 1.48153790620793
-0.0735077313900975 0.7075905100842442 1.4781817097286238
-0.049005154260065 0.7143596943115228 1.4748255132493178
-0.0245025771300325 0.7211288785388014 1.4714693167700117
0.0 0.7278980627660799 1.4681131202907054
-0.9556005080712667 0.47323190434793466 1.6178267460642939
-0.9310979309412343 0.48000108857521323 1.6144705495849878
-0.9065953538112017 0.4867702728024918 1.6111143531056815
-0.8820927766811694 0.49353945702977037 1.6077581566263754
-0.8575901995511368 0.500308641257049 1.6044019601470694
-0.8330876224211043 0.5070778254843276 1.6010457636677633
-0.8085850452910719 0.5138470097116061 1.5976895671884572
-0.7840824681610393 0.5206161939388847 1.594333370709151
-0.759579891031007 0.5273853781661633 1.5909771742298449
-0.7350773139009744 0.5341545623934418 1.5876209777505388
-0.710574736770942 0.5409237466207204 1.5842647812712327
-0.6860721596409094 0.547692930847999 1.5809085847919266
-0.6615695825108769 0.5544621150752775 1.5775523883126206
-0.6370670053808446 0.5612312993025561 1.5741961918333145
-0.6125644282508119 0.5680004835298347 1.5708399953540082
-0.5880618511207796 0.5747696677571132 1.5674837988747021
-0.563559273990747 0.5815388519843918 1.564127602395396
-0.5390566968607146 0.5883080362116704 1.56077140591609
-0.5145541197306822 0.595077220438949 1.557415209436784
-0.49005154260064954 0.6018464046662275 1.5540590129574776
-0.4655489654706172 0.6086155888935061 1.5507028164781715
-0.4410463883405847 0.6153847731207847 1.5473466199988655
-0.4165438112105522 0.6221539573480632 1.5439904235195594
-0.39204123408051966 0.6289231415753418 1.5406342270402533
-0.36753865695048715 0.6356923258026204 1.5372780305609473
-0.34303607982045475 0.6424615100298989 1.533921834081641
-0.3185335026904223 0.6492306942571775 1.5305656376023349
-0.2940309255603898 0.6559998784844561 1.5272094411230288
-0.2695283484303573 0.6627690627117346 1.5238532446437227
-0.24502577130032477 0.6695382469390132 1.5204970481644167
-0.2205231941702924 0.6763074311662918 1.5171408516851106
-0.1960206170402599 0.6830766153935703 1.5137846552058043
-0.17151803991022738 0.6898457996208489 1.5104284587264982
-0.1470154627801949 0.6966149838481275 1.5070722622471922
-0.12251288565016238 0.703384168075406 1.503716065767886
-0.09801030852013 0.7101533523026846 1.50035986928858
-0.0735077313900975 0.7169225365299632 1.4970036728092737
-0.049005154260065 0.7236917207572418 1.4936474763299676
-0.0245025771300325 0.7304609049845203 1.4902912798506616
0.0 0.7372300892117989 1.4869350833713555
-0.9556005080712667 0.48256393079365373 1.636648709144944
-0.9310979309412343 0.4893331150209323 1.633292512665638
-0.9065953538112017 0.49610229924821087 1.6299363161863318
-0.8820927766811694 0.5028714834754894 1.6265801197070258
-0.8575901995511368 0.509640667702768 1.6232239232277195
-0.8330876224211043 0.5164098519300465 1.6198677267484134
-0.8085850452910719 0.5231790361573251 1.6165115302691073
-0.7840824681610393 0.5299482203846038 1.6131553337898012
-0.759579891031007 0.5367174046118822 1.6097991373104952
-0.7350773139009744 0.5434865888391608 1.606442940831189
-0.710574736770942 0.5502557730664394 1.6030867443518828
-0.6860721596409094 0.557024957293718 1.5997305478725767
-0.6615695825108769 0.5637941415209966 1.5963743513932707
-0.6370670053808446 0.5705633257482751 1.5930181549139646
-0.6125644282508119 0.5773325099755537 1.5896619584346585
-0.5880618511207796 0.5841016942028322 1.5863057619553524
-0.563559273990747 0.5908708784301109 1.5829495654760461
-0.5390566968607146 0.5976400626573894 1.57959336899674
-0.5145541197306822 0.6044092468846679 1.576237172517434
-0.49005154260064954 0.6111784311119466 1.572880976038128
-0.4655489654706172 0.6179476153392252 1.5695247795588219
-0.4410463883405847 0.6247167995665037 1.5661685830795158
-0.4165438112105522 0.6314859837937823 1.5628123866002095
-0.39204123408051966 0.6382551680210609 1.5594561901209034
-0.36753865695048715 0.6450243522483394 1.5560999936415973
-0.34303607982045475 0.651793536475618 1.5527437971622913
-0.3185335026904223 0.6585627207028966 1.5493876006829852
-0.2940309255603898 0.6653319049301751 1.5460314042036791
-0.2695283484303573 0.6721010891574537 1.5426752077243728
-0.24502577130032477 0.6788702733847323 1.5393190112450668
-0.2205231941702924 0.6856394576120108 1.5359628147657607
-0.1960206170402599 0.6924086418392894 1.5326066182864546
-0.17151803991022738 0.699177826066568 1.5292504218071485
-0.1470154627801949 0.7059470102938465 1.5258942253278422
-0.12251288565016238 0.7127161945211251 1.5225380288485362
-0.09801030852013 0.7194853787484037 1.51918183236923
-0.0735077313900975 0.7262545629756822 1.515825635889924
-0.049005154260065 0.7330237472029608 1.512469439410618
-0.0245025771300325 0.7397929314302394 1.5091132429313119
0.0 0.746562115657518 1.5057570464520056
-0.9556005080712667 0.4918959572393727 1.655470672225594
-0.9310979309412343 0.49866514146665125 1.652114475746288
-0.9065953538112017 0.5054343256939298 1.6487582792669817
-0.8820927766811694 0.5122035099212083 1.6454020827876756
-0.8575901995511368 0.5189726941484869 1.6420458863083696
-0.8330876224211043 0.5257418783757655 1.6386896898290635
-0.8085850452910719 0.532511062603044 1.6353334933497574
-0.7840824681610393 0.5392802468303227 1.6319772968704511
-0.759579891031007 0.5460494310576012 1.628621100391145
-0.7350773139009744 0.5528186152848797 1.625264903911839
-0.710574736770942 0.5595877995121583 1.621908707432533
-0.6860721596409094 0.566356983739437 1.6185525109532268
-0.6615695825108769 0.5731261679667156 1.6151963144739208
-0.6370670053808446 0.579895352193994 1.6118401179946147
-0.6125644282508119 0.5866645364212727 1.6084839215153084
-0.5880618511207796 0.5934337206485512 1.6051277250360023
-0.563559273990747 0.6002029048758298 1.6017715285566962
-0.5390566968607146 0.6069720891031084 1.5984153320773902
-0.5145541197306822 0.6137412733303869 1.595059135598084
-0.49005154260064954 0.6205104575576655 1.5917029391187778
-0.4655489654706172 0.6272796417849441 1.5883467426394717
-0.4410463883405847 0.6340488260122227 1.5849905461601657
-0.4165438112105522 0.6408180102395012 1.5816343496808596
-0.39204123408051966 0.6475871944667798 1.5782781532015535
-0.36753865695048715 0.6543563786940584 1.5749219567222474
-0.34303607982045475 0.6611255629213368 1.5715657602429411
-0.3185335026904223 0.6678947471486155 1.568209563763635
-0.2940309255603898 0.6746639313758941 1.564853367284329
-0.2695283484303573 0.6814331156031727 1.561497170805023
-0.24502577130032477 0.6882022998304512 1.5581409743257169
-0.2205231941702924 0.6949714840577298 1.5547847778464108
-0.1960206170402599 0.7017406682850084 1.5514285813671045
-0.17151803991022738 0.7085098525122869 1.5480723848877984
-0.1470154627801949 0.7152790367395655 1.5447161884084923
-0.12251288565016238 0.7220482209668441 1.5413599919291863
-0.09801030852013 0.7288174051941226 1.5380037954498802
-0.0735077313900975 0.7355865894214012 1.5346475989705741
-0.049005154260065 0.7423557736486798 1.5312914024912678
-0.0245025771300325 0.7491249578759583 1.5279352060119618
0.0 0.7558941421032369 1.5245790095326557
-0.9556005080712667 0.5012279836850916 1.674292635306244
-0.9310979309412343 0.5079971679123702 1.6709364388269379
-0.9065953538112017 0.5147663521396487 1.6675802423476318
-0.8820927766811694 0.5215355363669273 1.6642240458683257
-0.8575901995511368 0.5283047205942059 1.6608678493890197
-0.8330876224211043 0.5350739048214844 1.6575116529097134
-0.8085850452910719 0.541843089048763 1.6541554564304073
-0.7840824681610393 0.5486122732760416 1.6507992599511012
-0.759579891031007 0.5553814575033201 1.6474430634717951
-0.7350773139009744 0.5621506417305987 1.644086866992489
-0.710574736770942 0.5689198259578773 1.640730670513183
-0.6860721596409094 0.5756890101851558 1.6373744740338767
-0.6615695825108769 0.5824581944124344 1.6340182775545706
-0.6370670053808446 0.589227378639713 1.6306620810752646
-0.6125644282508119 0.5959965628669915 1.6273058845959585
-0.5880618511207796 0.6027657470942701 1.6239496881166524
-0.563559273990747 0.6095349313215487 1.6205934916373463
-0.5390566968607146 0.6163041155488272 1.61723729515804
-0.5145541197306822 0.6230732997761058 1.613881098678734
-0.49005154260064954 0.6298424840033844 1.610524902199428
-0.4655489654706172 0.636611668230663 1.6071687057201218
-0.4410463883405847 0.6433808524579415 1.6038125092408158
-0.4165438112105522 0.6501500366852201 1.6004563127615097
-0.39204123408051966 0.6569192209124988 1.5971001162822034
-0.36753865695048715 0.6636884051397773 1.5937439198028973
-0.34303607982045475 0.6704575893670558 1.5903877233235912
-0.3185335026904223 0.6772267735943344 1.5870315268442852
-0.2940309255603898 0.6839959578216129 1.583675330364979
-0.2695283484303573 0.6907651420488916 1.5803191338856728
-0.24502577130032477 0.6975343262761702 1.5769629374063667
-0.2205231941702924 0.7043035105034486 1.5736067409270607
-0.1960206170402599 0.7110726947307272 1.5702505444477546
-0.17151803991022738 0.7178418789580058 1.5668943479684485
-0.1470154627801949 0.7246110631852845 1.5635381514891424
-0.12251288565016238 0.731380247412563 1.5601819550098361
-0.09801030852013 0.7381494316398415 1.55682575853053
-0.0735077313900975 0.74491861586712 1.553469562051224
-0.049005154260065 0.7516878000943987 1.550113365571918
-0.0245025771300325 0.7584569843216773 1.5467571690926118
0.0 0.7652261685489559 1.5434009726133058
-0.9556005080712667 0.5105600101308106 1.6931145983868943
-0.9310979309412343 0.5173291943580892 1.6897584019075882
-0.9065953538112017 0.5240983785853678 1.686402205428282
-0.8820927766811694 0.5308675628126464 1.6830460089489758
-0.8575901995511368 0.5376367470399249 1.6796898124696698
-0.8330876224211043 0.5444059312672035 1.6763336159903637
-0.8085850452910719 0.5511751154944821 1.6729774195110576
-0.7840824681610393 0.5579442997217606 1.6696212230317515
-0.759579891031007 0.5647134839490392 1.6662650265524452
-0.7350773139009744 0.5714826681763178 1.6629088300731392
-0.710574736770942 0.5782518524035963 1.659552633593833
-0.6860721596409094 0.5850210366308749 1.656196437114527
-0.6615695825108769 0.5917902208581535 1.652840240635221
-0.6370670053808446 0.598559405085432 1.6494840441559149
-0.6125644282508119 0.6053285893127106 1.6461278476766086
-0.5880618511207796 0.6120977735399892 1.6427716511973025
-0.563559273990747 0.6188669577672677 1.6394154547179964
-0.5390566968607146 0.6256361419945463 1.6360592582386904
-0.5145541197306822 0.6324053262218249 1.6327030617593843
-0.49005154260064954 0.6391745104491035 1.629346865280078
-0.4655489654706172 0.645943694676382 1.625990668800772
-0.4410463883405847 0.6527128789036606 1.6226344723214658
-0.4165438112105522 0.6594820631309392 1.6192782758421598
-0.39204123408051966 0.6662512473582177 1.6159220793628537
-0.36753865695048715 0.6730204315854963 1.6125658828835476
-0.34303607982045475 0.6797896158127749 1.6092096864042416
-0.3185335026904223 0.6865588000400534 1.6058534899249353
-0.2940309255603898 0.693327984267332 1.6024972934456292
-0.2695283484303573 0.7000971684946106 1.5991410969663231
-0.24502577130032477 0.7068663527218891 1.595784900487017
-0.2205231941702924 0.7136355369491677 1.592428704007711
-0.1960206170402599 0.7204047211764463 1.5890725075284047
-0.17151803991022738 0.7271739054037248 1.5857163110490986
-0.1470154627801949 0.7339430896310034 1.5823601145697925
-0.12251288565016238 0.740712273858282 1.5790039180904865
-0.09801030852013 0.7474814580855605 1.5756477216111804
-0.0735077313900975 0.7542506423128391 1.5722915251318743
-0.049005154260065 0.7610198265401177 1.568935328652568
-0.0245025771300325 0.7677890107673963 1.565579132173262
0.0 0.7745581949946748 1.5622229356939559
-0.9556005080712667 0.5198920365765296 1.7119365614675441
-0.9310979309412343 0.5266612208038082 1.708580364988238
-0.9065953538112017 0.5334304050310867 1.705224168508932
-0.8820927766811694 0.5401995892583653 1.701867972029626
-0.8575901995511368 0.5469687734856439 1.6985117755503198
-0.8330876224211043 0.5537379577129224 1.6951555790710138
-0.8085850452910719 0.560507141940201 1.6917993825917075
-0.7840824681610393 0.5672763261674796 1.6884431861124014
-0.759579891031007 0.5740455103947582 1.6850869896330953
-0.7350773139009744 0.5808146946220367 1.6817307931537893
-0.710574736770942 0.5875838788493153 1.6783745966744832
-0.6860721596409094 0.5943530630765939 1.6750184001951771
-0.6615695825108769 0.6011222473038724 1.6716622037158708
-0.6370670053808446 0.607891431531151 1.6683060072365647
-0.6125644282508119 0.6146606157584296 1.6649498107572587
-0.5880618511207796 0.6214297999857081 1.6615936142779526
-0.563559273990747 0.6281989842129867 1.6582374177986465
-0.5390566968607146 0.6349681684402653 1.6548812213193402
-0.5145541197306822 0.6417373526675438 1.6515250248400342
-0.49005154260064954 0.6485065368948224 1.648168828360728
-0.4655489654706172 0.655275721122101 1.644812631881422
-0.4410463883405847 0.6620449053493795 1.641456435402116
-0.4165438112105522 0.6688140895766581 1.6381002389228099
-0.39204123408051966 0.6755832738039367 1.6347440424435036
-0.36753865695048715 0.6823524580312152 1.6313878459641975
-0.34303607982045475 0.6891216422584938 1.6280316494848914
-0.3185335026904223 0.6958908264857724 1.6246754530055854
-0.2940309255603898 0.702660010713051 1.6213192565262793
-0.2695283484303573 0.7094291949403295 1.6179630600469732
-0.24502577130032477 0.7161983791676081 1.614606863567667
-0.2205231941702924 0.7229675633948867 1.6112506670883608
-0.1960206170402599 0.7297367476221652 1.6078944706090548
-0.17151803991022738 0.7365059318494438 1.6045382741297487
-0.1470154627801949 0.7432751160767224 1.6011820776504426
-0.12251288565016238 0.7500443003040009 1.5978258811711363
-0.09801030852013 0.7568134845312795 1.5944696846918303
-0.0735077313900975 0.7635826687585581 1.5911134882125242
-0.049005154260065 0.7703518529858366 1.5877572917332181
-0.0245025771300325 0.7771210372131152 1.584401095253912
0.0 0.7838902214403938 1.581044898774606
-0.9556005080712667 0.5292240630222486 1.7307585245481942
-0.9310979309412343 0.5359932472495271 1.7274023280688882
-0.9065953538112017 0.5427624314768057 1.724046131589582
-0.8820927766811694 0.5495316157040843 1.7206899351102758
-0.8575901995511368 0.5563007999313628 1.7173337386309697
-0.8330876224211043 0.5630699841586414 1.7139775421516636
-0.8085850452910719 0.56983916838592 1.7106213456723576
-0.7840824681610393 0.5766083526131985 1.7072651491930515
-0.759579891031007 0.5833775368404771 1.7039089527137454
-0.7350773139009744 0.5901467210677557 1.7005527562344391
-0.710574736770942 0.5969159052950342 1.697196559755133
-0.6860721596409094 0.6036850895223128 1.693840363275827
-0.6615695825108769 0.6104542737495914 1.690484166796521
-0.6370670053808446 0.61722345797687 1.6871279703172148
-0.6125644282508119 0.6239926422041485 1.6837717738379088
-0.5880618511207796 0.6307618264314271 1.6804155773586025
-0.563559273990747 0.6375310106587057 1.6770593808792964
-0.5390566968607146 0.6443001948859842 1.6737031843999903
-0.5145541197306822 0.6510693791132628 1.6703469879206843
-0.49005154260064954 0.6578385633405414 1.6669907914413782
-0.4655489654706172 0.6646077475678199 1.663634594962072
-0.4410463883405847 0.6713769317950985 1.6602783984827658
-0.4165438112105522 0.6781461160223771 1.6569222020034597
-0.39204123408051966 0.6849153002496556 1.6535660055241537
-0.36753865695048715 0.6916844844769342 1.6502098090448476
-0.34303607982045475 0.6984536687042128 1.6468536125655415
-0.3185335026904223 0.7052228529314913 1.6434974160862352
-0.2940309255603898 0.7119920371587699 1.6401412196069292
-0.2695283484303573 0.7187612213860485 1.636785023127623
-0.24502577130032477 0.725530405613327 1.633428826648317
-0.2205231941702924 0.7322995898406056 1.630072630169011
-0.1960206170402599 0.7390687740678842 1.6267164336897049
-0.17151803991022738 0.7458379582951628 1.6233602372103986
-0.1470154627801949 0.7526071425224413 1.6200040407310925
-0.12251288565016238 0.7593763267497199 1.6166478442517864
-0.09801030852013 0.7661455109769985 1.6132916477724804
-0.0735077313900975 0.772914695204277 1.6099354512931743
-0.049005154260065 0.7796838794315556 1.6065792548138682
-0.0245025771300325 0.7864530636588342 1.603223058334562
0.0 0.7932222478861127 1.5998668618552558
-0.9556005080712667 0.5385560894679675 1.7495804876288443
-0.9310979309412343 0.5453252736952461 1.7462242911495383
-0.9065953538112017 0.5520944579225247 1.7428680946702322
-0.8820927766811694 0.5588636421498032 1.739511898190926
-0.8575901995511368 0.5656328263770818 1.73615570171162
-0.8330876224211043 0.5724020106043604 1.732799505232314
-0.8085850452910719 0.5791711948316389 1.7294433087530077
-0.7840824681610393 0.5859403790589176 1.7260871122737016
-0.759579891031007 0.5927095632861961 1.7227309157943955
-0.7350773139009744 0.5994787475134746 1.7193747193150895
-0.710574736770942 0.6062479317407532 1.7160185228357834
-0.6860721596409094 0.6130171159680319 1.7126623263564773
-0.6615695825108769 0.6197863001953104 1.709306129877171
-0.6370670053808446 0.6265554844225889 1.705949933397865
-0.6125644282508119 0.6333246686498676 1.7025937369185589
-0.5880618511207796 0.640093852877146 1.6992375404392528
-0.563559273990747 0.6468630371044247 1.6958813439599467
-0.5390566968607146 0.6536322213317033 1.6925251474806404
-0.5145541197306822 0.6604014055589817 1.6891689510013344
-0.49005154260064954 0.6671705897862604 1.6858127545220283
-0.4655489654706172 0.673939774013539 1.6824565580427222
-0.4410463883405847 0.6807089582408176 1.6791003615634161
-0.4165438112105522 0.6874781424680961 1.67574416508411
-0.39204123408051966 0.6942473266953747 1.6723879686048038
-0.36753865695048715 0.7010165109226533 1.6690317721254977
-0.34303607982045475 0.7077856951499318 1.6656755756461916
-0.3185335026904223 0.7145548793772104 1.6623193791668855
-0.2940309255603898 0.721324063604489 1.6589631826875795
-0.2695283484303573 0.7280932478317675 1.6556069862082734
-0.24502577130032477 0.7348624320590461 1.652250789728967
-0.2205231941702924 0.7416316162863247 1.648894593249661
-0.1960206170402599 0.7484008005136032 1.645538396770355
-0.17151803991022738 0.7551699847408818 1.6421822002910489
-0.1470154627801949 0.7619391689681604 1.6388260038117428
-0.12251288565016238 0.768708353195439 1.6354698073324367
-0.09801030852013 0.7754775374227175 1.6321136108531304
-0.0735077313900975 0.7822467216499961 1.6287574143738244
-0.049005154260065 0.7890159058772747 1.6254012178945183
-0.0245025771300325 0.7957850901045532 1.6220450214152122
0.0 0.8025542743318318 1.6186888249359062
-0.9556005080712667 0.5478881159136865 1.7684024507094944
-0.9310979309412343 0.554657300140965 1.7650462542301883
-0.9065953538112017 0.5614264843682436 1.7616900577508823
-0.8820927766811694 0.5681956685955222 1.7583338612715762
-0.8575901995511368 0.5749648528228007 1.75497766479227
-0.8330876224211043 0.5817340370500793 1.7516214683129638
-0.8085850452910719 0.5885032212773579 1.7482652718336578
-0.7840824681610393 0.5952724055046364 1.7449090753543517
-0.759579891031007 0.602041589731915 1.7415528788750456
-0.7350773139009744 0.6088107739591936 1.7381966823957393
-0.710574736770942 0.6155799581864722 1.7348404859164333
-0.6860721596409094 0.6223491424137507 1.7314842894371272
-0.6615695825108769 0.6291183266410293 1.728128092957821
-0.6370670053808446 0.6358875108683079 1.724771896478515
-0.6125644282508119 0.6426566950955864 1.721415699999209
-0.5880618511207796 0.649425879322865 1.7180595035199027
-0.563559273990747 0.6561950635501436 1.7147033070405966
-0.5390566968607146 0.6629642477774221 1.7113471105612905
-0.5145541197306822 0.6697334320047007 1.7079909140819844
-0.49005154260064954 0.6765026162319793 1.7046347176026784
-0.4655489654706172 0.6832718004592578 1.7012785211233723
-0.4410463883405847 0.6900409846865364 1.697922324644066
-0.4165438112105522 0.696810168913815 1.69456612816476
-0.39204123408051966 0.7035793531410937 1.6912099316854539
-0.36753865695048715 0.7103485373683722 1.6878537352061478
-0.34303607982045475 0.7171177215956507 1.6844975387268417
-0.3185335026904223 0.7238869058229292 1.6811413422475356
-0.2940309255603898 0.7306560900502078 1.6777851457682293
-0.2695283484303573 0.7374252742774865 1.6744289492889233
-0.24502577130032477 0.7441944585047651 1.6710727528096172
-0.2205231941702924 0.7509636427320435 1.6677165563303111
-0.1960206170402599 0.7577328269593222 1.664360359851005
-0.17151803991022738 0.7645020111866008 1.6610041633716988
-0.1470154627801949 0.7712711954138793 1.6576479668923927
-0.12251288565016238 0.7780403796411579 1.6542917704130866
-0.09801030852013 0.7848095638684364 1.6509355739337805
-0.0735077313900975 0.791578748095715 1.6475793774544745
-0.049005154260065 0.7983479323229936 1.6442231809751684
-0.0245025771300325 0.8051171165502722 1.640866984495862
0.0 0.8118863007775508 1.637510788016556
-0.9556005080712667 0.5572201423594054 1.7872244137901445
-0.9310979309412343 0.563989326586684 1.7838682173108382
-0.9065953538112017 0.5707585108139626 1.7805120208315321
-0.8820927766811694 0.5775276950412411 1.777155824352226
-0.8575901995511368 0.5842968792685197 1.77379962787292
-0.8330876224211043 0.5910660634957983 1.770443431393614
-0.8085850452910719 0.5978352477230768 1.7670872349143079
-0.7840824681610393 0.6046044319503554 1.7637310384350016
-0.759579891031007 0.611373616177634 1.7603748419556955
-0.7350773139009744 0.6181428004049125 1.7570186454763894
-0.710574736770942 0.6249119846321911 1.7536624489970833
-0.6860721596409094 0.6316811688594697 1.7503062525177773
-0.6615695825108769 0.6384503530867482 1.7469500560384712
-0.6370670053808446 0.6452195373140268 1.743593859559165
-0.6125644282508119 0.6519887215413054 1.7402376630798588
-0.5880618511207796 0.658757905768584 1.7368814666005528
-0.563559273990747 0.6655270899958625 1.7335252701212467
-0.5390566968607146 0.6722962742231411 1.7301690736419406
-0.5145541197306822 0.6790654584504197 1.7268128771626345
-0.49005154260064954 0.6858346426776982 1.7234566806833282
-0.4655489654706172 0.6926038269049768 1.7201004842040222
-0.4410463883405847 0.6993730111322554 1.716744287724716
-0.4165438112105522 0.7061421953595339 1.71338809124541
-0.39204123408051966 0.7129113795868125 1.710031894766104
-0.36753865695048715 0.7196805638140911 1.7066756982867977
-0.34303607982045475 0.7264497480413696 1.7033195018074916
-0.3185335026904223 0.7332189322686482 1.6999633053281855
-0.2940309255603898 0.7399881164959268 1.6966071088488794
-0.2695283484303573 0.7467573007232053 1.6932509123695734
-0.24502577130032477 0.7535264849504839 1.6898947158902673
-0.2205231941702924 0.7602956691777625 1.686538519410961
-0.1960206170402599 0.767064853405041 1.683182322931655
-0.17151803991022738 0.7738340376323196 1.6798261264523489
-0.1470154627801949 0.7806032218595982 1.6764699299730428
-0.12251288565016238 0.7873724060868769 1.6731137334937367
-0.09801030852013 0.7941415903141553 1.6697575370144306
-0.0735077313900975 0.8009107745414339 1.6664013405351243
-0.049005154260065 0.8076799587687125 1.6630451440558183
-0.0245025771300325 0.8144491429959911 1.6596889475765122
0.0 0.8212183272232697 1.6563327510972061
-0.9556005080712667 0.5665521688051245 1.8060463768707946
-0.9310979309412343 0.5733213530324031 1.8026901803914885
-0.9065953538112017 0.5800905372596816 1.7993339839121825
-0.8820927766811694 0.5868597214869602 1.7959777874328764
-0.8575901995511368 0.5936289057142388 1.79262159095357
-0.8330876224211043 0.6003980899415173 1.789265394474264
-0.8085850452910719 0.6071672741687959 1.785909197994958
-0.7840824681610393 0.6139364583960745 1.7825530015156519
-0.759579891031007 0.620705642623353 1.7791968050363458
-0.7350773139009744 0.6274748268506316 1.7758406085570397
-0.710574736770942 0.6342440110779102 1.7724844120777334
-0.6860721596409094 0.6410131953051887 1.7691282155984274
-0.6615695825108769 0.6477823795324673 1.7657720191191213
-0.6370670053808446 0.6545515637597459 1.7624158226398152
-0.6125644282508119 0.6613207479870244 1.7590596261605091
-0.5880618511207796 0.668089932214303 1.755703429681203
-0.563559273990747 0.6748591164415816 1.7523472332018968
-0.5390566968607146 0.6816283006688602 1.7489910367225907
-0.5145541197306822 0.6883974848961387 1.7456348402432846
-0.49005154260064954 0.6951666691234173 1.7422786437639786
-0.4655489654706172 0.7019358533506959 1.7389224472846725
-0.4410463883405847 0.7087050375779744 1.7355662508053662
-0.4165438112105522 0.715474221805253 1.7322100543260601
-0.39204123408051966 0.7222434060325316 1.728853857846754
-0.36753865695048715 0.7290125902598101 1.725497661367448
-0.34303607982045475 0.7357817744870887 1.722141464888142
-0.3185335026904223 0.7425509587143673 1.7187852684088358
-0.2940309255603898 0.7493201429416458 1.7154290719295295
-0.2695283484303573 0.7560893271689244 1.7120728754502235
-0.24502577130032477 0.762858511396203 1.7087166789709174
-0.2205231941702924 0.7696276956234815 1.7053604824916113
-0.1960206170402599 0.7763968798507601 1.7020042860123052
-0.17151803991022738 0.7831660640780387 1.6986480895329992
-0.1470154627801949 0.7899352483053173 1.6952918930536929
-0.12251288565016238 0.7967044325325958 1.6919356965743868
-0.09801030852013 0.8034736167598744 1.6885795000950807
-0.0735077313900975 0.810242800987153 1.6852233036157747
-0.049005154260065 0.8170119852144315 1.6818671071364686
-0.0245025771300325 0.8237811694417101 1.6785109106571623
0.0 0.8305503536689887 1.6751547141778562
-0.9556005080712667 0.5758841952508434 1.8248683399514447
-0.9310979309412343 0.582653379478122 1.8215121434721386
-0.9065953538112017 0.5894225637054006 1.8181559469928323
-0.8820927766811694 0.5961917479326792 1.8147997505135263
-0.8575901995511368 0.6029609321599577 1.8114435540342202
-0.8330876224211043 0.6097301163872363 1.8080873575549141
-0.8085850452910719 0.6164993006145149 1.804731161075608
-0.7840824681610393 0.6232684848417934 1.8013749645963018
-0.759579891031007 0.630037669069072 1.7980187681169957
-0.7350773139009744 0.6368068532963506 1.7946625716376896
-0.710574736770942 0.6435760375236291 1.7913063751583835
-0.6860721596409094 0.6503452217509077 1.7879501786790775
-0.6615695825108769 0.6571144059781863 1.7845939821997714
-0.6370670053808446 0.6638835902054648 1.781237785720465
-0.6125644282508119 0.6706527744327434 1.777881589241159
-0.5880618511207796 0.677421958660022 1.774525392761853
-0.563559273990747 0.6841911428873005 1.7711691962825469
-0.5390566968607146 0.6909603271145791 1.7678129998032408
-0.5145541197306822 0.6977295113418577 1.7644568033239347
-0.49005154260064954 0.7044986955691362 1.7611006068446284
-0.4655489654706172 0.7112678797964148 1.7577444103653224
-0.4410463883405847 0.7180370640236934 1.7543882138860163
-0.4165438112105522 0.724806248250972 1.7510320174067102
-0.39204123408051966 0.7315754324782505 1.7476758209274041
-0.36753865695048715 0.7383446167055291 1.7443196244480978
-0.34303607982045475 0.7451138009328077 1.7409634279687918
-0.3185335026904223 0.7518829851600862 1.7376072314894857
-0.2940309255603898 0.7586521693873648 1.7342510350101796
-0.2695283484303573 0.7654213536146434 1.7308948385308736
-0.24502577130032477 0.7721905378419219 1.7275386420515675
-0.2205231941702924 0.7789597220692005 1.7241824455722612
-0.1960206170402599 0.7857289062964791 1.7208262490929551
-0.17151803991022738 0.7924980905237576 1.717470052613649
-0.1470154627801949 0.7992672747510362 1.714113856134343
-0.12251288565016238 0.8060364589783148 1.710757659655037
-0.09801030852013 0.8128056432055933 1.7074014631757308
-0.0735077313900975 0.8195748274328719 1.7040452666964245
-0.049005154260065 0.8263440116601505 1.7006890702171185
-0.0245025771300325 0.833113195887429 1.6973328737378124
0.0 0.8398823801147076 1.6939766772585063
-0.9556005080712667 0.5852162216965624 1.8436903030320946
-0.9310979309412343 0.591985405923841 1.8403341065527885
-0.9065953538112017 0.5987545901511195 1.8369779100734824
-0.8820927766811694 0.6055237743783981 1.8336217135941764
-0.8575901995511368 0.6122929586056767 1.8302655171148703
-0.8330876224211043 0.6190621428329552 1.826909320635564
-0.8085850452910719 0.6258313270602338 1.823553124156258
-0.7840824681610393 0.6326005112875124 1.8201969276769518
-0.759579891031007 0.639369695514791 1.8168407311976458
-0.7350773139009744 0.6461388797420695 1.8134845347183397
-0.710574736770942 0.6529080639693481 1.8101283382390336
-0.6860721596409094 0.6596772481966267 1.8067721417597273
-0.6615695825108769 0.6664464324239052 1.8034159452804213
-0.6370670053808446 0.6732156166511838 1.8000597488011152
-0.6125644282508119 0.6799848008784624 1.7967035523218091
-0.5880618511207796 0.6867539851057409 1.793347355842503
-0.563559273990747 0.6935231693330195 1.7899911593631967
-0.5390566968607146 0.7002923535602981 1.7866349628838907
-0.5145541197306822 0.7070615377875766 1.7832787664045846
-0.49005154260064954 0.7138307220148552 1.7799225699252785
-0.4655489654706172 0.7205999062421338 1.7765663734459725
-0.4410463883405847 0.7273690904694123 1.7732101769666664
-0.4165438112105522 0.7341382746966909 1.76985398048736
-0.39204123408051966 0.7409074589239695 1.766497784008054
-0.36753865695048715 0.747676643151248 1.763141587528748
-0.34303607982045475 0.7544458273785266 1.7597853910494419
-0.3185335026904223 0.7612150116058052 1.7564291945701358
-0.2940309255603898 0.7679841958330837 1.7530729980908297
-0.2695283484303573 0.7747533800603623 1.7497168016115234
-0.24502577130032477 0.7815225642876409 1.7463606051322174
-0.2205231941702924 0.7882917485149195 1.7430044086529113
-0.1960206170402599 0.795060932742198 1.7396482121736052
-0.17151803991022738 0.8018301169694766 1.7362920156942991
-0.1470154627801949 0.8085993011967552 1.732935819214993
-0.12251288565016238 0.8153684854240337 1.7295796227356868
-0.09801030852013 0.8221376696513123 1.7262234262563807
-0.0735077313900975 0.8289068538785909 1.7228672297770746
-0.049005154260065 0.8356760381058694 1.7195110332977686
-0.0245025771300325 0.842445222333148 1.7161548368184625
0.0 0.8492144065604266 1.7127986403391562
-0.9556005080712667 0.5945482481422814 1.862512266112745
-0.9310979309412343 0.6013174323695599 1.8591560696334388
-0.9065953538112017 0.6080866165968385 1.8557998731541325
-0.8820927766811694 0.6148558008241171 1.8524436766748265
-0.8575901995511368 0.6216249850513956 1.8490874801955204
-0.8330876224211043 0.6283941692786742 1.8457312837162143
-0.8085850452910719 0.6351633535059528 1.8423750872369082
-0.7840824681610393 0.6419325377332314 1.839018890757602
-0.759579891031007 0.6487017219605099 1.8356626942782959
-0.7350773139009744 0.6554709061877885 1.8323064977989898
-0.710574736770942 0.662240090415067 1.8289503013196837
-0.6860721596409094 0.6690092746423457 1.8255941048403777
-0.6615695825108769 0.6757784588696243 1.8222379083610716
-0.6370670053808446 0.6825476430969027 1.8188817118817655
-0.6125644282508119 0.6893168273241814 1.8155255154024592
-0.5880618511207796 0.6960860115514599 1.8121693189231531
-0.563559273990747 0.7028551957787386 1.808813122443847
-0.5390566968607146 0.7096243800060171 1.805456925964541
-0.5145541197306822 0.7163935642332956 1.802100729485235
-0.49005154260064954 0.7231627484605743 1.7987445330059286
-0.4655489654706172 0.7299319326878528 1.7953883365266226
-0.4410463883405847 0.7367011169151314 1.7920321400473165
-0.4165438112105522 0.74347030114241 1.7886759435680104
-0.39204123408051966 0.7502394853696885 1.7853197470887043
-0.36753865695048715 0.7570086695969671 1.7819635506093983
-0.34303607982045475 0.7637778538242456 1.778607354130092
-0.3185335026904223 0.7705470380515242 1.775251157650786
-0.2940309255603898 0.7773162222788028 1.7718949611714798
-0.2695283484303573 0.7840854065060814 1.7685387646921737
-0.24502577130032477 0.79085459073336 1.7651825682128677
-0.2205231941702924 0.7976237749606385 1.7618263717335616
-0.1960206170402599 0.8043929591879171 1.7584701752542553
-0.17151803991022738 0.8111621434151957 1.7551139787749492
-0.1470154627801949 0.8179313276424742 1.7517577822956432
-0.12251288565016238 0.8247005118697528 1.748401585816337
-0.09801030852013 0.8314696960970314 1.745045389337031
-0.0735077313900975 0.8382388803243099 1.741689192857725
-0.049005154260065 0.8450080645515885 1.7383329963784186
-0.0245025771300325 0.8517772487788671 1.7349767998991126
0.0 0.8585464330061456 1.7316206034198065
-0.9556005080712667 0.6038802745880003 1.8813342291933948
-0.9310979309412343 0.6106494588152789 1.8779780327140887
-0.9065953538112017 0.6174186430425574 1.8746218362347826
-0.8820927766811694 0.624187827269836 1.8712656397554766
-0.8575901995511368 0.6309570114971146 1.8679094432761705
-0.8330876224211043 0.6377261957243932 1.8645532467968642
-0.8085850452910719 0.6444953799516717 1.861197050317558
-0.7840824681610393 0.6512645641789503 1.857840853838252
-0.759579891031007 0.6580337484062289 1.854484657358946
-0.7350773139009744 0.6648029326335074 1.85112846087964
-0.710574736770942 0.671572116860786 1.8477722644003338
-0.6860721596409094 0.6783413010880646 1.8444160679210275
-0.6615695825108769 0.6851104853153431 1.8410598714417215
-0.6370670053808446 0.6918796695426217 1.8377036749624154
-0.6125644282508119 0.6986488537699003 1.8343474784831093
-0.5880618511207796 0.7054180379971788 1.8309912820038032
-0.563559273990747 0.7121872222244574 1.8276350855244972
-0.5390566968607146 0.718956406451736 1.8242788890451909
-0.5145541197306822 0.7257255906790145 1.8209226925658848
-0.49005154260064954 0.7324947749062931 1.8175664960865787
-0.4655489654706172 0.7392639591335717 1.8142102996072726
-0.4410463883405847 0.7460331433608502 1.8108541031279666
-0.4165438112105522 0.7528023275881288 1.8074979066486603
-0.39204123408051966 0.7595715118154075 1.8041417101693542
-0.36753865695048715 0.7663406960426861 1.8007855136900481
-0.34303607982045475 0.7731098802699645 1.797429317210742
-0.3185335026904223 0.7798790644972431 1.794073120731436
-0.2940309255603898 0.7866482487245217 1.79071692425213
-0.2695283484303573 0.7934174329518003 1.7873607277728236
-0.24502577130032477 0.8001866171790789 1.7840045312935175
-0.2205231941702924 0.8069558014063574 1.7806483348142115
-0.1960206170402599 0.813724985633636 1.7772921383349054
-0.17151803991022738 0.8204941698609146 1.7739359418555993
-0.1470154627801949 0.8272633540881932 1.7705797453762933
-0.12251288565016238 0.8340325383154717 1.767223548896987
-0.09801030852013 0.8408017225427502 1.763867352417681
-0.0735077313900975 0.8475709067700289 1.7605111559383748
-0.049005154260065 0.8543400909973075 1.7571549594590687
-0.0245025771300325 0.861109275224586 1.7537987629797627
0.0 0.8678784594518646 1.7504425665004566
-0.9556005080712667 0.6132123010337193 1.9001561922740449
-0.9310979309412343 0.6199814852609978 1.8967999957947388
-0.9065953538112017 0.6267506694882764 1.8934437993154325
-0.8820927766811694 0.633519853715555 1.8900876028361264
-0.8575901995511368 0.6402890379428335 1.8867314063568204
-0.8330876224211043 0.6470582221701121 1.8833752098775143
-0.8085850452910719 0.6538274063973907 1.8800190133982082
-0.7840824681610393 0.6605965906246692 1.8766628169189021
-0.759579891031007 0.6673657748519478 1.8733066204395958
-0.7350773139009744 0.6741349590792264 1.8699504239602898
-0.710574736770942 0.680904143306505 1.8665942274809837
-0.6860721596409094 0.6876733275337835 1.8632380310016776
-0.6615695825108769 0.6944425117610621 1.8598818345223715
-0.6370670053808446 0.7012116959883407 1.8565256380430655
-0.6125644282508119 0.7079808802156192 1.8531694415637592
-0.5880618511207796 0.7147500644428978 1.849813245084453
-0.563559273990747 0.7215192486701764 1.846457048605147
-0.5390566968607146 0.7282884328974549 1.843100852125841
-0.5145541197306822 0.7350576171247335 1.8397446556465349
-0.49005154260064954 0.7418268013520121 1.8363884591672288
-0.4655489654706172 0.7485959855792906 1.8330322626879225
-0.4410463883405847 0.7553651698065692 1.8296760662086164
-0.4165438112105522 0.7621343540338478 1.8263198697293104
-0.39204123408051966 0.7689035382611263 1.8229636732500043
-0.36753865695048715 0.7756727224884049 1.8196074767706982
-0.34303607982045475 0.7824419067156835 1.8162512802913922
-0.3185335026904223 0.789211090942962 1.8128950838120859
-0.2940309255603898 0.7959802751702406 1.8095388873327798
-0.2695283484303573 0.8027494593975192 1.8061826908534737
-0.24502577130032477 0.8095186436247978 1.8028264943741676
-0.2205231941702924 0.8162878278520763 1.7994702978948616
-0.1960206170402599 0.8230570120793549 1.7961141014155555
-0.17151803991022738 0.8298261963066335 1.7927579049362492
-0.1470154627801949 0.836595380533912 1.7894017084569431
-0.12251288565016238 0.8433645647611907 1.786045511977637
-0.09801030852013 0.8501337489884692 1.782689315498331
-0.0735077313900975 0.8569029332157477 1.779333119019025
-0.049005154260065 0.8636721174430263 1.7759769225397186
-0.0245025771300325 0.870441301670305 1.7726207260604125
0.0 0.8772104858975835 1.7692645295811065
-0.9556005080712667 0.6225443274794383 1.918978155354695
-0.9310979309412343 0.6293135117067169 1.9156219588753889
-0.9065953538112017 0.6360826959339955 1.9122657623960828
-0.8820927766811694 0.642851880161274 1.9089095659167767
-0.8575901995511368 0.6496210643885526 1.9055533694374707
-0.8330876224211043 0.6563902486158312 1.9021971729581644
-0.8085850452910719 0.6631594328431097 1.8988409764788583
-0.7840824681610393 0.6699286170703883 1.8954847799995522
-0.759579891031007 0.6766978012976669 1.8921285835202462
-0.7350773139009744 0.6834669855249454 1.88877238704094
-0.710574736770942 0.690236169752224 1.885416190561634
-0.6860721596409094 0.6970053539795026 1.8820599940823277
-0.6615695825108769 0.7037745382067812 1.8787037976030216
-0.6370670053808446 0.7105437224340597 1.8753476011237156
-0.6125644282508119 0.7173129066613383 1.8719914046444095
-0.5880618511207796 0.7240820908886169 1.8686352081651034
-0.563559273990747 0.7308512751158954 1.8652790116857974
-0.5390566968607146 0.737620459343174 1.861922815206491
-0.5145541197306822 0.7443896435704526 1.858566618727185
-0.49005154260064954 0.7511588277977311 1.855210422247879
-0.4655489654706172 0.7579280120250097 1.8518542257685728
-0.4410463883405847 0.7646971962522883 1.8484980292892668
-0.4165438112105522 0.7714663804795668 1.8451418328099607
-0.39204123408051966 0.7782355647068454 1.8417856363306544
-0.36753865695048715 0.785004748934124 1.8384294398513483
-0.34303607982045475 0.7917739331614025 1.8350732433720423
-0.3185335026904223 0.7985431173886811 1.8317170468927362
-0.2940309255603898 0.8053123016159597 1.82836085041343
-0.2695283484303573 0.8120814858432382 1.8250046539341238
-0.24502577130032477 0.8188506700705168 1.8216484574548177
-0.2205231941702924 0.8256198542977954 1.8182922609755117
-0.1960206170402599 0.832389038525074 1.8149360644962056
-0.17151803991022738 0.8391582227523525 1.8115798680168995
-0.1470154627801949 0.8459274069796311 1.8082236715375934
-0.12251288565016238 0.8526965912069097 1.8048674750582872
-0.09801030852013 0.8594657754341882 1.801511278578981
-0.0735077313900975 0.8662349596614668 1.798155082099675
-0.049005154260065 0.8730041438887454 1.794798885620369
-0.0245025771300325 0.8797733281160239 1.7914426891410629
0.0 0.8865425123433025 1.7880864926617568
-0.9556005080712667 0.6318763539251572 1.9378001184353448
-0.9310979309412343 0.6386455381524357 1.9344439219560388
-0.9065953538112017 0.6454147223797143 1.9310877254767327
-0.8820927766811694 0.6521839066069929 1.9277315289974266
-0.8575901995511368 0.6589530908342714 1.9243753325181203
-0.8330876224211043 0.66572227506155 1.9210191360388142
-0.8085850452910719 0.6724914592888286 1.9176629395595082
-0.7840824681610393 0.6792606435161072 1.914306743080202
-0.759579891031007 0.6860298277433857 1.910950546600896
-0.7350773139009744 0.6927990119706643 1.9075943501215897
-0.710574736770942 0.6995681961979429 1.9042381536422837
-0.6860721596409094 0.7063373804252214 1.9008819571629776
-0.6615695825108769 0.7131065646525 1.8975257606836715
-0.6370670053808446 0.7198757488797786 1.8941695642043654
-0.6125644282508119 0.7266449331070571 1.8908133677250594
-0.5880618511207796 0.7334141173343357 1.887457171245753
-0.563559273990747 0.7401833015616143 1.884100974766447
-0.5390566968607146 0.7469524857888928 1.880744778287141
-0.5145541197306822 0.7537216700161714 1.8773885818078349
-0.49005154260064954 0.76049085424345 1.8740323853285288
-0.4655489654706172 0.7672600384707285 1.8706761888492227
-0.4410463883405847 0.7740292226980071 1.8673199923699164
-0.4165438112105522 0.7807984069252857 1.8639637958906103
-0.39204123408051966 0.7875675911525643 1.8606075994113043
-0.36753865695048715 0.7943367753798428 1.8572514029319982
-0.34303607982045475 0.8011059596071214 1.8538952064526921
-0.3185335026904223 0.8078751438344 1.850539009973386
-0.2940309255603898 0.8146443280616785 1.8471828134940798
-0.2695283484303573 0.8214135122889571 1.8438266170147737
-0.24502577130032477 0.8281826965162357 1.8404704205354676
-0.2205231941702924 0.8349518807435142 1.8371142240561615
-0.1960206170402599 0.8417210649707928 1.8337580275768555
-0.17151803991022738 0.8484902491980714 1.8304018310975492
-0.1470154627801949 0.8552594334253499 1.827045634618243
-0.12251288565016238 0.8620286176526285 1.823689438138937
-0.09801030852013 0.8687978018799071 1.820333241659631
-0.0735077313900975 0.8755669861071856 1.8169770451803249
-0.049005154260065 0.8823361703344642 1.8136208487010188
-0.0245025771300325 0.8891053545617428 1.8102646522217125
0.0 0.8958745387890213 1.8069084557424064
-0.9556005080712667 0.6412083803708762 1.9566220815159951
-0.9310979309412343 0.6479775645981548 1.953265885036689
-0.9065953538112017 0.6547467488254334 1.949909688557383
-0.8820927766811694 0.661515933052712 1.946553492078077
-0.8575901995511368 0.6682851172799905 1.9431972955987709
-0.8330876224211043 0.6750543015072691 1.9398410991194648
-0.8085850452910719 0.6818234857345477 1.9364849026401585
-0.7840824681610393 0.6885926699618263 1.9331287061608524
-0.759579891031007 0.6953618541891048 1.9297725096815463
-0.7350773139009744 0.7021310384163834 1.9264163132022403
-0.710574736770942 0.7089002226436619 1.9230601167229342
-0.6860721596409094 0.7156694068709406 1.9197039202436281
-0.6615695825108769 0.7224385910982192 1.9163477237643218
-0.6370670053808446 0.7292077753254976 1.9129915272850158
-0.6125644282508119 0.7359769595527763 1.9096353308057097
-0.5880618511207796 0.7427461437800548 1.9062791343264036
-0.563559273990747 0.7495153280073334 1.9029229378470975
-0.5390566968607146 0.756284512234612 1.8995667413677912
-0.5145541197306822 0.7630536964618905 1.8962105448884852
-0.49005154260064954 0.7698228806891692 1.892854348409179
-0.4655489654706172 0.7765920649164477 1.889498151929873
-0.4410463883405847 0.7833612491437263 1.886141955450567
-0.4165438112105522 0.7901304333710049 1.8827857589712609
-0.39204123408051966 0.7968996175982834 1.8794295624919546
-0.36753865695048715 0.803668801825562 1.8760733660126485
-0.34303607982045475 0.8104379860528406 1.8727171695333424
-0.3185335026904223 0.8172071702801191 1.8693609730540364
-0.2940309255603898 0.8239763545073977 1.8660047765747303
-0.2695283484303573 0.8307455387346763 1.8626485800954242
-0.24502577130032477 0.8375147229619548 1.859292383616118
-0.2205231941702924 0.8442839071892334 1.8559361871368119
-0.1960206170402599 0.851053091416512 1.8525799906575058
-0.17151803991022738 0.8578222756437905 1.8492237941781997
-0.1470154627801949 0.8645914598710691 1.8458675976988936
-0.12251288565016238 0.8713606440983477 1.8425114012195873
-0.09801030852013 0.8781298283256262 1.8391552047402813
-0.0735077313900975 0.8848990125529048 1.8357990082609752
-0.049005154260065 0.8916681967801834 1.8324428117816691
-0.0245025771300325 0.898437381007462 1.829086615302363
0.0 0.9052065652347405 1.825730418823057
-0.9556005080712667 0.6505404068165952 1.9754440445966452
-0.9310979309412343 0.6573095910438738 1.9720878481173392
-0.9065953538112017 0.6640787752711523 1.968731651638033
-0.8820927766811694 0.6708479594984309 1.9653754551587268
-0.8575901995511368 0.6776171437257095 1.9620192586794207
-0.8330876224211043 0.684386327952988 1.9586630622001147
-0.8085850452910719 0.6911555121802666 1.9553068657208086
-0.7840824681610393 0.6979246964075453 1.9519506692415025
-0.759579891031007 0.7046938806348237 1.9485944727621964
-0.7350773139009744 0.7114630648621023 1.9452382762828901
-0.710574736770942 0.7182322490893809 1.941882079803584
-0.6860721596409094 0.7250014333166596 1.938525883324278
-0.6615695825108769 0.7317706175439381 1.935169686844972
-0.6370670053808446 0.7385398017712166 1.9318134903656659
-0.6125644282508119 0.7453089859984953 1.9284572938863598
-0.5880618511207796 0.7520781702257737 1.9251010974070535
-0.563559273990747 0.7588473544530524 1.9217449009277474
-0.5390566968607146 0.765616538680331 1.9183887044484413
-0.5145541197306822 0.7723857229076094 1.9150325079691353
-0.49005154260064954 0.7791549071348881 1.9116763114898292
-0.4655489654706172 0.7859240913621667 1.9083201150105231
-0.4410463883405847 0.7926932755894452 1.9049639185312168
-0.4165438112105522 0.7994624598167238 1.9016077220519108
-0.39204123408051966 0.8062316440440024 1.8982515255726047
-0.36753865695048715 0.813000828271281 1.8948953290932986
-0.34303607982045475 0.8197700124985594 1.8915391326139925
-0.3185335026904223 0.8265391967258381 1.8881829361346862
-0.2940309255603898 0.8333083809531167 1.8848267396553802
-0.2695283484303573 0.8400775651803952 1.881470543176074
-0.24502577130032477 0.8468467494076738 1.878114346696768
-0.2205231941702924 0.8536159336349524 1.874758150217462
-0.1960206170402599 0.8603851178622309 1.8714019537381559
-0.17151803991022738 0.8671543020895095 1.8680457572588496
-0.1470154627801949 0.8739234863167881 1.8646895607795435
-0.12251288565016238 0.8806926705440666 1.8613333643002374
-0.09801030852013 0.8874618547713452 1.8579771678209314
-0.0735077313900975 0.8942310389986238 1.8546209713416253
-0.049005154260065 0.9010002232259023 1.8512647748623192
-0.0245025771300325 0.9077694074531809 1.847908578383013
0.0 0.9145385916804595 1.8445523819037069
-0.9556005080712667 0.6598724332623142 1.9942660076772953
-0.9310979309412343 0.6666416174895927 1.990909811197989
-0.9065953538112017 0.6734108017168713 1.987553614718683
-0.8820927766811694 0.6801799859441499 1.984197418239377
-0.8575901995511368 0.6869491701714284 1.9808412217600708
-0.8330876224211043 0.693718354398707 1.9774850252807648
-0.8085850452910719 0.7004875386259856 1.9741288288014585
-0.7840824681610393 0.7072567228532641 1.9707726323221524
-0.759579891031007 0.7140259070805427 1.9674164358428463
-0.7350773139009744 0.7207950913078213 1.9640602393635402
-0.710574736770942 0.7275642755350998 1.9607040428842342
-0.6860721596409094 0.7343334597623784 1.957347846404928
-0.6615695825108769 0.741102643989657 1.9539916499256218
-0.6370670053808446 0.7478718282169355 1.9506354534463157
-0.6125644282508119 0.7546410124442141 1.9472792569670097
-0.5880618511207796 0.7614101966714927 1.9439230604877036
-0.563559273990747 0.7681793808987712 1.9405668640083975
-0.5390566968607146 0.7749485651260498 1.9372106675290914
-0.5145541197306822 0.7817177493533284 1.9338544710497851
-0.49005154260064954 0.788486933580607 1.930498274570479
-0.4655489654706172 0.7952561178078855 1.927142078091173
-0.4410463883405847 0.8020253020351641 1.923785881611867
-0.4165438112105522 0.8087944862624427 1.9204296851325608
-0.39204123408051966 0.8155636704897213 1.9170734886532548
-0.36753865695048715 0.8223328547169999 1.9137172921739485
-0.34303607982045475 0.8291020389442784 1.9103610956946424
-0.3185335026904223 0.8358712231715569 1.9070048992153363
-0.2940309255603898 0.8426404073988355 1.9036487027360303
-0.2695283484303573 0.8494095916261142 1.9002925062567242
-0.24502577130032477 0.8561787758533927 1.8969363097774181
-0.2205231941702924 0.8629479600806712 1.8935801132981118
-0.1960206170402599 0.8697171443079498 1.8902239168188057
-0.17151803991022738 0.8764863285352283 1.8868677203394997
-0.1470154627801949 0.883255512762507 1.8835115238601936
-0.12251288565016238 0.8900246969897856 1.8801553273808875
-0.09801030852013 0.896793881217064 1.8767991309015815
-0.0735077313900975 0.9035630654443426 1.8734429344222752
-0.049005154260065 0.9103322496716213 1.870086737942969
-0.0245025771300325 0.9171014338988999 1.866730541463663
0.0 0.9238706181261784 1.863374344984357
-0.9556005080712667 0.6692044597080331 2.013087970757945
-0.9310979309412343 0.6759736439353117 2.009731774278639
-0.9065953538112017 0.6827428281625902 2.006375577799333
-0.8820927766811694 0.6895120123898688 2.0030193813200268
-0.8575901995511368 0.6962811966171474 1.9996631848407207
-0.8330876224211043 0.703050380844426 1.9963069883614146
-0.8085850452910719 0.7098195650717045 1.9929507918821086
-0.7840824681610393 0.7165887492989831 1.9895945954028025
-0.759579891031007 0.7233579335262617 1.9862383989234964
-0.7350773139009744 0.7301271177535402 1.9828822024441903
-0.710574736770942 0.7368963019808188 1.979526005964884
-0.6860721596409094 0.7436654862080974 1.976169809485578
-0.6615695825108769 0.7504346704353759 1.972813613006272
-0.6370670053808446 0.7572038546626545 1.9694574165269658
-0.6125644282508119 0.7639730388899331 1.9661012200476597
-0.5880618511207796 0.7707422231172116 1.9627450235683537
-0.563559273990747 0.7775114073444902 1.9593888270890474
-0.5390566968607146 0.7842805915717688 1.9560326306097413
-0.5145541197306822 0.7910497757990473 1.9526764341304352
-0.49005154260064954 0.7978189600263259 1.9493202376511292
-0.4655489654706172 0.8045881442536045 1.945964041171823
-0.4410463883405847 0.811357328480883 1.9426078446925168
-0.4165438112105522 0.8181265127081616 1.9392516482132107
-0.39204123408051966 0.8248956969354402 1.9358954517339046
-0.36753865695048715 0.8316648811627187 1.9325392552545986
-0.34303607982045475 0.8384340653899973 1.9291830587752925
-0.3185335026904223 0.8452032496172759 1.9258268622959864
-0.2940309255603898 0.8519724338445545 1.9224706658166801
-0.2695283484303573 0.858741618071833 1.919114469337374
-0.24502577130032477 0.8655108022991116 1.915758272858068
-0.2205231941702924 0.8722799865263902 1.912402076378762
-0.1960206170402599 0.8790491707536687 1.9090458798994558
-0.17151803991022738 0.8858183549809473 1.9056896834201498
-0.1470154627801949 0.8925875392082259 1.9023334869408435
-0.12251288565016238 0.8993567234355044 1.8989772904615374
-0.09801030852013 0.906125907662783 1.8956210939822313
-0.0735077313900975 0.9128950918900616 1.8922648975029253
-0.049005154260065 0.9196642761173401 1.8889087010236192
-0.0245025771300325 0.9264334603446187 1.8855525045443131
0.0 0.9332026445718974 1.8821963080650068
-0.9556005080712667 0.6785364861537521 2.031909933838595
-0.9310979309412343 0.6853056703810306 2.0285537373592892
-0.9065953538112017 0.6920748546083092 2.025197540879983
-0.8820927766811694 0.6988440388355878 2.021841344400677
-0.8575901995511368 0.7056132230628663 2.018485147921371
-0.8330876224211043 0.7123824072901449 2.0151289514420645
-0.8085850452910719 0.7191515915174235 2.0117727549627586
-0.7840824681610393 0.725920775744702 2.0084165584834524
-0.759579891031007 0.7326899599719806 2.0050603620041465
-0.7350773139009744 0.7394591441992592 2.00170416552484
-0.710574736770942 0.7462283284265377 1.9983479690455341
-0.6860721596409094 0.7529975126538163 1.994991772566228
-0.6615695825108769 0.7597666968810949 1.991635576086922
-0.6370670053808446 0.7665358811083735 1.988279379607616
-0.6125644282508119 0.773305065335652 1.9849231831283096
-0.5880618511207796 0.7800742495629306 1.9815669866490035
-0.563559273990747 0.7868434337902092 1.9782107901696975
-0.5390566968607146 0.7936126180174877 1.9748545936903914
-0.5145541197306822 0.8003818022447663 1.9714983972110853
-0.49005154260064954 0.8071509864720449 1.968142200731779
-0.4655489654706172 0.8139201706993234 1.964786004252473
-0.4410463883405847 0.820689354926602 1.961429807773167
-0.4165438112105522 0.8274585391538806 1.9580736112938608
-0.39204123408051966 0.8342277233811591 1.9547174148145547
-0.36753865695048715 0.8409969076084377 1.9513612183352487
-0.34303607982045475 0.8477660918357163 1.9480050218559424
-0.3185335026904223 0.8545352760629948 1.9446488253766363
-0.2940309255603898 0.8613044602902734 1.9412926288973302
-0.2695283484303573 0.868073644517552 1.9379364324180242
-0.24502577130032477 0.8748428287448305 1.934580235938718
-0.2205231941702924 0.8816120129721091 1.931224039459412
-0.1960206170402599 0.8883811971993877 1.9278678429801057
-0.17151803991022738 0.8951503814266663 1.9245116465007996
-0.1470154627801949 0.9019195656539448 1.9211554500214936
-0.12251288565016238 0.9086887498812234 1.9177992535421875
-0.09801030852013 0.915457934108502 1.9144430570628814
-0.0735077313900975 0.9222271183357805 1.9110868605835754
-0.049005154260065 0.9289963025630591 1.907730664104269
-0.0245025771300325 0.9357654867903377 1.904374467624963
0.0 0.9425346710176162 1.901018271145657
-0.9556005080712667 0.6878685125994712 2.050731896919246
-0.9310979309412343 0.6946376968267498 2.0473757004399395
-0.9065953538112017 0.7014068810540284 2.0440195039606333
-0.8820927766811694 0.7081760652813069 2.0406633074813274
-0.8575901995511368 0.7149452495085855 2.037307111002021
-0.8330876224211043 0.7217144337358641 2.0339509145227153
-0.8085850452910719 0.7284836179631426 2.030594718043409
-0.7840824681610393 0.7352528021904212 2.0272385215641027
-0.759579891031007 0.7420219864176998 2.023882325084797
-0.7350773139009744 0.7487911706449784 2.0205261286054905
-0.710574736770942 0.7555603548722569 2.0171699321261847
-0.6860721596409094 0.7623295390995355 2.0138137356468784
-0.6615695825108769 0.7690987233268141 2.0104575391675725
-0.6370670053808446 0.7758679075540926 2.0071013426882662
-0.6125644282508119 0.7826370917813712 2.00374514620896
-0.5880618511207796 0.7894062760086498 2.000388949729654
-0.563559273990747 0.7961754602359283 1.9970327532503478
-0.5390566968607146 0.8029446444632069 1.9936765567710417
-0.5145541197306822 0.8097138286904855 1.9903203602917356
-0.49005154260064954 0.816483012917764 1.9869641638124296
-0.4655489654706172 0.8232521971450426 1.9836079673331235
-0.4410463883405847 0.8300213813723212 1.9802517708538172
-0.4165438112105522 0.8367905655995997 1.9768955743745111
-0.39204123408051966 0.8435597498268783 1.973539377895205
-0.36753865695048715 0.8503289340541569 1.970183181415899
-0.34303607982045475 0.8570981182814355 1.966826984936593
-0.3185335026904223 0.863867302508714 1.9634707884572868
-0.2940309255603898 0.8706364867359926 1.9601145919779805
-0.2695283484303573 0.8774056709632712 1.9567583954986745
-0.24502577130032477 0.8841748551905497 1.9534021990193684
-0.2205231941702924 0.8909440394178283 1.9500460025400623
-0.1960206170402599 0.8977132236451069 1.9466898060607563
-0.17151803991022738 0.9044824078723854 1.9433336095814502
-0.1470154627801949 0.911251592099664 1.9399774131021439
-0.12251288565016238 0.9180207763269426 1.9366212166228378
-0.09801030852013 0.9247899605542211 1.9332650201435317
-0.0735077313900975 0.9315591447814997 1.9299088236642257
-0.049005154260065 0.9383283290087783 1.9265526271849196
-0.0245025771300325 0.9450975132360568 1.9231964307056135
0.0 0.9518666974633354 1.9198402342263072
-0.9556005080712667 0.6972005390451901 2.0695538599998957
-0.9310979309412343 0.7039697232724687 2.0661976635205894
-0.9065953538112017 0.7107389074997472 2.0628414670412836
-0.8820927766811694 0.7175080917270258 2.0594852705619773
-0.8575901995511368 0.7242772759543044 2.056129074082671
-0.8330876224211043 0.7310464601815829 2.052772877603365
-0.8085850452910719 0.7378156444088615 2.049416681124059
-0.7840824681610393 0.7445848286361402 2.046060484644753
-0.759579891031007 0.7513540128634186 2.0427042881654467
-0.7350773139009744 0.7581231970906972 2.039348091686141
-0.710574736770942 0.7648923813179758 2.0359918952068345
-0.6860721596409094 0.7716615655452544 2.0326356987275283
-0.6615695825108769 0.778430749772533 2.0292795022482224
-0.6370670053808446 0.7851999339998115 2.025923305768916
-0.6125644282508119 0.7919691182270902 2.0225671092896103
-0.5880618511207796 0.7987383024543686 2.019210912810304
-0.563559273990747 0.8055074866816473 2.0158547163309977
-0.5390566968607146 0.8122766709089259 2.012498519851692
-0.5145541197306822 0.8190458551362043 2.0091423233723855
-0.49005154260064954 0.825815039363483 2.0057861268930797
-0.4655489654706172 0.8325842235907616 2.0024299304137734
-0.4410463883405847 0.8393534078180401 1.9990737339344673
-0.4165438112105522 0.8461225920453187 1.9957175374551612
-0.39204123408051966 0.8528917762725973 1.9923613409758552
-0.36753865695048715 0.8596609604998758 1.9890051444965489
-0.34303607982045475 0.8664301447271544 1.9856489480172428
-0.3185335026904223 0.873199328954433 1.9822927515379367
-0.2940309255603898 0.8799685131817115 1.9789365550586306
-0.2695283484303573 0.8867376974089901 1.9755803585793246
-0.24502577130032477 0.8935068816362687 1.9722241621000185
-0.2205231941702924 0.9002760658635472 1.9688679656207122
-0.1960206170402599 0.9070452500908258 1.9655117691414061
-0.17151803991022738 0.9138144343181044 1.9621555726621
-0.1470154627801949 0.920583618545383 1.958799376182794
-0.12251288565016238 0.9273528027726615 1.955443179703488
-0.09801030852013 0.9341219869999401 1.9520869832241818
-0.0735077313900975 0.9408911712272187 1.9487307867448755
-0.049005154260065 0.9476603554544972 1.9453745902655695
-0.0245025771300325 0.9544295396817758 1.9420183937862634
0.0 0.9611987239090544 1.9386621973069573
-0.9556005080712667 0.706532565490909 2.0883758230805456
-0.9310979309412343 0.7133017497181876 2.0850196266012397
-0.9065953538112017 0.7200709339454662 2.0816634301219334
-0.8820927766811694 0.7268401181727447 2.078307233642627
-0.8575901995511368 0.7336093024000233 2.0749510371633213
-0.8330876224211043 0.7403784866273019 2.071594840684015
-0.8085850452910719 0.7471476708545804 2.068238644204709
-0.7840824681610393 0.753916855081859 2.064882447725403
-0.759579891031007 0.7606860393091376 2.0615262512460966
-0.7350773139009744 0.7674552235364162 2.0581700547667907
-0.710574736770942 0.7742244077636947 2.0548138582874844
-0.6860721596409094 0.7809935919909733 2.0514576618081786
-0.6615695825108769 0.7877627762182519 2.0481014653288723
-0.6370670053808446 0.7945319604455304 2.0447452688495664
-0.6125644282508119 0.801301144672809 2.04138907237026
-0.5880618511207796 0.8080703289000876 2.038032875890954
-0.563559273990747 0.8148395131273661 2.034676679411648
-0.5390566968607146 0.8216086973546447 2.0313204829323417
-0.5145541197306822 0.8283778815819233 2.027964286453036
-0.49005154260064954 0.8351470658092018 2.0246080899737295
-0.4655489654706172 0.8419162500364804 2.0212518934944232
-0.4410463883405847 0.848685434263759 2.0178956970151174
-0.4165438112105522 0.8554546184910375 2.014539500535811
-0.39204123408051966 0.8622238027183162 2.0111833040565052
-0.36753865695048715 0.8689929869455948 2.007827107577199
-0.34303607982045475 0.8757621711728732 2.0044709110978927
-0.3185335026904223 0.8825313554001518 2.001114714618587
-0.2940309255603898 0.8893005396274304 1.9977585181392807
-0.2695283484303573 0.8960697238547091 1.9944023216599744
-0.24502577130032477 0.9028389080819876 1.9910461251806684
-0.2205231941702924 0.9096080923092661 1.9876899287013623
-0.1960206170402599 0.9163772765365448 1.9843337322220562
-0.17151803991022738 0.9231464607638233 1.9809775357427502
-0.1470154627801949 0.9299156449911019 1.977621339263444
-0.12251288565016238 0.9366848292183805 1.9742651427841378
-0.09801030852013 0.9434540134456589 1.9709089463048317
-0.0735077313900975 0.9502231976729376 1.9675527498255256
-0.049005154260065 0.9569923819002162 1.9641965533462196
-0.0245025771300325 0.9637615661274948 1.9608403568669135
0.0 0.9705307503547733 1.9574841603876072
-0.9556005080712667 0.715864591936628 2.1071977861611955
-0.9310979309412343 0.7226337761639066 2.1038415896818896
-0.9065953538112017 0.7294029603911851 2.1004853932025833
-0.8820927766811694 0.7361721446184637 2.0971291967232775
-0.8575901995511368 0.7429413288457423 2.093773000243971
-0.8330876224211043 0.7497105130730208 2.090416803764665
-0.8085850452910719 0.7564796973002994 2.087060607285359
-0.7840824681610393 0.763248881527578 2.0837044108060527
-0.759579891031007 0.7700180657548565 2.080348214326747
-0.7350773139009744 0.7767872499821351 2.0769920178474406
-0.710574736770942 0.7835564342094137 2.0736358213681347
-0.6860721596409094 0.7903256184366922 2.0702796248888284
-0.6615695825108769 0.7970948026639708 2.066923428409522
-0.6370670053808446 0.8038639868912494 2.0635672319302163
-0.6125644282508119 0.810633171118528 2.06021103545091
-0.5880618511207796 0.8174023553458065 2.056854838971604
-0.563559273990747 0.8241715395730851 2.053498642492298
-0.5390566968607146 0.8309407238003637 2.0501424460129916
-0.5145541197306822 0.8377099080276422 2.0467862495336857
-0.49005154260064954 0.8444790922549208 2.0434300530543794
-0.4655489654706172 0.8512482764821994 2.0400738565750736
-0.4410463883405847 0.8580174607094779 2.0367176600957673
-0.4165438112105522 0.8647866449367565 2.033361463616461
-0.39204123408051966 0.8715558291640351 2.030005267137155
-0.36753865695048715 0.8783250133913136 2.026649070657849
-0.34303607982045475 0.8850941976185922 2.023292874178543
-0.3185335026904223 0.8918633818458708 2.0199366776992367
-0.2940309255603898 0.8986325660731493 2.016580481219931
-0.2695283484303573 0.9054017503004279 2.0132242847406245
-0.24502577130032477 0.9121709345277065 2.0098680882613182
-0.2205231941702924 0.918940118754985 2.0065118917820124
-0.1960206170402599 0.9257093029822636 2.003155695302706
-0.17151803991022738 0.9324784872095422 1.9997994988234
-0.1470154627801949 0.9392476714368208 1.996443302344094
-0.12251288565016238 0.9460168556640994 1.9930871058647879
-0.09801030852013 0.9527860398913779 1.9897309093854818
-0.0735077313900975 0.9595552241186565 1.9863747129061757
-0.049005154260065 0.966324408345935 1.9830185164268694
-0.0245025771300325 0.9730935925732137 1.9796623199475634
0.0 0.9798627768004923 1.9763061234682573
-0.9556005080712667 0.725196618382347 2.126019749241846
-0.9310979309412343 0.7319658026096255 2.1226635527625395
-0.9065953538112017 0.7387349868369041 2.1193073562832336
-0.8820927766811694 0.7455041710641827 2.1159511598039273
-0.8575901995511368 0.7522733552914612 2.112594963324621
-0.8330876224211043 0.7590425395187398 2.109238766845315
-0.8085850452910719 0.7658117237460184 2.105882570366009
-0.7840824681610393 0.7725809079732969 2.102526373886703
-0.759579891031007 0.7793500922005755 2.0991701774073968
-0.7350773139009744 0.7861192764278541 2.0958139809280905
-0.710574736770942 0.7928884606551326 2.0924577844487846
-0.6860721596409094 0.7996576448824112 2.0891015879694783
-0.6615695825108769 0.8064268291096898 2.0857453914901725
-0.6370670053808446 0.8131960133369683 2.082389195010866
-0.6125644282508119 0.8199651975642469 2.07903299853156
-0.5880618511207796 0.8267343817915255 2.075676802052254
-0.563559273990747 0.833503566018804 2.0723206055729477
-0.5390566968607146 0.8402727502460826 2.068964409093642
-0.5145541197306822 0.8470419344733612 2.0656082126143356
-0.49005154260064954 0.8538111187006397 2.0622520161350297
-0.4655489654706172 0.8605803029279183 2.0588958196557234
-0.4410463883405847 0.8673494871551969 2.055539623176417
-0.4165438112105522 0.8741186713824755 2.0521834266971113
-0.39204123408051966 0.880887855609754 2.048827230217805
-0.36753865695048715 0.8876570398370326 2.045471033738499
-0.34303607982045475 0.8944262240643112 2.042114837259193
-0.3185335026904223 0.9011954082915897 2.0387586407798866
-0.2940309255603898 0.9079645925188683 2.0354024443005807
-0.2695283484303573 0.9147337767461469 2.0320462478212744
-0.24502577130032477 0.9215029609734254 2.0286900513419686
-0.2205231941702924 0.928272145200704 2.0253338548626623
-0.1960206170402599 0.9350413294279826 2.0219776583833564
-0.17151803991022738 0.9418105136552611 2.01862146190405
-0.1470154627801949 0.9485796978825397 2.015265265424744
-0.12251288565016238 0.9553488821098183 2.011909068945438
-0.09801030852013 0.9621180663370968 2.0085528724661317
-0.0735077313900975 0.9688872505643754 2.005196675986826
-0.049005154260065 0.975656434791654 2.0018404795075195
-0.0245025771300325 0.9824256190189325 1.9984842830282135
0.0 0.9891948032462111 1.9951280865489074
-0.9556005080712667 0.7345286448280659 2.1448417123224957
-0.9310979309412343 0.7412978290553445 2.1414855158431894
-0.9065953538112017 0.748067013282623 2.1381293193638835
-0.8820927766811694 0.7548361975099016 2.134773122884577
-0.8575901995511368 0.7616053817371802 2.1314169264052714
-0.8330876224211043 0.7683745659644587 2.128060729925965
-0.8085850452910719 0.7751437501917373 2.1247045334466588
-0.7840824681610393 0.7819129344190159 2.121348336967353
-0.759579891031007 0.7886821186462944 2.1179921404880466
-0.7350773139009744 0.795451302873573 2.1146359440087408
-0.710574736770942 0.8022204871008516 2.1112797475294345
-0.6860721596409094 0.8089896713281302 2.1079235510501286
-0.6615695825108769 0.8157588555554087 2.1045673545708223
-0.6370670053808446 0.8225280397826873 2.101211158091516
-0.6125644282508119 0.8292972240099659 2.09785496161221
-0.5880618511207796 0.8360664082372444 2.094498765132904
-0.563559273990747 0.842835592464523 2.091142568653598
-0.5390566968607146 0.8496047766918016 2.0877863721742917
-0.5145541197306822 0.8563739609190801 2.0844301756949855
-0.49005154260064954 0.8631431451463587 2.0810739792156796
-0.4655489654706172 0.8699123293736373 2.0777177827363733
-0.4410463883405847 0.8766815136009158 2.0743615862570675
-0.4165438112105522 0.8834506978281944 2.071005389777761
-0.39204123408051966 0.890219882055473 2.067649193298455
-0.36753865695048715 0.8969890662827515 2.064292996819149
-0.34303607982045475 0.9037582505100301 2.0609368003398427
-0.3185335026904223 0.9105274347373087 2.057580603860537
-0.2940309255603898 0.9172966189645873 2.0542244073812306
-0.2695283484303573 0.9240658031918658 2.0508682109019247
-0.24502577130032477 0.9308349874191444 2.0475120144226184
-0.2205231941702924 0.937604171646423 2.044155817943312
-0.1960206170402599 0.9443733558737015 2.0407996214640063
-0.17151803991022738 0.9511425401009801 2.0374434249847
-0.1470154627801949 0.9579117243282587 2.034087228505394
-0.12251288565016238 0.9646809085555372 2.030731032026088
-0.09801030852013 0.9714500927828158 2.0273748355467816
-0.0735077313900975 0.9782192770100944 2.0240186390674757
-0.049005154260065 0.9849884612373729 2.0206624425881694
-0.0245025771300325 0.9917576454646515 2.0173062461088636
0.0 0.9985268296919301 2.0139500496295573
-0.9556005080712667 0.743860671273785 2.163663675403146
-0.9310979309412343 0.7506298555010635 2.16030747892384
-0.9065953538112017 0.7573990397283421 2.156951282444534
-0.8820927766811694 0.7641682239556207 2.1535950859652275
-0.8575901995511368 0.7709374081828992 2.1502388894859217
-0.8330876224211043 0.7777065924101778 2.1468826930066154
-0.8085850452910719 0.7844757766374564 2.1435264965273095
-0.7840824681610393 0.7912449608647351 2.1401703000480032
-0.759579891031007 0.7980141450920135 2.136814103568697
-0.7350773139009744 0.8047833293192921 2.133457907089391
-0.710574736770942 0.8115525135465707 2.130101710610085
-0.6860721596409094 0.8183216977738493 2.126745514130779
-0.6615695825108769 0.8250908820011279 2.1233893176514727
-0.6370670053808446 0.8318600662284064 2.120033121172167
-0.6125644282508119 0.838629250455685 2.1166769246928605
-0.5880618511207796 0.8453984346829635 2.113320728213554
-0.563559273990747 0.8521676189102422 2.1099645317342484
-0.5390566968607146 0.8589368031375207 2.106608335254942
-0.5145541197306822 0.8657059873647992 2.103252138775636
-0.49005154260064954 0.8724751715920779 2.09989594229633
-0.4655489654706172 0.8792443558193564 2.0965397458170236
-0.4410463883405847 0.886013540046635 2.0931835493377178
-0.4165438112105522 0.8927827242739136 2.0898273528584115
-0.39204123408051966 0.8995519085011922 2.0864711563791056
-0.36753865695048715 0.9063210927284707 2.0831149598997993
-0.34303607982045475 0.9130902769557493 2.0797587634204935
-0.3185335026904223 0.9198594611830279 2.076402566941187
-0.2940309255603898 0.9266286454103064 2.073046370461881
-0.2695283484303573 0.933397829637585 2.069690173982575
-0.24502577130032477 0.9401670138648636 2.0663339775032687
-0.2205231941702924 0.9469361980921421 2.062977781023963
-0.1960206170402599 0.9537053823194207 2.0596215845446566
-0.17151803991022738 0.9604745665466993 2.0562653880653503
-0.1470154627801949 0.9672437507739778 2.0529091915860445
-0.12251288565016238 0.9740129350012564 2.049552995106738
-0.09801030852013 0.980782119228535 2.0461967986274323
-0.0735077313900975 0.9875513034558135 2.042840602148126
-0.049005154260065 0.9943204876830921 2.0394844056688197
-0.0245025771300325 1.0010896719103706 2.036128209189514
0.0 1.0078588561376491 2.0327720127102076
-0.9556005080712667 0.7531926977195039 2.182485638483796
-0.9310979309412343 0.7599618819467825 2.17912944200449
-0.9065953538112017 0.7667310661740611 2.1757732455251837
-0.8820927766811694 0.7735002504013396 2.172417049045878
-0.8575901995511368 0.7802694346286182 2.1690608525665716
-0.8330876224211043 0.7870386188558968 2.1657046560872657
-0.8085850452910719 0.7938078030831753 2.1623484596079594
-0.7840824681610393 0.800576987310454 2.158992263128653
-0.759579891031007 0.8073461715377325 2.1556360666493473
-0.7350773139009744 0.814115355765011 2.152279870170041
-0.710574736770942 0.8208845399922896 2.148923673690735
-0.6860721596409094 0.8276537242195683 2.145567477211429
-0.6615695825108769 0.8344229084468469 2.1422112807321225
-0.6370670053808446 0.8411920926741253 2.1388550842528167
-0.6125644282508119 0.847961276901404 2.1354988877735104
-0.5880618511207796 0.8547304611286825 2.1321426912942045
-0.563559273990747 0.8614996453559611 2.1287864948148982
-0.5390566968607146 0.8682688295832397 2.125430298335592
-0.5145541197306822 0.8750380138105182 2.122074101856286
-0.49005154260064954 0.8818071980377968 2.11871790537698
-0.4655489654706172 0.8885763822650754 2.115361708897674
-0.4410463883405847 0.895345566492354 2.1120055124183676
-0.4165438112105522 0.9021147507196325 2.108649315939062
-0.39204123408051966 0.9088839349469111 2.1052931194597555
-0.36753865695048715 0.9156531191741897 2.101936922980449
-0.34303607982045475 0.9224223034014681 2.0985807265011434
-0.3185335026904223 0.9291914876287468 2.095224530021837
-0.2940309255603898 0.9359606718560254 2.091868333542531
-0.2695283484303573 0.942729856083304 2.088512137063225
-0.24502577130032477 0.9494990403105825 2.0851559405839186
-0.2205231941702924 0.9562682245378611 2.0817997441046128
-0.1960206170402599 0.9630374087651397 2.0784435476253065
-0.17151803991022738 0.9698065929924182 2.0750873511460006
-0.1470154627801949 0.9765757772196968 2.0717311546666943
-0.12251288565016238 0.9833449614469754 2.0683749581873885
-0.09801030852013 0.9901141456742539 2.065018761708082
-0.0735077313900975 0.9968833299015325 2.061662565228776
-0.049005154260065 1.003652514128811 2.05830636874947
-0.0245025771300325 1.0104216983560896 2.0549501722701637
0.0 1.0171908825833682 2.051593975790858
-0.9556005080712667 0.7625247241652229 2.201307601564446
-0.9310979309412343 0.7692939083925014 2.19795140508514
-0.9065953538112017 0.77606309261978 2.194595208605834
-0.8820927766811694 0.7828322768470586 2.1912390121265277
-0.8575901995511368 0.7896014610743372 2.1878828156472214
-0.8330876224211043 0.7963706453016157 2.1845266191679156
-0.8085850452910719 0.8031398295288943 2.1811704226886093
-0.7840824681610393 0.8099090137561729 2.1778142262093034
-0.759579891031007 0.8166781979834514 2.174458029729997
-0.7350773139009744 0.82344738221073 2.171101833250691
-0.710574736770942 0.8302165664380086 2.167745636771385
-0.6860721596409094 0.8369857506652871 2.1643894402920787
-0.6615695825108769 0.8437549348925657 2.161033243812773
-0.6370670053808446 0.8505241191198443 2.1576770473334665
-0.6125644282508119 0.8572933033471228 2.1543208508541607
-0.5880618511207796 0.8640624875744014 2.1509646543748544
-0.563559273990747 0.87083167180168 2.147608457895548
-0.5390566968607146 0.8776008560289585 2.1442522614162423
-0.5145541197306822 0.8843700402562371 2.140896064936936
-0.49005154260064954 0.8911392244835157 2.13753986845763
-0.4655489654706172 0.8979084087107942 2.134183671978324
-0.4410463883405847 0.9046775929380728 2.1308274754990175
-0.4165438112105522 0.9114467771653514 2.1274712790197117
-0.39204123408051966 0.9182159613926301 2.1241150825404054
-0.36753865695048715 0.9249851456199086 2.1207588860610995
-0.34303607982045475 0.9317543298471871 2.1174026895817932
-0.3185335026904223 0.9385235140744657 2.1140464931024874
-0.2940309255603898 0.9452926983017442 2.110690296623181
-0.2695283484303573 0.9520618825290229 2.107334100143875
-0.24502577130032477 0.9588310667563015 2.103977903664569
-0.2205231941702924 0.9656002509835799 2.1006217071852626
-0.1960206170402599 0.9723694352108586 2.097265510705957
-0.17151803991022738 0.9791386194381372 2.0939093142266505
-0.1470154627801949 0.9859078036654157 2.090553117747344
-0.12251288565016238 0.9926769878926943 2.0871969212680384
-0.09801030852013 0.9994461721199728 2.083840724788732
-0.0735077313900975 1.0062153563472513 2.080484528309426
-0.049005154260065 1.01298454057453 2.07712833183012
-0.0245025771300325 1.0197537248018085 2.0737721353508136
0.0 1.026522909029087 2.0704159388715078
-0.9556005080712667 0.7718567506109418 2.220129564645096
-0.9310979309412343 0.7786259348382204 2.2167733681657897
-0.9065953538112017 0.785395119065499 2.213417171686484
-0.8820927766811694 0.7921643032927775 2.2100609752071776
-0.8575901995511368 0.7989334875200561 2.2067047787278717
-0.8330876224211043 0.8057026717473347 2.2033485822485654
-0.8085850452910719 0.8124718559746132 2.1999923857692596
-0.7840824681610393 0.8192410402018918 2.1966361892899533
-0.759579891031007 0.8260102244291704 2.193279992810647
-0.7350773139009744 0.832779408656449 2.189923796331341
-0.710574736770942 0.8395485928837275 2.186567599852035
-0.6860721596409094 0.8463177771110061 2.183211403372729
-0.6615695825108769 0.8530869613382847 2.1798552068934227
-0.6370670053808446 0.8598561455655632 2.1764990104141164
-0.6125644282508119 0.8666253297928418 2.1731428139348106
-0.5880618511207796 0.8733945140201204 2.1697866174555043
-0.563559273990747 0.8801636982473989 2.1664304209761984
-0.5390566968607146 0.8869328824746775 2.163074224496892
-0.5145541197306822 0.8937020667019561 2.1597180280175863
-0.49005154260064954 0.9004712509292346 2.15636183153828
-0.4655489654706172 0.9072404351565132 2.1530056350589737
-0.4410463883405847 0.9140096193837918 2.149649438579668
-0.4165438112105522 0.9207788036110703 2.1462932421003615
-0.39204123408051966 0.9275479878383489 2.1429370456210557
-0.36753865695048715 0.9343171720656275 2.1395808491417494
-0.34303607982045475 0.941086356292906 2.136224652662443
-0.3185335026904223 0.9478555405201846 2.1328684561831373
-0.2940309255603898 0.9546247247474632 2.129512259703831
-0.2695283484303573 0.9613939089747418 2.126156063224525
-0.24502577130032477 0.9681630932020203 2.122799866745219
-0.2205231941702924 0.9749322774292989 2.1194436702659125
-0.1960206170402599 0.9817014616565775 2.1160874737866067
-0.17151803991022738 0.988470645883856 2.1127312773073004
-0.1470154627801949 0.9952398301111346 2.1093750808279945
-0.12251288565016238 1.0020090143384133 2.1060188843486882
-0.09801030852013 1.0087781985656918 2.1026626878693824
-0.0735077313900975 1.0155473827929704 2.099306491390076
-0.049005154260065 1.022316567020249 2.09595029491077
-0.0245025771300325 1.0290857512475275 2.092594098431464
0.0 1.0358549354748061 2.0892379019521576
-0.9556005080712667 0.7811887770566608 2.238951527725746
-0.9310979309412343 0.7879579612839394 2.23559533124644
-0.9065953538112017 0.7947271455112179 2.2322391347671338
-0.8820927766811694 0.8014963297384965 2.228882938287828
-0.8575901995511368 0.8082655139657751 2.2255267418085216
-0.8330876224211043 0.8150346981930536 2.2221705453292153
-0.8085850452910719 0.8218038824203322 2.2188143488499095
-0.7840824681610393 0.8285730666476108 2.215458152370603
-0.759579891031007 0.8353422508748893 2.2121019558912973
-0.7350773139009744 0.8421114351021679 2.208745759411991
-0.710574736770942 0.8488806193294465 2.2053895629326847
-0.6860721596409094 0.855649803556725 2.202033366453379
-0.6615695825108769 0.8624189877840036 2.1986771699740726
-0.6370670053808446 0.8691881720112822 2.1953209734947667
-0.6125644282508119 0.8759573562385607 2.1919647770154604
-0.5880618511207796 0.8827265404658393 2.1886085805361546
-0.563559273990747 0.8894957246931179 2.1852523840568483
-0.5390566968607146 0.8962649089203965 2.181896187577542
-0.5145541197306822 0.903034093147675 2.178539991098236
-0.49005154260064954 0.9098032773749536 2.17518379461893
-0.4655489654706172 0.9165724616022322 2.171827598139624
-0.4410463883405847 0.9233416458295107 2.1684714016603177
-0.4165438112105522 0.9301108300567893 2.1651152051810114
-0.39204123408051966 0.9368800142840679 2.1617590087017056
-0.36753865695048715 0.9436491985113464 2.1584028122223993
-0.34303607982045475 0.950418382738625 2.1550466157430934
-0.3185335026904223 0.9571875669659036 2.151690419263787
-0.2940309255603898 0.9639567511931821 2.148334222784481
-0.2695283484303573 0.9707259354204607 2.144978026305175
-0.24502577130032477 0.9774951196477393 2.1416218298258687
-0.2205231941702924 0.9842643038750178 2.138265633346563
-0.1960206170402599 0.9910334881022964 2.1349094368672565
-0.17151803991022738 0.997802672329575 2.1315532403879507
-0.1470154627801949 1.0045718565568535 2.1281970439086444
-0.12251288565016238 1.0113410407841321 2.124840847429338
-0.09801030852013 1.0181102250114107 2.1214846509500322
-0.0735077313900975 1.0248794092386893 2.118128454470726
-0.049005154260065 1.0316485934659678 2.11477225799142
-0.0245025771300325 1.0384177776932464 2.111416061512114
0.0 1.045186961920525 2.1080598650328075
-0.9556005080712667 0.7905208035023797 2.257773490806396
-0.9310979309412343 0.7972899877296583 2.25441729432709
-0.9065953538112017 0.8040591719569369 2.2510610978477836
-0.8820927766811694 0.8108283561842154 2.247704901368478
-0.8575901995511368 0.817597540411494 2.2443487048891715
-0.8330876224211043 0.8243667246387726 2.2409925084098656
-0.8085850452910719 0.8311359088660512 2.2376363119305593
-0.7840824681610393 0.8379050930933297 2.234280115451253
-0.759579891031007 0.8446742773206083 2.230923918971947
-0.7350773139009744 0.8514434615478869 2.227567722492641
-0.710574736770942 0.8582126457751654 2.224211526013335
-0.6860721596409094 0.864981830002444 2.2208553295340288
-0.6615695825108769 0.8717510142297226 2.217499133054723
-0.6370670053808446 0.8785201984570011 2.2141429365754166
-0.6125644282508119 0.8852893826842797 2.2107867400961103
-0.5880618511207796 0.8920585669115583 2.2074305436168045
-0.563559273990747 0.8988277511388368 2.204074347137498
-0.5390566968607146 0.9055969353661154 2.2007181506581923
-0.5145541197306822 0.912366119593394 2.197361954178886
-0.49005154260064954 0.9191353038206725 2.1940057576995797
-0.4655489654706172 0.9259044880479511 2.190649561220274
-0.4410463883405847 0.9326736722752297 2.1872933647409676
-0.4165438112105522 0.9394428565025083 2.1839371682616617
-0.39204123408051966 0.9462120407297868 2.1805809717823554
-0.36753865695048715 0.9529812249570654 2.1772247753030496
-0.34303607982045475 0.959750409184344 2.1738685788237433
-0.3185335026904223 0.9665195934116225 2.170512382344437
-0.2940309255603898 0.9732887776389011 2.167156185865131
-0.2695283484303573 0.9800579618661797 2.163799989385825
-0.24502577130032477 0.9868271460934582 2.160443792906519
-0.2205231941702924 0.9935963303207368 2.1570875964272127
-0.1960206170402599 1.0003655145480155 2.1537313999479064
-0.17151803991022738 1.007134698775294 2.1503752034686006
-0.1470154627801949 1.0139038830025726 2.1470190069892943
-0.12251288565016238 1.0206730672298512 2.1436628105099884
-0.09801030852013 1.0274422514571298 2.140306614030682
-0.0735077313900975 1.0342114356844083 2.1369504175513763
-0.049005154260065 1.0409806199116869 2.13359422107207
-0.0245025771300325 1.0477498041389655 2.1302380245927637
0.0 1.054518988366244 2.126881828113458
-0.9556005080712667 0.7998528299480988 2.2765954538870465
-0.9310979309412343 0.8066220141753774 2.2732392574077402
-0.9065953538112017 0.813391198402656 2.2698830609284344
-0.8820927766811694 0.8201603826299345 2.266526864449128
-0.8575901995511368 0.8269295668572131 2.263170667969822
-0.8330876224211043 0.8336987510844917 2.259814471490516
-0.8085850452910719 0.8404679353117702 2.2564582750112097
-0.7840824681610393 0.8472371195390489 2.253102078531904
-0.759579891031007 0.8540063037663274 2.2497458820525975
-0.7350773139009744 0.8607754879936059 2.2463896855732917
-0.710574736770942 0.8675446722208845 2.2430334890939854
-0.6860721596409094 0.8743138564481632 2.239677292614679
-0.6615695825108769 0.8810830406754417 2.236321096135373
-0.6370670053808446 0.8878522249027202 2.232964899656067
-0.6125644282508119 0.8946214091299989 2.229608703176761
-0.5880618511207796 0.9013905933572773 2.226252506697455
-0.563559273990747 0.908159777584556 2.2228963102181485
-0.5390566968607146 0.9149289618118346 2.2195401137388426
-0.5145541197306822 0.921698146039113 2.2161839172595363
-0.49005154260064954 0.9284673302663917 2.2128277207802305
-0.4655489654706172 0.9352365144936703 2.209471524300924
-0.4410463883405847 0.9420056987209489 2.206115327821618
-0.4165438112105522 0.9487748829482274 2.202759131342312
-0.39204123408051966 0.955544067175506 2.1994029348630058
-0.36753865695048715 0.9623132514027846 2.1960467383837
-0.34303607982045475 0.9690824356300631 2.1926905419043936
-0.3185335026904223 0.9758516198573417 2.1893343454250878
-0.2940309255603898 0.9826208040846203 2.1859781489457815
-0.2695283484303573 0.9893899883118988 2.182621952466475
-0.24502577130032477 0.9961591725391774 2.1792657559871693
-0.2205231941702924 1.002928356766456 2.175909559507863
-0.1960206170402599 1.0096975409937345 2.172553363028557
-0.17151803991022738 1.0164667252210131 2.169197166549251
-0.1470154627801949 1.0232359094482917 2.1658409700699446
-0.12251288565016238 1.0300050936755702 2.1624847735906387
-0.09801030852013 1.0367742779028488 2.1591285771113324
-0.0735077313900975 1.0435434621301274 2.1557723806320266
-0.049005154260065 1.050312646357406 2.1524161841527203
-0.0245025771300325 1.0570818305846845 2.1490599876734144
0.0 1.063851014811963 2.145703791194108
-0.9556005080712667 0.8091848563938178 2.2954174169676964
-0.9310979309412343 0.8159540406210963 2.2920612204883906
-0.9065953538112017 0.8227232248483749 2.2887050240090843
-0.8820927766811694 0.8294924090756535 2.285348827529778
-0.8575901995511368 0.836261593302932 2.281992631050472
-0.8330876224211043 0.8430307775302106 2.278636434571166
-0.8085850452910719 0.8497999617574892 2.27528023809186
-0.7840824681610393 0.8565691459847679 2.2719240416125537
-0.759579891031007 0.8633383302120463 2.2685678451332474
-0.7350773139009744 0.8701075144393249 2.2652116486539415
-0.710574736770942 0.8768766986666034 2.2618554521746352
-0.6860721596409094 0.8836458828938821 2.2584992556953294
-0.6615695825108769 0.8904150671211607 2.255143059216023
-0.6370670053808446 0.8971842513484392 2.251786862736717
-0.6125644282508119 0.9039534355757178 2.248430666257411
-0.5880618511207796 0.9107226198029963 2.2450744697781047
-0.563559273990747 0.917491804030275 2.241718273298799
-0.5390566968607146 0.9242609882575535 2.2383620768194925
-0.5145541197306822 0.931030172484832 2.2350058803401867
-0.49005154260064954 0.9377993567121107 2.2316496838608804
-0.4655489654706172 0.9445685409393892 2.228293487381574
-0.4410463883405847 0.9513377251666678 2.224937290902268
-0.4165438112105522 0.9581069093939464 2.221581094422962
-0.39204123408051966 0.964876093621225 2.218224897943656
-0.36753865695048715 0.9716452778485035 2.2148687014643498
-0.34303607982045475 0.978414462075782 2.2115125049850435
-0.3185335026904223 0.9851836463030607 2.2081563085057376
-0.2940309255603898 0.9919528305303392 2.2048001120264313
-0.2695283484303573 0.9987220147576178 2.2014439155471255
-0.24502577130032477 1.0054911989848963 2.198087719067819
-0.2205231941702924 1.0122603832121748 2.1947315225885133
-0.1960206170402599 1.0190295674394534 2.191375326109207
-0.17151803991022738 1.025798751666732 2.1880191296299007
-0.1470154627801949 1.0325679358940105 2.184662933150595
-0.12251288565016238 1.039337120121289 2.1813067366712886
-0.09801030852013 1.0461063043485677 2.1779505401919828
-0.0735077313900975 1.0528754885758462 2.1745943437126765
-0.049005154260065 1.0596446728031248 2.17123814723337
-0.0245025771300325 1.0664138570304034 2.1678819507540643
0.0 1.073183041257682 2.164525754274758
-0.9556005080712667 0.8185168828395367 2.3142393800483463
-0.9310979309412343 0.8252860670668153 2.3108831835690404
-0.9065953538112017 0.8320552512940939 2.307526987089734
-0.8820927766811694 0.8388244355213724 2.3041707906104283
-0.8575901995511368 0.845593619748651 2.300814594131122
-0.8330876224211043 0.8523628039759296 2.2974583976518157
-0.8085850452910719 0.8591319882032081 2.29410220117251
-0.7840824681610393 0.8659011724304867 2.2907460046932036
-0.759579891031007 0.8726703566577653 2.2873898082138977
-0.7350773139009744 0.8794395408850438 2.2840336117345914
-0.710574736770942 0.8862087251123224 2.2806774152552856
-0.6860721596409094 0.892977909339601 2.2773212187759793
-0.6615695825108769 0.8997470935668795 2.273965022296673
-0.6370670053808446 0.9065162777941581 2.270608825817367
-0.6125644282508119 0.9132854620214367 2.267252629338061
-0.5880618511207796 0.9200546462487152 2.263896432858755
-0.563559273990747 0.9268238304759938 2.2605402363794487
-0.5390566968607146 0.9335930147032724 2.2571840399001424
-0.5145541197306822 0.940362198930551 2.2538278434208365
-0.49005154260064954 0.9471313831578295 2.2504716469415302
-0.4655489654706172 0.9539005673851081 2.2471154504622244
-0.4410463883405847 0.9606697516123867 2.243759253982918
-0.4165438112105522 0.9674389358396652 2.240403057503612
-0.39204123408051966 0.9742081200669439 2.237046861024306
-0.36753865695048715 0.9809773042942225 2.2336906645449996
-0.34303607982045475 0.9877464885215009 2.230334468065694
-0.3185335026904223 0.9945156727487795 2.2269782715863875
-0.2940309255603898 1.0012848569760582 2.2236220751070817
-0.2695283484303573 1.0080540412033367 2.2202658786277754
-0.24502577130032477 1.0148232254306153 2.216909682148469
-0.2205231941702924 1.0215924096578939 2.213553485669163
-0.1960206170402599 1.0283615938851725 2.210197289189857
-0.17151803991022738 1.035130778112451 2.206841092710551
-0.1470154627801949 1.0418999623397296 2.2034848962312448
-0.12251288565016238 1.0486691465670082 2.2001286997519385
-0.09801030852013 1.0554383307942867 2.1967725032726326
-0.0735077313900975 1.0622075150215653 2.1934163067933263
-0.049005154260065 1.0689766992488439 2.1900601103140205
-0.0245025771300325 1.0757458834761224 2.186703913834714
0.0 1.082515067703401 2.1833477173554083
-0.9556005080712667 0.8278489092852557 2.3330613431289966
-0.9310979309412343 0.8346180935125342 2.3297051466496903
-0.9065953538112017 0.8413872777398128 2.326348950170384
-0.8820927766811694 0.8481564619670914 2.322992753691078
-0.8575901995511368 0.85492564619437 2.319636557211772
-0.8330876224211043 0.8616948304216485 2.316280360732466
-0.8085850452910719 0.8684640146489271 2.3129241642531597
-0.7840824681610393 0.8752331988762057 2.309567967773854
-0.759579891031007 0.8820023831034842 2.3062117712945476
-0.7350773139009744 0.8887715673307628 2.3028555748152413
-0.710574736770942 0.8955407515580414 2.2994993783359354
-0.6860721596409094 0.9023099357853199 2.296143181856629
-0.6615695825108769 0.9090791200125985 2.2927869853773233
-0.6370670053808446 0.9158483042398771 2.289430788898017
-0.6125644282508119 0.9226174884671556 2.2860745924187107
-0.5880618511207796 0.9293866726944342 2.282718395939405
-0.563559273990747 0.9361558569217128 2.2793621994600985
-0.5390566968607146 0.9429250411489913 2.2760060029807927
-0.5145541197306822 0.9496942253762699 2.2726498065014864
-0.49005154260064954 0.9564634096035485 2.2692936100221806
-0.4655489654706172 0.963232593830827 2.2659374135428743
-0.4410463883405847 0.9700017780581056 2.262581217063568
-0.4165438112105522 0.9767709622853842 2.259225020584262
-0.39204123408051966 0.9835401465126627 2.255868824104956
-0.36753865695048715 0.9903093307399413 2.25251262762565
-0.34303607982045475 0.9970785149672199 2.2491564311463437
-0.3185335026904223 1.0038476991944985 2.2458002346670374
-0.2940309255603898 1.010616883421777 2.2424440381877315
-0.2695283484303573 1.0173860676490556 2.2390878417084252
-0.24502577130032477 1.0241552518763342 2.2357316452291194
-0.2205231941702924 1.0309244361036127 2.232375448749813
-0.1960206170402599 1.0376936203308913 2.229019252270507
-0.17151803991022738 1.0444628045581699 2.225663055791201
-0.1470154627801949 1.0512319887854484 2.2223068593118946
-0.12251288565016238 1.058001173012727 2.218950662832589
-0.09801030852013 1.0647703572400056 2.2155944663532825
-0.0735077313900975 1.0715395414672841 2.2122382698739766
-0.049005154260065 1.0783087256945627 2.2088820733946704
-0.0245025771300325 1.0850779099218413 2.205525876915364
0.0 1.0918470941491198 2.202169680436058
-0.9556005080712667 0.8371809357309746 2.3518833062096465
-0.9310979309412343 0.8439501199582532 2.34852710973034
-0.9065953538112017 0.8507193041855318 2.3451709132510343
-0.8820927766811694 0.8574884884128103 2.341814716771728
-0.8575901995511368 0.8642576726400889 2.338458520292422
-0.8330876224211043 0.8710268568673675 2.335102323813116
-0.8085850452910719 0.877796041094646 2.3317461273338096
-0.7840824681610393 0.8845652253219246 2.3283899308545037
-0.759579891031007 0.8913344095492032 2.3250337343751974
-0.7350773139009744 0.8981035937764817 2.3216775378958916
-0.710574736770942 0.9048727780037603 2.3183213414165853
-0.6860721596409094 0.9116419622310389 2.3149651449372795
-0.6615695825108769 0.9184111464583175 2.311608948457973
-0.6370670053808446 0.925180330685596 2.308252751978667
-0.6125644282508119 0.9319495149128746 2.304896555499361
-0.5880618511207796 0.9387186991401532 2.3015403590200547
-0.563559273990747 0.9454878833674317 2.298184162540749
-0.5390566968607146 0.9522570675947103 2.2948279660614426
-0.5145541197306822 0.9590262518219889 2.2914717695821363
-0.49005154260064954 0.9657954360492674 2.2881155731028304
-0.4655489654706172 0.972564620276546 2.284759376623524
-0.4410463883405847 0.9793338045038246 2.2814031801442183
-0.4165438112105522 0.9861029887311031 2.278046983664912
-0.39204123408051966 0.9928721729583817 2.2746907871856057
-0.36753865695048715 0.9996413571856603 2.2713345907063
-0.34303607982045475 1.006410541412939 2.2679783942269935
-0.3185335026904223 1.0131797256402175 2.2646221977476877
-0.2940309255603898 1.019948909867496 2.2612660012683814
-0.2695283484303573 1.0267180940947747 2.2579098047890755
-0.24502577130032477 1.0334872783220532 2.2545536083097693
-0.2205231941702924 1.0402564625493318 2.251197411830463
-0.1960206170402599 1.0470256467766104 2.247841215351157
-0.17151803991022738 1.053794831003889 2.244485018871851
-0.1470154627801949 1.0605640152311675 2.241128822392545
-0.12251288565016238 1.067333199458446 2.2377726259132387
-0.09801030852013 1.0741023836857246 2.2344164294339324
-0.0735077313900975 1.0808715679130032 2.2310602329546265
-0.049005154260065 1.0876407521402818 2.2277040364753202
-0.0245025771300325 1.0944099363675603 2.2243478399960144
0.0 1.101179120594839 2.220991643516708
-0.9556005080712667 0.8465129621766936 2.3707052692902963
-0.9310979309412343 0.8532821464039722 2.3673490728109905
-0.9065953538112017 0.8600513306312507 2.363992876331684
-0.8820927766811694 0.8668205148585293 2.3606366798523784
-0.8575901995511368 0.8735896990858079 2.357280483373072
-0.8330876224211043 0.8803588833130864 2.3539242868937658
-0.8085850452910719 0.887128067540365 2.35056809041446
-0.7840824681610393 0.8938972517676436 2.3472118939351536
-0.759579891031007 0.9006664359949221 2.3438556974558478
-0.7350773139009744 0.9074356202222007 2.3404995009765415
-0.710574736770942 0.9142048044494793 2.337143304497235
-0.6860721596409094 0.9209739886767578 2.3337871080179293
-0.6615695825108769 0.9277431729040364 2.330430911538623
-0.6370670053808446 0.934512357131315 2.327074715059317
-0.6125644282508119 0.9412815413585935 2.323718518580011
-0.5880618511207796 0.9480507255858721 2.3203623221007046
-0.563559273990747 0.9548199098131507 2.3170061256213987
-0.5390566968607146 0.9615890940404292 2.3136499291420924
-0.5145541197306822 0.9683582782677078 2.3102937326627866
-0.49005154260064954 0.9751274624949864 2.3069375361834803
-0.4655489654706172 0.981896646722265 2.3035813397041744
-0.4410463883405847 0.9886658309495435 2.300225143224868
-0.4165438112105522 0.9954350151768221 2.296868946745562
-0.39204123408051966 1.0022041994041007 2.293512750266256
-0.36753865695048715 1.0089733836313792 2.2901565537869497
-0.34303607982045475 1.0157425678586578 2.286800357307644
-0.3185335026904223 1.0225117520859364 2.2834441608283376
-0.2940309255603898 1.029280936313215 2.2800879643490313
-0.2695283484303573 1.0360501205404935 2.2767317678697254
-0.24502577130032477 1.042819304767772 2.273375571390419
-0.2205231941702924 1.0495884889950506 2.2700193749111133
-0.1960206170402599 1.0563576732223292 2.266663178431807
-0.17151803991022738 1.0631268574496078 2.2633069819525007
-0.1470154627801949 1.0698960416768863 2.259950785473195
-0.12251288565016238 1.076665225904165 2.2565945889938885
-0.09801030852013 1.0834344101314435 2.2532383925145827
-0.0735077313900975 1.090203594358722 2.2498821960352764
-0.049005154260065 1.0969727785860006 2.2465259995559705
-0.0245025771300325 1.1037419628132792 2.2431698030766642
0.0 1.1105111470405578 2.239813606597358
POLYGONS 9282 37128
3 0 40 1
3 1 40 41
3 1 41 2
3 2 41 42
3 2 42 3
3 3 42 43
3 3 43 4
3 4 43 44
3 4 44 5
3 5 44 45
3 5 45 6
3 6 45 46
3 6 46 7
3 7 46 47
3 7 47 8
3 8 47 48
3 8 48 9
3 9 48 49
3 9 49 10
3 10 49 50
3 10 50 11
3 11 50 51
3 11 51 12
3 12 51 52
3 12 52 13
3 13 52 53
3 13 53 14
3 14 53 54
3 14 54 15
3 15 54 55
3 15 55 16
3 16 55 56
3 16 56 17
3 17 56 57
3 17 57 18
3 18 57 58
3 18 58 19
3 19 58 59
3 19 59 20
3 20 59 60
3 20 60 21
3 21 60 61
3 21 61 22
3 22 61 62
3 22 62 23
3 23 62 63
3 23 63 24
3 24 63 64
3 24 64 25
3 25 64 65
3 25 65 26
3 26 65 66
3 26 66 27
3 27 66 67
3 27 67 28
3 28 67 68
3 28 68 29
3 29 68 69
3 29 69 30
3 30 69 70
3 30 70 31
3 31 70 71
3 31 71 32
3 32 71 72
3 32 72 33
3 33 72 73
3 33 73 34
3 34 73 74
3 34 74 35
3 35 74 75
3 35 75 36
3 36 75 76
3 36 76 37
3 37 76 77
3 37 77 38
3 38 77 78
3 38 78 39
3 39 78 79
3 40 80 41
3 41 80 81
3 41 81 42
3 42 81 82
3 42 82 43
3 43 82 83
3 43 83 44
3 44 83 84
3 44 84 45
3 45 84 85
3 45 85 46
3 46 85 86
3 46 86 47
3 47 86 87
3 47 87 48
3 48 87 88
3 48 88 49
3 49 88 89
3 49 89 50
3 50 89 90
3 50 90 51
3 51 90 91
3 51 91 52
3 52 91 92
3 52 92 53
3 53 92 93
3 53 93 54
3 54 93 94
3 54 94 55
3 55 94 95
3 55 95 56
3 56 95 96
3 56 96 57
3 57 96 97
3 57 97 58
3 58 97 98
3 58 98 59
3 59 98 99
3 59 99 60
3 60 99 100
3 60 100 61
3 61 100 101
3 61 101 62
3 62 101 102
3 62 102 63
3 63 102 103
3 63 103 64
3 64 103 104
3 64 104 65
3 65 104 105
3 65 105 66
3 66 105 106
3 66 106 67
3 67 106 107
3 67 107 68
3 68 107 108
3 68 108 69
3 69 108 109
3 69 109 70
3 70 109 110
3 70 110 71
3 71 110 111
3 71 111 72
3 72 111 112
3 72 112 73
3 73 112 113
3 73 113 74
3 74 113 114
3 74 114 75
3 75 114 115
3 75 115 76
3 76 115 116
3 76 116 77
3 77 116 117
3 77 117 78
3 78 117 118
3 78 118 79
3 79 118 119
3 80 120 81
3 81 120 121
3 81 121 82
3 82 121 122
3 82 122 83
3 83 122 123
3 83 123 84
3 84 123 124
3 84 124 85
3 85 124 125
3 85 125 86
3 86 125 126
3 86 126 87
3 87 126 127
3 87 127 88
3 88 127 128
3 88 128 89
3 89 128 129
3 89 129 90
3 90 129 130
3 90 130 91
3 91 130 131
3 91 131 92
3 92 131 132
3 92 132 93
3 93 132 133
3 93 133 94
3 94 133 134
3 94 134 95
3 95 134 135
3 95 135 96
3 96 135 136
3 96 136 97
3 97 136 137
3 97 137 98
3 98 137 138
3 98 138 99
3 99 138 139
3 99 139 100
3 100 139 140
3 100 140 101
3 101 140 141
3 101 141 102
3 102 141 142
3 102 142 103
3 103 142 143
3 103 143 104
3 104 143 144
3 104 144 105
3 105 144 145
3 105 145 106
3 106 145 146
3 106 146 107
3 107 146 147
3 107 147 108
3 108 147 148
3 108 148 109
3 109 148 149
3 109 149 110
3 110 149 150
3 110 150 111
3 111 150 151
3 111 151 112
3 112 151 152
3 112 152 113
3 113 152 153
3 113 153 114
3 114 153 154
3 114 154 115
3 115 154 155
3 115 155 116
3 116 155 156
3 116 156 117
3 117 156 157
3 117 157 118
3 118 157 158
3 118 158 119
3 119 158 159
3 120 160 121
3 121 160 161
3 121 161 122
3 122 161 162
3 122 162 123
3 123 162 163
3 123 163 124
3 124 163 164
3 124 164 125
3 125 164 165
3 125 165 126
3 126 165 166
3 126 166 127
3 127 166 167
3 127 167 128
3 128 167 168
3 128 168 129
3 129 168 169
3 129 169 130
3 130 169 170
3 130 170 131
3 131 170 171
3 131 171 132
3 132 171 172
3 132 172 133
3 133 172 173
3 133 173 134
3 134 173 174
3 134 174 135
3 135 174 175
3 135 175 136
3 136 175 176
3 136 176 137
3 137 176 177
3 137 177 138
3 138 177 178
3 138 178 139
3 139 178 179
3 139 179 140
3 140 179 180
3 140 180 141
3 141 180 181
3 141 181 142
3 142 181 182
3 142 182 143
3 143 182 183
3 143 183 144
3 144 183 184
3 144 184 145
3 145 184 185
3 145 185 146
3 146 185 186
3 146 186 147
3 147 186 187
3 147 187 148
3 148 187 188
3 148 188 149
3 149 188 189
3 149 189 150
3 150 189 190
3 150 190 151
3 151 190 191
3 151 191 152
3 152 191 192
3 152 192 153
3 153 192 193
3 153 193 154
3 154 193 194
3 154 194 155
3 155 194 195
3 155 195 156
3 156 195 196
3 156 196 157
3 157 196 197
3 157 197 158
3 158 197 198
3 158 198 159
3 159 198 199
3 160 200 161
3 161 200 201
3 161 201 162
3 162 201 202
3 162 202 163
3 163 202 203
3 163 203 164
3 164 203 204
3 164 204 165
3 165 204 205
3 165 205 166
3 166 205 206
3 166 206 167
3 167 206 207
3 167 207 168
3 168 207 208
3 168 208 169
3 169 208 209
3 169 209 170
3 170 209 210
3 170 210 171
3 171 210 211
3 171 211 172
3 172 211 212
3 172 212 173
3 173 212 213
3 173 213 174
3 174 213 214
3 174 214 175
3 175 214 215
3 175 215 176
3 176 215 216
3 176 216 177
3 177 216 217
3 177 217 178
3 178 217 218
3 178 218 179
3 179 218 219
3 179 219 180
3 180 219 220
3 180 220 181
3 181 220 221
3 181 221 182
3 182 221 222
3 182 222 183
3 183 222 223
3 183 223 184
3 184 223 224
3 184 224 185
3 185 224 225
3 185 225 186
3 186 225 226
3 186 226 187
3 187 226 227
3 187 227 188
3 188 227 228
3 188 228 189
3 189 228 229
3 189 229 190
3 190 229 230
3 190 230 191
3 191 230 231
3 191 231 192
3 192 231 232
3 192 232 193
3 193 232 233
3 193 233 194
3 194 233 234
3 194 234 195
3 195 234 235
3 195 235 196
3 196 235 236
3 196 236 197
3 197 236 237
3 197 237 198
3 198 237 238
3 198 238 199
3 199 238 239
3 200 240 201
3 201 240 241
3 201 241 202
3 202 241 242
3 202 242 203
3 203 242 243
3 203 243 204
3 204 243 244
3 204 244 205
3 205 244 245
3 205 245 206
3 206 245 246
3 206 246 207
3 207 246 247
3 207 247 208
3 208 247 248
3 208 248 209
3 209 248 249
3 209 249 210
3 210 249 250
3 210 250 211
3 211 250 251
3 211 251 212
3 212 251 252
3 212 252 213
3 213 252 253
3 213 253 214
3 214 253 254
3 214 254 215
3 215 254 255
3 215 255 216
3 216 255 256
3 216 256 217
3 217 256 257
3 217 257 218
3 218 257 258
3 218 258 219
3 219 258 259
3 219 259 220
3 220 259 260
3 220 260 221
3 221 260 261
3 221 261 222
3 222 261 262
3 222 262 223
3 223 262 263
3 223 263 224
3 224 263 264
3 224 264 225
3 225 264 265
3 225 265 226
3 226 265 266
3 226 266 227
3 227 266 267
3 227 267 228
3 228 267 268
3 228 268 229
3 229 268 269
3 229 269 230
3 230 269 270
3 230 270 231
3 231 270 271
3 231 271 232
3 232 271 272
3 232 272 233
3 233 272 273
3 233 273 234
3 234 273 274
3 234 274 235
3 235 274 275
3 235 275 236
3 236 275 276
3 236 276 237
3 237 276 277
3 237 277 238
3 238 277 278
3 238 278 239
3 239 278 279
3 240 280 241
3 241 280 281
3 241 281 242
3 242 281 282
3 242 282 243
3 243 282 283
3 243 283 244
3 244 283 284
3 244 284 245
3 245 284 285
3 245 285 246
3 246 285 286
3 246 286 247
3 247 286 287
3 247 287 248
3 248 287 288
3 248 288 249
3 249 288 289
3 249 289 250
3 250 289 290
3 250 290 251
3 251 290 291
3 251 291 252
3 252 291 292
3 252 292 253
3 253 292 293
3 253 293 254
3 254 293 294
3 254 294 255
3 255 294 295
3 255 295 256
3 256 295 296
3 256 296 257
3 257 296 297
3 257 297 258
3 258 297 298
3 258 298 259
3 259 298 299
3 259 299 260
3 260 299 300
3 260 300 261
3 261 300 301
3 261 301 262
3 262 301 302
3 262 302 263
3 263 302 303
3 263 303 264
3 264 303 304
3 264 304 265
3 265 304 305
3 265 305 266
3 266 305 306
3 266 306 267
3 267 306 307
3 267 307 268
3 268 307 308
3 268 308 269
3 269 308 309
3 269 309 270
3 270 309 310
3 270 310 271
3 271 310 311
3 271 311 272
3 272 311 312
3 272 312 273
3 273 312 313
3 273 313 274
3 274 313 314
3 274 314 275
3 275 314 315
3 275 315 276
3 276 315 316
3 276 316 277
3 277 316 317
3 277 317 278
3 278 317 318
3 278 318 279
3 279 318 319
3 280 320 281
3 281 320 321
3 281 321 282
3 282 321 322
3 282 322 283
3 283 322 323
3 283 323 284
3 284 323 324
3 284 324 285
3 285 324 325
3 285 325 286
3 286 325 326
3 286 326 287
3 287 326 327
3 287 327 288
3 288 327 328
3 288 328 289
3 289 328 329
3 289 329 290
3 290 329 330
3 290 330 291
3 291 330 331
3 291 331 292
3 292 331 332
3 292 332 293
3 293 332 333
3 293 333 294
3 294 333 334
3 294 334 295
3 295 334 335
3 295 335 296
3 296 335 336
3 296 336 297
3 297 336 337
3 297 337 298
3 298 337 338
3 298 338 299
3 299 338 339
3 299 339 300
3 300 339 340
3 300 340 301
3 301 340 341
3 301 341 302
3 302 341 342
3 302 342 303
3 303 342 343
3 303 343 304
3 304 343 344
3 304 344 305
3 305 344 345
3 305 345 306
3 306 345 346
3 306 346 307
3 307 346 347
3 307 347 308
3 308 347 348
3 308 348 309
3 309 348 349
3 309 349 310
3 310 349 350
3 310 350 311
3 311 350 351
3 311 351 312
3 312 351 352
3 312 352 313
3 313 352 353
3 313 353 314
3 314 353 354
3 314 354 315
3 315 354 355
3 315 355 316
3 316 355 356
3 316 356 317
3 317 356 357
3 317 357 318
3 318 357 358
3 318 358 319
3 319 358 359
3 320 360 321
3 321 360 361
3 321 361 322
3 322 361 362
3 322 362 323
3 323 362 363
3 323 363 324
3 324 363 364
3 324 364 325
3 325 364 365
3 325 365 326
3 326 365 366
3 326 366 327
3 327 366 367
3 327 367 328
3 328 367 368
3 328 368 329
3 329 368 369
3 329 369 330
3 330 369 370
3 330 370 331
3 331 370 371
3 331 371 332
3 332 371 372
3 332 372 333
3 333 372 373
3 333 373 334
3 334 373 374
3 334 374 335
3 335 374 375
3 335 375 336
3 336 375 376
3 336 376 337
3 337 376 377
3 337 377 338
3 338 377 378
3 338 378 339
3 339 378 379
3 339 379 340
3 340 379 380
3 340 380 341
3 341 380 381
3 341 381 342
3 342 381 382
3 342 382 343
3 343 382 383
3 343 383 344
3 344 383 384
3 344 384 345
3 345 384 385
3 345 385 346
3 346 385 386
3 346 386 347
3 347 386 387
3 347 387 348
3 348 387 388
3 348 388 349
3 349 388 389
3 349 389 350
3 350 389 390
3 350 390 351
3 351 390 391
3 351 391 352
3 352 391 392
3 352 392 353
3 353 392 393
3 353 393 354
3 354 393 394
3 354 394 355
3 355 394 395
3 355 395 356
3 356 395 396
3 356 396 357
3 357 396 397
3 357 397 358
3 358 397 398
3 358 398 359
3 359 398 399
3 360 400 361
3 361 400 401
3 361 401 362
3 362 401 402
3 362 402 363
3 363 402 403
3 363 403 364
3 364 403 404
3 364 404 365
3 365 404 405
3 365 405 366
3 366 405 406
3 366 406 367
3 367 406 407
3 367 407 368
3 368 407 408
3 368 408 369
3 369 408 409
3 369 409 370
3 370 409 410
3 370 410 371
3 371 410 411
3 371 411 372
3 372 411 412
3 372 412 373
3 373 412 413
3 373 413 374
3 374 413 414
3 374 414 375
3 375 414 415
3 375 415 376
3 376 415 416
3 376 416 377
3 377 416 417
3 377 417 378
3 378 417 418
3 378 418 379
3 379 418 419
3 379 419 380
3 380 419 420
3 380 420 381
3 381 420 421
3 381 421 382
3 382 421 422
3 382 422 383
3 383 422 423
3 383 423 384
3 384 423 424
3 384 424 385
3 385 424 425
3 385 425 386
3 386 425 426
3 386 426 387
3 387 426 427
3 387 427 388
3 388 427 428
3 388 428 389
3 389 428 429
3 389 429 390
3 390 429 430
3 390 430 391
3 391 430 431
3 391 431 392
3 392 431 432
3 392 432 393
3 393 432 433
3 393 433 394
3 394 433 434
3 394 434 395
3 395 434 435
3 395 435 396
3 396 435 436
3 396 436 397
3 397 436 437
3 397 437 398
3 398 437 438
3 398 438 399
3 399 438 439
3 400 440 401
3 401 440 441
3 401 441 402
3 402 441 442
3 402 442 403
3 403 442 443
3 403 443 404
3 404 443 444
3 404 444 405
3 405 444 445
3 405 445 406
3 406 445 446
3 406 446 407
3 407 446 447
3 407 447 408
3 408 447 448
3 408 448 409
3 409 448 449
3 409 449 410
3 410 449 450
3 410 450 411
3 411 450 451
3 411 451 412
3 412 451 452
3 412 452 413
3 413 452 453
3 413 453 414
3 414 453 454
3 414 454 415
3 415 454 455
3 415 455 416
3 416 455 456
3 416 456 417
3 417 456 457
3 417 457 418
3 418 457 458
3 418 458 419
3 419 458 459
3 419 459 420
3 420 459 460
3 420 460 421
3 421 460 461
3 421 461 422
3 422 461 462
3 422 462 423
3 423 462 463
3 423 463 424
3 424 463 464
3 424 464 425
3 425 464 465
3 425 465 426
3 426 465 466
3 426 466 427
3 427 466 467
3 427 467 428
3 428 467 468
3 428 468 429
3 429 468 469
3 429 469 430
3 430 469 470
3 430 470 431
3 431 470 471
3 431 471 432
3 432 471 472
3 432 472 433
3 433 472 473
3 433 473 434
3 434 473 474
3 434 474 435
3 435 474 475
3 435 475 436
3 436 475 476
3 436 476 437
3 437 476 477
3 437 477 438
3 438 477 478
3 438 478 439
3 439 478 479
3 440 480 441
3 441 480 481
3 441 481 442
3 442 481 482
3 442 482 443
3 443 482 483
3 443 483 444
3 444 483 484
3 444 484 445
3 445 484 485
3 445 485 446
3 446 485 486
3 446 486 447
3 447 486 487
3 447 487 448
3 448 487 488
3 448 488 449
3 449 488 489
3 449 489 450
3 450 489 490
3 450 490 451
3 451 490 491
3 451 491 452
3 452 491 492
3 452 492 453
3 453 492 493
3 453 493 454
3 454 493 494
3 454 494 455
3 455 494 495
3 455 495 456
3 456 495 496
3 456 496 457
3 457 496 497
3 457 497 458
3 458 497 498
3 458 498 459
3 459 498 499
3 459 499 460
3 460 499 500
3 460 500 461
3 461 500 501
3 461 501 462
3 462 501 502
3 462 502 463
3 463 502 503
3 463 503 464
3 464 503 504
3 464 504 465
3 465 504 505
3 465 505 466
3 466 505 506
3 466 506 467
3 467 506 507
3 467 507 468
3 468 507 508
3 468 508 469
3 469 508 509
3 469 509 470
3 470 509 510
3 470 510 471
3 471 510 511
3 471 511 472
3 472 511 512
3 472 512 473
3 473 512 513
3 473 513 474
3 474 513 514
3 474 514 475
3 475 514 515
3 475 515 476
3 476 515 516
3 476 516 477
3 477 516 517
3 477 517 478
3 478 517 518
3 478 518 479
3 479 518 519
3 480 520 481
3 481 520 521
3 481 521 482
3 482 521 522
3 482 522 483
3 483 522 523
3 483 523 484
3 484 523 524
3 484 524 485
3 485 524 525
3 485 525 486
3 486 525 526
3 486 526 487
3 487 526 527
3 487 527 488
3 488 527 528
3 488 528 489
3 489 528 529
3 489 529 490
3 490 529 530
3 490 530 491
3 491 530 531
3 491 531 492
3 492 531 532
3 492 532 493
3 493 532 533
3 493 533 494
3 494 533 534
3 494 534 495
3 495 534 535
3 495 535 496
3 496 535 536
3 496 536 497
3 497 536 537
3 497 537 498
3 498 537 538
3 498 538 499
3 499 538 539
3 499 539 500
3 500 539 540
3 500 540 501
3 501 540 541
3 501 541 502
3 502 541 542
3 502 542 503
3 503 542 543
3 503 543 504
3 504 543 544
3 504 544 505
3 505 544 545
3 505 545 506
3 506 545 546
3 506 546 507
3 507 546 547
3 507 547 508
3 508 547 548
3 508 548 509
3 509 548 549
3 509 549 510
3 510 549 550
3 510 550 511
3 511 550 551
3 511 551 512
3 512 551 552
3 512 552 513
3 513 552 553
3 513 553 514
3 514 553 554
3 514 554 515
3 515 554 555
3 515 555 516
3 516 555 556
3 516 556 517
3 517 556 557
3 517 557 518
3 518 557 558
3 518 558 519
3 519 558 559
3 520 560 521
3 521 560 561
3 521 561 522
3 522 561 562
3 522 562 523
3 523 562 563
3 523 563 524
3 524 563 564
3 524 564 525
3 525 564 565
3 525 565 526
3 526 565 566
3 526 566 527
3 527 566 567
3 527 567 528
3 528 567 568
3 528 568 529
3 529 568 569
3 529 569 530
3 530 569 570
3 530 570 531
3 531 570 571
3 531 571 532
3 532 571 572
3 532 572 533
3 533 572 573
3 533 573 534
3 534 573 574
3 534 574 535
3 535 574 575
3 535 575 536
3 536 575 576
3 536 576 537
3 537 576 577
3 537 577 538
3 538 577 578
3 538 578 539
3 539 578 579
3 539 579 540
3 540 579 580
3 540 580 541
3 541 580 581
3 541 581 542
3 542 581 582
3 542 582 543
3 543 582 583
3 543 583 544
3 544 583 584
3 544 584 545
3 545 584 585
3 545 585 546
3 546 585 586
3 546 586 547
3 547 586 587
3 547 587 548
3 548 587 588
3 548 588 549
3 549 588 589
3 549 589 550
3 550 589 590
3 550 590 551
3 551 590 591
3 551 591 552
3 552 591 592
3 552 592 553
3 553 592 593
3 553 593 554
3 554 593 594
3 554 594 555
3 555 594 595
3 555 595 556
3 556 595 596
3 556 596 557
3 557 596 597
3 557 597 558
3 558 597 598
3 558 598 559
3 559 598 599
3 560 600 561
3 561 600 601
3 561 601 562
3 562 601 602
3 562 602 563
3 563 602 603
3 563 603 564
3 564 603 604
3 564 604 565
3 565 604 605
3 565 605 566
3 566 605 606
3 566 606 567
3 567 606 607
3 567 607 568
3 568 607 608
3 568 608 569
3 569 608 609
3 569 609 570
3 570 609 610
3 570 610 571
3 571 610 611
3 571 611 572
3 572 611 612
3 572 612 573
3 573 612 613
3 573 613 574
3 574 613 614
3 574 614 575
3 575 614 615
3 575 615 576
3 576 615 616
3 576 616 577
3 577 616 617
3 577 617 578
3 578 617 618
3 578 618 579
3 579 618 619
3 579 619 580
3 580 619 620
3 580 620 581
3 581 620 621
3 581 621 582
3 582 621 622
3 582 622 583
3 583 622 623
3 583 623 584
3 584 623 624
3 584 624 585
3 585 624 625
3 585 625 586
3 586 625 626
3 586 626 587
3 587 626 627
3 587 627 588
3 588 627 628
3 588 628 589
3 589 628 629
3 589 629 590
3 590 629 630
3 590 630 591
3 591 630 631
3 591 631 592
3 592 631 632
3 592 632 593
3 593 632 633
3 593 633 594
3 594 633 634
3 594 634 595
3 595 634 635
3 595 635 596
3 596 635 636
3 596 636 597
3 597 636 637
3 597 637 598
3 598 637 638
3 598 638 599
3 599 638 639
3 600 640 601
3 601 640 641
3 601 641 602
3 602 641 642
3 602 642 603
3 603 642 643
3 603 643 604
3 604 643 644
3 604 644 605
3 605 644 645
3 605 645 606
3 606 645 646
3 606 646 607
3 607 646 647
3 607 647 608
3 608 647 648
3 608 648 609
3 609 648 649
3 609 649 610
3 610 649 650
3 610 650 611
3 611 650 651
3 611 651 612
3 612 651 652
3 612 652 613
3 613 652 653
3 613 653 614
3 614 653 654
3 614 654 615
3 615 654 655
3 615 655 616
3 616 655 656
3 616 656 617
3 617 656 657
3 617 657 618
3 618 657 658
3 618 658 619
3 619 658 659
3 619 659 620
3 620 659 660
3 620 660 621
3 621 660 661
3 621 661 622
3 622 661 662
3 622 662 623
3 623 662 663
3 623 663 624
3 624 663 664
3 624 664 625
3 625 664 665
3 625 665 626
3 626 665 666
3 626 666 627
3 627 666 667
3 627 667 628
3 628 667 668
3 628 668 629
3 629 668 669
3 629 669 630
3 630 669 670
3 630 670 631
3 631 670 671
3 631 671 632
3 632 671 672
3 632 672 633
3 633 672 673
3 633 673 634
3 634 673 674
3 634 674 635
3 635 674 675
3 635 675 636
3 636 675 676
3 636 676 637
3 637 676 677
3 637 677 638
3 638 677 678
3 638 678 639
3 639 678 679
3 640 680 641
3 641 680 681
3 641 681 642
3 642 681 682
3 642 682 643
3 643 682 683
3 643 683 644
3 644 683 684
3 644 684 645
3 645 684 685
3 645 685 646
3 646 685 686
3 646 686 647
3 647 686 687
3 647 687 648
3 648 687 688
3 648 688 649
3 649 688 689
3 649 689 650
3 650 689 690
3 650 690 651
3 651 690 691
3 651 691 652
3 652 691 692
3 652 692 653
3 653 692 693
3 653 693 654
3 654 693 694
3 654 694 655
3 655 694 695
3 655 695 656
3 656 695 696
3 656 696 657
3 657 696 697
3 657 697 658
3 658 697 698
3 658 698 659
3 659 698 699
3 659 699 660
3 660 699 700
3 660 700 661
3 661 700 701
3 661 701 662
3 662 701 702
3 662 702 663
3 663 702 703
3 663 703 664
3 664 703 704
3 664 704 665
3 665 704 705
3 665 705 666
3 666 705 706
3 666 706 667
3 667 706 707
3 667 707 668
3 668 707 708
3 668 708 669
3 669 708 709
3 669 709 670
3 670 709 710
3 670 710 671
3 671 710 711
3 671 711 672
3 672 711 712
3 672 712 673
3 673 712 713
3 673 713 674
3 674 713 714
3 674 714 675
3 675 714 715
3 675 715 676
3 676 715 716
3 676 716 677
3 677 716 717
3 677 717 678
3 678 717 718
3 678 718 679
3 679 718 719
3 680 720 681
3 681 720 721
3 681 721 682
3 682 721 722
3 682 722 683
3 683 722 723
3 683 723 684
3 684 723 724
3 684 724 685
3 685 724 725
3 685 725 686
3 686 725 726
3 686 726 687
3 687 726 727
3 687 727 688
3 688 727 728
3 688 728 689
3 689 728 729
3 689 729 690
3 690 729 730
3 690 730 691
3 691 730 731
3 691 731 692
3 692 731 732
3 692 732 693
3 693 732 733
3 693 733 694
3 694 733 734
3 694 734 695
3 695 734 735
3 695 735 696
3 696 735 736
3 696 736 697
3 697 736 737
3 697 737 698
3 698 737 738
3 698 738 699
3 699 738 739
3 699 739 700
3 700 739 740
3 700 740 701
3 701 740 741
3 701 741 702
3 702 741 742
3 702 742 703
3 703 742 743
3 703 743 704
3 704 743 744
3 704 744 705
3 705 744 745
3 705 745 706
3 706 745 746
3 706 746 707
3 707 746 747
3 707 747 708
3 708 747 748
3 708 748 709
3 709 748 749
3 709 749 710
3 710 749 750
3 710 750 711
3 711 750 751
3 711 751 712
3 712 751 752
3 712 752 713
3 713 752 753
3 713 753 714
3 714 753 754
3 714 754 715
3 715 754 755
3 715 755 716
3 716 755 756
3 716 756 717
3 717 756 757
3 717 757 718
3 718 757 758
3 718 758 719
3 719 758 759
3 720 760 721
3 721 760 761
3 721 761 722
3 722 761 762
3 722 762 723
3 723 762 763
3 723 763 724
3 724 763 764
3 724 764 725
3 725 764 765
3 725 765 726
3 726 765 766
3 726 766 727
3 727 766 767
3 727 767 728
3 728 767 768
3 728 768 729
3 729 768 769
3 729 769 730
3 730 769 770
3 730 770 731
3 731 770 771
3 731 771 732
3 732 771 772
3 732 772 733
3 733 772 773
3 733 773 734
3 734 773 774
3 734 774 735
3 735 774 775
3 735 775 736
3 736 775 776
3 736 776 737
3 737 776 777
3 737 777 738
3 738 777 778
3 738 778 739
3 739 778 779
3 739 779 740
3 740 779 780
3 740 780 741
3 741 780 781
3 741 781 742
3 742 781 782
3 742 782 743
3 743 782 783
3 743 783 744
3 744 783 784
3 744 784 745
3 745 784 785
3 745 785 746
3 746 785 786
3 746 786 747
3 747 786 787
3 747 787 748
3 748 787 788
3 748 788 749
3 749 788 789
3 749 789 750
3 750 789 790
3 750 790 751
3 751 790 791
3 751 791 752
3 752 791 792
3 752 792 753
3 753 792 793
3 753 793 754
3 754 793 794
3 754 794 755
3 755 794 795
3 755 795 756
3 756 795 796
3 756 796 757
3 757 796 797
3 757 797 758
3 758 797 798
3 758 798 759
3 759 798 799
3 760 800 761
3 761 800 801
3 761 801 762
3 762 801 802
3 762 802 763
3 763 802 803
3 763 803 764
3 764 803 804
3 764 804 765
3 765 804 805
3 765 805 766
3 766 805 806
3 766 806 767
3 767 806 807
3 767 807 768
3 768 807 808
3 768 808 769
3 769 808 809
3 769 809 770
3 770 809 810
3 770 810 771
3 771 810 811
3 771 811 772
3 772 811 812
3 772 812 773
3 773 812 813
3 773 813 774
3 774 813 814
3 774 814 775
3 775 814 815
3 775 815 776
3 776 815 816
3 776 816 777
3 777 816 817
3 777 817 778
3 778 817 818
3 778 818 779
3 779 818 819
3 779 819 780
3 780 819 820
3 780 820 781
3 781 820 821
3 781 821 782
3 782 821 822
3 782 822 783
3 783 822 823
3 783 823 784
3 784 823 824
3 784 824 785
3 785 824 825
3 785 825 786
3 786 825 826
3 786 826 787
3 787 826 827
3 787 827 788
3 788 827 828
3 788 828 789
3 789 828 829
3 789 829 790
3 790 829 830
3 790 830 791
3 791 830 831
3 791 831 792
3 792 831 832
3 792 832 793
3 793 832 833
3 793 833 794
3 794 833 834
3 794 834 795
3 795 834 835
3 795 835 796
3 796 835 836
3 796 836 797
3 797 836 837
3 797 837 798
3 798 837 838
3 798 838 799
3 799 838 839
3 800 840 801
3 801 840 841
3 801 841 802
3 802 841 842
3 802 842 803
3 803 842 843
3 803 843 804
3 804 843 844
3 804 844 805
3 805 844 845
3 805 845 806
3 806 845 846
3 806 846 807
3 807 846 847
3 807 847 808
3 808 847 848
3 808 848 809
3 809 848 849
3 809 849 810
3 810 849 850
3 810 850 811
3 811 850 851
3 811 851 812
3 812 851 852
3 812 852 813
3 813 852 853
3 813 853 814
3 814 853 854
3 814 854 815
3 815 854 855
3 815 855 816
3 816 855 856
3 816 856 817
3 817 856 857
3 817 857 818
3 818 857 858
3 818 858 819
3 819 858 859
3 819 859 820
3 820 859 860
3 820 860 821
3 821 860 861
3 821 861 822
3 822 861 862
3 822 862 823
3 823 862 863
3 823 863 824
3 824 863 864
3 824 864 825
3 825 864 865
3 825 865 826
3 826 865 866
3 826 866 827
3 827 866 867
3 827 867 828
3 828 867 868
3 828 868 829
3 829 868 869
3 829 869 830
3 830 869 870
3 830 870 831
3 831 870 871
3 831 871 832
3 832 871 872
3 832 872 833
3 833 872 873
3 833 873 834
3 834 873 874
3 834 874 835
3 835 874 875
3 835 875 836
3 836 875 876
3 836 876 837
3 837 876 877
3 837 877 838
3 838 877 878
3 838 878 839
3 839 878 879
3 840 880 841
3 841 880 881
3 841 881 842
3 842 881 882
3 842 882 843
3 843 882 883
3 843 883 844
3 844 883 884
3 844 884 845
3 845 884 885
3 845 885 846
3 846 885 886
3 846 886 847
3 847 886 887
3 847 887 848
3 848 887 888
3 848 888 849
3 849 888 889
3 849 889 850
3 850 889 890
3 850 890 851
3 851 890 891
3 851 891 852
3 852 891 892
3 852 892 853
3 853 892 893
3 853 893 854
3 854 893 894
3 854 894 855
3 855 894 895
3 855 895 856
3 856 895 896
3 856 896 857
3 857 896 897
3 857 897 858
3 858 897 898
3 858 898 859
3 859 898 899
3 859 899 860
3 860 899 900
3 860 900 861
3 861 900 901
3 861 901 862
3 862 901 902
3 862 902 863
3 863 902 903
3 863 903 864
3 864 903 904
3 864 904 865
3 865 904 905
3 865 905 866
3 866 905 906
3 866 906 867
3 867 906 907
3 867 907 868
3 868 907 908
3 868 908 869
3 869 908 909
3 869 909 870
3 870 909 910
3 870 910 871
3 871 910 911
3 871 911 872
3 872 911 912
3 872 912 873
3 873 912 913
3 873 913 874
3 874 913 914
3 874 914 875
3 875 914 915
3 875 915 876
3 876 915 916
3 876 916 877
3 877 916 917
3 877 917 878
3 878 917 918
3 878 918 879
3 879 918 919
3 880 920 881
3 881 920 921
3 881 921 882
3 882 921 922
3 882 922 883
3 883 922 923
3 883 923 884
3 884 923 924
3 884 924 885
3 885 924 925
3 885 925 886
3 886 925 926
3 886 926 887
3 887 926 927
3 887 927 888
3 888 927 928
3 888 928 889
3 889 928 929
3 889 929 890
3 890 929 930
3 890 930 891
3 891 930 931
3 891 931 892
3 892 931 932
3 892 932 893
3 893 932 933
3 893 933 894
3 894 933 934
3 894 934 895
3 895 934 935
3 895 935 896
3 896 935 936
3 896 936 897
3 897 936 937
3 897 937 898
3 898 937 938
3 898 938 899
3 899 938 939
3 899 939 900
3 900 939 940
3 900 940 901
3 901 940 941
3 901 941 902
3 902 941 942
3 902 942 903
3 903 942 943
3 903 943 904
3 904 943 944
3 904 944 905
3 905 944 945
3 905 945 906
3 906 945 946
3 906 946 907
3 907 946 947
3 907 947 908
3 908 947 948
3 908 948 909
3 909 948 949
3 909 949 910
3 910 949 950
3 910 950 911
3 911 950 951
3 911 951 912
3 912 951 952
3 912 952 913
3 913 952 953
3 913 953 914
3 914 953 954
3 914 954 915
3 915 954 955
3 915 955 916
3 916 955 956
3 916 956 917
3 917 956 957
3 917 957 918
3 918 957 958
3 918 958 919
3 919 958 959
3 920 960 921
3 921 960 961
3 921 961 922
3 922 961 962
3 922 962 923
3 923 962 963
3 923 963 924
3 924 963 964
3 924 964 925
3 925 964 965
3 925 965 926
3 926 965 966
3 926 966 927
3 927 966 967
3 927 967 928
3 928 967 968
3 928 968 929
3 929 968 969
3 929 969 930
3 930 969 970
3 930 970 931
3 931 970 971
3 931 971 932
3 932 971 972
3 932 972 933
3 933 972 973
3 933 973 934
3 934 973 974
3 934 974 935
3 935 974 975
3 935 975 936
3 936 975 976
3 936 976 937
3 937 976 977
3 937 977 938
3 938 977 978
3 938 978 939
3 939 978 979
3 939 979 940
3 940 979 980
3 940 980 941
3 941 980 981
3 941 981 942
3 942 981 982
3 942 982 943
3 943 982 983
3 943 983 944
3 944 983 984
3 944 984 945
3 945 984 985
3 945 985 946
3 946 985 986
3 946 986 947
3 947 986 987
3 947 987 948
3 948 987 988
3 948 988 949
3 949 988 989
3 949 989 950
3 950 989 990
3 950 990 951
3 951 990 991
3 951 991 952
3 952 991 992
3 952 992 953
3 953 992 993
3 953 993 954
3 954 993 994
3 954 994 955
3 955 994 995
3 955 995 956
3 956 995 996
3 956 996 957
3 957 996 997
3 957 997 958
3 958 997 998
3 958 998 959
3 959 998 999
3 960 1000 961
3 961 1000 1001
3 961 1001 962
3 962 1001 1002
3 962 1002 963
3 963 1002 1003
3 963 1003 964
3 964 1003 1004
3 964 1004 965
3 965 1004 1005
3 965 1005 966
3 966 1005 1006
3 966 1006 967
3 967 1006 1007
3 967 1007 968
3 968 1007 1008
3 968 1008 969
3 969 1008 1009
3 969 1009 970
3 970 1009 1010
3 970 1010 971
3 971 1010 1011
3 971 1011 972
3 972 1011 1012
3 972 1012 973
3 973 1012 1013
3 973 1013 974
3 974 1013 1014
3 974 1014 975
3 975 1014 1015
3 975 1015 976
3 976 1015 1016
3 976 1016 977
3 977 1016 1017
3 977 1017 978
3 978 1017 1018
3 978 1018 979
3 979 1018 1019
3 979 1019 980
3 980 1019 1020
3 980 1020 981
3 981 1020 1021
3 981 1021 982
3 982 1021 1022
3 982 1022 983
3 983 1022 1023
3 983 1023 984
3 984 1023 1024
3 984 1024 985
3 985 1024 1025
3 985 1025 986
3 986 1025 1026
3 986 1026 987
3 987 1026 1027
3 987 1027 988
3 988 1027 1028
3 988 1028 989
3 989 1028 1029
3 989 1029 990
3 990 1029 1030
3 990 1030 991
3 991 1030 1031
3 991 1031 992
3 992 1031 1032
3 992 1032 993
3 993 1032 1033
3 993 1033 994
3 994 1033 1034
3 994 1034 995
3 995 1034 1035
3 995 1035 996
3 996 1035 1036
3 996 1036 997
3 997 1036 1037
3 997 1037 998
3 998 1037 1038
3 998 1038 999
3 999 1038 1039
3 1000 1040 1001
3 1001 1040 1041
3 1001 1041 1002
3 1002 1041 1042
3 1002 1042 1003
3 1003 1042 1043
3 1003 1043 1004
3 1004 1043 1044
3 1004 1044 1005
3 1005 1044 1045
3 1005 1045 1006
3 1006 1045 1046
3 1006 1046 1007
3 1007 1046 1047
3 1007 1047 1008
3 1008 1047 1048
3 1008 1048 1009
3 1009 1048 1049
3 1009 1049 1010
3 1010 1049 1050
3 1010 1050 1011
3 1011 1050 1051
3 1011 1051 1012
3 1012 1051 1052
3 1012 1052 1013
3 1013 1052 1053
3 1013 1053 1014
3 1014 1053 1054
3 1014 1054 1015
3 1015 1054 1055
3 1015 1055 1016
3 1016 1055 1056
3 1016 1056 1017
3 1017 1056 1057
3 1017 1057 1018
3 1018 1057 1058
3 1018 1058 1019
3 1019 1058 1059
3 1019 1059 1020
3 1020 1059 1060
3 1020 1060 1021
3 1021 1060 1061
3 1021 1061 1022
3 1022 1061 1062
3 1022 1062 1023
3 1023 1062 1063
3 1023 1063 1024
3 1024 1063 1064
3 1024 1064 1025
3 1025 1064 1065
3 1025 1065 1026
3 1026 1065 1066
3 1026 1066 1027
3 1027 1066 1067
3 1027 1067 1028
3 1028 1067 1068
3 1028 1068 1029
3 1029 1068 1069
3 1029 1069 1030
3 1030 1069 1070
3 1030 1070 1031
3 1031 1070 1071
3 1031 1071 1032
3 1032 1071 1072
3 1032 1072 1033
3 1033 1072 1073
3 1033 1073 1034
3 1034 1073 1074
3 1034 1074 1035
3 1035 1074 1075
3 1035 1075 1036
3 1036 1075 1076
3 1036 1076 1037
3 1037 1076 1077
3 1037 1077 1038
3 1038 1077 1078
3 1038 1078 1039
3 1039 1078 1079
3 1040 1080 1041
3 1041 1080 1081
3 1041 1081 1042
3 1042 1081 1082
3 1042 1082 1043
3 1043 1082 1083
3 1043 1083 1044
3 1044 1083 1084
3 1044 1084 1045
3 1045 1084 1085
3 1045 1085 1046
3 1046 1085 1086
3 1046 1086 1047
3 1047 1086 1087
3 1047 1087 1048
3 1048 1087 1088
3 1048 1088 1049
3 1049 1088 1089
3 1049 1089 1050
3 1050 1089 1090
3 1050 1090 1051
3 1051 1090 1091
3 1051 1091 1052
3 1052 1091 1092
3 1052 1092 1053
3 1053 1092 1093
3 1053 1093 1054
3 1054 1093 1094
3 1054 1094 1055
3 1055 1094 1095
3 1055 1095 1056
3 1056 1095 1096
3 1056 1096 1057
3 1057 1096 1097
3 1057 1097 1058
3 1058 1097 1098
3 1058 1098 1059
3 1059 1098 1099
3 1059 1099 1060
3 1060 1099 1100
3 1060 1100 1061
3 1061 1100 1101
3 1061 1101 1062
3 1062 1101 1102
3 1062 1102 1063
3 1063 1102 1103
3 1063 1103 1064
3 1064 1103 1104
3 1064 1104 1065
3 1065 1104 1105
3 1065 1105 1066
3 1066 1105 1106
3 1066 1106 1067
3 1067 1106 1107
3 1067 1107 1068
3 1068 1107 1108
3 1068 1108 1069
3 1069 1108 1109
3 1069 1109 1070
3 1070 1109 1110
3 1070 1110 1071
3 1071 1110 1111
3 1071 1111 1072
3 1072 1111 1112
3 1072 1112 1073
3 1073 1112 1113
3 1073 1113 1074
3 1074 1113 1114
3 1074 1114 1075
3 1075 1114 1115
3 1075 1115 1076
3 1076 1115 1116
3 1076 1116 1077
3 1077 1116 1117
3 1077 1117 1078
3 1078 1117 1118
3 1078 1118 1079
3 1079 1118 1119
3 1080 1120 1081
3 1081 1120 1121
3 1081 1121 1082
3 1082 1121 1122
3 1082 1122 1083
3 1083 1122 1123
3 1083 1123 1084
3 1084 1123 1124
3 1084 1124 1085
3 1085 1124 1125
3 1085 1125 1086
3 1086 1125 1126
3 1086 1126 1087
3 1087 1126 1127
3 1087 1127 1088
3 1088 1127 1128
3 1088 1128 1089
3 1089 1128 1129
3 1089 1129 1090
3 1090 1129 1130
3 1090 1130 1091
3 1091 1130 1131
3 1091 1131 1092
3 1092 1131 1132
3 1092 1132 1093
3 1093 1132 1133
3 1093 1133 1094
3 1094 1133 1134
3 1094 1134 1095
3 1095 1134 1135
3 1095 1135 1096
3 1096 1135 1136
3 1096 1136 1097
3 1097 1136 1137
3 1097 1137 1098
3 1098 1137 1138
3 1098 1138 1099
3 1099 1138 1139
3 1099 1139 1100
3 1100 1139 1140
3 1100 1140 1101
3 1101 1140 1141
3 1101 1141 1102
3 1102 1141 1142
3 1102 1142 1103
3 1103 1142 1143
3 1103 1143 1104
3 1104 1143 1144
3 1104 1144 1105
3 1105 1144 1145
3 1105 1145 1106
3 1106 1145 1146
3 1106 1146 1107
3 1107 1146 1147
3 1107 1147 1108
3 1108 1147 1148
3 1108 1148 1109
3 1109 1148 1149
3 1109 1149 1110
3 1110 1149 1150
3 1110 1150 1111
3 1111 1150 1151
3 1111 1151 1112
3 1112 1151 1152
3 1112 1152 1113
3 1113 1152 1153
3 1113 1153 1114
3 1114 1153 1154
3 1114 1154 1115
3 1115 1154 1155
3 1115 1155 1116
3 1116 1155 1156
3 1116 1156 1117
3 1117 1156 1157
3 1117 1157 1118
3 1118 1157 1158
3 1118 1158 1119
3 1119 1158 1159
3 1120 1160 1121
3 1121 1160 1161
3 1121 1161 1122
3 1122 1161 1162
3 1122 1162 1123
3 1123 1162 1163
3 1123 1163 1124
3 1124 1163 1164
3 1124 1164 1125
3 1125 1164 1165
3 1125 1165 1126
3 1126 1165 1166
3 1126 1166 1127
3 1127 1166 1167
3 1127 1167 1128
3 1128 1167 1168
3 1128 1168 1129
3 1129 1168 1169
3 1129 1169 1130
3 1130 1169 1170
3 1130 1170 1131
3 1131 1170 1171
3 1131 1171 1132
3 1132 1171 1172
3 1132 1172 1133
3 1133 1172 1173
3 1133 1173 1134
3 1134 1173 1174
3 1134 1174 1135
3 1135 1174 1175
3 1135 1175 1136
3 1136 1175 1176
3 1136 1176 1137
3 1137 1176 1177
3 1137 1177 1138
3 1138 1177 1178
3 1138 1178 1139
3 1139 1178 1179
3 1139 1179 1140
3 1140 1179 1180
3 1140 1180 1141
3 1141 1180 1181
3 1141 1181 1142
3 1142 1181 1182
3 1142 1182 1143
3 1143 1182 1183
3 1143 1183 1144
3 1144 1183 1184
3 1144 1184 1145
3 1145 1184 1185
3 1145 1185 1146
3 1146 1185 1186
3 1146 1186 1147
3 1147 1186 1187
3 1147 1187 1148
3 1148 1187 1188
3 1148 1188 1149
3 1149 1188 1189
3 1149 1189 1150
3 1150 1189 1190
3 1150 1190 1151
3 1151 1190 1191
3 1151 1191 1152
3 1152 1191 1192
3 1152 1192 1153
3 1153 1192 1193
3 1153 1193 1154
3 1154 1193 1194
3 1154 1194 1155
3 1155 1194 1195
3 1155 1195 1156
3 1156 1195 1196
3 1156 1196 1157
3 1157 1196 1197
3 1157 1197 1158
3 1158 1197 1198
3 1158 1198 1159
3 1159 1198 1199
3 1160 1200 1161
3 1161 1200 1201
3 1161 1201 1162
3 1162 1201 1202
3 1162 1202 1163
3 1163 1202 1203
3 1163 1203 1164
3 1164 1203 1204
3 1164 1204 1165
3 1165 1204 1205
3 1165 1205 1166
3 1166 1205 1206
3 1166 1206 1167
3 1167 1206 1207
3 1167 1207 1168
3 1168 1207 1208
3 1168 1208 1169
3 1169 1208 1209
3 1169 1209 1170
3 1170 1209 1210
3 1170 1210 1171
3 1171 1210 1211
3 1171 1211 1172
3 1172 1211 1212
3 1172 1212 1173
3 1173 1212 1213
3 1173 1213 1174
3 1174 1213 1214
3 1174 1214 1175
3 1175 1214 1215
3 1175 1215 1176
3 1176 1215 1216
3 1176 1216 1177
3 1177 1216 1217
3 1177 1217 1178
3 1178 1217 1218
3 1178 1218 1179
3 1179 1218 1219
3 1179 1219 1180
3 1180 1219 1220
3 1180 1220 1181
3 1181 1220 1221
3 1181 1221 1182
3 1182 1221 1222
3 1182 1222 1183
3 1183 1222 1223
3 1183 1223 1184
3 1184 1223 1224
3 1184 1224 1185
3 1185 1224 1225
3 1185 1225 1186
3 1186 1225 1226
3 1186 1226 1187
3 1187 1226 1227
3 1187 1227 1188
3 1188 1227 1228
3 1188 1228 1189
3 1189 1228 1229
3 1189 1229 1190
3 1190 1229 1230
3 1190 1230 1191
3 1191 1230 1231
3 1191 1231 1192
3 1192 1231 1232
3 1192 1232 1193
3 1193 1232 1233
3 1193 1233 1194
3 1194 1233 1234
3 1194 1234 1195
3 1195 1234 1235
3 1195 1235 1196
3 1196 1235 1236
3 1196 1236 1197
3 1197 1236 1237
3 1197 1237 1198
3 1198 1237 1238
3 1198 1238 1199
3 1199 1238 1239
3 1200 1240 1201
3 1201 1240 1241
3 1201 1241 1202
3 1202 1241 1242
3 1202 1242 1203
3 1203 1242 1243
3 1203 1243 1204
3 1204 1243 1244
3 1204 1244 1205
3 1205 1244 1245
3 1205 1245 1206
3 1206 1245 1246
3 1206 1246 1207
3 1207 1246 1247
3 1207 1247 1208
3 1208 1247 1248
3 1208 1248 1209
3 1209 1248 1249
3 1209 1249 1210
3 1210 1249 1250
3 1210 1250 1211
3 1211 1250 1251
3 1211 1251 1212
3 1212 1251 1252
3 1212 1252 1213
3 1213 1252 1253
3 1213 1253 1214
3 1214 1253 1254
3 1214 1254 1215
3 1215 1254 1255
3 1215 1255 1216
3 1216 1255 1256
3 1216 1256 1217
3 1217 1256 1257
3 1217 1257 1218
3 1218 1257 1258
3 1218 1258 1219
3 1219 1258 1259
3 1219 1259 1220
3 1220 1259 1260
3 1220 1260 1221
3 1221 1260 1261
3 1221 1261 1222
3 1222 1261 1262
3 1222 1262 1223
3 1223 1262 1263
3 1223 1263 1224
3 1224 1263 1264
3 1224 1264 1225
3 1225 1264 1265
3 1225 1265 1226
3 1226 1265 1266
3 1226 1266 1227
3 1227 1266 1267
3 1227 1267 1228
3 1228 1267 1268
3 1228 1268 1229
3 1229 1268 1269
3 1229 1269 1230
3 1230 1269 1270
3 1230 1270 1231
3 1231 1270 1271
3 1231 1271 1232
3 1232 1271 1272
3 1232 1272 1233
3 1233 1272 1273
3 1233 1273 1234
3 1234 1273 1274
3 1234 1274 1235
3 1235 1274 1275
3 1235 1275 1236
3 1236 1275 1276
3 1236 1276 1237
3 1237 1276 1277
3 1237 1277 1238
3 1238 1277 1278
3 1238 1278 1239
3 1239 1278 1279
3 1240 1280 1241
3 1241 1280 1281
3 1241 1281 1242
3 1242 1281 1282
3 1242 1282 1243
3 1243 1282 1283
3 1243 1283 1244
3 1244 1283 1284
3 1244 1284 1245
3 1245 1284 1285
3 1245 1285 1246
3 1246 1285 1286
3 1246 1286 1247
3 1247 1286 1287
3 1247 1287 1248
3 1248 1287 1288
3 1248 1288 1249
3 1249 1288 1289
3 1249 1289 1250
3 1250 1289 1290
3 1250 1290 1251
3 1251 1290 1291
3 1251 1291 1252
3 1252 1291 1292
3 1252 1292 1253
3 1253 1292 1293
3 1253 1293 1254
3 1254 1293 1294
3 1254 1294 1255
3 1255 1294 1295
3 1255 1295 1256
3 1256 1295 1296
3 1256 1296 1257
3 1257 1296 1297
3 1257 1297 1258
3 1258 1297 1298
3 1258 1298 1259
3 1259 1298 1299
3 1259 1299 1260
3 1260 1299 1300
3 1260 1300 1261
3 1261 1300 1301
3 1261 1301 1262
3 1262 1301 1302
3 1262 1302 1263
3 1263 1302 1303
3 1263 1303 1264
3 1264 1303 1304
3 1264 1304 1265
3 1265 1304 1305
3 1265 1305 1266
3 1266 1305 1306
3 1266 1306 1267
3 1267 1306 1307
3 1267 1307 1268
3 1268 1307 1308
3 1268 1308 1269
3 1269 1308 1309
3 1269 1309 1270
3 1270 1309 1310
3 1270 1310 1271
3 1271 1310 1311
3 1271 1311 1272
3 1272 1311 1312
3 1272 1312 1273
3 1273 1312 1313
3 1273 1313 1274
3 1274 1313 1314
3 1274 1314 1275
3 1275 1314 1315
3 1275 1315 1276
3 1276 1315 1316
3 1276 1316 1277
3 1277 1316 1317
3 1277 1317 1278
3 1278 1317 1318
3 1278 1318 1279
3 1279 1318 1319
3 1280 1320 1281
3 1281 1320 1321
3 1281 1321 1282
3 1282 1321 1322
3 1282 1322 1283
3 1283 1322 1323
3 1283 1323 1284
3 1284 1323 1324
3 1284 1324 1285
3 1285 1324 1325
3 1285 1325 1286
3 1286 1325 1326
3 1286 1326 1287
3 1287 1326 1327
3 1287 1327 1288
3 1288 1327 1328
3 1288 1328 1289
3 1289 1328 1329
3 1289 1329 1290
3 1290 1329 1330
3 1290 1330 1291
3 1291 1330 1331
3 1291 1331 1292
3 1292 1331 1332
3 1292 1332 1293
3 1293 1332 1333
3 1293 1333 1294
3 1294 1333 1334
3 1294 1334 1295
3 1295 1334 1335
3 1295 1335 1296
3 1296 1335 1336
3 1296 1336 1297
3 1297 1336 1337
3 1297 1337 1298
3 1298 1337 1338
3 1298 1338 1299
3 1299 1338 1339
3 1299 1339 1300
3 1300 1339 1340
3 1300 1340 1301
3 1301 1340 1341
3 1301 1341 1302
3 1302 1341 1342
3 1302 1342 1303
3 1303 1342 1343
3 1303 1343 1304
3 1304 1343 1344
3 1304 1344 1305
3 1305 1344 1345
3 1305 1345 1306
3 1306 1345 1346
3 1306 1346 1307
3 1307 1346 1347
3 1307 1347 1308
3 1308 1347 1348
3 1308 1348 1309
3 1309 1348 1349
3 1309 1349 1310
3 1310 1349 1350
3 1310 1350 1311
3 1311 1350 1351
3 1311 1351 1312
3 1312 1351 1352
3 1312 1352 1313
3 1313 1352 1353
3 1313 1353 1314
3 1314 1353 1354
3 1314 1354 1315
3 1315 1354 1355
3 1315 1355 1316
3 1316 1355 1356
3 1316 1356 1317
3 1317 1356 1357
3 1317 1357 1318
3 1318 1357 1358
3 1318 1358 1319
3 1319 1358 1359
3 1320 1360 1321
3 1321 1360 1361
3 1321 1361 1322
3 1322 1361 1362
3 1322 1362 1323
3 1323 1362 1363
3 1323 1363 1324
3 1324 1363 1364
3 1324 1364 1325
3 1325 1364 1365
3 1325 1365 1326
3 1326 1365 1366
3 1326 1366 1327
3 1327 1366 1367
3 1327 1367 1328
3 1328 1367 1368
3 1328 1368 1329
3 1329 1368 1369
3 1329 1369 1330
3 1330 1369 1370
3 1330 1370 1331
3 1331 1370 1371
3 1331 1371 1332
3 1332 1371 1372
3 1332 1372 1333
3 1333 1372 1373
3 1333 1373 1334
3 1334 1373 1374
3 1334 1374 1335
3 1335 1374 1375
3 1335 1375 1336
3 1336 1375 1376
3 1336 1376 1337
3 1337 1376 1377
3 1337 1377 1338
3 1338 1377 1378
3 1338 1378 1339
3 1339 1378 1379
3 1339 1379 1340
3 1340 1379 1380
3 1340 1380 1341
3 1341 1380 1381
3 1341 1381 1342
3 1342 1381 1382
3 1342 1382 1343
3 1343 1382 1383
3 1343 1383 1344
3 1344 1383 1384
3 1344 1384 1345
3 1345 1384 1385
3 1345 1385 1346
3 1346 1385 1386
3 1346 1386 1347
3 1347 1386 1387
3 1347 1387 1348
3 1348 1387 1388
3 1348 1388 1349
3 1349 1388 1389
3 1349 1389 1350
3 1350 1389 1390
3 1350 1390 1351
3 1351 1390 1391
3 1351 1391 1352
3 1352 1391 1392
3 1352 1392 1353
3 1353 1392 1393
3 1353 1393 1354
3 1354 1393 1394
3 1354 1394 1355
3 1355 1394 1395
3 1355 1395 1356
3 1356 1395 1396
3 1356 1396 1357
3 1357 1396 1397
3 1357 1397 1358
3 1358 1397 1398
3 1358 1398 1359
3 1359 1398 1399
3 1360 1400 1361
3 1361 1400 1401
3 1361 1401 1362
3 1362 1401 1402
3 1362 1402 1363
3 1363 1402 1403
3 1363 1403 1364
3 1364 1403 1404
3 1364 1404 1365
3 1365 1404 1405
3 1365 1405 1366
3 1366 1405 1406
3 1366 1406 1367
3 1367 1406 1407
3 1367 1407 1368
3 1368 1407 1408
3 1368 1408 1369
3 1369 1408 1409
3 1369 1409 1370
3 1370 1409 1410
3 1370 1410 1371
3 1371 1410 1411
3 1371 1411 1372
3 1372 1411 1412
3 1372 1412 1373
3 1373 1412 1413
3 1373 1413 1374
3 1374 1413 1414
3 1374 1414 1375
3 1375 1414 1415
3 1375 1415 1376
3 1376 1415 1416
3 1376 1416 1377
3 1377 1416 1417
3 1377 1417 1378
3 1378 1417 1418
3 1378 1418 1379
3 1379 1418 1419
3 1379 1419 1380
3 1380 1419 1420
3 1380 1420 1381
3 1381 1420 1421
3 1381 1421 1382
3 1382 1421 1422
3 1382 1422 1383
3 1383 1422 1423
3 1383 1423 1384
3 1384 1423 1424
3 1384 1424 1385
3 1385 1424 1425
3 1385 1425 1386
3 1386 1425 1426
3 1386 1426 1387
3 1387 1426 1427
3 1387 1427 1388
3 1388 1427 1428
3 1388 1428 1389
3 1389 1428 1429
3 1389 1429 1390
3 1390 1429 1430
3 1390 1430 1391
3 1391 1430 1431
3 1391 1431 1392
3 1392 1431 1432
3 1392 1432 1393
3 1393 1432 1433
3 1393 1433 1394
3 1394 1433 1434
3 1394 1434 1395
3 1395 1434 1435
3 1395 1435 1396
3 1396 1435 1436
3 1396 1436 1397
3 1397 1436 1437
3 1397 1437 1398
3 1398 1437 1438
3 1398 1438 1399
3 1399 1438 1439
3 1400 1440 1401
3 1401 1440 1441
3 1401 1441 1402
3 1402 1441 1442
3 1402 1442 1403
3 1403 1442 1443
3 1403 1443 1404
3 1404 1443 1444
3 1404 1444 1405
3 1405 1444 1445
3 1405 1445 1406
3 1406 1445 1446
3 1406 1446 1407
3 1407 1446 1447
3 1407 1447 1408
3 1408 1447 1448
3 1408 1448 1409
3 1409 1448 1449
3 1409 1449 1410
3 1410 1449 1450
3 1410 1450 1411
3 1411 1450 1451
3 1411 1451 1412
3 1412 1451 1452
3 1412 1452 1413
3 1413 1452 1453
3 1413 1453 1414
3 1414 1453 1454
3 1414 1454 1415
3 1415 1454 1455
3 1415 1455 1416
3 1416 1455 1456
3 1416 1456 1417
3 1417 1456 1457
3 1417 1457 1418
3 1418 1457 1458
3 1418 1458 1419
3 1419 1458 1459
3 1419 1459 1420
3 1420 1459 1460
3 1420 1460 1421
3 1421 1460 1461
3 1421 1461 1422
3 1422 1461 1462
3 1422 1462 1423
3 1423 1462 1463
3 1423 1463 1424
3 1424 1463 1464
3 1424 1464 1425
3 1425 1464 1465
3 1425 1465 1426
3 1426 1465 1466
3 1426 1466 1427
3 1427 1466 1467
3 1427 1467 1428
3 1428 1467 1468
3 1428 1468 1429
3 1429 1468 1469
3 1429 1469 1430
3 1430 1469 1470
3 1430 1470 1431
3 1431 1470 1471
3 1431 1471 1432
3 1432 1471 1472
3 1432 1472 1433
3 1433 1472 1473
3 1433 1473 1434
3 1434 1473 1474
3 1434 1474 1435
3 1435 1474 1475
3 1435 1475 1436
3 1436 1475 1476
3 1436 1476 1437
3 1437 1476 1477
3 1437 1477 1438
3 1438 1477 1478
3 1438 1478 1439
3 1439 1478 1479
3 1440 1480 1441
3 1441 1480 1481
3 1441 1481 1442
3 1442 1481 1482
3 1442 1482 1443
3 1443 1482 1483
3 1443 1483 1444
3 1444 1483 1484
3 1444 1484 1445
3 1445 1484 1485
3 1445 1485 1446
3 1446 1485 1486
3 1446 1486 1447
3 1447 1486 1487
3 1447 1487 1448
3 1448 1487 1488
3 1448 1488 1449
3 1449 1488 1489
3 1449 1489 1450
3 1450 1489 1490
3 1450 1490 1451
3 1451 1490 1491
3 1451 1491 1452
3 1452 1491 1492
3 1452 1492 1453
3 1453 1492 1493
3 1453 1493 1454
3 1454 1493 1494
3 1454 1494 1455
3 1455 1494 1495
3 1455 1495 1456
3 1456 1495 1496
3 1456 1496 1457
3 1457 1496 1497
3 1457 1497 1458
3 1458 1497 1498
3 1458 1498 1459
3 1459 1498 1499
3 1459 1499 1460
3 1460 1499 1500
3 1460 1500 1461
3 1461 1500 1501
3 1461 1501 1462
3 1462 1501 1502
3 1462 1502 1463
3 1463 1502 1503
3 1463 1503 1464
3 1464 1503 1504
3 1464 1504 1465
3 1465 1504 1505
3 1465 1505 1466
3 1466 1505 1506
3 1466 1506 1467
3 1467 1506 1507
3 1467 1507 1468
3 1468 1507 1508
3 1468 1508 1469
3 1469 1508 1509
3 1469 1509 1470
3 1470 1509 1510
3 1470 1510 1471
3 1471 1510 1511
3 1471 1511 1472
3 1472 1511 1512
3 1472 1512 1473
3 1473 1512 1513
3 1473 1513 1474
3 1474 1513 1514
3 1474 1514 1475
3 1475 1514 1515
3 1475 1515 1476
3 1476 1515 1516
3 1476 1516 1477
3 1477 1516 1517
3 1477 1517 1478
3 1478 1517 1518
3 1478 1518 1479
3 1479 1518 1519
3 1480 1520 1481
3 1481 1520 1521
3 1481 1521 1482
3 1482 1521 1522
3 1482 1522 1483
3 1483 1522 1523
3 1483 1523 1484
3 1484 1523 1524
3 1484 1524 1485
3 1485 1524 1525
3 1485 1525 1486
3 1486 1525 1526
3 1486 1526 1487
3 1487 1526 1527
3 1487 1527 1488
3 1488 1527 1528
3 1488 1528 1489
3 1489 1528 1529
3 1489 1529 1490
3 1490 1529 1530
3 1490 1530 1491
3 1491 1530 1531
3 1491 1531 1492
3 1492 1531 1532
3 1492 1532 1493
3 1493 1532 1533
3 1493 1533 1494
3 1494 1533 1534
3 1494 1534 1495
3 1495 1534 1535
3 1495 1535 1496
3 1496 1535 1536
3 1496 1536 1497
3 1497 1536 1537
3 1497 1537 1498
3 1498 1537 1538
3 1498 1538 1499
3 1499 1538 1539
3 1499 1539 1500
3 1500 1539 1540
3 1500 1540 1501
3 1501 1540 1541
3 1501 1541 1502
3 1502 1541 1542
3 1502 1542 1503
3 1503 1542 1543
3 1503 1543 1504
3 1504 1543 1544
3 1504 1544 1505
3 1505 1544 1545
3 1505 1545 1506
3 1506 1545 1546
3 1506 1546 1507
3 1507 1546 1547
3 1507 1547 1508
3 1508 1547 1548
3 1508 1548 1509
3 1509 1548 1549
3 1509 1549 1510
3 1510 1549 1550
3 1510 1550 1511
3 1511 1550 1551
3 1511 1551 1512
3 1512 1551 1552
3 1512 1552 1513
3 1513 1552 1553
3 1513 1553 1514
3 1514 1553 1554
3 1514 1554 1515
3 1515 1554 1555
3 1515 1555 1516
3 1516 1555 1556
3 1516 1556 1517
3 1517 1556 1557
3 1517 1557 1518
3 1518 1557 1558
3 1518 1558 1519
3 1519 1558 1559
3 1520 1560 1521
3 1521 1560 1561
3 1521 1561 1522
3 1522 1561 1562
3 1522 1562 1523
3 1523 1562 1563
3 1523 1563 1524
3 1524 1563 1564
3 1524 1564 1525
3 1525 1564 1565
3 1525 1565 1526
3 1526 1565 1566
3 1526 1566 1527
3 1527 1566 1567
3 1527 1567 1528
3 1528 1567 1568
3 1528 1568 1529
3 1529 1568 1569
3 1529 1569 1530
3 1530 1569 1570
3 1530 1570 1531
3 1531 1570 1571
3 1531 1571 1532
3 1532 1571 1572
3 1532 1572 1533
3 1533 1572 1573
3 1533 1573 1534
3 1534 1573 1574
3 1534 1574 1535
3 1535 1574 1575
3 1535 1575 1536
3 1536 1575 1576
3 1536 1576 1537
3 1537 1576 1577
3 1537 1577 1538
3 1538 1577 1578
3 1538 1578 1539
3 1539 1578 1579
3 1539 1579 1540
3 1540 1579 1580
3 1540 1580 1541
3 1541 1580 1581
3 1541 1581 1542
3 1542 1581 1582
3 1542 1582 1543
3 1543 1582 1583
3 1543 1583 1544
3 1544 1583 1584
3 1544 1584 1545
3 1545 1584 1585
3 1545 1585 1546
3 1546 1585 1586
3 1546 1586 1547
3 1547 1586 1587
3 1547 1587 1548
3 1548 1587 1588
3 1548 1588 1549
3 1549 1588 1589
3 1549 1589 1550
3 1550 1589 1590
3 1550 1590 1551
3 1551 1590 1591
3 1551 1591 1552
3 1552 1591 1592
3 1552 1592 1553
3 1553 1592 1593
3 1553 1593 1554
3 1554 1593 1594
3 1554 1594 1555
3 1555 1594 1595
3 1555 1595 1556
3 1556 1595 1596
3 1556 1596 1557
3 1557 1596 1597
3 1557 1597 1558
3 1558 1597 1598
3 1558 1598 1559
3 1559 1598 1599
3 1560 1600 1561
3 1561 1600 1601
3 1561 1601 1562
3 1562 1601 1602
3 1562 1602 1563
3 1563 1602 1603
3 1563 1603 1564
3 1564 1603 1604
3 1564 1604 1565
3 1565 1604 1605
3 1565 1605 1566
3 1566 1605 1606
3 1566 1606 1567
3 1567 1606 1607
3 1567 1607 1568
3 1568 1607 1608
3 1568 1608 1569
3 1569 1608 1609
3 1569 1609 1570
3 1570 1609 1610
3 1570 1610 1571
3 1571 1610 1611
3 1571 1611 1572
3 1572 1611 1612
3 1572 1612 1573
3 1573 1612 1613
3 1573 1613 1574
3 1574 1613 1614
3 1574 1614 1575
3 1575 1614 1615
3 1575 1615 1576
3 1576 1615 1616
3 1576 1616 1577
3 1577 1616 1617
3 1577 1617 1578
3 1578 1617 1618
3 1578 1618 1579
3 1579 1618 1619
3 1579 1619 1580
3 1580 1619 1620
3 1580 1620 1581
3 1581 1620 1621
3 1581 1621 1582
3 1582 1621 1622
3 1582 1622 1583
3 1583 1622 1623
3 1583 1623 1584
3 1584 1623 1624
3 1584 1624 1585
3 1585 1624 1625
3 1585 1625 1586
3 1586 1625 1626
3 1586 1626 1587
3 1587 1626 1627
3 1587 1627 1588
3 1588 1627 1628
3 1588 1628 1589
3 1589 1628 1629
3 1589 1629 1590
3 1590 1629 1630
3 1590 1630 1591
3 1591 1630 1631
3 1591 1631 1592
3 1592 1631 1632
3 1592 1632 1593
3 1593 1632 1633
3 1593 1633 1594
3 1594 1633 1634
3 1594 1634 1595
3 1595 1634 1635
3 1595 1635 1596
3 1596 1635 1636
3 1596 1636 1597
3 1597 1636 1637
3 1597 1637 1598
3 1598 1637 1638
3 1598 1638 1599
3 1599 1638 1639
3 1600 1640 1601
3 1601 1640 1641
3 1601 1641 1602
3 1602 1641 1642
3 1602 1642 1603
3 1603 1642 1643
3 1603 1643 1604
3 1604 1643 1644
3 1604 1644 1605
3 1605 1644 1645
3 1605 1645 1606
3 1606 1645 1646
3 1606 1646 1607
3 1607 1646 1647
3 1607 1647 1608
3 1608 1647 1648
3 1608 1648 1609
3 1609 1648 1649
3 1609 1649 1610
3 1610 1649 1650
3 1610 1650 1611
3 1611 1650 1651
3 1611 1651 1612
3 1612 1651 1652
3 1612 1652 1613
3 1613 1652 1653
3 1613 1653 1614
3 1614 1653 1654
3 1614 1654 1615
3 1615 1654 1655
3 1615 1655 1616
3 1616 1655 1656
3 1616 1656 1617
3 1617 1656 1657
3 1617 1657 1618
3 1618 1657 1658
3 1618 1658 1619
3 1619 1658 1659
3 1619 1659 1620
3 1620 1659 1660
3 1620 1660 1621
3 1621 1660 1661
3 1621 1661 1622
3 1622 1661 1662
3 1622 1662 1623
3 1623 1662 1663
3 1623 1663 1624
3 1624 1663 1664
3 1624 1664 1625
3 1625 1664 1665
3 1625 1665 1626
3 1626 1665 1666
3 1626 1666 1627
3 1627 1666 1667
3 1627 1667 1628
3 1628 1667 1668
3 1628 1668 1629
3 1629 1668 1669
3 1629 1669 1630
3 1630 1669 1670
3 1630 1670 1631
3 1631 1670 1671
3 1631 1671 1632
3 1632 1671 1672
3 1632 1672 1633
3 1633 1672 1673
3 1633 1673 1634
3 1634 1673 1674
3 1634 1674 1635
3 1635 1674 1675
3 1635 1675 1636
3 1636 1675 1676
3 1636 1676 1637
3 1637 1676 1677
3 1637 1677 1638
3 1638 1677 1678
3 1638 1678 1639
3 1639 1678 1679
3 1640 1680 1641
3 1641 1680 1681
3 1641 1681 1642
3 1642 1681 1682
3 1642 1682 1643
3 1643 1682 1683
3 1643 1683 1644
3 1644 1683 1684
3 1644 1684 1645
3 1645 1684 1685
3 1645 1685 1646
3 1646 1685 1686
3 1646 1686 1647
3 1647 1686 1687
3 1647 1687 1648
3 1648 1687 1688
3 1648 1688 1649
3 1649 1688 1689
3 1649 1689 1650
3 1650 1689 1690
3 1650 1690 1651
3 1651 1690 1691
3 1651 1691 1652
3 1652 1691 1692
3 1652 1692 1653
3 1653 1692 1693
3 1653 1693 1654
3 1654 1693 1694
3 1654 1694 1655
3 1655 1694 1695
3 1655 1695 1656
3 1656 1695 1696
3 1656 1696 1657
3 1657 1696 1697
3 1657 1697 1658
3 1658 1697 1698
3 1658 1698 1659
3 1659 1698 1699
3 1659 1699 1660
3 1660 1699 1700
3 1660 1700 1661
3 1661 1700 1701
3 1661 1701 1662
3 1662 1701 1702
3 1662 1702 1663
3 1663 1702 1703
3 1663 1703 1664
3 1664 1703 1704
3 1664 1704 1665
3 1665 1704 1705
3 1665 1705 1666
3 1666 1705 1706
3 1666 1706 1667
3 1667 1706 1707
3 1667 1707 1668
3 1668 1707 1708
3 1668 1708 1669
3 1669 1708 1709
3 1669 1709 1670
3 1670 1709 1710
3 1670 1710 1671
3 1671 1710 1711
3 1671 1711 1672
3 1672 1711 1712
3 1672 1712 1673
3 1673 1712 1713
3 1673 1713 1674
3 1674 1713 1714
3 1674 1714 1675
3 1675 1714 1715
3 1675 1715 1676
3 1676 1715 1716
3 1676 1716 1677
3 1677 1716 1717
3 1677 1717 1678
3 1678 1717 1718
3 1678 1718 1679
3 1679 1718 1719
3 1680 1720 1681
3 1681 1720 1721
3 1681 1721 1682
3 1682 1721 1722
3 1682 1722 1683
3 1683 1722 1723
3 1683 1723 1684
3 1684 1723 1724
3 1684 1724 1685
3 1685 1724 1725
3 1685 1725 1686
3 1686 1725 1726
3 1686 1726 1687
3 1687 1726 1727
3 1687 1727 1688
3 1688 1727 1728
3 1688 1728 1689
3 1689 1728 1729
3 1689 1729 1690
3 1690 1729 1730
3 1690 1730 1691
3 1691 1730 1731
3 1691 1731 1692
3 1692 1731 1732
3 1692 1732 1693
3 1693 1732 1733
3 1693 1733 1694
3 1694 1733 1734
3 1694 1734 1695
3 1695 1734 1735
3 1695 1735 1696
3 1696 1735 1736
3 1696 1736 1697
3 1697 1736 1737
3 1697 1737 1698
3 1698 1737 1738
3 1698 1738 1699
3 1699 1738 1739
3 1699 1739 1700
3 1700 1739 1740
3 1700 1740 1701
3 1701 1740 1741
3 1701 1741 1702
3 1702 1741 1742
3 1702 1742 1703
3 1703 1742 1743
3 1703 1743 1704
3 1704 1743 1744
3 1704 1744 1705
3 1705 1744 1745
3 1705 1745 1706
3 1706 1745 1746
3 1706 1746 1707
3 1707 1746 1747
3 1707 1747 1708
3 1708 1747 1748
3 1708 1748 1709
3 1709 1748 1749
3 1709 1749 1710
3 1710 1749 1750
3 1710 1750 1711
3 1711 1750 1751
3 1711 1751 1712
3 1712 1751 1752
3 1712 1752 1713
3 1713 1752 1753
3 1713 1753 1714
3 1714 1753 1754
3 1714 1754 1715
3 1715 1754 1755
3 1715 1755 1716
3 1716 1755 1756
3 1716 1756 1717
3 1717 1756 1757
3 1717 1757 1718
3 1718 1757 1758
3 1718 1758 1719
3 1719 1758 1759
3 1720 1760 1721
3 1721 1760 1761
3 1721 1761 1722
3 1722 1761 1762
3 1722 1762 1723
3 1723 1762 1763
3 1723 1763 1724
3 1724 1763 1764
3 1724 1764 1725
3 1725 1764 1765
3 1725 1765 1726
3 1726 1765 1766
3 1726 1766 1727
3 1727 1766 1767
3 1727 1767 1728
3 1728 1767 1768
3 1728 1768 1729
3 1729 1768 1769
3 1729 1769 1730
3 1730 1769 1770
3 1730 1770 1731
3 1731 1770 1771
3 1731 1771 1732
3 1732 1771 1772
3 1732 1772 1733
3 1733 1772 1773
3 1733 1773 1734
3 1734 1773 1774
3 1734 1774 1735
3 1735 1774 1775
3 1735 1775 1736
3 1736 1775 1776
3 1736 1776 1737
3 1737 1776 1777
3 1737 1777 1738
3 1738 1777 1778
3 1738 1778 1739
3 1739 1778 1779
3 1739 1779 1740
3 1740 1779 1780
3 1740 1780 1741
3 1741 1780 1781
3 1741 1781 1742
3 1742 1781 1782
3 1742 1782 1743
3 1743 1782 1783
3 1743 1783 1744
3 1744 1783 1784
3 1744 1784 1745
3 1745 1784 1785
3 1745 1785 1746
3 1746 1785 1786
3 1746 1786 1747
3 1747 1786 1787
3 1747 1787 1748
3 1748 1787 1788
3 1748 1788 1749
3 1749 1788 1789
3 1749 1789 1750
3 1750 1789 1790
3 1750 1790 1751
3 1751 1790 1791
3 1751 1791 1752
3 1752 1791 1792
3 1752 1792 1753
3 1753 1792 1793
3 1753 1793 1754
3 1754 1793 1794
3 1754 1794 1755
3 1755 1794 1795
3 1755 1795 1756
3 1756 1795 1796
3 1756 1796 1757
3 1757 1796 1797
3 1757 1797 1758
3 1758 1797 1798
3 1758 1798 1759
3 1759 1798 1799
3 1760 1800 1761
3 1761 1800 1801
3 1761 1801 1762
3 1762 1801 1802
3 1762 1802 1763
3 1763 1802 1803
3 1763 1803 1764
3 1764 1803 1804
3 1764 1804 1765
3 1765 1804 1805
3 1765 1805 1766
3 1766 1805 1806
3 1766 1806 1767
3 1767 1806 1807
3 1767 1807 1768
3 1768 1807 1808
3 1768 1808 1769
3 1769 1808 1809
3 1769 1809 1770
3 1770 1809 1810
3 1770 1810 1771
3 1771 1810 1811
3 1771 1811 1772
3 1772 1811 1812
3 1772 1812 1773
3 1773 1812 1813
3 1773 1813 1774
3 1774 1813 1814
3 1774 1814 1775
3 1775 1814 1815
3 1775 1815 1776
3 1776 1815 1816
3 1776 1816 1777
3 1777 1816 1817
3 1777 1817 1778
3 1778 1817 1818
3 1778 1818 1779
3 1779 1818 1819
3 1779 1819 1780
3 1780 1819 1820
3 1780 1820 1781
3 1781 1820 1821
3 1781 1821 1782
3 1782 1821 1822
3 1782 1822 1783
3 1783 1822 1823
3 1783 1823 1784
3 1784 1823 1824
3 1784 1824 1785
3 1785 1824 1825
3 1785 1825 1786
3 1786 1825 1826
3 1786 1826 1787
3 1787 1826 1827
3 1787 1827 1788
3 1788 1827 1828
3 1788 1828 1789
3 1789 1828 1829
3 1789 1829 1790
3 1790 1829 1830
3 1790 1830 1791
3 1791 1830 1831
3 1791 1831 1792
3 1792 1831 1832
3 1792 1832 1793
3 1793 1832 1833
3 1793 1833 1794
3 1794 1833 1834
3 1794 1834 1795
3 1795 1834 1835
3 1795 1835 1796
3 1796 1835 1836
3 1796 1836 1797
3 1797 1836 1837
3 1797 1837 1798
3 1798 1837 1838
3 1798 1838 1799
3 1799 1838 1839
3 1800 1840 1801
3 1801 1840 1841
3 1801 1841 1802
3 1802 1841 1842
3 1802 1842 1803
3 1803 1842 1843
3 1803 1843 1804
3 1804 1843 1844
3 1804 1844 1805
3 1805 1844 1845
3 1805 1845 1806
3 1806 1845 1846
3 1806 1846 1807
3 1807 1846 1847
3 1807 1847 1808
3 1808 1847 1848
3 1808 1848 1809
3 1809 1848 1849
3 1809 1849 1810
3 1810 1849 1850
3 1810 1850 1811
3 1811 1850 1851
3 1811 1851 1812
3 1812 1851 1852
3 1812 1852 1813
3 1813 1852 1853
3 1813 1853 1814
3 1814 1853 1854
3 1814 1854 1815
3 1815 1854 1855
3 1815 1855 1816
3 1816 1855 1856
3 1816 1856 1817
3 1817 1856 1857
3 1817 1857 1818
3 1818 1857 1858
3 1818 1858 1819
3 1819 1858 1859
3 1819 1859 1820
3 1820 1859 1860
3 1820 1860 1821
3 1821 1860 1861
3 1821 1861 1822
3 1822 1861 1862
3 1822 1862 1823
3 1823 1862 1863
3 1823 1863 1824
3 1824 1863 1864
3 1824 1864 1825
3 1825 1864 1865
3 1825 1865 1826
3 1826 1865 1866
3 1826 1866 1827
3 1827 1866 1867
3 1827 1867 1828
3 1828 1867 1868
3 1828 1868 1829
3 1829 1868 1869
3 1829 1869 1830
3 1830 1869 1870
3 1830 1870 1831
3 1831 1870 1871
3 1831 1871 1832
3 1832 1871 1872
3 1832 1872 1833
3 1833 1872 1873
3 1833 1873 1834
3 1834 1873 1874
3 1834 1874 1835
3 1835 1874 1875
3 1835 1875 1836
3 1836 1875 1876
3 1836 1876 1837
3 1837 1876 1877
3 1837 1877 1838
3 1838 1877 1878
3 1838 1878 1839
3 1839 1878 1879
3 1840 1880 1841
3 1841 1880 1881
3 1841 1881 1842
3 1842 1881 1882
3 1842 1882 1843
3 1843 1882 1883
3 1843 1883 1844
3 1844 1883 1884
3 1844 1884 1845
3 1845 1884 1885
3 1845 1885 1846
3 1846 1885 1886
3 1846 1886 1847
3 1847 1886 1887
3 1847 1887 1848
3 1848 1887 1888
3 1848 1888 1849
3 1849 1888 1889
3 1849 1889 1850
3 1850 1889 1890
3 1850 1890 1851
3 1851 1890 1891
3 1851 1891 1852
3 1852 1891 1892
3 1852 1892 1853
3 1853 1892 1893
3 1853 1893 1854
3 1854 1893 1894
3 1854 1894 1855
3 1855 1894 1895
3 1855 1895 1856
3 1856 1895 1896
3 1856 1896 1857
3 1857 1896 1897
3 1857 1897 1858
3 1858 1897 1898
3 1858 1898 1859
3 1859 1898 1899
3 1859 1899 1860
3 1860 1899 1900
3 1860 1900 1861
3 1861 1900 1901
3 1861 1901 1862
3 1862 1901 1902
3 1862 1902 1863
3 1863 1902 1903
3 1863 1903 1864
3 1864 1903 1904
3 1864 1904 1865
3 1865 1904 1905
3 1865 1905 1866
3 1866 1905 1906
3 1866 1906 1867
3 1867 1906 1907
3 1867 1907 1868
3 1868 1907 1908
3 1868 1908 1869
3 1869 1908 1909
3 1869 1909 1870
3 1870 1909 1910
3 1870 1910 1871
3 1871 1910 1911
3 1871 1911 1872
3 1872 1911 1912
3 1872 1912 1873
3 1873 1912 1913
3 1873 1913 1874
3 1874 1913 1914
3 1874 1914 1875
3 1875 1914 1915
3 1875 1915 1876
3 1876 1915 1916
3 1876 1916 1877
3 1877 1916 1917
3 1877 1917 1878
3 1878 1917 1918
3 1878 1918 1879
3 1879 1918 1919
3 1880 1920 1881
3 1881 1920 1921
3 1881 1921 1882
3 1882 1921 1922
3 1882 1922 1883
3 1883 1922 1923
3 1883 1923 1884
3 1884 1923 1924
3 1884 1924 1885
3 1885 1924 1925
3 1885 1925 1886
3 1886 1925 1926
3 1886 1926 1887
3 1887 1926 1927
3 1887 1927 1888
3 1888 1927 1928
3 1888 1928 1889
3 1889 1928 1929
3 1889 1929 1890
3 1890 1929 1930
3 1890 1930 1891
3 1891 1930 1931
3 1891 1931 1892
3 1892 1931 1932
3 1892 1932 1893
3 1893 1932 1933
3 1893 1933 1894
3 1894 1933 1934
3 1894 1934 1895
3 1895 1934 1935
3 1895 1935 1896
3 1896 1935 1936
3 1896 1936 1897
3 1897 1936 1937
3 1897 1937 1898
3 1898 1937 1938
3 1898 1938 1899
3 1899 1938 1939
3 1899 1939 1900
3 1900 1939 1940
3 1900 1940 1901
3 1901 1940 1941
3 1901 1941 1902
3 1902 1941 1942
3 1902 1942 1903
3 1903 1942 1943
3 1903 1943 1904
3 1904 1943 1944
3 1904 1944 1905
3 1905 1944 1945
3 1905 1945 1906
3 1906 1945 1946
3 1906 1946 1907
3 1907 1946 1947
3 1907 1947 1908
3 1908 1947 1948
3 1908 1948 1909
3 1909 1948 1949
3 1909 1949 1910
3 1910 1949 1950
3 1910 1950 1911
3 1911 1950 1951
3 1911 1951 1912
3 1912 1951 1952
3 1912 1952 1913
3 1913 1952 1953
3 1913 1953 1914
3 1914 1953 1954
3 1914 1954 1915
3 1915 1954 1955
3 1915 1955 1916
3 1916 1955 1956
3 1916 1956 1917
3 1917 1956 1957
3 1917 1957 1918
3 1918 1957 1958
3 1918 1958 1919
3 1919 1958 1959
3 1920 1960 1921
3 1921 1960 1961
3 1921 1961 1922
3 1922 1961 1962
3 1922 1962 1923
3 1923 1962 1963
3 1923 1963 1924
3 1924 1963 1964
3 1924 1964 1925
3 1925 1964 1965
3 1925 1965 1926
3 1926 1965 1966
3 1926 1966 1927
3 1927 1966 1967
3 1927 1967 1928
3 1928 1967 1968
3 1928 1968 1929
3 1929 1968 1969
3 1929 1969 1930
3 1930 1969 1970
3 1930 1970 1931
3 1931 1970 1971
3 1931 1971 1932
3 1932 1971 1972
3 1932 1972 1933
3 1933 1972 1973
3 1933 1973 1934
3 1934 1973 1974
3 1934 1974 1935
3 1935 1974 1975
3 1935 1975 1936
3 1936 1975 1976
3 1936 1976 1937
3 1937 1976 1977
3 1937 1977 1938
3 1938 1977 1978
3 1938 1978 1939
3 1939 1978 1979
3 1939 1979 1940
3 1940 1979 1980
3 1940 1980 1941
3 1941 1980 1981
3 1941 1981 1942
3 1942 1981 1982
3 1942 1982 1943
3 1943 1982 1983
3 1943 1983 1944
3 1944 1983 1984
3 1944 1984 1945
3 1945 1984 1985
3 1945 1985 1946
3 1946 1985 1986
3 1946 1986 1947
3 1947 1986 1987
3 1947 1987 1948
3 1948 1987 1988
3 1948 1988 1949
3 1949 1988 1989
3 1949 1989 1950
3 1950 1989 1990
3 1950 1990 1951
3 1951 1990 1991
3 1951 1991 1952
3 1952 1991 1992
3 1952 1992 1953
3 1953 1992 1993
3 1953 1993 1954
3 1954 1993 1994
3 1954 1994 1955
3 1955 1994 1995
3 1955 1995 1956
3 1956 1995 1996
3 1956 1996 1957
3 1957 1996 1997
3 1957 1997 1958
3 1958 1997 1998
3 1958 1998 1959
3 1959 1998 1999
3 1960 2000 1961
3 1961 2000 2001
3 1961 2001 1962
3 1962 2001 2002
3 1962 2002 1963
3 1963 2002 2003
3 1963 2003 1964
3 1964 2003 2004
3 1964 2004 1965
3 1965 2004 2005
3 1965 2005 1966
3 1966 2005 2006
3 1966 2006 1967
3 1967 2006 2007
3 1967 2007 1968
3 1968 2007 2008
3 1968 2008 1969
3 1969 2008 2009
3 1969 2009 1970
3 1970 2009 2010
3 1970 2010 1971
3 1971 2010 2011
3 1971 2011 1972
3 1972 2011 2012
3 1972 2012 1973
3 1973 2012 2013
3 1973 2013 1974
3 1974 2013 2014
3 1974 2014 1975
3 1975 2014 2015
3 1975 2015 1976
3 1976 2015 2016
3 1976 2016 1977
3 1977 2016 2017
3 1977 2017 1978
3 1978 2017 2018
3 1978 2018 1979
3 1979 2018 2019
3 1979 2019 1980
3 1980 2019 2020
3 1980 2020 1981
3 1981 2020 2021
3 1981 2021 1982
3 1982 2021 2022
3 1982 2022 1983
3 1983 2022 2023
3 1983 2023 1984
3 1984 2023 2024
3 1984 2024 1985
3 1985 2024 2025
3 1985 2025 1986
3 1986 2025 2026
3 1986 2026 1987
3 1987 2026 2027
3 1987 2027 1988
3 1988 2027 2028
3 1988 2028 1989
3 1989 2028 2029
3 1989 2029 1990
3 1990 2029 2030
3 1990 2030 1991
3 1991 2030 2031
3 1991 2031 1992
3 1992 2031 2032
3 1992 2032 1993
3 1993 2032 2033
3 1993 2033 1994
3 1994 2033 2034
3 1994 2034 1995
3 1995 2034 2035
3 1995 2035 1996
3 1996 2035 2036
3 1996 2036 1997
3 1997 2036 2037
3 1997 2037 1998
3 1998 2037 2038
3 1998 2038 1999
3 1999 2038 2039
3 2000 2040 2001
3 2001 2040 2041
3 2001 2041 2002
3 2002 2041 2042
3 2002 2042 2003
3 2003 2042 2043
3 2003 2043 2004
3 2004 2043 2044
3 2004 2044 2005
3 2005 2044 2045
3 2005 2045 2006
3 2006 2045 2046
3 2006 2046 2007
3 2007 2046 2047
3 2007 2047 2008
3 2008 2047 2048
3 2008 2048 2009
3 2009 2048 2049
3 2009 2049 2010
3 2010 2049 2050
3 2010 2050 2011
3 2011 2050 2051
3 2011 2051 2012
3 2012 2051 2052
3 2012 2052 2013
3 2013 2052 2053
3 2013 2053 2014
3 2014 2053 2054
3 2014 2054 2015
3 2015 2054 2055
3 2015 2055 2016
3 2016 2055 2056
3 2016 2056 2017
3 2017 2056 2057
3 2017 2057 2018
3 2018 2057 2058
3 2018 2058 2019
3 2019 2058 2059
3 2019 2059 2020
3 2020 2059 2060
3 2020 2060 2021
3 2021 2060 2061
3 2021 2061 2022
3 2022 2061 2062
3 2022 2062 2023
3 2023 2062 2063
3 2023 2063 2024
3 2024 2063 2064
3 2024 2064 2025
3 2025 2064 2065
3 2025 2065 2026
3 2026 2065 2066
3 2026 2066 2027
3 2027 2066 2067
3 2027 2067 2028
3 2028 2067 2068
3 2028 2068 2029
3 2029 2068 2069
3 2029 2069 2030
3 2030 2069 2070
3 2030 2070 2031
3 2031 2070 2071
3 2031 2071 2032
3 2032 2071 2072
3 2032 2072 2033
3 2033 2072 2073
3 2033 2073 2034
3 2034 2073 2074
3 2034 2074 2035
3 2035 2074 2075
3 2035 2075 2036
3 2036 2075 2076
3 2036 2076 2037
3 2037 2076 2077
3 2037 2077 2038
3 2038 2077 2078
3 2038 2078 2039
3 2039 2078 2079
3 2040 2080 2041
3 2041 2080 2081
3 2041 2081 2042
3 2042 2081 2082
3 2042 2082 2043
3 2043 2082 2083
3 2043 2083 2044
3 2044 2083 2084
3 2044 2084 2045
3 2045 2084 2085
3 2045 2085 2046
3 2046 2085 2086
3 2046 2086 2047
3 2047 2086 2087
3 2047 2087 2048
3 2048 2087 2088
3 2048 2088 2049
3 2049 2088 2089
3 2049 2089 2050
3 2050 2089 2090
3 2050 2090 2051
3 2051 2090 2091
3 2051 2091 2052
3 2052 2091 2092
3 2052 2092 2053
3 2053 2092 2093
3 2053 2093 2054
3 2054 2093 2094
3 2054 2094 2055
3 2055 2094 2095
3 2055 2095 2056
3 2056 2095 2096
3 2056 2096 2057
3 2057 2096 2097
3 2057 2097 2058
3 2058 2097 2098
3 2058 2098 2059
3 2059 2098 2099
3 2059 2099 2060
3 2060 2099 2100
3 2060 2100 2061
3 2061 2100 2101
3 2061 2101 2062
3 2062 2101 2102
3 2062 2102 2063
3 2063 2102 2103
3 2063 2103 2064
3 2064 2103 2104
3 2064 2104 2065
3 2065 2104 2105
3 2065 2105 2066
3 2066 2105 2106
3 2066 2106 2067
3 2067 2106 2107
3 2067 2107 2068
3 2068 2107 2108
3 2068 2108 2069
3 2069 2108 2109
3 2069 2109 2070
3 2070 2109 2110
3 2070 2110 2071
3 2071 2110 2111
3 2071 2111 2072
3 2072 2111 2112
3 2072 2112 2073
3 2073 2112 2113
3 2073 2113 2074
3 2074 2113 2114
3 2074 2114 2075
3 2075 2114 2115
3 2075 2115 2076
3 2076 2115 2116
3 2076 2116 2077
3 2077 2116 2117
3 2077 2117 2078
3 2078 2117 2118
3 2078 2118 2079
3 2079 2118 2119
3 2080 2120 2081
3 2081 2120 2121
3 2081 2121 2082
3 2082 2121 2122
3 2082 2122 2083
3 2083 2122 2123
3 2083 2123 2084
3 2084 2123 2124
3 2084 2124 2085
3 2085 2124 2125
3 2085 2125 2086
3 2086 2125 2126
3 2086 2126 2087
3 2087 2126 2127
3 2087 2127 2088
3 2088 2127 2128
3 2088 2128 2089
3 2089 2128 2129
3 2089 2129 2090
3 2090 2129 2130
3 2090 2130 2091
3 2091 2130 2131
3 2091 2131 2092
3 2092 2131 2132
3 2092 2132 2093
3 2093 2132 2133
3 2093 2133 2094
3 2094 2133 2134
3 2094 2134 2095
3 2095 2134 2135
3 2095 2135 2096
3 2096 2135 2136
3 2096 2136 2097
3 2097 2136 2137
3 2097 2137 2098
3 2098 2137 2138
3 2098 2138 2099
3 2099 2138 2139
3 2099 2139 2100
3 2100 2139 2140
3 2100 2140 2101
3 2101 2140 2141
3 2101 2141 2102
3 2102 2141 2142
3 2102 2142 2103
3 2103 2142 2143
3 2103 2143 2104
3 2104 2143 2144
3 2104 2144 2105
3 2105 2144 2145
3 2105 2145 2106
3 2106 2145 2146
3 2106 2146 2107
3 2107 2146 2147
3 2107 2147 2108
3 2108 2147 2148
3 2108 2148 2109
3 2109 2148 2149
3 2109 2149 2110
3 2110 2149 2150
3 2110 2150 2111
3 2111 2150 2151
3 2111 2151 2112
3 2112 2151 2152
3 2112 2152 2113
3 2113 2152 2153
3 2113 2153 2114
3 2114 2153 2154
3 2114 2154 2115
3 2115 2154 2155
3 2115 2155 2116
3 2116 2155 2156
3 2116 2156 2117
3 2117 2156 2157
3 2117 2157 2118
3 2118 2157 2158
3 2118 2158 2119
3 2119 2158 2159
3 2120 2160 2121
3 2121 2160 2161
3 2121 2161 2122
3 2122 2161 2162
3 2122 2162 2123
3 2123 2162 2163
3 2123 2163 2124
3 2124 2163 2164
3 2124 2164 2125
3 2125 2164 2165
3 2125 2165 2126
3 2126 2165 2166
3 2126 2166 2127
3 2127 2166 2167
3 2127 2167 2128
3 2128 2167 2168
3 2128 2168 2129
3 2129 2168 2169
3 2129 2169 2130
3 2130 2169 2170
3 2130 2170 2131
3 2131 2170 2171
3 2131 2171 2132
3 2132 2171 2172
3 2132 2172 2133
3 2133 2172 2173
3 2133 2173 2134
3 2134 2173 2174
3 2134 2174 2135
3 2135 2174 2175
3 2135 2175 2136
3 2136 2175 2176
3 2136 2176 2137
3 2137 2176 2177
3 2137 2177 2138
3 2138 2177 2178
3 2138 2178 2139
3 2139 2178 2179
3 2139 2179 2140
3 2140 2179 2180
3 2140 2180 2141
3 2141 2180 2181
3 2141 2181 2142
3 2142 2181 2182
3 2142 2182 2143
3 2143 2182 2183
3 2143 2183 2144
3 2144 2183 2184
3 2144 2184 2145
3 2145 2184 2185
3 2145 2185 2146
3 2146 2185 2186
3 2146 2186 2147
3 2147 2186 2187
3 2147 2187 2148
3 2148 2187 2188
3 2148 2188 2149
3 2149 2188 2189
3 2149 2189 2150
3 2150 2189 2190
3 2150 2190 2151
3 2151 2190 2191
3 2151 2191 2152
3 2152 2191 2192
3 2152 2192 2153
3 2153 2192 2193
3 2153 2193 2154
3 2154 2193 2194
3 2154 2194 2155
3 2155 2194 2195
3 2155 2195 2156
3 2156 2195 2196
3 2156 2196 2157
3 2157 2196 2197
3 2157 2197 2158
3 2158 2197 2198
3 2158 2198 2159
3 2159 2198 2199
3 2160 2200 2161
3 2161 2200 2201
3 2161 2201 2162
3 2162 2201 2202
3 2162 2202 2163
3 2163 2202 2203
3 2163 2203 2164
3 2164 2203 2204
3 2164 2204 2165
3 2165 2204 2205
3 2165 2205 2166
3 2166 2205 2206
3 2166 2206 2167
3 2167 2206 2207
3 2167 2207 2168
3 2168 2207 2208
3 2168 2208 2169
3 2169 2208 2209
3 2169 2209 2170
3 2170 2209 2210
3 2170 2210 2171
3 2171 2210 2211
3 2171 2211 2172
3 2172 2211 2212
3 2172 2212 2173
3 2173 2212 2213
3 2173 2213 2174
3 2174 2213 2214
3 2174 2214 2175
3 2175 2214 2215
3 2175 2215 2176
3 2176 2215 2216
3 2176 2216 2177
3 2177 2216 2217
3 2177 2217 2178
3 2178 2217 2218
3 2178 2218 2179
3 2179 2218 2219
3 2179 2219 2180
3 2180 2219 2220
3 2180 2220 2181
3 2181 2220 2221
3 2181 2221 2182
3 2182 2221 2222
3 2182 2222 2183
3 2183 2222 2223
3 2183 2223 2184
3 2184 2223 2224
3 2184 2224 2185
3 2185 2224 2225
3 2185 2225 2186
3 2186 2225 2226
3 2186 2226 2187
3 2187 2226 2227
3 2187 2227 2188
3 2188 2227 2228
3 2188 2228 2189
3 2189 2228 2229
3 2189 2229 2190
3 2190 2229 2230
3 2190 2230 2191
3 2191 2230 2231
3 2191 2231 2192
3 2192 2231 2232
3 2192 2232 2193
3 2193 2232 2233
3 2193 2233 2194
3 2194 2233 2234
3 2194 2234 2195
3 2195 2234 2235
3 2195 2235 2196
3 2196 2235 2236
3 2196 2236 2197
3 2197 2236 2237
3 2197 2237 2198
3 2198 2237 2238
3 2198 2238 2199
3 2199 2238 2239
3 2200 2240 2201
3 2201 2240 2241
3 2201 2241 2202
3 2202 2241 2242
3 2202 2242 2203
3 2203 2242 2243
3 2203 2243 2204
3 2204 2243 2244
3 2204 2244 2205
3 2205 2244 2245
3 2205 2245 2206
3 2206 2245 2246
3 2206 2246 2207
3 2207 2246 2247
3 2207 2247 2208
3 2208 2247 2248
3 2208 2248 2209
3 2209 2248 2249
3 2209 2249 2210
3 2210 2249 2250
3 2210 2250 2211
3 2211 2250 2251
3 2211 2251 2212
3 2212 2251 2252
3 2212 2252 2213
3 2213 2252 2253
3 2213 2253 2214
3 2214 2253 2254
3 2214 2254 2215
3 2215 2254 2255
3 2215 2255 2216
3 2216 2255 2256
3 2216 2256 2217
3 2217 2256 2257
3 2217 2257 2218
3 2218 2257 2258
3 2218 2258 2219
3 2219 2258 2259
3 2219 2259 2220
3 2220 2259 2260
3 2220 2260 2221
3 2221 2260 2261
3 2221 2261 2222
3 2222 2261 2262
3 2222 2262 2223
3 2223 2262 2263
3 2223 2263 2224
3 2224 2263 2264
3 2224 2264 2225
3 2225 2264 2265
3 2225 2265 2226
3 2226 2265 2266
3 2226 2266 2227
3 2227 2266 2267
3 2227 2267 2228
3 2228 2267 2268
3 2228 2268 2229
3 2229 2268 2269
3 2229 2269 2230
3 2230 2269 2270
3 2230 2270 2231
3 2231 2270 2271
3 2231 2271 2232
3 2232 2271 2272
3 2232 2272 2233
3 2233 2272 2273
3 2233 2273 2234
3 2234 2273 2274
3 2234 2274 2235
3 2235 2274 2275
3 2235 2275 2236
3 2236 2275 2276
3 2236 2276 2237
3 2237 2276 2277
3 2237 2277 2238
3 2238 2277 2278
3 2238 2278 2239
3 2239 2278 2279
3 2240 2280 2241
3 2241 2280 2281
3 2241 2281 2242
3 2242 2281 2282
3 2242 2282 2243
3 2243 2282 2283
3 2243 2283 2244
3 2244 2283 2284
3 2244 2284 2245
3 2245 2284 2285
3 2245 2285 2246
3 2246 2285 2286
3 2246 2286 2247
3 2247 2286 2287
3 2247 2287 2248
3 2248 2287 2288
3 2248 2288 2249
3 2249 2288 2289
3 2249 2289 2250
3 2250 2289 2290
3 2250 2290 2251
3 2251 2290 2291
3 2251 2291 2252
3 2252 2291 2292
3 2252 2292 2253
3 2253 2292 2293
3 2253 2293 2254
3 2254 2293 2294
3 2254 2294 2255
3 2255 2294 2295
3 2255 2295 2256
3 2256 2295 2296
3 2256 2296 2257
3 2257 2296 2297
3 2257 2297 2258
3 2258 2297 2298
3 2258 2298 2259
3 2259 2298 2299
3 2259 2299 2260
3 2260 2299 2300
3 2260 2300 2261
3 2261 2300 2301
3 2261 2301 2262
3 2262 2301 2302
3 2262 2302 2263
3 2263 2302 2303
3 2263 2303 2264
3 2264 2303 2304
3 2264 2304 2265
3 2265 2304 2305
3 2265 2305 2266
3 2266 2305 2306
3 2266 2306 2267
3 2267 2306 2307
3 2267 2307 2268
3 2268 2307 2308
3 2268 2308 2269
3 2269 2308 2309
3 2269 2309 2270
3 2270 2309 2310
3 2270 2310 2271
3 2271 2310 2311
3 2271 2311 2272
3 2272 2311 2312
3 2272 2312 2273
3 2273 2312 2313
3 2273 2313 2274
3 2274 2313 2314
3 2274 2314 2275
3 2275 2314 2315
3 2275 2315 2276
3 2276 2315 2316
3 2276 2316 2277
3 2277 2316 2317
3 2277 2317 2278
3 2278 2317 2318
3 2278 2318 2279
3 2279 2318 2319
3 2280 2320 2281
3 2281 2320 2321
3 2281 2321 2282
3 2282 2321 2322
3 2282 2322 2283
3 2283 2322 2323
3 2283 2323 2284
3 2284 2323 2324
3 2284 2324 2285
3 2285 2324 2325
3 2285 2325 2286
3 2286 2325 2326
3 2286 2326 2287
3 2287 2326 2327
3 2287 2327 2288
3 2288 2327 2328
3 2288 2328 2289
3 2289 2328 2329
3 2289 2329 2290
3 2290 2329 2330
3 2290 2330 2291
3 2291 2330 2331
3 2291 2331 2292
3 2292 2331 2332
3 2292 2332 2293
3 2293 2332 2333
3 2293 2333 2294
3 2294 2333 2334
3 2294 2334 2295
3 2295 2334 2335
3 2295 2335 2296
3 2296 2335 2336
3 2296 2336 2297
3 2297 2336 2337
3 2297 2337 2298
3 2298 2337 2338
3 2298 2338 2299
3 2299 2338 2339
3 2299 2339 2300
3 2300 2339 2340
3 2300 2340 2301
3 2301 2340 2341
3 2301 2341 2302
3 2302 2341 2342
3 2302 2342 2303
3 2303 2342 2343
3 2303 2343 2304
3 2304 2343 2344
3 2304 2344 2305
3 2305 2344 2345
3 2305 2345 2306
3 2306 2345 2346
3 2306 2346 2307
3 2307 2346 2347
3 2307 2347 2308
3 2308 2347 2348
3 2308 2348 2309
3 2309 2348 2349
3 2309 2349 2310
3 2310 2349 2350
3 2310 2350 2311
3 2311 2350 2351
3 2311 2351 2312
3 2312 2351 2352
3 2312 2352 2313
3 2313 2352 2353
3 2313 2353 2314
3 2314 2353 2354
3 2314 2354 2315
3 2315 2354 2355
3 2315 2355 2316
3 2316 2355 2356
3 2316 2356 2317
3 2317 2356 2357
3 2317 2357 2318
3 2318 2357 2358
3 2318 2358 2319
3 2319 2358 2359
3 2320 2360 2321
3 2321 2360 2361
3 2321 2361 2322
3 2322 2361 2362
3 2322 2362 2323
3 2323 2362 2363
3 2323 2363 2324
3 2324 2363 2364
3 2324 2364 2325
3 2325 2364 2365
3 2325 2365 2326
3 2326 2365 2366
3 2326 2366 2327
3 2327 2366 2367
3 2327 2367 2328
3 2328 2367 2368
3 2328 2368 2329
3 2329 2368 2369
3 2329 2369 2330
3 2330 2369 2370
3 2330 2370 2331
3 2331 2370 2371
3 2331 2371 2332
3 2332 2371 2372
3 2332 2372 2333
3 2333 2372 2373
3 2333 2373 2334
3 2334 2373 2374
3 2334 2374 2335
3 2335 2374 2375
3 2335 2375 2336
3 2336 2375 2376
3 2336 2376 2337
3 2337 2376 2377
3 2337 2377 2338
3 2338 2377 2378
3 2338 2378 2339
3 2339 2378 2379
3 2339 2379 2340
3 2340 2379 2380
3 2340 2380 2341
3 2341 2380 2381
3 2341 2381 2342
3 2342 2381 2382
3 2342 2382 2343
3 2343 2382 2383
3 2343 2383 2344
3 2344 2383 2384
3 2344 2384 2345
3 2345 2384 2385
3 2345 2385 2346
3 2346 2385 2386
3 2346 2386 2347
3 2347 2386 2387
3 2347 2387 2348
3 2348 2387 2388
3 2348 2388 2349
3 2349 2388 2389
3 2349 2389 2350
3 2350 2389 2390
3 2350 2390 2351
3 2351 2390 2391
3 2351 2391 2352
3 2352 2391 2392
3 2352 2392 2353
3 2353 2392 2393
3 2353 2393 2354
3 2354 2393 2394
3 2354 2394 2355
3 2355 2394 2395
3 2355 2395 2356
3 2356 2395 2396
3 2356 2396 2357
3 2357 2396 2397
3 2357 2397 2358
3 2358 2397 2398
3 2358 2398 2359
3 2359 2398 2399
3 2360 2400 2361
3 2361 2400 2401
3 2361 2401 2362
3 2362 2401 2402
3 2362 2402 2363
3 2363 2402 2403
3 2363 2403 2364
3 2364 2403 2404
3 2364 2404 2365
3 2365 2404 2405
3 2365 2405 2366
3 2366 2405 2406
3 2366 2406 2367
3 2367 2406 2407
3 2367 2407 2368
3 2368 2407 2408
3 2368 2408 2369
3 2369 2408 2409
3 2369 2409 2370
3 2370 2409 2410
3 2370 2410 2371
3 2371 2410 2411
3 2371 2411 2372
3 2372 2411 2412
3 2372 2412 2373
3 2373 2412 2413
3 2373 2413 2374
3 2374 2413 2414
3 2374 2414 2375
3 2375 2414 2415
3 2375 2415 2376
3 2376 2415 2416
3 2376 2416 2377
3 2377 2416 2417
3 2377 2417 2378
3 2378 2417 2418
3 2378 2418 2379
3 2379 2418 2419
3 2379 2419 2380
3 2380 2419 2420
3 2380 2420 2381
3 2381 2420 2421
3 2381 2421 2382
3 2382 2421 2422
3 2382 2422 2383
3 2383 2422 2423
3 2383 2423 2384
3 2384 2423 2424
3 2384 2424 2385
3 2385 2424 2425
3 2385 2425 2386
3 2386 2425 2426
3 2386 2426 2387
3 2387 2426 2427
3 2387 2427 2388
3 2388 2427 2428
3 2388 2428 2389
3 2389 2428 2429
3 2389 2429 2390
3 2390 2429 2430
3 2390 2430 2391
3 2391 2430 2431
3 2391 2431 2392
3 2392 2431 2432
3 2392 2432 2393
3 2393 2432 2433
3 2393 2433 2394
3 2394 2433 2434
3 2394 2434 2395
3 2395 2434 2435
3 2395 2435 2396
3 2396 2435 2436
3 2396 2436 2397
3 2397 2436 2437
3 2397 2437 2398
3 2398 2437 2438
3 2398 2438 2399
3 2399 2438 2439
3 2400 2440 2401
3 2401 2440 2441
3 2401 2441 2402
3 2402 2441 2442
3 2402 2442 2403
3 2403 2442 2443
3 2403 2443 2404
3 2404 2443 2444
3 2404 2444 2405
3 2405 2444 2445
3 2405 2445 2406
3 2406 2445 2446
3 2406 2446 2407
3 2407 2446 2447
3 2407 2447 2408
3 2408 2447 2448
3 2408 2448 2409
3 2409 2448 2449
3 2409 2449 2410
3 2410 2449 2450
3 2410 2450 2411
3 2411 2450 2451
3 2411 2451 2412
3 2412 2451 2452
3 2412 2452 2413
3 2413 2452 2453
3 2413 2453 2414
3 2414 2453 2454
3 2414 2454 2415
3 2415 2454 2455
3 2415 2455 2416
3 2416 2455 2456
3 2416 2456 2417
3 2417 2456 2457
3 2417 2457 2418
3 2418 2457 2458
3 2418 2458 2419
3 2419 2458 2459
3 2419 2459 2420
3 2420 2459 2460
3 2420 2460 2421
3 2421 2460 2461
3 2421 2461 2422
3 2422 2461 2462
3 2422 2462 2423
3 2423 2462 2463
3 2423 2463 2424
3 2424 2463 2464
3 2424 2464 2425
3 2425 2464 2465
3 2425 2465 2426
3 2426 2465 2466
3 2426 2466 2427
3 2427 2466 2467
3 2427 2467 2428
3 2428 2467 2468
3 2428 2468 2429
3 2429 2468 2469
3 2429 2469 2430
3 2430 2469 2470
3 2430 2470 2431
3 2431 2470 2471
3 2431 2471 2432
3 2432 2471 2472
3 2432 2472 2433
3 2433 2472 2473
3 2433 2473 2434
3 2434 2473 2474
3 2434 2474 2435
3 2435 2474 2475
3 2435 2475 2436
3 2436 2475 2476
3 2436 2476 2437
3 2437 2476 2477
3 2437 2477 2438
3 2438 2477 2478
3 2438 2478 2439
3 2439 2478 2479
3 2440 2480 2441
3 2441 2480 2481
3 2441 2481 2442
3 2442 2481 2482
3 2442 2482 2443
3 2443 2482 2483
3 2443 2483 2444
3 2444 2483 2484
3 2444 2484 2445
3 2445 2484 2485
3 2445 2485 2446
3 2446 2485 2486
3 2446 2486 2447
3 2447 2486 2487
3 2447 2487 2448
3 2448 2487 2488
3 2448 2488 2449
3 2449 2488 2489
3 2449 2489 2450
3 2450 2489 2490
3 2450 2490 2451
3 2451 2490 2491
3 2451 2491 2452
3 2452 2491 2492
3 2452 2492 2453
3 2453 2492 2493
3 2453 2493 2454
3 2454 2493 2494
3 2454 2494 2455
3 2455 2494 2495
3 2455 2495 2456
3 2456 2495 2496
3 2456 2496 2457
3 2457 2496 2497
3 2457 2497 2458
3 2458 2497 2498
3 2458 2498 2459
3 2459 2498 2499
3 2459 2499 2460
3 2460 2499 2500
3 2460 2500 2461
3 2461 2500 2501
3 2461 2501 2462
3 2462 2501 2502
3 2462 2502 2463
3 2463 2502 2503
3 2463 2503 2464
3 2464 2503 2504
3 2464 2504 2465
3 2465 2504 2505
3 2465 2505 2466
3 2466 2505 2506
3 2466 2506 2467
3 2467 2506 2507
3 2467 2507 2468
3 2468 2507 2508
3 2468 2508 2469
3 2469 2508 2509
3 2469 2509 2470
3 2470 2509 2510
3 2470 2510 2471
3 2471 2510 2511
3 2471 2511 2472
3 2472 2511 2512
3 2472 2512 2473
3 2473 2512 2513
3 2473 2513 2474
3 2474 2513 2514
3 2474 2514 2475
3 2475 2514 2515
3 2475 2515 2476
3 2476 2515 2516
3 2476 2516 2477
3 2477 2516 2517
3 2477 2517 2478
3 2478 2517 2518
3 2478 2518 2479
3 2479 2518 2519
3 2480 2520 2481
3 2481 2520 2521
3 2481 2521 2482
3 2482 2521 2522
3 2482 2522 2483
3 2483 2522 2523
3 2483 2523 2484
3 2484 2523 2524
3 2484 2524 2485
3 2485 2524 2525
3 2485 2525 2486
3 2486 2525 2526
3 2486 2526 2487
3 2487 2526 2527
3 2487 2527 2488
3 2488 2527 2528
3 2488 2528 2489
3 2489 2528 2529
3 2489 2529 2490
3 2490 2529 2530
3 2490 2530 2491
3 2491 2530 2531
3 2491 2531 2492
3 2492 2531 2532
3 2492 2532 2493
3 2493 2532 2533
3 2493 2533 2494
3 2494 2533 2534
3 2494 2534 2495
3 2495 2534 2535
3 2495 2535 2496
3 2496 2535 2536
3 2496 2536 2497
3 2497 2536 2537
3 2497 2537 2498
3 2498 2537 2538
3 2498 2538 2499
3 2499 2538 2539
3 2499 2539 2500
3 2500 2539 2540
3 2500 2540 2501
3 2501 2540 2541
3 2501 2541 2502
3 2502 2541 2542
3 2502 2542 2503
3 2503 2542 2543
3 2503 2543 2504
3 2504 2543 2544
3 2504 2544 2505
3 2505 2544 2545
3 2505 2545 2506
3 2506 2545 2546
3 2506 2546 2507
3 2507 2546 2547
3 2507 2547 2508
3 2508 2547 2548
3 2508 2548 2509
3 2509 2548 2549
3 2509 2549 2510
3 2510 2549 2550
3 2510 2550 2511
3 2511 2550 2551
3 2511 2551 2512
3 2512 2551 2552
3 2512 2552 2513
3 2513 2552 2553
3 2513 2553 2514
3 2514 2553 2554
3 2514 2554 2515
3 2515 2554 2555
3 2515 2555 2516
3 2516 2555 2556
3 2516 2556 2517
3 2517 2556 2557
3 2517 2557 2518
3 2518 2557 2558
3 2518 2558 2519
3 2519 2558 2559
3 2520 2560 2521
3 2521 2560 2561
3 2521 2561 2522
3 2522 2561 2562
3 2522 2562 2523
3 2523 2562 2563
3 2523 2563 2524
3 2524 2563 2564
3 2524 2564 2525
3 2525 2564 2565
3 2525 2565 2526
3 2526 2565 2566
3 2526 2566 2527
3 2527 2566 2567
3 2527 2567 2528
3 2528 2567 2568
3 2528 2568 2529
3 2529 2568 2569
3 2529 2569 2530
3 2530 2569 2570
3 2530 2570 2531
3 2531 2570 2571
3 2531 2571 2532
3 2532 2571 2572
3 2532 2572 2533
3 2533 2572 2573
3 2533 2573 2534
3 2534 2573 2574
3 2534 2574 2535
3 2535 2574 2575
3 2535 2575 2536
3 2536 2575 2576
3 2536 2576 2537
3 2537 2576 2577
3 2537 2577 2538
3 2538 2577 2578
3 2538 2578 2539
3 2539 2578 2579
3 2539 2579 2540
3 2540 2579 2580
3 2540 2580 2541
3 2541 2580 2581
3 2541 2581 2542
3 2542 2581 2582
3 2542 2582 2543
3 2543 2582 2583
3 2543 2583 2544
3 2544 2583 2584
3 2544 2584 2545
3 2545 2584 2585
3 2545 2585 2546
3 2546 2585 2586
3 2546 2586 2547
3 2547 2586 2587
3 2547 2587 2548
3 2548 2587 2588
3 2548 2588 2549
3 2549 2588 2589
3 2549 2589 2550
3 2550 2589 2590
3 2550 2590 2551
3 2551 2590 2591
3 2551 2591 2552
3 2552 2591 2592
3 2552 2592 2553
3 2553 2592 2593
3 2553 2593 2554
3 2554 2593 2594
3 2554 2594 2555
3 2555 2594 2595
3 2555 2595 2556
3 2556 2595 2596
3 2556 2596 2557
3 2557 2596 2597
3 2557 2597 2558
3 2558 2597 2598
3 2558 2598 2559
3 2559 2598 2599
3 2560 2600 2561
3 2561 2600 2601
3 2561 2601 2562
3 2562 2601 2602
3 2562 2602 2563
3 2563 2602 2603
3 2563 2603 2564
3 2564 2603 2604
3 2564 2604 2565
3 2565 2604 2605
3 2565 2605 2566
3 2566 2605 2606
3 2566 2606 2567
3 2567 2606 2607
3 2567 2607 2568
3 2568 2607 2608
3 2568 2608 2569
3 2569 2608 2609
3 2569 2609 2570
3 2570 2609 2610
3 2570 2610 2571
3 2571 2610 2611
3 2571 2611 2572
3 2572 2611 2612
3 2572 2612 2573
3 2573 2612 2613
3 2573 2613 2574
3 2574 2613 2614
3 2574 2614 2575
3 2575 2614 2615
3 2575 2615 2576
3 2576 2615 2616
3 2576 2616 2577
3 2577 2616 2617
3 2577 2617 2578
3 2578 2617 2618
3 2578 2618 2579
3 2579 2618 2619
3 2579 2619 2580
3 2580 2619 2620
3 2580 2620 2581
3 2581 2620 2621
3 2581 2621 2582
3 2582 2621 2622
3 2582 2622 2583
3 2583 2622 2623
3 2583 2623 2584
3 2584 2623 2624
3 2584 2624 2585
3 2585 2624 2625
3 2585 2625 2586
3 2586 2625 2626
3 2586 2626 2587
3 2587 2626 2627
3 2587 2627 2588
3 2588 2627 2628
3 2588 2628 2589
3 2589 2628 2629
3 2589 2629 2590
3 2590 2629 2630
3 2590 2630 2591
3 2591 2630 2631
3 2591 2631 2592
3 2592 2631 2632
3 2592 2632 2593
3 2593 2632 2633
3 2593 2633 2594
3 2594 2633 2634
3 2594 2634 2595
3 2595 2634 2635
3 2595 2635 2596
3 2596 2635 2636
3 2596 2636 2597
3 2597 2636 2637
3 2597 2637 2598
3 2598 2637 2638
3 2598 2638 2599
3 2599 2638 2639
3 2600 2640 2601
3 2601 2640 2641
3 2601 2641 2602
3 2602 2641 2642
3 2602 2642 2603
3 2603 2642 2643
3 2603 2643 2604
3 2604 2643 2644
3 2604 2644 2605
3 2605 2644 2645
3 2605 2645 2606
3 2606 2645 2646
3 2606 2646 2607
3 2607 2646 2647
3 2607 2647 2608
3 2608 2647 2648
3 2608 2648 2609
3 2609 2648 2649
3 2609 2649 2610
3 2610 2649 2650
3 2610 2650 2611
3 2611 2650 2651
3 2611 2651 2612
3 2612 2651 2652
3 2612 2652 2613
3 2613 2652 2653
3 2613 2653 2614
3 2614 2653 2654
3 2614 2654 2615
3 2615 2654 2655
3 2615 2655 2616
3 2616 2655 2656
3 2616 2656 2617
3 2617 2656 2657
3 2617 2657 2618
3 2618 2657 2658
3 2618 2658 2619
3 2619 2658 2659
3 2619 2659 2620
3 2620 2659 2660
3 2620 2660 2621
3 2621 2660 2661
3 2621 2661 2622
3 2622 2661 2662
3 2622 2662 2623
3 2623 2662 2663
3 2623 2663 2624
3 2624 2663 2664
3 2624 2664 2625
3 2625 2664 2665
3 2625 2665 2626
3 2626 2665 2666
3 2626 2666 2627
3 2627 2666 2667
3 2627 2667 2628
3 2628 2667 2668
3 2628 2668 2629
3 2629 2668 2669
3 2629 2669 2630
3 2630 2669 2670
3 2630 2670 2631
3 2631 2670 2671
3 2631 2671 2632
3 2632 2671 2672
3 2632 2672 2633
3 2633 2672 2673
3 2633 2673 2634
3 2634 2673 2674
3 2634 2674 2635
3 2635 2674 2675
3 2635 2675 2636
3 2636 2675 2676
3 2636 2676 2637
3 2637 2676 2677
3 2637 2677 2638
3 2638 2677 2678
3 2638 2678 2639
3 2639 2678 2679
3 2640 2680 2641
3 2641 2680 2681
3 2641 2681 2642
3 2642 2681 2682
3 2642 2682 2643
3 2643 2682 2683
3 2643 2683 2644
3 2644 2683 2684
3 2644 2684 2645
3 2645 2684 2685
3 2645 2685 2646
3 2646 2685 2686
3 2646 2686 2647
3 2647 2686 2687
3 2647 2687 2648
3 2648 2687 2688
3 2648 2688 2649
3 2649 2688 2689
3 2649 2689 2650
3 2650 2689 2690
3 2650 2690 2651
3 2651 2690 2691
3 2651 2691 2652
3 2652 2691 2692
3 2652 2692 2653
3 2653 2692 2693
3 2653 2693 2654
3 2654 2693 2694
3 2654 2694 2655
3 2655 2694 2695
3 2655 2695 2656
3 2656 2695 2696
3 2656 2696 2657
3 2657 2696 2697
3 2657 2697 2658
3 2658 2697 2698
3 2658 2698 2659
3 2659 2698 2699
3 2659 2699 2660
3 2660 2699 2700
3 2660 2700 2661
3 2661 2700 2701
3 2661 2701 2662
3 2662 2701 2702
3 2662 2702 2663
3 2663 2702 2703
3 2663 2703 2664
3 2664 2703 2704
3 2664 2704 2665
3 2665 2704 2705
3 2665 2705 2666
3 2666 2705 2706
3 2666 2706 2667
3 2667 2706 2707
3 2667 2707 2668
3 2668 2707 2708
3 2668 2708 2669
3 2669 2708 2709
3 2669 2709 2670
3 2670 2709 2710
3 2670 2710 2671
3 2671 2710 2711
3 2671 2711 2672
3 2672 2711 2712
3 2672 2712 2673
3 2673 2712 2713
3 2673 2713 2674
3 2674 2713 2714
3 2674 2714 2675
3 2675 2714 2715
3 2675 2715 2676
3 2676 2715 2716
3 2676 2716 2677
3 2677 2716 2717
3 2677 2717 2678
3 2678 2717 2718
3 2678 2718 2679
3 2679 2718 2719
3 2680 2720 2681
3 2681 2720 2721
3 2681 2721 2682
3 2682 2721 2722
3 2682 2722 2683
3 2683 2722 2723
3 2683 2723 2684
3 2684 2723 2724
3 2684 2724 2685
3 2685 2724 2725
3 2685 2725 2686
3 2686 2725 2726
3 2686 2726 2687
3 2687 2726 2727
3 2687 2727 2688
3 2688 2727 2728
3 2688 2728 2689
3 2689 2728 2729
3 2689 2729 2690
3 2690 2729 2730
3 2690 2730 2691
3 2691 2730 2731
3 2691 2731 2692
3 2692 2731 2732
3 2692 2732 2693
3 2693 2732 2733
3 2693 2733 2694
3 2694 2733 2734
3 2694 2734 2695
3 2695 2734 2735
3 2695 2735 2696
3 2696 2735 2736
3 2696 2736 2697
3 2697 2736 2737
3 2697 2737 2698
3 2698 2737 2738
3 2698 2738 2699
3 2699 2738 2739
3 2699 2739 2700
3 2700 2739 2740
3 2700 2740 2701
3 2701 2740 2741
3 2701 2741 2702
3 2702 2741 2742
3 2702 2742 2703
3 2703 2742 2743
3 2703 2743 2704
3 2704 2743 2744
3 2704 2744 2705
3 2705 2744 2745
3 2705 2745 2706
3 2706 2745 2746
3 2706 2746 2707
3 2707 2746 2747
3 2707 2747 2708
3 2708 2747 2748
3 2708 2748 2709
3 2709 2748 2749
3 2709 2749 2710
3 2710 2749 2750
3 2710 2750 2711
3 2711 2750 2751
3 2711 2751 2712
3 2712 2751 2752
3 2712 2752 2713
3 2713 2752 2753
3 2713 2753 2714
3 2714 2753 2754
3 2714 2754 2715
3 2715 2754 2755
3 2715 2755 2716
3 2716 2755 2756
3 2716 2756 2717
3 2717 2756 2757
3 2717 2757 2718
3 2718 2757 2758
3 2718 2758 2719
3 2719 2758 2759
3 2720 2760 2721
3 2721 2760 2761
3 2721 2761 2722
3 2722 2761 2762
3 2722 2762 2723
3 2723 2762 2763
3 2723 2763 2724
3 2724 2763 2764
3 2724 2764 2725
3 2725 2764 2765
3 2725 2765 2726
3 2726 2765 2766
3 2726 2766 2727
3 2727 2766 2767
3 2727 2767 2728
3 2728 2767 2768
3 2728 2768 2729
3 2729 2768 2769
3 2729 2769 2730
3 2730 2769 2770
3 2730 2770 2731
3 2731 2770 2771
3 2731 2771 2732
3 2732 2771 2772
3 2732 2772 2733
3 2733 2772 2773
3 2733 2773 2734
3 2734 2773 2774
3 2734 2774 2735
3 2735 2774 2775
3 2735 2775 2736
3 2736 2775 2776
3 2736 2776 2737
3 2737 2776 2777
3 2737 2777 2738
3 2738 2777 2778
3 2738 2778 2739
3 2739 2778 2779
3 2739 2779 2740
3 2740 2779 2780
3 2740 2780 2741
3 2741 2780 2781
3 2741 2781 2742
3 2742 2781 2782
3 2742 2782 2743
3 2743 2782 2783
3 2743 2783 2744
3 2744 2783 2784
3 2744 2784 2745
3 2745 2784 2785
3 2745 2785 2746
3 2746 2785 2786
3 2746 2786 2747
3 2747 2786 2787
3 2747 2787 2748
3 2748 2787 2788
3 2748 2788 2749
3 2749 2788 2789
3 2749 2789 2750
3 2750 2789 2790
3 2750 2790 2751
3 2751 2790 2791
3 2751 2791 2752
3 2752 2791 2792
3 2752 2792 2753
3 2753 2792 2793
3 2753 2793 2754
3 2754 2793 2794
3 2754 2794 2755
3 2755 2794 2795
3 2755 2795 2756
3 2756 2795 2796
3 2756 2796 2757
3 2757 2796 2797
3 2757 2797 2758
3 2758 2797 2798
3 2758 2798 2759
3 2759 2798 2799
3 2760 2800 2761
3 2761 2800 2801
3 2761 2801 2762
3 2762 2801 2802
3 2762 2802 2763
3 2763 2802 2803
3 2763 2803 2764
3 2764 2803 2804
3 2764 2804 2765
3 2765 2804 2805
3 2765 2805 2766
3 2766 2805 2806
3 2766 2806 2767
3 2767 2806 2807
3 2767 2807 2768
3 2768 2807 2808
3 2768 2808 2769
3 2769 2808 2809
3 2769 2809 2770
3 2770 2809 2810
3 2770 2810 2771
3 2771 2810 2811
3 2771 2811 2772
3 2772 2811 2812
3 2772 2812 2773
3 2773 2812 2813
3 2773 2813 2774
3 2774 2813 2814
3 2774 2814 2775
3 2775 2814 2815
3 2775 2815 2776
3 2776 2815 2816
3 2776 2816 2777
3 2777 2816 2817
3 2777 2817 2778
3 2778 2817 2818
3 2778 2818 2779
3 2779 2818 2819
3 2779 2819 2780
3 2780 2819 2820
3 2780 2820 2781
3 2781 2820 2821
3 2781 2821 2782
3 2782 2821 2822
3 2782 2822 2783
3 2783 2822 2823
3 2783 2823 2784
3 2784 2823 2824
3 2784 2824 2785
3 2785 2824 2825
3 2785 2825 2786
3 2786 2825 2826
3 2786 2826 2787
3 2787 2826 2827
3 2787 2827 2788
3 2788 2827 2828
3 2788 2828 2789
3 2789 2828 2829
3 2789 2829 2790
3 2790 2829 2830
3 2790 2830 2791
3 2791 2830 2831
3 2791 2831 2792
3 2792 2831 2832
3 2792 2832 2793
3 2793 2832 2833
3 2793 2833 2794
3 2794 2833 2834
3 2794 2834 2795
3 2795 2834 2835
3 2795 2835 2796
3 2796 2835 2836
3 2796 2836 2797
3 2797 2836 2837
3 2797 2837 2798
3 2798 2837 2838
3 2798 2838 2799
3 2799 2838 2839
3 2800 2840 2801
3 2801 2840 2841
3 2801 2841 2802
3 2802 2841 2842
3 2802 2842 2803
3 2803 2842 2843
3 2803 2843 2804
3 2804 2843 2844
3 2804 2844 2805
3 2805 2844 2845
3 2805 2845 2806
3 2806 2845 2846
3 2806 2846 2807
3 2807 2846 2847
3 2807 2847 2808
3 2808 2847 2848
3 2808 2848 2809
3 2809 2848 2849
3 2809 2849 2810
3 2810 2849 2850
3 2810 2850 2811
3 2811 2850 2851
3 2811 2851 2812
3 2812 2851 2852
3 2812 2852 2813
3 2813 2852 2853
3 2813 2853 2814
3 2814 2853 2854
3 2814 2854 2815
3 2815 2854 2855
3 2815 2855 2816
3 2816 2855 2856
3 2816 2856 2817
3 2817 2856 2857
3 2817 2857 2818
3 2818 2857 2858
3 2818 2858 2819
3 2819 2858 2859
3 2819 2859 2820
3 2820 2859 2860
3 2820 2860 2821
3 2821 2860 2861
3 2821 2861 2822
3 2822 2861 2862
3 2822 2862 2823
3 2823 2862 2863
3 2823 2863 2824
3 2824 2863 2864
3 2824 2864 2825
3 2825 2864 2865
3 2825 2865 2826
3 2826 2865 2866
3 2826 2866 2827
3 2827 2866 2867
3 2827 2867 2828
3 2828 2867 2868
3 2828 2868 2829
3 2829 2868 2869
3 2829 2869 2830
3 2830 2869 2870
3 2830 2870 2831
3 2831 2870 2871
3 2831 2871 2832
3 2832 2871 2872
3 2832 2872 2833
3 2833 2872 2873
3 2833 2873 2834
3 2834 2873 2874
3 2834 2874 2835
3 2835 2874 2875
3 2835 2875 2836
3 2836 2875 2876
3 2836 2876 2837
3 2837 2876 2877
3 2837 2877 2838
3 2838 2877 2878
3 2838 2878 2839
3 2839 2878 2879
3 2840 2880 2841
3 2841 2880 2881
3 2841 2881 2842
3 2842 2881 2882
3 2842 2882 2843
3 2843 2882 2883
3 2843 2883 2844
3 2844 2883 2884
3 2844 2884 2845
3 2845 2884 2885
3 2845 2885 2846
3 2846 2885 2886
3 2846 2886 2847
3 2847 2886 2887
3 2847 2887 2848
3 2848 2887 2888
3 2848 2888 2849
3 2849 2888 2889
3 2849 2889 2850
3 2850 2889 2890
3 2850 2890 2851
3 2851 2890 2891
3 2851 2891 2852
3 2852 2891 2892
3 2852 2892 2853
3 2853 2892 2893
3 2853 2893 2854
3 2854 2893 2894
3 2854 2894 2855
3 2855 2894 2895
3 2855 2895 2856
3 2856 2895 2896
3 2856 2896 2857
3 2857 2896 2897
3 2857 2897 2858
3 2858 2897 2898
3 2858 2898 2859
3 2859 2898 2899
3 2859 2899 2860
3 2860 2899 2900
3 2860 2900 2861
3 2861 2900 2901
3 2861 2901 2862
3 2862 2901 2902
3 2862 2902 2863
3 2863 2902 2903
3 2863 2903 2864
3 2864 2903 2904
3 2864 2904 2865
3 2865 2904 2905
3 2865 2905 2866
3 2866 2905 2906
3 2866 2906 2867
3 2867 2906 2907
3 2867 2907 2868
3 2868 2907 2908
3 2868 2908 2869
3 2869 2908 2909
3 2869 2909 2870
3 2870 2909 2910
3 2870 2910 2871
3 2871 2910 2911
3 2871 2911 2872
3 2872 2911 2912
3 2872 2912 2873
3 2873 2912 2913
3 2873 2913 2874
3 2874 2913 2914
3 2874 2914 2875
3 2875 2914 2915
3 2875 2915 2876
3 2876 2915 2916
3 2876 2916 2877
3 2877 2916 2917
3 2877 2917 2878
3 2878 2917 2918
3 2878 2918 2879
3 2879 2918 2919
3 2880 2920 2881
3 2881 2920 2921
3 2881 2921 2882
3 2882 2921 2922
3 2882 2922 2883
3 2883 2922 2923
3 2883 2923 2884
3 2884 2923 2924
3 2884 2924 2885
3 2885 2924 2925
3 2885 2925 2886
3 2886 2925 2926
3 2886 2926 2887
3 2887 2926 2927
3 2887 2927 2888
3 2888 2927 2928
3 2888 2928 2889
3 2889 2928 2929
3 2889 2929 2890
3 2890 2929 2930
3 2890 2930 2891
3 2891 2930 2931
3 2891 2931 2892
3 2892 2931 2932
3 2892 2932 2893
3 2893 2932 2933
3 2893 2933 2894
3 2894 2933 2934
3 2894 2934 2895
3 2895 2934 2935
3 2895 2935 2896
3 2896 2935 2936
3 2896 2936 2897
3 2897 2936 2937
3 2897 2937 2898
3 2898 2937 2938
3 2898 2938 2899
3 2899 2938 2939
3 2899 2939 2900
3 2900 2939 2940
3 2900 2940 2901
3 2901 2940 2941
3 2901 2941 2902
3 2902 2941 2942
3 2902 2942 2903
3 2903 2942 2943
3 2903 2943 2904
3 2904 2943 2944
3 2904 2944 2905
3 2905 2944 2945
3 2905 2945 2906
3 2906 2945 2946
3 2906 2946 2907
3 2907 2946 2947
3 2907 2947 2908
3 2908 2947 2948
3 2908 2948 2909
3 2909 2948 2949
3 2909 2949 2910
3 2910 2949 2950
3 2910 2950 2911
3 2911 2950 2951
3 2911 2951 2912
3 2912 2951 2952
3 2912 2952 2913
3 2913 2952 2953
3 2913 2953 2914
3 2914 2953 2954
3 2914 2954 2915
3 2915 2954 2955
3 2915 2955 2916
3 2916 2955 2956
3 2916 2956 2917
3 2917 2956 2957
3 2917 2957 2918
3 2918 2957 2958
3 2918 2958 2919
3 2919 2958 2959
3 2920 2960 2921
3 2921 2960 2961
3 2921 2961 2922
3 2922 2961 2962
3 2922 2962 2923
3 2923 2962 2963
3 2923 2963 2924
3 2924 2963 2964
3 2924 2964 2925
3 2925 2964 2965
3 2925 2965 2926
3 2926 2965 2966
3 2926 2966 2927
3 2927 2966 2967
3 2927 2967 2928
3 2928 2967 2968
3 2928 2968 2929
3 2929 2968 2969
3 2929 2969 2930
3 2930 2969 2970
3 2930 2970 2931
3 2931 2970 2971
3 2931 2971 2932
3 2932 2971 2972
3 2932 2972 2933
3 2933 2972 2973
3 2933 2973 2934
3 2934 2973 2974
3 2934 2974 2935
3 2935 2974 2975
3 2935 2975 2936
3 2936 2975 2976
3 2936 2976 2937
3 2937 2976 2977
3 2937 2977 2938
3 2938 2977 2978
3 2938 2978 2939
3 2939 2978 2979
3 2939 2979 2940
3 2940 2979 2980
3 2940 2980 2941
3 2941 2980 2981
3 2941 2981 2942
3 2942 2981 2982
3 2942 2982 2943
3 2943 2982 2983
3 2943 2983 2944
3 2944 2983 2984
3 2944 2984 2945
3 2945 2984 2985
3 2945 2985 2946
3 2946 2985 2986
3 2946 2986 2947
3 2947 2986 2987
3 2947 2987 2948
3 2948 2987 2988
3 2948 2988 2949
3 2949 2988 2989
3 2949 2989 2950
3 2950 2989 2990
3 2950 2990 2951
3 2951 2990 2991
3 2951 2991 2952
3 2952 2991 2992
3 2952 2992 2953
3 2953 2992 2993
3 2953 2993 2954
3 2954 2993 2994
3 2954 2994 2955
3 2955 2994 2995
3 2955 2995 2956
3 2956 2995 2996
3 2956 2996 2957
3 2957 2996 2997
3 2957 2997 2958
3 2958 2997 2998
3 2958 2998 2959
3 2959 2998 2999
3 2960 3000 2961
3 2961 3000 3001
3 2961 3001 2962
3 2962 3001 3002
3 2962 3002 2963
3 2963 3002 3003
3 2963 3003 2964
3 2964 3003 3004
3 2964 3004 2965
3 2965 3004 3005
3 2965 3005 2966
3 2966 3005 3006
3 2966 3006 2967
3 2967 3006 3007
3 2967 3007 2968
3 2968 3007 3008
3 2968 3008 2969
3 2969 3008 3009
3 2969 3009 2970
3 2970 3009 3010
3 2970 3010 2971
3 2971 3010 3011
3 2971 3011 2972
3 2972 3011 3012
3 2972 3012 2973
3 2973 3012 3013
3 2973 3013 2974
3 2974 3013 3014
3 2974 3014 2975
3 2975 3014 3015
3 2975 3015 2976
3 2976 3015 3016
3 2976 3016 2977
3 2977 3016 3017
3 2977 3017 2978
3 2978 3017 3018
3 2978 3018 2979
3 2979 3018 3019
3 2979 3019 2980
3 2980 3019 3020
3 2980 3020 2981
3 2981 3020 3021
3 2981 3021 2982
3 2982 3021 3022
3 2982 3022 2983
3 2983 3022 3023
3 2983 3023 2984
3 2984 3023 3024
3 2984 3024 2985
3 2985 3024 3025
3 2985 3025 2986
3 2986 3025 3026
3 2986 3026 2987
3 2987 3026 3027
3 2987 3027 2988
3 2988 3027 3028
3 2988 3028 2989
3 2989 3028 3029
3 2989 3029 2990
3 2990 3029 3030
3 2990 3030 2991
3 2991 3030 3031
3 2991 3031 2992
3 2992 3031 3032
3 2992 3032 2993
3 2993 3032 3033
3 2993 3033 2994
3 2994 3033 3034
3 2994 3034 2995
3 2995 3034 3035
3 2995 3035 2996
3 2996 3035 3036
3 2996 3036 2997
3 2997 3036 3037
3 2997 3037 2998
3 2998 3037 3038
3 2998 3038 2999
3 2999 3038 3039
3 3000 3040 3001
3 3001 3040 3041
3 3001 3041 3002
3 3002 3041 3042
3 3002 3042 3003
3 3003 3042 3043
3 3003 3043 3004
3 3004 3043 3044
3 3004 3044 3005
3 3005 3044 3045
3 3005 3045 3006
3 3006 3045 3046
3 3006 3046 3007
3 3007 3046 3047
3 3007 3047 3008
3 3008 3047 3048
3 3008 3048 3009
3 3009 3048 3049
3 3009 3049 3010
3 3010 3049 3050
3 3010 3050 3011
3 3011 3050 3051
3 3011 3051 3012
3 3012 3051 3052
3 3012 3052 3013
3 3013 3052 3053
3 3013 3053 3014
3 3014 3053 3054
3 3014 3054 3015
3 3015 3054 3055
3 3015 3055 3016
3 3016 3055 3056
3 3016 3056 3017
3 3017 3056 3057
3 3017 3057 3018
3 3018 3057 3058
3 3018 3058 3019
3 3019 3058 3059
3 3019 3059 3020
3 3020 3059 3060
3 3020 3060 3021
3 3021 3060 3061
3 3021 3061 3022
3 3022 3061 3062
3 3022 3062 3023
3 3023 3062 3063
3 3023 3063 3024
3 3024 3063 3064
3 3024 3064 3025
3 3025 3064 3065
3 3025 3065 3026
3 3026 3065 3066
3 3026 3066 3027
3 3027 3066 3067
3 3027 3067 3028
3 3028 3067 3068
3 3028 3068 3029
3 3029 3068 3069
3 3029 3069 3030
3 3030 3069 3070
3 3030 3070 3031
3 3031 3070 3071
3 3031 3071 3032
3 3032 3071 3072
3 3032 3072 3033
3 3033 3072 3073
3 3033 3073 3034
3 3034 3073 3074
3 3034 3074 3035
3 3035 3074 3075
3 3035 3075 3036
3 3036 3075 3076
3 3036 3076 3037
3 3037 3076 3077
3 3037 3077 3038
3 3038 3077 3078
3 3038 3078 3039
3 3039 3078 3079
3 3040 3080 3041
3 3041 3080 3081
3 3041 3081 3042
3 3042 3081 3082
3 3042 3082 3043
3 3043 3082 3083
3 3043 3083 3044
3 3044 3083 3084
3 3044 3084 3045
3 3045 3084 3085
3 3045 3085 3046
3 3046 3085 3086
3 3046 3086 3047
3 3047 3086 3087
3 3047 3087 3048
3 3048 3087 3088
3 3048 3088 3049
3 3049 3088 3089
3 3049 3089 3050
3 3050 3089 3090
3 3050 3090 3051
3 3051 3090 3091
3 3051 3091 3052
3 3052 3091 3092
3 3052 3092 3053
3 3053 3092 3093
3 3053 3093 3054
3 3054 3093 3094
3 3054 3094 3055
3 3055 3094 3095
3 3055 3095 3056
3 3056 3095 3096
3 3056 3096 3057
3 3057 3096 3097
3 3057 3097 3058
3 3058 3097 3098
3 3058 3098 3059
3 3059 3098 3099
3 3059 3099 3060
3 3060 3099 3100
3 3060 3100 3061
3 3061 3100 3101
3 3061 3101 3062
3 3062 3101 3102
3 3062 3102 3063
3 3063 3102 3103
3 3063 3103 3064
3 3064 3103 3104
3 3064 3104 3065
3 3065 3104 3105
3 3065 3105 3066
3 3066 3105 3106
3 3066 3106 3067
3 3067 3106 3107
3 3067 3107 3068
3 3068 3107 3108
3 3068 3108 3069
3 3069 3108 3109
3 3069 3109 3070
3 3070 3109 3110
3 3070 3110 3071
3 3071 3110 3111
3 3071 3111 3072
3 3072 3111 3112
3 3072 3112 3073
3 3073 3112 3113
3 3073 3113 3074
3 3074 3113 3114
3 3074 3114 3075
3 3075 3114 3115
3 3075 3115 3076
3 3076 3115 3116
3 3076 3116 3077
3 3077 3116 3117
3 3077 3117 3078
3 3078 3117 3118
3 3078 3118 3079
3 3079 3118 3119
3 3080 3120 3081
3 3081 3120 3121
3 3081 3121 3082
3 3082 3121 3122
3 3082 3122 3083
3 3083 3122 3123
3 3083 3123 3084
3 3084 3123 3124
3 3084 3124 3085
3 3085 3124 3125
3 3085 3125 3086
3 3086 3125 3126
3 3086 3126 3087
3 3087 3126 3127
3 3087 3127 3088
3 3088 3127 3128
3 3088 3128 3089
3 3089 3128 3129
3 3089 3129 3090
3 3090 3129 3130
3 3090 3130 3091
3 3091 3130 3131
3 3091 3131 3092
3 3092 3131 3132
3 3092 3132 3093
3 3093 3132 3133
3 3093 3133 3094
3 3094 3133 3134
3 3094 3134 3095
3 3095 3134 3135
3 3095 3135 3096
3 3096 3135 3136
3 3096 3136 3097
3 3097 3136 3137
3 3097 3137 3098
3 3098 3137 3138
3 3098 3138 3099
3 3099 3138 3139
3 3099 3139 3100
3 3100 3139 3140
3 3100 3140 3101
3 3101 3140 3141
3 3101 3141 3102
3 3102 3141 3142
3 3102 3142 3103
3 3103 3142 3143
3 3103 3143 3104
3 3104 3143 3144
3 3104 3144 3105
3 3105 3144 3145
3 3105 3145 3106
3 3106 3145 3146
3 3106 3146 3107
3 3107 3146 3147
3 3107 3147 3108
3 3108 3147 3148
3 3108 3148 3109
3 3109 3148 3149
3 3109 3149 3110
3 3110 3149 3150
3 3110 3150 3111
3 3111 3150 3151
3 3111 3151 3112
3 3112 3151 3152
3 3112 3152 3113
3 3113 3152 3153
3 3113 3153 3114
3 3114 3153 3154
3 3114 3154 3115
3 3115 3154 3155
3 3115 3155 3116
3 3116 3155 3156
3 3116 3156 3117
3 3117 3156 3157
3 3117 3157 3118
3 3118 3157 3158
3 3118 3158 3119
3 3119 3158 3159
3 3120 3160 3121
3 3121 3160 3161
3 3121 3161 3122
3 3122 3161 3162
3 3122 3162 3123
3 3123 3162 3163
3 3123 3163 3124
3 3124 3163 3164
3 3124 3164 3125
3 3125 3164 3165
3 3125 3165 3126
3 3126 3165 3166
3 3126 3166 3127
3 3127 3166 3167
3 3127 3167 3128
3 3128 3167 3168
3 3128 3168 3129
3 3129 3168 3169
3 3129 3169 3130
3 3130 3169 3170
3 3130 3170 3131
3 3131 3170 3171
3 3131 3171 3132
3 3132 3171 3172
3 3132 3172 3133
3 3133 3172 3173
3 3133 3173 3134
3 3134 3173 3174
3 3134 3174 3135
3 3135 3174 3175
3 3135 3175 3136
3 3136 3175 3176
3 3136 3176 3137
3 3137 3176 3177
3 3137 3177 3138
3 3138 3177 3178
3 3138 3178 3139
3 3139 3178 3179
3 3139 3179 3140
3 3140 3179 3180
3 3140 3180 3141
3 3141 3180 3181
3 3141 3181 3142
3 3142 3181 3182
3 3142 3182 3143
3 3143 3182 3183
3 3143 3183 3144
3 3144 3183 3184
3 3144 3184 3145
3 3145 3184 3185
3 3145 3185 3146
3 3146 3185 3186
3 3146 3186 3147
3 3147 3186 3187
3 3147 3187 3148
3 3148 3187 3188
3 3148 3188 3149
3 3149 3188 3189
3 3149 3189 3150
3 3150 3189 3190
3 3150 3190 3151
3 3151 3190 3191
3 3151 3191 3152
3 3152 3191 3192
3 3152 3192 3153
3 3153 3192 3193
3 3153 3193 3154
3 3154 3193 3194
3 3154 3194 3155
3 3155 3194 3195
3 3155 3195 3156
3 3156 3195 3196
3 3156 3196 3157
3 3157 3196 3197
3 3157 3197 3158
3 3158 3197 3198
3 3158 3198 3159
3 3159 3198 3199
3 3160 3200 3161
3 3161 3200 3201
3 3161 3201 3162
3 3162 3201 3202
3 3162 3202 3163
3 3163 3202 3203
3 3163 3203 3164
3 3164 3203 3204
3 3164 3204 3165
3 3165 3204 3205
3 3165 3205 3166
3 3166 3205 3206
3 3166 3206 3167
3 3167 3206 3207
3 3167 3207 3168
3 3168 3207 3208
3 3168 3208 3169
3 3169 3208 3209
3 3169 3209 3170
3 3170 3209 3210
3 3170 3210 3171
3 3171 3210 3211
3 3171 3211 3172
3 3172 3211 3212
3 3172 3212 3173
3 3173 3212 3213
3 3173 3213 3174
3 3174 3213 3214
3 3174 3214 3175
3 3175 3214 3215
3 3175 3215 3176
3 3176 3215 3216
3 3176 3216 3177
3 3177 3216 3217
3 3177 3217 3178
3 3178 3217 3218
3 3178 3218 3179
3 3179 3218 3219
3 3179 3219 3180
3 3180 3219 3220
3 3180 3220 3181
3 3181 3220 3221
3 3181 3221 3182
3 3182 3221 3222
3 3182 3222 3183
3 3183 3222 3223
3 3183 3223 3184
3 3184 3223 3224
3 3184 3224 3185
3 3185 3224 3225
3 3185 3225 3186
3 3186 3225 3226
3 3186 3226 3187
3 3187 3226 3227
3 3187 3227 3188
3 3188 3227 3228
3 3188 3228 3189
3 3189 3228 3229
3 3189 3229 3190
3 3190 3229 3230
3 3190 3230 3191
3 3191 3230 3231
3 3191 3231 3192
3 3192 3231 3232
3 3192 3232 3193
3 3193 3232 3233
3 3193 3233 3194
3 3194 3233 3234
3 3194 3234 3195
3 3195 3234 3235
3 3195 3235 3196
3 3196 3235 3236
3 3196 3236 3197
3 3197 3236 3237
3 3197 3237 3198
3 3198 3237 3238
3 3198 3238 3199
3 3199 3238 3239
3 3200 3240 3201
3 3201 3240 3241
3 3201 3241 3202
3 3202 3241 3242
3 3202 3242 3203
3 3203 3242 3243
3 3203 3243 3204
3 3204 3243 3244
3 3204 3244 3205
3 3205 3244 3245
3 3205 3245 3206
3 3206 3245 3246
3 3206 3246 3207
3 3207 3246 3247
3 3207 3247 3208
3 3208 3247 3248
3 3208 3248 3209
3 3209 3248 3249
3 3209 3249 3210
3 3210 3249 3250
3 3210 3250 3211
3 3211 3250 3251
3 3211 3251 3212
3 3212 3251 3252
3 3212 3252 3213
3 3213 3252 3253
3 3213 3253 3214
3 3214 3253 3254
3 3214 3254 3215
3 3215 3254 3255
3 3215 3255 3216
3 3216 3255 3256
3 3216 3256 3217
3 3217 3256 3257
3 3217 3257 3218
3 3218 3257 3258
3 3218 3258 3219
3 3219 3258 3259
3 3219 3259 3220
3 3220 3259 3260
3 3220 3260 3221
3 3221 3260 3261
3 3221 3261 3222
3 3222 3261 3262
3 3222 3262 3223
3 3223 3262 3263
3 3223 3263 3224
3 3224 3263 3264
3 3224 3264 3225
3 3225 3264 3265
3 3225 3265 3226
3 3226 3265 3266
3 3226 3266 3227
3 3227 3266 3267
3 3227 3267 3228
3 3228 3267 3268
3 3228 3268 3229
3 3229 3268 3269
3 3229 3269 3230
3 3230 3269 3270
3 3230 3270 3231
3 3231 3270 3271
3 3231 3271 3232
3 3232 3271 3272
3 3232 3272 3233
3 3233 3272 3273
3 3233 3273 3234
3 3234 3273 3274
3 3234 3274 3235
3 3235 3274 3275
3 3235 3275 3236
3 3236 3275 3276
3 3236 3276 3237
3 3237 3276 3277
3 3237 3277 3238
3 3238 3277 3278
3 3238 3278 3239
3 3239 3278 3279
3 3240 3280 3241
3 3241 3280 3281
3 3241 3281 3242
3 3242 3281 3282
3 3242 3282 3243
3 3243 3282 3283
3 3243 3283 3244
3 3244 3283 3284
3 3244 3284 3245
3 3245 3284 3285
3 3245 3285 3246
3 3246 3285 3286
3 3246 3286 3247
3 3247 3286 3287
3 3247 3287 3248
3 3248 3287 3288
3 3248 3288 3249
3 3249 3288 3289
3 3249 3289 3250
3 3250 3289 3290
3 3250 3290 3251
3 3251 3290 3291
3 3251 3291 3252
3 3252 3291 3292
3 3252 3292 3253
3 3253 3292 3293
3 3253 3293 3254
3 3254 3293 3294
3 3254 3294 3255
3 3255 3294 3295
3 3255 3295 3256
3 3256 3295 3296
3 3256 3296 3257
3 3257 3296 3297
3 3257 3297 3258
3 3258 3297 3298
3 3258 3298 3259
3 3259 3298 3299
3 3259 3299 3260
3 3260 3299 3300
3 3260 3300 3261
3 3261 3300 3301
3 3261 3301 3262
3 3262 3301 3302
3 3262 3302 3263
3 3263 3302 3303
3 3263 3303 3264
3 3264 3303 3304
3 3264 3304 3265
3 3265 3304 3305
3 3265 3305 3266
3 3266 3305 3306
3 3266 3306 3267
3 3267 3306 3307
3 3267 3307 3268
3 3268 3307 3308
3 3268 3308 3269
3 3269 3308 3309
3 3269 3309 3270
3 3270 3309 3310
3 3270 3310 3271
3 3271 3310 3311
3 3271 3311 3272
3 3272 3311 3312
3 3272 3312 3273
3 3273 3312 3313
3 3273 3313 3274
3 3274 3313 3314
3 3274 3314 3275
3 3275 3314 3315
3 3275 3315 3276
3 3276 3315 3316
3 3276 3316 3277
3 3277 3316 3317
3 3277 3317 3278
3 3278 3317 3318
3 3278 3318 3279
3 3279 3318 3319
3 3280 3320 3281
3 3281 3320 3321
3 3281 3321 3282
3 3282 3321 3322
3 3282 3322 3283
3 3283 3322 3323
3 3283 3323 3284
3 3284 3323 3324
3 3284 3324 3285
3 3285 3324 3325
3 3285 3325 3286
3 3286 3325 3326
3 3286 3326 3287
3 3287 3326 3327
3 3287 3327 3288
3 3288 3327 3328
3 3288 3328 3289
3 3289 3328 3329
3 3289 3329 3290
3 3290 3329 3330
3 3290 3330 3291
3 3291 3330 3331
3 3291 3331 3292
3 3292 3331 3332
3 3292 3332 3293
3 3293 3332 3333
3 3293 3333 3294
3 3294 3333 3334
3 3294 3334 3295
3 3295 3334 3335
3 3295 3335 3296
3 3296 3335 3336
3 3296 3336 3297
3 3297 3336 3337
3 3297 3337 3298
3 3298 3337 3338
3 3298 3338 3299
3 3299 3338 3339
3 3299 3339 3300
3 3300 3339 3340
3 3300 3340 3301
3 3301 3340 3341
3 3301 3341 3302
3 3302 3341 3342
3 3302 3342 3303
3 3303 3342 3343
3 3303 3343 3304
3 3304 3343 3344
3 3304 3344 3305
3 3305 3344 3345
3 3305 3345 3306
3 3306 3345 3346
3 3306 3346 3307
3 3307 3346 3347
3 3307 3347 3308
3 3308 3347 3348
3 3308 3348 3309
3 3309 3348 3349
3 3309 3349 3310
3 3310 3349 3350
3 3310 3350 3311
3 3311 3350 3351
3 3311 3351 3312
3 3312 3351 3352
3 3312 3352 3313
3 3313 3352 3353
3 3313 3353 3314
3 3314 3353 3354
3 3314 3354 3315
3 3315 3354 3355
3 3315 3355 3316
3 3316 3355 3356
3 3316 3356 3317
3 3317 3356 3357
3 3317 3357 3318
3 3318 3357 3358
3 3318 3358 3319
3 3319 3358 3359
3 3320 3360 3321
3 3321 3360 3361
3 3321 3361 3322
3 3322 3361 3362
3 3322 3362 3323
3 3323 3362 3363
3 3323 3363 3324
3 3324 3363 3364
3 3324 3364 3325
3 3325 3364 3365
3 3325 3365 3326
3 3326 3365 3366
3 3326 3366 3327
3 3327 3366 3367
3 3327 3367 3328
3 3328 3367 3368
3 3328 3368 3329
3 3329 3368 3369
3 3329 3369 3330
3 3330 3369 3370
3 3330 3370 3331
3 3331 3370 3371
3 3331 3371 3332
3 3332 3371 3372
3 3332 3372 3333
3 3333 3372 3373
3 3333 3373 3334
3 3334 3373 3374
3 3334 3374 3335
3 3335 3374 3375
3 3335 3375 3336
3 3336 3375 3376
3 3336 3376 3337
3 3337 3376 3377
3 3337 3377 3338
3 3338 3377 3378
3 3338 3378 3339
3 3339 3378 3379
3 3339 3379 3340
3 3340 3379 3380
3 3340 3380 3341
3 3341 3380 3381
3 3341 3381 3342
3 3342 3381 3382
3 3342 3382 3343
3 3343 3382 3383
3 3343 3383 3344
3 3344 3383 3384
3 3344 3384 3345
3 3345 3384 3385
3 3345 3385 3346
3 3346 3385 3386
3 3346 3386 3347
3 3347 3386 3387
3 3347 3387 3348
3 3348 3387 3388
3 3348 3388 3349
3 3349 3388 3389
3 3349 3389 3350
3 3350 3389 3390
3 3350 3390 3351
3 3351 3390 3391
3 3351 3391 3352
3 3352 3391 3392
3 3352 3392 3353
3 3353 3392 3393
3 3353 3393 3354
3 3354 3393 3394
3 3354 3394 3355
3 3355 3394 3395
3 3355 3395 3356
3 3356 3395 3396
3 3356 3396 3357
3 3357 3396 3397
3 3357 3397 3358
3 3358 3397 3398
3 3358 3398 3359
3 3359 3398 3399
3 3360 3400 3361
3 3361 3400 3401
3 3361 3401 3362
3 3362 3401 3402
3 3362 3402 3363
3 3363 3402 3403
3 3363 3403 3364
3 3364 3403 3404
3 3364 3404 3365
3 3365 3404 3405
3 3365 3405 3366
3 3366 3405 3406
3 3366 3406 3367
3 3367 3406 3407
3 3367 3407 3368
3 3368 3407 3408
3 3368 3408 3369
3 3369 3408 3409
3 3369 3409 3370
3 3370 3409 3410
3 3370 3410 3371
3 3371 3410 3411
3 3371 3411 3372
3 3372 3411 3412
3 3372 3412 3373
3 3373 3412 3413
3 3373 3413 3374
3 3374 3413 3414
3 3374 3414 3375
3 3375 3414 3415
3 3375 3415 3376
3 3376 3415 3416
3 3376 3416 3377
3 3377 3416 3417
3 3377 3417 3378
3 3378 3417 3418
3 3378 3418 3379
3 3379 3418 3419
3 3379 3419 3380
3 3380 3419 3420
3 3380 3420 3381
3 3381 3420 3421
3 3381 3421 3382
3 3382 3421 3422
3 3382 3422 3383
3 3383 3422 3423
3 3383 3423 3384
3 3384 3423 3424
3 3384 3424 3385
3 3385 3424 3425
3 3385 3425 3386
3 3386 3425 3426
3 3386 3426 3387
3 3387 3426 3427
3 3387 3427 3388
3 3388 3427 3428
3 3388 3428 3389
3 3389 3428 3429
3 3389 3429 3390
3 3390 3429 3430
3 3390 3430 3391
3 3391 3430 3431
3 3391 3431 3392
3 3392 3431 3432
3 3392 3432 3393
3 3393 3432 3433
3 3393 3433 3394
3 3394 3433 3434
3 3394 3434 3395
3 3395 3434 3435
3 3395 3435 3396
3 3396 3435 3436
3 3396 3436 3397
3 3397 3436 3437
3 3397 3437 3398
3 3398 3437 3438
3 3398 3438 3399
3 3399 3438 3439
3 3400 3440 3401
3 3401 3440 3441
3 3401 3441 3402
3 3402 3441 3442
3 3402 3442 3403
3 3403 3442 3443
3 3403 3443 3404
3 3404 3443 3444
3 3404 3444 3405
3 3405 3444 3445
3 3405 3445 3406
3 3406 3445 3446
3 3406 3446 3407
3 3407 3446 3447
3 3407 3447 3408
3 3408 3447 3448
3 3408 3448 3409
3 3409 3448 3449
3 3409 3449 3410
3 3410 3449 3450
3 3410 3450 3411
3 3411 3450 3451
3 3411 3451 3412
3 3412 3451 3452
3 3412 3452 3413
3 3413 3452 3453
3 3413 3453 3414
3 3414 3453 3454
3 3414 3454 3415
3 3415 3454 3455
3 3415 3455 3416
3 3416 3455 3456
3 3416 3456 3417
3 3417 3456 3457
3 3417 3457 3418
3 3418 3457 3458
3 3418 3458 3419
3 3419 3458 3459
3 3419 3459 3420
3 3420 3459 3460
3 3420 3460 3421
3 3421 3460 3461
3 3421 3461 3422
3 3422 3461 3462
3 3422 3462 3423
3 3423 3462 3463
3 3423 3463 3424
3 3424 3463 3464
3 3424 3464 3425
3 3425 3464 3465
3 3425 3465 3426
3 3426 3465 3466
3 3426 3466 3427
3 3427 3466 3467
3 3427 3467 3428
3 3428 3467 3468
3 3428 3468 3429
3 3429 3468 3469
3 3429 3469 3430
3 3430 3469 3470
3 3430 3470 3431
3 3431 3470 3471
3 3431 3471 3432
3 3432 3471 3472
3 3432 3472 3433
3 3433 3472 3473
3 3433 3473 3434
3 3434 3473 3474
3 3434 3474 3435
3 3435 3474 3475
3 3435 3475 3436
3 3436 3475 3476
3 3436 3476 3437
3 3437 3476 3477
3 3437 3477 3438
3 3438 3477 3478
3 3438 3478 3439
3 3439 3478 3479
3 3440 3480 3441
3 3441 3480 3481
3 3441 3481 3442
3 3442 3481 3482
3 3442 3482 3443
3 3443 3482 3483
3 3443 3483 3444
3 3444 3483 3484
3 3444 3484 3445
3 3445 3484 3485
3 3445 3485 3446
3 3446 3485 3486
3 3446 3486 3447
3 3447 3486 3487
3 3447 3487 3448
3 3448 3487 3488
3 3448 3488 3449
3 3449 3488 3489
3 3449 3489 3450
3 3450 3489 3490
3 3450 3490 3451
3 3451 3490 3491
3 3451 3491 3452
3 3452 3491 3492
3 3452 3492 3453
3 3453 3492 3493
3 3453 3493 3454
3 3454 3493 3494
3 3454 3494 3455
3 3455 3494 3495
3 3455 3495 3456
3 3456 3495 3496
3 3456 3496 3457
3 3457 3496 3497
3 3457 3497 3458
3 3458 3497 3498
3 3458 3498 3459
3 3459 3498 3499
3 3459 3499 3460
3 3460 3499 3500
3 3460 3500 3461
3 3461 3500 3501
3 3461 3501 3462
3 3462 3501 3502
3 3462 3502 3463
3 3463 3502 3503
3 3463 3503 3464
3 3464 3503 3504
3 3464 3504 3465
3 3465 3504 3505
3 3465 3505 3466
3 3466 3505 3506
3 3466 3506 3467
3 3467 3506 3507
3 3467 3507 3468
3 3468 3507 3508
3 3468 3508 3469
3 3469 3508 3509
3 3469 3509 3470
3 3470 3509 3510
3 3470 3510 3471
3 3471 3510 3511
3 3471 3511 3472
3 3472 3511 3512
3 3472 3512 3473
3 3473 3512 3513
3 3473 3513 3474
3 3474 3513 3514
3 3474 3514 3475
3 3475 3514 3515
3 3475 3515 3476
3 3476 3515 3516
3 3476 3516 3477
3 3477 3516 3517
3 3477 3517 3478
3 3478 3517 3518
3 3478 3518 3479
3 3479 3518 3519
3 3480 3520 3481
3 3481 3520 3521
3 3481 3521 3482
3 3482 3521 3522
3 3482 3522 3483
3 3483 3522 3523
3 3483 3523 3484
3 3484 3523 3524
3 3484 3524 3485
3 3485 3524 3525
3 3485 3525 3486
3 3486 3525 3526
3 3486 3526 3487
3 3487 3526 3527
3 3487 3527 3488
3 3488 3527 3528
3 3488 3528 3489
3 3489 3528 3529
3 3489 3529 3490
3 3490 3529 3530
3 3490 3530 3491
3 3491 3530 3531
3 3491 3531 3492
3 3492 3531 3532
3 3492 3532 3493
3 3493 3532 3533
3 3493 3533 3494
3 3494 3533 3534
3 3494 3534 3495
3 3495 3534 3535
3 3495 3535 3496
3 3496 3535 3536
3 3496 3536 3497
3 3497 3536 3537
3 3497 3537 3498
3 3498 3537 3538
3 3498 3538 3499
3 3499 3538 3539
3 3499 3539 3500
3 3500 3539 3540
3 3500 3540 3501
3 3501 3540 3541
3 3501 3541 3502
3 3502 3541 3542
3 3502 3542 3503
3 3503 3542 3543
3 3503 3543 3504
3 3504 3543 3544
3 3504 3544 3505
3 3505 3544 3545
3 3505 3545 3506
3 3506 3545 3546
3 3506 3546 3507
3 3507 3546 3547
3 3507 3547 3508
3 3508 3547 3548
3 3508 3548 3509
3 3509 3548 3549
3 3509 3549 3510
3 3510 3549 3550
3 3510 3550 3511
3 3511 3550 3551
3 3511 3551 3512
3 3512 3551 3552
3 3512 3552 3513
3 3513 3552 3553
3 3513 3553 3514
3 3514 3553 3554
3 3514 3554 3515
3 3515 3554 3555
3 3515 3555 3516
3 3516 3555 3556
3 3516 3556 3517
3 3517 3556 3557
3 3517 3557 3518
3 3518 3557 3558
3 3518 3558 3519
3 3519 3558 3559
3 3520 3560 3521
3 3521 3560 3561
3 3521 3561 3522
3 3522 3561 3562
3 3522 3562 3523
3 3523 3562 3563
3 3523 3563 3524
3 3524 3563 3564
3 3524 3564 3525
3 3525 3564 3565
3 3525 3565 3526
3 3526 3565 3566
3 3526 3566 3527
3 3527 3566 3567
3 3527 3567 3528
3 3528 3567 3568
3 3528 3568 3529
3 3529 3568 3569
3 3529 3569 3530
3 3530 3569 3570
3 3530 3570 3531
3 3531 3570 3571
3 3531 3571 3532
3 3532 3571 3572
3 3532 3572 3533
3 3533 3572 3573
3 3533 3573 3534
3 3534 3573 3574
3 3534 3574 3535
3 3535 3574 3575
3 3535 3575 3536
3 3536 3575 3576
3 3536 3576 3537
3 3537 3576 3577
3 3537 3577 3538
3 3538 3577 3578
3 3538 3578 3539
3 3539 3578 3579
3 3539 3579 3540
3 3540 3579 3580
3 3540 3580 3541
3 3541 3580 3581
3 3541 3581 3542
3 3542 3581 3582
3 3542 3582 3543
3 3543 3582 3583
3 3543 3583 3544
3 3544 3583 3584
3 3544 3584 3545
3 3545 3584 3585
3 3545 3585 3546
3 3546 3585 3586
3 3546 3586 3547
3 3547 3586 3587
3 3547 3587 3548
3 3548 3587 3588
3 3548 3588 3549
3 3549 3588 3589
3 3549 3589 3550
3 3550 3589 3590
3 3550 3590 3551
3 3551 3590 3591
3 3551 3591 3552
3 3552 3591 3592
3 3552 3592 3553
3 3553 3592 3593
3 3553 3593 3554
3 3554 3593 3594
3 3554 3594 3555
3 3555 3594 3595
3 3555 3595 3556
3 3556 3595 3596
3 3556 3596 3557
3 3557 3596 3597
3 3557 3597 3558
3 3558 3597 3598
3 3558 3598 3559
3 3559 3598 3599
3 3560 3600 3561
3 3561 3600 3601
3 3561 3601 3562
3 3562 3601 3602
3 3562 3602 3563
3 3563 3602 3603
3 3563 3603 3564
3 3564 3603 3604
3 3564 3604 3565
3 3565 3604 3605
3 3565 3605 3566
3 3566 3605 3606
3 3566 3606 3567
3 3567 3606 3607
3 3567 3607 3568
3 3568 3607 3608
3 3568 3608 3569
3 3569 3608 3609
3 3569 3609 3570
3 3570 3609 3610
3 3570 3610 3571
3 3571 3610 3611
3 3571 3611 3572
3 3572 3611 3612
3 3572 3612 3573
3 3573 3612 3613
3 3573 3613 3574
3 3574 3613 3614
3 3574 3614 3575
3 3575 3614 3615
3 3575 3615 3576
3 3576 3615 3616
3 3576 3616 3577
3 3577 3616 3617
3 3577 3617 3578
3 3578 3617 3618
3 3578 3618 3579
3 3579 3618 3619
3 3579 3619 3580
3 3580 3619 3620
3 3580 3620 3581
3 3581 3620 3621
3 3581 3621 3582
3 3582 3621 3622
3 3582 3622 3583
3 3583 3622 3623
3 3583 3623 3584
3 3584 3623 3624
3 3584 3624 3585
3 3585 3624 3625
3 3585 3625 3586
3 3586 3625 3626
3 3586 3626 3587
3 3587 3626 3627
3 3587 3627 3588
3 3588 3627 3628
3 3588 3628 3589
3 3589 3628 3629
3 3589 3629 3590
3 3590 3629 3630
3 3590 3630 3591
3 3591 3630 3631
3 3591 3631 3592
3 3592 3631 3632
3 3592 3632 3593
3 3593 3632 3633
3 3593 3633 3594
3 3594 3633 3634
3 3594 3634 3595
3 3595 3634 3635
3 3595 3635 3596
3 3596 3635 3636
3 3596 3636 3597
3 3597 3636 3637
3 3597 3637 3598
3 3598 3637 3638
3 3598 3638 3599
3 3599 3638 3639
3 3600 3640 3601
3 3601 3640 3641
3 3601 3641 3602
3 3602 3641 3642
3 3602 3642 3603
3 3603 3642 3643
3 3603 3643 3604
3 3604 3643 3644
3 3604 3644 3605
3 3605 3644 3645
3 3605 3645 3606
3 3606 3645 3646
3 3606 3646 3607
3 3607 3646 3647
3 3607 3647 3608
3 3608 3647 3648
3 3608 3648 3609
3 3609 3648 3649
3 3609 3649 3610
3 3610 3649 3650
3 3610 3650 3611
3 3611 3650 3651
3 3611 3651 3612
3 3612 3651 3652
3 3612 3652 3613
3 3613 3652 3653
3 3613 3653 3614
3 3614 3653 3654
3 3614 3654 3615
3 3615 3654 3655
3 3615 3655 3616
3 3616 3655 3656
3 3616 3656 3617
3 3617 3656 3657
3 3617 3657 3618
3 3618 3657 3658
3 3618 3658 3619
3 3619 3658 3659
3 3619 3659 3620
3 3620 3659 3660
3 3620 3660 3621
3 3621 3660 3661
3 3621 3661 3622
3 3622 3661 3662
3 3622 3662 3623
3 3623 3662 3663
3 3623 3663 3624
3 3624 3663 3664
3 3624 3664 3625
3 3625 3664 3665
3 3625 3665 3626
3 3626 3665 3666
3 3626 3666 3627
3 3627 3666 3667
3 3627 3667 3628
3 3628 3667 3668
3 3628 3668 3629
3 3629 3668 3669
3 3629 3669 3630
3 3630 3669 3670
3 3630 3670 3631
3 3631 3670 3671
3 3631 3671 3632
3 3632 3671 3672
3 3632 3672 3633
3 3633 3672 3673
3 3633 3673 3634
3 3634 3673 3674
3 3634 3674 3635
3 3635 3674 3675
3 3635 3675 3636
3 3636 3675 3676
3 3636 3676 3637
3 3637 3676 3677
3 3637 3677 3638
3 3638 3677 3678
3 3638 3678 3639
3 3639 3678 3679
3 3640 3680 3641
3 3641 3680 3681
3 3641 3681 3642
3 3642 3681 3682
3 3642 3682 3643
3 3643 3682 3683
3 3643 3683 3644
3 3644 3683 3684
3 3644 3684 3645
3 3645 3684 3685
3 3645 3685 3646
3 3646 3685 3686
3 3646 3686 3647
3 3647 3686 3687
3 3647 3687 3648
3 3648 3687 3688
3 3648 3688 3649
3 3649 3688 3689
3 3649 3689 3650
3 3650 3689 3690
3 3650 3690 3651
3 3651 3690 3691
3 3651 3691 3652
3 3652 3691 3692
3 3652 3692 3653
3 3653 3692 3693
3 3653 3693 3654
3 3654 3693 3694
3 3654 3694 3655
3 3655 3694 3695
3 3655 3695 3656
3 3656 3695 3696
3 3656 3696 3657
3 3657 3696 3697
3 3657 3697 3658
3 3658 3697 3698
3 3658 3698 3659
3 3659 3698 3699
3 3659 3699 3660
3 3660 3699 3700
3 3660 3700 3661
3 3661 3700 3701
3 3661 3701 3662
3 3662 3701 3702
3 3662 3702 3663
3 3663 3702 3703
3 3663 3703 3664
3 3664 3703 3704
3 3664 3704 3665
3 3665 3704 3705
3 3665 3705 3666
3 3666 3705 3706
3 3666 3706 3667
3 3667 3706 3707
3 3667 3707 3668
3 3668 3707 3708
3 3668 3708 3669
3 3669 3708 3709
3 3669 3709 3670
3 3670 3709 3710
3 3670 3710 3671
3 3671 3710 3711
3 3671 3711 3672
3 3672 3711 3712
3 3672 3712 3673
3 3673 3712 3713
3 3673 3713 3674
3 3674 3713 3714
3 3674 3714 3675
3 3675 3714 3715
3 3675 3715 3676
3 3676 3715 3716
3 3676 3716 3677
3 3677 3716 3717
3 3677 3717 3678
3 3678 3717 3718
3 3678 3718 3679
3 3679 3718 3719
3 3680 3720 3681
3 3681 3720 3721
3 3681 3721 3682
3 3682 3721 3722
3 3682 3722 3683
3 3683 3722 3723
3 3683 3723 3684
3 3684 3723 3724
3 3684 3724 3685
3 3685 3724 3725
3 3685 3725 3686
3 3686 3725 3726
3 3686 3726 3687
3 3687 3726 3727
3 3687 3727 3688
3 3688 3727 3728
3 3688 3728 3689
3 3689 3728 3729
3 3689 3729 3690
3 3690 3729 3730
3 3690 3730 3691
3 3691 3730 3731
3 3691 3731 3692
3 3692 3731 3732
3 3692 3732 3693
3 3693 3732 3733
3 3693 3733 3694
3 3694 3733 3734
3 3694 3734 3695
3 3695 3734 3735
3 3695 3735 3696
3 3696 3735 3736
3 3696 3736 3697
3 3697 3736 3737
3 3697 3737 3698
3 3698 3737 3738
3 3698 3738 3699
3 3699 3738 3739
3 3699 3739 3700
3 3700 3739 3740
3 3700 3740 3701
3 3701 3740 3741
3 3701 3741 3702
3 3702 3741 3742
3 3702 3742 3703
3 3703 3742 3743
3 3703 3743 3704
3 3704 3743 3744
3 3704 3744 3705
3 3705 3744 3745
3 3705 3745 3706
3 3706 3745 3746
3 3706 3746 3707
3 3707 3746 3747
3 3707 3747 3708
3 3708 3747 3748
3 3708 3748 3709
3 3709 3748 3749
3 3709 3749 3710
3 3710 3749 3750
3 3710 3750 3711
3 3711 3750 3751
3 3711 3751 3712
3 3712 3751 3752
3 3712 3752 3713
3 3713 3752 3753
3 3713 3753 3714
3 3714 3753 3754
3 3714 3754 3715
3 3715 3754 3755
3 3715 3755 3716
3 3716 3755 3756
3 3716 3756 3717
3 3717 3756 3757
3 3717 3757 3718
3 3718 3757 3758
3 3718 3758 3719
3 3719 3758 3759
3 3720 3760 3721
3 3721 3760 3761
3 3721 3761 3722
3 3722 3761 3762
3 3722 3762 3723
3 3723 3762 3763
3 3723 3763 3724
3 3724 3763 3764
3 3724 3764 3725
3 3725 3764 3765
3 3725 3765 3726
3 3726 3765 3766
3 3726 3766 3727
3 3727 3766 3767
3 3727 3767 3728
3 3728 3767 3768
3 3728 3768 3729
3 3729 3768 3769
3 3729 3769 3730
3 3730 3769 3770
3 3730 3770 3731
3 3731 3770 3771
3 3731 3771 3732
3 3732 3771 3772
3 3732 3772 3733
3 3733 3772 3773
3 3733 3773 3734
3 3734 3773 3774
3 3734 3774 3735
3 3735 3774 3775
3 3735 3775 3736
3 3736 3775 3776
3 3736 3776 3737
3 3737 3776 3777
3 3737 3777 3738
3 3738 3777 3778
3 3738 3778 3739
3 3739 3778 3779
3 3739 3779 3740
3 3740 3779 3780
3 3740 3780 3741
3 3741 3780 3781
3 3741 3781 3742
3 3742 3781 3782
3 3742 3782 3743
3 3743 3782 3783
3 3743 3783 3744
3 3744 3783 3784
3 3744 3784 3745
3 3745 3784 3785
3 3745 3785 3746
3 3746 3785 3786
3 3746 3786 3747
3 3747 3786 3787
3 3747 3787 3748
3 3748 3787 3788
3 3748 3788 3749
3 3749 3788 3789
3 3749 3789 3750
3 3750 3789 3790
3 3750 3790 3751
3 3751 3790 3791
3 3751 3791 3752
3 3752 3791 3792
3 3752 3792 3753
3 3753 3792 3793
3 3753 3793 3754
3 3754 3793 3794
3 3754 3794 3755
3 3755 3794 3795
3 3755 3795 3756
3 3756 3795 3796
3 3756 3796 3757
3 3757 3796 3797
3 3757 3797 3758
3 3758 3797 3798
3 3758 3798 3759
3 3759 3798 3799
3 3760 3800 3761
3 3761 3800 3801
3 3761 3801 3762
3 3762 3801 3802
3 3762 3802 3763
3 3763 3802 3803
3 3763 3803 3764
3 3764 3803 3804
3 3764 3804 3765
3 3765 3804 3805
3 3765 3805 3766
3 3766 3805 3806
3 3766 3806 3767
3 3767 3806 3807
3 3767 3807 3768
3 3768 3807 3808
3 3768 3808 3769
3 3769 3808 3809
3 3769 3809 3770
3 3770 3809 3810
3 3770 3810 3771
3 3771 3810 3811
3 3771 3811 3772
3 3772 3811 3812
3 3772 3812 3773
3 3773 3812 3813
3 3773 3813 3774
3 3774 3813 3814
3 3774 3814 3775
3 3775 3814 3815
3 3775 3815 3776
3 3776 3815 3816
3 3776 3816 3777
3 3777 3816 3817
3 3777 3817 3778
3 3778 3817 3818
3 3778 3818 3779
3 3779 3818 3819
3 3779 3819 3780
3 3780 3819 3820
3 3780 3820 3781
3 3781 3820 3821
3 3781 3821 3782
3 3782 3821 3822
3 3782 3822 3783
3 3783 3822 3823
3 3783 3823 3784
3 3784 3823 3824
3 3784 3824 3785
3 3785 3824 3825
3 3785 3825 3786
3 3786 3825 3826
3 3786 3826 3787
3 3787 3826 3827
3 3787 3827 3788
3 3788 3827 3828
3 3788 3828 3789
3 3789 3828 3829
3 3789 3829 3790
3 3790 3829 3830
3 3790 3830 3791
3 3791 3830 3831
3 3791 3831 3792
3 3792 3831 3832
3 3792 3832 3793
3 3793 3832 3833
3 3793 3833 3794
3 3794 3833 3834
3 3794 3834 3795
3 3795 3834 3835
3 3795 3835 3796
3 3796 3835 3836
3 3796 3836 3797
3 3797 3836 3837
3 3797 3837 3798
3 3798 3837 3838
3 3798 3838 3799
3 3799 3838 3839
3 3800 3840 3801
3 3801 3840 3841
3 3801 3841 3802
3 3802 3841 3842
3 3802 3842 3803
3 3803 3842 3843
3 3803 3843 3804
3 3804 3843 3844
3 3804 3844 3805
3 3805 3844 3845
3 3805 3845 3806
3 3806 3845 3846
3 3806 3846 3807
3 3807 3846 3847
3 3807 3847 3808
3 3808 3847 3848
3 3808 3848 3809
3 3809 3848 3849
3 3809 3849 3810
3 3810 3849 3850
3 3810 3850 3811
3 3811 3850 3851
3 3811 3851 3812
3 3812 3851 3852
3 3812 3852 3813
3 3813 3852 3853
3 3813 3853 3814
3 3814 3853 3854
3 3814 3854 3815
3 3815 3854 3855
3 3815 3855 3816
3 3816 3855 3856
3 3816 3856 3817
3 3817 3856 3857
3 3817 3857 3818
3 3818 3857 3858
3 3818 3858 3819
3 3819 3858 3859
3 3819 3859 3820
3 3820 3859 3860
3 3820 3860 3821
3 3821 3860 3861
3 3821 3861 3822
3 3822 3861 3862
3 3822 3862 3823
3 3823 3862 3863
3 3823 3863 3824
3 3824 3863 3864
3 3824 3864 3825
3 3825 3864 3865
3 3825 3865 3826
3 3826 3865 3866
3 3826 3866 3827
3 3827 3866 3867
3 3827 3867 3828
3 3828 3867 3868
3 3828 3868 3829
3 3829 3868 3869
3 3829 3869 3830
3 3830 3869 3870
3 3830 3870 3831
3 3831 3870 3871
3 3831 3871 3832
3 3832 3871 3872
3 3832 3872 3833
3 3833 3872 3873
3 3833 3873 3834
3 3834 3873 3874
3 3834 3874 3835
3 3835 3874 3875
3 3835 3875 3836
3 3836 3875 3876
3 3836 3876 3837
3 3837 3876 3877
3 3837 3877 3838
3 3838 3877 3878
3 3838 3878 3839
3 3839 3878 3879
3 3840 3880 3841
3 3841 3880 3881
3 3841 3881 3842
3 3842 3881 3882
3 3842 3882 3843
3 3843 3882 3883
3 3843 3883 3844
3 3844 3883 3884
3 3844 3884 3845
3 3845 3884 3885
3 3845 3885 3846
3 3846 3885 3886
3 3846 3886 3847
3 3847 3886 3887
3 3847 3887 3848
3 3848 3887 3888
3 3848 3888 3849
3 3849 3888 3889
3 3849 3889 3850
3 3850 3889 3890
3 3850 3890 3851
3 3851 3890 3891
3 3851 3891 3852
3 3852 3891 3892
3 3852 3892 3853
3 3853 3892 3893
3 3853 3893 3854
3 3854 3893 3894
3 3854 3894 3855
3 3855 3894 3895
3 3855 3895 3856
3 3856 3895 3896
3 3856 3896 3857
3 3857 3896 3897
3 3857 3897 3858
3 3858 3897 3898
3 3858 3898 3859
3 3859 3898 3899
3 3859 3899 3860
3 3860 3899 3900
3 3860 3900 3861
3 3861 3900 3901
3 3861 3901 3862
3 3862 3901 3902
3 3862 3902 3863
3 3863 3902 3903
3 3863 3903 3864
3 3864 3903 3904
3 3864 3904 3865
3 3865 3904 3905
3 3865 3905 3866
3 3866 3905 3906
3 3866 3906 3867
3 3867 3906 3907
3 3867 3907 3868
3 3868 3907 3908
3 3868 3908 3869
3 3869 3908 3909
3 3869 3909 3870
3 3870 3909 3910
3 3870 3910 3871
3 3871 3910 3911
3 3871 3911 3872
3 3872 3911 3912
3 3872 3912 3873
3 3873 3912 3913
3 3873 3913 3874
3 3874 3913 3914
3 3874 3914 3875
3 3875 3914 3915
3 3875 3915 3876
3 3876 3915 3916
3 3876 3916 3877
3 3877 3916 3917
3 3877 3917 3878
3 3878 3917 3918
3 3878 3918 3879
3 3879 3918 3919
3 3880 3920 3881
3 3881 3920 3921
3 3881 3921 3882
3 3882 3921 3922
3 3882 3922 3883
3 3883 3922 3923
3 3883 3923 3884
3 3884 3923 3924
3 3884 3924 3885
3 3885 3924 3925
3 3885 3925 3886
3 3886 3925 3926
3 3886 3926 3887
3 3887 3926 3927
3 3887 3927 3888
3 3888 3927 3928
3 3888 3928 3889
3 3889 3928 3929
3 3889 3929 3890
3 3890 3929 3930
3 3890 3930 3891
3 3891 3930 3931
3 3891 3931 3892
3 3892 3931 3932
3 3892 3932 3893
3 3893 3932 3933
3 3893 3933 3894
3 3894 3933 3934
3 3894 3934 3895
3 3895 3934 3935
3 3895 3935 3896
3 3896 3935 3936
3 3896 3936 3897
3 3897 3936 3937
3 3897 3937 3898
3 3898 3937 3938
3 3898 3938 3899
3 3899 3938 3939
3 3899 3939 3900
3 3900 3939 3940
3 3900 3940 3901
3 3901 3940 3941
3 3901 3941 3902
3 3902 3941 3942
3 3902 3942 3903
3 3903 3942 3943
3 3903 3943 3904
3 3904 3943 3944
3 3904 3944 3905
3 3905 3944 3945
3 3905 3945 3906
3 3906 3945 3946
3 3906 3946 3907
3 3907 3946 3947
3 3907 3947 3908
3 3908 3947 3948
3 3908 3948 3909
3 3909 3948 3949
3 3909 3949 3910
3 3910 3949 3950
3 3910 3950 3911
3 3911 3950 3951
3 3911 3951 3912
3 3912 3951 3952
3 3912 3952 3913
3 3913 3952 3953
3 3913 3953 3914
3 3914 3953 3954
3 3914 3954 3915
3 3915 3954 3955
3 3915 3955 3916
3 3916 3955 3956
3 3916 3956 3917
3 3917 3956 3957
3 3917 3957 3918
3 3918 3957 3958
3 3918 3958 3919
3 3919 3958 3959
3 3920 3960 3921
3 3921 3960 3961
3 3921 3961 3922
3 3922 3961 3962
3 3922 3962 3923
3 3923 3962 3963
3 3923 3963 3924
3 3924 3963 3964
3 3924 3964 3925
3 3925 3964 3965
3 3925 3965 3926
3 3926 3965 3966
3 3926 3966 3927
3 3927 3966 3967
3 3927 3967 3928
3 3928 3967 3968
3 3928 3968 3929
3 3929 3968 3969
3 3929 3969 3930
3 3930 3969 3970
3 3930 3970 3931
3 3931 3970 3971
3 3931 3971 3932
3 3932 3971 3972
3 3932 3972 3933
3 3933 3972 3973
3 3933 3973 3934
3 3934 3973 3974
3 3934 3974 3935
3 3935 3974 3975
3 3935 3975 3936
3 3936 3975 3976
3 3936 3976 3937
3 3937 3976 3977
3 3937 3977 3938
3 3938 3977 3978
3 3938 3978 3939
3 3939 3978 3979
3 3939 3979 3940
3 3940 3979 3980
3 3940 3980 3941
3 3941 3980 3981
3 3941 3981 3942
3 3942 3981 3982
3 3942 3982 3943
3 3943 3982 3983
3 3943 3983 3944
3 3944 3983 3984
3 3944 3984 3945
3 3945 3984 3985
3 3945 3985 3946
3 3946 3985 3986
3 3946 3986 3947
3 3947 3986 3987
3 3947 3987 3948
3 3948 3987 3988
3 3948 3988 3949
3 3949 3988 3989
3 3949 3989 3950
3 3950 3989 3990
3 3950 3990 3951
3 3951 3990 3991
3 3951 3991 3952
3 3952 3991 3992
3 3952 3992 3953
3 3953 3992 3993
3 3953 3993 3954
3 3954 3993 3994
3 3954 3994 3955
3 3955 3994 3995
3 3955 3995 3956
3 3956 3995 3996
3 3956 3996 3957
3 3957 3996 3997
3 3957 3997 3958
3 3958 3997 3998
3 3958 3998 3959
3 3959 3998 3999
3 3960 4000 3961
3 3961 4000 4001
3 3961 4001 3962
3 3962 4001 4002
3 3962 4002 3963
3 3963 4002 4003
3 3963 4003 3964
3 3964 4003 4004
3 3964 4004 3965
3 3965 4004 4005
3 3965 4005 3966
3 3966 4005 4006
3 3966 4006 3967
3 3967 4006 4007
3 3967 4007 3968
3 3968 4007 4008
3 3968 4008 3969
3 3969 4008 4009
3 3969 4009 3970
3 3970 4009 4010
3 3970 4010 3971
3 3971 4010 4011
3 3971 4011 3972
3 3972 4011 4012
3 3972 4012 3973
3 3973 4012 4013
3 3973 4013 3974
3 3974 4013 4014
3 3974 4014 3975
3 3975 4014 4015
3 3975 4015 3976
3 3976 4015 4016
3 3976 4016 3977
3 3977 4016 4017
3 3977 4017 3978
3 3978 4017 4018
3 3978 4018 3979
3 3979 4018 4019
3 3979 4019 3980
3 3980 4019 4020
3 3980 4020 3981
3 3981 4020 4021
3 3981 4021 3982
3 3982 4021 4022
3 3982 4022 3983
3 3983 4022 4023
3 3983 4023 3984
3 3984 4023 4024
3 3984 4024 3985
3 3985 4024 4025
3 3985 4025 3986
3 3986 4025 4026
3 3986 4026 3987
3 3987 4026 4027
3 3987 4027 3988
3 3988 4027 4028
3 3988 4028 3989
3 3989 4028 4029
3 3989 4029 3990
3 3990 4029 4030
3 3990 4030 3991
3 3991 4030 4031
3 3991 4031 3992
3 3992 4031 4032
3 3992 4032 3993
3 3993 4032 4033
3 3993 4033 3994
3 3994 4033 4034
3 3994 4034 3995
3 3995 4034 4035
3 3995 4035 3996
3 3996 4035 4036
3 3996 4036 3997
3 3997 4036 4037
3 3997 4037 3998
3 3998 4037 4038
3 3998 4038 3999
3 3999 4038 4039
3 4000 4040 4001
3 4001 4040 4041
3 4001 4041 4002
3 4002 4041 4042
3 4002 4042 4003
3 4003 4042 4043
3 4003 4043 4004
3 4004 4043 4044
3 4004 4044 4005
3 4005 4044 4045
3 4005 4045 4006
3 4006 4045 4046
3 4006 4046 4007
3 4007 4046 4047
3 4007 4047 4008
3 4008 4047 4048
3 4008 4048 4009
3 4009 4048 4049
3 4009 4049 4010
3 4010 4049 4050
3 4010 4050 4011
3 4011 4050 4051
3 4011 4051 4012
3 4012 4051 4052
3 4012 4052 4013
3 4013 4052 4053
3 4013 4053 4014
3 4014 4053 4054
3 4014 4054 4015
3 4015 4054 4055
3 4015 4055 4016
3 4016 4055 4056
3 4016 4056 4017
3 4017 4056 4057
3 4017 4057 4018
3 4018 4057 4058
3 4018 4058 4019
3 4019 4058 4059
3 4019 4059 4020
3 4020 4059 4060
3 4020 4060 4021
3 4021 4060 4061
3 4021 4061 4022
3 4022 4061 4062
3 4022 4062 4023
3 4023 4062 4063
3 4023 4063 4024
3 4024 4063 4064
3 4024 4064 4025
3 4025 4064 4065
3 4025 4065 4026
3 4026 4065 4066
3 4026 4066 4027
3 4027 4066 4067
3 4027 4067 4028
3 4028 4067 4068
3 4028 4068 4029
3 4029 4068 4069
3 4029 4069 4030
3 4030 4069 4070
3 4030 4070 4031
3 4031 4070 4071
3 4031 4071 4032
3 4032 4071 4072
3 4032 4072 4033
3 4033 4072 4073
3 4033 4073 4034
3 4034 4073 4074
3 4034 4074 4035
3 4035 4074 4075
3 4035 4075 4036
3 4036 4075 4076
3 4036 4076 4037
3 4037 4076 4077
3 4037 4077 4038
3 4038 4077 4078
3 4038 4078 4039
3 4039 4078 4079
3 4040 4080 4041
3 4041 4080 4081
3 4041 4081 4042
3 4042 4081 4082
3 4042 4082 4043
3 4043 4082 4083
3 4043 4083 4044
3 4044 4083 4084
3 4044 4084 4045
3 4045 4084 4085
3 4045 4085 4046
3 4046 4085 4086
3 4046 4086 4047
3 4047 4086 4087
3 4047 4087 4048
3 4048 4087 4088
3 4048 4088 4049
3 4049 4088 4089
3 4049 4089 4050
3 4050 4089 4090
3 4050 4090 4051
3 4051 4090 4091
3 4051 4091 4052
3 4052 4091 4092
3 4052 4092 4053
3 4053 4092 4093
3 4053 4093 4054
3 4054 4093 4094
3 4054 4094 4055
3 4055 4094 4095
3 4055 4095 4056
3 4056 4095 4096
3 4056 4096 4057
3 4057 4096 4097
3 4057 4097 4058
3 4058 4097 4098
3 4058 4098 4059
3 4059 4098 4099
3 4059 4099 4060
3 4060 4099 4100
3 4060 4100 4061
3 4061 4100 4101
3 4061 4101 4062
3 4062 4101 4102
3 4062 4102 4063
3 4063 4102 4103
3 4063 4103 4064
3 4064 4103 4104
3 4064 4104 4065
3 4065 4104 4105
3 4065 4105 4066
3 4066 4105 4106
3 4066 4106 4067
3 4067 4106 4107
3 4067 4107 4068
3 4068 4107 4108
3 4068 4108 4069
3 4069 4108 4109
3 4069 4109 4070
3 4070 4109 4110
3 4070 4110 4071
3 4071 4110 4111
3 4071 4111 4072
3 4072 4111 4112
3 4072 4112 4073
3 4073 4112 4113
3 4073 4113 4074
3 4074 4113 4114
3 4074 4114 4075
3 4075 4114 4115
3 4075 4115 4076
3 4076 4115 4116
3 4076 4116 4077
3 4077 4116 4117
3 4077 4117 4078
3 4078 4117 4118
3 4078 4118 4079
3 4079 4118 4119
3 4080 4120 4081
3 4081 4120 4121
3 4081 4121 4082
3 4082 4121 4122
3 4082 4122 4083
3 4083 4122 4123
3 4083 4123 4084
3 4084 4123 4124
3 4084 4124 4085
3 4085 4124 4125
3 4085 4125 4086
3 4086 4125 4126
3 4086 4126 4087
3 4087 4126 4127
3 4087 4127 4088
3 4088 4127 4128
3 4088 4128 4089
3 4089 4128 4129
3 4089 4129 4090
3 4090 4129 4130
3 4090 4130 4091
3 4091 4130 4131
3 4091 4131 4092
3 4092 4131 4132
3 4092 4132 4093
3 4093 4132 4133
3 4093 4133 4094
3 4094 4133 4134
3 4094 4134 4095
3 4095 4134 4135
3 4095 4135 4096
3 4096 4135 4136
3 4096 4136 4097
3 4097 4136 4137
3 4097 4137 4098
3 4098 4137 4138
3 4098 4138 4099
3 4099 4138 4139
3 4099 4139 4100
3 4100 4139 4140
3 4100 4140 4101
3 4101 4140 4141
3 4101 4141 4102
3 4102 4141 4142
3 4102 4142 4103
3 4103 4142 4143
3 4103 4143 4104
3 4104 4143 4144
3 4104 4144 4105
3 4105 4144 4145
3 4105 4145 4106
3 4106 4145 4146
3 4106 4146 4107
3 4107 4146 4147
3 4107 4147 4108
3 4108 4147 4148
3 4108 4148 4109
3 4109 4148 4149
3 4109 4149 4110
3 4110 4149 4150
3 4110 4150 4111
3 4111 4150 4151
3 4111 4151 4112
3 4112 4151 4152
3 4112 4152 4113
3 4113 4152 4153
3 4113 4153 4114
3 4114 4153 4154
3 4114 4154 4115
3 4115 4154 4155
3 4115 4155 4116
3 4116 4155 4156
3 4116 4156 4117
3 4117 4156 4157
3 4117 4157 4118
3 4118 4157 4158
3 4118 4158 4119
3 4119 4158 4159
3 4120 4160 4121
3 4121 4160 4161
3 4121 4161 4122
3 4122 4161 4162
3 4122 4162 4123
3 4123 4162 4163
3 4123 4163 4124
3 4124 4163 4164
3 4124 4164 4125
3 4125 4164 4165
3 4125 4165 4126
3 4126 4165 4166
3 4126 4166 4127
3 4127 4166 4167
3 4127 4167 4128
3 4128 4167 4168
3 4128 4168 4129
3 4129 4168 4169
3 4129 4169 4130
3 4130 4169 4170
3 4130 4170 4131
3 4131 4170 4171
3 4131 4171 4132
3 4132 4171 4172
3 4132 4172 4133
3 4133 4172 4173
3 4133 4173 4134
3 4134 4173 4174
3 4134 4174 4135
3 4135 4174 4175
3 4135 4175 4136
3 4136 4175 4176
3 4136 4176 4137
3 4137 4176 4177
3 4137 4177 4138
3 4138 4177 4178
3 4138 4178 4139
3 4139 4178 4179
3 4139 4179 4140
3 4140 4179 4180
3 4140 4180 4141
3 4141 4180 4181
3 4141 4181 4142
3 4142 4181 4182
3 4142 4182 4143
3 4143 4182 4183
3 4143 4183 4144
3 4144 4183 4184
3 4144 4184 4145
3 4145 4184 4185
3 4145 4185 4146
3 4146 4185 4186
3 4146 4186 4147
3 4147 4186 4187
3 4147 4187 4148
3 4148 4187 4188
3 4148 4188 4149
3 4149 4188 4189
3 4149 4189 4150
3 4150 4189 4190
3 4150 4190 4151
3 4151 4190 4191
3 4151 4191 4152
3 4152 4191 4192
3 4152 4192 4153
3 4153 4192 4193
3 4153 4193 4154
3 4154 4193 4194
3 4154 4194 4155
3 4155 4194 4195
3 4155 4195 4156
3 4156 4195 4196
3 4156 4196 4157
3 4157 4196 4197
3 4157 4197 4158
3 4158 4197 4198
3 4158 4198 4159
3 4159 4198 4199
3 4160 4200 4161
3 4161 4200 4201
3 4161 4201 4162
3 4162 4201 4202
3 4162 4202 4163
3 4163 4202 4203
3 4163 4203 4164
3 4164 4203 4204
3 4164 4204 4165
3 4165 4204 4205
3 4165 4205 4166
3 4166 4205 4206
3 4166 4206 4167
3 4167 4206 4207
3 4167 4207 4168
3 4168 4207 4208
3 4168 4208 4169
3 4169 4208 4209
3 4169 4209 4170
3 4170 4209 4210
3 4170 4210 4171
3 4171 4210 4211
3 4171 4211 4172
3 4172 4211 4212
3 4172 4212 4173
3 4173 4212 4213
3 4173 4213 4174
3 4174 4213 4214
3 4174 4214 4175
3 4175 4214 4215
3 4175 4215 4176
3 4176 4215 4216
3 4176 4216 4177
3 4177 4216 4217
3 4177 4217 4178
3 4178 4217 4218
3 4178 4218 4179
3 4179 4218 4219
3 4179 4219 4180
3 4180 4219 4220
3 4180 4220 4181
3 4181 4220 4221
3 4181 4221 4182
3 4182 4221 4222
3 4182 4222 4183
3 4183 4222 4223
3 4183 4223 4184
3 4184 4223 4224
3 4184 4224 4185
3 4185 4224 4225
3 4185 4225 4186
3 4186 4225 4226
3 4186 4226 4187
3 4187 4226 4227
3 4187 4227 4188
3 4188 4227 4228
3 4188 4228 4189
3 4189 4228 4229
3 4189 4229 4190
3 4190 4229 4230
3 4190 4230 4191
3 4191 4230 4231
3 4191 4231 4192
3 4192 4231 4232
3 4192 4232 4193
3 4193 4232 4233
3 4193 4233 4194
3 4194 4233 4234
3 4194 4234 4195
3 4195 4234 4235
3 4195 4235 4196
3 4196 4235 4236
3 4196 4236 4197
3 4197 4236 4237
3 4197 4237 4198
3 4198 4237 4238
3 4198 4238 4199
3 4199 4238 4239
3 4200 4240 4201
3 4201 4240 4241
3 4201 4241 4202
3 4202 4241 4242
3 4202 4242 4203
3 4203 4242 4243
3 4203 4243 4204
3 4204 4243 4244
3 4204 4244 4205
3 4205 4244 4245
3 4205 4245 4206
3 4206 4245 4246
3 4206 4246 4207
3 4207 4246 4247
3 4207 4247 4208
3 4208 4247 4248
3 4208 4248 4209
3 4209 4248 4249
3 4209 4249 4210
3 4210 4249 4250
3 4210 4250 4211
3 4211 4250 4251
3 4211 4251 4212
3 4212 4251 4252
3 4212 4252 4213
3 4213 4252 4253
3 4213 4253 4214
3 4214 4253 4254
3 4214 4254 4215
3 4215 4254 4255
3 4215 4255 4216
3 4216 4255 4256
3 4216 4256 4217
3 4217 4256 4257
3 4217 4257 4218
3 4218 4257 4258
3 4218 4258 4219
3 4219 4258 4259
3 4219 4259 4220
3 4220 4259 4260
3 4220 4260 4221
3 4221 4260 4261
3 4221 4261 4222
3 4222 4261 4262
3 4222 4262 4223
3 4223 4262 4263
3 4223 4263 4224
3 4224 4263 4264
3 4224 4264 4225
3 4225 4264 4265
3 4225 4265 4226
3 4226 4265 4266
3 4226 4266 4227
3 4227 4266 4267
3 4227 4267 4228
3 4228 4267 4268
3 4228 4268 4229
3 4229 4268 4269
3 4229 4269 4230
3 4230 4269 4270
3 4230 4270 4231
3 4231 4270 4271
3 4231 4271 4232
3 4232 4271 4272
3 4232 4272 4233
3 4233 4272 4273
3 4233 4273 4234
3 4234 4273 4274
3 4234 4274 4235
3 4235 4274 4275
3 4235 4275 4236
3 4236 4275 4276
3 4236 4276 4237
3 4237 4276 4277
3 4237 4277 4238
3 4238 4277 4278
3 4238 4278 4239
3 4239 4278 4279
3 4240 4280 4241
3 4241 4280 4281
3 4241 4281 4242
3 4242 4281 4282
3 4242 4282 4243
3 4243 4282 4283
3 4243 4283 4244
3 4244 4283 4284
3 4244 4284 4245
3 4245 4284 4285
3 4245 4285 4246
3 4246 4285 4286
3 4246 4286 4247
3 4247 4286 4287
3 4247 4287 4248
3 4248 4287 4288
3 4248 4288 4249
3 4249 4288 4289
3 4249 4289 4250
3 4250 4289 4290
3 4250 4290 4251
3 4251 4290 4291
3 4251 4291 4252
3 4252 4291 4292
3 4252 4292 4253
3 4253 4292 4293
3 4253 4293 4254
3 4254 4293 4294
3 4254 4294 4255
3 4255 4294 4295
3 4255 4295 4256
3 4256 4295 4296
3 4256 4296 4257
3 4257 4296 4297
3 4257 4297 4258
3 4258 4297 4298
3 4258 4298 4259
3 4259 4298 4299
3 4259 4299 4260
3 4260 4299 4300
3 4260 4300 4261
3 4261 4300 4301
3 4261 4301 4262
3 4262 4301 4302
3 4262 4302 4263
3 4263 4302 4303
3 4263 4303 4264
3 4264 4303 4304
3 4264 4304 4265
3 4265 4304 4305
3 4265 4305 4266
3 4266 4305 4306
3 4266 4306 4267
3 4267 4306 4307
3 4267 4307 4268
3 4268 4307 4308
3 4268 4308 4269
3 4269 4308 4309
3 4269 4309 4270
3 4270 4309 4310
3 4270 4310 4271
3 4271 4310 4311
3 4271 4311 4272
3 4272 4311 4312
3 4272 4312 4273
3 4273 4312 4313
3 4273 4313 4274
3 4274 4313 4314
3 4274 4314 4275
3 4275 4314 4315
3 4275 4315 4276
3 4276 4315 4316
3 4276 4316 4277
3 4277 4316 4317
3 4277 4317 4278
3 4278 4317 4318
3 4278 4318 4279
3 4279 4318 4319
3 4280 4320 4281
3 4281 4320 4321
3 4281 4321 4282
3 4282 4321 4322
3 4282 4322 4283
3 4283 4322 4323
3 4283 4323 4284
3 4284 4323 4324
3 4284 4324 4285
3 4285 4324 4325
3 4285 4325 4286
3 4286 4325 4326
3 4286 4326 4287
3 4287 4326 4327
3 4287 4327 4288
3 4288 4327 4328
3 4288 4328 4289
3 4289 4328 4329
3 4289 4329 4290
3 4290 4329 4330
3 4290 4330 4291
3 4291 4330 4331
3 4291 4331 4292
3 4292 4331 4332
3 4292 4332 4293
3 4293 4332 4333
3 4293 4333 4294
3 4294 4333 4334
3 4294 4334 4295
3 4295 4334 4335
3 4295 4335 4296
3 4296 4335 4336
3 4296 4336 4297
3 4297 4336 4337
3 4297 4337 4298
3 4298 4337 4338
3 4298 4338 4299
3 4299 4338 4339
3 4299 4339 4300
3 4300 4339 4340
3 4300 4340 4301
3 4301 4340 4341
3 4301 4341 4302
3 4302 4341 4342
3 4302 4342 4303
3 4303 4342 4343
3 4303 4343 4304
3 4304 4343 4344
3 4304 4344 4305
3 4305 4344 4345
3 4305 4345 4306
3 4306 4345 4346
3 4306 4346 4307
3 4307 4346 4347
3 4307 4347 4308
3 4308 4347 4348
3 4308 4348 4309
3 4309 4348 4349
3 4309 4349 4310
3 4310 4349 4350
3 4310 4350 4311
3 4311 4350 4351
3 4311 4351 4312
3 4312 4351 4352
3 4312 4352 4313
3 4313 4352 4353
3 4313 4353 4314
3 4314 4353 4354
3 4314 4354 4315
3 4315 4354 4355
3 4315 4355 4316
3 4316 4355 4356
3 4316 4356 4317
3 4317 4356 4357
3 4317 4357 4318
3 4318 4357 4358
3 4318 4358 4319
3 4319 4358 4359
3 4320 4360 4321
3 4321 4360 4361
3 4321 4361 4322
3 4322 4361 4362
3 4322 4362 4323
3 4323 4362 4363
3 4323 4363 4324
3 4324 4363 4364
3 4324 4364 4325
3 4325 4364 4365
3 4325 4365 4326
3 4326 4365 4366
3 4326 4366 4327
3 4327 4366 4367
3 4327 4367 4328
3 4328 4367 4368
3 4328 4368 4329
3 4329 4368 4369
3 4329 4369 4330
3 4330 4369 4370
3 4330 4370 4331
3 4331 4370 4371
3 4331 4371 4332
3 4332 4371 4372
3 4332 4372 4333
3 4333 4372 4373
3 4333 4373 4334
3 4334 4373 4374
3 4334 4374 4335
3 4335 4374 4375
3 4335 4375 4336
3 4336 4375 4376
3 4336 4376 4337
3 4337 4376 4377
3 4337 4377 4338
3 4338 4377 4378
3 4338 4378 4339
3 4339 4378 4379
3 4339 4379 4340
3 4340 4379 4380
3 4340 4380 4341
3 4341 4380 4381
3 4341 4381 4342
3 4342 4381 4382
3 4342 4382 4343
3 4343 4382 4383
3 4343 4383 4344
3 4344 4383 4384
3 4344 4384 4345
3 4345 4384 4385
3 4345 4385 4346
3 4346 4385 4386
3 4346 4386 4347
3 4347 4386 4387
3 4347 4387 4348
3 4348 4387 4388
3 4348 4388 4349
3 4349 4388 4389
3 4349 4389 4350
3 4350 4389 4390
3 4350 4390 4351
3 4351 4390 4391
3 4351 4391 4352
3 4352 4391 4392
3 4352 4392 4353
3 4353 4392 4393
3 4353 4393 4354
3 4354 4393 4394
3 4354 4394 4355
3 4355 4394 4395
3 4355 4395 4356
3 4356 4395 4396
3 4356 4396 4357
3 4357 4396 4397
3 4357 4397 4358
3 4358 4397 4398
3 4358 4398 4359
3 4359 4398 4399
3 4360 4400 4361
3 4361 4400 4401
3 4361 4401 4362
3 4362 4401 4402
3 4362 4402 4363
3 4363 4402 4403
3 4363 4403 4364
3 4364 4403 4404
3 4364 4404 4365
3 4365 4404 4405
3 4365 4405 4366
3 4366 4405 4406
3 4366 4406 4367
3 4367 4406 4407
3 4367 4407 4368
3 4368 4407 4408
3 4368 4408 4369
3 4369 4408 4409
3 4369 4409 4370
3 4370 4409 4410
3 4370 4410 4371
3 4371 4410 4411
3 4371 4411 4372
3 4372 4411 4412
3 4372 4412 4373
3 4373 4412 4413
3 4373 4413 4374
3 4374 4413 4414
3 4374 4414 4375
3 4375 4414 4415
3 4375 4415 4376
3 4376 4415 4416
3 4376 4416 4377
3 4377 4416 4417
3 4377 4417 4378
3 4378 4417 4418
3 4378 4418 4379
3 4379 4418 4419
3 4379 4419 4380
3 4380 4419 4420
3 4380 4420 4381
3 4381 4420 4421
3 4381 4421 4382
3 4382 4421 4422
3 4382 4422 4383
3 4383 4422 4423
3 4383 4423 4384
3 4384 4423 4424
3 4384 4424 4385
3 4385 4424 4425
3 4385 4425 4386
3 4386 4425 4426
3 4386 4426 4387
3 4387 4426 4427
3 4387 4427 4388
3 4388 4427 4428
3 4388 4428 4389
3 4389 4428 4429
3 4389 4429 4390
3 4390 4429 4430
3 4390 4430 4391
3 4391 4430 4431
3 4391 4431 4392
3 4392 4431 4432
3 4392 4432 4393
3 4393 4432 4433
3 4393 4433 4394
3 4394 4433 4434
3 4394 4434 4395
3 4395 4434 4435
3 4395 4435 4396
3 4396 4435 4436
3 4396 4436 4397
3 4397 4436 4437
3 4397 4437 4398
3 4398 4437 4438
3 4398 4438 4399
3 4399 4438 4439
3 4400 4440 4401
3 4401 4440 4441
3 4401 4441 4402
3 4402 4441 4442
3 4402 4442 4403
3 4403 4442 4443
3 4403 4443 4404
3 4404 4443 4444
3 4404 4444 4405
3 4405 4444 4445
3 4405 4445 4406
3 4406 4445 4446
3 4406 4446 4407
3 4407 4446 4447
3 4407 4447 4408
3 4408 4447 4448
3 4408 4448 4409
3 4409 4448 4449
3 4409 4449 4410
3 4410 4449 4450
3 4410 4450 4411
3 4411 4450 4451
3 4411 4451 4412
3 4412 4451 4452
3 4412 4452 4413
3 4413 4452 4453
3 4413 4453 4414
3 4414 4453 4454
3 4414 4454 4415
3 4415 4454 4455
3 4415 4455 4416
3 4416 4455 4456
3 4416 4456 4417
3 4417 4456 4457
3 4417 4457 4418
3 4418 4457 4458
3 4418 4458 4419
3 4419 4458 4459
3 4419 4459 4420
3 4420 4459 4460
3 4420 4460 4421
3 4421 4460 4461
3 4421 4461 4422
3 4422 4461 4462
3 4422 4462 4423
3 4423 4462 4463
3 4423 4463 4424
3 4424 4463 4464
3 4424 4464 4425
3 4425 4464 4465
3 4425 4465 4426
3 4426 4465 4466
3 4426 4466 4427
3 4427 4466 4467
3 4427 4467 4428
3 4428 4467 4468
3 4428 4468 4429
3 4429 4468 4469
3 4429 4469 4430
3 4430 4469 4470
3 4430 4470 4431
3 4431 4470 4471
3 4431 4471 4432
3 4432 4471 4472
3 4432 4472 4433
3 4433 4472 4473
3 4433 4473 4434
3 4434 4473 4474
3 4434 4474 4435
3 4435 4474 4475
3 4435 4475 4436
3 4436 4475 4476
3 4436 4476 4437
3 4437 4476 4477
3 4437 4477 4438
3 4438 4477 4478
3 4438 4478 4439
3 4439 4478 4479
3 4440 4480 4441
3 4441 4480 4481
3 4441 4481 4442
3 4442 4481 4482
3 4442 4482 4443
3 4443 4482 4483
3 4443 4483 4444
3 4444 4483 4484
3 4444 4484 4445
3 4445 4484 4485
3 4445 4485 4446
3 4446 4485 4486
3 4446 4486 4447
3 4447 4486 4487
3 4447 4487 4448
3 4448 4487 4488
3 4448 4488 4449
3 4449 4488 4489
3 4449 4489 4450
3 4450 4489 4490
3 4450 4490 4451
3 4451 4490 4491
3 4451 4491 4452
3 4452 4491 4492
3 4452 4492 4453
3 4453 4492 4493
3 4453 4493 4454
3 4454 4493 4494
3 4454 4494 4455
3 4455 4494 4495
3 4455 4495 4456
3 4456 4495 4496
3 4456 4496 4457
3 4457 4496 4497
3 4457 4497 4458
3 4458 4497 4498
3 4458 4498 4459
3 4459 4498 4499
3 4459 4499 4460
3 4460 4499 4500
3 4460 4500 4461
3 4461 4500 4501
3 4461 4501 4462
3 4462 4501 4502
3 4462 4502 4463
3 4463 4502 4503
3 4463 4503 4464
3 4464 4503 4504
3 4464 4504 4465
3 4465 4504 4505
3 4465 4505 4466
3 4466 4505 4506
3 4466 4506 4467
3 4467 4506 4507
3 4467 4507 4468
3 4468 4507 4508
3 4468 4508 4469
3 4469 4508 4509
3 4469 4509 4470
3 4470 4509 4510
3 4470 4510 4471
3 4471 4510 4511
3 4471 4511 4472
3 4472 4511 4512
3 4472 4512 4473
3 4473 4512 4513
3 4473 4513 4474
3 4474 4513 4514
3 4474 4514 4475
3 4475 4514 4515
3 4475 4515 4476
3 4476 4515 4516
3 4476 4516 4477
3 4477 4516 4517
3 4477 4517 4478
3 4478 4517 4518
3 4478 4518 4479
3 4479 4518 4519
3 4480 4520 4481
3 4481 4520 4521
3 4481 4521 4482
3 4482 4521 4522
3 4482 4522 4483
3 4483 4522 4523
3 4483 4523 4484
3 4484 4523 4524
3 4484 4524 4485
3 4485 4524 4525
3 4485 4525 4486
3 4486 4525 4526
3 4486 4526 4487
3 4487 4526 4527
3 4487 4527 4488
3 4488 4527 4528
3 4488 4528 4489
3 4489 4528 4529
3 4489 4529 4490
3 4490 4529 4530
3 4490 4530 4491
3 4491 4530 4531
3 4491 4531 4492
3 4492 4531 4532
3 4492 4532 4493
3 4493 4532 4533
3 4493 4533 4494
3 4494 4533 4534
3 4494 4534 4495
3 4495 4534 4535
3 4495 4535 4496
3 4496 4535 4536
3 4496 4536 4497
3 4497 4536 4537
3 4497 4537 4498
3 4498 4537 4538
3 4498 4538 4499
3 4499 4538 4539
3 4499 4539 4500
3 4500 4539 4540
3 4500 4540 4501
3 4501 4540 4541
3 4501 4541 4502
3 4502 4541 4542
3 4502 4542 4503
3 4503 4542 4543
3 4503 4543 4504
3 4504 4543 4544
3 4504 4544 4505
3 4505 4544 4545
3 4505 4545 4506
3 4506 4545 4546
3 4506 4546 4507
3 4507 4546 4547
3 4507 4547 4508
3 4508 4547 4548
3 4508 4548 4509
3 4509 4548 4549
3 4509 4549 4510
3 4510 4549 4550
3 4510 4550 4511
3 4511 4550 4551
3 4511 4551 4512
3 4512 4551 4552
3 4512 4552 4513
3 4513 4552 4553
3 4513 4553 4514
3 4514 4553 4554
3 4514 4554 4515
3 4515 4554 4555
3 4515 4555 4516
3 4516 4555 4556
3 4516 4556 4517
3 4517 4556 4557
3 4517 4557 4518
3 4518 4557 4558
3 4518 4558 4519
3 4519 4558 4559
3 4520 4560 4521
3 4521 4560 4561
3 4521 4561 4522
3 4522 4561 4562
3 4522 4562 4523
3 4523 4562 4563
3 4523 4563 4524
3 4524 4563 4564
3 4524 4564 4525
3 4525 4564 4565
3 4525 4565 4526
3 4526 4565 4566
3 4526 4566 4527
3 4527 4566 4567
3 4527 4567 4528
3 4528 4567 4568
3 4528 4568 4529
3 4529 4568 4569
3 4529 4569 4530
3 4530 4569 4570
3 4530 4570 4531
3 4531 4570 4571
3 4531 4571 4532
3 4532 4571 4572
3 4532 4572 4533
3 4533 4572 4573
3 4533 4573 4534
3 4534 4573 4574
3 4534 4574 4535
3 4535 4574 4575
3 4535 4575 4536
3 4536 4575 4576
3 4536 4576 4537
3 4537 4576 4577
3 4537 4577 4538
3 4538 4577 4578
3 4538 4578 4539
3 4539 4578 4579
3 4539 4579 4540
3 4540 4579 4580
3 4540 4580 4541
3 4541 4580 4581
3 4541 4581 4542
3 4542 4581 4582
3 4542 4582 4543
3 4543 4582 4583
3 4543 4583 4544
3 4544 4583 4584
3 4544 4584 4545
3 4545 4584 4585
3 4545 4585 4546
3 4546 4585 4586
3 4546 4586 4547
3 4547 4586 4587
3 4547 4587 4548
3 4548 4587 4588
3 4548 4588 4549
3 4549 4588 4589
3 4549 4589 4550
3 4550 4589 4590
3 4550 4590 4551
3 4551 4590 4591
3 4551 4591 4552
3 4552 4591 4592
3 4552 4592 4553
3 4553 4592 4593
3 4553 4593 4554
3 4554 4593 4594
3 4554 4594 4555
3 4555 4594 4595
3 4555 4595 4556
3 4556 4595 4596
3 4556 4596 4557
3 4557 4596 4597
3 4557 4597 4558
3 4558 4597 4598
3 4558 4598 4559
3 4559 4598 4599
3 4560 4600 4561
3 4561 4600 4601
3 4561 4601 4562
3 4562 4601 4602
3 4562 4602 4563
3 4563 4602 4603
3 4563 4603 4564
3 4564 4603 4604
3 4564 4604 4565
3 4565 4604 4605
3 4565 4605 4566
3 4566 4605 4606
3 4566 4606 4567
3 4567 4606 4607
3 4567 4607 4568
3 4568 4607 4608
3 4568 4608 4569
3 4569 4608 4609
3 4569 4609 4570
3 4570 4609 4610
3 4570 4610 4571
3 4571 4610 4611
3 4571 4611 4572
3 4572 4611 4612
3 4572 4612 4573
3 4573 4612 4613
3 4573 4613 4574
3 4574 4613 4614
3 4574 4614 4575
3 4575 4614 4615
3 4575 4615 4576
3 4576 4615 4616
3 4576 4616 4577
3 4577 4616 4617
3 4577 4617 4578
3 4578 4617 4618
3 4578 4618 4579
3 4579 4618 4619
3 4579 4619 4580
3 4580 4619 4620
3 4580 4620 4581
3 4581 4620 4621
3 4581 4621 4582
3 4582 4621 4622
3 4582 4622 4583
3 4583 4622 4623
3 4583 4623 4584
3 4584 4623 4624
3 4584 4624 4585
3 4585 4624 4625
3 4585 4625 4586
3 4586 4625 4626
3 4586 4626 4587
3 4587 4626 4627
3 4587 4627 4588
3 4588 4627 4628
3 4588 4628 4589
3 4589 4628 4629
3 4589 4629 4590
3 4590 4629 4630
3 4590 4630 4591
3 4591 4630 4631
3 4591 4631 4592
3 4592 4631 4632
3 4592 4632 4593
3 4593 4632 4633
3 4593 4633 4594
3 4594 4633 4634
3 4594 4634 4595
3 4595 4634 4635
3 4595 4635 4596
3 4596 4635 4636
3 4596 4636 4597
3 4597 4636 4637
3 4597 4637 4598
3 4598 4637 4638
3 4598 4638 4599
3 4599 4638 4639
3 4600 4640 4601
3 4601 4640 4641
3 4601 4641 4602
3 4602 4641 4642
3 4602 4642 4603
3 4603 4642 4643
3 4603 4643 4604
3 4604 4643 4644
3 4604 4644 4605
3 4605 4644 4645
3 4605 4645 4606
3 4606 4645 4646
3 4606 4646 4607
3 4607 4646 4647
3 4607 4647 4608
3 4608 4647 4648
3 4608 4648 4609
3 4609 4648 4649
3 4609 4649 4610
3 4610 4649 4650
3 4610 4650 4611
3 4611 4650 4651
3 4611 4651 4612
3 4612 4651 4652
3 4612 4652 4613
3 4613 4652 4653
3 4613 4653 4614
3 4614 4653 4654
3 4614 4654 4615
3 4615 4654 4655
3 4615 4655 4616
3 4616 4655 4656
3 4616 4656 4617
3 4617 4656 4657
3 4617 4657 4618
3 4618 4657 4658
3 4618 4658 4619
3 4619 4658 4659
3 4619 4659 4620
3 4620 4659 4660
3 4620 4660 4621
3 4621 4660 4661
3 4621 4661 4622
3 4622 4661 4662
3 4622 4662 4623
3 4623 4662 4663
3 4623 4663 4624
3 4624 4663 4664
3 4624 4664 4625
3 4625 4664 4665
3 4625 4665 4626
3 4626 4665 4666
3 4626 4666 4627
3 4627 4666 4667
3 4627 4667 4628
3 4628 4667 4668
3 4628 4668 4629
3 4629 4668 4669
3 4629 4669 4630
3 4630 4669 4670
3 4630 4670 4631
3 4631 4670 4671
3 4631 4671 4632
3 4632 4671 4672
3 4632 4672 4633
3 4633 4672 4673
3 4633 4673 4634
3 4634 4673 4674
3 4634 4674 4635
3 4635 4674 4675
3 4635 4675 4636
3 4636 4675 4676
3 4636 4676 4637
3 4637 4676 4677
3 4637 4677 4638
3 4638 4677 4678
3 4638 4678 4639
3 4639 4678 4679
3 4640 4680 4641
3 4641 4680 4681
3 4641 4681 4642
3 4642 4681 4682
3 4642 4682 4643
3 4643 4682 4683
3 4643 4683 4644
3 4644 4683 4684
3 4644 4684 4645
3 4645 4684 4685
3 4645 4685 4646
3 4646 4685 4686
3 4646 4686 4647
3 4647 4686 4687
3 4647 4687 4648
3 4648 4687 4688
3 4648 4688 4649
3 4649 4688 4689
3 4649 4689 4650
3 4650 4689 4690
3 4650 4690 4651
3 4651 4690 4691
3 4651 4691 4652
3 4652 4691 4692
3 4652 4692 4653
3 4653 4692 4693
3 4653 4693 4654
3 4654 4693 4694
3 4654 4694 4655
3 4655 4694 4695
3 4655 4695 4656
3 4656 4695 4696
3 4656 4696 4657
3 4657 4696 4697
3 4657 4697 4658
3 4658 4697 4698
3 4658 4698 4659
3 4659 4698 4699
3 4659 4699 4660
3 4660 4699 4700
3 4660 4700 4661
3 4661 4700 4701
3 4661 4701 4662
3 4662 4701 4702
3 4662 4702 4663
3 4663 4702 4703
3 4663 4703 4664
3 4664 4703 4704
3 4664 4704 4665
3 4665 4704 4705
3 4665 4705 4666
3 4666 4705 4706
3 4666 4706 4667
3 4667 4706 4707
3 4667 4707 4668
3 4668 4707 4708
3 4668 4708 4669
3 4669 4708 4709
3 4669 4709 4670
3 4670 4709 4710
3 4670 4710 4671
3 4671 4710 4711
3 4671 4711 4672
3 4672 4711 4712
3 4672 4712 4673
3 4673 4712 4713
3 4673 4713 4674
3 4674 4713 4714
3 4674 4714 4675
3 4675 4714 4715
3 4675 4715 4676
3 4676 4715 4716
3 4676 4716 4677
3 4677 4716 4717
3 4677 4717 4678
3 4678 4717 4718
3 4678 4718 4679
3 4679 4718 4719
3 4680 4720 4681
3 4681 4720 4721
3 4681 4721 4682
3 4682 4721 4722
3 4682 4722 4683
3 4683 4722 4723
3 4683 4723 4684
3 4684 4723 4724
3 4684 4724 4685
3 4685 4724 4725
3 4685 4725 4686
3 4686 4725 4726
3 4686 4726 4687
3 4687 4726 4727
3 4687 4727 4688
3 4688 4727 4728
3 4688 4728 4689
3 4689 4728 4729
3 4689 4729 4690
3 4690 4729 4730
3 4690 4730 4691
3 4691 4730 4731
3 4691 4731 4692
3 4692 4731 4732
3 4692 4732 4693
3 4693 4732 4733
3 4693 4733 4694
3 4694 4733 4734
3 4694 4734 4695
3 4695 4734 4735
3 4695 4735 4696
3 4696 4735 4736
3 4696 4736 4697
3 4697 4736 4737
3 4697 4737 4698
3 4698 4737 4738
3 4698 4738 4699
3 4699 4738 4739
3 4699 4739 4700
3 4700 4739 4740
3 4700 4740 4701
3 4701 4740 4741
3 4701 4741 4702
3 4702 4741 4742
3 4702 4742 4703
3 4703 4742 4743
3 4703 4743 4704
3 4704 4743 4744
3 4704 4744 4705
3 4705 4744 4745
3 4705 4745 4706
3 4706 4745 4746
3 4706 4746 4707
3 4707 4746 4747
3 4707 4747 4708
3 4708 4747 4748
3 4708 4748 4709
3 4709 4748 4749
3 4709 4749 4710
3 4710 4749 4750
3 4710 4750 4711
3 4711 4750 4751
3 4711 4751 4712
3 4712 4751 4752
3 4712 4752 4713
3 4713 4752 4753
3 4713 4753 4714
3 4714 4753 4754
3 4714 4754 4715
3 4715 4754 4755
3 4715 4755 4716
3 4716 4755 4756
3 4716 4756 4717
3 4717 4756 4757
3 4717 4757 4718
3 4718 4757 4758
3 4718 4758 4719
3 4719 4758 4759
3 4720 4760 4721
3 4721 4760 4761
3 4721 4761 4722
3 4722 4761 4762
3 4722 4762 4723
3 4723 4762 4763
3 4723 4763 4724
3 4724 4763 4764
3 4724 4764 4725
3 4725 4764 4765
3 4725 4765 4726
3 4726 4765 4766
3 4726 4766 4727
3 4727 4766 4767
3 4727 4767 4728
3 4728 4767 4768
3 4728 4768 4729
3 4729 4768 4769
3 4729 4769 4730
3 4730 4769 4770
3 4730 4770 4731
3 4731 4770 4771
3 4731 4771 4732
3 4732 4771 4772
3 4732 4772 4733
3 4733 4772 4773
3 4733 4773 4734
3 4734 4773 4774
3 4734 4774 4735
3 4735 4774 4775
3 4735 4775 4736
3 4736 4775 4776
3 4736 4776 4737
3 4737 4776 4777
3 4737 4777 4738
3 4738 4777 4778
3 4738 4778 4739
3 4739 4778 4779
3 4739 4779 4740
3 4740 4779 4780
3 4740 4780 4741
3 4741 4780 4781
3 4741 4781 4742
3 4742 4781 4782
3 4742 4782 4743
3 4743 4782 4783
3 4743 4783 4744
3 4744 4783 4784
3 4744 4784 4745
3 4745 4784 4785
3 4745 4785 4746
3 4746 4785 4786
3 4746 4786 4747
3 4747 4786 4787
3 4747 4787 4748
3 4748 4787 4788
3 4748 4788 4749
3 4749 4788 4789
3 4749 4789 4750
3 4750 4789 4790
3 4750 4790 4751
3 4751 4790 4791
3 4751 4791 4752
3 4752 4791 4792
3 4752 4792 4753
3 4753 4792 4793
3 4753 4793 4754
3 4754 4793 4794
3 4754 4794 4755
3 4755 4794 4795
3 4755 4795 4756
3 4756 4795 4796
3 4756 4796 4757
3 4757 4796 4797
3 4757 4797 4758
3 4758 4797 4798
3 4758 4798 4759
3 4759 4798 4799
