# vtk DataFile Version 3.0
wing
ASCII
DATASET POLYDATA
POINTS 4800 float
-0.9427175016683212 0.2081518073144089 0.26068474669605013
-0.9185452580358001 0.2028145814858343 0.25400052242179244
-0.8943730144032791 0.19747735565725974 0.24731629814753472
-0.8702007707707581 0.19214012982868517 0.24063207387327706
-0.8460285271382371 0.18680290400011057 0.23394784959901935
-0.8218562835057159 0.18146567817153597 0.22726362532476166
-0.7976840398731949 0.17612845234296137 0.22057940105050394
-0.7735117962406738 0.1707912265143868 0.21389517677624625
-0.7493395526081529 0.16545400068581223 0.2072109525019886
-0.7251673089756318 0.16011677485723763 0.20052672822773088
-0.7009950653431107 0.15477954902866303 0.1938425039534732
-0.6768228217105896 0.14944232320008846 0.18715827967921547
-0.6526505780780686 0.14410509737151386 0.18047405540495778
-0.6284783344455476 0.1387678715429393 0.1737898311307001
-0.6043060908130263 0.13343064571436467 0.16710560685644238
-0.5801338471805054 0.1280934198857901 0.1604213825821847
-0.5559616035479843 0.12275619405721551 0.153737158307927
-0.5317893599154633 0.11741896822864092 0.1470529340336693
-0.5076171162829423 0.11208174240006635 0.14036870975941163
-0.48344487265042113 0.10674451657149174 0.1336844854851539
-0.4592726290179001 0.10140729074291717 0.12700026121089622
-0.43510038538537904 0.09607006491434258 0.12031603693663853
-0.41092814175285797 0.09073283908576799 0.11363181266238083
-0.3867558981203369 0.0853956132571934 0.10694758838812313
-0.3625836544878158 0.0800583874286188 0.10026336411386542
-0.33841141085529486 0.07472116160004423 0.09357913983960775
-0.3142391672227738 0.06938393577146965 0.08689491556535005
-0.2900669235902527 0.06404670994289505 0.08021069129109235
-0.26589467995773164 0.05870948411432046 0.07352646701683466
-0.24172243632521057 0.05337225828574587 0.06684224274257695
-0.21755019269268958 0.0480350324571713 0.06015801846831928
-0.1933779490601685 0.04269780662859671 0.05347379419406158
-0.16920570542764743 0.037360580800022115 0.046789569919803875
-0.14503346179512636 0.032023354971447524 0.04010534564554617
-0.12086121816260528 0.026686129142872935 0.03342112137128848
-0.0966889745300843 0.021348903314298368 0.026736897097030803
-0.07251673089756323 0.016011677485723776 0.020052672822773104
-0.04834448726504215 0.010674451657149184 0.013368448548515401
-0.024172243632521077 0.005337225828574592 0.006684224274257701
0.0 0.0 0.0
-0.9427175016683212 0.2245687720629629 0.2475761128908938
-0.9185452580358001 0.2192315462343883 0.2408918886166361
-0.8943730144032791 0.21389432040581374 0.23420766434237839
-0.8702007707707581 0.20855709457723917 0.22752344006812072
-0.8460285271382371 0.20321986874866457 0.220839215793863
-0.8218562835057159 0.19788264292008997 0.21415499151960532
-0.7976840398731949 0.19254541709151538 0.2074707672453476
-0.7735117962406738 0.1872081912629408 0.20078654297108992
-0.7493395526081529 0.18187096543436623 0.19410231869683225
-0.7251673089756318 0.17653373960579163 0.18741809442257454
-0.7009950653431107 0.17119651377721704 0.18073387014831685
-0.6768228217105896 0.16585928794864246 0.17404964587405913
-0.6526505780780686 0.16052206212006787 0.16736542159980144
-0.6284783344455476 0.1551848362914933 0.16068119732554376
-0.6043060908130263 0.14984761046291867 0.15399697305128604
-0.5801338471805054 0.1445103846343441 0.14731274877702835
-0.5559616035479843 0.13917315880576953 0.14062852450277066
-0.5317893599154633 0.13383593297719493 0.13394430022851297
-0.5076171162829423 0.12849870714862036 0.1272600759542553
-0.48344487265042113 0.12316148132004576 0.12057585167999757
-0.4592726290179001 0.11782425549147119 0.11389162740573988
-0.43510038538537904 0.1124870296628966 0.10720740313148219
-0.41092814175285797 0.107149803834322 0.10052317885722449
-0.3867558981203369 0.10181257800574742 0.09383895458296679
-0.3625836544878158 0.09647535217717282 0.08715473030870909
-0.33841141085529486 0.09113812634859825 0.08047050603445141
-0.3142391672227738 0.08580090052002366 0.07378628176019371
-0.2900669235902527 0.08046367469144906 0.067102057485936
-0.26589467995773164 0.07512644886287448 0.060417833211678325
-0.24172243632521057 0.06978922303429988 0.05373360893742062
-0.21755019269268958 0.06445199720572531 0.04704938466316295
-0.1933779490601685 0.059114771377150724 0.040365160388905245
-0.16920570542764743 0.05377754554857613 0.03368093611464754
-0.14503346179512636 0.04844031972000154 0.02699671184038984
-0.12086121816260528 0.04310309389142695 0.020312487566132145
-0.0966889745300843 0.037765868062852384 0.01362826329187447
-0.07251673089756323 0.03242864223427779 0.006944039017616772
-0.04834448726504215 0.027091416405703197 0.00025981474335906905
-0.024172243632521077 0.021754190577128605 -0.006424409530898631
0.0 0.016416964748554013 -0.013108633805156332
-0.9427175016683212 0.24098573681151694 0.23446747908573745
-0.9185452580358001 0.23564851098294234 0.22778325481147976
-0.8943730144032791 0.23031128515436777 0.22109903053722205
-0.8702007707707581 0.2249740593257932 0.21441480626296439
-0.8460285271382371 0.2196368334972186 0.20773058198870667
-0.8218562835057159 0.214299607668644 0.20104635771444898
-0.7976840398731949 0.2089623818400694 0.19436213344019126
-0.7735117962406738 0.20362515601149483 0.18767790916593358
-0.7493395526081529 0.19828793018292026 0.18099368489167592
-0.7251673089756318 0.19295070435434566 0.1743094606174182
-0.7009950653431107 0.18761347852577107 0.1676252363431605
-0.6768228217105896 0.1822762526971965 0.1609410120689028
-0.6526505780780686 0.1769390268686219 0.1542567877946451
-0.6284783344455476 0.17160180104004732 0.14757256352038742
-0.6043060908130263 0.1662645752114727 0.1408883392461297
-0.5801338471805054 0.16092734938289813 0.134204114971872
-0.5559616035479843 0.15559012355432353 0.12751989069761432
-0.5317893599154633 0.15025289772574896 0.12083566642335665
-0.5076171162829423 0.1449156718971744 0.11415144214909896
-0.48344487265042113 0.13957844606859976 0.10746721787484124
-0.4592726290179001 0.1342412202400252 0.10078299360058356
-0.43510038538537904 0.12890399441145062 0.09409876932632587
-0.41092814175285797 0.12356676858287602 0.08741454505206817
-0.3867558981203369 0.11822954275430143 0.08073032077781046
-0.3625836544878158 0.11289231692572683 0.07404609650355276
-0.33841141085529486 0.10755509109715226 0.06736187222929509
-0.3142391672227738 0.10221786526857768 0.060677647955037384
-0.2900669235902527 0.09688063944000308 0.05399342368077968
-0.26589467995773164 0.0915434136114285 0.04730919940652199
-0.24172243632521057 0.0862061877828539 0.04062497513226429
-0.21755019269268958 0.08086896195427933 0.033940750858006616
-0.1933779490601685 0.07553173612570474 0.027256526583748913
-0.16920570542764743 0.07019451029713014 0.02057230230949121
-0.14503346179512636 0.06485728446855556 0.013888078035233509
-0.12086121816260528 0.059520058639980965 0.007203853760975812
-0.0966889745300843 0.054182832811406394 0.0005196294867181381
-0.07251673089756323 0.0488456069828318 -0.006164594787539561
-0.04834448726504215 0.04350838115425721 -0.012848819061797263
-0.024172243632521077 0.03817115532568262 -0.019533043336054965
0.0 0.032833929497108026 -0.026217267610312664
-0.9427175016683212 0.25740270156007095 0.22135884528058114
-0.9185452580358001 0.25206547573149635 0.21467462100632345
-0.8943730144032791 0.24672824990292178 0.20799039673206574
-0.8702007707707581 0.2413910240743472 0.20130617245780807
-0.8460285271382371 0.2360537982457726 0.19462194818355036
-0.8218562835057159 0.230716572417198 0.18793772390929267
-0.7976840398731949 0.2253793465886234 0.18125349963503495
-0.7735117962406738 0.22004212076004884 0.17456927536077727
-0.7493395526081529 0.21470489493147427 0.1678850510865196
-0.7251673089756318 0.20936766910289967 0.1612008268122619
-0.7009950653431107 0.20403044327432507 0.1545166025380042
-0.6768228217105896 0.1986932174457505 0.14783237826374648
-0.6526505780780686 0.1933559916171759 0.1411481539894888
-0.6284783344455476 0.18801876578860133 0.1344639297152311
-0.6043060908130263 0.1826815399600267 0.1277797054409734
-0.5801338471805054 0.17734431413145213 0.1210954811667157
-0.5559616035479843 0.17200708830287753 0.11441125689245801
-0.5317893599154633 0.16666986247430296 0.10772703261820032
-0.5076171162829423 0.1613326366457284 0.10104280834394264
-0.48344487265042113 0.15599541081715376 0.09435858406968492
-0.4592726290179001 0.1506581849885792 0.08767435979542723
-0.43510038538537904 0.14532095916000462 0.08099013552116954
-0.41092814175285797 0.13998373333143002 0.07430591124691184
-0.3867558981203369 0.13464650750285542 0.06762168697265414
-0.3625836544878158 0.12930928167428082 0.06093746269839643
-0.33841141085529486 0.12397205584570627 0.054253238424138754
-0.3142391672227738 0.11863483001713168 0.04756901414988105
-0.2900669235902527 0.11329760418855708 0.04088478987562335
-0.26589467995773164 0.1079603783599825 0.03420056560136566
-0.24172243632521057 0.1026231525314079 0.027516341327107962
-0.21755019269268958 0.09728592670283333 0.020832117052850287
-0.1933779490601685 0.09194870087425874 0.014147892778592585
-0.16920570542764743 0.08661147504568414 0.007463668504334883
-0.14503346179512636 0.08127424921710956 0.0007794442300771802
-0.12086121816260528 0.07593702338853497 -0.005904780044180515
-0.0966889745300843 0.0705997975599604 -0.01258900431843819
-0.07251673089756323 0.0652625717313858 -0.01927322859269589
-0.04834448726504215 0.05992534590281122 -0.02595745286695359
-0.024172243632521077 0.05458812007423663 -0.032641677141211294
0.0 0.049250894245662036 -0.039325901415468996
-0.9427175016683212 0.273819666308625 0.2082502114754248
-0.9185452580358001 0.2684824404800504 0.2015659872011671
-0.8943730144032791 0.2631452146514758 0.1948817629269094
-0.8702007707707581 0.25780798882290124 0.18819753865265174
-0.8460285271382371 0.25247076299432664 0.18151331437839402
-0.8218562835057159 0.24713353716575204 0.17482909010413633
-0.7976840398731949 0.24179631133717744 0.16814486582987861
-0.7735117962406738 0.23645908550860287 0.16146064155562093
-0.7493395526081529 0.2311218596800283 0.15477641728136327
-0.7251673089756318 0.2257846338514537 0.14809219300710555
-0.7009950653431107 0.2204474080228791 0.14140796873284786
-0.6768228217105896 0.21511018219430453 0.13472374445859014
-0.6526505780780686 0.20977295636572993 0.12803952018433246
-0.6284783344455476 0.20443573053715536 0.12135529591007477
-0.6043060908130263 0.19909850470858073 0.11467107163581705
-0.5801338471805054 0.19376127888000616 0.10798684736155936
-0.5559616035479843 0.18842405305143156 0.10130262308730167
-0.5317893599154633 0.183086827222857 0.09461839881304399
-0.5076171162829423 0.17774960139428242 0.0879341745387863
-0.48344487265042113 0.1724123755657078 0.08124995026452858
-0.4592726290179001 0.16707514973713322 0.07456572599027089
-0.43510038538537904 0.16173792390855865 0.0678815017160132
-0.41092814175285797 0.15640069807998405 0.0611972774417555
-0.3867558981203369 0.15106347225140945 0.0545130531674978
-0.3625836544878158 0.14572624642283485 0.0478288288932401
-0.33841141085529486 0.14038902059426028 0.04114460461898242
-0.3142391672227738 0.1350517947656857 0.03446038034472472
-0.2900669235902527 0.1297145689371111 0.027776156070467017
-0.26589467995773164 0.12437734310853651 0.02109193179620933
-0.24172243632521057 0.11904011727996193 0.014407707521951625
-0.21755019269268958 0.11370289145138736 0.007723483247693951
-0.1933779490601685 0.10836566562281276 0.0010392589734362484
-0.16920570542764743 0.10302843979423817 -0.005644965300821454
-0.14503346179512636 0.09769121396566358 -0.012329189575079157
-0.12086121816260528 0.09235398813708899 -0.01901341384933685
-0.0966889745300843 0.08701676230851442 -0.025697638123594525
-0.07251673089756323 0.08167953647993983 -0.03238186239785223
-0.04834448726504215 0.07634231065136524 -0.03906608667210993
-0.024172243632521077 0.07100508482279065 -0.045750310946367626
0.0 0.06566785899421605 -0.05243453522062533
-0.9427175016683212 0.290236631057179 0.19514157767026846
-0.9185452580358001 0.2848994052286044 0.18845735339601077
-0.8943730144032791 0.2795621794000298 0.18177312912175306
-0.8702007707707581 0.27422495357145527 0.1750889048474954
-0.8460285271382371 0.26888772774288067 0.16840468057323768
-0.8218562835057159 0.26355050191430607 0.16172045629898
-0.7976840398731949 0.25821327608573147 0.15503623202472228
-0.7735117962406738 0.25287605025715687 0.1483520077504646
-0.7493395526081529 0.2475388244285823 0.14166778347620693
-0.7251673089756318 0.2422015986000077 0.1349835592019492
-0.7009950653431107 0.2368643727714331 0.12829933492769152
-0.6768228217105896 0.23152714694285853 0.1216151106534338
-0.6526505780780686 0.22618992111428393 0.11493088637917612
-0.6284783344455476 0.22085269528570936 0.10824666210491843
-0.6043060908130263 0.21551546945713473 0.10156243783066071
-0.5801338471805054 0.21017824362856016 0.09487821355640302
-0.5559616035479843 0.2048410177999856 0.08819398928214534
-0.5317893599154633 0.199503791971411 0.08150976500788765
-0.5076171162829423 0.19416656614283642 0.07482554073362996
-0.48344487265042113 0.18882934031426182 0.06814131645937224
-0.4592726290179001 0.18349211448568725 0.061457092185114554
-0.43510038538537904 0.17815488865711265 0.054772867910856865
-0.41092814175285797 0.17281766282853805 0.04808864363659916
-0.3867558981203369 0.16748043699996348 0.04140441936234146
-0.3625836544878158 0.16214321117138888 0.03472019508808376
-0.33841141085529486 0.1568059853428143 0.028035970813826083
-0.3142391672227738 0.15146875951423971 0.02135174653956838
-0.2900669235902527 0.14613153368566512 0.01466752226531068
-0.26589467995773164 0.14079430785709054 0.007983297991052992
-0.24172243632521057 0.13545708202851595 0.0012990737167952887
-0.21755019269268958 0.13011985619994137 -0.005385150557462386
-0.1933779490601685 0.12478263037136678 -0.012069374831720088
-0.16920570542764743 0.11944540454279219 -0.018753599105977792
-0.14503346179512636 0.11410817871421759 -0.025437823380235494
-0.12086121816260528 0.10877095288564301 -0.03212204765449319
-0.0966889745300843 0.10343372705706844 -0.038806271928750864
-0.07251673089756323 0.09809650122849385 -0.04549049620300856
-0.04834448726504215 0.09275927539991925 -0.05217472047726626
-0.024172243632521077 0.08742204957134467 -0.058858944751523964
0.0 0.08208482374277007 -0.06554316902578167
-0.9427175016683212 0.306653595805733 0.18203294386511215
-0.9185452580358001 0.3013163699771584 0.17534871959085446
-0.8943730144032791 0.2959791441485838 0.16866449531659675
-0.8702007707707581 0.29064191832000924 0.16198027104233909
-0.8460285271382371 0.28530469249143464 0.15529604676808137
-0.8218562835057159 0.27996746666286004 0.14861182249382368
-0.7976840398731949 0.27463024083428544 0.14192759821956596
-0.7735117962406738 0.26929301500571085 0.13524337394530828
-0.7493395526081529 0.2639557891771363 0.12855914967105062
-0.7251673089756318 0.2586185633485617 0.12187492539679289
-0.7009950653431107 0.2532813375199871 0.1151907011225352
-0.6768228217105896 0.24794411169141253 0.10850647684827748
-0.6526505780780686 0.24260688586283793 0.10182225257401979
-0.6284783344455476 0.23726966003426336 0.0951380282997621
-0.6043060908130263 0.23193243420568874 0.08845380402550439
-0.5801338471805054 0.22659520837711417 0.0817695797512467
-0.5559616035479843 0.22125798254853957 0.07508535547698901
-0.5317893599154633 0.215920756719965 0.06840113120273132
-0.5076171162829423 0.21058353089139042 0.06171690692847364
-0.48344487265042113 0.2052463050628158 0.055032682654215924
-0.4592726290179001 0.19990907923424123 0.048348458379958235
-0.43510038538537904 0.19457185340566666 0.04166423410570055
-0.41092814175285797 0.18923462757709206 0.034980009831442845
-0.3867558981203369 0.18389740174851746 0.028295785557185142
-0.3625836544878158 0.17856017591994286 0.02161156128292744
-0.33841141085529486 0.1732229500913683 0.014927337008669765
-0.3142391672227738 0.16788572426279372 0.008243112734412063
-0.2900669235902527 0.16254849843421912 0.0015588884601543604
-0.26589467995773164 0.15721127260564452 -0.005125335814103328
-0.24172243632521057 0.15187404677706995 -0.01180956008836103
-0.21755019269268958 0.14653682094849538 -0.018493784362618705
-0.1933779490601685 0.14119959511992078 -0.025178008636876407
-0.16920570542764743 0.13586236929134618 -0.03186223291113411
-0.14503346179512636 0.13052514346277158 -0.03854645718539181
-0.12086121816260528 0.125187917634197 -0.04523068145964951
-0.0966889745300843 0.11985069180562244 -0.05191490573390718
-0.07251673089756323 0.11451346597704784 -0.058599130008164885
-0.04834448726504215 0.10917624014847326 -0.06528335428242259
-0.024172243632521077 0.10383901431989866 -0.07196757855668029
0.0 0.09850178849132407 -0.07865180283093799
-0.9427175016683212 0.323070560554287 0.1689243100599558
-0.9185452580358001 0.3177333347257124 0.16224008578569812
-0.8943730144032791 0.3123961088971378 0.1555558615114404
-0.8702007707707581 0.30705888306856327 0.14887163723718275
-0.8460285271382371 0.30172165723998867 0.14218741296292503
-0.8218562835057159 0.2963844314114141 0.13550318868866734
-0.7976840398731949 0.2910472055828395 0.12881896441440963
-0.7735117962406738 0.2857099797542649 0.12213474014015194
-0.7493395526081529 0.28037275392569033 0.11545051586589428
-0.7251673089756318 0.27503552809711573 0.10876629159163656
-0.7009950653431107 0.26969830226854113 0.10208206731737887
-0.6768228217105896 0.26436107643996654 0.09539784304312116
-0.6526505780780686 0.25902385061139194 0.08871361876886347
-0.6284783344455476 0.2536866247828174 0.08202939449460578
-0.6043060908130263 0.24834939895424274 0.07534517022034806
-0.5801338471805054 0.24301217312566817 0.06866094594609037
-0.5559616035479843 0.2376749472970936 0.06197672167183268
-0.5317893599154633 0.232337721468519 0.05529249739757499
-0.5076171162829423 0.22700049563994443 0.0486082731233173
-0.48344487265042113 0.22166326981136983 0.041924048849059585
-0.4592726290179001 0.21632604398279526 0.035239824574801897
-0.43510038538537904 0.21098881815422066 0.02855560030054421
-0.41092814175285797 0.20565159232564606 0.02187137602628651
-0.3867558981203369 0.2003143664970715 0.015187151752028805
-0.3625836544878158 0.1949771406684969 0.008502927477771103
-0.33841141085529486 0.18963991483992232 0.0018187032035134284
-0.3142391672227738 0.18430268901134772 -0.0048655210707442735
-0.2900669235902527 0.17896546318277312 -0.011549745345001977
-0.26589467995773164 0.17362823735419855 -0.018233969619259664
-0.24172243632521057 0.16829101152562395 -0.024918193893517366
-0.21755019269268958 0.16295378569704938 -0.031602418167775044
-0.1933779490601685 0.15761655986847478 -0.038286642442032746
-0.16920570542764743 0.1522793340399002 -0.04497086671629045
-0.14503346179512636 0.1469421082113256 -0.05165509099054815
-0.12086121816260528 0.141604882382751 -0.05833931526480585
-0.0966889745300843 0.13626765655417644 -0.06502353953906352
-0.07251673089756323 0.13093043072560187 -0.07170776381332122
-0.04834448726504215 0.12559320489702727 -0.07839198808757893
-0.024172243632521077 0.12025597906845267 -0.08507621236183661
0.0 0.11491875323987809 -0.09176043663609432
-0.9427175016683212 0.33948752530284104 0.15581567625479947
-0.9185452580358001 0.33415029947426644 0.14913145198054178
-0.8943730144032791 0.32881307364569184 0.14244722770628407
-0.8702007707707581 0.3234758478171173 0.1357630034320264
-0.8460285271382371 0.3181386219885427 0.1290787791577687
-0.8218562835057159 0.3128013961599681 0.122394554883511
-0.7976840398731949 0.3074641703313935 0.11571033060925329
-0.7735117962406738 0.3021269445028189 0.1090261063349956
-0.7493395526081529 0.29678971867424436 0.10234188206073794
-0.7251673089756318 0.29145249284566976 0.09565765778648022
-0.7009950653431107 0.28611526701709517 0.08897343351222253
-0.6768228217105896 0.28077804118852057 0.08228920923796482
-0.6526505780780686 0.27544081535994597 0.07560498496370713
-0.6284783344455476 0.2701035895313714 0.06892076068944944
-0.6043060908130263 0.26476636370279677 0.06223653641519172
-0.5801338471805054 0.2594291378742222 0.055552312140934035
-0.5559616035479843 0.2540919120456476 0.048868087866676346
-0.5317893599154633 0.24875468621707303 0.04218386359241866
-0.5076171162829423 0.24341746038849846 0.03549963931816097
-0.48344487265042113 0.23808023455992386 0.02881541504390325
-0.4592726290179001 0.2327430087313493 0.02213119076964556
-0.43510038538537904 0.2274057829027747 0.015446966495387874
-0.41092814175285797 0.2220685570742001 0.008762742221130172
-0.3867558981203369 0.21673133124562552 0.002078517946872469
-0.3625836544878158 0.21139410541705092 -0.004605706327385234
-0.33841141085529486 0.20605687958847635 -0.011289930601642907
-0.3142391672227738 0.20071965375990175 -0.01797415487590061
-0.2900669235902527 0.19538242793132715 -0.024658379150158314
-0.26589467995773164 0.19004520210275258 -0.031342603424416
-0.24172243632521057 0.18470797627417798 -0.0380268276986737
-0.21755019269268958 0.1793707504456034 -0.044711051972931376
-0.1933779490601685 0.1740335246170288 -0.05139527624718908
-0.16920570542764743 0.1686962987884542 -0.05807950052144678
-0.14503346179512636 0.16335907295987964 -0.06476372479570448
-0.12086121816260528 0.15802184713130504 -0.07144794906996219
-0.0966889745300843 0.15268462130273047 -0.07813217334421986
-0.07251673089756323 0.14734739547415587 -0.08481639761847755
-0.04834448726504215 0.1420101696455813 -0.09150062189273525
-0.024172243632521077 0.1366729438170067 -0.09818484616699295
0.0 0.1313357179884321 -0.10486907044125066
-0.9427175016683212 0.355904490051395 0.14270704244964313
-0.9185452580358001 0.3505672642228204 0.13602281817538545
-0.8943730144032791 0.3452300383942459 0.12933859390112773
-0.8702007707707581 0.3398928125656713 0.12265436962687007
-0.8460285271382371 0.3345555867370967 0.11597014535261235
-0.8218562835057159 0.3292183609085221 0.10928592107835466
-0.7976840398731949 0.3238811350799475 0.10260169680409695
-0.7735117962406738 0.31854390925137294 0.09591747252983926
-0.7493395526081529 0.31320668342279834 0.0892332482555816
-0.7251673089756318 0.30786945759422374 0.08254902398132388
-0.7009950653431107 0.30253223176564914 0.0758647997070662
-0.6768228217105896 0.2971950059370746 0.06918057543280848
-0.6526505780780686 0.2918577801085 0.06249635115855079
-0.6284783344455476 0.2865205542799254 0.0558121268842931
-0.6043060908130263 0.2811833284513508 0.049127902610035384
-0.5801338471805054 0.2758461026227762 0.042443678335777696
-0.5559616035479843 0.27050887679420166 0.03575945406152001
-0.5317893599154633 0.26517165096562706 0.02907522978726232
-0.5076171162829423 0.25983442513705246 0.02239100551300463
-0.48344487265042113 0.25449719930847786 0.015706781238746914
-0.4592726290179001 0.2491599734799033 0.009022556964489226
-0.43510038538537904 0.24382274765132872 0.002338332690231537
-0.41092814175285797 0.23848552182275412 -0.004345891584026165
-0.3867558981203369 0.23314829599417952 -0.011030115858283868
-0.3625836544878158 0.22781107016560492 -0.01771434013254157
-0.33841141085529486 0.22247384433703035 -0.024398564406799245
-0.3142391672227738 0.21713661850845578 -0.031082788681056947
-0.2900669235902527 0.21179939267988118 -0.03776701295531465
-0.26589467995773164 0.20646216685130658 -0.04445123722957234
-0.24172243632521057 0.20112494102273198 -0.05113546150383004
-0.21755019269268958 0.1957877151941574 -0.057819685778087715
-0.1933779490601685 0.19045048936558284 -0.06450391005234542
-0.16920570542764743 0.18511326353700824 -0.07118813432660312
-0.14503346179512636 0.17977603770843364 -0.07787235860086082
-0.12086121816260528 0.17443881187985905 -0.08455658287511852
-0.0966889745300843 0.1691015860512845 -0.0912408071493762
-0.07251673089756323 0.1637643602227099 -0.09792503142363389
-0.04834448726504215 0.1584271343941353 -0.10460925569789159
-0.024172243632521077 0.1530899085655607 -0.11129347997214929
0.0 0.14775268273698614 -0.117977704246407
-0.9427175016683212 0.37232145479994905 0.1295984086444868
-0.9185452580358001 0.36698422897137445 0.12291418437022911
-0.8943730144032791 0.3616470031427999 0.11622996009597139
-0.8702007707707581 0.3563097773142253 0.10954573582171373
-0.8460285271382371 0.3509725514856507 0.10286151154745601
-0.8218562835057159 0.3456353256570761 0.09617728727319833
-0.7976840398731949 0.3402980998285015 0.08949306299894061
-0.7735117962406738 0.33496087399992697 0.08280883872468292
-0.7493395526081529 0.32962364817135237 0.07612461445042526
-0.7251673089756318 0.32428642234277777 0.06944039017616754
-0.7009950653431107 0.31894919651420317 0.06275616590190985
-0.6768228217105896 0.3136119706856286 0.05607194162765214
-0.6526505780780686 0.30827474485705403 0.04938771735339445
-0.6284783344455476 0.30293751902847943 0.04270349307913676
-0.6043060908130263 0.29760029319990483 0.036019268804879045
-0.5801338471805054 0.29226306737133023 0.02933504453062136
-0.5559616035479843 0.28692584154275563 0.022650820256363672
-0.5317893599154633 0.2815886157141811 0.015966595982105983
-0.5076171162829423 0.2762513898856065 0.009282371707848293
-0.48344487265042113 0.2709141640570319 0.0025981474335905774
-0.4592726290179001 0.2655769382284573 -0.004086076840667111
-0.43510038538537904 0.26023971239988275 -0.0107703011149248
-0.41092814175285797 0.25490248657130815 -0.0174545253891825
-0.3867558981203369 0.24956526074273355 -0.024138749663440203
-0.3625836544878158 0.24422803491415895 -0.030822973937697905
-0.33841141085529486 0.23889080908558438 -0.037507198211955584
-0.3142391672227738 0.23355358325700978 -0.044191422486213286
-0.2900669235902527 0.22821635742843518 -0.05087564676047099
-0.26589467995773164 0.2228791315998606 -0.05755987103472868
-0.24172243632521057 0.21754190577128601 -0.06424409530898638
-0.21755019269268958 0.21220467994271144 -0.07092831958324405
-0.1933779490601685 0.20686745411413685 -0.07761254385750176
-0.16920570542764743 0.20153022828556225 -0.08429676813175946
-0.14503346179512636 0.19619300245698768 -0.09098099240601716
-0.12086121816260528 0.19085577662841308 -0.09766521668027485
-0.0966889745300843 0.1855185507998385 -0.10434944095453252
-0.07251673089756323 0.1801813249712639 -0.11103366522879023
-0.04834448726504215 0.17484409914268934 -0.11771788950304793
-0.024172243632521077 0.16950687331411474 -0.12440211377730563
0.0 0.16416964748554014 -0.13108633805156333
-0.9427175016683212 0.388738419548503 0.11648977483933048
-0.9185452580358001 0.3834011937199284 0.1098055505650728
-0.8943730144032791 0.3780639678913539 0.10312132629081508
-0.8702007707707581 0.3727267420627793 0.09643710201655742
-0.8460285271382371 0.3673895162342047 0.0897528777422997
-0.8218562835057159 0.3620522904056301 0.08306865346804201
-0.7976840398731949 0.3567150645770555 0.0763844291937843
-0.7735117962406738 0.35137783874848094 0.06970020491952661
-0.7493395526081529 0.34604061291990634 0.06301598064526895
-0.7251673089756318 0.34070338709133174 0.056331756371011225
-0.7009950653431107 0.33536616126275715 0.04964753209675354
-0.6768228217105896 0.3300289354341826 0.04296330782249582
-0.6526505780780686 0.324691709605608 0.03627908354823813
-0.6284783344455476 0.3193544837770334 0.029594859273980444
-0.6043060908130263 0.3140172579484588 0.022910634999722727
-0.5801338471805054 0.3086800321198842 0.01622641072546504
-0.5559616035479843 0.30334280629130966 0.009542186451207352
-0.5317893599154633 0.29800558046273506 0.0028579621769496627
-0.5076171162829423 0.29266835463416047 -0.0038262620973080258
-0.48344487265042113 0.28733112880558587 -0.010510486371565741
-0.4592726290179001 0.2819939029770113 -0.01719471064582343
-0.43510038538537904 0.2766566771484367 -0.02387893492008112
-0.41092814175285797 0.2713194513198621 -0.030563159194338822
-0.3867558981203369 0.2659822254912875 -0.037247383468596525
-0.3625836544878158 0.26064499966271293 -0.04393160774285423
-0.33841141085529486 0.2553077738341384 -0.0506158320171119
-0.3142391672227738 0.2499705480055638 -0.057300056291369604
-0.2900669235902527 0.2446333221769892 -0.0639842805656273
-0.26589467995773164 0.2392960963484146 -0.07066850483988499
-0.24172243632521057 0.23395887051984002 -0.07735272911414269
-0.21755019269268958 0.22862164469126545 -0.08403695338840036
-0.1933779490601685 0.22328441886269085 -0.09072117766265807
-0.16920570542764743 0.21794719303411625 -0.09740540193691577
-0.14503346179512636 0.21260996720554165 -0.10408962621117347
-0.12086121816260528 0.20727274137696708 -0.11077385048543117
-0.0966889745300843 0.2019355155483925 -0.11745807475968885
-0.07251673089756323 0.1965982897198179 -0.12414229903394655
-0.04834448726504215 0.1912610638912433 -0.13082652330820424
-0.024172243632521077 0.18592383806266874 -0.13751074758246196
0.0 0.18058661223409414 -0.14419497185671964
-0.9427175016683212 0.40515538429705705 0.10338114103417416
-0.9185452580358001 0.39981815846848245 0.09669691675991647
-0.8943730144032791 0.39448093263990786 0.09001269248565875
-0.8702007707707581 0.3891437068113333 0.0833284682114011
-0.8460285271382371 0.3838064809827587 0.07664424393714338
-0.8218562835057159 0.3784692551541841 0.06996001966288569
-0.7976840398731949 0.3731320293256095 0.06327579538862797
-0.7735117962406738 0.3677948034970349 0.056591571114370284
-0.7493395526081529 0.3624575776684604 0.049907346840112624
-0.7251673089756318 0.3571203518398858 0.04322312256585491
-0.7009950653431107 0.3517831260113112 0.03653889829159722
-0.6768228217105896 0.3464459001827366 0.029854674017339503
-0.6526505780780686 0.341108674354162 0.023170449743081814
-0.6284783344455476 0.33577144852558743 0.016486225468824126
-0.6043060908130263 0.3304342226970128 0.00980200119456641
-0.5801338471805054 0.32509699686843824 0.0031177769203087208
-0.5559616035479843 0.31975977103986364 -0.0035664473539489677
-0.5317893599154633 0.31442254521128904 -0.010250671628206656
-0.5076171162829423 0.3090853193827145 -0.016934895902464345
-0.48344487265042113 0.3037480935541399 -0.02361912017672206
-0.4592726290179001 0.2984108677255653 -0.03030334445097975
-0.43510038538537904 0.2930736418969907 -0.03698756872523744
-0.41092814175285797 0.2877364160684161 -0.04367179299949514
-0.3867558981203369 0.28239919023984156 -0.05035601727375284
-0.3625836544878158 0.27706196441126696 -0.057040241548010545
-0.33841141085529486 0.27172473858269236 -0.06372446582226822
-0.3142391672227738 0.26638751275411776 -0.07040869009652592
-0.2900669235902527 0.26105028692554316 -0.07709291437078362
-0.26589467995773164 0.2557130610969686 -0.08377713864504131
-0.24172243632521057 0.250375835268394 -0.09046136291929902
-0.21755019269268958 0.24503860943981942 -0.09714558719355669
-0.1933779490601685 0.23970138361124485 -0.10382981146781439
-0.16920570542764743 0.23436415778267025 -0.1105140357420721
-0.14503346179512636 0.22902693195409565 -0.1171982600163298
-0.12086121816260528 0.22368970612552108 -0.1238824842905875
-0.0966889745300843 0.2183524802969465 -0.13056670856484517
-0.07251673089756323 0.2130152544683719 -0.13725093283910286
-0.04834448726504215 0.2076780286397973 -0.14393515711336058
-0.024172243632521077 0.20234080281122271 -0.15061938138761827
0.0 0.19700357698264814 -0.15730360566187598
-0.9427175016683212 0.4215723490456111 0.0902725072290178
-0.9185452580358001 0.4162351232170365 0.08358828295476012
-0.8943730144032791 0.41089789738846194 0.0769040586805024
-0.8702007707707581 0.40556067155988734 0.07021983440624474
-0.8460285271382371 0.40022344573131274 0.06353561013198702
-0.8218562835057159 0.39488621990273814 0.056851385857729336
-0.7976840398731949 0.38954899407416355 0.05016716158347162
-0.7735117962406738 0.384211768245589 0.04348293730921393
-0.7493395526081529 0.3788745424170144 0.03679871303495627
-0.7251673089756318 0.3735373165884398 0.030114488760698555
-0.7009950653431107 0.3682000907598652 0.023430264486440866
-0.6768228217105896 0.36286286493129066 0.01674604021218315
-0.6526505780780686 0.35752563910271606 0.01006181593792546
-0.6284783344455476 0.35218841327414147 0.0033775916636677714
-0.6043060908130263 0.34685118744556687 -0.003306632610589945
-0.5801338471805054 0.34151396161699227 -0.009990856884847634
-0.5559616035479843 0.33617673578841767 -0.01667508115910532
-0.5317893599154633 0.3308395099598431 -0.02335930543336301
-0.5076171162829423 0.3255022841312685 -0.030043529707620698
-0.48344487265042113 0.32016505830269393 -0.036727753981878414
-0.4592726290179001 0.31482783247411933 -0.0434119782561361
-0.43510038538537904 0.3094906066455448 -0.05009620253039379
-0.41092814175285797 0.3041533808169702 -0.05678042680465149
-0.3867558981203369 0.2988161549883956 -0.0634646510789092
-0.3625836544878158 0.293478929159821 -0.0701488753531669
-0.33841141085529486 0.2881417033312464 -0.07683309962742457
-0.3142391672227738 0.28280447750267185 -0.08351732390168227
-0.2900669235902527 0.27746725167409725 -0.09020154817593998
-0.26589467995773164 0.27213002584552265 -0.09688577245019767
-0.24172243632521057 0.26679280001694805 -0.10356999672445537
-0.21755019269268958 0.26145557418837345 -0.11025422099871304
-0.1933779490601685 0.2561183483597989 -0.11693844527297075
-0.16920570542764743 0.2507811225312243 -0.12362266954722845
-0.14503346179512636 0.2454438967026497 -0.13030689382148616
-0.12086121816260528 0.2401066708740751 -0.13699111809574385
-0.0966889745300843 0.23476944504550054 -0.1436753423700015
-0.07251673089756323 0.22943221921692594 -0.15035956664425923
-0.04834448726504215 0.22409499338835137 -0.15704379091851692
-0.024172243632521077 0.21875776755977677 -0.16372801519277463
0.0 0.21342054173120217 -0.17041223946703232
-0.9427175016683212 0.43798931379416506 0.07716387342386148
-0.9185452580358001 0.43265208796559046 0.07047964914960379
-0.8943730144032791 0.4273148621370159 0.06379542487534608
-0.8702007707707581 0.4219776363084413 0.05711120060108842
-0.8460285271382371 0.4166404104798667 0.05042697632683071
-0.8218562835057159 0.4113031846512921 0.04374275205257302
-0.7976840398731949 0.4059659588227175 0.0370585277783153
-0.7735117962406738 0.400628732994143 0.03037430350405761
-0.7493395526081529 0.3952915071655684 0.02369007922979995
-0.7251673089756318 0.3899542813369938 0.017005854955542233
-0.7009950653431107 0.3846170555084192 0.010321630681284546
-0.6768228217105896 0.37927982967984464 0.003637406407026829
-0.6526505780780686 0.37394260385127004 -0.0030468178672308594
-0.6284783344455476 0.36860537802269544 -0.009731042141488547
-0.6043060908130263 0.36326815219412084 -0.016415266415746265
-0.5801338471805054 0.35793092636554624 -0.023099490690003954
-0.5559616035479843 0.3525937005369717 -0.029783714964261642
-0.5317893599154633 0.3472564747083971 -0.03646793923851933
-0.5076171162829423 0.3419192488798225 -0.043152163512777016
-0.48344487265042113 0.3365820230512479 -0.04983638778703473
-0.4592726290179001 0.33124479722267336 -0.05652061206129242
-0.43510038538537904 0.32590757139409876 -0.06320483633555012
-0.41092814175285797 0.32057034556552416 -0.06988906060980782
-0.3867558981203369 0.31523311973694956 -0.07657328488406552
-0.3625836544878158 0.30989589390837496 -0.08325750915832322
-0.33841141085529486 0.3045586680798004 -0.0899417334325809
-0.3142391672227738 0.2992214422512258 -0.0966259577068386
-0.2900669235902527 0.2938842164226512 -0.1033101819810963
-0.26589467995773164 0.2885469905940766 -0.10999440625535399
-0.24172243632521057 0.283209764765502 -0.1166786305296117
-0.21755019269268958 0.2778725389369275 -0.12336285480386937
-0.1933779490601685 0.2725353131083529 -0.13004707907812707
-0.16920570542764743 0.2671980872797783 -0.13673130335238476
-0.14503346179512636 0.2618608614512037 -0.14341552762664248
-0.12086121816260528 0.2565236356226291 -0.15009975190090016
-0.0966889745300843 0.25118640979405454 -0.15678397617515785
-0.07251673089756323 0.24584918396547994 -0.16346820044941554
-0.04834448726504215 0.24051195813690535 -0.17015242472367323
-0.024172243632521077 0.23517473230833078 -0.17683664899793095
0.0 0.22983750647975618 -0.18352087327218863
-0.9427175016683212 0.45440627854271914 0.06405523961870513
-0.9185452580358001 0.44906905271414455 0.05737101534444744
-0.8943730144032791 0.44373182688556995 0.050686791070189724
-0.8702007707707581 0.4383946010569954 0.04400256679593206
-0.8460285271382371 0.4330573752284208 0.03731834252167435
-0.8218562835057159 0.4277201493998462 0.030634118247416662
-0.7976840398731949 0.4223829235712716 0.023949893973158946
-0.7735117962406738 0.417045697742697 0.017265669698901257
-0.7493395526081529 0.41170847191412246 0.010581445424643596
-0.7251673089756318 0.40637124608554787 0.00389722115038588
-0.7009950653431107 0.40103402025697327 -0.0027870031238718083
-0.6768228217105896 0.39569679442839867 -0.009471227398129525
-0.6526505780780686 0.39035956859982407 -0.016155451672387213
-0.6284783344455476 0.3850223427712495 -0.0228396759466449
-0.6043060908130263 0.37968511694267487 -0.029523900220902618
-0.5801338471805054 0.37434789111410033 -0.03620812449516031
-0.5559616035479843 0.36901066528552573 -0.042892348769418
-0.5317893599154633 0.36367343945695113 -0.04957657304367569
-0.5076171162829423 0.3583362136283766 -0.056260797317933375
-0.48344487265042113 0.35299898779980193 -0.06294502159219109
-0.4592726290179001 0.3476617619712274 -0.06962924586644878
-0.43510038538537904 0.3423245361426528 -0.07631347014070647
-0.41092814175285797 0.3369873103140782 -0.08299769441496417
-0.3867558981203369 0.3316500844855036 -0.08968191868922187
-0.3625836544878158 0.326312858656929 -0.09636614296347958
-0.33841141085529486 0.32097563282835445 -0.10305036723773725
-0.3142391672227738 0.31563840699977985 -0.10973459151199495
-0.2900669235902527 0.31030118117120525 -0.11641881578625266
-0.26589467995773164 0.30496395534263065 -0.12310304006051034
-0.24172243632521057 0.29962672951405606 -0.12978726433476803
-0.21755019269268958 0.2942895036854815 -0.13647148860902572
-0.1933779490601685 0.2889522778569069 -0.1431557128832834
-0.16920570542764743 0.2836150520283323 -0.14983993715754113
-0.14503346179512636 0.2782778261997577 -0.15652416143179881
-0.12086121816260528 0.2729406003711832 -0.16320838570605653
-0.0966889745300843 0.2676033745426086 -0.1698926099803142
-0.07251673089756323 0.262266148714034 -0.1765768342545719
-0.04834448726504215 0.2569289228854594 -0.1832610585288296
-0.024172243632521077 0.2515916970568848 -0.18994528280308728
0.0 0.2462544712283102 -0.196629507077345
-0.9427175016683212 0.4708232432912731 0.05094660581354881
-0.9185452580358001 0.4654860174626985 0.04426238153929112
-0.8943730144032791 0.460148791634124 0.037578157265033406
-0.8702007707707581 0.4548115658055494 0.03089393299077575
-0.8460285271382371 0.4494743399769748 0.024209708716518032
-0.8218562835057159 0.4441371141484002 0.017525484442260344
-0.7976840398731949 0.4387998883198256 0.010841260168002626
-0.7735117962406738 0.43346266249125104 0.004157035893744938
-0.7493395526081529 0.42812543666267644 -0.002527188380512723
-0.7251673089756318 0.42278821083410184 -0.00921141265477044
-0.7009950653431107 0.41745098500552724 -0.015895636929028126
-0.6768228217105896 0.4121137591769527 -0.022579861203285843
-0.6526505780780686 0.4067765333483781 -0.02926408547754353
-0.6284783344455476 0.4014393075198035 -0.03594830975180122
-0.6043060908130263 0.3961020816912289 -0.04263253402605894
-0.5801338471805054 0.3907648558626543 -0.04931675830031663
-0.5559616035479843 0.3854276300340797 -0.056000982574574316
-0.5317893599154633 0.38009040420550516 -0.062685206848832
-0.5076171162829423 0.37475317837693056 -0.06936943112308969
-0.48344487265042113 0.36941595254835596 -0.0760536553973474
-0.4592726290179001 0.36407872671978136 -0.08273787967160509
-0.43510038538537904 0.3587415008912068 -0.08942210394586278
-0.41092814175285797 0.3534042750626322 -0.09610632822012048
-0.3867558981203369 0.3480670492340576 -0.10279055249437818
-0.3625836544878158 0.342729823405483 -0.10947477676863589
-0.33841141085529486 0.3373925975769084 -0.11615900104289356
-0.3142391672227738 0.3320553717483339 -0.12284322531715126
-0.2900669235902527 0.3267181459197593 -0.12952744959140897
-0.26589467995773164 0.3213809200911847 -0.13621167386566665
-0.24172243632521057 0.3160436942626101 -0.14289589813992437
-0.21755019269268958 0.3107064684340355 -0.14958012241418203
-0.1933779490601685 0.30536924260546094 -0.15626434668843975
-0.16920570542764743 0.30003201677688635 -0.16294857096269744
-0.14503346179512636 0.29469479094831175 -0.16963279523695515
-0.12086121816260528 0.28935756511973715 -0.17631701951121284
-0.0966889745300843 0.2840203392911626 -0.1830012437854705
-0.07251673089756323 0.278683113462588 -0.18968546805972822
-0.04834448726504215 0.2733458876340134 -0.1963696923339859
-0.024172243632521077 0.2680086618054388 -0.20305391660824362
0.0 0.2626714359768642 -0.2097381408825013
-0.9427175016683212 0.4872402080398271 0.03783797200839249
-0.9185452580358001 0.4819029822112525 0.031153747734134804
-0.8943730144032791 0.47656575638267795 0.024469523459877088
-0.8702007707707581 0.47122853055410335 0.017785299185619427
-0.8460285271382371 0.46589130472552875 0.011101074911361712
-0.8218562835057159 0.46055407889695416 0.004416850637104023
-0.7976840398731949 0.45521685306837956 -0.002267373637153693
-0.7735117962406738 0.449879627239805 -0.00895159791141138
-0.7493395526081529 0.4445424014112304 -0.015635822185669043
-0.7251673089756318 0.4392051755826558 -0.02232004645992676
-0.7009950653431107 0.4338679497540812 -0.029004270734184448
-0.6768228217105896 0.4285307239255067 -0.035688495008442164
-0.6526505780780686 0.4231934980969321 -0.04237271928269985
-0.6284783344455476 0.4178562722683575 -0.04905694355695754
-0.6043060908130263 0.4125190464397829 -0.05574116783121526
-0.5801338471805054 0.4071818206112083 -0.062425392105472946
-0.5559616035479843 0.40184459478263373 -0.06910961637973063
-0.5317893599154633 0.39650736895405914 -0.07579384065398832
-0.5076171162829423 0.39117014312548454 -0.08247806492824601
-0.48344487265042113 0.38583291729690994 -0.08916228920250373
-0.4592726290179001 0.3804956914683354 -0.09584651347676142
-0.43510038538537904 0.3751584656397608 -0.1025307377510191
-0.41092814175285797 0.3698212398111862 -0.10921496202527681
-0.3867558981203369 0.3644840139826116 -0.11589918629953451
-0.3625836544878158 0.359146788154037 -0.12258341057379221
-0.33841141085529486 0.35380956232546246 -0.12926763484804987
-0.3142391672227738 0.34847233649688786 -0.1359518591223076
-0.2900669235902527 0.34313511066831326 -0.14263608339656528
-0.26589467995773164 0.33779788483973866 -0.14932030767082297
-0.24172243632521057 0.33246065901116406 -0.15600453194508068
-0.21755019269268958 0.3271234331825895 -0.16268875621933834
-0.1933779490601685 0.3217862073540149 -0.16937298049359606
-0.16920570542764743 0.3164489815254403 -0.17605720476785375
-0.14503346179512636 0.3111117556968657 -0.18274142904211146
-0.12086121816260528 0.3057745298682911 -0.18942565331636915
-0.0966889745300843 0.3004373040397166 -0.19610987759062684
-0.07251673089756323 0.295100078211142 -0.20279410186488453
-0.04834448726504215 0.2897628523825674 -0.20947832613914225
-0.024172243632521077 0.2844256265539928 -0.21616255041339993
0.0 0.2790884007254182 -0.22284677468765762
-0.9427175016683212 0.5036571727883812 0.02472933820323614
-0.9185452580358001 0.4983199469598066 0.01804511392897845
-0.8943730144032791 0.492982721131232 0.011360889654720735
-0.8702007707707581 0.48764549530265744 0.004676665380463074
-0.8460285271382371 0.48230826947408284 -0.002007558893794642
-0.8218562835057159 0.47697104364550824 -0.00869178316805233
-0.7976840398731949 0.47163381781693364 -0.015376007442310047
-0.7735117962406738 0.46629659198835904 -0.022060231716567735
-0.7493395526081529 0.4609593661597845 -0.028744455990825396
-0.7251673089756318 0.4556221403312099 -0.03542868026508311
-0.7009950653431107 0.4502849145026353 -0.0421129045393408
-0.6768228217105896 0.4449476886740607 -0.04879712881359852
-0.6526505780780686 0.4396104628454861 -0.055481353087856206
-0.6284783344455476 0.43427323701691156 -0.062165577362113894
-0.6043060908130263 0.4289360111883369 -0.06884980163637161
-0.5801338471805054 0.42359878535976236 -0.0755340259106293
-0.5559616035479843 0.41826155953118777 -0.08221825018488699
-0.5317893599154633 0.41292433370261317 -0.08890247445914468
-0.5076171162829423 0.4075871078740386 -0.09558669873340236
-0.48344487265042113 0.40224988204546397 -0.10227092300766008
-0.4592726290179001 0.3969126562168894 -0.10895514728191777
-0.43510038538537904 0.3915754303883148 -0.11563937155617546
-0.41092814175285797 0.38623820455974023 -0.12232359583043316
-0.3867558981203369 0.38090097873116563 -0.12900782010469086
-0.3625836544878158 0.37556375290259103 -0.13569204437894858
-0.33841141085529486 0.3702265270740165 -0.14237626865320624
-0.3142391672227738 0.3648893012454419 -0.14906049292746396
-0.2900669235902527 0.3595520754168673 -0.15574471720172164
-0.26589467995773164 0.3542148495882927 -0.16242894147597933
-0.24172243632521057 0.3488776237597181 -0.16911316575023705
-0.21755019269268958 0.34354039793114355 -0.1757973900244947
-0.1933779490601685 0.33820317210256895 -0.18248161429875243
-0.16920570542764743 0.33286594627399435 -0.18916583857301011
-0.14503346179512636 0.32752872044541975 -0.19585006284726783
-0.12086121816260528 0.3221914946168452 -0.20253428712152552
-0.0966889745300843 0.3168542687882706 -0.20921851139578318
-0.07251673089756323 0.311517042959696 -0.2159027356700409
-0.04834448726504215 0.3061798171311214 -0.22258695994429858
-0.024172243632521077 0.3008425913025468 -0.2292711842185563
0.0 0.29550536547397227 -0.235955408492814
-0.9427175016683212 0.5200741375369351 0.01162070439807982
-0.9185452580358001 0.5147369117083606 0.004936480123822131
-0.8943730144032791 0.509399685879786 -0.0017477441504355844
-0.8702007707707581 0.5040624600512114 -0.008431968424693246
-0.8460285271382371 0.4987252342226368 -0.015116192698950962
-0.8218562835057159 0.4933880083940622 -0.02180041697320865
-0.7976840398731949 0.4880507825654876 -0.028484641247466365
-0.7735117962406738 0.482713556736913 -0.03516886552172405
-0.7493395526081529 0.4773763309083385 -0.041853089795981714
-0.7251673089756318 0.4720391050797639 -0.04853731407023943
-0.7009950653431107 0.4667018792511893 -0.05522153834449712
-0.6768228217105896 0.4613646534226147 -0.061905762618754835
-0.6526505780780686 0.4560274275940401 -0.06858998689301253
-0.6284783344455476 0.45069020176546554 -0.07527421116727022
-0.6043060908130263 0.4453529759368909 -0.08195843544152794
-0.5801338471805054 0.44001575010831634 -0.08864265971578562
-0.5559616035479843 0.43467852427974174 -0.09532688399004331
-0.5317893599154633 0.42934129845116714 -0.102011108264301
-0.5076171162829423 0.4240040726225926 -0.10869533253855869
-0.48344487265042113 0.418666846794018 -0.1153795568128164
-0.4592726290179001 0.4133296209654434 -0.1220637810870741
-0.43510038538537904 0.4079923951368688 -0.12874800536133177
-0.41092814175285797 0.4026551693082942 -0.13543222963558949
-0.3867558981203369 0.39731794347971966 -0.14211645390984717
-0.3625836544878158 0.39198071765114506 -0.1488006781841049
-0.33841141085529486 0.38664349182257046 -0.15548490245836255
-0.3142391672227738 0.38130626599399586 -0.16216912673262027
-0.2900669235902527 0.37596904016542126 -0.16885335100687796
-0.26589467995773164 0.3706318143368467 -0.17553757528113564
-0.24172243632521057 0.3652945885082721 -0.18222179955539336
-0.21755019269268958 0.3599573626796975 -0.18890602382965102
-0.1933779490601685 0.3546201368511229 -0.19559024810390874
-0.16920570542764743 0.3492829110225484 -0.20227447237816643
-0.14503346179512636 0.3439456851939738 -0.20895869665242414
-0.12086121816260528 0.3386084593653992 -0.21564292092668183
-0.0966889745300843 0.3332712335368246 -0.22232714520093952
-0.07251673089756323 0.32793400770825004 -0.2290113694751972
-0.04834448726504215 0.32259678187967544 -0.2356955937494549
-0.024172243632521077 0.31725955605110084 -0.2423798180237126
0.0 0.31192233022252625 -0.2490640422979703
-0.9427175016683212 0.5364911022854892 -0.0014879294070765335
-0.9185452580358001 0.5311538764569146 -0.008172153681334221
-0.8943730144032791 0.52581665062834 -0.014856377955591938
-0.8702007707707581 0.5204794247997655 -0.0215406022298496
-0.8460285271382371 0.5151421989711908 -0.028224826504107316
-0.8218562835057159 0.5098049731426163 -0.034909050778365
-0.7976840398731949 0.5044677473140416 -0.04159327505262272
-0.7735117962406738 0.4991305214854671 -0.048277499326880406
-0.7493395526081529 0.4937932956568925 -0.05496172360113807
-0.7251673089756318 0.4884560698283179 -0.06164594787539578
-0.7009950653431107 0.4831188439997433 -0.06833017214965348
-0.6768228217105896 0.47778161817116876 -0.0750143964239112
-0.6526505780780686 0.47244439234259417 -0.08169862069816888
-0.6284783344455476 0.46710716651401957 -0.08838284497242657
-0.6043060908130263 0.46176994068544497 -0.09506706924668429
-0.5801338471805054 0.45643271485687037 -0.10175129352094198
-0.5559616035479843 0.45109548902829577 -0.10843551779519967
-0.5317893599154633 0.4457582631997212 -0.11511974206945735
-0.5076171162829423 0.44042103737114663 -0.12180396634371504
-0.48344487265042113 0.43508381154257203 -0.12848819061797276
-0.4592726290179001 0.42974658571399743 -0.13517241489223045
-0.43510038538537904 0.4244093598854229 -0.14185663916648814
-0.41092814175285797 0.4190721340568483 -0.14854086344074582
-0.3867558981203369 0.4137349082282737 -0.15522508771500354
-0.3625836544878158 0.4083976823996991 -0.16190931198926123
-0.33841141085529486 0.4030604565711245 -0.16859353626351892
-0.3142391672227738 0.39772323074254995 -0.1752777605377766
-0.2900669235902527 0.39238600491397535 -0.18196198481203432
-0.26589467995773164 0.38704877908540075 -0.188646209086292
-0.24172243632521057 0.38171155325682615 -0.1953304333605497
-0.21755019269268958 0.3763743274282516 -0.2020146576348074
-0.1933779490601685 0.371037101599677 -0.20869888190906508
-0.16920570542764743 0.3656998757711024 -0.2153831061833228
-0.14503346179512636 0.3603626499425278 -0.22206733045758048
-0.12086121816260528 0.3550254241139532 -0.2287515547318382
-0.0966889745300843 0.34968819828537867 -0.23543577900609586
-0.07251673089756323 0.34435097245680407 -0.24212000328035355
-0.04834448726504215 0.3390137466282295 -0.24880422755461126
-0.024172243632521077 0.3336765207996549 -0.255488451828869
0.0 0.3283392949710803 -0.26217267610312667
-0.9427175016683212 0.5529080670340432 -0.014596563212232853
-0.9185452580358001 0.5475708412054686 -0.02128078748649054
-0.8943730144032791 0.5422336153768941 -0.027965011760748257
-0.8702007707707581 0.5368963895483194 -0.03464923603500592
-0.8460285271382371 0.5315591637197449 -0.04133346030926364
-0.8218562835057159 0.5262219378911702 -0.048017684583521326
-0.7976840398731949 0.5208847120625957 -0.05470190885777904
-0.7735117962406738 0.5155474862340211 -0.06138613313203673
-0.7493395526081529 0.5102102604054465 -0.06807035740629439
-0.7251673089756318 0.5048730345768719 -0.0747545816805521
-0.7009950653431107 0.49953580874829734 -0.08143880595480979
-0.6768228217105896 0.49419858291972274 -0.0881230302290675
-0.6526505780780686 0.48886135709114814 -0.0948072545033252
-0.6284783344455476 0.4835241312625736 -0.10149147877758288
-0.6043060908130263 0.47818690543399894 -0.1081757030518406
-0.5801338471805054 0.4728496796054244 -0.11485992732609829
-0.5559616035479843 0.4675124537768498 -0.12154415160035598
-0.5317893599154633 0.4621752279482752 -0.12822837587461366
-0.5076171162829423 0.45683800211970066 -0.13491260014887135
-0.48344487265042113 0.451500776291126 -0.14159682442312907
-0.4592726290179001 0.44616355046255146 -0.14828104869738676
-0.43510038538537904 0.44082632463397686 -0.15496527297164445
-0.41092814175285797 0.43548909880540226 -0.16164949724590216
-0.3867558981203369 0.43015187297682766 -0.16833372152015985
-0.3625836544878158 0.42481464714825307 -0.17501794579441757
-0.33841141085529486 0.4194774213196785 -0.18170217006867523
-0.3142391672227738 0.4141401954911039 -0.18838639434293294
-0.2900669235902527 0.4088029696625293 -0.19507061861719063
-0.26589467995773164 0.4034657438339547 -0.20175484289144832
-0.24172243632521057 0.3981285180053801 -0.20843906716570604
-0.21755019269268958 0.3927912921768056 -0.2151232914399637
-0.1933779490601685 0.387454066348231 -0.22180751571422141
-0.16920570542764743 0.3821168405196564 -0.2284917399884791
-0.14503346179512636 0.3767796146910818 -0.23517596426273682
-0.12086121816260528 0.3714423888625072 -0.2418601885369945
-0.0966889745300843 0.36610516303393265 -0.24854441281125217
-0.07251673089756323 0.36076793720535805 -0.25522863708550986
-0.04834448726504215 0.35543071137678345 -0.2619128613597676
-0.024172243632521077 0.35009348554820885 -0.2685970856340253
0.0 0.3447562597196343 -0.275281309908283
-0.9427175016683212 0.5693250317825972 -0.02770519701738917
-0.9185452580358001 0.5639878059540225 -0.03438942129164686
-0.8943730144032791 0.558650580125448 -0.04107364556590458
-0.8702007707707581 0.5533133542968734 -0.04775786984016224
-0.8460285271382371 0.5479761284682988 -0.054442094114419956
-0.8218562835057159 0.5426389026397243 -0.061126318388677645
-0.7976840398731949 0.5373016768111496 -0.06781054266293536
-0.7735117962406738 0.531964450982575 -0.07449476693719305
-0.7493395526081529 0.5266272251540005 -0.08117899121145071
-0.7251673089756318 0.5212899993254259 -0.08786321548570843
-0.7009950653431107 0.5159527734968513 -0.09454743975996611
-0.6768228217105896 0.5106155476682768 -0.10123166403422383
-0.6526505780780686 0.5052783218397021 -0.10791588830848152
-0.6284783344455476 0.4999410960111276 -0.11460011258273921
-0.6043060908130263 0.4946038701825529 -0.12128433685699692
-0.5801338471805054 0.4892666443539784 -0.1279685611312546
-0.5559616035479843 0.4839294185254038 -0.1346527854055123
-0.5317893599154633 0.4785921926968292 -0.14133700967976998
-0.5076171162829423 0.47325496686825463 -0.14802123395402766
-0.48344487265042113 0.46791774103968004 -0.15470545822828538
-0.4592726290179001 0.46258051521110544 -0.16138968250254307
-0.43510038538537904 0.45724328938253084 -0.16807390677680076
-0.41092814175285797 0.45190606355395624 -0.17475813105105847
-0.3867558981203369 0.4465688377253817 -0.18144235532531616
-0.3625836544878158 0.4412316118968071 -0.18812657959957388
-0.33841141085529486 0.4358943860682325 -0.19481080387383154
-0.3142391672227738 0.4305571602396579 -0.20149502814808926
-0.2900669235902527 0.4252199344110833 -0.20817925242234694
-0.26589467995773164 0.41988270858250876 -0.21486347669660463
-0.24172243632521057 0.41454548275393416 -0.22154770097086235
-0.21755019269268958 0.40920825692535956 -0.22823192524512
-0.1933779490601685 0.40387103109678496 -0.23491614951937773
-0.16920570542764743 0.3985338052682104 -0.24160037379363541
-0.14503346179512636 0.3931965794396358 -0.24828459806789313
-0.12086121816260528 0.3878593536110612 -0.25496882234215085
-0.0966889745300843 0.3825221277824866 -0.2616530466164085
-0.07251673089756323 0.3771849019539121 -0.2683372708906662
-0.04834448726504215 0.3718476761253375 -0.2750214951649239
-0.024172243632521077 0.3665104502967629 -0.2817057194391816
0.0 0.3611732244681883 -0.2883899437134393
-0.9427175016683212 0.5857419965311512 -0.04081383082254553
-0.9185452580358001 0.5804047707025767 -0.047498055096803216
-0.8943730144032791 0.575067544874002 -0.05418227937106093
-0.8702007707707581 0.5697303190454275 -0.06086650364531859
-0.8460285271382371 0.5643930932168529 -0.06755072791957631
-0.8218562835057159 0.5590558673882783 -0.074234952193834
-0.7976840398731949 0.5537186415597037 -0.08091917646809171
-0.7735117962406738 0.5483814157311291 -0.0876034007423494
-0.7493395526081529 0.5430441899025545 -0.09428762501660706
-0.7251673089756318 0.53770696407398 -0.10097184929086478
-0.7009950653431107 0.5323697382454053 -0.10765607356512247
-0.6768228217105896 0.5270325124168308 -0.11434029783938018
-0.6526505780780686 0.5216952865882561 -0.12102452211363787
-0.6284783344455476 0.5163580607596816 -0.12770874638789556
-0.6043060908130263 0.511020834931107 -0.13439297066215328
-0.5801338471805054 0.5056836091025324 -0.14107719493641097
-0.5559616035479843 0.5003463832739579 -0.14776141921066865
-0.5317893599154633 0.49500915744538326 -0.15444564348492634
-0.5076171162829423 0.48967193161680866 -0.16112986775918403
-0.48344487265042113 0.48433470578823407 -0.16781409203344175
-0.4592726290179001 0.47899747995965947 -0.17449831630769944
-0.43510038538537904 0.4736602541310849 -0.18118254058195712
-0.41092814175285797 0.4683230283025103 -0.1878667648562148
-0.3867558981203369 0.4629858024739357 -0.19455098913047253
-0.3625836544878158 0.4576485766453611 -0.20123521340473022
-0.33841141085529486 0.45231135081678653 -0.2079194376789879
-0.3142391672227738 0.446974124988212 -0.2146036619532456
-0.2900669235902527 0.4416368991596374 -0.2212878862275033
-0.26589467995773164 0.4362996733310628 -0.227972110501761
-0.24172243632521057 0.4309624475024882 -0.2346563347760187
-0.21755019269268958 0.4256252216739136 -0.24134055905027638
-0.1933779490601685 0.42028799584533905 -0.24802478332453406
-0.16920570542764743 0.41495077001676445 -0.2547090075987918
-0.14503346179512636 0.40961354418818985 -0.26139323187304947
-0.12086121816260528 0.40427631835961525 -0.26807745614730716
-0.0966889745300843 0.3989390925310407 -0.27476168042156485
-0.07251673089756323 0.3936018667024661 -0.28144590469582254
-0.04834448726504215 0.3882646408738915 -0.2881301289700803
-0.024172243632521077 0.3829274150453169 -0.29481435324433797
0.0 0.3775901892167423 -0.30149857751859566
-0.9427175016683212 0.6021589612797051 -0.05392246462770181
-0.9185452580358001 0.5968217354511306 -0.0606066889019595
-0.8943730144032791 0.591484509622556 -0.06729091317621722
-0.8702007707707581 0.5861472837939814 -0.07397513745047488
-0.8460285271382371 0.5808100579654069 -0.08065936172473259
-0.8218562835057159 0.5754728321368322 -0.08734358599899028
-0.7976840398731949 0.5701356063082577 -0.094027810273248
-0.7735117962406738 0.5647983804796831 -0.10071203454750569
-0.7493395526081529 0.5594611546511085 -0.10739625882176335
-0.7251673089756318 0.5541239288225339 -0.11408048309602106
-0.7009950653431107 0.5487867029939593 -0.12076470737027875
-0.6768228217105896 0.5434494771653847 -0.12744893164453647
-0.6526505780780686 0.5381122513368102 -0.13413315591879416
-0.6284783344455476 0.5327750255082355 -0.14081738019305184
-0.6043060908130263 0.527437799679661 -0.14750160446730956
-0.5801338471805054 0.5221005738510863 -0.15418582874156725
-0.5559616035479843 0.5167633480225118 -0.16087005301582494
-0.5317893599154633 0.5114261221939372 -0.16755427729008263
-0.5076171162829423 0.5060888963653626 -0.17423850156434031
-0.48344487265042113 0.500751670536788 -0.18092272583859803
-0.4592726290179001 0.49541444470821344 -0.18760695011285572
-0.43510038538537904 0.49007721887963884 -0.1942911743871134
-0.41092814175285797 0.48473999305106424 -0.20097539866137112
-0.3867558981203369 0.47940276722248965 -0.2076596229356288
-0.3625836544878158 0.47406554139391505 -0.21434384720988653
-0.33841141085529486 0.4687283155653405 -0.2210280714841442
-0.3142391672227738 0.4633910897367659 -0.2277122957584019
-0.2900669235902527 0.4580538639081913 -0.2343965200326596
-0.26589467995773164 0.4527166380796167 -0.24108074430691728
-0.24172243632521057 0.44737941225104216 -0.247764968581175
-0.21755019269268958 0.44204218642246756 -0.25444919285543266
-0.1933779490601685 0.43670496059389297 -0.26113341712969035
-0.16920570542764743 0.43136773476531837 -0.2678176414039481
-0.14503346179512636 0.42603050893674377 -0.2745018656782058
-0.12086121816260528 0.4206932831081692 -0.28118608995246347
-0.0966889745300843 0.4153560572795946 -0.28787031422672116
-0.07251673089756323 0.41001883145102 -0.29455453850097885
-0.04834448726504215 0.40468160562244543 -0.30123876277523653
-0.024172243632521077 0.3993443797938709 -0.3079229870494942
0.0 0.3940071539652963 -0.31460721132375197
-0.9427175016683212 0.6185759260282592 -0.06703109843285816
-0.9185452580358001 0.6132387001996846 -0.07371532270711585
-0.8943730144032791 0.6079014743711101 -0.08039954698137357
-0.8702007707707581 0.6025642485425354 -0.08708377125563123
-0.8460285271382371 0.5972270227139609 -0.09376799552988895
-0.8218562835057159 0.5918897968853862 -0.10045221980414663
-0.7976840398731949 0.5865525710568117 -0.10713644407840435
-0.7735117962406738 0.5812153452282371 -0.11382066835266204
-0.7493395526081529 0.5758781193996625 -0.1205048926269197
-0.7251673089756318 0.570540893571088 -0.12718911690117743
-0.7009950653431107 0.5652036677425133 -0.13387334117543512
-0.6768228217105896 0.5598664419139388 -0.14055756544969283
-0.6526505780780686 0.5545292160853642 -0.14724178972395052
-0.6284783344455476 0.5491919902567896 -0.1539260139982082
-0.6043060908130263 0.543854764428215 -0.16061023827246593
-0.5801338471805054 0.5385175385996404 -0.16729446254672362
-0.5559616035479843 0.5331803127710658 -0.1739786868209813
-0.5317893599154633 0.5278430869424913 -0.180662911095239
-0.5076171162829423 0.5225058611139166 -0.18734713536949668
-0.48344487265042113 0.5171686352853421 -0.1940313596437544
-0.4592726290179001 0.5118314094567675 -0.20071558391801209
-0.43510038538537904 0.5064941836281929 -0.20739980819226977
-0.41092814175285797 0.5011569577996183 -0.21408403246652746
-0.3867558981203369 0.49581973197104373 -0.22076825674078518
-0.3625836544878158 0.49048250614246913 -0.22745248101504287
-0.33841141085529486 0.48514528031389453 -0.23413670528930056
-0.3142391672227738 0.47980805448531993 -0.24082092956355824
-0.2900669235902527 0.47447082865674534 -0.24750515383781596
-0.26589467995773164 0.4691336028281708 -0.25418937811207365
-0.24172243632521057 0.4637963769995962 -0.26087360238633134
-0.21755019269268958 0.4584591511710216 -0.267557826660589
-0.1933779490601685 0.453121925342447 -0.2742420509348467
-0.16920570542764743 0.44778469951387245 -0.2809262752091044
-0.14503346179512636 0.44244747368529785 -0.28761049948336215
-0.12086121816260528 0.43711024785672326 -0.29429472375761984
-0.0966889745300843 0.43177302202814866 -0.30097894803187747
-0.07251673089756323 0.4264357961995741 -0.3076631723061352
-0.04834448726504215 0.4210985703709995 -0.3143473965803929
-0.024172243632521077 0.4157613445424249 -0.3210316208546506
0.0 0.4104241187138503 -0.3277158451289083
-0.9427175016683212 0.6349928907768133 -0.08013973223801452
-0.9185452580358001 0.6296556649482387 -0.0868239565122722
-0.8943730144032791 0.6243184391196641 -0.09350818078652992
-0.8702007707707581 0.6189812132910896 -0.10019240506078758
-0.8460285271382371 0.6136439874625149 -0.1068766293350453
-0.8218562835057159 0.6083067616339404 -0.11356085360930299
-0.7976840398731949 0.6029695358053657 -0.1202450778835607
-0.7735117962406738 0.5976323099767912 -0.1269293021578184
-0.7493395526081529 0.5922950841482166 -0.13361352643207605
-0.7251673089756318 0.586957858319642 -0.14029775070633377
-0.7009950653431107 0.5816206324910674 -0.14698197498059146
-0.6768228217105896 0.5762834066624928 -0.15366619925484917
-0.6526505780780686 0.5709461808339182 -0.16035042352910686
-0.6284783344455476 0.5656089550053437 -0.16703464780336455
-0.6043060908130263 0.560271729176769 -0.17371887207762227
-0.5801338471805054 0.5549345033481945 -0.18040309635187995
-0.5559616035479843 0.5495972775196198 -0.18708732062613764
-0.5317893599154633 0.5442600516910453 -0.19377154490039533
-0.5076171162829423 0.5389228258624708 -0.20045576917465302
-0.48344487265042113 0.5335856000338961 -0.20713999344891074
-0.4592726290179001 0.5282483742053216 -0.21382421772316842
-0.43510038538537904 0.5229111483767469 -0.2205084419974261
-0.41092814175285797 0.5175739225481724 -0.22719266627168383
-0.3867558981203369 0.5122366967195977 -0.23387689054594152
-0.3625836544878158 0.5068994708910232 -0.24056111482019923
-0.33841141085529486 0.5015622450624486 -0.2472453390944569
-0.3142391672227738 0.496225019233874 -0.2539295633687146
-0.2900669235902527 0.4908877934052994 -0.2606137876429723
-0.26589467995773164 0.4855505675767248 -0.26729801191723
-0.24172243632521057 0.4802133417481502 -0.2739822361914877
-0.21755019269268958 0.4748761159195756 -0.2806664604657454
-0.1933779490601685 0.4695388900910011 -0.2873506847400031
-0.16920570542764743 0.4642016642624265 -0.29403490901426077
-0.14503346179512636 0.4588644384338519 -0.30071913328851846
-0.12086121816260528 0.4535272126052773 -0.30740335756277615
-0.0966889745300843 0.44818998677670274 -0.31408758183703384
-0.07251673089756323 0.44285276094812814 -0.3207718061112915
-0.04834448726504215 0.43751553511955354 -0.32745603038554927
-0.024172243632521077 0.43217830929097895 -0.33414025465980696
0.0 0.42684108346240435 -0.34082447893406465
-0.9427175016683212 0.6514098555253673 -0.09324836604317087
-0.9185452580358001 0.6460726296967927 -0.09993259031742856
-0.8943730144032791 0.6407354038682181 -0.10661681459168627
-0.8702007707707581 0.6353981780396436 -0.11330103886594393
-0.8460285271382371 0.630060952211069 -0.11998526314020165
-0.8218562835057159 0.6247237263824944 -0.12666948741445935
-0.7976840398731949 0.6193865005539197 -0.13335371168871707
-0.7735117962406738 0.6140492747253452 -0.14003793596297476
-0.7493395526081529 0.6087120488967707 -0.14672216023723242
-0.7251673089756318 0.603374823068196 -0.15340638451149013
-0.7009950653431107 0.5980375972396215 -0.16009060878574782
-0.6768228217105896 0.5927003714110468 -0.16677483306000554
-0.6526505780780686 0.5873631455824723 -0.17345905733426323
-0.6284783344455476 0.5820259197538977 -0.18014328160852092
-0.6043060908130263 0.5766886939253231 -0.18682750588277863
-0.5801338471805054 0.5713514680967485 -0.19351173015703632
-0.5559616035479843 0.5660142422681739 -0.200195954431294
-0.5317893599154633 0.5606770164395993 -0.2068801787055517
-0.5076171162829423 0.5553397906110248 -0.2135644029798094
-0.48344487265042113 0.5500025647824501 -0.2202486272540671
-0.4592726290179001 0.5446653389538756 -0.2269328515283248
-0.43510038538537904 0.5393281131253009 -0.23361707580258248
-0.41092814175285797 0.5339908872967264 -0.24030130007684017
-0.3867558981203369 0.5286536614681518 -0.24698552435109788
-0.3625836544878158 0.5233164356395772 -0.2536697486253556
-0.33841141085529486 0.5179792098110026 -0.26035397289961326
-0.3142391672227738 0.512641983982428 -0.26703819717387095
-0.2900669235902527 0.5073047581538535 -0.27372242144812864
-0.26589467995773164 0.5019675323252789 -0.2804066457223863
-0.24172243632521057 0.49663030649670425 -0.28709086999664407
-0.21755019269268958 0.4912930806681297 -0.2937750942709017
-0.1933779490601685 0.4859558548395551 -0.30045931854515945
-0.16920570542764743 0.4806186290109805 -0.30714354281941714
-0.14503346179512636 0.4752814031824059 -0.3138277670936748
-0.12086121816260528 0.4699441773538313 -0.3205119913679325
-0.0966889745300843 0.4646069515252568 -0.3271962156421902
-0.07251673089756323 0.4592697256966822 -0.3338804399164479
-0.04834448726504215 0.4539324998681076 -0.3405646641907056
-0.024172243632521077 0.448595274039533 -0.3472488884649633
0.0 0.4432580482109584 -0.353933112739221
-0.9427175016683212 0.6678268202739213 -0.10635699984832715
-0.9185452580358001 0.6624895944453466 -0.11304122412258484
-0.8943730144032791 0.6571523686167721 -0.11972544839684256
-0.8702007707707581 0.6518151427881975 -0.12640967267110023
-0.8460285271382371 0.6464779169596229 -0.13309389694535795
-0.8218562835057159 0.6411406911310483 -0.13977812121961564
-0.7976840398731949 0.6358034653024737 -0.14646234549387335
-0.7735117962406738 0.6304662394738991 -0.15314656976813104
-0.7493395526081529 0.6251290136453246 -0.1598307940423887
-0.7251673089756318 0.6197917878167499 -0.16651501831664642
-0.7009950653431107 0.6144545619881754 -0.1731992425909041
-0.6768228217105896 0.6091173361596008 -0.17988346686516182
-0.6526505780780686 0.6037801103310262 -0.1865676911394195
-0.6284783344455476 0.5984428845024516 -0.1932519154136772
-0.6043060908130263 0.593105658673877 -0.19993613968793492
-0.5801338471805054 0.5877684328453024 -0.2066203639621926
-0.5559616035479843 0.5824312070167279 -0.2133045882364503
-0.5317893599154633 0.5770939811881532 -0.21998881251070798
-0.5076171162829423 0.5717567553595787 -0.22667303678496567
-0.48344487265042113 0.566419529531004 -0.2333572610592234
-0.4592726290179001 0.5610823037024295 -0.24004148533348107
-0.43510038538537904 0.555745077873855 -0.24672570960773876
-0.41092814175285797 0.5504078520452803 -0.25340993388199645
-0.3867558981203369 0.5450706262167058 -0.26009415815625414
-0.3625836544878158 0.5397334003881311 -0.2667783824305119
-0.33841141085529486 0.5343961745595566 -0.2734626067047695
-0.3142391672227738 0.529058948730982 -0.28014683097902726
-0.2900669235902527 0.5237217229024074 -0.28683105525328495
-0.26589467995773164 0.5183844970738328 -0.29351527952754264
-0.24172243632521057 0.5130472712452582 -0.3001995038018003
-0.21755019269268958 0.5077100454166836 -0.306883728076058
-0.1933779490601685 0.5023728195881091 -0.3135679523503157
-0.16920570542764743 0.49703559375953443 -0.3202521766245734
-0.14503346179512636 0.4916983679309599 -0.32693640089883114
-0.12086121816260528 0.4863611421023853 -0.3336206251730888
-0.0966889745300843 0.4810239162738107 -0.34030484944734646
-0.07251673089756323 0.4756866904452361 -0.3469890737216042
-0.04834448726504215 0.47034946461666155 -0.3536732979958619
-0.024172243632521077 0.46501223878808695 -0.3603575222701196
0.0 0.45967501295951235 -0.36704174654437727
-0.9427175016683212 0.6842437850224753 -0.1194656336534835
-0.9185452580358001 0.6789065591939007 -0.1261498579277412
-0.8943730144032791 0.6735693333653261 -0.1328340822019989
-0.8702007707707581 0.6682321075367516 -0.13951830647625657
-0.8460285271382371 0.662894881708177 -0.1462025307505143
-0.8218562835057159 0.6575576558796024 -0.15288675502477198
-0.7976840398731949 0.6522204300510278 -0.1595709792990297
-0.7735117962406738 0.6468832042224532 -0.16625520357328738
-0.7493395526081529 0.6415459783938786 -0.17293942784754504
-0.7251673089756318 0.6362087525653041 -0.17962365212180276
-0.7009950653431107 0.6308715267367294 -0.18630787639606045
-0.6768228217105896 0.6255343009081549 -0.19299210067031816
-0.6526505780780686 0.6201970750795802 -0.19967632494457585
-0.6284783344455476 0.6148598492510057 -0.20636054921883354
-0.6043060908130263 0.609522623422431 -0.21304477349309126
-0.5801338471805054 0.6041853975938565 -0.21972899776734894
-0.5559616035479843 0.5988481717652819 -0.22641322204160663
-0.5317893599154633 0.5935109459367073 -0.23309744631586432
-0.5076171162829423 0.5881737201081327 -0.239781670590122
-0.48344487265042113 0.5828364942795581 -0.24646589486437973
-0.4592726290179001 0.5774992684509835 -0.25315011913863744
-0.43510038538537904 0.572162042622409 -0.25983434341289513
-0.41092814175285797 0.5668248167938343 -0.2665185676871528
-0.3867558981203369 0.5614875909652598 -0.2732027919614105
-0.3625836544878158 0.5561503651366851 -0.2798870162356682
-0.33841141085529486 0.5508131393081106 -0.2865712405099259
-0.3142391672227738 0.5454759134795361 -0.2932554647841836
-0.2900669235902527 0.5401386876509614 -0.2999396890584413
-0.26589467995773164 0.5348014618223869 -0.306623913332699
-0.24172243632521057 0.5294642359938122 -0.3133081376069567
-0.21755019269268958 0.5241270101652377 -0.3199923618812144
-0.1933779490601685 0.5187897843366631 -0.32667658615547207
-0.16920570542764743 0.5134525585080885 -0.33336081042972976
-0.14503346179512636 0.5081153326795139 -0.34004503470398745
-0.12086121816260528 0.5027781068509393 -0.34672925897824514
-0.0966889745300843 0.4974408810223648 -0.3534134832525028
-0.07251673089756323 0.4921036551937902 -0.3600977075267605
-0.04834448726504215 0.4867664293652156 -0.36678193180101826
-0.024172243632521077 0.481429203536641 -0.37346615607527595
0.0 0.4760919777080664 -0.38015038034953363
-0.9427175016683212 0.7006607497710293 -0.13257426745863987
-0.9185452580358001 0.6953235239424548 -0.13925849173289756
-0.8943730144032791 0.6899862981138801 -0.14594271600715528
-0.8702007707707581 0.6846490722853056 -0.15262694028141294
-0.8460285271382371 0.679311846456731 -0.15931116455567065
-0.8218562835057159 0.6739746206281564 -0.16599538882992834
-0.7976840398731949 0.6686373947995818 -0.17267961310418606
-0.7735117962406738 0.6633001689710072 -0.17936383737844375
-0.7493395526081529 0.6579629431424326 -0.1860480616527014
-0.7251673089756318 0.6526257173138581 -0.19273228592695912
-0.7009950653431107 0.6472884914852834 -0.1994165102012168
-0.6768228217105896 0.6419512656567089 -0.20610073447547453
-0.6526505780780686 0.6366140398281342 -0.21278495874973222
-0.6284783344455476 0.6312768139995597 -0.2194691830239899
-0.6043060908130263 0.625939588170985 -0.22615340729824762
-0.5801338471805054 0.6206023623424105 -0.2328376315725053
-0.5559616035479843 0.615265136513836 -0.239521855846763
-0.5317893599154633 0.6099279106852613 -0.2462060801210207
-0.5076171162829423 0.6045906848566868 -0.2528903043952784
-0.48344487265042113 0.5992534590281121 -0.25957452866953606
-0.4592726290179001 0.5939162331995376 -0.26625875294379375
-0.43510038538537904 0.588579007370963 -0.27294297721805144
-0.41092814175285797 0.5832417815423884 -0.2796272014923092
-0.3867558981203369 0.5779045557138138 -0.2863114257665669
-0.3625836544878158 0.5725673298852392 -0.29299565004082456
-0.33841141085529486 0.5672301040566646 -0.29967987431508225
-0.3142391672227738 0.5618928782280901 -0.30636409858933994
-0.2900669235902527 0.5565556523995154 -0.31304832286359763
-0.26589467995773164 0.5512184265709409 -0.3197325471378553
-0.24172243632521057 0.5458812007423663 -0.32641677141211306
-0.21755019269268958 0.5405439749137917 -0.3331009956863707
-0.1933779490601685 0.5352067490852171 -0.33978521996062844
-0.16920570542764743 0.5298695232566425 -0.3464694442348861
-0.14503346179512636 0.524532297428068 -0.3531536685091438
-0.12086121816260528 0.5191950715994934 -0.3598378927834015
-0.0966889745300843 0.5138578457709188 -0.3665221170576592
-0.07251673089756323 0.5085206199423442 -0.3732063413319169
-0.04834448726504215 0.5031833941137696 -0.37989056560617457
-0.024172243632521077 0.497846168285195 -0.3865747898804323
0.0 0.4925089424566204 -0.39325901415469
-0.9427175016683212 0.7170777145195832 -0.14568290126379616
-0.9185452580358001 0.7117404886910087 -0.15236712553805384
-0.8943730144032791 0.7064032628624342 -0.15905134981231156
-0.8702007707707581 0.7010660370338595 -0.16573557408656922
-0.8460285271382371 0.695728811205285 -0.17241979836082694
-0.8218562835057159 0.6903915853767103 -0.17910402263508463
-0.7976840398731949 0.6850543595481358 -0.18578824690934234
-0.7735117962406738 0.6797171337195612 -0.19247247118360003
-0.7493395526081529 0.6743799078909866 -0.1991566954578577
-0.7251673089756318 0.669042682062412 -0.2058409197321154
-0.7009950653431107 0.6637054562338374 -0.2125251440063731
-0.6768228217105896 0.6583682304052628 -0.2192093682806308
-0.6526505780780686 0.6530310045766883 -0.2258935925548885
-0.6284783344455476 0.6476937787481136 -0.2325778168291462
-0.6043060908130263 0.6423565529195391 -0.2392620411034039
-0.5801338471805054 0.6370193270909644 -0.2459462653776616
-0.5559616035479843 0.6316821012623899 -0.25263048965191925
-0.5317893599154633 0.6263448754338153 -0.25931471392617694
-0.5076171162829423 0.6210076496052407 -0.26599893820043463
-0.48344487265042113 0.6156704237766661 -0.2726831624746924
-0.4592726290179001 0.6103331979480916 -0.27936738674895006
-0.43510038538537904 0.604995972119517 -0.28605161102320775
-0.41092814175285797 0.5996587462909424 -0.29273583529746544
-0.3867558981203369 0.5943215204623677 -0.29942005957172313
-0.3625836544878158 0.5889842946337932 -0.3061042838459809
-0.33841141085529486 0.5836470688052187 -0.3127885081202385
-0.3142391672227738 0.578309842976644 -0.31947273239449625
-0.2900669235902527 0.5729726171480695 -0.32615695666875394
-0.26589467995773164 0.5676353913194948 -0.3328411809430116
-0.24172243632521057 0.5622981654909203 -0.3395254052172693
-0.21755019269268958 0.5569609396623457 -0.346209629491527
-0.1933779490601685 0.5516237138337711 -0.3528938537657847
-0.16920570542764743 0.5462864880051965 -0.3595780780400424
-0.14503346179512636 0.5409492621766219 -0.3662623023143001
-0.12086121816260528 0.5356120363480473 -0.3729465265885578
-0.0966889745300843 0.5302748105194728 -0.3796307508628155
-0.07251673089756323 0.5249375846908981 -0.3863149751370732
-0.04834448726504215 0.5196003588623236 -0.3929991994113309
-0.024172243632521077 0.5142631330337489 -0.39968342368558857
0.0 0.5089259072051744 -0.40636764795984626
-0.9427175016683212 0.7334946792681374 -0.1587915350689525
-0.9185452580358001 0.7281574534395627 -0.16547575934321018
-0.8943730144032791 0.7228202276109882 -0.1721599836174679
-0.8702007707707581 0.7174830017824136 -0.17884420789172556
-0.8460285271382371 0.712145775953839 -0.18552843216598328
-0.8218562835057159 0.7068085501252644 -0.19221265644024096
-0.7976840398731949 0.7014713242966898 -0.19889688071449868
-0.7735117962406738 0.6961340984681152 -0.20558110498875637
-0.7493395526081529 0.6907968726395407 -0.21226532926301403
-0.7251673089756318 0.685459646810966 -0.21894955353727175
-0.7009950653431107 0.6801224209823915 -0.22563377781152943
-0.6768228217105896 0.6747851951538169 -0.23231800208578715
-0.6526505780780686 0.6694479693252423 -0.23900222636004484
-0.6284783344455476 0.6641107434966678 -0.24568645063430253
-0.6043060908130263 0.6587735176680931 -0.25237067490856024
-0.5801338471805054 0.6534362918395186 -0.25905489918281793
-0.5559616035479843 0.6480990660109439 -0.2657391234570756
-0.5317893599154633 0.6427618401823694 -0.2724233477313333
-0.5076171162829423 0.6374246143537948 -0.279107572005591
-0.48344487265042113 0.6320873885252202 -0.28579179627984874
-0.4592726290179001 0.6267501626966456 -0.29247602055410643
-0.43510038538537904 0.621412936868071 -0.2991602448283641
-0.41092814175285797 0.6160757110394964 -0.3058444691026218
-0.3867558981203369 0.6107384852109218 -0.3125286933768795
-0.3625836544878158 0.6054012593823472 -0.3192129176511372
-0.33841141085529486 0.6000640335537727 -0.3258971419253949
-0.3142391672227738 0.594726807725198 -0.33258136619965256
-0.2900669235902527 0.5893895818966235 -0.3392655904739103
-0.26589467995773164 0.5840523560680488 -0.345949814748168
-0.24172243632521057 0.5787151302394743 -0.3526340390224257
-0.21755019269268958 0.5733779044108998 -0.35931826329668337
-0.1933779490601685 0.5680406785823251 -0.36600248757094106
-0.16920570542764743 0.5627034527537506 -0.37268671184519875
-0.14503346179512636 0.5573662269251759 -0.37937093611945644
-0.12086121816260528 0.5520290010966014 -0.3860551603937142
-0.0966889745300843 0.5466917752680268 -0.3927393846679718
-0.07251673089756323 0.5413545494394522 -0.3994236089422295
-0.04834448726504215 0.5360173236108776 -0.40610783321648725
-0.024172243632521077 0.530680097782303 -0.41279205749074493
0.0 0.5253428719537284 -0.4194762817650026
-0.9427175016683212 0.7499116440166914 -0.17190016887410886
-0.9185452580358001 0.7445744181881168 -0.17858439314836655
-0.8943730144032791 0.7392371923595422 -0.18526861742262427
-0.8702007707707581 0.7338999665309677 -0.19195284169688193
-0.8460285271382371 0.728562740702393 -0.19863706597113964
-0.8218562835057159 0.7232255148738185 -0.20532129024539733
-0.7976840398731949 0.7178882890452438 -0.21200551451965505
-0.7735117962406738 0.7125510632166693 -0.21868973879391274
-0.7493395526081529 0.7072138373880947 -0.2253739630681704
-0.7251673089756318 0.7018766115595201 -0.2320581873424281
-0.7009950653431107 0.6965393857309455 -0.2387424116166858
-0.6768228217105896 0.6912021599023709 -0.24542663589094352
-0.6526505780780686 0.6858649340737963 -0.2521108601652012
-0.6284783344455476 0.6805277082452218 -0.25879508443945887
-0.6043060908130263 0.6751904824166471 -0.2654793087137166
-0.5801338471805054 0.6698532565880726 -0.2721635329879743
-0.5559616035479843 0.6645160307594979 -0.278847757262232
-0.5317893599154633 0.6591788049309234 -0.2855319815364897
-0.5076171162829423 0.6538415791023489 -0.29221620581074736
-0.48344487265042113 0.6485043532737742 -0.29890043008500505
-0.4592726290179001 0.6431671274451997 -0.30558465435926274
-0.43510038538537904 0.637829901616625 -0.31226887863352043
-0.41092814175285797 0.6324926757880505 -0.3189531029077782
-0.3867558981203369 0.6271554499594758 -0.32563732718203586
-0.3625836544878158 0.6218182241309013 -0.33232155145629355
-0.33841141085529486 0.6164809983023267 -0.33900577573055124
-0.3142391672227738 0.6111437724737521 -0.34569000000480893
-0.2900669235902527 0.6058065466451775 -0.3523742242790666
-0.26589467995773164 0.6004693208166029 -0.3590584485533243
-0.24172243632521057 0.5951320949880283 -0.36574267282758205
-0.21755019269268958 0.5897948691594538 -0.3724268971018397
-0.1933779490601685 0.5844576433308791 -0.3791111213760974
-0.16920570542764743 0.5791204175023046 -0.3857953456503551
-0.14503346179512636 0.5737831916737299 -0.3924795699246128
-0.12086121816260528 0.5684459658451554 -0.3991637941988705
-0.0966889745300843 0.5631087400165808 -0.4058480184731282
-0.07251673089756323 0.5577715141880062 -0.41253224274738587
-0.04834448726504215 0.5524342883594316 -0.4192164670216436
-0.024172243632521077 0.5470970625308571 -0.4259006912959013
0.0 0.5417598367022824 -0.432584915570159
-0.9427175016683212 0.7663286087652453 -0.18500880267926514
-0.9185452580358001 0.7609913829366707 -0.19169302695352283
-0.8943730144032791 0.7556541571080961 -0.19837725122778055
-0.8702007707707581 0.7503169312795216 -0.2050614755020382
-0.8460285271382371 0.7449797054509469 -0.21174569977629593
-0.8218562835057159 0.7396424796223724 -0.21842992405055361
-0.7976840398731949 0.7343052537937977 -0.22511414832481133
-0.7735117962406738 0.7289680279652232 -0.23179837259906902
-0.7493395526081529 0.7236308021366487 -0.23848259687332668
-0.7251673089756318 0.718293576308074 -0.2451668211475844
-0.7009950653431107 0.7129563504794995 -0.25185104542184206
-0.6768228217105896 0.7076191246509249 -0.2585352696960998
-0.6526505780780686 0.7022818988223503 -0.2652194939703575
-0.6284783344455476 0.6969446729937757 -0.2719037182446152
-0.6043060908130263 0.6916074471652011 -0.27858794251887287
-0.5801338471805054 0.6862702213366265 -0.28527216679313055
-0.5559616035479843 0.680932995508052 -0.29195639106738824
-0.5317893599154633 0.6755957696794773 -0.29864061534164593
-0.5076171162829423 0.6702585438509028 -0.3053248396159036
-0.48344487265042113 0.6649213180223281 -0.31200906389016136
-0.4592726290179001 0.6595840921937536 -0.31869328816441905
-0.43510038538537904 0.654246866365179 -0.32537751243867674
-0.41092814175285797 0.6489096405366044 -0.33206173671293443
-0.3867558981203369 0.6435724147080298 -0.3387459609871921
-0.3625836544878158 0.6382351888794552 -0.34543018526144986
-0.33841141085529486 0.6328979630508806 -0.3521144095357075
-0.3142391672227738 0.6275607372223061 -0.35879863380996524
-0.2900669235902527 0.6222235113937314 -0.36548285808422293
-0.26589467995773164 0.6168862855651569 -0.3721670823584806
-0.24172243632521057 0.6115490597365822 -0.3788513066327383
-0.21755019269268958 0.6062118339080077 -0.385535530906996
-0.1933779490601685 0.6008746080794332 -0.3922197551812537
-0.16920570542764743 0.5955373822508585 -0.39890397945551137
-0.14503346179512636 0.590200156422284 -0.4055882037297691
-0.12086121816260528 0.5848629305937093 -0.4122724280040268
-0.0966889745300843 0.5795257047651348 -0.4189566522782845
-0.07251673089756323 0.5741884789365602 -0.4256408765525422
-0.04834448726504215 0.5688512531079856 -0.43232510082679987
-0.024172243632521077 0.563514027279411 -0.43900932510105756
0.0 0.5581768014508364 -0.44569354937531525
-0.9427175016683212 0.7827455735137994 -0.19811743648442148
-0.9185452580358001 0.7774083476852247 -0.20480166075867917
-0.8943730144032791 0.7720711218566502 -0.2114858850329369
-0.8702007707707581 0.7667338960280756 -0.21817010930719455
-0.8460285271382371 0.761396670199501 -0.22485433358145226
-0.8218562835057159 0.7560594443709264 -0.23153855785570995
-0.7976840398731949 0.7507222185423518 -0.23822278212996767
-0.7735117962406738 0.7453849927137772 -0.24490700640422536
-0.7493395526081529 0.7400477668852027 -0.25159123067848305
-0.7251673089756318 0.734710541056628 -0.25827545495274074
-0.7009950653431107 0.7293733152280535 -0.2649596792269984
-0.6768228217105896 0.7240360893994789 -0.27164390350125617
-0.6526505780780686 0.7186988635709043 -0.27832812777551386
-0.6284783344455476 0.7133616377423297 -0.28501235204977154
-0.6043060908130263 0.7080244119137551 -0.29169657632402923
-0.5801338471805054 0.7026871860851805 -0.2983808005982869
-0.5559616035479843 0.697349960256606 -0.3050650248725446
-0.5317893599154633 0.6920127344280314 -0.3117492491468023
-0.5076171162829423 0.6866755085994568 -0.31843347342106
-0.48344487265042113 0.6813382827708822 -0.32511769769531773
-0.4592726290179001 0.6760010569423076 -0.3318019219695754
-0.43510038538537904 0.6706638311137331 -0.3384861462438331
-0.41092814175285797 0.6653266052851584 -0.3451703705180908
-0.3867558981203369 0.6599893794565839 -0.3518545947923485
-0.3625836544878158 0.6546521536280092 -0.3585388190666062
-0.33841141085529486 0.6493149277994347 -0.36522304334086386
-0.3142391672227738 0.6439777019708601 -0.37190726761512155
-0.2900669235902527 0.6386404761422855 -0.3785914918893793
-0.26589467995773164 0.6333032503137109 -0.385275716163637
-0.24172243632521057 0.6279660244851363 -0.39195994043789467
-0.21755019269268958 0.6226287986565617 -0.39864416471215236
-0.1933779490601685 0.6172915728279872 -0.40532838898641005
-0.16920570542764743 0.6119543469994125 -0.41201261326066774
-0.14503346179512636 0.606617121170838 -0.4186968375349254
-0.12086121816260528 0.6012798953422633 -0.42538106180918317
-0.0966889745300843 0.5959426695136888 -0.4320652860834408
-0.07251673089756323 0.5906054436851143 -0.43874951035769855
-0.04834448726504215 0.5852682178565396 -0.44543373463195624
-0.024172243632521077 0.579930992027965 -0.4521179589062139
0.0 0.5745937661993904 -0.4588021831804716
-0.9427175016683212 0.7991625382623534 -0.21122607028957785
-0.9185452580358001 0.7938253124337789 -0.21791029456383554
-0.8943730144032791 0.7884880866052042 -0.22459451883809325
-0.8702007707707581 0.7831508607766297 -0.23127874311235092
-0.8460285271382371 0.7778136349480551 -0.23796296738660863
-0.8218562835057159 0.7724764091194805 -0.24464719166086632
-0.7976840398731949 0.7671391832909059 -0.25133141593512404
-0.7735117962406738 0.7618019574623313 -0.2580156402093817
-0.7493395526081529 0.7564647316337567 -0.2646998644836394
-0.7251673089756318 0.7511275058051822 -0.2713840887578971
-0.7009950653431107 0.7457902799766075 -0.2780683130321548
-0.6768228217105896 0.740453054148033 -0.28475253730641253
-0.6526505780780686 0.7351158283194583 -0.2914367615806702
-0.6284783344455476 0.7297786024908838 -0.2981209858549279
-0.6043060908130263 0.7244413766623091 -0.3048052101291856
-0.5801338471805054 0.7191041508337346 -0.3114894344034433
-0.5559616035479843 0.71376692500516 -0.318173658677701
-0.5317893599154633 0.7084296991765854 -0.32485788295195867
-0.5076171162829423 0.7030924733480108 -0.33154210722621635
-0.48344487265042113 0.6977552475194362 -0.3382263315004741
-0.4592726290179001 0.6924180216908616 -0.3449105557747318
-0.43510038538537904 0.6870807958622871 -0.3515947800489895
-0.41092814175285797 0.6817435700337124 -0.35827900432324716
-0.3867558981203369 0.6764063442051379 -0.36496322859750485
-0.3625836544878158 0.6710691183765632 -0.37164745287176254
-0.33841141085529486 0.6657318925479887 -0.37833167714602023
-0.3142391672227738 0.6603946667194142 -0.3850159014202779
-0.2900669235902527 0.6550574408908395 -0.39170012569453566
-0.26589467995773164 0.649720215062265 -0.39838434996879335
-0.24172243632521057 0.6443829892336904 -0.40506857424305104
-0.21755019269268958 0.6390457634051158 -0.4117527985173087
-0.1933779490601685 0.6337085375765412 -0.4184370227915664
-0.16920570542764743 0.6283713117479666 -0.4251212470658241
-0.14503346179512636 0.623034085919392 -0.4318054713400818
-0.12086121816260528 0.6176968600908175 -0.4384896956143395
-0.0966889745300843 0.6123596342622428 -0.44517391988859717
-0.07251673089756323 0.6070224084336683 -0.45185814416285486
-0.04834448726504215 0.6016851826050936 -0.4585423684371126
-0.024172243632521077 0.5963479567765191 -0.4652265927113703
0.0 0.5910107309479445 -0.471910816985628
-0.9427175016683212 0.8155795030109073 -0.22433470409473413
-0.9185452580358001 0.8102422771823328 -0.23101892836899182
-0.8943730144032791 0.8049050513537582 -0.23770315264324954
-0.8702007707707581 0.7995678255251836 -0.2443873769175072
-0.8460285271382371 0.794230599696609 -0.2510716011917649
-0.8218562835057159 0.7888933738680344 -0.2577558254660226
-0.7976840398731949 0.7835561480394598 -0.26444004974028035
-0.7735117962406738 0.7782189222108853 -0.27112427401453804
-0.7493395526081529 0.7728816963823106 -0.27780849828879567
-0.7251673089756318 0.7675444705537361 -0.2844927225630534
-0.7009950653431107 0.7622072447251614 -0.2911769468373111
-0.6768228217105896 0.7568700188965869 -0.2978611711115688
-0.6526505780780686 0.7515327930680124 -0.3045453953858265
-0.6284783344455476 0.7461955672394377 -0.31122961966008417
-0.6043060908130263 0.7408583414108632 -0.3179138439343419
-0.5801338471805054 0.7355211155822885 -0.3245980682085996
-0.5559616035479843 0.730183889753714 -0.3312822924828573
-0.5317893599154633 0.7248466639251394 -0.337966516757115
-0.5076171162829423 0.7195094380965648 -0.34465074103137266
-0.48344487265042113 0.7141722122679902 -0.35133496530563035
-0.4592726290179001 0.7088349864394157 -0.35801918957988804
-0.43510038538537904 0.703497760610841 -0.36470341385414573
-0.41092814175285797 0.6981605347822665 -0.3713876381284034
-0.3867558981203369 0.6928233089536918 -0.37807186240266116
-0.3625836544878158 0.6874860831251173 -0.38475608667691885
-0.33841141085529486 0.6821488572965427 -0.39144031095117654
-0.3142391672227738 0.6768116314679681 -0.39812453522543423
-0.2900669235902527 0.6714744056393935 -0.4048087594996919
-0.26589467995773164 0.6661371798108189 -0.4114929837739496
-0.24172243632521057 0.6607999539822443 -0.4181772080482073
-0.21755019269268958 0.6554627281536698 -0.424861432322465
-0.1933779490601685 0.6501255023250951 -0.43154565659672267
-0.16920570542764743 0.6447882764965206 -0.4382298808709804
-0.14503346179512636 0.6394510506679459 -0.4449141051452381
-0.12086121816260528 0.6341138248393714 -0.4515983294194958
-0.0966889745300843 0.6287765990107969 -0.4582825536937535
-0.07251673089756323 0.6234393731822222 -0.46496677796801117
-0.04834448726504215 0.6181021473536477 -0.47165100224226886
-0.024172243632521077 0.612764921525073 -0.47833522651652655
0.0 0.6074276956964985 -0.4850194507907843
-0.9427175016683212 0.8319964677594613 -0.2374433378998905
-0.9185452580358001 0.8266592419308868 -0.2441275621741482
-0.8943730144032791 0.8213220161023123 -0.2508117864484059
-0.8702007707707581 0.8159847902737376 -0.25749601072266354
-0.8460285271382371 0.8106475644451631 -0.2641802349969213
-0.8218562835057159 0.8053103386165884 -0.27086445927117897
-0.7976840398731949 0.7999731127880139 -0.27754868354543666
-0.7735117962406738 0.7946358869594393 -0.28423290781969435
-0.7493395526081529 0.7892986611308647 -0.29091713209395204
-0.7251673089756318 0.7839614353022901 -0.2976013563682097
-0.7009950653431107 0.7786242094737155 -0.3042855806424674
-0.6768228217105896 0.7732869836451409 -0.31096980491672516
-0.6526505780780686 0.7679497578165664 -0.31765402919098285
-0.6284783344455476 0.7626125319879917 -0.32433825346524053
-0.6043060908130263 0.7572753061594172 -0.3310224777394982
-0.5801338471805054 0.7519380803308425 -0.3377067020137559
-0.5559616035479843 0.746600854502268 -0.3443909262880136
-0.5317893599154633 0.7412636286736934 -0.3510751505622713
-0.5076171162829423 0.7359264028451188 -0.357759374836529
-0.48344487265042113 0.7305891770165442 -0.3644435991107867
-0.4592726290179001 0.7252519511879697 -0.3711278233850444
-0.43510038538537904 0.719914725359395 -0.3778120476593021
-0.41092814175285797 0.7145774995308205 -0.3844962719335598
-0.3867558981203369 0.7092402737022458 -0.3911804962078175
-0.3625836544878158 0.7039030478736713 -0.3978647204820752
-0.33841141085529486 0.6985658220450968 -0.40454894475633285
-0.3142391672227738 0.6932285962165221 -0.4112331690305906
-0.2900669235902527 0.6878913703879476 -0.4179173933048483
-0.26589467995773164 0.6825541445593729 -0.42460161757910597
-0.24172243632521057 0.6772169187307984 -0.43128584185336366
-0.21755019269268958 0.6718796929022238 -0.43797006612762135
-0.1933779490601685 0.6665424670736492 -0.44465429040187904
-0.16920570542764743 0.6612052412450746 -0.4513385146761367
-0.14503346179512636 0.6558680154165 -0.45802273895039447
-0.12086121816260528 0.6505307895879254 -0.46470696322465216
-0.0966889745300843 0.6451935637593509 -0.4713911874989098
-0.07251673089756323 0.6398563379307762 -0.47807541177316754
-0.04834448726504215 0.6345191121022017 -0.4847596360474252
-0.024172243632521077 0.629181886273627 -0.4914438603216829
0.0 0.6238446604450525 -0.4981280845959406
-0.9427175016683212 0.8484134325080155 -0.25055197170504684
-0.9185452580358001 0.8430762066794408 -0.2572361959793045
-0.8943730144032791 0.8377389808508663 -0.26392042025356227
-0.8702007707707581 0.8324017550222917 -0.2706046445278199
-0.8460285271382371 0.8270645291937171 -0.27728886880207765
-0.8218562835057159 0.8217273033651425 -0.28397309307633534
-0.7976840398731949 0.8163900775365679 -0.290657317350593
-0.7735117962406738 0.8110528517079933 -0.2973415416248507
-0.7493395526081529 0.8057156258794188 -0.3040257658991084
-0.7251673089756318 0.8003784000508442 -0.3107099901733661
-0.7009950653431107 0.7950411742222696 -0.3173942144476238
-0.6768228217105896 0.789703948393695 -0.3240784387218815
-0.6526505780780686 0.7843667225651204 -0.3307626629961392
-0.6284783344455476 0.7790294967365459 -0.3374468872703969
-0.6043060908130263 0.7736922709079712 -0.3441311115446546
-0.5801338471805054 0.7683550450793967 -0.3508153358189123
-0.5559616035479843 0.763017819250822 -0.35749956009316997
-0.5317893599154633 0.7576805934222475 -0.36418378436742765
-0.5076171162829423 0.7523433675936729 -0.37086800864168534
-0.48344487265042113 0.7470061417650983 -0.3775522329159431
-0.4592726290179001 0.7416689159365237 -0.3842364571902008
-0.43510038538537904 0.7363316901079491 -0.39092068146445846
-0.41092814175285797 0.7309944642793745 -0.39760490573871615
-0.3867558981203369 0.7256572384507999 -0.40428913001297384
-0.3625836544878158 0.7203200126222253 -0.41097335428723153
-0.33841141085529486 0.7149827867936508 -0.4176575785614892
-0.3142391672227738 0.7096455609650761 -0.4243418028357469
-0.2900669235902527 0.7043083351365016 -0.43102602711000465
-0.26589467995773164 0.6989711093079269 -0.43771025138426234
-0.24172243632521057 0.6936338834793524 -0.44439447565852
-0.21755019269268958 0.6882966576507779 -0.4510786999327777
-0.1933779490601685 0.6829594318222032 -0.4577629242070354
-0.16920570542764743 0.6776222059936287 -0.4644471484812931
-0.14503346179512636 0.672284980165054 -0.4711313727555508
-0.12086121816260528 0.6669477543364795 -0.47781559702980847
-0.0966889745300843 0.6616105285079049 -0.48449982130406616
-0.07251673089756323 0.6562733026793303 -0.49118404557832385
-0.04834448726504215 0.6509360768507557 -0.4978682698525816
-0.024172243632521077 0.6455988510221811 -0.5045524941268392
0.0 0.6402616251936065 -0.511236718401097
-0.9427175016683212 0.8648303972565695 -0.2636606055102032
-0.9185452580358001 0.8594931714279949 -0.2703448297844609
-0.8943730144032791 0.8541559455994203 -0.2770290540587186
-0.8702007707707581 0.8488187197708458 -0.28371327833297627
-0.8460285271382371 0.8434814939422711 -0.29039750260723396
-0.8218562835057159 0.8381442681136966 -0.29708172688149165
-0.7976840398731949 0.8328070422851219 -0.3037659511557494
-0.7735117962406738 0.8274698164565474 -0.3104501754300071
-0.7493395526081529 0.8221325906279728 -0.3171343997042647
-0.7251673089756318 0.8167953647993982 -0.32381862397852246
-0.7009950653431107 0.8114581389708236 -0.33050284825278015
-0.6768228217105896 0.806120913142249 -0.33718707252703783
-0.6526505780780686 0.8007836873136744 -0.3438712968012955
-0.6284783344455476 0.7954464614850999 -0.3505555210755532
-0.6043060908130263 0.7901092356565252 -0.35723974534981096
-0.5801338471805054 0.7847720098279507 -0.36392396962406864
-0.5559616035479843 0.779434783999376 -0.37060819389832633
-0.5317893599154633 0.7740975581708015 -0.377292418172584
-0.5076171162829423 0.768760332342227 -0.3839766424468417
-0.48344487265042113 0.7634231065136523 -0.3906608667210994
-0.4592726290179001 0.7580858806850778 -0.3973450909953571
-0.43510038538537904 0.7527486548565031 -0.4040293152696148
-0.41092814175285797 0.7474114290279286 -0.4107135395438725
-0.3867558981203369 0.742074203199354 -0.4173977638181302
-0.3625836544878158 0.7367369773707794 -0.4240819880923879
-0.33841141085529486 0.7313997515422048 -0.4307662123666456
-0.3142391672227738 0.7260625257136302 -0.4374504366409033
-0.2900669235902527 0.7207252998850556 -0.44413466091516096
-0.26589467995773164 0.7153880740564811 -0.45081888518941865
-0.24172243632521057 0.7100508482279064 -0.4575031094636764
-0.21755019269268958 0.7047136223993319 -0.464187333737934
-0.1933779490601685 0.6993763965707572 -0.47087155801219177
-0.16920570542764743 0.6940391707421827 -0.47755578228644946
-0.14503346179512636 0.6887019449136081 -0.48424000656070715
-0.12086121816260528 0.6833647190850335 -0.49092423083496484
-0.0966889745300843 0.678027493256459 -0.4976084551092225
-0.07251673089756323 0.6726902674278843 -0.5042926793834802
-0.04834448726504215 0.6673530415993097 -0.510976903657738
-0.024172243632521077 0.6620158157707352 -0.5176611279319956
0.0 0.6566785899421606 -0.5243453522062533
-0.9427175016683212 0.8812473620051234 -0.27676923931535946
-0.9185452580358001 0.8759101361765488 -0.28345346358961715
-0.8943730144032791 0.8705729103479742 -0.2901376878638749
-0.8702007707707581 0.8652356845193997 -0.2968219121381325
-0.8460285271382371 0.859898458690825 -0.30350613641239027
-0.8218562835057159 0.8545612328622505 -0.31019036068664796
-0.7976840398731949 0.8492240070336758 -0.31687458496090565
-0.7735117962406738 0.8438867812051013 -0.32355880923516334
-0.7493395526081529 0.8385495553765268 -0.330243033509421
-0.7251673089756318 0.8332123295479521 -0.3369272577836787
-0.7009950653431107 0.8278751037193776 -0.3436114820579364
-0.6768228217105896 0.822537877890803 -0.35029570633219415
-0.6526505780780686 0.8172006520622284 -0.35697993060645183
-0.6284783344455476 0.8118634262336538 -0.3636641548807095
-0.6043060908130263 0.8065262004050792 -0.3703483791549672
-0.5801338471805054 0.8011889745765046 -0.3770326034292249
-0.5559616035479843 0.7958517487479301 -0.3837168277034826
-0.5317893599154633 0.7905145229193554 -0.3904010519777403
-0.5076171162829423 0.7851772970907809 -0.39708527625199797
-0.48344487265042113 0.7798400712622062 -0.4037695005262557
-0.4592726290179001 0.7745028454336317 -0.4104537248005134
-0.43510038538537904 0.7691656196050571 -0.4171379490747711
-0.41092814175285797 0.7638283937764825 -0.4238221733490288
-0.3867558981203369 0.7584911679479079 -0.43050639762328646
-0.3625836544878158 0.7531539421193333 -0.4371906218975442
-0.33841141085529486 0.7478167162907587 -0.44387484617180184
-0.3142391672227738 0.7424794904621842 -0.4505590704460596
-0.2900669235902527 0.7371422646336095 -0.4572432947203173
-0.26589467995773164 0.731805038805035 -0.46392751899457496
-0.24172243632521057 0.7264678129764603 -0.47061174326883265
-0.21755019269268958 0.7211305871478858 -0.47729596754309034
-0.1933779490601685 0.7157933613193113 -0.483980191817348
-0.16920570542764743 0.7104561354907366 -0.4906644160916057
-0.14503346179512636 0.7051189096621621 -0.49734864036586346
-0.12086121816260528 0.6997816838335874 -0.5040328646401211
-0.0966889745300843 0.6944444580050129 -0.5107170889143788
-0.07251673089756323 0.6891072321764383 -0.5174013131886365
-0.04834448726504215 0.6837700063478637 -0.5240855374628942
-0.024172243632521077 0.6784327805192891 -0.530769761737152
0.0 0.6730955546907145 -0.5374539860114096
-0.9427175016683212 0.8976643267536775 -0.2898778731205158
-0.9185452580358001 0.8923271009251029 -0.2965620973947735
-0.8943730144032791 0.8869898750965283 -0.30324632166903126
-0.8702007707707581 0.8816526492679537 -0.3099305459432889
-0.8460285271382371 0.8763154234393792 -0.31661477021754664
-0.8218562835057159 0.8709781976108045 -0.3232989944918043
-0.7976840398731949 0.86564097178223 -0.329983218766062
-0.7735117962406738 0.8603037459536553 -0.3366674430403197
-0.7493395526081529 0.8549665201250808 -0.3433516673145774
-0.7251673089756318 0.8496292942965062 -0.3500358915888351
-0.7009950653431107 0.8442920684679316 -0.35672011586309277
-0.6768228217105896 0.838954842639357 -0.3634043401373505
-0.6526505780780686 0.8336176168107824 -0.3700885644116082
-0.6284783344455476 0.8282803909822078 -0.3767727886858659
-0.6043060908130263 0.8229431651536332 -0.3834570129601236
-0.5801338471805054 0.8176059393250587 -0.39014123723438127
-0.5559616035479843 0.8122687134964841 -0.39682546150863895
-0.5317893599154633 0.8069314876679095 -0.40350968578289664
-0.5076171162829423 0.8015942618393349 -0.41019391005715433
-0.48344487265042113 0.7962570360107603 -0.4168781343314121
-0.4592726290179001 0.7909198101821857 -0.42356235860566976
-0.43510038538537904 0.7855825843536112 -0.43024658287992745
-0.41092814175285797 0.7802453585250365 -0.43693080715418514
-0.3867558981203369 0.774908132696462 -0.44361503142844283
-0.3625836544878158 0.7695709068678873 -0.4502992557027005
-0.33841141085529486 0.7642336810393128 -0.4569834799769582
-0.3142391672227738 0.7588964552107382 -0.4636677042512159
-0.2900669235902527 0.7535592293821636 -0.47035192852547364
-0.26589467995773164 0.748222003553589 -0.47703615279973133
-0.24172243632521057 0.7428847777250144 -0.483720377073989
-0.21755019269268958 0.7375475518964398 -0.4904046013482467
-0.1933779490601685 0.7322103260678653 -0.4970888256225044
-0.16920570542764743 0.7268731002392906 -0.5037730498967621
-0.14503346179512636 0.7215358744107161 -0.5104572741710198
-0.12086121816260528 0.7161986485821416 -0.5171414984452775
-0.0966889745300843 0.7108614227535669 -0.5238257227195352
-0.07251673089756323 0.7055241969249924 -0.5305099469937928
-0.04834448726504215 0.7001869710964177 -0.5371941712680506
-0.024172243632521077 0.6948497452678432 -0.5438783955423082
0.0 0.6895125194392686 -0.550562619816566
-0.9427175016683212 0.9140812915022315 -0.3029865069256722
-0.9185452580358001 0.908744065673657 -0.3096707311999299
-0.8943730144032791 0.9034068398450823 -0.31635495547418757
-0.8702007707707581 0.8980696140165078 -0.32303917974844526
-0.8460285271382371 0.8927323881879332 -0.32972340402270295
-0.8218562835057159 0.8873951623593586 -0.33640762829696064
-0.7976840398731949 0.882057936530784 -0.3430918525712184
-0.7735117962406738 0.8767207107022094 -0.34977607684547607
-0.7493395526081529 0.8713834848736348 -0.3564603011197337
-0.7251673089756318 0.8660462590450603 -0.36314452539399145
-0.7009950653431107 0.8607090332164856 -0.36982874966824913
-0.6768228217105896 0.8553718073879111 -0.3765129739425068
-0.6526505780780686 0.8500345815593364 -0.3831971982167645
-0.6284783344455476 0.8446973557307619 -0.3898814224910222
-0.6043060908130263 0.8393601299021872 -0.39656564676527994
-0.5801338471805054 0.8340229040736127 -0.40324987103953763
-0.5559616035479843 0.8286856782450381 -0.4099340953137953
-0.5317893599154633 0.8233484524164635 -0.416618319588053
-0.5076171162829423 0.8180112265878889 -0.4233025438623107
-0.48344487265042113 0.8126740007593144 -0.4299867681365684
-0.4592726290179001 0.8073367749307397 -0.4366709924108261
-0.43510038538537904 0.8019995491021652 -0.44335521668508376
-0.41092814175285797 0.7966623232735905 -0.4500394409593415
-0.3867558981203369 0.791325097445016 -0.4567236652335992
-0.3625836544878158 0.7859878716164415 -0.4634078895078569
-0.33841141085529486 0.7806506457878668 -0.4700921137821146
-0.3142391672227738 0.7753134199592923 -0.47677633805637226
-0.2900669235902527 0.7699761941307176 -0.48346056233062995
-0.26589467995773164 0.7646389683021431 -0.49014478660488764
-0.24172243632521057 0.7593017424735685 -0.4968290108791454
-0.21755019269268958 0.7539645166449939 -0.5035132351534031
-0.1933779490601685 0.7486272908164193 -0.5101974594276607
-0.16920570542764743 0.7432900649878447 -0.5168816837019184
-0.14503346179512636 0.7379528391592701 -0.5235659079761762
-0.12086121816260528 0.7326156133306956 -0.5302501322504338
-0.0966889745300843 0.7272783875021209 -0.5369343565246916
-0.07251673089756323 0.7219411616735464 -0.5436185807989492
-0.04834448726504215 0.7166039358449718 -0.550302805073207
-0.024172243632521077 0.7112667100163972 -0.5569870293474646
0.0 0.7059294841878226 -0.5636712536217223
-0.9427175016683212 0.9304982562507854 -0.31609514073082845
-0.9185452580358001 0.9251610304222109 -0.32277936500508614
-0.8943730144032791 0.9198238045936363 -0.3294635892793439
-0.8702007707707581 0.9144865787650617 -0.3361478135536015
-0.8460285271382371 0.9091493529364871 -0.34283203782785926
-0.8218562835057159 0.9038121271079125 -0.34951626210211695
-0.7976840398731949 0.8984749012793379 -0.35620048637637464
-0.7735117962406738 0.8931376754507634 -0.3628847106506323
-0.7493395526081529 0.8878004496221887 -0.36956893492489
-0.7251673089756318 0.8824632237936142 -0.3762531591991477
-0.7009950653431107 0.8771259979650395 -0.3829373834734054
-0.6768228217105896 0.871788772136465 -0.38962160774766313
-0.6526505780780686 0.8664515463078905 -0.3963058320219208
-0.6284783344455476 0.8611143204793158 -0.4029900562961785
-0.6043060908130263 0.8557770946507413 -0.4096742805704362
-0.5801338471805054 0.8504398688221666 -0.4163585048446939
-0.5559616035479843 0.8451026429935921 -0.4230427291189516
-0.5317893599154633 0.8397654171650175 -0.42972695339320927
-0.5076171162829423 0.8344281913364429 -0.43641117766746695
-0.48344487265042113 0.8290909655078683 -0.4430954019417247
-0.4592726290179001 0.8237537396792938 -0.4497796262159824
-0.43510038538537904 0.8184165138507191 -0.4564638504902401
-0.41092814175285797 0.8130792880221446 -0.46314807476449776
-0.3867558981203369 0.8077420621935699 -0.46983229903875545
-0.3625836544878158 0.8024048363649954 -0.4765165233130132
-0.33841141085529486 0.7970676105364208 -0.48320074758727083
-0.3142391672227738 0.7917303847078462 -0.4898849718615286
-0.2900669235902527 0.7863931588792716 -0.49656919613578626
-0.26589467995773164 0.781055933050697 -0.503253420410044
-0.24172243632521057 0.7757187072221224 -0.5099376446843017
-0.21755019269268958 0.7703814813935479 -0.5166218689585593
-0.1933779490601685 0.7650442555649732 -0.5233060932328171
-0.16920570542764743 0.7597070297363987 -0.5299903175070747
-0.14503346179512636 0.754369803907824 -0.5366745417813324
-0.12086121816260528 0.7490325780792495 -0.5433587660555901
-0.0966889745300843 0.743695352250675 -0.5500429903298478
-0.07251673089756323 0.7383581264221003 -0.5567272146041055
-0.04834448726504215 0.7330209005935258 -0.5634114388783632
-0.024172243632521077 0.7276836747649511 -0.570095663152621
0.0 0.7223464489363766 -0.5767798874268786
-0.9427175016683212 0.9469152209993396 -0.3292037745359848
-0.9185452580358001 0.9415779951707649 -0.3358879988102425
-0.8943730144032791 0.9362407693421904 -0.34257222308450025
-0.8702007707707581 0.9309035435136158 -0.3492564473587579
-0.8460285271382371 0.9255663176850412 -0.3559406716330156
-0.8218562835057159 0.9202290918564666 -0.3626248959072733
-0.7976840398731949 0.914891866027892 -0.369309120181531
-0.7735117962406738 0.9095546401993174 -0.3759933444557887
-0.7493395526081529 0.9042174143707429 -0.3826775687300464
-0.7251673089756318 0.8988801885421682 -0.38936179300430407
-0.7009950653431107 0.8935429627135937 -0.39604601727856176
-0.6768228217105896 0.888205736885019 -0.4027302415528195
-0.6526505780780686 0.8828685110564445 -0.4094144658270772
-0.6284783344455476 0.8775312852278699 -0.4160986901013349
-0.6043060908130263 0.8721940593992953 -0.42278291437559257
-0.5801338471805054 0.8668568335707207 -0.42946713864985026
-0.5559616035479843 0.8615196077421461 -0.43615136292410794
-0.5317893599154633 0.8561823819135715 -0.44283558719836563
-0.5076171162829423 0.850845156084997 -0.4495198114726233
-0.48344487265042113 0.8455079302564223 -0.45620403574688106
-0.4592726290179001 0.8401707044278478 -0.46288826002113875
-0.43510038538537904 0.8348334785992731 -0.46957248429539644
-0.41092814175285797 0.8294962527706986 -0.47625670856965413
-0.3867558981203369 0.824159026942124 -0.4829409328439118
-0.3625836544878158 0.8188218011135494 -0.4896251571181695
-0.33841141085529486 0.8134845752849749 -0.4963093813924272
-0.3142391672227738 0.8081473494564002 -0.5029936056666849
-0.2900669235902527 0.8028101236278257 -0.5096778299409426
-0.26589467995773164 0.797472897799251 -0.5163620542152003
-0.24172243632521057 0.7921356719706765 -0.523046278489458
-0.21755019269268958 0.7867984461421019 -0.5297305027637157
-0.1933779490601685 0.7814612203135273 -0.5364147270379733
-0.16920570542764743 0.7761239944849527 -0.5430989513122311
-0.14503346179512636 0.7707867686563781 -0.5497831755864888
-0.12086121816260528 0.7654495428278035 -0.5564673998607464
-0.0966889745300843 0.760112316999229 -0.5631516241350042
-0.07251673089756323 0.7547750911706543 -0.5698358484092618
-0.04834448726504215 0.7494378653420798 -0.5765200726835196
-0.024172243632521077 0.7441006395135051 -0.5832042969577772
0.0 0.7387634136849306 -0.589888521232035
-0.9427175016683212 0.9633321857478936 -0.3423124083411412
-0.9185452580358001 0.9579949599193189 -0.34899663261539887
-0.8943730144032791 0.9526577340907444 -0.35568085688965656
-0.8702007707707581 0.9473205082621698 -0.36236508116391425
-0.8460285271382371 0.9419832824335952 -0.36904930543817194
-0.8218562835057159 0.9366460566050206 -0.3757335297124296
-0.7976840398731949 0.931308830776446 -0.38241775398668737
-0.7735117962406738 0.9259716049478715 -0.38910197826094506
-0.7493395526081529 0.9206343791192969 -0.3957862025352027
-0.7251673089756318 0.9152971532907223 -0.40247042680946044
-0.7009950653431107 0.9099599274621477 -0.4091546510837181
-0.6768228217105896 0.9046227016335731 -0.4158388753579758
-0.6526505780780686 0.8992854758049985 -0.4225230996322335
-0.6284783344455476 0.893948249976424 -0.4292073239064912
-0.6043060908130263 0.8886110241478493 -0.43589154818074893
-0.5801338471805054 0.8832737983192748 -0.4425757724550066
-0.5559616035479843 0.8779365724907001 -0.4492599967292643
-0.5317893599154633 0.8725993466621256 -0.455944221003522
-0.5076171162829423 0.867262120833551 -0.4626284452777797
-0.48344487265042113 0.8619248950049764 -0.4693126695520374
-0.4592726290179001 0.8565876691764018 -0.47599689382629506
-0.43510038538537904 0.8512504433478272 -0.48268111810055275
-0.41092814175285797 0.8459132175192526 -0.4893653423748105
-0.3867558981203369 0.840575991690678 -0.4960495666490682
-0.3625836544878158 0.8352387658621034 -0.5027337909233259
-0.33841141085529486 0.8299015400335289 -0.5094180151975836
-0.3142391672227738 0.8245643142049542 -0.5161022394718413
-0.2900669235902527 0.8192270883763797 -0.5227864637460989
-0.26589467995773164 0.813889862547805 -0.5294706880203567
-0.24172243632521057 0.8085526367192305 -0.5361549122946143
-0.21755019269268958 0.803215410890656 -0.5428391365688721
-0.1933779490601685 0.7978781850620813 -0.5495233608431297
-0.16920570542764743 0.7925409592335068 -0.5562075851173874
-0.14503346179512636 0.7872037334049321 -0.5628918093916452
-0.12086121816260528 0.7818665075763576 -0.5695760336659028
-0.0966889745300843 0.776529281747783 -0.5762602579401606
-0.07251673089756323 0.7711920559192084 -0.5829444822144182
-0.04834448726504215 0.7658548300906338 -0.5896287064886759
-0.024172243632521077 0.7605176042620593 -0.5963129307629336
0.0 0.7551803784334846 -0.6029971550371913
-0.9427175016683212 0.9797491504964475 -0.35542104214629744
-0.9185452580358001 0.9744119246678729 -0.3621052664205551
-0.8943730144032791 0.9690746988392983 -0.36878949069481287
-0.8702007707707581 0.9637374730107238 -0.3754737149690705
-0.8460285271382371 0.9584002471821491 -0.38215793924332825
-0.8218562835057159 0.9530630213535746 -0.38884216351758594
-0.7976840398731949 0.9477257955249999 -0.3955263877918436
-0.7735117962406738 0.9423885696964254 -0.4022106120661013
-0.7493395526081529 0.9370513438678508 -0.408894836340359
-0.7251673089756318 0.9317141180392762 -0.4155790606146167
-0.7009950653431107 0.9263768922107016 -0.4222632848888744
-0.6768228217105896 0.9210396663821271 -0.4289475091631321
-0.6526505780780686 0.9157024405535524 -0.4356317334373898
-0.6284783344455476 0.9103652147249779 -0.4423159577116475
-0.6043060908130263 0.9050279888964032 -0.4490001819859052
-0.5801338471805054 0.8996907630678287 -0.4556844062601629
-0.5559616035479843 0.8943535372392541 -0.46236863053442057
-0.5317893599154633 0.8890163114106795 -0.46905285480867825
-0.5076171162829423 0.883679085582105 -0.47573707908293594
-0.48344487265042113 0.8783418597535303 -0.4824213033571937
-0.4592726290179001 0.8730046339249558 -0.4891055276314514
-0.43510038538537904 0.8676674080963812 -0.49578975190570906
-0.41092814175285797 0.8623301822678066 -0.5024739761799668
-0.3867558981203369 0.856992956439232 -0.5091582004542244
-0.3625836544878158 0.8516557306106574 -0.5158424247284822
-0.33841141085529486 0.8463185047820828 -0.5225266490027398
-0.3142391672227738 0.8409812789535083 -0.5292108732769976
-0.2900669235902527 0.8356440531249336 -0.5358950975512552
-0.26589467995773164 0.8303068272963591 -0.5425793218255129
-0.24172243632521057 0.8249696014677844 -0.5492635460997707
-0.21755019269268958 0.8196323756392099 -0.5559477703740283
-0.1933779490601685 0.8142951498106353 -0.5626319946482861
-0.16920570542764743 0.8089579239820607 -0.5693162189225437
-0.14503346179512636 0.8036206981534861 -0.5760004431968014
-0.12086121816260528 0.7982834723249115 -0.5826846674710591
-0.0966889745300843 0.7929462464963369 -0.5893688917453168
-0.07251673089756323 0.7876090206677624 -0.5960531160195744
-0.04834448726504215 0.7822717948391877 -0.6027373402938322
-0.024172243632521077 0.7769345690106132 -0.6094215645680899
0.0 0.7715973431820385 -0.6161057888423476
-0.9427175016683212 0.9961661152450014 -0.36852967595145375
-0.9185452580358001 0.9908288894164269 -0.37521390022571144
-0.8943730144032791 0.9854916635878522 -0.3818981244999692
-0.8702007707707581 0.9801544377592777 -0.3885823487742268
-0.8460285271382371 0.9748172119307031 -0.39526657304848456
-0.8218562835057159 0.9694799861021285 -0.40195079732274225
-0.7976840398731949 0.964142760273554 -0.40863502159699994
-0.7735117962406738 0.9588055344449793 -0.4153192458712576
-0.7493395526081529 0.9534683086164047 -0.4220034701455153
-0.7251673089756318 0.9481310827878302 -0.428687694419773
-0.7009950653431107 0.9427938569592555 -0.4353719186940307
-0.6768228217105896 0.937456631130681 -0.44205614296828843
-0.6526505780780686 0.9321194053021064 -0.4487403672425461
-0.6284783344455476 0.9267821794735318 -0.4554245915168038
-0.6043060908130263 0.9214449536449572 -0.4621088157910615
-0.5801338471805054 0.9161077278163826 -0.4687930400653192
-0.5559616035479843 0.9107705019878081 -0.4754772643395769
-0.5317893599154633 0.9054332761592334 -0.48216148861383457
-0.5076171162829423 0.9000960503306589 -0.48884571288809225
-0.48344487265042113 0.8947588245020843 -0.49552993716235
-0.4592726290179001 0.8894215986735097 -0.5022141614366077
-0.43510038538537904 0.8840843728449351 -0.5088983857108653
-0.41092814175285797 0.8787471470163605 -0.5155826099851231
-0.3867558981203369 0.8734099211877859 -0.5222668342593808
-0.3625836544878158 0.8680726953592114 -0.5289510585336384
-0.33841141085529486 0.8627354695306367 -0.5356352828078962
-0.3142391672227738 0.8573982437020622 -0.5423195070821538
-0.2900669235902527 0.8520610178734875 -0.5490037313564116
-0.26589467995773164 0.846723792044913 -0.5556879556306692
-0.24172243632521057 0.8413865662163384 -0.5623721799049269
-0.21755019269268958 0.8360493403877638 -0.5690564041791846
-0.1933779490601685 0.8307121145591893 -0.5757406284534423
-0.16920570542764743 0.8253748887306147 -0.5824248527277001
-0.14503346179512636 0.82003766290204 -0.5891090770019577
-0.12086121816260528 0.8147004370734655 -0.5957933012762154
-0.0966889745300843 0.8093632112448909 -0.6024775255504731
-0.07251673089756323 0.8040259854163163 -0.6091617498247308
-0.04834448726504215 0.7986887595877418 -0.6158459740989884
-0.024172243632521077 0.7933515337591671 -0.6225301983732462
0.0 0.7880143079305926 -0.6292144226475039
-0.9427175016683212 1.0125830799935556 -0.3816383097566102
-0.9185452580358001 1.007245854164981 -0.38832253403086786
-0.8943730144032791 1.0019086283364065 -0.3950067583051256
-0.8702007707707581 0.9965714025078318 -0.40169098257938324
-0.8460285271382371 0.9912341766792573 -0.408375206853641
-0.8218562835057159 0.9858969508506826 -0.41505943112789867
-0.7976840398731949 0.9805597250221081 -0.42174365540215636
-0.7735117962406738 0.9752224991935334 -0.42842787967641405
-0.7493395526081529 0.9698852733649589 -0.43511210395067174
-0.7251673089756318 0.9645480475363843 -0.4417963282249294
-0.7009950653431107 0.9592108217078097 -0.4484805524991871
-0.6768228217105896 0.9538735958792351 -0.45516477677344486
-0.6526505780780686 0.9485363700506605 -0.46184900104770255
-0.6284783344455476 0.943199144222086 -0.46853322532196023
-0.6043060908130263 0.9378619183935113 -0.4752174495962179
-0.5801338471805054 0.9325246925649368 -0.4819016738704756
-0.5559616035479843 0.9271874667363622 -0.4885858981447333
-0.5317893599154633 0.9218502409077876 -0.495270122418991
-0.5076171162829423 0.916513015079213 -0.5019543466932487
-0.48344487265042113 0.9111757892506384 -0.5086385709675064
-0.4592726290179001 0.9058385634220638 -0.515322795241764
-0.43510038538537904 0.9005013375934893 -0.5220070195160218
-0.41092814175285797 0.8951641117649146 -0.5286912437902794
-0.3867558981203369 0.8898268859363401 -0.5353754680645372
-0.3625836544878158 0.8844896601077654 -0.5420596923387949
-0.33841141085529486 0.8791524342791909 -0.5487439166130526
-0.3142391672227738 0.8738152084506163 -0.5554281408873103
-0.2900669235902527 0.8684779826220417 -0.5621123651615679
-0.26589467995773164 0.8631407567934671 -0.5687965894358257
-0.24172243632521057 0.8578035309648926 -0.5754808137100833
-0.21755019269268958 0.8524663051363179 -0.582165037984341
-0.1933779490601685 0.8471290793077434 -0.5888492622585987
-0.16920570542764743 0.8417918534791687 -0.5955334865328564
-0.14503346179512636 0.8364546276505942 -0.6022177108071142
-0.12086121816260528 0.8311174018220197 -0.6089019350813718
-0.0966889745300843 0.825780175993445 -0.6155861593556295
-0.07251673089756323 0.8204429501648705 -0.6222703836298872
-0.04834448726504215 0.8151057243362958 -0.6289546079041449
-0.024172243632521077 0.8097684985077213 -0.6356388321784026
0.0 0.8044312726791467 -0.6423230564526603
-0.9427175016683212 1.0290000447421095 -0.3947469435617665
-0.9185452580358001 1.0236628189135348 -0.40143116783602417
-0.8943730144032791 1.0183255930849604 -0.40811539211028186
-0.8702007707707581 1.0129883672563857 -0.41479961638453955
-0.8460285271382371 1.007651141427811 -0.42148384065879724
-0.8218562835057159 1.0023139155992367 -0.4281680649330549
-0.7976840398731949 0.996976689770662 -0.43485228920731267
-0.7735117962406738 0.9916394639420875 -0.44153651348157036
-0.7493395526081529 0.9863022381135128 -0.448220737755828
-0.7251673089756318 0.9809650122849383 -0.45490496203008574
-0.7009950653431107 0.9756277864563636 -0.4615891863043434
-0.6768228217105896 0.9702905606277891 -0.4682734105786011
-0.6526505780780686 0.9649533347992145 -0.4749576348528588
-0.6284783344455476 0.9596161089706399 -0.4816418591271165
-0.6043060908130263 0.9542788831420653 -0.48832608340137423
-0.5801338471805054 0.9489416573134907 -0.4950103076756319
-0.5559616035479843 0.9436044314849161 -0.5016945319498896
-0.5317893599154633 0.9382672056563416 -0.5083787562241473
-0.5076171162829423 0.9329299798277669 -0.5150629804984049
-0.48344487265042113 0.9275927539991924 -0.5217472047726627
-0.4592726290179001 0.9222555281706178 -0.5284314290469204
-0.43510038538537904 0.9169183023420432 -0.535115653321178
-0.41092814175285797 0.9115810765134686 -0.5417998775954358
-0.3867558981203369 0.906243850684894 -0.5484841018696934
-0.3625836544878158 0.9009066248563194 -0.5551683261439512
-0.33841141085529486 0.8955693990277449 -0.5618525504182088
-0.3142391672227738 0.8902321731991703 -0.5685367746924666
-0.2900669235902527 0.8848949473705957 -0.5752209989667243
-0.26589467995773164 0.879557721542021 -0.5819052232409819
-0.24172243632521057 0.8742204957134465 -0.5885894475152397
-0.21755019269268958 0.868883269884872 -0.5952736717894973
-0.1933779490601685 0.8635460440562973 -0.601957896063755
-0.16920570542764743 0.8582088182277228 -0.6086421203380127
-0.14503346179512636 0.8528715923991481 -0.6153263446122704
-0.12086121816260528 0.8475343665705736 -0.6220105688865281
-0.0966889745300843 0.842197140741999 -0.6286947931607858
-0.07251673089756323 0.8368599149134244 -0.6353790174350434
-0.04834448726504215 0.8315226890848498 -0.6420632417093012
-0.024172243632521077 0.8261854632562752 -0.6487474659835589
0.0 0.8208482374277006 -0.6554316902578166
-0.9427175016683212 1.0454170094906636 -0.4078555773669229
-0.9185452580358001 1.040079783662089 -0.4145398016411806
-0.8943730144032791 1.0347425578335145 -0.4212240259154383
-0.8702007707707581 1.0294053320049399 -0.42790825018969597
-0.8460285271382371 1.0240681061763652 -0.43459247446395366
-0.8218562835057159 1.0187308803477908 -0.44127669873821135
-0.7976840398731949 1.0133936545192161 -0.4479609230124691
-0.7735117962406738 1.0080564286906415 -0.4546451472867268
-0.7493395526081529 1.002719202862067 -0.4613293715609844
-0.7251673089756318 0.9973819770334924 -0.46801359583524216
-0.7009950653431107 0.9920447512049178 -0.47469782010949985
-0.6768228217105896 0.9867075253763432 -0.48138204438375753
-0.6526505780780686 0.9813702995477687 -0.4880662686580152
-0.6284783344455476 0.976033073719194 -0.4947504929322729
-0.6043060908130263 0.9706958478906195 -0.5014347172065307
-0.5801338471805054 0.9653586220620448 -0.5081189414807883
-0.5559616035479843 0.9600213962334703 -0.514803165755046
-0.5317893599154633 0.9546841704048957 -0.5214873900293037
-0.5076171162829423 0.9493469445763211 -0.5281716143035614
-0.48344487265042113 0.9440097187477465 -0.5348558385778192
-0.4592726290179001 0.9386724929191719 -0.5415400628520768
-0.43510038538537904 0.9333352670905973 -0.5482242871263345
-0.41092814175285797 0.9279980412620228 -0.5549085114005922
-0.3867558981203369 0.9226608154334481 -0.5615927356748499
-0.3625836544878158 0.9173235896048736 -0.5682769599491075
-0.33841141085529486 0.9119863637762989 -0.5749611842233653
-0.3142391672227738 0.9066491379477244 -0.5816454084976229
-0.2900669235902527 0.9013119121191498 -0.5883296327718807
-0.26589467995773164 0.8959746862905752 -0.5950138570461384
-0.24172243632521057 0.8906374604620007 -0.601698081320396
-0.21755019269268958 0.885300234633426 -0.6083823055946538
-0.1933779490601685 0.8799630088048515 -0.6150665298689114
-0.16920570542764743 0.8746257829762769 -0.6217507541431692
-0.14503346179512636 0.8692885571477023 -0.6284349784174268
-0.12086121816260528 0.8639513313191277 -0.6351192026916845
-0.0966889745300843 0.8586141054905532 -0.6418034269659422
-0.07251673089756323 0.8532768796619785 -0.6484876512401999
-0.04834448726504215 0.847939653833404 -0.6551718755144577
-0.024172243632521077 0.8426024280048293 -0.6618560997887153
0.0 0.8372652021762548 -0.668540324062973
-0.9427175016683212 1.0618339742392175 -0.42096421117207916
-0.9185452580358001 1.0564967484106431 -0.42764843544633685
-0.8943730144032791 1.0511595225820685 -0.4343326597205946
-0.8702007707707581 1.0458222967534938 -0.4410168839948522
-0.8460285271382371 1.0404850709249194 -0.44770110826910997
-0.8218562835057159 1.0351478450963447 -0.45438533254336766
-0.7976840398731949 1.02981061926777 -0.46106955681762535
-0.7735117962406738 1.0244733934391954 -0.46775378109188304
-0.7493395526081529 1.019136167610621 -0.4744380053661407
-0.7251673089756318 1.0137989417820463 -0.4811222296403984
-0.7009950653431107 1.0084617159534717 -0.4878064539146561
-0.6768228217105896 1.0031244901248972 -0.49449067818891385
-0.6526505780780686 0.9977872642963226 -0.5011749024631715
-0.6284783344455476 0.992450038467748 -0.5078591267374292
-0.6043060908130263 0.9871128126391734 -0.5145433510116869
-0.5801338471805054 0.9817755868105988 -0.5212275752859447
-0.5559616035479843 0.9764383609820242 -0.5279117995602023
-0.5317893599154633 0.9711011351534496 -0.53459602383446
-0.5076171162829423 0.9657639093248751 -0.5412802481087177
-0.48344487265042113 0.9604266834963004 -0.5479644723829754
-0.4592726290179001 0.9550894576677259 -0.554648696657233
-0.43510038538537904 0.9497522318391513 -0.5613329209314908
-0.41092814175285797 0.9444150060105767 -0.5680171452057484
-0.3867558981203369 0.939077780182002 -0.5747013694800062
-0.3625836544878158 0.9337405543534275 -0.5813855937542639
-0.33841141085529486 0.928403328524853 -0.5880698180285215
-0.3142391672227738 0.9230661026962783 -0.5947540423027793
-0.2900669235902527 0.9177288768677038 -0.6014382665770369
-0.26589467995773164 0.9123916510391291 -0.6081224908512947
-0.24172243632521057 0.9070544252105546 -0.6148067151255523
-0.21755019269268958 0.90171719938198 -0.62149093939981
-0.1933779490601685 0.8963799735534054 -0.6281751636740677
-0.16920570542764743 0.8910427477248308 -0.6348593879483254
-0.14503346179512636 0.8857055218962562 -0.6415436122225832
-0.12086121816260528 0.8803682960676816 -0.6482278364968408
-0.0966889745300843 0.8750310702391071 -0.6549120607710985
-0.07251673089756323 0.8696938444105324 -0.6615962850453562
-0.04834448726504215 0.8643566185819579 -0.6682805093196139
-0.024172243632521077 0.8590193927533833 -0.6749647335938715
0.0 0.8536821669248087 -0.6816489578681293
-0.9427175016683212 1.0782509389877715 -0.4340728449772355
-0.9185452580358001 1.072913713159197 -0.44075706925149316
-0.8943730144032791 1.0675764873306224 -0.44744129352575085
-0.8702007707707581 1.0622392615020477 -0.45412551780000854
-0.8460285271382371 1.0569020356734733 -0.4608097420742662
-0.8218562835057159 1.0515648098448986 -0.4674939663485239
-0.7976840398731949 1.046227584016324 -0.47417819062278166
-0.7735117962406738 1.0408903581877496 -0.48086241489703935
-0.7493395526081529 1.035553132359175 -0.487546639171297
-0.7251673089756318 1.0302159065306002 -0.4942308634455547
-0.7009950653431107 1.0248786807020256 -0.5009150877198124
-0.6768228217105896 1.0195414548734512 -0.5075993119940702
-0.6526505780780686 1.0142042290448765 -0.5142835362683278
-0.6284783344455476 1.0088670032163018 -0.5209677605425855
-0.6043060908130263 1.0035297773877274 -0.5276519848168432
-0.5801338471805054 0.9981925515591528 -0.5343362090911009
-0.5559616035479843 0.9928553257305782 -0.5410204333653585
-0.5317893599154633 0.9875180999020036 -0.5477046576396163
-0.5076171162829423 0.982180874073429 -0.5543888819138739
-0.48344487265042113 0.9768436482448544 -0.5610731061881317
-0.4592726290179001 0.9715064224162798 -0.5677573304623894
-0.43510038538537904 0.9661691965877053 -0.574441554736647
-0.41092814175285797 0.9608319707591306 -0.5811257790109048
-0.3867558981203369 0.9554947449305561 -0.5878100032851624
-0.3625836544878158 0.9501575191019814 -0.5944942275594202
-0.33841141085529486 0.9448202932734069 -0.6011784518336778
-0.3142391672227738 0.9394830674448323 -0.6078626761079355
-0.2900669235902527 0.9341458416162577 -0.6145469003821933
-0.26589467995773164 0.9288086157876831 -0.6212311246564509
-0.24172243632521057 0.9234713899591085 -0.6279153489307087
-0.21755019269268958 0.918134164130534 -0.6345995732049663
-0.1933779490601685 0.9127969383019594 -0.641283797479224
-0.16920570542764743 0.9074597124733847 -0.6479680217534817
-0.14503346179512636 0.9021224866448102 -0.6546522460277394
-0.12086121816260528 0.8967852608162356 -0.661336470301997
-0.0966889745300843 0.891448034987661 -0.6680206945762548
-0.07251673089756323 0.8861108091590865 -0.6747049188505124
-0.04834448726504215 0.8807735833305118 -0.6813891431247702
-0.024172243632521077 0.8754363575019373 -0.6880733673990279
0.0 0.8700991316733626 -0.6947575916732855
-0.9427175016683212 1.0946679037363256 -0.4471814787823919
-0.9185452580358001 1.0893306779077512 -0.4538657030566496
-0.8943730144032791 1.0839934520791765 -0.46054992733090727
-0.8702007707707581 1.0786562262506019 -0.46723415160516496
-0.8460285271382371 1.0733190004220274 -0.47391837587942265
-0.8218562835057159 1.0679817745934528 -0.48060260015368034
-0.7976840398731949 1.0626445487648781 -0.4872868244279381
-0.7735117962406738 1.0573073229363037 -0.49397104870219577
-0.7493395526081529 1.051970097107729 -0.5006552729764534
-0.7251673089756318 1.0466328712791544 -0.5073394972507111
-0.7009950653431107 1.0412956454505797 -0.5140237215249688
-0.6768228217105896 1.0359584196220053 -0.5207079457992265
-0.6526505780780686 1.0306211937934306 -0.5273921700734843
-0.6284783344455476 1.025283967964856 -0.5340763943477419
-0.6043060908130263 1.0199467421362816 -0.5407606186219996
-0.5801338471805054 1.014609516307707 -0.5474448428962573
-0.5559616035479843 1.0092722904791323 -0.554129067170515
-0.5317893599154633 1.0039350646505578 -0.5608132914447727
-0.5076171162829423 0.9985978388219832 -0.5674975157190304
-0.48344487265042113 0.9932606129934085 -0.5741817399932881
-0.4592726290179001 0.987923387164834 -0.5808659642675458
-0.43510038538537904 0.9825861613362594 -0.5875501885418035
-0.41092814175285797 0.9772489355076848 -0.5942344128160612
-0.3867558981203369 0.9719117096791102 -0.6009186370903189
-0.3625836544878158 0.9665744838505356 -0.6076028613645765
-0.33841141085529486 0.961237258021961 -0.6142870856388343
-0.3142391672227738 0.9559000321933865 -0.6209713099130919
-0.2900669235902527 0.9505628063648118 -0.6276555341873497
-0.26589467995773164 0.9452255805362373 -0.6343397584616074
-0.24172243632521057 0.9398883547076626 -0.641023982735865
-0.21755019269268958 0.9345511288790881 -0.6477082070101228
-0.1933779490601685 0.9292139030505135 -0.6543924312843804
-0.16920570542764743 0.9238766772219389 -0.6610766555586381
-0.14503346179512636 0.9185394513933643 -0.6677608798328958
-0.12086121816260528 0.9132022255647897 -0.6744451041071535
-0.0966889745300843 0.9078649997362152 -0.6811293283814112
-0.07251673089756323 0.9025277739076406 -0.6878135526556689
-0.04834448726504215 0.897190548079066 -0.6944977769299266
-0.024172243632521077 0.8918533222504914 -0.7011820012041843
0.0 0.8865160964219168 -0.707866225478442
-0.9427175016683212 1.1110848684848798 -0.46029011258754815
-0.9185452580358001 1.105747642656305 -0.46697433686180584
-0.8943730144032791 1.1004104168277304 -0.4736585611360636
-0.8702007707707581 1.095073190999156 -0.4803427854103212
-0.8460285271382371 1.0897359651705814 -0.48702700968457896
-0.8218562835057159 1.0843987393420067 -0.49371123395883665
-0.7976840398731949 1.079061513513432 -0.5003954582330944
-0.7735117962406738 1.0737242876848576 -0.507079682507352
-0.7493395526081529 1.068387061856283 -0.5137639067816097
-0.7251673089756318 1.0630498360277083 -0.5204481310558674
-0.7009950653431107 1.0577126101991339 -0.5271323553301251
-0.6768228217105896 1.0523753843705592 -0.5338165796043828
-0.6526505780780686 1.0470381585419846 -0.5405008038786405
-0.6284783344455476 1.0417009327134101 -0.5471850281528982
-0.6043060908130263 1.0363637068848355 -0.5538692524271559
-0.5801338471805054 1.0310264810562608 -0.5605534767014136
-0.5559616035479843 1.0256892552276862 -0.5672377009756713
-0.5317893599154633 1.0203520293991117 -0.573921925249929
-0.5076171162829423 1.015014803570537 -0.5806061495241867
-0.48344487265042113 1.0096775777419624 -0.5872903737984444
-0.4592726290179001 1.004340351913388 -0.593974598072702
-0.43510038538537904 0.9990031260848133 -0.6006588223469598
-0.41092814175285797 0.9936659002562387 -0.6073430466212174
-0.3867558981203369 0.9883286744276641 -0.6140272708954752
-0.3625836544878158 0.9829914485990895 -0.6207114951697329
-0.33841141085529486 0.977654222770515 -0.6273957194439905
-0.3142391672227738 0.9723169969419404 -0.6340799437182483
-0.2900669235902527 0.9669797711133657 -0.6407641679925059
-0.26589467995773164 0.9616425452847912 -0.6474483922667637
-0.24172243632521057 0.9563053194562166 -0.6541326165410213
-0.21755019269268958 0.950968093627642 -0.660816840815279
-0.1933779490601685 0.9456308677990675 -0.6675010650895367
-0.16920570542764743 0.9402936419704928 -0.6741852893637944
-0.14503346179512636 0.9349564161419183 -0.6808695136380521
-0.12086121816260528 0.9296191903133437 -0.6875537379123098
-0.0966889745300843 0.9242819644847691 -0.6942379621865675
-0.07251673089756323 0.9189447386561945 -0.7009221864608252
-0.04834448726504215 0.9136075128276199 -0.7076064107350829
-0.024172243632521077 0.9082702869990453 -0.7142906350093405
0.0 0.9029330611704708 -0.7209748592835983
-0.9427175016683212 1.1275018332334337 -0.47339874639270446
-0.9185452580358001 1.122164607404859 -0.48008297066696215
-0.8943730144032791 1.1168273815762844 -0.48676719494121984
-0.8702007707707581 1.11149015574771 -0.4934514192154775
-0.8460285271382371 1.1061529299191353 -0.5001356434897353
-0.8218562835057159 1.1008157040905606 -0.5068198677639929
-0.7976840398731949 1.095478478261986 -0.5135040920382506
-0.7735117962406738 1.0901412524334115 -0.5201883163125083
-0.7493395526081529 1.0848040266048369 -0.526872540586766
-0.7251673089756318 1.0794668007762622 -0.5335567648610237
-0.7009950653431107 1.0741295749476878 -0.5402409891352814
-0.6768228217105896 1.0687923491191131 -0.5469252134095391
-0.6526505780780686 1.0634551232905385 -0.5536094376837968
-0.6284783344455476 1.058117897461964 -0.5602936619580545
-0.6043060908130263 1.0527806716333894 -0.5669778862323122
-0.5801338471805054 1.0474434458048147 -0.5736621105065699
-0.5559616035479843 1.04210621997624 -0.5803463347808275
-0.5317893599154633 1.0367689941476657 -0.5870305590550853
-0.5076171162829423 1.031431768319091 -0.5937147833293429
-0.48344487265042113 1.0260945424905163 -0.6003990076036007
-0.4592726290179001 1.020757316661942 -0.6070832318778584
-0.43510038538537904 1.0154200908333673 -0.613767456152116
-0.41092814175285797 1.0100828650047926 -0.6204516804263738
-0.3867558981203369 1.0047456391762182 -0.6271359047006314
-0.3625836544878158 0.9994084133476435 -0.6338201289748892
-0.33841141085529486 0.9940711875190689 -0.6405043532491468
-0.3142391672227738 0.9887339616904943 -0.6471885775234045
-0.2900669235902527 0.9833967358619198 -0.6538728017976623
-0.26589467995773164 0.9780595100333451 -0.6605570260719199
-0.24172243632521057 0.9727222842047706 -0.6672412503461777
-0.21755019269268958 0.967385058376196 -0.6739254746204353
-0.1933779490601685 0.9620478325476214 -0.680609698894693
-0.16920570542764743 0.9567106067190468 -0.6872939231689507
-0.14503346179512636 0.9513733808904722 -0.6939781474432084
-0.12086121816260528 0.9460361550618976 -0.7006623717174661
-0.0966889745300843 0.9406989292333231 -0.7073465959917238
-0.07251673089756323 0.9353617034047484 -0.7140308202659814
-0.04834448726504215 0.9300244775761739 -0.7207150445402392
-0.024172243632521077 0.9246872517475992 -0.7273992688144969
0.0 0.9193500259190247 -0.7340834930887545
-0.9427175016683212 1.1439187979819878 -0.4865073801978609
-0.9185452580358001 1.1385815721534132 -0.49319160447211857
-0.8943730144032791 1.1332443463248385 -0.49987582874637626
-0.8702007707707581 1.127907120496264 -0.5065600530206339
-0.8460285271382371 1.1225698946676894 -0.5132442772948916
-0.8218562835057159 1.1172326688391148 -0.5199285015691494
-0.7976840398731949 1.11189544301054 -0.526612725843407
-0.7735117962406738 1.1065582171819657 -0.5332969501176648
-0.7493395526081529 1.101220991353391 -0.5399811743919224
-0.7251673089756318 1.0958837655248164 -0.5466653986661801
-0.7009950653431107 1.090546539696242 -0.5533496229404378
-0.6768228217105896 1.0852093138676673 -0.5600338472146955
-0.6526505780780686 1.0798720880390926 -0.5667180714889533
-0.6284783344455476 1.0745348622105182 -0.5734022957632109
-0.6043060908130263 1.0691976363819435 -0.5800865200374686
-0.5801338471805054 1.0638604105533689 -0.5867707443117263
-0.5559616035479843 1.0585231847247942 -0.593454968585984
-0.5317893599154633 1.0531859588962198 -0.6001391928602416
-0.5076171162829423 1.0478487330676451 -0.6068234171344994
-0.48344487265042113 1.0425115072390705 -0.6135076414087571
-0.4592726290179001 1.037174281410496 -0.6201918656830148
-0.43510038538537904 1.0318370555819214 -0.6268760899572725
-0.41092814175285797 1.0264998297533467 -0.6335603142315301
-0.3867558981203369 1.0211626039247723 -0.6402445385057879
-0.3625836544878158 1.0158253780961977 -0.6469287627800455
-0.33841141085529486 1.010488152267623 -0.6536129870543033
-0.3142391672227738 1.0051509264390484 -0.6602972113285609
-0.2900669235902527 0.9998137006104738 -0.6669814356028186
-0.26589467995773164 0.9944764747818993 -0.6736656598770764
-0.24172243632521057 0.9891392489533247 -0.680349884151334
-0.21755019269268958 0.9838020231247501 -0.6870341084255918
-0.1933779490601685 0.9784647972961755 -0.6937183326998494
-0.16920570542764743 0.973127571467601 -0.7004025569741071
-0.14503346179512636 0.9677903456390263 -0.7070867812483648
-0.12086121816260528 0.9624531198104518 -0.7137710055226225
-0.0966889745300843 0.9571158939818771 -0.7204552297968801
-0.07251673089756323 0.9517786681533026 -0.7271394540711379
-0.04834448726504215 0.946441442324728 -0.7338236783453956
-0.024172243632521077 0.9411042164961534 -0.7405079026196533
0.0 0.9357669906675788 -0.747192126893911
-0.9427175016683212 1.1603357627305417 -0.49961601400301714
-0.9185452580358001 1.154998536901967 -0.5063002382772749
-0.8943730144032791 1.1496613110733924 -0.5129844625515325
-0.8702007707707581 1.144324085244818 -0.5196686868257903
-0.8460285271382371 1.1389868594162433 -0.5263529111000479
-0.8218562835057159 1.1336496335876687 -0.5330371353743056
-0.7976840398731949 1.1283124077590942 -0.5397213596485634
-0.7735117962406738 1.1229751819305196 -0.546405583922821
-0.7493395526081529 1.117637956101945 -0.5530898081970786
-0.7251673089756318 1.1123007302733705 -0.5597740324713364
-0.7009950653431107 1.1069635044447959 -0.5664582567455941
-0.6768228217105896 1.1016262786162212 -0.5731424810198518
-0.6526505780780686 1.0962890527876465 -0.5798267052941095
-0.6284783344455476 1.0909518269590721 -0.5865109295683671
-0.6043060908130263 1.0856146011304975 -0.5931951538426249
-0.5801338471805054 1.0802773753019228 -0.5998793781168826
-0.5559616035479843 1.0749401494733484 -0.6065636023911403
-0.5317893599154633 1.0696029236447737 -0.613247826665398
-0.5076171162829423 1.064265697816199 -0.6199320509396556
-0.48344487265042113 1.0589284719876244 -0.6266162752139134
-0.4592726290179001 1.05359124615905 -0.633300499488171
-0.43510038538537904 1.0482540203304753 -0.6399847237624288
-0.41092814175285797 1.0429167945019007 -0.6466689480366864
-0.3867558981203369 1.0375795686733262 -0.6533531723109441
-0.3625836544878158 1.0322423428447516 -0.6600373965852019
-0.33841141085529486 1.026905117016177 -0.6667216208594595
-0.3142391672227738 1.0215678911876025 -0.6734058451337173
-0.2900669235902527 1.0162306653590278 -0.6800900694079749
-0.26589467995773164 1.0108934395304532 -0.6867742936822326
-0.24172243632521057 1.0055562137018785 -0.6934585179564903
-0.21755019269268958 1.000218987873304 -0.700142742230748
-0.1933779490601685 0.9948817620447294 -0.7068269665050056
-0.16920570542764743 0.9895445362161549 -0.7135111907792634
-0.14503346179512636 0.9842073103875802 -0.7201954150535211
-0.12086121816260528 0.9788700845590057 -0.7268796393277788
-0.0966889745300843 0.9735328587304312 -0.7335638636020365
-0.07251673089756323 0.9681956329018565 -0.7402480878762941
-0.04834448726504215 0.962858407073282 -0.7469323121505519
-0.024172243632521077 0.9575211812447073 -0.7536165364248095
0.0 0.9521839554161328 -0.7603007606990673
-0.9427175016683212 1.1767527274790957 -0.5127246478081734
-0.9185452580358001 1.171415501650521 -0.5194088720824311
-0.8943730144032791 1.1660782758219466 -0.5260930963566889
-0.8702007707707581 1.160741049993372 -0.5327773206309465
-0.8460285271382371 1.1554038241647973 -0.5394615449052043
-0.8218562835057159 1.1500665983362226 -0.5461457691794619
-0.7976840398731949 1.1447293725076482 -0.5528299934537196
-0.7735117962406738 1.1393921466790735 -0.5595142177279773
-0.7493395526081529 1.1340549208504989 -0.566198442002235
-0.7251673089756318 1.1287176950219244 -0.5728826662764926
-0.7009950653431107 1.1233804691933498 -0.5795668905507504
-0.6768228217105896 1.1180432433647751 -0.5862511148250081
-0.6526505780780686 1.1127060175362007 -0.5929353390992658
-0.6284783344455476 1.107368791707626 -0.5996195633735235
-0.6043060908130263 1.1020315658790514 -0.6063037876477811
-0.5801338471805054 1.0966943400504767 -0.6129880119220389
-0.5559616035479843 1.0913571142219023 -0.6196722361962965
-0.5317893599154633 1.0860198883933276 -0.6263564604705543
-0.5076171162829423 1.080682662564753 -0.6330406847448119
-0.48344487265042113 1.0753454367361786 -0.6397249090190696
-0.4592726290179001 1.070008210907604 -0.6464091332933274
-0.43510038538537904 1.0646709850790292 -0.653093357567585
-0.41092814175285797 1.0593337592504548 -0.6597775818418428
-0.3867558981203369 1.0539965334218802 -0.6664618061161004
-0.3625836544878158 1.0486593075933055 -0.6731460303903581
-0.33841141085529486 1.0433220817647308 -0.6798302546646158
-0.3142391672227738 1.0379848559361564 -0.6865144789388735
-0.2900669235902527 1.0326476301075818 -0.6931987032131313
-0.26589467995773164 1.027310404279007 -0.6998829274873889
-0.24172243632521057 1.0219731784504327 -0.7065671517616466
-0.21755019269268958 1.016635952621858 -0.7132513760359043
-0.1933779490601685 1.0112987267932834 -0.719935600310162
-0.16920570542764743 1.005961500964709 -0.7266198245844196
-0.14503346179512636 1.0006242751361343 -0.7333040488586774
-0.12086121816260528 0.9952870493075596 -0.7399882731329351
-0.0966889745300843 0.9899498234789851 -0.7466724974071928
-0.07251673089756323 0.9846125976504105 -0.7533567216814505
-0.04834448726504215 0.9792753718218359 -0.7600409459557081
-0.024172243632521077 0.9739381459932613 -0.7667251702299659
0.0 0.9686009201646867 -0.7734093945042235
-0.9427175016683212 1.1931696922276498 -0.5258332816133299
-0.9185452580358001 1.1878324663990751 -0.5325175058875875
-0.8943730144032791 1.1824952405705005 -0.5392017301618452
-0.8702007707707581 1.177158014741926 -0.5458859544361029
-0.8460285271382371 1.1718207889133514 -0.5525701787103606
-0.8218562835057159 1.1664835630847767 -0.5592544029846184
-0.7976840398731949 1.1611463372562023 -0.565938627258876
-0.7735117962406738 1.1558091114276277 -0.5726228515331337
-0.7493395526081529 1.150471885599053 -0.5793070758073914
-0.7251673089756318 1.1451346597704786 -0.5859913000816491
-0.7009950653431107 1.139797433941904 -0.5926755243559068
-0.6768228217105896 1.1344602081133293 -0.5993597486301645
-0.6526505780780686 1.1291229822847546 -0.6060439729044222
-0.6284783344455476 1.1237857564561802 -0.6127281971786799
-0.6043060908130263 1.1184485306276055 -0.6194124214529376
-0.5801338471805054 1.1131113047990309 -0.6260966457271953
-0.5559616035479843 1.1077740789704564 -0.632780870001453
-0.5317893599154633 1.1024368531418818 -0.6394650942757106
-0.5076171162829423 1.0970996273133071 -0.6461493185499684
-0.48344487265042113 1.0917624014847327 -0.6528335428242261
-0.4592726290179001 1.086425175656158 -0.6595177670984838
-0.43510038538537904 1.0810879498275834 -0.6662019913727415
-0.41092814175285797 1.0757507239990087 -0.6728862156469991
-0.3867558981203369 1.0704134981704343 -0.6795704399212569
-0.3625836544878158 1.0650762723418596 -0.6862546641955146
-0.33841141085529486 1.059739046513285 -0.6929388884697723
-0.3142391672227738 1.0544018206847106 -0.69962311274403
-0.2900669235902527 1.049064594856136 -0.7063073370182876
-0.26589467995773164 1.0437273690275612 -0.7129915612925454
-0.24172243632521057 1.0383901431989868 -0.719675785566803
-0.21755019269268958 1.0330529173704122 -0.7263600098410607
-0.1933779490601685 1.0277156915418375 -0.7330442341153184
-0.16920570542764743 1.022378465713263 -0.7397284583895761
-0.14503346179512636 1.0170412398846884 -0.7464126826638339
-0.12086121816260528 1.0117040140561138 -0.7530969069380915
-0.0966889745300843 1.006366788227539 -0.7597811312123491
-0.07251673089756323 1.0010295623989647 -0.7664653554866069
-0.04834448726504215 0.99569233657039 -0.7731495797608646
-0.024172243632521077 0.9903551107418155 -0.7798338040351223
0.0 0.9850178849132408 -0.78651802830938
-0.9427175016683212 1.2095866569762037 -0.5389419154184861
-0.9185452580358001 1.204249431147629 -0.5456261396927439
-0.8943730144032791 1.1989122053190546 -0.5523103639670015
-0.8702007707707581 1.19357497949048 -0.5589945882412592
-0.8460285271382371 1.1882377536619053 -0.5656788125155169
-0.8218562835057159 1.1829005278333309 -0.5723630367897746
-0.7976840398731949 1.1775633020047562 -0.5790472610640324
-0.7735117962406738 1.1722260761761816 -0.58573148533829
-0.7493395526081529 1.1668888503476071 -0.5924157096125476
-0.7251673089756318 1.1615516245190325 -0.5990999338868054
-0.7009950653431107 1.1562143986904578 -0.6057841581610631
-0.6768228217105896 1.1508771728618832 -0.6124683824353208
-0.6526505780780686 1.1455399470333087 -0.6191526067095785
-0.6284783344455476 1.140202721204734 -0.6258368309838361
-0.6043060908130263 1.1348654953761594 -0.6325210552580939
-0.5801338471805054 1.129528269547585 -0.6392052795323516
-0.5559616035479843 1.1241910437190104 -0.6458895038066093
-0.5317893599154633 1.1188538178904357 -0.652573728080867
-0.5076171162829423 1.1135165920618613 -0.6592579523551246
-0.48344487265042113 1.1081793662332866 -0.6659421766293824
-0.4592726290179001 1.102842140404712 -0.67262640090364
-0.43510038538537904 1.0975049145761373 -0.6793106251778978
-0.41092814175285797 1.0921676887475629 -0.6859948494521555
-0.3867558981203369 1.0868304629189882 -0.6926790737264131
-0.3625836544878158 1.0814932370904136 -0.6993632980006709
-0.33841141085529486 1.0761560112618391 -0.7060475222749285
-0.3142391672227738 1.0708187854332645 -0.7127317465491863
-0.2900669235902527 1.0654815596046898 -0.7194159708234439
-0.26589467995773164 1.0601443337761152 -0.7261001950977016
-0.24172243632521057 1.0548071079475407 -0.7327844193719594
-0.21755019269268958 1.049469882118966 -0.739468643646217
-0.1933779490601685 1.0441326562903914 -0.7461528679204747
-0.16920570542764743 1.038795430461817 -0.7528370921947324
-0.14503346179512636 1.0334582046332423 -0.7595213164689901
-0.12086121816260528 1.0281209788046677 -0.7662055407432478
-0.0966889745300843 1.0227837529760933 -0.7728897650175055
-0.07251673089756323 1.0174465271475186 -0.7795739892917631
-0.04834448726504215 1.012109301318944 -0.7862582135660209
-0.024172243632521077 1.0067720754903693 -0.7929424378402786
0.0 1.0014348496617949 -0.7996266621145363
-0.9427175016683212 1.2260036217247576 -0.5520505492236424
-0.9185452580358001 1.220666395896183 -0.5587347734979001
-0.8943730144032791 1.2153291700676085 -0.5654189977721579
-0.8702007707707581 1.209991944239034 -0.5721032220464155
-0.8460285271382371 1.2046547184104592 -0.5787874463206732
-0.8218562835057159 1.1993174925818848 -0.5854716705949309
-0.7976840398731949 1.1939802667533101 -0.5921558948691886
-0.7735117962406738 1.1886430409247355 -0.5988401191434463
-0.7493395526081529 1.183305815096161 -0.605524343417704
-0.7251673089756318 1.1779685892675864 -0.6122085676919616
-0.7009950653431107 1.1726313634390118 -0.6188927919662194
-0.6768228217105896 1.1672941376104373 -0.6255770162404771
-0.6526505780780686 1.1619569117818627 -0.6322612405147348
-0.6284783344455476 1.156619685953288 -0.6389454647889925
-0.6043060908130263 1.1512824601247134 -0.6456296890632501
-0.5801338471805054 1.145945234296139 -0.6523139133375079
-0.5559616035479843 1.1406080084675643 -0.6589981376117655
-0.5317893599154633 1.1352707826389896 -0.6656823618860233
-0.5076171162829423 1.1299335568104152 -0.6723665861602809
-0.48344487265042113 1.1245963309818405 -0.6790508104345386
-0.4592726290179001 1.1192591051532659 -0.6857350347087964
-0.43510038538537904 1.1139218793246914 -0.692419258983054
-0.41092814175285797 1.1085846534961168 -0.6991034832573118
-0.3867558981203369 1.1032474276675421 -0.7057877075315694
-0.3625836544878158 1.0979102018389675 -0.7124719318058271
-0.33841141085529486 1.092572976010393 -0.7191561560800848
-0.3142391672227738 1.0872357501818184 -0.7258403803543425
-0.2900669235902527 1.0818985243532437 -0.7325246046286003
-0.26589467995773164 1.0765612985246693 -0.7392088289028579
-0.24172243632521057 1.0712240726960947 -0.7458930531771156
-0.21755019269268958 1.06588684686752 -0.7525772774513733
-0.1933779490601685 1.0605496210389456 -0.759261501725631
-0.16920570542764743 1.055212395210371 -0.7659457259998886
-0.14503346179512636 1.0498751693817963 -0.7726299502741464
-0.12086121816260528 1.0445379435532216 -0.7793141745484041
-0.0966889745300843 1.0392007177246472 -0.7859983988226618
-0.07251673089756323 1.0338634918960725 -0.7926826230969195
-0.04834448726504215 1.0285262660674979 -0.7993668473711771
-0.024172243632521077 1.0231890402389234 -0.8060510716454349
0.0 1.0178518144103488 -0.8127352959196925
-0.9427175016683212 1.2424205864733118 -0.5651591830287989
-0.9185452580358001 1.2370833606447371 -0.5718434073030565
-0.8943730144032791 1.2317461348161627 -0.5785276315773142
-0.8702007707707581 1.226408908987588 -0.5852118558515719
-0.8460285271382371 1.2210716831590134 -0.5918960801258296
-0.8218562835057159 1.215734457330439 -0.5985803044000874
-0.7976840398731949 1.2103972315018643 -0.605264528674345
-0.7735117962406738 1.2050600056732896 -0.6119487529486027
-0.7493395526081529 1.1997227798447152 -0.6186329772228604
-0.7251673089756318 1.1943855540161405 -0.6253172014971181
-0.7009950653431107 1.189048328187566 -0.6320014257713757
-0.6768228217105896 1.1837111023589912 -0.6386856500456335
-0.6526505780780686 1.1783738765304168 -0.6453698743198912
-0.6284783344455476 1.1730366507018422 -0.6520540985941489
-0.6043060908130263 1.1676994248732675 -0.6587383228684066
-0.5801338471805054 1.162362199044693 -0.6654225471426642
-0.5559616035479843 1.1570249732161184 -0.672106771416922
-0.5317893599154633 1.1516877473875438 -0.6787909956911796
-0.5076171162829423 1.1463505215589693 -0.6854752199654374
-0.48344487265042113 1.1410132957303947 -0.6921594442396951
-0.4592726290179001 1.13567606990182 -0.6988436685139527
-0.43510038538537904 1.1303388440732454 -0.7055278927882105
-0.41092814175285797 1.125001618244671 -0.7122121170624681
-0.3867558981203369 1.1196643924160963 -0.7188963413367259
-0.3625836544878158 1.1143271665875216 -0.7255805656109836
-0.33841141085529486 1.1089899407589472 -0.7322647898852412
-0.3142391672227738 1.1036527149303725 -0.738949014159499
-0.2900669235902527 1.0983154891017979 -0.7456332384337566
-0.26589467995773164 1.0929782632732234 -0.7523174627080144
-0.24172243632521057 1.0876410374446488 -0.759001686982272
-0.21755019269268958 1.0823038116160741 -0.7656859112565297
-0.1933779490601685 1.0769665857874995 -0.7723701355307874
-0.16920570542764743 1.071629359958925 -0.7790543598050451
-0.14503346179512636 1.0662921341303504 -0.7857385840793029
-0.12086121816260528 1.0609549083017757 -0.7924228083535605
-0.0966889745300843 1.0556176824732013 -0.7991070326278181
-0.07251673089756323 1.0502804566446267 -0.8057912569020759
-0.04834448726504215 1.044943230816052 -0.8124754811763336
-0.024172243632521077 1.0396060049874776 -0.8191597054505912
0.0 1.034268779158903 -0.825843929724849
-0.9427175016683212 1.2588375512218657 -0.5782678168339551
-0.9185452580358001 1.2535003253932913 -0.5849520411082129
-0.8943730144032791 1.2481630995647166 -0.5916362653824705
-0.8702007707707581 1.242825873736142 -0.5983204896567282
-0.8460285271382371 1.2374886479075675 -0.6050047139309859
-0.8218562835057159 1.2321514220789929 -0.6116889382052436
-0.7976840398731949 1.2268141962504182 -0.6183731624795014
-0.7735117962406738 1.2214769704218436 -0.625057386753759
-0.7493395526081529 1.2161397445932691 -0.6317416110280166
-0.7251673089756318 1.2108025187646945 -0.6384258353022744
-0.7009950653431107 1.2054652929361198 -0.6451100595765321
-0.6768228217105896 1.2001280671075454 -0.6517942838507897
-0.6526505780780686 1.1947908412789707 -0.6584785081250475
-0.6284783344455476 1.189453615450396 -0.6651627323993051
-0.6043060908130263 1.1841163896218214 -0.6718469566735629
-0.5801338471805054 1.178779163793247 -0.6785311809478206
-0.5559616035479843 1.1734419379646723 -0.6852154052220782
-0.5317893599154633 1.1681047121360977 -0.691899629496336
-0.5076171162829423 1.1627674863075232 -0.6985838537705936
-0.48344487265042113 1.1574302604789486 -0.7052680780448514
-0.4592726290179001 1.152093034650374 -0.711952302319109
-0.43510038538537904 1.1467558088217995 -0.7186365265933667
-0.41092814175285797 1.1414185829932249 -0.7253207508676245
-0.3867558981203369 1.1360813571646502 -0.7320049751418821
-0.3625836544878158 1.1307441313360755 -0.7386891994161399
-0.33841141085529486 1.125406905507501 -0.7453734236903975
-0.3142391672227738 1.1200696796789265 -0.7520576479646552
-0.2900669235902527 1.1147324538503518 -0.7587418722389129
-0.26589467995773164 1.1093952280217774 -0.7654260965131706
-0.24172243632521057 1.1040580021932027 -0.7721103207874284
-0.21755019269268958 1.098720776364628 -0.778794545061686
-0.1933779490601685 1.0933835505360536 -0.7854787693359437
-0.16920570542764743 1.088046324707479 -0.7921629936102014
-0.14503346179512636 1.0827090988789043 -0.7988472178844591
-0.12086121816260528 1.0773718730503297 -0.8055314421587167
-0.0966889745300843 1.0720346472217552 -0.8122156664329745
-0.07251673089756323 1.0666974213931806 -0.8188998907072321
-0.04834448726504215 1.061360195564606 -0.8255841149814899
-0.024172243632521077 1.0560229697360315 -0.8322683392557476
0.0 1.0506857439074568 -0.8389525635300052
-0.9427175016683212 1.2752545159704196 -0.5913764506391114
-0.9185452580358001 1.2699172901418452 -0.5980606749133691
-0.8943730144032791 1.2645800643132705 -0.6047448991876269
-0.8702007707707581 1.2592428384846959 -0.6114291234618845
-0.8460285271382371 1.2539056126561214 -0.6181133477361422
-0.8218562835057159 1.2485683868275468 -0.6247975720103999
-0.7976840398731949 1.2432311609989721 -0.6314817962846576
-0.7735117962406738 1.2378939351703977 -0.6381660205589152
-0.7493395526081529 1.232556709341823 -0.644850244833173
-0.7251673089756318 1.2272194835132484 -0.6515344691074306
-0.7009950653431107 1.2218822576846737 -0.6582186933816884
-0.6768228217105896 1.2165450318560993 -0.6649029176559461
-0.6526505780780686 1.2112078060275246 -0.6715871419302037
-0.6284783344455476 1.20587058019895 -0.6782713662044615
-0.6043060908130263 1.2005333543703756 -0.6849555904787191
-0.5801338471805054 1.195196128541801 -0.6916398147529769
-0.5559616035479843 1.1898589027132263 -0.6983240390272345
-0.5317893599154633 1.1845216768846518 -0.7050082633014922
-0.5076171162829423 1.1791844510560772 -0.7116924875757499
-0.48344487265042113 1.1738472252275025 -0.7183767118500076
-0.4592726290179001 1.1685099993989279 -0.7250609361242654
-0.43510038538537904 1.1631727735703534 -0.731745160398523
-0.41092814175285797 1.1578355477417788 -0.7384293846727807
-0.3867558981203369 1.1524983219132041 -0.7451136089470384
-0.3625836544878158 1.1471610960846297 -0.7517978332212961
-0.33841141085529486 1.141823870256055 -0.7584820574955538
-0.3142391672227738 1.1364866444274804 -0.7651662817698115
-0.2900669235902527 1.131149418598906 -0.7718505060440692
-0.26589467995773164 1.1258121927703313 -0.7785347303183269
-0.24172243632521057 1.1204749669417566 -0.7852189545925846
-0.21755019269268958 1.115137741113182 -0.7919031788668423
-0.1933779490601685 1.1098005152846075 -0.7985874031411
-0.16920570542764743 1.104463289456033 -0.8052716274153576
-0.14503346179512636 1.0991260636274582 -0.8119558516896154
-0.12086121816260528 1.0937888377988838 -0.8186400759638731
-0.0966889745300843 1.0884516119703092 -0.8253243002381307
-0.07251673089756323 1.0831143861417345 -0.8320085245123885
-0.04834448726504215 1.07777716031316 -0.8386927487866461
-0.024172243632521077 1.0724399344845854 -0.8453769730609039
0.0 1.0671027086560108 -0.8520611973351615
-0.9427175016683212 1.2916714807189738 -0.6044850844442679
-0.9185452580358001 1.2863342548903993 -0.6111693087185255
-0.8943730144032791 1.2809970290618247 -0.6178535329927832
-0.8702007707707581 1.27565980323325 -0.6245377572670409
-0.8460285271382371 1.2703225774046756 -0.6312219815412986
-0.8218562835057159 1.264985351576101 -0.6379062058155563
-0.7976840398731949 1.2596481257475263 -0.644590430089814
-0.7735117962406738 1.2543108999189516 -0.6512746543640717
-0.7493395526081529 1.2489736740903772 -0.6579588786383294
-0.7251673089756318 1.2436364482618025 -0.6646431029125871
-0.7009950653431107 1.2382992224332279 -0.6713273271868447
-0.6768228217105896 1.2329619966046534 -0.6780115514611025
-0.6526505780780686 1.2276247707760788 -0.6846957757353602
-0.6284783344455476 1.2222875449475041 -0.6913800000096179
-0.6043060908130263 1.2169503191189295 -0.6980642242838756
-0.5801338471805054 1.211613093290355 -0.7047484485581332
-0.5559616035479843 1.2062758674617804 -0.711432672832391
-0.5317893599154633 1.2009386416332057 -0.7181168971066486
-0.5076171162829423 1.1956014158046313 -0.7248011213809064
-0.48344487265042113 1.1902641899760567 -0.7314853456551641
-0.4592726290179001 1.184926964147482 -0.7381695699294217
-0.43510038538537904 1.1795897383189076 -0.7448537942036795
-0.41092814175285797 1.174252512490333 -0.7515380184779371
-0.3867558981203369 1.1689152866617583 -0.7582222427521949
-0.3625836544878158 1.1635780608331838 -0.7649064670264526
-0.33841141085529486 1.1582408350046092 -0.7715906913007102
-0.3142391672227738 1.1529036091760345 -0.778274915574968
-0.2900669235902527 1.1475663833474599 -0.7849591398492256
-0.26589467995773164 1.1422291575188854 -0.7916433641234834
-0.24172243632521057 1.1368919316903108 -0.798327588397741
-0.21755019269268958 1.1315547058617361 -0.8050118126719987
-0.1933779490601685 1.1262174800331617 -0.8116960369462564
-0.16920570542764743 1.120880254204587 -0.8183802612205141
-0.14503346179512636 1.1155430283760124 -0.8250644854947718
-0.12086121816260528 1.110205802547438 -0.8317487097690295
-0.0966889745300843 1.1048685767188633 -0.8384329340432872
-0.07251673089756323 1.0995313508902886 -0.8451171583175449
-0.04834448726504215 1.0941941250617142 -0.8518013825918026
-0.024172243632521077 1.0888568992331396 -0.8584856068660602
0.0 1.083519673404565 -0.865169831140318
-0.9427175016683212 1.3080884454675277 -0.6175937182494241
-0.9185452580358001 1.3027512196389532 -0.6242779425236819
-0.8943730144032791 1.2974139938103786 -0.6309621667979395
-0.8702007707707581 1.292076767981804 -0.6376463910721972
-0.8460285271382371 1.2867395421532295 -0.6443306153464549
-0.8218562835057159 1.2814023163246548 -0.6510148396207126
-0.7976840398731949 1.2760650904960802 -0.6576990638949703
-0.7735117962406738 1.2707278646675058 -0.664383288169228
-0.7493395526081529 1.265390638838931 -0.6710675124434856
-0.7251673089756318 1.2600534130103564 -0.6777517367177434
-0.7009950653431107 1.2547161871817818 -0.6844359609920011
-0.6768228217105896 1.2493789613532074 -0.6911201852662587
-0.6526505780780686 1.2440417355246327 -0.6978044095405165
-0.6284783344455476 1.238704509696058 -0.7044886338147741
-0.6043060908130263 1.2333672838674836 -0.7111728580890319
-0.5801338471805054 1.228030058038909 -0.7178570823632896
-0.5559616035479843 1.2226928322103343 -0.7245413066375472
-0.5317893599154633 1.2173556063817599 -0.731225530911805
-0.5076171162829423 1.2120183805531852 -0.7379097551860626
-0.48344487265042113 1.2066811547246106 -0.7445939794603204
-0.4592726290179001 1.2013439288960361 -0.751278203734578
-0.43510038538537904 1.1960067030674615 -0.7579624280088357
-0.41092814175285797 1.1906694772388868 -0.7646466522830935
-0.3867558981203369 1.1853322514103122 -0.7713308765573511
-0.3625836544878158 1.1799950255817377 -0.7780151008316089
-0.33841141085529486 1.174657799753163 -0.7846993251058665
-0.3142391672227738 1.1693205739245884 -0.7913835493801242
-0.2900669235902527 1.163983348096014 -0.7980677736543819
-0.26589467995773164 1.1586461222674393 -0.8047519979286396
-0.24172243632521057 1.1533088964388647 -0.8114362222028974
-0.21755019269268958 1.1479716706102903 -0.818120446477155
-0.1933779490601685 1.1426344447817156 -0.8248046707514127
-0.16920570542764743 1.137297218953141 -0.8314888950256704
-0.14503346179512636 1.1319599931245663 -0.8381731192999281
-0.12086121816260528 1.1266227672959919 -0.8448573435741857
-0.0966889745300843 1.1212855414674172 -0.8515415678484435
-0.07251673089756323 1.1159483156388426 -0.8582257921227011
-0.04834448726504215 1.1106110898102681 -0.8649100163969589
-0.024172243632521077 1.1052738639816935 -0.8715942406712166
0.0 1.0999366381531188 -0.8782784649454742
-0.9427175016683212 1.3245054102160818 -0.6307023520545804
-0.9185452580358001 1.3191681843875072 -0.6373865763288381
-0.8943730144032791 1.3138309585589325 -0.6440708006030958
-0.8702007707707581 1.308493732730358 -0.6507550248773535
-0.8460285271382371 1.3031565069017834 -0.6574392491516112
-0.8218562835057159 1.2978192810732088 -0.6641234734258689
-0.7976840398731949 1.292482055244634 -0.6708076977001266
-0.7735117962406738 1.2871448294160597 -0.6774919219743842
-0.7493395526081529 1.281807603587485 -0.684176146248642
-0.7251673089756318 1.2764703777589104 -0.6908603705228996
-0.7009950653431107 1.271133151930336 -0.6975445947971574
-0.6768228217105896 1.2657959261017613 -0.7042288190714151
-0.6526505780780686 1.2604587002731866 -0.7109130433456727
-0.6284783344455476 1.2551214744446122 -0.7175972676199305
-0.6043060908130263 1.2497842486160375 -0.7242814918941881
-0.5801338471805054 1.2444470227874629 -0.7309657161684459
-0.5559616035479843 1.2391097969588882 -0.7376499404427035
-0.5317893599154633 1.2337725711303138 -0.7443341647169612
-0.5076171162829423 1.2284353453017391 -0.7510183889912189
-0.48344487265042113 1.2230981194731645 -0.7577026132654766
-0.4592726290179001 1.21776089364459 -0.7643868375397344
-0.43510038538537904 1.2124236678160154 -0.771071061813992
-0.41092814175285797 1.2070864419874408 -0.7777552860882497
-0.3867558981203369 1.2017492161588663 -0.7844395103625074
-0.3625836544878158 1.1964119903302917 -0.7911237346367651
-0.33841141085529486 1.191074764501717 -0.7978079589110227
-0.3142391672227738 1.1857375386731426 -0.8044921831852805
-0.2900669235902527 1.180400312844568 -0.8111764074595382
-0.26589467995773164 1.1750630870159933 -0.8178606317337959
-0.24172243632521057 1.1697258611874186 -0.8245448560080536
-0.21755019269268958 1.1643886353588442 -0.8312290802823112
-0.1933779490601685 1.1590514095302695 -0.837913304556569
-0.16920570542764743 1.1537141837016949 -0.8445975288308266
-0.14503346179512636 1.1483769578731204 -0.8512817531050844
-0.12086121816260528 1.1430397320445458 -0.8579659773793421
-0.0966889745300843 1.1377025062159711 -0.8646502016535997
-0.07251673089756323 1.1323652803873967 -0.8713344259278575
-0.04834448726504215 1.127028054558822 -0.8780186502021151
-0.024172243632521077 1.1216908287302474 -0.8847028744763729
0.0 1.1163536029016727 -0.8913870987506305
-0.9427175016683212 1.340922374964636 -0.6438109858597368
-0.9185452580358001 1.3355851491360613 -0.6504952101339945
-0.8943730144032791 1.3302479233074866 -0.6571794344082522
-0.8702007707707581 1.3249106974789122 -0.6638636586825098
-0.8460285271382371 1.3195734716503376 -0.6705478829567676
-0.8218562835057159 1.314236245821763 -0.6772321072310253
-0.7976840398731949 1.3088990199931883 -0.683916331505283
-0.7735117962406738 1.3035617941646138 -0.6906005557795407
-0.7493395526081529 1.2982245683360392 -0.6972847800537983
-0.7251673089756318 1.2928873425074645 -0.7039690043280561
-0.7009950653431107 1.28755011667889 -0.7106532286023137
-0.6768228217105896 1.2822128908503154 -0.7173374528765715
-0.6526505780780686 1.2768756650217408 -0.7240216771508292
-0.6284783344455476 1.2715384391931663 -0.7307059014250868
-0.6043060908130263 1.2662012133645917 -0.7373901256993446
-0.5801338471805054 1.260863987536017 -0.7440743499736022
-0.5559616035479843 1.2555267617074424 -0.75075857424786
-0.5317893599154633 1.250189535878868 -0.7574427985221176
-0.5076171162829423 1.2448523100502933 -0.7641270227963753
-0.48344487265042113 1.2395150842217186 -0.7708112470706331
-0.4592726290179001 1.2341778583931442 -0.7774954713448907
-0.43510038538537904 1.2288406325645695 -0.7841796956191485
-0.41092814175285797 1.223503406735995 -0.7908639198934061
-0.3867558981203369 1.2181661809074205 -0.7975481441676638
-0.3625836544878158 1.2128289550788458 -0.8042323684419216
-0.33841141085529486 1.2074917292502712 -0.8109165927161792
-0.3142391672227738 1.2021545034216965 -0.817600816990437
-0.2900669235902527 1.196817277593122 -0.8242850412646946
-0.26589467995773164 1.1914800517645474 -0.8309692655389523
-0.24172243632521057 1.1861428259359728 -0.83765348981321
-0.21755019269268958 1.1808056001073983 -0.8443377140874677
-0.1933779490601685 1.1754683742788237 -0.8510219383617253
-0.16920570542764743 1.170131148450249 -0.8577061626359831
-0.14503346179512636 1.1647939226216746 -0.8643903869102408
-0.12086121816260528 1.1594566967931 -0.8710746111844985
-0.0966889745300843 1.1541194709645253 -0.8777588354587562
-0.07251673089756323 1.1487822451359506 -0.8844430597330138
-0.04834448726504215 1.1434450193073762 -0.8911272840072716
-0.024172243632521077 1.1381077934788015 -0.8978115082815292
0.0 1.1327705676502269 -0.904495732555787
-0.9427175016683212 1.3573393397131899 -0.6569196196648931
-0.9185452580358001 1.3520021138846152 -0.6636038439391508
-0.8943730144032791 1.3466648880560406 -0.6702880682134085
-0.8702007707707581 1.3413276622274661 -0.6769722924876662
-0.8460285271382371 1.3359904363988915 -0.6836565167619238
-0.8218562835057159 1.3306532105703168 -0.6903407410361816
-0.7976840398731949 1.3253159847417422 -0.6970249653104393
-0.7735117962406738 1.3199787589131677 -0.703709189584697
-0.7493395526081529 1.314641533084593 -0.7103934138589546
-0.7251673089756318 1.3093043072560184 -0.7170776381332123
-0.7009950653431107 1.303967081427444 -0.7237618624074701
-0.6768228217105896 1.2986298555988693 -0.7304460866817277
-0.6526505780780686 1.2932926297702947 -0.7371303109559855
-0.6284783344455476 1.2879554039417203 -0.7438145352302431
-0.6043060908130263 1.2826181781131456 -0.7504987595045008
-0.5801338471805054 1.277280952284571 -0.7571829837787586
-0.5559616035479843 1.2719437264559965 -0.7638672080530162
-0.5317893599154633 1.2666065006274219 -0.770551432327274
-0.5076171162829423 1.2612692747988472 -0.7772356566015316
-0.48344487265042113 1.2559320489702726 -0.7839198808757893
-0.4592726290179001 1.2505948231416981 -0.790604105150047
-0.43510038538537904 1.2452575973131235 -0.7972883294243047
-0.41092814175285797 1.2399203714845488 -0.8039725536985625
-0.3867558981203369 1.2345831456559744 -0.8106567779728201
-0.3625836544878158 1.2292459198273997 -0.8173410022470778
-0.33841141085529486 1.223908693998825 -0.8240252265213355
-0.3142391672227738 1.2185714681702506 -0.8307094507955932
-0.2900669235902527 1.213234242341676 -0.8373936750698509
-0.26589467995773164 1.2078970165131013 -0.8440778993441086
-0.24172243632521057 1.2025597906845267 -0.8507621236183663
-0.21755019269268958 1.1972225648559522 -0.857446347892624
-0.1933779490601685 1.1918853390273776 -0.8641305721668817
-0.16920570542764743 1.186548113198803 -0.8708147964411393
-0.14503346179512636 1.1812108873702285 -0.8774990207153971
-0.12086121816260528 1.1758736615416538 -0.8841832449896547
-0.0966889745300843 1.1705364357130792 -0.8908674692639125
-0.07251673089756323 1.1651992098845048 -0.8975516935381701
-0.04834448726504215 1.15986198405593 -0.9042359178124278
-0.024172243632521077 1.1545247582273555 -0.9109201420866856
0.0 1.1491875323987808 -0.9176043663609432
-0.9427175016683212 1.3737563044617438 -0.6700282534700494
-0.9185452580358001 1.3684190786331691 -0.6767124777443071
-0.8943730144032791 1.3630818528045947 -0.6833967020185648
-0.8702007707707581 1.35774462697602 -0.6900809262928225
-0.8460285271382371 1.3524074011474454 -0.6967651505670802
-0.8218562835057159 1.3470701753188707 -0.7034493748413378
-0.7976840398731949 1.3417329494902963 -0.7101335991155956
-0.7735117962406738 1.3363957236617217 -0.7168178233898532
-0.7493395526081529 1.331058497833147 -0.723502047664111
-0.7251673089756318 1.3257212720045726 -0.7301862719383686
-0.7009950653431107 1.320384046175998 -0.7368704962126263
-0.6768228217105896 1.3150468203474233 -0.7435547204868841
-0.6526505780780686 1.3097095945188488 -0.7502389447611417
-0.6284783344455476 1.3043723686902742 -0.7569231690353995
-0.6043060908130263 1.2990351428616995 -0.7636073933096571
-0.5801338471805054 1.2936979170331249 -0.7702916175839148
-0.5559616035479843 1.2883606912045504 -0.7769758418581725
-0.5317893599154633 1.2830234653759758 -0.7836600661324302
-0.5076171162829423 1.2776862395474011 -0.7903442904066879
-0.48344487265042113 1.2723490137188267 -0.7970285146809456
-0.4592726290179001 1.267011787890252 -0.8037127389552033
-0.43510038538537904 1.2616745620616774 -0.810396963229461
-0.41092814175285797 1.256337336233103 -0.8170811875037187
-0.3867558981203369 1.2510001104045283 -0.8237654117779764
-0.3625836544878158 1.2456628845759536 -0.8304496360522341
-0.33841141085529486 1.240325658747379 -0.8371338603264917
-0.3142391672227738 1.2349884329188046 -0.8438180846007495
-0.2900669235902527 1.22965120709023 -0.8505023088750072
-0.26589467995773164 1.2243139812616552 -0.8571865331492649
-0.24172243632521057 1.2189767554330808 -0.8638707574235226
-0.21755019269268958 1.2136395296045062 -0.8705549816977802
-0.1933779490601685 1.2083023037759315 -0.877239205972038
-0.16920570542764743 1.202965077947357 -0.8839234302462956
-0.14503346179512636 1.1976278521187824 -0.8906076545205533
-0.12086121816260528 1.1922906262902078 -0.8972918787948111
-0.0966889745300843 1.1869534004616333 -0.9039761030690687
-0.07251673089756323 1.1816161746330587 -0.9106603273433265
-0.04834448726504215 1.176278948804484 -0.9173445516175841
-0.024172243632521077 1.1709417229759094 -0.9240287758918418
0.0 1.165604497147335 -0.9307130001660995
-0.9427175016683212 1.390173269210298 -0.6831368872752058
-0.9185452580358001 1.3848360433817233 -0.6898211115494636
-0.8943730144032791 1.3794988175531486 -0.6965053358237212
-0.8702007707707581 1.3741615917245742 -0.703189560097979
-0.8460285271382371 1.3688243658959995 -0.7098737843722366
-0.8218562835057159 1.3634871400674249 -0.7165580086464943
-0.7976840398731949 1.3581499142388505 -0.7232422329207521
-0.7735117962406738 1.3528126884102758 -0.7299264571950097
-0.7493395526081529 1.3474754625817011 -0.7366106814692673
-0.7251673089756318 1.3421382367531267 -0.7432949057435251
-0.7009950653431107 1.336801010924552 -0.7499791300177828
-0.6768228217105896 1.3314637850959774 -0.7566633542920405
-0.6526505780780686 1.3261265592674027 -0.7633475785662982
-0.6284783344455476 1.3207893334388283 -0.7700318028405558
-0.6043060908130263 1.3154521076102537 -0.7767160271148136
-0.5801338471805054 1.310114881781679 -0.7834002513890713
-0.5559616035479843 1.3047776559531046 -0.790084475663329
-0.5317893599154633 1.29944043012453 -0.7967686999375867
-0.5076171162829423 1.2941032042959553 -0.8034529242118443
-0.48344487265042113 1.2887659784673808 -0.8101371484861021
-0.4592726290179001 1.2834287526388062 -0.8168213727603597
-0.43510038538537904 1.2780915268102315 -0.8235055970346175
-0.41092814175285797 1.2727543009816569 -0.8301898213088751
-0.3867558981203369 1.2674170751530824 -0.8368740455831328
-0.3625836544878158 1.2620798493245078 -0.8435582698573906
-0.33841141085529486 1.2567426234959331 -0.8502424941316482
-0.3142391672227738 1.2514053976673587 -0.856926718405906
-0.2900669235902527 1.246068171838784 -0.8636109426801636
-0.26589467995773164 1.2407309460102094 -0.8702951669544213
-0.24172243632521057 1.235393720181635 -0.876979391228679
-0.21755019269268958 1.2300564943530603 -0.8836636155029367
-0.1933779490601685 1.2247192685244856 -0.8903478397771943
-0.16920570542764743 1.219382042695911 -0.8970320640514521
-0.14503346179512636 1.2140448168673366 -0.9037162883257098
-0.12086121816260528 1.208707591038762 -0.9104005125999675
-0.0966889745300843 1.2033703652101873 -0.9170847368742252
-0.07251673089756323 1.1980331393816128 -0.9237689611484828
-0.04834448726504215 1.1926959135530382 -0.9304531854227406
-0.024172243632521077 1.1873586877244635 -0.9371374096969982
0.0 1.182021461895889 -0.943821633971256
-0.9427175016683212 1.4065902339588519 -0.6962455210803621
-0.9185452580358001 1.4012530081302772 -0.7029297453546198
-0.8943730144032791 1.3959157823017028 -0.7096139696288776
-0.8702007707707581 1.3905785564731281 -0.7162981939031352
-0.8460285271382371 1.3852413306445535 -0.722982418177393
-0.8218562835057159 1.3799041048159788 -0.7296666424516506
-0.7976840398731949 1.3745668789874044 -0.7363508667259083
-0.7735117962406738 1.3692296531588297 -0.743035091000166
-0.7493395526081529 1.363892427330255 -0.7497193152744237
-0.7251673089756318 1.3585552015016806 -0.7564035395486813
-0.7009950653431107 1.353217975673106 -0.7630877638229391
-0.6768228217105896 1.3478807498445313 -0.7697719880971968
-0.6526505780780686 1.342543524015957 -0.7764562123714545
-0.6284783344455476 1.3372062981873822 -0.7831404366457122
-0.6043060908130263 1.3318690723588076 -0.7898246609199698
-0.5801338471805054 1.326531846530233 -0.7965088851942276
-0.5559616035479843 1.3211946207016585 -0.8031931094684852
-0.5317893599154633 1.3158573948730838 -0.809877333742743
-0.5076171162829423 1.3105201690445092 -0.8165615580170006
-0.48344487265042113 1.3051829432159348 -0.8232457822912583
-0.4592726290179001 1.29984571738736 -0.8299300065655161
-0.43510038538537904 1.2945084915587854 -0.8366142308397737
-0.41092814175285797 1.289171265730211 -0.8432984551140315
-0.3867558981203369 1.2838340399016364 -0.8499826793882891
-0.3625836544878158 1.2784968140730617 -0.8566669036625468
-0.33841141085529486 1.2731595882444873 -0.8633511279368045
-0.3142391672227738 1.2678223624159126 -0.8700353522110622
-0.2900669235902527 1.262485136587338 -0.87671957648532
-0.26589467995773164 1.2571479107587633 -0.8834038007595776
-0.24172243632521057 1.2518106849301889 -0.8900880250338353
-0.21755019269268958 1.2464734591016142 -0.896772249308093
-0.1933779490601685 1.2411362332730396 -0.9034564735823507
-0.16920570542764743 1.2357990074444651 -0.9101406978566083
-0.14503346179512636 1.2304617816158905 -0.9168249221308661
-0.12086121816260528 1.2251245557873158 -0.9235091464051237
-0.0966889745300843 1.2197873299587414 -0.9301933706793815
-0.07251673089756323 1.2144501041301667 -0.9368775949536391
-0.04834448726504215 1.209112878301592 -0.9435618192278968
-0.024172243632521077 1.2037756524730174 -0.9502460435021546
0.0 1.198438426644443 -0.9569302677764122
-0.9427175016683212 1.4230071987074058 -0.7093541548855185
-0.9185452580358001 1.4176699728788311 -0.7160383791597761
-0.8943730144032791 1.4123327470502567 -0.7227226034340338
-0.8702007707707581 1.406995521221682 -0.7294068277082915
-0.8460285271382371 1.4016582953931074 -0.7360910519825492
-0.8218562835057159 1.396321069564533 -0.7427752762568068
-0.7976840398731949 1.3909838437359583 -0.7494595005310646
-0.7735117962406738 1.3856466179073836 -0.7561437248053223
-0.7493395526081529 1.3803093920788092 -0.76282794907958
-0.7251673089756318 1.3749721662502346 -0.7695121733538377
-0.7009950653431107 1.36963494042166 -0.7761963976280953
-0.6768228217105896 1.3642977145930855 -0.7828806219023531
-0.6526505780780686 1.3589604887645108 -0.7895648461766107
-0.6284783344455476 1.3536232629359362 -0.7962490704508685
-0.6043060908130263 1.3482860371073615 -0.8029332947251262
-0.5801338471805054 1.342948811278787 -0.8096175189993838
-0.5559616035479843 1.3376115854502124 -0.8163017432736416
-0.5317893599154633 1.3322743596216378 -0.8229859675478992
-0.5076171162829423 1.3269371337930633 -0.829670191822157
-0.48344487265042113 1.3215999079644887 -0.8363544160964146
-0.4592726290179001 1.316262682135914 -0.8430386403706723
-0.43510038538537904 1.3109254563073396 -0.84972286464493
-0.41092814175285797 1.305588230478765 -0.8564070889191877
-0.3867558981203369 1.3002510046501903 -0.8630913131934455
-0.3625836544878158 1.2949137788216156 -0.8697755374677031
-0.33841141085529486 1.2895765529930412 -0.8764597617419608
-0.3142391672227738 1.2842393271644665 -0.8831439860162185
-0.2900669235902527 1.2789021013358919 -0.8898282102904762
-0.26589467995773164 1.2735648755073175 -0.8965124345647338
-0.24172243632521057 1.2682276496787428 -0.9031966588389916
-0.21755019269268958 1.2628904238501681 -0.9098808831132492
-0.1933779490601685 1.2575531980215937 -0.916565107387507
-0.16920570542764743 1.252215972193019 -0.9232493316617647
-0.14503346179512636 1.2468787463644444 -0.9299335559360223
-0.12086121816260528 1.2415415205358697 -0.9366177802102801
-0.0966889745300843 1.2362042947072953 -0.9433020044845377
-0.07251673089756323 1.2308670688787207 -0.9499862287587955
-0.04834448726504215 1.225529843050146 -0.9566704530330531
-0.024172243632521077 1.2201926172215716 -0.9633546773073108
0.0 1.214855391392997 -0.9700389015815686
-0.9427175016683212 1.43942416345596 -0.7224627886906748
-0.9185452580358001 1.4340869376273853 -0.7291470129649326
-0.8943730144032791 1.4287497117988108 -0.7358312372391902
-0.8702007707707581 1.4234124859702362 -0.7425154615134479
-0.8460285271382371 1.4180752601416615 -0.7491996857877056
-0.8218562835057159 1.412738034313087 -0.7558839100619633
-0.7976840398731949 1.4074008084845124 -0.7625681343362211
-0.7735117962406738 1.4020635826559378 -0.7692523586104787
-0.7493395526081529 1.3967263568273633 -0.7759365828847363
-0.7251673089756318 1.3913891309987887 -0.7826208071589941
-0.7009950653431107 1.386051905170214 -0.7893050314332518
-0.6768228217105896 1.3807146793416394 -0.7959892557075094
-0.6526505780780686 1.375377453513065 -0.8026734799817672
-0.6284783344455476 1.3700402276844903 -0.8093577042560248
-0.6043060908130263 1.3647030018559156 -0.8160419285302826
-0.5801338471805054 1.3593657760273412 -0.8227261528045403
-0.5559616035479843 1.3540285501987666 -0.829410377078798
-0.5317893599154633 1.348691324370192 -0.8360946013530557
-0.5076171162829423 1.3433540985416175 -0.8427788256273133
-0.48344487265042113 1.3380168727130428 -0.8494630499015711
-0.4592726290179001 1.3326796468844682 -0.8561472741758287
-0.43510038538537904 1.3273424210558935 -0.8628314984500864
-0.41092814175285797 1.322005195227319 -0.8695157227243441
-0.3867558981203369 1.3166679693987444 -0.8761999469986018
-0.3625836544878158 1.3113307435701698 -0.8828841712728596
-0.33841141085529486 1.3059935177415953 -0.8895683955471172
-0.3142391672227738 1.3006562919130207 -0.8962526198213749
-0.2900669235902527 1.295319066084446 -0.9029368440956326
-0.26589467995773164 1.2899818402558716 -0.9096210683698903
-0.24172243632521057 1.284644614427297 -0.916305292644148
-0.21755019269268958 1.2793073885987223 -0.9229895169184057
-0.1933779490601685 1.2739701627701476 -0.9296737411926633
-0.16920570542764743 1.2686329369415732 -0.9363579654669211
-0.14503346179512636 1.2632957111129985 -0.9430421897411788
-0.12086121816260528 1.2579584852844239 -0.9497264140154364
-0.0966889745300843 1.2526212594558495 -0.9564106382896942
-0.07251673089756323 1.2472840336272748 -0.9630948625639518
-0.04834448726504215 1.2419468077987001 -0.9697790868382096
-0.024172243632521077 1.2366095819701257 -0.9764633111124672
0.0 1.231272356141551 -0.983147535386725
-0.9427175016683212 1.4558411282045138 -0.7355714224958311
-0.9185452580358001 1.4505039023759392 -0.7422556467700888
-0.8943730144032791 1.4451666765473647 -0.7489398710443466
-0.8702007707707581 1.43982945071879 -0.7556240953186042
-0.8460285271382371 1.4344922248902154 -0.7623083195928619
-0.8218562835057159 1.429154999061641 -0.7689925438671196
-0.7976840398731949 1.4238177732330664 -0.7756767681413773
-0.7735117962406738 1.4184805474044917 -0.782360992415635
-0.7493395526081529 1.4131433215759173 -0.7890452166898927
-0.7251673089756318 1.4078060957473426 -0.7957294409641503
-0.7009950653431107 1.402468869918768 -0.8024136652384081
-0.6768228217105896 1.3971316440901935 -0.8090978895126658
-0.6526505780780686 1.3917944182616189 -0.8157821137869234
-0.6284783344455476 1.3864571924330442 -0.8224663380611812
-0.6043060908130263 1.3811199666044696 -0.8291505623354388
-0.5801338471805054 1.3757827407758951 -0.8358347866096966
-0.5559616035479843 1.3704455149473205 -0.8425190108839542
-0.5317893599154633 1.3651082891187458 -0.8492032351582119
-0.5076171162829423 1.3597710632901714 -0.8558874594324696
-0.48344487265042113 1.3544338374615967 -0.8625716837067273
-0.4592726290179001 1.349096611633022 -0.8692559079809851
-0.43510038538537904 1.3437593858044476 -0.8759401322552427
-0.41092814175285797 1.338422159975873 -0.8826243565295004
-0.3867558981203369 1.3330849341472983 -0.8893085808037581
-0.3625836544878158 1.3277477083187237 -0.8959928050780158
-0.33841141085529486 1.3224104824901493 -0.9026770293522735
-0.3142391672227738 1.3170732566615746 -0.9093612536265312
-0.2900669235902527 1.311736030833 -0.9160454779007889
-0.26589467995773164 1.3063988050044255 -0.9227297021750466
-0.24172243632521057 1.3010615791758509 -0.9294139264493043
-0.21755019269268958 1.2957243533472762 -0.936098150723562
-0.1933779490601685 1.2903871275187018 -0.9427823749978197
-0.16920570542764743 1.2850499016901271 -0.9494665992720773
-0.14503346179512636 1.2797126758615525 -0.9561508235463351
-0.12086121816260528 1.2743754500329778 -0.9628350478205927
-0.0966889745300843 1.2690382242044034 -0.9695192720948504
-0.07251673089756323 1.2637009983758287 -0.9762034963691081
-0.04834448726504215 1.258363772547254 -0.9828877206433658
-0.024172243632521077 1.2530265467186796 -0.9895719449176236
0.0 1.247689320890105 -0.9962561691918812
-0.9427175016683212 1.4722580929530678 -0.7486800563009874
-0.9185452580358001 1.4669208671244933 -0.7553642805752451
-0.8943730144032791 1.4615836412959187 -0.7620485048495028
-0.8702007707707581 1.456246415467344 -0.7687327291237604
-0.8460285271382371 1.4509091896387696 -0.7754169533980182
-0.8218562835057159 1.445571963810195 -0.7821011776722758
-0.7976840398731949 1.4402347379816203 -0.7887854019465336
-0.7735117962406738 1.4348975121530456 -0.7954696262207913
-0.7493395526081529 1.4295602863244712 -0.802153850495049
-0.7251673089756318 1.4242230604958965 -0.8088380747693067
-0.7009950653431107 1.4188858346673219 -0.8155222990435643
-0.6768228217105896 1.4135486088387474 -0.8222065233178221
-0.6526505780780686 1.4082113830101728 -0.8288907475920797
-0.6284783344455476 1.4028741571815981 -0.8355749718663374
-0.6043060908130263 1.3975369313530235 -0.8422591961405952
-0.5801338471805054 1.392199705524449 -0.8489434204148528
-0.5559616035479843 1.3868624796958744 -0.8556276446891106
-0.5317893599154633 1.3815252538672997 -0.8623118689633682
-0.5076171162829423 1.3761880280387253 -0.8689960932376259
-0.48344487265042113 1.3708508022101507 -0.8756803175118836
-0.4592726290179001 1.365513576381576 -0.8823645417861413
-0.43510038538537904 1.3601763505530016 -0.889048766060399
-0.41092814175285797 1.354839124724427 -0.8957329903346567
-0.3867558981203369 1.3495018988958523 -0.9024172146089144
-0.3625836544878158 1.3441646730672778 -0.9091014388831721
-0.33841141085529486 1.3388274472387032 -0.9157856631574298
-0.3142391672227738 1.3334902214101285 -0.9224698874316875
-0.2900669235902527 1.3281529955815539 -0.9291541117059452
-0.26589467995773164 1.3228157697529794 -0.9358383359802028
-0.24172243632521057 1.3174785439244048 -0.9425225602544606
-0.21755019269268958 1.3121413180958301 -0.9492067845287182
-0.1933779490601685 1.3068040922672557 -0.955891008802976
-0.16920570542764743 1.301466866438681 -0.9625752330772337
-0.14503346179512636 1.2961296406101064 -0.9692594573514913
-0.12086121816260528 1.290792414781532 -0.9759436816257491
-0.0966889745300843 1.2854551889529573 -0.9826279059000067
-0.07251673089756323 1.2801179631243826 -0.9893121301742644
-0.04834448726504215 1.2747807372958082 -0.9959963544485221
-0.024172243632521077 1.2694435114672336 -1.0026805787227797
0.0 1.264106285638659 -1.0093648029970375
-0.9427175016683212 1.488675057701622 -0.7617886901061438
-0.9185452580358001 1.4833378318730475 -0.7684729143804016
-0.8943730144032791 1.4780006060444728 -0.7751571386546592
-0.8702007707707581 1.4726633802158982 -0.7818413629289169
-0.8460285271382371 1.4673261543873237 -0.7885255872031746
-0.8218562835057159 1.461988928558749 -0.7952098114774323
-0.7976840398731949 1.4566517027301744 -0.80189403575169
-0.7735117962406738 1.4513144769015998 -0.8085782600259477
-0.7493395526081529 1.4459772510730253 -0.8152624843002053
-0.7251673089756318 1.4406400252444507 -0.8219467085744631
-0.7009950653431107 1.435302799415876 -0.8286309328487208
-0.6768228217105896 1.4299655735873016 -0.8353151571229784
-0.6526505780780686 1.424628347758727 -0.8419993813972362
-0.6284783344455476 1.4192911219301523 -0.8486836056714938
-0.6043060908130263 1.4139538961015776 -0.8553678299457516
-0.5801338471805054 1.4086166702730032 -0.8620520542200093
-0.5559616035479843 1.4032794444444285 -0.8687362784942669
-0.5317893599154633 1.3979422186158539 -0.8754205027685247
-0.5076171162829423 1.3926049927872794 -0.8821047270427823
-0.48344487265042113 1.3872677669587048 -0.88878895131704
-0.4592726290179001 1.3819305411301301 -0.8954731755912977
-0.43510038538537904 1.3765933153015557 -0.9021573998655554
-0.41092814175285797 1.371256089472981 -0.9088416241398131
-0.3867558981203369 1.3659188636444064 -0.9155258484140708
-0.3625836544878158 1.3605816378158317 -0.9222100726883286
-0.33841141085529486 1.3552444119872573 -0.9288942969625862
-0.3142391672227738 1.3499071861586827 -0.9355785212368439
-0.2900669235902527 1.344569960330108 -0.9422627455111016
-0.26589467995773164 1.3392327345015336 -0.9489469697853593
-0.24172243632521057 1.333895508672959 -0.9556311940596169
-0.21755019269268958 1.3285582828443843 -0.9623154183338747
-0.1933779490601685 1.3232210570158098 -0.9689996426081323
-0.16920570542764743 1.3178838311872352 -0.9756838668823901
-0.14503346179512636 1.3125466053586605 -0.9823680911566478
-0.12086121816260528 1.307209379530086 -0.9890523154309054
-0.0966889745300843 1.3018721537015114 -0.9957365397051632
-0.07251673089756323 1.2965349278729368 -1.002420763979421
-0.04834448726504215 1.2911977020443621 -1.0091049882536784
-0.024172243632521077 1.2858604762157877 -1.0157892125279362
0.0 1.280523250387213 -1.022473436802194
-0.9427175016683212 1.5050920224501758 -0.7748973239113001
-0.9185452580358001 1.4997547966216014 -0.7815815481855578
-0.8943730144032791 1.4944175707930267 -0.7882657724598156
-0.8702007707707581 1.489080344964452 -0.7949499967340732
-0.8460285271382371 1.4837431191358776 -0.8016342210083309
-0.8218562835057159 1.478405893307303 -0.8083184452825886
-0.7976840398731949 1.4730686674787283 -0.8150026695568463
-0.7735117962406738 1.467731441650154 -0.8216868938311039
-0.7493395526081529 1.4623942158215792 -0.8283711181053617
-0.7251673089756318 1.4570569899930046 -0.8350553423796193
-0.7009950653431107 1.45171976416443 -0.8417395666538771
-0.6768228217105896 1.4463825383358555 -0.8484237909281348
-0.6526505780780686 1.4410453125072809 -0.8551080152023924
-0.6284783344455476 1.4357080866787062 -0.8617922394766502
-0.6043060908130263 1.4303708608501318 -0.8684764637509078
-0.5801338471805054 1.425033635021557 -0.8751606880251656
-0.5559616035479843 1.4196964091929825 -0.8818449122994232
-0.5317893599154633 1.414359183364408 -0.8885291365736809
-0.5076171162829423 1.4090219575358334 -0.8952133608479386
-0.48344487265042113 1.4036847317072587 -0.9018975851221963
-0.4592726290179001 1.3983475058786843 -0.908581809396454
-0.43510038538537904 1.3930102800501096 -0.9152660336707117
-0.41092814175285797 1.387673054221535 -0.9219502579449694
-0.3867558981203369 1.3823358283929603 -0.9286344822192271
-0.3625836544878158 1.3769986025643859 -0.9353187064934848
-0.33841141085529486 1.3716613767358112 -0.9420029307677424
-0.3142391672227738 1.3663241509072366 -0.9486871550420002
-0.2900669235902527 1.3609869250786621 -0.9553713793162579
-0.26589467995773164 1.3556496992500875 -0.9620556035905156
-0.24172243632521057 1.3503124734215128 -0.9687398278647733
-0.21755019269268958 1.3449752475929384 -0.9754240521390309
-0.1933779490601685 1.3396380217643638 -0.9821082764132887
-0.16920570542764743 1.334300795935789 -0.9887925006875463
-0.14503346179512636 1.3289635701072144 -0.9954767249618041
-0.12086121816260528 1.32362634427864 -1.0021609492360617
-0.0966889745300843 1.3182891184500654 -1.0088451735103194
-0.07251673089756323 1.3129518926214907 -1.0155293977845772
-0.04834448726504215 1.3076146667929163 -1.022213622058835
-0.024172243632521077 1.3022774409643416 -1.0288978463330924
0.0 1.296940215135767 -1.0355820706073502
-0.9427175016683212 1.52150898719873 -0.7880059577164565
-0.9185452580358001 1.5161717613701555 -0.7946901819907142
-0.8943730144032791 1.5108345355415809 -0.8013744062649719
-0.8702007707707581 1.5054973097130062 -0.8080586305392295
-0.8460285271382371 1.5001600838844318 -0.8147428548134873
-0.8218562835057159 1.4948228580558571 -0.821427079087745
-0.7976840398731949 1.4894856322272825 -0.8281113033620027
-0.7735117962406738 1.484148406398708 -0.8347955276362604
-0.7493395526081529 1.4788111805701334 -0.841479751910518
-0.7251673089756318 1.4734739547415587 -0.8481639761847758
-0.7009950653431107 1.468136728912984 -0.8548482004590334
-0.6768228217105896 1.4627995030844096 -0.8615324247332912
-0.6526505780780686 1.457462277255835 -0.8682166490075489
-0.6284783344455476 1.4521250514272603 -0.8749008732818065
-0.6043060908130263 1.446787825598686 -0.8815850975560643
-0.5801338471805054 1.4414505997701113 -0.8882693218303219
-0.5559616035479843 1.4361133739415366 -0.8949535461045797
-0.5317893599154633 1.4307761481129622 -0.9016377703788373
-0.5076171162829423 1.4254389222843875 -0.908321994653095
-0.48344487265042113 1.4201016964558129 -0.9150062189273528
-0.4592726290179001 1.4147644706272382 -0.9216904432016104
-0.43510038538537904 1.4094272447986638 -0.9283746674758682
-0.41092814175285797 1.4040900189700891 -0.9350588917501258
-0.3867558981203369 1.3987527931415145 -0.9417431160243835
-0.3625836544878158 1.39341556731294 -0.9484273402986412
-0.33841141085529486 1.3880783414843654 -0.9551115645728989
-0.3142391672227738 1.3827411156557907 -0.9617957888471566
-0.2900669235902527 1.3774038898272163 -0.9684800131214143
-0.26589467995773164 1.3720666639986416 -0.975164237395672
-0.24172243632521057 1.366729438170067 -0.9818484616699297
-0.21755019269268958 1.3613922123414923 -0.9885326859441874
-0.1933779490601685 1.356054986512918 -0.995216910218445
-0.16920570542764743 1.3507177606843432 -1.0019011344927027
-0.14503346179512636 1.3453805348557686 -1.0085853587669604
-0.12086121816260528 1.3400433090271942 -1.0152695830412182
-0.0966889745300843 1.3347060831986195 -1.021953807315476
-0.07251673089756323 1.3293688573700448 -1.0286380315897334
-0.04834448726504215 1.3240316315414704 -1.0353222558639912
-0.024172243632521077 1.3186944057128958 -1.042006480138249
0.0 1.313357179884321 -1.0486907044125067
-0.9427175016683212 1.537925951947284 -0.8011145915216128
-0.9185452580358001 1.5325887261187094 -0.8077988157958705
-0.8943730144032791 1.5272515002901348 -0.8144830400701282
-0.8702007707707581 1.5219142744615604 -0.8211672643443859
-0.8460285271382371 1.5165770486329857 -0.8278514886186435
-0.8218562835057159 1.511239822804411 -0.8345357128929013
-0.7976840398731949 1.5059025969758364 -0.841219937167159
-0.7735117962406738 1.500565371147262 -0.8479041614414167
-0.7493395526081529 1.4952281453186873 -0.8545883857156743
-0.7251673089756318 1.4898909194901127 -0.861272609989932
-0.7009950653431107 1.4845536936615382 -0.8679568342641898
-0.6768228217105896 1.4792164678329636 -0.8746410585384474
-0.6526505780780686 1.473879242004389 -0.8813252828127052
-0.6284783344455476 1.4685420161758145 -0.8880095070869628
-0.6043060908130263 1.4632047903472398 -0.8946937313612205
-0.5801338471805054 1.4578675645186652 -0.9013779556354783
-0.5559616035479843 1.4525303386900905 -0.9080621799097359
-0.5317893599154633 1.447193112861516 -0.9147464041839937
-0.5076171162829423 1.4418558870329414 -0.9214306284582513
-0.48344487265042113 1.4365186612043668 -0.928114852732509
-0.4592726290179001 1.4311814353757923 -0.9347990770067667
-0.43510038538537904 1.4258442095472177 -0.9414833012810244
-0.41092814175285797 1.420506983718643 -0.948167525555282
-0.3867558981203369 1.4151697578900684 -0.9548517498295398
-0.3625836544878158 1.409832532061494 -0.9615359741037975
-0.33841141085529486 1.4044953062329193 -0.9682201983780552
-0.3142391672227738 1.3991580804043446 -0.9749044226523129
-0.2900669235902527 1.3938208545757702 -0.9815886469265706
-0.26589467995773164 1.3884836287471956 -0.9882728712008283
-0.24172243632521057 1.383146402918621 -0.9949570954750859
-0.21755019269268958 1.3778091770900465 -1.0016413197493437
-0.1933779490601685 1.3724719512614718 -1.0083255440236014
-0.16920570542764743 1.3671347254328972 -1.0150097682978592
-0.14503346179512636 1.3617974996043225 -1.0216939925721167
-0.12086121816260528 1.356460273775748 -1.0283782168463744
-0.0966889745300843 1.3511230479471734 -1.0350624411206322
-0.07251673089756323 1.3457858221185988 -1.04174666539489
-0.04834448726504215 1.3404485962900243 -1.0484308896691474
-0.024172243632521077 1.3351113704614497 -1.0551151139434052
0.0 1.329774144632875 -1.061799338217663
-0.9427175016683212 1.554342916695838 -0.814223225326769
-0.9185452580358001 1.5490056908672634 -0.8209074496010268
-0.8943730144032791 1.5436684650386887 -0.8275916738752845
-0.8702007707707581 1.5383312392101143 -0.8342758981495422
-0.8460285271382371 1.5329940133815396 -0.8409601224237999
-0.8218562835057159 1.527656787552965 -0.8476443466980575
-0.7976840398731949 1.5223195617243903 -0.8543285709723153
-0.7735117962406738 1.5169823358958159 -0.8610127952465729
-0.7493395526081529 1.5116451100672412 -0.8676970195208307
-0.7251673089756318 1.5063078842386666 -0.8743812437950883
-0.7009950653431107 1.5009706584100921 -0.881065468069346
-0.6768228217105896 1.4956334325815175 -0.8877496923436038
-0.6526505780780686 1.4902962067529428 -0.8944339166178614
-0.6284783344455476 1.4849589809243684 -0.9011181408921192
-0.6043060908130263 1.4796217550957937 -0.9078023651663768
-0.5801338471805054 1.474284529267219 -0.9144865894406345
-0.5559616035479843 1.4689473034386447 -0.9211708137148922
-0.5317893599154633 1.46361007761007 -0.9278550379891499
-0.5076171162829423 1.4582728517814953 -0.9345392622634076
-0.48344487265042113 1.4529356259529207 -0.9412234865376653
-0.4592726290179001 1.4475984001243463 -0.947907710811923
-0.43510038538537904 1.4422611742957716 -0.9545919350861807
-0.41092814175285797 1.436923948467197 -0.9612761593604384
-0.3867558981203369 1.4315867226386225 -0.967960383634696
-0.3625836544878158 1.4262494968100479 -0.9746446079089538
-0.33841141085529486 1.4209122709814732 -0.9813288321832114
-0.3142391672227738 1.4155750451528988 -0.9880130564574692
-0.2900669235902527 1.4102378193243241 -0.9946972807317269
-0.26589467995773164 1.4049005934957495 -1.0013815050059847
-0.24172243632521057 1.3995633676671748 -1.0080657292802422
-0.21755019269268958 1.3942261418386004 -1.0147499535545
-0.1933779490601685 1.3888889160100257 -1.0214341778287577
-0.16920570542764743 1.383551690181451 -1.0281184021030154
-0.14503346179512636 1.3782144643528766 -1.034802626377273
-0.12086121816260528 1.372877238524302 -1.0414868506515307
-0.0966889745300843 1.3675400126957273 -1.0481710749257884
-0.07251673089756323 1.362202786867153 -1.0548552992000462
-0.04834448726504215 1.3568655610385782 -1.061539523474304
-0.024172243632521077 1.3515283352100036 -1.0682237477485614
0.0 1.346191109381429 -1.0749079720228192
-0.9427175016683212 1.5707598814443922 -0.8273318591319255
-0.9185452580358001 1.5654226556158175 -0.8340160834061832
-0.8943730144032791 1.5600854297872428 -0.8407003076804409
-0.8702007707707581 1.5547482039586684 -0.8473845319546985
-0.8460285271382371 1.5494109781300938 -0.8540687562289563
-0.8218562835057159 1.544073752301519 -0.860752980503214
-0.7976840398731949 1.5387365264729445 -0.8674372047774717
-0.7735117962406738 1.53339930064437 -0.8741214290517294
-0.7493395526081529 1.5280620748157954 -0.880805653325987
-0.7251673089756318 1.5227248489872207 -0.8874898776002448
-0.7009950653431107 1.5173876231586463 -0.8941741018745024
-0.6768228217105896 1.5120503973300716 -0.9008583261487602
-0.6526505780780686 1.506713171501497 -0.9075425504230179
-0.6284783344455476 1.5013759456729225 -0.9142267746972755
-0.6043060908130263 1.4960387198443479 -0.9209109989715333
-0.5801338471805054 1.4907014940157732 -0.9275952232457909
-0.5559616035479843 1.4853642681871986 -0.9342794475200487
-0.5317893599154633 1.4800270423586241 -0.9409636717943063
-0.5076171162829423 1.4746898165300495 -0.947647896068564
-0.48344487265042113 1.4693525907014748 -0.9543321203428218
-0.4592726290179001 1.4640153648729004 -0.9610163446170794
-0.43510038538537904 1.4586781390443258 -0.9677005688913372
-0.41092814175285797 1.453340913215751 -0.9743847931655948
-0.3867558981203369 1.4480036873871767 -0.9810690174398525
-0.3625836544878158 1.442666461558602 -0.9877532417141102
-0.33841141085529486 1.4373292357300274 -0.9944374659883679
-0.3142391672227738 1.431992009901453 -1.0011216902626257
-0.2900669235902527 1.4266547840728783 -1.0078059145368834
-0.26589467995773164 1.4213175582443036 -1.014490138811141
-0.24172243632521057 1.415980332415729 -1.0211743630853987
-0.21755019269268958 1.4106431065871545 -1.0278585873596564
-0.1933779490601685 1.4053058807585799 -1.0345428116339141
-0.16920570542764743 1.3999686549300052 -1.0412270359081717
-0.14503346179512636 1.3946314291014308 -1.0479112601824294
-0.12086121816260528 1.3892942032728561 -1.0545954844566872
-0.0966889745300843 1.3839569774442815 -1.061279708730945
-0.07251673089756323 1.378619751615707 -1.0679639330052026
-0.04834448726504215 1.3732825257871324 -1.0746481572794602
-0.024172243632521077 1.3679452999585577 -1.081332381553718
0.0 1.362608074129983 -1.0880166058279757
-0.9427175016683212 1.587176846192946 -0.8404404929370818
-0.9185452580358001 1.5818396203643714 -0.8471247172113395
-0.8943730144032791 1.5765023945357968 -0.8538089414855972
-0.8702007707707581 1.5711651687072223 -0.8604931657598549
-0.8460285271382371 1.5658279428786477 -0.8671773900341125
-0.8218562835057159 1.560490717050073 -0.8738616143083703
-0.7976840398731949 1.5551534912214986 -0.880545838582628
-0.7735117962406738 1.549816265392924 -0.8872300628568857
-0.7493395526081529 1.5444790395643493 -0.8939142871311433
-0.7251673089756318 1.5391418137357749 -0.900598511405401
-0.7009950653431107 1.5338045879072002 -0.9072827356796588
-0.6768228217105896 1.5284673620786255 -0.9139669599539164
-0.6526505780780686 1.523130136250051 -0.9206511842281742
-0.6284783344455476 1.5177929104214765 -0.9273354085024318
-0.6043060908130263 1.5124556845929018 -0.9340196327766895
-0.5801338471805054 1.5071184587643272 -0.9407038570509473
-0.5559616035479843 1.5017812329357527 -0.9473880813252049
-0.5317893599154633 1.496444007107178 -0.9540723055994627
-0.5076171162829423 1.4911067812786034 -0.9607565298737203
-0.48344487265042113 1.4857695554500288 -0.967440754147978
-0.4592726290179001 1.4804323296214543 -0.9741249784222357
-0.43510038538537904 1.4750951037928797 -0.9808092026964934
-0.41092814175285797 1.469757877964305 -0.9874934269707512
-0.3867558981203369 1.4644206521357306 -0.9941776512450088
-0.3625836544878158 1.459083426307156 -1.0008618755192664
-0.33841141085529486 1.4537462004785813 -1.0075460997935242
-0.3142391672227738 1.4484089746500068 -1.014230324067782
-0.2900669235902527 1.4430717488214322 -1.0209145483420397
-0.26589467995773164 1.4377345229928575 -1.0275987726162972
-0.24172243632521057 1.432397297164283 -1.034282996890555
-0.21755019269268958 1.4270600713357084 -1.0409672211648127
-0.1933779490601685 1.4217228455071338 -1.0476514454390704
-0.16920570542764743 1.4163856196785591 -1.0543356697133281
-0.14503346179512636 1.4110483938499847 -1.0610198939875857
-0.12086121816260528 1.40571116802141 -1.0677041182618434
-0.0966889745300843 1.4003739421928354 -1.0743883425361012
-0.07251673089756323 1.395036716364261 -1.081072566810359
-0.04834448726504215 1.3896994905356863 -1.0877567910846164
-0.024172243632521077 1.3843622647071117 -1.0944410153588742
0.0 1.3790250388785372 -1.101125239633132
-0.9427175016683212 1.6035938109415 -0.853549126742238
-0.9185452580358001 1.5982565851129253 -0.8602333510164958
-0.8943730144032791 1.592919359284351 -0.8669175752907535
-0.8702007707707581 1.5875821334557763 -0.8736017995650112
-0.8460285271382371 1.5822449076272016 -0.8802860238392689
-0.8218562835057159 1.576907681798627 -0.8869702481135265
-0.7976840398731949 1.5715704559700525 -0.8936544723877843
-0.7735117962406738 1.5662332301414779 -0.9003386966620419
-0.7493395526081529 1.5608960043129032 -0.9070229209362997
-0.7251673089756318 1.5555587784843288 -0.9137071452105573
-0.7009950653431107 1.5502215526557541 -0.920391369484815
-0.6768228217105896 1.5448843268271795 -0.9270755937590728
-0.6526505780780686 1.539547100998605 -0.9337598180333304
-0.6284783344455476 1.5342098751700304 -0.9404440423075882
-0.6043060908130263 1.5288726493414557 -0.9471282665818458
-0.5801338471805054 1.523535423512881 -0.9538124908561035
-0.5559616035479843 1.5181981976843066 -0.9604967151303612
-0.5317893599154633 1.512860971855732 -0.9671809394046189
-0.5076171162829423 1.5075237460271573 -0.9738651636788765
-0.48344487265042113 1.502186520198583 -0.9805493879531343
-0.4592726290179001 1.4968492943700082 -0.987233612227392
-0.43510038538537904 1.4915120685414336 -0.9939178365016497
-0.41092814175285797 1.4861748427128592 -1.0006020607759074
-0.3867558981203369 1.4808376168842845 -1.0072862850501652
-0.3625836544878158 1.4755003910557098 -1.013970509324423
-0.33841141085529486 1.4701631652271354 -1.0206547335986804
-0.3142391672227738 1.4648259393985608 -1.0273389578729382
-0.2900669235902527 1.459488713569986 -1.034023182147196
-0.26589467995773164 1.4541514877414115 -1.0407074064214537
-0.24172243632521057 1.448814261912837 -1.0473916306957112
-0.21755019269268958 1.4434770360842624 -1.054075854969969
-0.1933779490601685 1.4381398102556877 -1.0607600792442267
-0.16920570542764743 1.4328025844271133 -1.0674443035184844
-0.14503346179512636 1.4274653585985386 -1.0741285277927421
-0.12086121816260528 1.422128132769964 -1.0808127520669997
-0.0966889745300843 1.4167909069413895 -1.0874969763412574
-0.07251673089756323 1.4114536811128149 -1.0941812006155152
-0.04834448726504215 1.4061164552842402 -1.100865424889773
-0.024172243632521077 1.4007792294556656 -1.1075496491640304
0.0 1.3954420036270911 -1.1142338734382882
-0.9427175016683212 1.6200107756900541 -0.8666577605473945
-0.9185452580358001 1.6146735498614795 -0.8733419848216522
-0.8943730144032791 1.609336324032905 -0.8800262090959099
-0.8702007707707581 1.6039990982043304 -0.8867104333701675
-0.8460285271382371 1.5986618723757557 -0.8933946576444253
-0.8218562835057159 1.593324646547181 -0.900078881918683
-0.7976840398731949 1.5879874207186067 -0.9067631061929406
-0.7735117962406738 1.582650194890032 -0.9134473304671984
-0.7493395526081529 1.5773129690614573 -0.920131554741456
-0.7251673089756318 1.571975743232883 -0.9268157790157138
-0.7009950653431107 1.5666385174043083 -0.9335000032899714
-0.6768228217105896 1.5613012915757336 -0.9401842275642291
-0.6526505780780686 1.5559640657471592 -0.9468684518384869
-0.6284783344455476 1.5506268399185845 -0.9535526761127445
-0.6043060908130263 1.5452896140900099 -0.9602369003870023
-0.5801338471805054 1.5399523882614352 -0.9669211246612599
-0.5559616035479843 1.5346151624328608 -0.9736053489355176
-0.5317893599154633 1.5292779366042861 -0.9802895732097753
-0.5076171162829423 1.5239407107757115 -0.986973797484033
-0.48344487265042113 1.518603484947137 -0.9936580217582908
-0.4592726290179001 1.5132662591185624 -1.0003422460325484
-0.43510038538537904 1.5079290332899877 -1.0070264703068061
-0.41092814175285797 1.5025918074614133 -1.0137106945810639
-0.3867558981203369 1.4972545816328386 -1.0203949188553214
-0.3625836544878158 1.491917355804264 -1.0270791431295792
-0.33841141085529486 1.4865801299756893 -1.033763367403837
-0.3142391672227738 1.481242904147115 -1.0404475916780946
-0.2900669235902527 1.4759056783185402 -1.0471318159523524
-0.26589467995773164 1.4705684524899656 -1.05381604022661
-0.24172243632521057 1.4652312266613912 -1.0605002645008677
-0.21755019269268958 1.4598940008328165 -1.0671844887751254
-0.1933779490601685 1.4545567750042419 -1.0738687130493831
-0.16920570542764743 1.4492195491756674 -1.0805529373236407
-0.14503346179512636 1.4438823233470928 -1.0872371615978984
-0.12086121816260528 1.4385450975185181 -1.0939213858721561
-0.0966889745300843 1.4332078716899437 -1.100605610146414
-0.07251673089756323 1.427870645861369 -1.1072898344206716
-0.04834448726504215 1.4225334200327944 -1.1139740586949292
-0.024172243632521077 1.4171961942042197 -1.120658282969187
0.0 1.4118589683756453 -1.1273425072434446
-0.9427175016683212 1.636427740438608 -0.8797663943525508
-0.9185452580358001 1.6310905146100334 -0.8864506186268085
-0.8943730144032791 1.625753288781459 -0.8931348429010662
-0.8702007707707581 1.6204160629528843 -0.8998190671753239
-0.8460285271382371 1.6150788371243097 -0.9065032914495815
-0.8218562835057159 1.6097416112957352 -0.9131875157238393
-0.7976840398731949 1.6044043854671606 -0.919871739998097
-0.7735117962406738 1.599067159638586 -0.9265559642723546
-0.7493395526081529 1.5937299338100115 -0.9332401885466123
-0.7251673089756318 1.5883927079814368 -0.93992441282087
-0.7009950653431107 1.5830554821528622 -0.9466086370951278
-0.6768228217105896 1.5777182563242875 -0.9532928613693854
-0.6526505780780686 1.572381030495713 -0.9599770856436431
-0.6284783344455476 1.5670438046671384 -0.9666613099179008
-0.6043060908130263 1.5617065788385638 -0.9733455341921585
-0.5801338471805054 1.5563693530099894 -0.9800297584664163
-0.5559616035479843 1.5510321271814147 -0.9867139827406739
-0.5317893599154633 1.54569490135284 -0.9933982070149316
-0.5076171162829423 1.5403576755242656 -1.0000824312891894
-0.48344487265042113 1.535020449695691 -1.006766655563447
-0.4592726290179001 1.5296832238671163 -1.0134508798377047
-0.43510038538537904 1.5243459980385416 -1.0201351041119624
-0.41092814175285797 1.5190087722099672 -1.0268193283862201
-0.3867558981203369 1.5136715463813926 -1.0335035526604779
-0.3625836544878158 1.508334320552818 -1.0401877769347354
-0.33841141085529486 1.5029970947242435 -1.0468720012089932
-0.3142391672227738 1.4976598688956688 -1.053556225483251
-0.2900669235902527 1.4923226430670942 -1.0602404497575086
-0.26589467995773164 1.4869854172385195 -1.0669246740317662
-0.24172243632521057 1.481648191409945 -1.073608898306024
-0.21755019269268958 1.4763109655813704 -1.0802931225802817
-0.1933779490601685 1.4709737397527958 -1.0869773468545394
-0.16920570542764743 1.4656365139242213 -1.0936615711287971
-0.14503346179512636 1.4602992880956467 -1.1003457954030547
-0.12086121816260528 1.454962062267072 -1.1070300196773124
-0.0966889745300843 1.4496248364384976 -1.1137142439515701
-0.07251673089756323 1.444287610609923 -1.120398468225828
-0.04834448726504215 1.4389503847813483 -1.1270826925000854
-0.024172243632521077 1.4336131589527736 -1.1337669167743432
0.0 1.4282759331241992 -1.140451141048601
-0.9427175016683212 1.652844705187162 -0.892875028157707
-0.9185452580358001 1.6475074793585873 -0.8995592524319648
-0.8943730144032791 1.642170253530013 -0.9062434767062225
-0.8702007707707581 1.6368330277014382 -0.9129277009804802
-0.8460285271382371 1.6314958018728636 -0.9196119252547379
-0.8218562835057159 1.6261585760442892 -0.9262961495289955
-0.7976840398731949 1.6208213502157145 -0.9329803738032533
-0.7735117962406738 1.6154841243871398 -0.9396645980775109
-0.7493395526081529 1.6101468985585654 -0.9463488223517686
-0.7251673089756318 1.6048096727299908 -0.9530330466260263
-0.7009950653431107 1.599472446901416 -0.959717270900284
-0.6768228217105896 1.5941352210728417 -0.9664014951745418
-0.6526505780780686 1.588797995244267 -0.9730857194487994
-0.6284783344455476 1.5834607694156924 -0.9797699437230571
-0.6043060908130263 1.5781235435871177 -0.9864541679973148
-0.5801338471805054 1.5727863177585433 -0.9931383922715725
-0.5559616035479843 1.5674490919299686 -0.9998226165458302
-0.5317893599154633 1.562111866101394 -1.006506840820088
-0.5076171162829423 1.5567746402728195 -1.0131910650943456
-0.48344487265042113 1.5514374144442449 -1.0198752893686034
-0.4592726290179001 1.5461001886156702 -1.026559513642861
-0.43510038538537904 1.5407629627870958 -1.0332437379171187
-0.41092814175285797 1.5354257369585211 -1.0399279621913764
-0.3867558981203369 1.5300885111299465 -1.0466121864656341
-0.3625836544878158 1.5247512853013718 -1.0532964107398919
-0.33841141085529486 1.5194140594727974 -1.0599806350141494
-0.3142391672227738 1.5140768336442227 -1.0666648592884072
-0.2900669235902527 1.508739607815648 -1.073349083562665
-0.26589467995773164 1.5034023819870737 -1.0800333078369226
-0.24172243632521057 1.498065156158499 -1.0867175321111802
-0.21755019269268958 1.4927279303299243 -1.093401756385438
-0.1933779490601685 1.48739070450135 -1.1000859806596957
-0.16920570542764743 1.4820534786727753 -1.1067702049339534
-0.14503346179512636 1.4767162528442006 -1.1134544292082111
-0.12086121816260528 1.471379027015626 -1.1201386534824687
-0.0966889745300843 1.4660418011870515 -1.1268228777567264
-0.07251673089756323 1.4607045753584769 -1.1335071020309841
-0.04834448726504215 1.4553673495299022 -1.140191326305242
-0.024172243632521077 1.4500301237013278 -1.1468755505794994
0.0 1.4446928978727531 -1.1535597748537572
-0.9427175016683212 1.6692616699357161 -0.9059836619628635
-0.9185452580358001 1.6639244441071415 -0.9126678862371211
-0.8943730144032791 1.658587218278567 -0.9193521105113789
-0.8702007707707581 1.6532499924499924 -0.9260363347856365
-0.8460285271382371 1.6479127666214177 -0.9327205590598943
-0.8218562835057159 1.6425755407928433 -0.939404783334152
-0.7976840398731949 1.6372383149642686 -0.9460890076084096
-0.7735117962406738 1.631901089135694 -0.9527732318826674
-0.7493395526081529 1.6265638633071196 -0.959457456156925
-0.7251673089756318 1.621226637478545 -0.9661416804311828
-0.7009950653431107 1.6158894116499702 -0.9728259047054404
-0.6768228217105896 1.6105521858213956 -0.9795101289796981
-0.6526505780780686 1.6052149599928212 -0.9861943532539559
-0.6284783344455476 1.5998777341642465 -0.9928785775282135
-0.6043060908130263 1.5945405083356718 -0.9995628018024713
-0.5801338471805054 1.5892032825070974 -1.006247026076729
-0.5559616035479843 1.5838660566785228 -1.0129312503509866
-0.5317893599154633 1.578528830849948 -1.0196154746252444
-0.5076171162829423 1.5731916050213737 -1.026299698899502
-0.48344487265042113 1.567854379192799 -1.0329839231737596
-0.4592726290179001 1.5625171533642244 -1.0396681474480174
-0.43510038538537904 1.5571799275356497 -1.0463523717222751
-0.41092814175285797 1.5518427017070753 -1.0530365959965329
-0.3867558981203369 1.5465054758785006 -1.0597208202707904
-0.3625836544878158 1.541168250049926 -1.0664050445450481
-0.33841141085529486 1.5358310242213515 -1.0730892688193059
-0.3142391672227738 1.5304937983927769 -1.0797734930935636
-0.2900669235902527 1.5251565725642022 -1.0864577173678214
-0.26589467995773164 1.5198193467356278 -1.093141941642079
-0.24172243632521057 1.5144821209070531 -1.0998261659163366
-0.21755019269268958 1.5091448950784785 -1.1065103901905944
-0.1933779490601685 1.5038076692499038 -1.1131946144648521
-0.16920570542764743 1.4984704434213294 -1.1198788387391096
-0.14503346179512636 1.4931332175927547 -1.1265630630133674
-0.12086121816260528 1.48779599176418 -1.1332472872876251
-0.0966889745300843 1.4824587659356057 -1.1399315115618829
-0.07251673089756323 1.477121540107031 -1.1466157358361406
-0.04834448726504215 1.4717843142784564 -1.1532999601103981
-0.024172243632521077 1.466447088449882 -1.159984184384656
0.0 1.4611098626213073 -1.1666684086589136
-0.9427175016683212 1.68567863468427 -0.9190922957680198
-0.9185452580358001 1.6803414088556956 -0.9257765200422775
-0.8943730144032791 1.675004183027121 -0.9324607443165351
-0.8702007707707581 1.6696669571985463 -0.9391449685907929
-0.8460285271382371 1.6643297313699719 -0.9458291928650505
-0.8218562835057159 1.6589925055413972 -0.9525134171393083
-0.7976840398731949 1.6536552797128226 -0.959197641413566
-0.7735117962406738 1.648318053884248 -0.9658818656878236
-0.7493395526081529 1.6429808280556735 -0.9725660899620813
-0.7251673089756318 1.6376436022270988 -0.979250314236339
-0.7009950653431107 1.6323063763985242 -0.9859345385105968
-0.6768228217105896 1.6269691505699497 -0.9926187627848544
-0.6526505780780686 1.621631924741375 -0.9993029870591121
-0.6284783344455476 1.6162946989128004 -1.0059872113333699
-0.6043060908130263 1.6109574730842258 -1.0126714356076276
-0.5801338471805054 1.6056202472556513 -1.0193556598818851
-0.5559616035479843 1.6002830214270767 -1.026039884156143
-0.5317893599154633 1.594945795598502 -1.0327241084304006
-0.5076171162829423 1.5896085697699276 -1.0394083327046584
-0.48344487265042113 1.584271343941353 -1.046092556978916
-0.4592726290179001 1.5789341181127783 -1.0527767812531736
-0.43510038538537904 1.5735968922842039 -1.0594610055274314
-0.41092814175285797 1.5682596664556292 -1.0661452298016891
-0.3867558981203369 1.5629224406270545 -1.0728294540759469
-0.3625836544878158 1.55758521479848 -1.0795136783502044
-0.33841141085529486 1.5522479889699055 -1.0861979026244621
-0.3142391672227738 1.5469107631413308 -1.0928821268987199
-0.2900669235902527 1.5415735373127561 -1.0995663511729776
-0.26589467995773164 1.5362363114841817 -1.1062505754472352
-0.24172243632521057 1.530899085655607 -1.112934799721493
-0.21755019269268958 1.5255618598270324 -1.1196190239957506
-0.1933779490601685 1.520224633998458 -1.1263032482700084
-0.16920570542764743 1.5148874081698833 -1.1329874725442661
-0.14503346179512636 1.5095501823413087 -1.1396716968185236
-0.12086121816260528 1.5042129565127342 -1.1463559210927814
-0.0966889745300843 1.4988757306841596 -1.1530401453670391
-0.07251673089756323 1.493538504855585 -1.1597243696412969
-0.04834448726504215 1.4882012790270103 -1.1664085939155544
-0.024172243632521077 1.4828640531984358 -1.1730928181898121
0.0 1.4775268273698612 -1.17977704246407
-0.9427175016683212 1.702095599432824 -0.932200929573176
-0.9185452580358001 1.6967583736042495 -0.9388851538474338
-0.8943730144032791 1.6914211477756749 -0.9455693781216915
-0.8702007707707581 1.6860839219471002 -0.9522536023959491
-0.8460285271382371 1.6807466961185258 -0.9589378266702069
-0.8218562835057159 1.6754094702899511 -0.9656220509444645
-0.7976840398731949 1.6700722444613765 -0.9723062752187223
-0.7735117962406738 1.664735018632802 -0.9789904994929799
-0.7493395526081529 1.6593977928042274 -0.9856747237672376
-0.7251673089756318 1.6540605669756527 -0.9923589480414953
-0.7009950653431107 1.648723341147078 -0.999043172315753
-0.6768228217105896 1.6433861153185036 -1.0057273965900106
-0.6526505780780686 1.638048889489929 -1.0124116208642684
-0.6284783344455476 1.6327116636613543 -1.0190958451385261
-0.6043060908130263 1.62737443783278 -1.0257800694127839
-0.5801338471805054 1.6220372120042053 -1.0324642936870414
-0.5559616035479843 1.6166999861756306 -1.0391485179612991
-0.5317893599154633 1.6113627603470562 -1.045832742235557
-0.5076171162829423 1.6060255345184815 -1.0525169665098146
-0.48344487265042113 1.6006883086899069 -1.0592011907840724
-0.4592726290179001 1.5953510828613322 -1.06588541505833
-0.43510038538537904 1.5900138570327578 -1.0725696393325876
-0.41092814175285797 1.5846766312041831 -1.0792538636068454
-0.3867558981203369 1.5793394053756085 -1.0859380878811031
-0.3625836544878158 1.574002179547034 -1.0926223121553609
-0.33841141085529486 1.5686649537184594 -1.0993065364296184
-0.3142391672227738 1.5633277278898847 -1.1059907607038761
-0.2900669235902527 1.5579905020613103 -1.1126749849781339
-0.26589467995773164 1.5526532762327356 -1.1193592092523916
-0.24172243632521057 1.547316050404161 -1.1260434335266492
-0.21755019269268958 1.5419788245755865 -1.132727657800907
-0.1933779490601685 1.536641598747012 -1.1394118820751646
-0.16920570542764743 1.5313043729184372 -1.1460961063494224
-0.14503346179512636 1.5259671470898626 -1.1527803306236801
-0.12086121816260528 1.5206299212612882 -1.1594645548979376
-0.0966889745300843 1.5152926954327135 -1.1661487791721954
-0.07251673089756323 1.5099554696041388 -1.1728330034464531
-0.04834448726504215 1.5046182437755644 -1.1795172277207109
-0.024172243632521077 1.4992810179469898 -1.1862014519949684
0.0 1.493943792118415 -1.1928856762692261
-0.9427175016683212 1.718512564181378 -0.9453095633783325
-0.9185452580358001 1.7131753383528037 -0.9519937876525901
-0.8943730144032791 1.707838112524229 -0.9586780119268479
-0.8702007707707581 1.7025008866956544 -0.9653622362011055
-0.8460285271382371 1.69716366086708 -0.9720464604753632
-0.8218562835057159 1.6918264350385053 -0.978730684749621
-0.7976840398731949 1.6864892092099306 -0.9854149090238786
-0.7735117962406738 1.681151983381356 -0.9920991332981364
-0.7493395526081529 1.6758147575527815 -0.998783357572394
-0.7251673089756318 1.6704775317242069 -1.0054675818466516
-0.7009950653431107 1.6651403058956322 -1.0121518061209094
-0.6768228217105896 1.6598030800670578 -1.0188360303951671
-0.6526505780780686 1.6544658542384831 -1.0255202546694249
-0.6284783344455476 1.6491286284099085 -1.0322044789436826
-0.6043060908130263 1.6437914025813338 -1.0388887032179401
-0.5801338471805054 1.6384541767527594 -1.0455729274921979
-0.5559616035479843 1.6331169509241847 -1.0522571517664556
-0.5317893599154633 1.62777972509561 -1.0589413760407134
-0.5076171162829423 1.6224424992670357 -1.0656256003149709
-0.48344487265042113 1.617105273438461 -1.0723098245892286
-0.4592726290179001 1.6117680476098863 -1.0789940488634864
-0.43510038538537904 1.606430821781312 -1.0856782731377441
-0.41092814175285797 1.6010935959527373 -1.0923624974120019
-0.3867558981203369 1.5957563701241626 -1.0990467216862594
-0.3625836544878158 1.5904191442955882 -1.1057309459605171
-0.33841141085529486 1.5850819184670135 -1.1124151702347749
-0.3142391672227738 1.5797446926384389 -1.1190993945090326
-0.2900669235902527 1.5744074668098642 -1.1257836187832904
-0.26589467995773164 1.5690702409812898 -1.1324678430575479
-0.24172243632521057 1.5637330151527151 -1.1391520673318056
-0.21755019269268958 1.5583957893241405 -1.1458362916060634
-0.1933779490601685 1.553058563495566 -1.1525205158803211
-0.16920570542764743 1.5477213376669914 -1.1592047401545786
-0.14503346179512636 1.5423841118384167 -1.1658889644288364
-0.12086121816260528 1.5370468860098423 -1.1725731887030941
-0.0966889745300843 1.5317096601812676 -1.1792574129773519
-0.07251673089756323 1.526372434352693 -1.1859416372516096
-0.04834448726504215 1.5210352085241186 -1.1926258615258671
-0.024172243632521077 1.515697982695544 -1.1993100858001249
0.0 1.5103607568669692 -1.2059943100743826
-0.9427175016683212 1.7349295289299322 -0.9584181971834888
-0.9185452580358001 1.7295923031013576 -0.9651024214577465
-0.8943730144032791 1.724255077272783 -0.9717866457320041
-0.8702007707707581 1.7189178514442085 -0.9784708700062619
-0.8460285271382371 1.7135806256156338 -0.9851550942805195
-0.8218562835057159 1.7082433997870592 -0.9918393185547772
-0.7976840398731949 1.7029061739584845 -0.998523542829035
-0.7735117962406738 1.69756894812991 -1.0052077671032926
-0.7493395526081529 1.6922317223013355 -1.0118919913775504
-0.7251673089756318 1.6868944964727608 -1.0185762156518081
-0.7009950653431107 1.6815572706441864 -1.0252604399260656
-0.6768228217105896 1.6762200448156117 -1.0319446642003234
-0.6526505780780686 1.670882818987037 -1.0386288884745811
-0.6284783344455476 1.6655455931584626 -1.0453131127488389
-0.6043060908130263 1.660208367329888 -1.0519973370230966
-0.5801338471805054 1.6548711415013133 -1.0586815612973541
-0.5559616035479843 1.6495339156727387 -1.0653657855716119
-0.5317893599154633 1.6441966898441642 -1.0720500098458696
-0.5076171162829423 1.6388594640155896 -1.0787342341201274
-0.48344487265042113 1.633522238187015 -1.0854184583943849
-0.4592726290179001 1.6281850123584405 -1.0921026826686426
-0.43510038538537904 1.6228477865298658 -1.0987869069429004
-0.41092814175285797 1.6175105607012912 -1.1054711312171581
-0.3867558981203369 1.6121733348727165 -1.1121553554914159
-0.3625836544878158 1.606836109044142 -1.1188395797656734
-0.33841141085529486 1.6014988832155674 -1.1255238040399311
-0.3142391672227738 1.5961616573869928 -1.1322080283141889
-0.2900669235902527 1.5908244315584184 -1.1388922525884466
-0.26589467995773164 1.5854872057298437 -1.1455764768627041
-0.24172243632521057 1.580149979901269 -1.1522607011369619
-0.21755019269268958 1.5748127540726946 -1.1589449254112196
-0.1933779490601685 1.56947552824412 -1.1656291496854774
-0.16920570542764743 1.5641383024155453 -1.1723133739597351
-0.14503346179512636 1.5588010765869706 -1.1789975982339926
-0.12086121816260528 1.5534638507583962 -1.1856818225082504
-0.0966889745300843 1.5481266249298216 -1.1923660467825081
-0.07251673089756323 1.542789399101247 -1.1990502710567659
-0.04834448726504215 1.5374521732726725 -1.2057344953310236
-0.024172243632521077 1.5321149474440978 -1.2124187196052811
0.0 1.5267777216155232 -1.2191029438795389
-0.9427175016683212 1.7513464936784862 -0.971526830988645
-0.9185452580358001 1.7460092678499115 -0.9782110552629028
-0.8943730144032791 1.7406720420213369 -0.9848952795371605
-0.8702007707707581 1.7353348161927624 -0.9915795038114181
-0.8460285271382371 1.7299975903641878 -0.9982637280856759
-0.8218562835057159 1.724660364535613 -1.0049479523599336
-0.7976840398731949 1.7193231387070385 -1.0116321766341911
-0.7735117962406738 1.713985912878464 -1.0183164009084489
-0.7493395526081529 1.7086486870498894 -1.0250006251827066
-0.7251673089756318 1.7033114612213147 -1.0316848494569644
-0.7009950653431107 1.6979742353927403 -1.038369073731222
-0.6768228217105896 1.6926370095641656 -1.0450532980054796
-0.6526505780780686 1.687299783735591 -1.0517375222797374
-0.6284783344455476 1.6819625579070165 -1.0584217465539951
-0.6043060908130263 1.6766253320784419 -1.0651059708282529
-0.5801338471805054 1.6712881062498672 -1.0717901951025104
-0.5559616035479843 1.6659508804212926 -1.0784744193767681
-0.5317893599154633 1.6606136545927181 -1.0851586436510259
-0.5076171162829423 1.6552764287641435 -1.0918428679252836
-0.48344487265042113 1.6499392029355688 -1.0985270921995414
-0.4592726290179001 1.6446019771069944 -1.1052113164737989
-0.43510038538537904 1.6392647512784198 -1.1118955407480566
-0.41092814175285797 1.633927525449845 -1.1185797650223144
-0.3867558981203369 1.6285902996212707 -1.1252639892965721
-0.3625836544878158 1.623253073792696 -1.1319482135708299
-0.33841141085529486 1.6179158479641214 -1.1386324378450874
-0.3142391672227738 1.612578622135547 -1.1453166621193451
-0.2900669235902527 1.6072413963069723 -1.1520008863936029
-0.26589467995773164 1.6019041704783976 -1.1586851106678606
-0.24172243632521057 1.596566944649823 -1.1653693349421181
-0.21755019269268958 1.5912297188212485 -1.1720535592163759
-0.1933779490601685 1.5858924929926739 -1.1787377834906336
-0.16920570542764743 1.5805552671640992 -1.1854220077648914
-0.14503346179512636 1.5752180413355248 -1.1921062320391491
-0.12086121816260528 1.5698808155069501 -1.1987904563134066
-0.0966889745300843 1.5645435896783755 -1.2054746805876644
-0.07251673089756323 1.559206363849801 -1.2121589048619221
-0.04834448726504215 1.5538691380212264 -1.2188431291361799
-0.024172243632521077 1.5485319121926517 -1.2255273534104374
0.0 1.543194686364077 -1.2322115776846951
-0.9427175016683212 1.7677634584270403 -0.9846354647938015
-0.9185452580358001 1.7624262325984656 -0.9913196890680591
-0.8943730144032791 1.757089006769891 -0.9980039133423169
-0.8702007707707581 1.7517517809413166 -1.0046881376165746
-0.8460285271382371 1.746414555112742 -1.0113723618908323
-0.8218562835057159 1.7410773292841673 -1.0180565861650899
-0.7976840398731949 1.7357401034555926 -1.0247408104393476
-0.7735117962406738 1.7304028776270182 -1.0314250347136054
-0.7493395526081529 1.7250656517984435 -1.038109258987863
-0.7251673089756318 1.7197284259698689 -1.0447934832621206
-0.7009950653431107 1.7143912001412944 -1.0514777075363784
-0.6768228217105896 1.7090539743127198 -1.0581619318106361
-0.6526505780780686 1.7037167484841451 -1.0648461560848939
-0.6284783344455476 1.6983795226555707 -1.0715303803591516
-0.6043060908130263 1.693042296826996 -1.0782146046334091
-0.5801338471805054 1.6877050709984214 -1.0848988289076669
-0.5559616035479843 1.6823678451698467 -1.0915830531819246
-0.5317893599154633 1.6770306193412723 -1.0982672774561824
-0.5076171162829423 1.6716933935126976 -1.1049515017304399
-0.48344487265042113 1.666356167684123 -1.1116357260046976
-0.4592726290179001 1.6610189418555485 -1.1183199502789554
-0.43510038538537904 1.655681716026974 -1.125004174553213
-0.41092814175285797 1.6503444901983992 -1.1316883988274709
-0.3867558981203369 1.6450072643698248 -1.1383726231017284
-0.3625836544878158 1.6396700385412502 -1.1450568473759861
-0.33841141085529486 1.6343328127126755 -1.1517410716502439
-0.3142391672227738 1.6289955868841008 -1.1584252959245016
-0.2900669235902527 1.6236583610555264 -1.1651095201987594
-0.26589467995773164 1.6183211352269518 -1.1717937444730169
-0.24172243632521057 1.612983909398377 -1.1784779687472746
-0.21755019269268958 1.6076466835698027 -1.1851621930215324
-0.1933779490601685 1.602309457741228 -1.19184641729579
-0.16920570542764743 1.5969722319126534 -1.1985306415700476
-0.14503346179512636 1.591635006084079 -1.2052148658443054
-0.12086121816260528 1.5862977802555043 -1.2118990901185631
-0.0966889745300843 1.5809605544269296 -1.2185833143928209
-0.07251673089756323 1.5756233285983552 -1.2252675386670786
-0.04834448726504215 1.5702861027697805 -1.2319517629413361
-0.024172243632521077 1.5649488769412059 -1.2386359872155939
0.0 1.5596116511126312 -1.2453202114898516
-0.9427175016683212 1.784180423175594 -0.9977440985989576
-0.9185452580358001 1.7788431973470193 -1.0044283228732154
-0.8943730144032791 1.773505971518445 -1.0111125471474731
-0.8702007707707581 1.7681687456898703 -1.0177967714217306
-0.8460285271382371 1.7628315198612956 -1.0244809956959884
-0.8218562835057159 1.757494294032721 -1.0311652199702461
-0.7976840398731949 1.7521570682041465 -1.0378494442445039
-0.7735117962406738 1.7468198423755719 -1.0445336685187616
-0.7493395526081529 1.7414826165469972 -1.0512178927930191
-0.7251673089756318 1.7361453907184228 -1.0579021170672769
-0.7009950653431107 1.7308081648898481 -1.0645863413415346
-0.6768228217105896 1.7254709390612735 -1.0712705656157924
-0.6526505780780686 1.720133713232699 -1.07795478989005
-0.6284783344455476 1.7147964874041244 -1.0846390141643076
-0.6043060908130263 1.7094592615755497 -1.0913232384385654
-0.5801338471805054 1.704122035746975 -1.0980074627128231
-0.5559616035479843 1.6987848099184006 -1.1046916869870809
-0.5317893599154633 1.693447584089826 -1.1113759112613384
-0.5076171162829423 1.6881103582612513 -1.1180601355355961
-0.48344487265042113 1.682773132432677 -1.1247443598098539
-0.4592726290179001 1.6774359066041022 -1.1314285840841116
-0.43510038538537904 1.6720986807755276 -1.1381128083583691
-0.41092814175285797 1.6667614549469532 -1.1447970326326269
-0.3867558981203369 1.6614242291183785 -1.1514812569068846
-0.3625836544878158 1.6560870032898038 -1.1581654811811424
-0.33841141085529486 1.6507497774612294 -1.1648497054554001
-0.3142391672227738 1.6454125516326548 -1.1715339297296576
-0.2900669235902527 1.64007532580408 -1.1782181540039154
-0.26589467995773164 1.6347380999755055 -1.1849023782781731
-0.24172243632521057 1.629400874146931 -1.1915866025524309
-0.21755019269268958 1.6240636483183564 -1.1982708268266884
-0.1933779490601685 1.6187264224897817 -1.2049550511009461
-0.16920570542764743 1.6133891966612073 -1.2116392753752039
-0.14503346179512636 1.6080519708326326 -1.2183234996494616
-0.12086121816260528 1.602714745004058 -1.2250077239237194
-0.0966889745300843 1.5973775191754835 -1.231691948197977
-0.07251673089756323 1.5920402933469089 -1.2383761724722346
-0.04834448726504215 1.5867030675183342 -1.2450603967464924
-0.024172243632521077 1.5813658416897596 -1.2517446210207501
0.0 1.5760286158611851 -1.2584288452950079
-0.9427175016683212 1.8005973879241484 -1.010852732404114
-0.9185452580358001 1.7952601620955737 -1.0175369566783719
-0.8943730144032791 1.789922936266999 -1.0242211809526296
-0.8702007707707581 1.7845857104384246 -1.0309054052268873
-0.8460285271382371 1.77924848460985 -1.037589629501145
-0.8218562835057159 1.7739112587812753 -1.0442738537754026
-0.7976840398731949 1.7685740329527007 -1.0509580780496603
-0.7735117962406738 1.7632368071241262 -1.057642302323918
-0.7493395526081529 1.7578995812955516 -1.0643265265981758
-0.7251673089756318 1.752562355466977 -1.0710107508724334
-0.7009950653431107 1.7472251296384025 -1.077694975146691
-0.6768228217105896 1.7418879038098278 -1.0843791994209488
-0.6526505780780686 1.7365506779812532 -1.0910634236952066
-0.6284783344455476 1.7312134521526787 -1.0977476479694643
-0.6043060908130263 1.725876226324104 -1.1044318722437219
-0.5801338471805054 1.7205390004955294 -1.1111160965179796
-0.5559616035479843 1.715201774666955 -1.1178003207922373
-0.5317893599154633 1.7098645488383803 -1.124484545066495
-0.5076171162829423 1.7045273230098057 -1.1311687693407526
-0.48344487265042113 1.699190097181231 -1.1378529936150104
-0.4592726290179001 1.6938528713526566 -1.144537217889268
-0.43510038538537904 1.688515645524082 -1.1512214421635258
-0.41092814175285797 1.6831784196955073 -1.1579056664377836
-0.3867558981203369 1.6778411938669329 -1.164589890712041
-0.3625836544878158 1.6725039680383582 -1.1712741149862989
-0.33841141085529486 1.6671667422097836 -1.1779583392605566
-0.3142391672227738 1.6618295163812091 -1.1846425635348143
-0.2900669235902527 1.6564922905526345 -1.191326787809072
-0.26589467995773164 1.6511550647240598 -1.1980110120833296
-0.24172243632521057 1.6458178388954852 -1.2046952363575874
-0.21755019269268958 1.6404806130669107 -1.211379460631845
-0.1933779490601685 1.635143387238336 -1.2180636849061028
-0.16920570542764743 1.6298061614097614 -1.2247479091803604
-0.14503346179512636 1.624468935581187 -1.231432133454618
-0.12086121816260528 1.6191317097526123 -1.2381163577288758
-0.0966889745300843 1.6137944839240377 -1.2448005820031336
-0.07251673089756323 1.6084572580954632 -1.2514848062773911
-0.04834448726504215 1.6031200322668886 -1.2581690305516489
-0.024172243632521077 1.597782806438314 -1.2648532548259066
0.0 1.5924455806097393 -1.2715374791001643
-0.9427175016683212 1.8170143526727023 -1.0239613662092706
-0.9185452580358001 1.8116771268441276 -1.030645590483528
-0.8943730144032791 1.806339901015553 -1.0373298147577859
-0.8702007707707581 1.8010026751869785 -1.0440140390320436
-0.8460285271382371 1.7956654493584039 -1.0506982633063013
-0.8218562835057159 1.7903282235298292 -1.0573824875805589
-0.7976840398731949 1.7849909977012548 -1.0640667118548166
-0.7735117962406738 1.7796537718726801 -1.0707509361290743
-0.7493395526081529 1.7743165460441055 -1.077435160403332
-0.7251673089756318 1.768979320215531 -1.0841193846775898
-0.7009950653431107 1.7636420943869564 -1.0908036089518474
-0.6768228217105896 1.7583048685583818 -1.097487833226105
-0.6526505780780686 1.752967642729807 -1.1041720575003628
-0.6284783344455476 1.7476304169012327 -1.1108562817746206
-0.6043060908130263 1.742293191072658 -1.1175405060488783
-0.5801338471805054 1.7369559652440834 -1.1242247303231359
-0.5559616035479843 1.731618739415509 -1.1309089545973936
-0.5317893599154633 1.7262815135869343 -1.1375931788716513
-0.5076171162829423 1.7209442877583596 -1.144277403145909
-0.48344487265042113 1.7156070619297852 -1.1509616274201666
-0.4592726290179001 1.7102698361012105 -1.1576458516944244
-0.43510038538537904 1.7049326102726359 -1.164330075968682
-0.41092814175285797 1.6995953844440612 -1.1710143002429398
-0.3867558981203369 1.6942581586154868 -1.1776985245171976
-0.3625836544878158 1.6889209327869121 -1.184382748791455
-0.33841141085529486 1.6835837069583375 -1.1910669730657129
-0.3142391672227738 1.678246481129763 -1.1977511973399706
-0.2900669235902527 1.6729092553011884 -1.2044354216142283
-0.26589467995773164 1.6675720294726137 -1.2111196458884859
-0.24172243632521057 1.6622348036440393 -1.2178038701627436
-0.21755019269268958 1.6568975778154647 -1.2244880944370014
-0.1933779490601685 1.65156035198689 -1.231172318711259
-0.16920570542764743 1.6462231261583153 -1.2378565429855168
-0.14503346179512636 1.640885900329741 -1.2445407672597744
-0.12086121816260528 1.6355486745011663 -1.251224991534032
-0.0966889745300843 1.6302114486725916 -1.2579092158082898
-0.07251673089756323 1.6248742228440172 -1.2645934400825476
-0.04834448726504215 1.6195369970154425 -1.2712776643568051
-0.024172243632521077 1.6141997711868679 -1.2779618886310629
0.0 1.6088625453582934 -1.2846461129053206
-0.9427175016683212 1.8334313174212562 -1.0370700000144268
-0.9185452580358001 1.8280940915926815 -1.0437542242886844
-0.8943730144032791 1.8227568657641071 -1.050438448562942
-0.8702007707707581 1.8174196399355325 -1.0571226728371999
-0.8460285271382371 1.8120824141069578 -1.0638068971114576
-0.8218562835057159 1.8067451882783832 -1.0704911213857153
-0.7976840398731949 1.8014079624498087 -1.0771753456599729
-0.7735117962406738 1.796070736621234 -1.0838595699342306
-0.7493395526081529 1.7907335107926594 -1.0905437942084883
-0.7251673089756318 1.785396284964085 -1.097228018482746
-0.7009950653431107 1.7800590591355103 -1.1039122427570036
-0.6768228217105896 1.7747218333069357 -1.1105964670312614
-0.6526505780780686 1.7693846074783612 -1.117280691305519
-0.6284783344455476 1.7640473816497866 -1.1239649155797768
-0.6043060908130263 1.758710155821212 -1.1306491398540346
-0.5801338471805054 1.7533729299926373 -1.1373333641282921
-0.5559616035479843 1.7480357041640628 -1.1440175884025499
-0.5317893599154633 1.7426984783354882 -1.1507018126768076
-0.5076171162829423 1.7373612525069135 -1.1573860369510653
-0.48344487265042113 1.732024026678339 -1.164070261225323
-0.4592726290179001 1.7266868008497644 -1.1707544854995806
-0.43510038538537904 1.7213495750211898 -1.1774387097738384
-0.41092814175285797 1.7160123491926154 -1.184122934048096
-0.3867558981203369 1.7106751233640407 -1.1908071583223538
-0.3625836544878158 1.705337897535466 -1.1974913825966114
-0.33841141085529486 1.7000006717068916 -1.204175606870869
-0.3142391672227738 1.694663445878317 -1.2108598311451269
-0.2900669235902527 1.6893262200497423 -1.2175440554193846
-0.26589467995773164 1.6839889942211677 -1.2242282796936423
-0.24172243632521057 1.6786517683925932 -1.2309125039678999
-0.21755019269268958 1.6733145425640186 -1.2375967282421576
-0.1933779490601685 1.667977316735444 -1.2442809525164154
-0.16920570542764743 1.6626400909068695 -1.250965176790673
-0.14503346179512636 1.6573028650782948 -1.2576494010649306
-0.12086121816260528 1.6519656392497202 -1.2643336253391884
-0.0966889745300843 1.6466284134211457 -1.271017849613446
-0.07251673089756323 1.641291187592571 -1.2777020738877038
-0.04834448726504215 1.6359539617639964 -1.2843862981619616
-0.024172243632521077 1.6306167359354218 -1.2910705224362191
0.0 1.6252795101068473 -1.2977547467104769
-0.9427175016683212 1.8498482821698101 -1.050178633819583
-0.9185452580358001 1.8445110563412355 -1.0568628580938408
-0.8943730144032791 1.839173830512661 -1.0635470823680984
-0.8702007707707581 1.8338366046840864 -1.070231306642356
-0.8460285271382371 1.8284993788555117 -1.0769155309166139
-0.8218562835057159 1.8231621530269373 -1.0835997551908716
-0.7976840398731949 1.8178249271983626 -1.0902839794651293
-0.7735117962406738 1.812487701369788 -1.0969682037393869
-0.7493395526081529 1.8071504755412136 -1.1036524280136446
-0.7251673089756318 1.801813249712639 -1.1103366522879023
-0.7009950653431107 1.7964760238840642 -1.11702087656216
-0.6768228217105896 1.7911387980554898 -1.1237051008364176
-0.6526505780780686 1.7858015722269152 -1.1303893251106754
-0.6284783344455476 1.7804643463983405 -1.137073549384933
-0.6043060908130263 1.7751271205697658 -1.1437577736591908
-0.5801338471805054 1.7697898947411914 -1.1504419979334486
-0.5559616035479843 1.7644526689126168 -1.1571262222077061
-0.5317893599154633 1.759115443084042 -1.1638104464819639
-0.5076171162829423 1.7537782172554677 -1.1704946707562216
-0.48344487265042113 1.748440991426893 -1.1771788950304793
-0.4592726290179001 1.7431037655983184 -1.1838631193047369
-0.43510038538537904 1.737766539769744 -1.1905473435789946
-0.41092814175285797 1.7324293139411693 -1.1972315678532524
-0.3867558981203369 1.7270920881125946 -1.20391579212751
-0.3625836544878158 1.72175486228402 -1.2106000164017678
-0.33841141085529486 1.7164176364554455 -1.2172842406760254
-0.3142391672227738 1.7110804106268709 -1.223968464950283
-0.2900669235902527 1.7057431847982962 -1.2306526892245409
-0.26589467995773164 1.7004059589697218 -1.2373369134987986
-0.24172243632521057 1.6950687331411471 -1.2440211377730561
-0.21755019269268958 1.6897315073125725 -1.2507053620473139
-0.1933779490601685 1.684394281483998 -1.2573895863215716
-0.16920570542764743 1.6790570556554234 -1.2640738105958294
-0.14503346179512636 1.6737198298268487 -1.270758034870087
-0.12086121816260528 1.668382603998274 -1.2774422591443446
-0.0966889745300843 1.6630453781696997 -1.2841264834186024
-0.07251673089756323 1.657708152341125 -1.29081070769286
-0.04834448726504215 1.6523709265125504 -1.2974949319671178
-0.024172243632521077 1.647033700683976 -1.3041791562413754
0.0 1.6416964748554013 -1.3108633805156331
-0.9427175016683212 1.866265246918364 -1.0632872676247394
-0.9185452580358001 1.8609280210897896 -1.069971491898997
-0.8943730144032791 1.855590795261215 -1.0766557161732548
-0.8702007707707581 1.8502535694326403 -1.0833399404475124
-0.8460285271382371 1.8449163436040659 -1.09002416472177
-0.8218562835057159 1.8395791177754912 -1.0967083889960278
-0.7976840398731949 1.8342418919469166 -1.1033926132702856
-0.7735117962406738 1.828904666118342 -1.1100768375445431
-0.7493395526081529 1.8235674402897675 -1.1167610618188009
-0.7251673089756318 1.8182302144611928 -1.1234452860930586
-0.7009950653431107 1.8128929886326182 -1.1301295103673163
-0.6768228217105896 1.8075557628040437 -1.136813734641574
-0.6526505780780686 1.802218536975469 -1.1434979589158316
-0.6284783344455476 1.7968813111468944 -1.1501821831900894
-0.6043060908130263 1.7915440853183198 -1.156866407464347
-0.5801338471805054 1.7862068594897453 -1.1635506317386048
-0.5559616035479843 1.7808696336611707 -1.1702348560128624
-0.5317893599154633 1.775532407832596 -1.1769190802871201
-0.5076171162829423 1.7701951820040216 -1.1836033045613779
-0.48344487265042113 1.764857956175447 -1.1902875288356356
-0.4592726290179001 1.7595207303468723 -1.1969717531098933
-0.43510038538537904 1.7541835045182979 -1.2036559773841509
-0.41092814175285797 1.7488462786897232 -1.2103402016584086
-0.3867558981203369 1.7435090528611485 -1.2170244259326664
-0.3625836544878158 1.738171827032574 -1.223708650206924
-0.33841141085529486 1.7328346012039995 -1.2303928744811816
-0.3142391672227738 1.7274973753754248 -1.2370770987554394
-0.2900669235902527 1.7221601495468501 -1.243761323029697
-0.26589467995773164 1.7168229237182757 -1.2504455473039549
-0.24172243632521057 1.711485697889701 -1.2571297715782126
-0.21755019269268958 1.7061484720611264 -1.2638139958524701
-0.1933779490601685 1.700811246232552 -1.2704982201267279
-0.16920570542764743 1.6954740204039773 -1.2771824444009856
-0.14503346179512636 1.6901367945754027 -1.2838666686752433
-0.12086121816260528 1.6847995687468282 -1.2905508929495009
-0.0966889745300843 1.6794623429182536 -1.2972351172237586
-0.07251673089756323 1.674125117089679 -1.3039193414980164
-0.04834448726504215 1.6687878912611043 -1.310603565772274
-0.024172243632521077 1.6634506654325298 -1.3172877900465318
0.0 1.6581134396039552 -1.3239720143207894
-0.9427175016683212 1.8826822116669184 -1.0763959014298958
-0.9185452580358001 1.8773449858383437 -1.0830801257041536
-0.8943730144032791 1.8720077600097693 -1.0897643499784113
-0.8702007707707581 1.8666705341811947 -1.096448574252669
-0.8460285271382371 1.86133330835262 -1.1031327985269266
-0.8218562835057159 1.8559960825240456 -1.1098170228011843
-0.7976840398731949 1.850658856695471 -1.116501247075442
-0.7735117962406738 1.8453216308668963 -1.1231854713496998
-0.7493395526081529 1.8399844050383218 -1.1298696956239573
-0.7251673089756318 1.8346471792097472 -1.136553919898215
-0.7009950653431107 1.8293099533811725 -1.1432381441724728
-0.6768228217105896 1.8239727275525979 -1.1499223684467306
-0.6526505780780686 1.8186355017240234 -1.1566065927209883
-0.6284783344455476 1.8132982758954488 -1.1632908169952458
-0.6043060908130263 1.8079610500668741 -1.1699750412695036
-0.5801338471805054 1.8026238242382997 -1.1766592655437613
-0.5559616035479843 1.797286598409725 -1.183343489818019
-0.5317893599154633 1.7919493725811504 -1.1900277140922768
-0.5076171162829423 1.786612146752576 -1.1967119383665343
-0.48344487265042113 1.7812749209240013 -1.203396162640792
-0.4592726290179001 1.7759376950954266 -1.2100803869150498
-0.43510038538537904 1.770600469266852 -1.2167646111893076
-0.41092814175285797 1.7652632434382776 -1.223448835463565
-0.3867558981203369 1.759926017609703 -1.2301330597378228
-0.3625836544878158 1.7545887917811283 -1.2368172840120806
-0.33841141085529486 1.7492515659525538 -1.2435015082863383
-0.3142391672227738 1.7439143401239792 -1.250185732560596
-0.2900669235902527 1.7385771142954045 -1.2568699568348536
-0.26589467995773164 1.7332398884668299 -1.2635541811091113
-0.24172243632521057 1.7279026626382554 -1.270238405383369
-0.21755019269268958 1.7225654368096808 -1.2769226296576268
-0.1933779490601685 1.7172282109811061 -1.2836068539318843
-0.16920570542764743 1.7118909851525317 -1.290291078206142
-0.14503346179512636 1.706553759323957 -1.2969753024803998
-0.12086121816260528 1.7012165334953824 -1.3036595267546576
-0.0966889745300843 1.695879307666808 -1.3103437510289153
-0.07251673089756323 1.6905420818382333 -1.3170279753031728
-0.04834448726504215 1.6852048560096586 -1.3237121995774306
-0.024172243632521077 1.679867630181084 -1.3303964238516883
0.0 1.6745304043525095 -1.337080648125946
-0.9427175016683212 1.8990991764154723 -1.089504535235052
-0.9185452580358001 1.8937619505868977 -1.0961887595093098
-0.8943730144032791 1.8884247247583232 -1.1028729837835676
-0.8702007707707581 1.8830874989297486 -1.1095572080578253
-0.8460285271382371 1.877750273101174 -1.116241432332083
-0.8218562835057159 1.8724130472725995 -1.1229256566063406
-0.7976840398731949 1.8670758214440248 -1.1296098808805983
-0.7735117962406738 1.8617385956154502 -1.136294105154856
-0.7493395526081529 1.8564013697868758 -1.1429783294291138
-0.7251673089756318 1.851064143958301 -1.1496625537033713
-0.7009950653431107 1.8457269181297264 -1.156346777977629
-0.6768228217105896 1.840389692301152 -1.1630310022518868
-0.6526505780780686 1.8350524664725774 -1.1697152265261446
-0.6284783344455476 1.8297152406440027 -1.1763994508004023
-0.6043060908130263 1.824378014815428 -1.1830836750746598
-0.5801338471805054 1.8190407889868536 -1.1897678993489176
-0.5559616035479843 1.813703563158279 -1.1964521236231753
-0.5317893599154633 1.8083663373297043 -1.203136347897433
-0.5076171162829423 1.8030291115011299 -1.2098205721716906
-0.48344487265042113 1.7976918856725552 -1.2165047964459483
-0.4592726290179001 1.7923546598439806 -1.223189020720206
-0.43510038538537904 1.7870174340154061 -1.2298732449944638
-0.41092814175285797 1.7816802081868315 -1.2365574692687216
-0.3867558981203369 1.7763429823582568 -1.243241693542979
-0.3625836544878158 1.7710057565296822 -1.2499259178172368
-0.33841141085529486 1.7656685307011077 -1.2566101420914946
-0.3142391672227738 1.760331304872533 -1.2632943663657523
-0.2900669235902527 1.7549940790439584 -1.26997859064001
-0.26589467995773164 1.749656853215384 -1.2766628149142676
-0.24172243632521057 1.7443196273868093 -1.2833470391885253
-0.21755019269268958 1.7389824015582347 -1.290031263462783
-0.1933779490601685 1.7336451757296603 -1.2967154877370408
-0.16920570542764743 1.7283079499010856 -1.3033997120112983
-0.14503346179512636 1.722970724072511 -1.310083936285556
-0.12086121816260528 1.7176334982439363 -1.3167681605598138
-0.0966889745300843 1.7122962724153619 -1.3234523848340716
-0.07251673089756323 1.7069590465867872 -1.330136609108329
-0.04834448726504215 1.7016218207582126 -1.3368208333825868
-0.024172243632521077 1.6962845949296381 -1.3435050576568446
0.0 1.6909473691010635 -1.3501892819311023
-0.9427175016683212 1.9155161411640262 -1.1026131690402086
-0.9185452580358001 1.9101789153354518 -1.109297393314466
-0.8943730144032791 1.9048416895068772 -1.1159816175887238
-0.8702007707707581 1.8995044636783025 -1.1226658418629816
-0.8460285271382371 1.894167237849728 -1.1293500661372393
-0.8218562835057159 1.8888300120211534 -1.1360342904114968
-0.7976840398731949 1.8834927861925788 -1.1427185146857546
-0.7735117962406738 1.878155560364004 -1.1494027389600123
-0.7493395526081529 1.8728183345354297 -1.15608696323427
-0.7251673089756318 1.867481108706855 -1.1627711875085278
-0.7009950653431107 1.8621438828782804 -1.1694554117827853
-0.6768228217105896 1.856806657049706 -1.176139636057043
-0.6526505780780686 1.8514694312211313 -1.1828238603313008
-0.6284783344455476 1.8461322053925566 -1.1895080846055586
-0.6043060908130263 1.840794979563982 -1.1961923088798163
-0.5801338471805054 1.8354577537354075 -1.2028765331540738
-0.5559616035479843 1.8301205279068329 -1.2095607574283316
-0.5317893599154633 1.8247833020782582 -1.2162449817025893
-0.5076171162829423 1.8194460762496838 -1.222929205976847
-0.48344487265042113 1.8141088504211091 -1.2296134302511046
-0.4592726290179001 1.8087716245925345 -1.2362976545253623
-0.43510038538537904 1.80343439876396 -1.24298187879962
-0.41092814175285797 1.7980971729353854 -1.2496661030738778
-0.3867558981203369 1.7927599471068107 -1.2563503273481356
-0.3625836544878158 1.7874227212782363 -1.263034551622393
-0.33841141085529486 1.7820854954496617 -1.2697187758966508
-0.3142391672227738 1.776748269621087 -1.2764030001709086
-0.2900669235902527 1.7714110437925124 -1.2830872244451663
-0.26589467995773164 1.766073817963938 -1.2897714487194238
-0.24172243632521057 1.7607365921353633 -1.2964556729936816
-0.21755019269268958 1.7553993663067886 -1.3031398972679393
-0.1933779490601685 1.7500621404782142 -1.309824121542197
-0.16920570542764743 1.7447249146496395 -1.3165083458164548
-0.14503346179512636 1.7393876888210649 -1.3231925700907123
-0.12086121816260528 1.7340504629924904 -1.32987679436497
-0.0966889745300843 1.7287132371639158 -1.3365610186392278
-0.07251673089756323 1.7233760113353411 -1.3432452429134856
-0.04834448726504215 1.7180387855067667 -1.349929467187743
-0.024172243632521077 1.712701559678192 -1.3566136914620008
0.0 1.7073643338496174 -1.3632979157362586
-0.9427175016683212 1.9319331059125802 -1.1157218028453648
-0.9185452580358001 1.9265958800840057 -1.1224060271196223
-0.8943730144032791 1.921258654255431 -1.12909025139388
-0.8702007707707581 1.9159214284268564 -1.1357744756681378
-0.8460285271382371 1.910584202598282 -1.1424586999423956
-0.8218562835057159 1.9052469767697073 -1.1491429242166533
-0.7976840398731949 1.8999097509411327 -1.1558271484909108
-0.7735117962406738 1.8945725251125582 -1.1625113727651686
-0.7493395526081529 1.8892352992839836 -1.1691955970394263
-0.7251673089756318 1.883898073455409 -1.175879821313684
-0.7009950653431107 1.8785608476268343 -1.1825640455879416
-0.6768228217105896 1.8732236217982599 -1.1892482698621993
-0.6526505780780686 1.8678863959696852 -1.195932494136457
-0.6284783344455476 1.8625491701411105 -1.2026167184107148
-0.6043060908130263 1.8572119443125361 -1.2093009426849726
-0.5801338471805054 1.8518747184839615 -1.21598516695923
-0.5559616035479843 1.8465374926553868 -1.2226693912334878
-0.5317893599154633 1.8412002668268124 -1.2293536155077456
-0.5076171162829423 1.8358630409982377 -1.2360378397820033
-0.48344487265042113 1.830525815169663 -1.242722064056261
-0.4592726290179001 1.8251885893410886 -1.2494062883305186
-0.43510038538537904 1.819851363512514 -1.2560905126047763
-0.41092814175285797 1.8145141376839393 -1.262774736879034
-0.3867558981203369 1.8091769118553647 -1.2694589611532918
-0.3625836544878158 1.8038396860267902 -1.2761431854275493
-0.33841141085529486 1.7985024601982156 -1.282827409701807
-0.3142391672227738 1.793165234369641 -1.2895116339760648
-0.2900669235902527 1.7878280085410665 -1.2961958582503226
-0.26589467995773164 1.7824907827124918 -1.3028800825245803
-0.24172243632521057 1.7771535568839172 -1.3095643067988378
-0.21755019269268958 1.7718163310553428 -1.3162485310730956
-0.1933779490601685 1.766479105226768 -1.3229327553473533
-0.16920570542764743 1.7611418793981934 -1.329616979621611
-0.14503346179512636 1.7558046535696188 -1.3363012038958686
-0.12086121816260528 1.7504674277410444 -1.3429854281701263
-0.0966889745300843 1.7451302019124697 -1.349669652444384
-0.07251673089756323 1.739792976083895 -1.3563538767186418
-0.04834448726504215 1.7344557502553206 -1.3630381009928996
-0.024172243632521077 1.729118524426746 -1.369722325267157
0.0 1.7237812985981713 -1.3764065495414148
-0.9427175016683212 1.9483500706611343 -1.128830436650521
-0.9185452580358001 1.9430128448325596 -1.1355146609247788
-0.8943730144032791 1.937675619003985 -1.1421988851990363
-0.8702007707707581 1.9323383931754106 -1.148883109473294
-0.8460285271382371 1.927001167346836 -1.1555673337475518
-0.8218562835057159 1.9216639415182613 -1.1622515580218096
-0.7976840398731949 1.9163267156896866 -1.1689357822960673
-0.7735117962406738 1.9109894898611122 -1.1756200065703248
-0.7493395526081529 1.9056522640325375 -1.1823042308445826
-0.7251673089756318 1.9003150382039629 -1.1889884551188403
-0.7009950653431107 1.8949778123753884 -1.195672679393098
-0.6768228217105896 1.8896405865468138 -1.2023569036673556
-0.6526505780780686 1.8843033607182391 -1.2090411279416133
-0.6284783344455476 1.8789661348896647 -1.215725352215871
-0.6043060908130263 1.87362890906109 -1.2224095764901288
-0.5801338471805054 1.8682916832325154 -1.2290938007643866
-0.5559616035479843 1.8629544574039407 -1.235778025038644
-0.5317893599154633 1.8576172315753663 -1.2424622493129018
-0.5076171162829423 1.8522800057467916 -1.2491464735871596
-0.48344487265042113 1.846942779918217 -1.2558306978614173
-0.4592726290179001 1.8416055540896425 -1.2625149221356748
-0.43510038538537904 1.836268328261068 -1.2691991464099326
-0.41092814175285797 1.8309311024324932 -1.2758833706841903
-0.3867558981203369 1.8255938766039188 -1.282567594958448
-0.3625836544878158 1.8202566507753442 -1.2892518192327058
-0.33841141085529486 1.8149194249467695 -1.2959360435069633
-0.3142391672227738 1.809582199118195 -1.302620267781221
-0.2900669235902527 1.8042449732896204 -1.3093044920554788
-0.26589467995773164 1.7989077474610458 -1.3159887163297366
-0.24172243632521057 1.793570521632471 -1.322672940603994
-0.21755019269268958 1.7882332958038967 -1.3293571648782518
-0.1933779490601685 1.782896069975322 -1.3360413891525096
-0.16920570542764743 1.7775588441467474 -1.3427256134267673
-0.14503346179512636 1.772221618318173 -1.349409837701025
-0.12086121816260528 1.7668843924895983 -1.3560940619752826
-0.0966889745300843 1.7615471666610236 -1.3627782862495403
-0.07251673089756323 1.7562099408324492 -1.369462510523798
-0.04834448726504215 1.7508727150038745 -1.3761467347980558
-0.024172243632521077 1.7455354891752999 -1.3828309590723136
0.0 1.7401982633467252 -1.389515183346571
-0.9427175016683212 1.9647670354096882 -1.1419390704556773
-0.9185452580358001 1.9594298095811136 -1.148623294729935
-0.8943730144032791 1.954092583752539 -1.1553075190041928
-0.8702007707707581 1.9487553579239645 -1.1619917432784503
-0.8460285271382371 1.9434181320953898 -1.168675967552708
-0.8218562835057159 1.9380809062668152 -1.1753601918269658
-0.7976840398731949 1.9327436804382407 -1.1820444161012236
-0.7735117962406738 1.927406454609666 -1.188728640375481
-0.7493395526081529 1.9220692287810914 -1.1954128646497388
-0.7251673089756318 1.916732002952517 -1.2020970889239966
-0.7009950653431107 1.9113947771239423 -1.2087813131982543
-0.6768228217105896 1.9060575512953677 -1.215465537472512
-0.6526505780780686 1.900720325466793 -1.2221497617467696
-0.6284783344455476 1.8953830996382186 -1.2288339860210273
-0.6043060908130263 1.890045873809644 -1.235518210295285
-0.5801338471805054 1.8847086479810693 -1.2422024345695428
-0.5559616035479843 1.8793714221524949 -1.2488866588438003
-0.5317893599154633 1.8740341963239202 -1.255570883118058
-0.5076171162829423 1.8686969704953456 -1.2622551073923158
-0.48344487265042113 1.863359744666771 -1.2689393316665736
-0.4592726290179001 1.8580225188381965 -1.2756235559408313
-0.43510038538537904 1.8526852930096218 -1.2823077802150888
-0.41092814175285797 1.8473480671810472 -1.2889920044893466
-0.3867558981203369 1.8420108413524727 -1.2956762287636043
-0.3625836544878158 1.836673615523898 -1.302360453037862
-0.33841141085529486 1.8313363896953234 -1.3090446773121196
-0.3142391672227738 1.825999163866749 -1.3157289015863773
-0.2900669235902527 1.8206619380381743 -1.322413125860635
-0.26589467995773164 1.8153247122095997 -1.3290973501348928
-0.24172243632521057 1.8099874863810252 -1.3357815744091506
-0.21755019269268958 1.8046502605524506 -1.342465798683408
-0.1933779490601685 1.799313034723876 -1.3491500229576658
-0.16920570542764743 1.7939758088953013 -1.3558342472319236
-0.14503346179512636 1.7886385830667269 -1.3625184715061813
-0.12086121816260528 1.7833013572381522 -1.369202695780439
-0.0966889745300843 1.7779641314095775 -1.3758869200546966
-0.07251673089756323 1.772626905581003 -1.3825711443289543
-0.04834448726504215 1.7672896797524285 -1.389255368603212
-0.024172243632521077 1.7619524539238538 -1.3959395928774698
0.0 1.7566152280952794 -1.4026238171517273
-0.9427175016683212 1.9811840001582426 -1.1550477042608338
-0.9185452580358001 1.975846774329668 -1.1617319285350916
-0.8943730144032791 1.9705095485010933 -1.1684161528093493
-0.8702007707707581 1.9651723226725188 -1.175100377083607
-0.8460285271382371 1.9598350968439442 -1.1817846013578646
-0.8218562835057159 1.9544978710153695 -1.1884688256321223
-0.7976840398731949 1.9491606451867949 -1.19515304990638
-0.7735117962406738 1.9438234193582205 -1.2018372741806378
-0.7493395526081529 1.9384861935296458 -1.2085214984548953
-0.7251673089756318 1.9331489677010711 -1.215205722729153
-0.7009950653431107 1.9278117418724967 -1.2218899470034108
-0.6768228217105896 1.922474516043922 -1.2285741712776685
-0.6526505780780686 1.9171372902153474 -1.2352583955519263
-0.6284783344455476 1.911800064386773 -1.2419426198261838
-0.6043060908130263 1.9064628385581983 -1.2486268441004416
-0.5801338471805054 1.9011256127296237 -1.2553110683746993
-0.5559616035479843 1.895788386901049 -1.261995292648957
-0.5317893599154633 1.8904511610724746 -1.2686795169232148
-0.5076171162829423 1.8851139352439 -1.2753637411974723
-0.48344487265042113 1.8797767094153253 -1.28204796547173
-0.4592726290179001 1.8744394835867508 -1.2887321897459878
-0.43510038538537904 1.8691022577581762 -1.2954164140202455
-0.41092814175285797 1.8637650319296015 -1.3021006382945033
-0.3867558981203369 1.8584278061010269 -1.3087848625687608
-0.3625836544878158 1.8530905802724524 -1.3154690868430186
-0.33841141085529486 1.8477533544438778 -1.3221533111172763
-0.3142391672227738 1.8424161286153031 -1.328837535391534
-0.2900669235902527 1.8370789027867287 -1.3355217596657916
-0.26589467995773164 1.831741676958154 -1.3422059839400493
-0.24172243632521057 1.8264044511295794 -1.348890208214307
-0.21755019269268958 1.821067225301005 -1.3555744324885648
-0.1933779490601685 1.8157299994724303 -1.3622586567628225
-0.16920570542764743 1.8103927736438556 -1.36894288103708
-0.14503346179512636 1.805055547815281 -1.3756271053113378
-0.12086121816260528 1.7997183219867066 -1.3823113295855955
-0.0966889745300843 1.794381096158132 -1.3889955538598533
-0.07251673089756323 1.7890438703295573 -1.3956797781341108
-0.04834448726504215 1.7837066445009828 -1.4023640024083686
-0.024172243632521077 1.7783694186724082 -1.4090482266826263
0.0 1.7730321928438335 -1.415732450956884
-0.9427175016683212 1.9976009649067965 -1.16815633806599
-0.9185452580358001 1.9922637390782219 -1.1748405623402478
-0.8943730144032791 1.9869265132496472 -1.1815247866145056
-0.8702007707707581 1.9815892874210728 -1.1882090108887633
-0.8460285271382371 1.976252061592498 -1.194893235163021
-0.8218562835057159 1.9709148357639235 -1.2015774594372786
-0.7976840398731949 1.9655776099353488 -1.2082616837115363
-0.7735117962406738 1.9602403841067744 -1.214945907985794
-0.7493395526081529 1.9549031582781997 -1.2216301322600518
-0.7251673089756318 1.949565932449625 -1.2283143565343093
-0.7009950653431107 1.9442287066210506 -1.234998580808567
-0.6768228217105896 1.938891480792476 -1.2416828050828248
-0.6526505780780686 1.9335542549639013 -1.2483670293570825
-0.6284783344455476 1.9282170291353269 -1.2550512536313403
-0.6043060908130263 1.9228798033067522 -1.2617354779055978
-0.5801338471805054 1.9175425774781776 -1.2684197021798556
-0.5559616035479843 1.912205351649603 -1.2751039264541133
-0.5317893599154633 1.9068681258210285 -1.281788150728371
-0.5076171162829423 1.9015308999924538 -1.2884723750026286
-0.48344487265042113 1.8961936741638792 -1.2951565992768863
-0.4592726290179001 1.8908564483353048 -1.301840823551144
-0.43510038538537904 1.88551922250673 -1.3085250478254018
-0.41092814175285797 1.8801819966781554 -1.3152092720996595
-0.3867558981203369 1.874844770849581 -1.321893496373917
-0.3625836544878158 1.8695075450210064 -1.3285777206481748
-0.33841141085529486 1.8641703191924317 -1.3352619449224326
-0.3142391672227738 1.8588330933638573 -1.3419461691966903
-0.2900669235902527 1.8534958675352826 -1.348630393470948
-0.26589467995773164 1.848158641706708 -1.3553146177452056
-0.24172243632521057 1.8428214158781333 -1.3619988420194633
-0.21755019269268958 1.8374841900495589 -1.368683066293721
-0.1933779490601685 1.8321469642209842 -1.3753672905679788
-0.16920570542764743 1.8268097383924096 -1.3820515148422363
-0.14503346179512636 1.8214725125638351 -1.388735739116494
-0.12086121816260528 1.8161352867352605 -1.3954199633907518
-0.0966889745300843 1.8107980609066858 -1.4021041876650095
-0.07251673089756323 1.8054608350781114 -1.4087884119392673
-0.04834448726504215 1.8001236092495367 -1.4154726362135248
-0.024172243632521077 1.794786383420962 -1.4221568604877826
0.0 1.7894491575923874 -1.4288410847620403
-0.9427175016683212 2.0140179296553504 -1.1812649718711465
-0.9185452580358001 2.008680703826776 -1.187949196145404
-0.8943730144032791 2.003343477998201 -1.1946334204196618
-0.8702007707707581 1.9980062521696267 -1.2013176446939196
-0.8460285271382371 1.992669026341052 -1.2080018689681773
-0.8218562835057159 1.9873318005124774 -1.2146860932424348
-0.7976840398731949 1.981994574683903 -1.2213703175166926
-0.7735117962406738 1.9766573488553283 -1.2280545417909503
-0.7493395526081529 1.9713201230267536 -1.234738766065208
-0.7251673089756318 1.9659828971981792 -1.2414229903394658
-0.7009950653431107 1.9606456713696045 -1.2481072146137233
-0.6768228217105896 1.95530844554103 -1.254791438887981
-0.6526505780780686 1.9499712197124552 -1.2614756631622388
-0.6284783344455476 1.9446339938838808 -1.2681598874364965
-0.6043060908130263 1.9392967680553062 -1.2748441117107543
-0.5801338471805054 1.9339595422267315 -1.2815283359850118
-0.5559616035479843 1.928622316398157 -1.2882125602592696
-0.5317893599154633 1.9232850905695824 -1.2948967845335273
-0.5076171162829423 1.9179478647410078 -1.301581008807785
-0.48344487265042113 1.912610638912433 -1.3082652330820426
-0.4592726290179001 1.9072734130838587 -1.3149494573563003
-0.43510038538537904 1.901936187255284 -1.321633681630558
-0.41092814175285797 1.8965989614267094 -1.3283179059048158
-0.3867558981203369 1.891261735598135 -1.3350021301790735
-0.3625836544878158 1.8859245097695603 -1.341686354453331
-0.33841141085529486 1.8805872839409856 -1.3483705787275888
-0.3142391672227738 1.8752500581124112 -1.3550548030018466
-0.2900669235902527 1.8699128322838365 -1.3617390272761043
-0.26589467995773164 1.8645756064552619 -1.3684232515503618
-0.24172243632521057 1.8592383806266874 -1.3751074758246196
-0.21755019269268958 1.8539011547981128 -1.3817917000988773
-0.1933779490601685 1.8485639289695381 -1.388475924373135
-0.16920570542764743 1.8432267031409635 -1.3951601486473928
-0.14503346179512636 1.837889477312389 -1.4018443729216503
-0.12086121816260528 1.8325522514838144 -1.408528597195908
-0.0966889745300843 1.8272150256552397 -1.4152128214701658
-0.07251673089756323 1.8218777998266653 -1.4218970457444235
-0.04834448726504215 1.8165405739980907 -1.428581270018681
-0.024172243632521077 1.811203348169516 -1.4352654942929388
0.0 1.8058661223409416 -1.4419497185671966
-0.9427175016683212 2.0304348944039043 -1.1943736056763028
-0.9185452580358001 2.02509766857533 -1.2010578299505603
-0.8943730144032791 2.019760442746755 -1.207742054224818
-0.8702007707707581 2.0144232169181806 -1.2144262784990758
-0.8460285271382371 2.009085991089606 -1.2211105027733336
-0.8218562835057159 2.0037487652610313 -1.2277947270475913
-0.7976840398731949 1.9984115394324569 -1.2344789513218488
-0.7735117962406738 1.9930743136038822 -1.2411631755961066
-0.7493395526081529 1.9877370877753076 -1.2478473998703643
-0.7251673089756318 1.9823998619467331 -1.254531624144622
-0.7009950653431107 1.9770626361181585 -1.2612158484188796
-0.6768228217105896 1.9717254102895838 -1.2679000726931373
-0.6526505780780686 1.9663881844610094 -1.274584296967395
-0.6284783344455476 1.9610509586324347 -1.2812685212416528
-0.6043060908130263 1.95571373280386 -1.2879527455159105
-0.5801338471805054 1.9503765069752854 -1.294636969790168
-0.5559616035479843 1.945039281146711 -1.3013211940644258
-0.5317893599154633 1.9397020553181363 -1.3080054183386836
-0.5076171162829423 1.9343648294895617 -1.3146896426129413
-0.48344487265042113 1.9290276036609872 -1.321373866887199
-0.4592726290179001 1.9236903778324126 -1.3280580911614566
-0.43510038538537904 1.918353152003838 -1.3347423154357143
-0.41092814175285797 1.9130159261752635 -1.341426539709972
-0.3867558981203369 1.9076787003466888 -1.3481107639842298
-0.3625836544878158 1.9023414745181142 -1.3547949882584875
-0.33841141085529486 1.8970042486895398 -1.361479212532745
-0.3142391672227738 1.891667022860965 -1.3681634368070028
-0.2900669235902527 1.8863297970323905 -1.3748476610812606
-0.26589467995773164 1.8809925712038158 -1.3815318853555183
-0.24172243632521057 1.8756553453752414 -1.3882161096297758
-0.21755019269268958 1.8703181195466667 -1.3949003339040336
-0.1933779490601685 1.864980893718092 -1.4015845581782913
-0.16920570542764743 1.8596436678895176 -1.408268782452549
-0.14503346179512636 1.854306442060943 -1.4149530067268068
-0.12086121816260528 1.8489692162323683 -1.4216372310010643
-0.0966889745300843 1.8436319904037939 -1.428321455275322
-0.07251673089756323 1.8382947645752192 -1.4350056795495798
-0.04834448726504215 1.8329575387466446 -1.4416899038238375
-0.024172243632521077 1.82762031291807 -1.448374128098095
0.0 1.8222830870894955 -1.4550583523723528
-0.9427175016683212 2.0468518591524583 -1.207482239481459
-0.9185452580358001 2.041514633323884 -1.2141664637557168
-0.8943730144032791 2.036177407495309 -1.2208506880299743
-0.8702007707707581 2.0308401816667345 -1.227534912304232
-0.8460285271382371 2.02550295583816 -1.2342191365784898
-0.8218562835057159 2.020165730009585 -1.2409033608527476
-0.7976840398731949 2.014828504181011 -1.2475875851270053
-0.7735117962406738 2.0094912783524363 -1.2542718094012628
-0.7493395526081529 2.0041540525238615 -1.2609560336755206
-0.7251673089756318 1.998816826695287 -1.2676402579497783
-0.7009950653431107 1.9934796008667124 -1.274324482224036
-0.6768228217105896 1.9881423750381377 -1.2810087064982936
-0.6526505780780686 1.9828051492095633 -1.2876929307725513
-0.6284783344455476 1.9774679233809886 -1.294377155046809
-0.6043060908130263 1.972130697552414 -1.3010613793210668
-0.5801338471805054 1.9667934717238396 -1.3077456035953245
-0.5559616035479843 1.961456245895265 -1.314429827869582
-0.5317893599154633 1.9561190200666903 -1.3211140521438398
-0.5076171162829423 1.9507817942381158 -1.3277982764180976
-0.48344487265042113 1.9454445684095412 -1.3344825006923553
-0.4592726290179001 1.9401073425809665 -1.3411667249666128
-0.43510038538537904 1.9347701167523919 -1.3478509492408706
-0.41092814175285797 1.9294328909238174 -1.3545351735151283
-0.3867558981203369 1.9240956650952428 -1.361219397789386
-0.3625836544878158 1.9187584392666681 -1.3679036220636438
-0.33841141085529486 1.9134212134380937 -1.3745878463379013
-0.3142391672227738 1.908083987609519 -1.381272070612159
-0.2900669235902527 1.9027467617809444 -1.3879562948864168
-0.26589467995773164 1.89740953595237 -1.3946405191606746
-0.24172243632521057 1.8920723101237953 -1.4013247434349323
-0.21755019269268958 1.8867350842952206 -1.4080089677091898
-0.1933779490601685 1.881397858466646 -1.4146931919834476
-0.16920570542764743 1.8760606326380715 -1.4213774162577053
-0.14503346179512636 1.870723406809497 -1.428061640531963
-0.12086121816260528 1.8653861809809222 -1.4347458648062206
-0.0966889745300843 1.8600489551523478 -1.4414300890804783
-0.07251673089756323 1.8547117293237732 -1.448114313354736
-0.04834448726504215 1.8493745034951985 -1.4547985376289938
-0.024172243632521077 1.844037277666624 -1.4614827619032515
0.0 1.8387000518380494 -1.468166986177509
-0.9427175016683212 2.063268823901012 -1.2205908732866153
-0.9185452580358001 2.0579315980724378 -1.227275097560873
-0.8943730144032791 2.052594372243863 -1.2339593218351308
-0.8702007707707581 2.0472571464152884 -1.2406435461093883
-0.8460285271382371 2.041919920586714 -1.247327770383646
-0.8218562835057159 2.036582694758139 -1.2540119946579038
-0.7976840398731949 2.0312454689295647 -1.2606962189321615
-0.7735117962406738 2.0259082431009903 -1.267380443206419
-0.7493395526081529 2.0205710172724154 -1.2740646674806768
-0.7251673089756318 2.015233791443841 -1.2807488917549346
-0.7009950653431107 2.0098965656152665 -1.2874331160291923
-0.6768228217105896 2.0045593397866917 -1.29411734030345
-0.6526505780780686 1.9992221139581172 -1.3008015645777076
-0.6284783344455476 1.9938848881295426 -1.3074857888519653
-0.6043060908130263 1.988547662300968 -1.314170013126223
-0.5801338471805054 1.9832104364723935 -1.3208542374004808
-0.5559616035479843 1.9778732106438188 -1.3275384616747383
-0.5317893599154633 1.9725359848152442 -1.334222685948996
-0.5076171162829423 1.9671987589866697 -1.3409069102232538
-0.48344487265042113 1.961861533158095 -1.3475911344975116
-0.4592726290179001 1.9565243073295204 -1.3542753587717693
-0.43510038538537904 1.951187081500946 -1.3609595830460268
-0.41092814175285797 1.9458498556723713 -1.3676438073202846
-0.3867558981203369 1.9405126298437967 -1.3743280315945423
-0.3625836544878158 1.935175404015222 -1.3810122558688
-0.33841141085529486 1.9298381781866476 -1.3876964801430576
-0.3142391672227738 1.924500952358073 -1.3943807044173153
-0.2900669235902527 1.9191637265294983 -1.401064928691573
-0.26589467995773164 1.9138265007009239 -1.4077491529658308
-0.24172243632521057 1.9084892748723492 -1.4144333772400886
-0.21755019269268958 1.9031520490437746 -1.421117601514346
-0.1933779490601685 1.8978148232152001 -1.4278018257886038
-0.16920570542764743 1.8924775973866255 -1.4344860500628616
-0.14503346179512636 1.8871403715580508 -1.4411702743371193
-0.12086121816260528 1.8818031457294764 -1.447854498611377
-0.0966889745300843 1.8764659199009017 -1.4545387228856346
-0.07251673089756323 1.871128694072327 -1.4612229471598923
-0.04834448726504215 1.8657914682437524 -1.46790717143415
-0.024172243632521077 1.860454242415178 -1.4745913957084078
0.0 1.8551170165866033 -1.4812756199826653
-0.9427175016683212 2.0796857886495665 -1.2336995070917718
-0.9185452580358001 2.074348562820992 -1.2403837313660295
-0.8943730144032791 2.0690113369924172 -1.2470679556402873
-0.8702007707707581 2.063674111163843 -1.253752179914545
-0.8460285271382371 2.0583368853352684 -1.2604364041888025
-0.8218562835057159 2.0529996595066935 -1.2671206284630603
-0.7976840398731949 2.047662433678119 -1.273804852737318
-0.7735117962406738 2.0423252078495446 -1.2804890770115758
-0.7493395526081529 2.0369879820209698 -1.2871733012858333
-0.7251673089756318 2.0316507561923953 -1.293857525560091
-0.7009950653431107 2.0263135303638204 -1.3005417498343488
-0.6768228217105896 2.020976304535246 -1.3072259741086065
-0.6526505780780686 2.0156390787066716 -1.3139101983828643
-0.6284783344455476 2.0103018528780967 -1.3205944226571218
-0.6043060908130263 2.0049646270495223 -1.3272786469313795
-0.5801338471805054 1.9996274012209476 -1.3339628712056373
-0.5559616035479843 1.9942901753923732 -1.340647095479895
-0.5317893599154633 1.9889529495637985 -1.3473313197541528
-0.5076171162829423 1.9836157237352239 -1.3540155440284103
-0.48344487265042113 1.9782784979066494 -1.360699768302668
-0.4592726290179001 1.9729412720780748 -1.3673839925769258
-0.43510038538537904 1.9676040462495001 -1.3740682168511835
-0.41092814175285797 1.9622668204209257 -1.3807524411254413
-0.3867558981203369 1.956929594592351 -1.3874366653996988
-0.3625836544878158 1.9515923687637764 -1.3941208896739565
-0.33841141085529486 1.946255142935202 -1.4008051139482143
-0.3142391672227738 1.9409179171066273 -1.407489338222472
-0.2900669235902527 1.9355806912780527 -1.4141735624967295
-0.26589467995773164 1.930243465449478 -1.4208577867709873
-0.24172243632521057 1.9249062396209036 -1.427542011045245
-0.21755019269268958 1.919569013792329 -1.4342262353195028
-0.1933779490601685 1.9142317879637543 -1.4409104595937605
-0.16920570542764743 1.9088945621351798 -1.447594683868018
-0.14503346179512636 1.9035573363066052 -1.4542789081422758
-0.12086121816260528 1.8982201104780305 -1.4609631324165335
-0.0966889745300843 1.892882884649456 -1.4676473566907913
-0.07251673089756323 1.8875456588208814 -1.4743315809650488
-0.04834448726504215 1.8822084329923068 -1.4810158052393065
-0.024172243632521077 1.8768712071637321 -1.4877000295135643
0.0 1.8715339813351577 -1.494384253787822
-0.9427175016683212 2.0961027533981205 -1.246808140896928
-0.9185452580358001 2.090765527569546 -1.2534923651711858
-0.8943730144032791 2.085428301740971 -1.2601765894454435
-0.8702007707707581 2.0800910759123967 -1.2668608137197013
-0.8460285271382371 2.0747538500838223 -1.273545037993959
-0.8218562835057159 2.0694166242552474 -1.2802292622682165
-0.7976840398731949 2.064079398426673 -1.2869134865424743
-0.7735117962406738 2.0587421725980986 -1.293597710816732
-0.7493395526081529 2.0534049467695237 -1.3002819350909898
-0.7251673089756318 2.0480677209409492 -1.3069661593652473
-0.7009950653431107 2.042730495112375 -1.313650383639505
-0.6768228217105896 2.0373932692838 -1.3203346079137628
-0.6526505780780686 2.0320560434552255 -1.3270188321880205
-0.6284783344455476 2.026718817626651 -1.3337030564622783
-0.6043060908130263 2.021381591798076 -1.3403872807365358
-0.5801338471805054 2.0160443659695018 -1.3470715050107935
-0.5559616035479843 2.010707140140927 -1.3537557292850513
-0.5317893599154633 2.0053699143123525 -1.360439953559309
-0.5076171162829423 2.000032688483778 -1.3671241778335665
-0.48344487265042113 1.9946954626552034 -1.3738084021078243
-0.4592726290179001 1.9893582368266287 -1.380492626382082
-0.43510038538537904 1.9840210109980543 -1.3871768506563398
-0.41092814175285797 1.9786837851694796 -1.3938610749305975
-0.3867558981203369 1.973346559340905 -1.400545299204855
-0.3625836544878158 1.9680093335123303 -1.4072295234791128
-0.33841141085529486 1.9626721076837559 -1.4139137477533705
-0.3142391672227738 1.9573348818551812 -1.4205979720276283
-0.2900669235902527 1.9519976560266066 -1.427282196301886
-0.26589467995773164 1.9466604301980321 -1.4339664205761435
-0.24172243632521057 1.9413232043694575 -1.4406506448504013
-0.21755019269268958 1.9359859785408828 -1.447334869124659
-0.1933779490601685 1.9306487527123084 -1.4540190933989168
-0.16920570542764743 1.9253115268837337 -1.4607033176731743
-0.14503346179512636 1.919974301055159 -1.467387541947432
-0.12086121816260528 1.9146370752265844 -1.4740717662216898
-0.0966889745300843 1.90929984939801 -1.4807559904959475
-0.07251673089756323 1.9039626235694354 -1.4874402147702053
-0.04834448726504215 1.8986253977408607 -1.4941244390444628
-0.024172243632521077 1.8932881719122863 -1.5008086633187205
0.0 1.8879509460837116 -1.5074928875929783
-0.9427175016683212 2.1125197181466744 -1.2599167747020845
-0.9185452580358001 2.1071824923181 -1.266600998976342
-0.8943730144032791 2.101845266489525 -1.2732852232505998
-0.8702007707707581 2.0965080406609506 -1.2799694475248575
-0.8460285271382371 2.091170814832376 -1.2866536717991153
-0.8218562835057159 2.0858335890038013 -1.2933378960733728
-0.7976840398731949 2.080496363175227 -1.3000221203476305
-0.7735117962406738 2.0751591373466525 -1.3067063446218883
-0.7493395526081529 2.0698219115180776 -1.313390568896146
-0.7251673089756318 2.064484685689503 -1.3200747931704038
-0.7009950653431107 2.0591474598609287 -1.3267590174446613
-0.6768228217105896 2.053810234032354 -1.333443241718919
-0.6526505780780686 2.0484730082037794 -1.3401274659931768
-0.6284783344455476 2.043135782375205 -1.3468116902674345
-0.6043060908130263 2.03779855654663 -1.3534959145416923
-0.5801338471805054 2.0324613307180557 -1.3601801388159498
-0.5559616035479843 2.0271241048894812 -1.3668643630902075
-0.5317893599154633 2.0217868790609064 -1.3735485873644653
-0.5076171162829423 2.016449653232332 -1.380232811638723
-0.48344487265042113 2.011112427403757 -1.3869170359129805
-0.4592726290179001 2.0057752015751826 -1.3936012601872383
-0.43510038538537904 2.000437975746608 -1.400285484461496
-0.41092814175285797 1.9951007499180335 -1.4069697087357538
-0.3867558981203369 1.989763524089459 -1.4136539330100115
-0.3625836544878158 1.9844262982608842 -1.420338157284269
-0.33841141085529486 1.9790890724323098 -1.4270223815585268
-0.3142391672227738 1.9737518466037351 -1.4337066058327845
-0.2900669235902527 1.9684146207751605 -1.4403908301070423
-0.26589467995773164 1.963077394946586 -1.4470750543812998
-0.24172243632521057 1.9577401691180114 -1.4537592786555575
-0.21755019269268958 1.9524029432894368 -1.4604435029298153
-0.1933779490601685 1.9470657174608623 -1.467127727204073
-0.16920570542764743 1.9417284916322877 -1.4738119514783308
-0.14503346179512636 1.936391265803713 -1.4804961757525883
-0.12086121816260528 1.9310540399751386 -1.487180400026846
-0.0966889745300843 1.925716814146564 -1.4938646243011038
-0.07251673089756323 1.9203795883179893 -1.5005488485753615
-0.04834448726504215 1.9150423624894146 -1.507233072849619
-0.024172243632521077 1.9097051366608402 -1.5139172971238768
0.0 1.9043679108322655 -1.5206015213981345
-0.9427175016683212 2.1289366828952283 -1.2730254085072408
-0.9185452580358001 2.123599457066654 -1.2797096327814983
-0.8943730144032791 2.1182622312380794 -1.286393857055756
-0.8702007707707581 2.1129250054095046 -1.2930780813300138
-0.8460285271382371 2.10758777958093 -1.2997623056042715
-0.8218562835057159 2.1022505537523553 -1.3064465298785293
-0.7976840398731949 2.096913327923781 -1.3131307541527868
-0.7735117962406738 2.0915761020952064 -1.3198149784270445
-0.7493395526081529 2.0862388762666315 -1.3264992027013023
-0.7251673089756318 2.080901650438057 -1.33318342697556
-0.7009950653431107 2.0755644246094826 -1.3398676512498175
-0.6768228217105896 2.0702271987809078 -1.3465518755240753
-0.6526505780780686 2.0648899729523333 -1.353236099798333
-0.6284783344455476 2.059552747123759 -1.3599203240725908
-0.6043060908130263 2.054215521295184 -1.3666045483468485
-0.5801338471805054 2.0488782954666096 -1.373288772621106
-0.5559616035479843 2.043541069638035 -1.3799729968953638
-0.5317893599154633 2.0382038438094603 -1.3866572211696215
-0.5076171162829423 2.032866617980886 -1.3933414454438793
-0.48344487265042113 2.0275293921523114 -1.400025669718137
-0.4592726290179001 2.0221921663237366 -1.4067098939923945
-0.43510038538537904 2.016854940495162 -1.4133941182666523
-0.41092814175285797 2.0115177146665877 -1.42007834254091
-0.3867558981203369 2.006180488838013 -1.4267625668151678
-0.3625836544878158 2.0008432630094384 -1.4334467910894255
-0.33841141085529486 1.9955060371808637 -1.440131015363683
-0.3142391672227738 1.990168811352289 -1.4468152396379408
-0.2900669235902527 1.9848315855237146 -1.4534994639121985
-0.26589467995773164 1.97949435969514 -1.4601836881864563
-0.24172243632521057 1.9741571338665653 -1.4668679124607138
-0.21755019269268958 1.968819908037991 -1.4735521367349715
-0.1933779490601685 1.9634826822094162 -1.4802363610092293
-0.16920570542764743 1.9581454563808416 -1.486920585283487
-0.14503346179512636 1.952808230552267 -1.4936048095577448
-0.12086121816260528 1.9474710047236925 -1.5002890338320023
-0.0966889745300843 1.9421337788951178 -1.50697325810626
-0.07251673089756323 1.9367965530665432 -1.5136574823805178
-0.04834448726504215 1.9314593272379688 -1.5203417066547755
-0.024172243632521077 1.926122101409394 -1.527025930929033
0.0 1.9207848755808195 -1.5337101552032908
-0.9427175016683212 2.1453536476437822 -1.286134042312397
-0.9185452580358001 2.140016421815208 -1.2928182665866548
-0.8943730144032791 2.1346791959866334 -1.2995024908609123
-0.8702007707707581 2.1293419701580585 -1.30618671513517
-0.8460285271382371 2.124004744329484 -1.3128709394094278
-0.8218562835057159 2.1186675185009096 -1.3195551636836855
-0.7976840398731949 2.1133302926723347 -1.3262393879579433
-0.7735117962406738 2.1079930668437603 -1.3329236122322008
-0.7493395526081529 2.102655841015186 -1.3396078365064585
-0.7251673089756318 2.097318615186611 -1.3462920607807163
-0.7009950653431107 2.0919813893580366 -1.352976285054974
-0.6768228217105896 2.0866441635294617 -1.3596605093292315
-0.6526505780780686 2.0813069377008873 -1.3663447336034893
-0.6284783344455476 2.075969711872313 -1.373028957877747
-0.6043060908130263 2.070632486043738 -1.3797131821520048
-0.5801338471805054 2.0652952602151635 -1.3863974064262625
-0.5559616035479843 2.059958034386589 -1.39308163070052
-0.5317893599154633 2.054620808558014 -1.3997658549747778
-0.5076171162829423 2.04928358272944 -1.4064500792490355
-0.48344487265042113 2.0439463569008653 -1.4131343035232933
-0.4592726290179001 2.0386091310722905 -1.4198185277975508
-0.43510038538537904 2.033271905243716 -1.4265027520718085
-0.41092814175285797 2.0279346794151416 -1.4331869763460663
-0.3867558981203369 2.0225974535865667 -1.439871200620324
-0.3625836544878158 2.0172602277579923 -1.4465554248945818
-0.33841141085529486 2.011923001929418 -1.4532396491688393
-0.3142391672227738 2.006585776100843 -1.459923873443097
-0.2900669235902527 2.0012485502722686 -1.4666080977173548
-0.26589467995773164 1.995911324443694 -1.4732923219916125
-0.24172243632521057 1.9905740986151192 -1.4799765462658703
-0.21755019269268958 1.9852368727865448 -1.4866607705401278
-0.1933779490601685 1.9798996469579702 -1.4933449948143855
-0.16920570542764743 1.9745624211293955 -1.5000292190886433
-0.14503346179512636 1.969225195300821 -1.506713443362901
-0.12086121816260528 1.9638879694722464 -1.5133976676371586
-0.0966889745300843 1.9585507436436718 -1.5200818919114163
-0.07251673089756323 1.9532135178150973 -1.526766116185674
-0.04834448726504215 1.9478762919865227 -1.5334503404599318
-0.024172243632521077 1.942539066157948 -1.5401345647341895
0.0 1.9372018403293734 -1.546818789008447
-0.9427175016683212 2.161770612392336 -1.2992426761175533
-0.9185452580358001 2.1564333865637617 -1.305926900391811
-0.8943730144032791 2.1510961607351873 -1.3126111246660688
-0.8702007707707581 2.1457589349066124 -1.3192953489403263
-0.8460285271382371 2.140421709078038 -1.325979573214584
-0.8218562835057159 2.1350844832494635 -1.3326637974888418
-0.7976840398731949 2.1297472574208887 -1.3393480217630995
-0.7735117962406738 2.1244100315923142 -1.3460322460373573
-0.7493395526081529 2.11907280576374 -1.3527164703116148
-0.7251673089756318 2.113735579935165 -1.3594006945858725
-0.7009950653431107 2.1083983541065905 -1.3660849188601303
-0.6768228217105896 2.103061128278016 -1.372769143134388
-0.6526505780780686 2.097723902449441 -1.3794533674086455
-0.6284783344455476 2.0923866766208667 -1.3861375916829033
-0.6043060908130263 2.087049450792292 -1.392821815957161
-0.5801338471805054 2.0817122249637174 -1.3995060402314188
-0.5559616035479843 2.076374999135143 -1.4061902645056765
-0.5317893599154633 2.071037773306568 -1.412874488779934
-0.5076171162829423 2.0657005474779937 -1.4195587130541918
-0.48344487265042113 2.0603633216494193 -1.4262429373284495
-0.4592726290179001 2.0550260958208444 -1.4329271616027073
-0.43510038538537904 2.04968886999227 -1.4396113858769648
-0.41092814175285797 2.0443516441636955 -1.4462956101512225
-0.3867558981203369 2.0390144183351206 -1.4529798344254803
-0.3625836544878158 2.033677192506546 -1.459664058699738
-0.33841141085529486 2.028339966677972 -1.4663482829739958
-0.3142391672227738 2.023002740849397 -1.4730325072482533
-0.2900669235902527 2.0176655150208225 -1.479716731522511
-0.26589467995773164 2.012328289192248 -1.4864009557967688
-0.24172243632521057 2.006991063363673 -1.4930851800710265
-0.21755019269268958 2.0016538375350987 -1.499769404345284
-0.1933779490601685 1.996316611706524 -1.5064536286195418
-0.16920570542764743 1.9909793858779494 -1.5131378528937995
-0.14503346179512636 1.985642160049375 -1.5198220771680573
-0.12086121816260528 1.9803049342208003 -1.526506301442315
-0.0966889745300843 1.9749677083922257 -1.5331905257165725
-0.07251673089756323 1.9696304825636513 -1.5398747499908303
-0.04834448726504215 1.9642932567350766 -1.546558974265088
-0.024172243632521077 1.958956030906502 -1.5532431985393458
0.0 1.9536188050779275 -1.5599274228136033
POLYGONS 9282 37128
3 0 40 1
3 1 40 41
3 1 41 2
3 2 41 42
3 2 42 3
3 3 42 43
3 3 43 4
3 4 43 44
3 4 44 5
3 5 44 45
3 5 45 6
3 6 45 46
3 6 46 7
3 7 46 47
3 7 47 8
3 8 47 48
3 8 48 9
3 9 48 49
3 9 49 10
3 10 49 50
3 10 50 11
3 11 50 51
3 11 51 12
3 12 51 52
3 12 52 13
3 13 52 53
3 13 53 14
3 14 53 54
3 14 54 15
3 15 54 55
3 15 55 16
3 16 55 56
3 16 56 17
3 17 56 57
3 17 57 18
3 18 57 58
3 18 58 19
3 19 58 59
3 19 59 20
3 20 59 60
3 20 60 21
3 21 60 61
3 21 61 22
3 22 61 62
3 22 62 23
3 23 62 63
3 23 63 24
3 24 63 64
3 24 64 25
3 25 64 65
3 25 65 26
3 26 65 66
3 26 66 27
3 27 66 67
3 27 67 28
3 28 67 68
3 28 68 29
3 29 68 69
3 29 69 30
3 30 69 70
3 30 70 31
3 31 70 71
3 31 71 32
3 32 71 72
3 32 72 33
3 33 72 73
3 33 73 34
3 34 73 74
3 34 74 35
3 35 74 75
3 35 75 36
3 36 75 76
3 36 76 37
3 37 76 77
3 37 77 38
3 38 77 78
3 38 78 39
3 39 78 79
3 40 80 41
3 41 80 81
3 41 81 42
3 42 81 82
3 42 82 43
3 43 82 83
3 43 83 44
3 44 83 84
3 44 84 45
3 45 84 85
3 45 85 46
3 46 85 86
3 46 86 47
3 47 86 87
3 47 87 48
3 48 87 88
3 48 88 49
3 49 88 89
3 49 89 50
3 50 89 90
3 50 90 51
3 51 90 91
3 51 91 52
3 52 91 92
3 52 92 53
3 53 92 93
3 53 93 54
3 54 93 94
3 54 94 55
3 55 94 95
3 55 95 56
3 56 95 96
3 56 96 57
3 57 96 97
3 57 97 58
3 58 97 98
3 58 98 59
3 59 98 99
3 59 99 60
3 60 99 100
3 60 100 61
3 61 100 101
3 61 101 62
3 62 101 102
3 62 102 63
3 63 102 103
3 63 103 64
3 64 103 104
3 64 104 65
3 65 104 105
3 65 105 66
3 66 105 106
3 66 106 67
3 67 106 107
3 67 107 68
3 68 107 108
3 68 108 69
3 69 108 109
3 69 109 70
3 70 109 110
3 70 110 71
3 71 110 111
3 71 111 72
3 72 111 112
3 72 112 73
3 73 112 113
3 73 113 74
3 74 113 114
3 74 114 75
3 75 114 115
3 75 115 76
3 76 115 116
3 76 116 77
3 77 116 117
3 77 117 78
3 78 117 118
3 78 118 79
3 79 118 119
3 80 120 81
3 81 120 121
3 81 121 82
3 82 121 122
3 82 122 83
3 83 122 123
3 83 123 84
3 84 123 124
3 84 124 85
3 85 124 125
3 85 125 86
3 86 125 126
3 86 126 87
3 87 126 127
3 87 127 88
3 88 127 128
3 88 128 89
3 89 128 129
3 89 129 90
3 90 129 130
3 90 130 91
3 91 130 131
3 91 131 92
3 92 131 132
3 92 132 93
3 93 132 133
3 93 133 94
3 94 133 134
3 94 134 95
3 95 134 135
3 95 135 96
3 96 135 136
3 96 136 97
3 97 136 137
3 97 137 98
3 98 137 138
3 98 138 99
3 99 138 139
3 99 139 100
3 100 139 140
3 100 140 101
3 101 140 141
3 101 141 102
3 102 141 142
3 102 142 103
3 103 142 143
3 103 143 104
3 104 143 144
3 104 144 105
3 105 144 145
3 105 145 106
3 106 145 146
3 106 146 107
3 107 146 147
3 107 147 108
3 108 147 148
3 108 148 109
3 109 148 149
3 109 149 110
3 110 149 150
3 110 150 111
3 111 150 151
3 111 151 112
3 112 151 152
3 112 152 113
3 113 152 153
3 113 153 114
3 114 153 154
3 114 154 115
3 115 154 155
3 115 155 116
3 116 155 156
3 116 156 117
3 117 156 157
3 117 157 118
3 118 157 158
3 118 158 119
3 119 158 159
3 120 160 121
3 121 160 161
3 121 161 122
3 122 161 162
3 122 162 123
3 123 162 163
3 123 163 124
3 124 163 164
3 124 164 125
3 125 164 165
3 125 165 126
3 126 165 166
3 126 166 127
3 127 166 167
3 127 167 128
3 128 167 168
3 128 168 129
3 129 168 169
3 129 169 130
3 130 169 170
3 130 170 131
3 131 170 171
3 131 171 132
3 132 171 172
3 132 172 133
3 133 172 173
3 133 173 134
3 134 173 174
3 134 174 135
3 135 174 175
3 135 175 136
3 136 175 176
3 136 176 137
3 137 176 177
3 137 177 138
3 138 177 178
3 138 178 139
3 139 178 179
3 139 179 140
3 140 179 180
3 140 180 141
3 141 180 181
3 141 181 142
3 142 181 182
3 142 182 143
3 143 182 183
3 143 183 144
3 144 183 184
3 144 184 145
3 145 184 185
3 145 185 146
3 146 185 186
3 146 186 147
3 147 186 187
3 147 187 148
3 148 187 188
3 148 188 149
3 149 188 189
3 149 189 150
3 150 189 190
3 150 190 151
3 151 190 191
3 151 191 152
3 152 191 192
3 152 192 153
3 153 192 193
3 153 193 154
3 154 193 194
3 154 194 155
3 155 194 195
3 155 195 156
3 156 195 196
3 156 196 157
3 157 196 197
3 157 197 158
3 158 197 198
3 158 198 159
3 159 198 199
3 160 200 161
3 161 200 201
3 161 201 162
3 162 201 202
3 162 202 163
3 163 202 203
3 163 203 164
3 164 203 204
3 164 204 165
3 165 204 205
3 165 205 166
3 166 205 206
3 166 206 167
3 167 206 207
3 167 207 168
3 168 207 208
3 168 208 169
3 169 208 209
3 169 209 170
3 170 209 210
3 170 210 171
3 171 210 211
3 171 211 172
3 172 211 212
3 172 212 173
3 173 212 213
3 173 213 174
3 174 213 214
3 174 214 175
3 175 214 215
3 175 215 176
3 176 215 216
3 176 216 177
3 177 216 217
3 177 217 178
3 178 217 218
3 178 218 179
3 179 218 219
3 179 219 180
3 180 219 220
3 180 220 181
3 181 220 221
3 181 221 182
3 182 221 222
3 182 222 183
3 183 222 223
3 183 223 184
3 184 223 224
3 184 224 185
3 185 224 225
3 185 225 186
3 186 225 226
3 186 226 187
3 187 226 227
3 187 227 188
3 188 227 228
3 188 228 189
3 189 228 229
3 189 229 190
3 190 229 230
3 190 230 191
3 191 230 231
3 191 231 192
3 192 231 232
3 192 232 193
3 193 232 233
3 193 233 194
3 194 233 234
3 194 234 195
3 195 234 235
3 195 235 196
3 196 235 236
3 196 236 197
3 197 236 237
3 197 237 198
3 198 237 238
3 198 238 199
3 199 238 239
3 200 240 201
3 201 240 241
3 201 241 202
3 202 241 242
3 202 242 203
3 203 242 243
3 203 243 204
3 204 243 244
3 204 244 205
3 205 244 245
3 205 245 206
3 206 245 246
3 206 246 207
3 207 246 247
3 207 247 208
3 208 247 248
3 208 248 209
3 209 248 249
3 209 249 210
3 210 249 250
3 210 250 211
3 211 250 251
3 211 251 212
3 212 251 252
3 212 252 213
3 213 252 253
3 213 253 214
3 214 253 254
3 214 254 215
3 215 254 255
3 215 255 216
3 216 255 256
3 216 256 217
3 217 256 257
3 217 257 218
3 218 257 258
3 218 258 219
3 219 258 259
3 219 259 220
3 220 259 260
3 220 260 221
3 221 260 261
3 221 261 222
3 222 261 262
3 222 262 223
3 223 262 263
3 223 263 224
3 224 263 264
3 224 264 225
3 225 264 265
3 225 265 226
3 226 265 266
3 226 266 227
3 227 266 267
3 227 267 228
3 228 267 268
3 228 268 229
3 229 268 269
3 229 269 230
3 230 269 270
3 230 270 231
3 231 270 271
3 231 271 232
3 232 271 272
3 232 272 233
3 233 272 273
3 233 273 234
3 234 273 274
3 234 274 235
3 235 274 275
3 235 275 236
3 236 275 276
3 236 276 237
3 237 276 277
3 237 277 238
3 238 277 278
3 238 278 239
3 239 278 279
3 240 280 241
3 241 280 281
3 241 281 242
3 242 281 282
3 242 282 243
3 243 282 283
3 243 283 244
3 244 283 284
3 244 284 245
3 245 284 285
3 245 285 246
3 246 285 286
3 246 286 247
3 247 286 287
3 247 287 248
3 248 287 288
3 248 288 249
3 249 288 289
3 249 289 250
3 250 289 290
3 250 290 251
3 251 290 291
3 251 291 252
3 252 291 292
3 252 292 253
3 253 292 293
3 253 293 254
3 254 293 294
3 254 294 255
3 255 294 295
3 255 295 256
3 256 295 296
3 256 296 257
3 257 296 297
3 257 297 258
3 258 297 298
3 258 298 259
3 259 298 299
3 259 299 260
3 260 299 300
3 260 300 261
3 261 300 301
3 261 301 262
3 262 301 302
3 262 302 263
3 263 302 303
3 263 303 264
3 264 303 304
3 264 304 265
3 265 304 305
3 265 305 266
3 266 305 306
3 266 306 267
3 267 306 307
3 267 307 268
3 268 307 308
3 268 308 269
3 269 308 309
3 269 309 270
3 270 309 310
3 270 310 271
3 271 310 311
3 271 311 272
3 272 311 312
3 272 312 273
3 273 312 313
3 273 313 274
3 274 313 314
3 274 314 275
3 275 314 315
3 275 315 276
3 276 315 316
3 276 316 277
3 277 316 317
3 277 317 278
3 278 317 318
3 278 318 279
3 279 318 319
3 280 320 281
3 281 320 321
3 281 321 282
3 282 321 322
3 282 322 283
3 283 322 323
3 283 323 284
3 284 323 324
3 284 324 285
3 285 324 325
3 285 325 286
3 286 325 326
3 286 326 287
3 287 326 327
3 287 327 288
3 288 327 328
3 288 328 289
3 289 328 329
3 289 329 290
3 290 329 330
3 290 330 291
3 291 330 331
3 291 331 292
3 292 331 332
3 292 332 293
3 293 332 333
3 293 333 294
3 294 333 334
3 294 334 295
3 295 334 335
3 295 335 296
3 296 335 336
3 296 336 297
3 297 336 337
3 297 337 298
3 298 337 338
3 298 338 299
3 299 338 339
3 299 339 300
3 300 339 340
3 300 340 301
3 301 340 341
3 301 341 302
3 302 341 342
3 302 342 303
3 303 342 343
3 303 343 304
3 304 343 344
3 304 344 305
3 305 344 345
3 305 345 306
3 306 345 346
3 306 346 307
3 307 346 347
3 307 347 308
3 308 347 348
3 308 348 309
3 309 348 349
3 309 349 310
3 310 349 350
3 310 350 311
3 311 350 351
3 311 351 312
3 312 351 352
3 312 352 313
3 313 352 353
3 313 353 314
3 314 353 354
3 314 354 315
3 315 354 355
3 315 355 316
3 316 355 356
3 316 356 317
3 317 356 357
3 317 357 318
3 318 357 358
3 318 358 319
3 319 358 359
3 320 360 321
3 321 360 361
3 321 361 322
3 322 361 362
3 322 362 323
3 323 362 363
3 323 363 324
3 324 363 364
3 324 364 325
3 325 364 365
3 325 365 326
3 326 365 366
3 326 366 327
3 327 366 367
3 327 367 328
3 328 367 368
3 328 368 329
3 329 368 369
3 329 369 330
3 330 369 370
3 330 370 331
3 331 370 371
3 331 371 332
3 332 371 372
3 332 372 333
3 333 372 373
3 333 373 334
3 334 373 374
3 334 374 335
3 335 374 375
3 335 375 336
3 336 375 376
3 336 376 337
3 337 376 377
3 337 377 338
3 338 377 378
3 338 378 339
3 339 378 379
3 339 379 340
3 340 379 380
3 340 380 341
3 341 380 381
3 341 381 342
3 342 381 382
3 342 382 343
3 343 382 383
3 343 383 344
3 344 383 384
3 344 384 345
3 345 384 385
3 345 385 346
3 346 385 386
3 346 386 347
3 347 386 387
3 347 387 348
3 348 387 388
3 348 388 349
3 349 388 389
3 349 389 350
3 350 389 390
3 350 390 351
3 351 390 391
3 351 391 352
3 352 391 392
3 352 392 353
3 353 392 393
3 353 393 354
3 354 393 394
3 354 394 355
3 355 394 395
3 355 395 356
3 356 395 396
3 356 396 357
3 357 396 397
3 357 397 358
3 358 397 398
3 358 398 359
3 359 398 399
3 360 400 361
3 361 400 401
3 361 401 362
3 362 401 402
3 362 402 363
3 363 402 403
3 363 403 364
3 364 403 404
3 364 404 365
3 365 404 405
3 365 405 366
3 366 405 406
3 366 406 367
3 367 406 407
3 367 407 368
3 368 407 408
3 368 408 369
3 369 408 409
3 369 409 370
3 370 409 410
3 370 410 371
3 371 410 411
3 371 411 372
3 372 411 412
3 372 412 373
3 373 412 413
3 373 413 374
3 374 413 414
3 374 414 375
3 375 414 415
3 375 415 376
3 376 415 416
3 376 416 377
3 377 416 417
3 377 417 378
3 378 417 418
3 378 418 379
3 379 418 419
3 379 419 380
3 380 419 420
3 380 420 381
3 381 420 421
3 381 421 382
3 382 421 422
3 382 422 383
3 383 422 423
3 383 423 384
3 384 423 424
3 384 424 385
3 385 424 425
3 385 425 386
3 386 425 426
3 386 426 387
3 387 426 427
3 387 427 388
3 388 427 428
3 388 428 389
3 389 428 429
3 389 429 390
3 390 429 430
3 390 430 391
3 391 430 431
3 391 431 392
3 392 431 432
3 392 432 393
3 393 432 433
3 393 433 394
3 394 433 434
3 394 434 395
3 395 434 435
3 395 435 396
3 396 435 436
3 396 436 397
3 397 436 437
3 397 437 398
3 398 437 438
3 398 438 399
3 399 438 439
3 400 440 401
3 401 440 441
3 401 441 402
3 402 441 442
3 402 442 403
3 403 442 443
3 403 443 404
3 404 443 444
3 404 444 405
3 405 444 445
3 405 445 406
3 406 445 446
3 406 446 407
3 407 446 447
3 407 447 408
3 408 447 448
3 408 448 409
3 409 448 449
3 409 449 410
3 410 449 450
3 410 450 411
3 411 450 451
3 411 451 412
3 412 451 452
3 412 452 413
3 413 452 453
3 413 453 414
3 414 453 454
3 414 454 415
3 415 454 455
3 415 455 416
3 416 455 456
3 416 456 417
3 417 456 457
3 417 457 418
3 418 457 458
3 418 458 419
3 419 458 459
3 419 459 420
3 420 459 460
3 420 460 421
3 421 460 461
3 421 461 422
3 422 461 462
3 422 462 423
3 423 462 463
3 423 463 424
3 424 463 464
3 424 464 425
3 425 464 465
3 425 465 426
3 426 465 466
3 426 466 427
3 427 466 467
3 427 467 428
3 428 467 468
3 428 468 429
3 429 468 469
3 429 469 430
3 430 469 470
3 430 470 431
3 431 470 471
3 431 471 432
3 432 471 472
3 432 472 433
3 433 472 473
3 433 473 434
3 434 473 474
3 434 474 435
3 435 474 475
3 435 475 436
3 436 475 476
3 436 476 437
3 437 476 477
3 437 477 438
3 438 477 478
3 438 478 439
3 439 478 479
3 440 480 441
3 441 480 481
3 441 481 442
3 442 481 482
3 442 482 443
3 443 482 483
3 443 483 444
3 444 483 484
3 444 484 445
3 445 484 485
3 445 485 446
3 446 485 486
3 446 486 447
3 447 486 487
3 447 487 448
3 448 487 488
3 448 488 449
3 449 488 489
3 449 489 450
3 450 489 490
3 450 490 451
3 451 490 491
3 451 491 452
3 452 491 492
3 452 492 453
3 453 492 493
3 453 493 454
3 454 493 494
3 454 494 455
3 455 494 495
3 455 495 456
3 456 495 496
3 456 496 457
3 457 496 497
3 457 497 458
3 458 497 498
3 458 498 459
3 459 498 499
3 459 499 460
3 460 499 500
3 460 500 461
3 461 500 501
3 461 501 462
3 462 501 502
3 462 502 463
3 463 502 503
3 463 503 464
3 464 503 504
3 464 504 465
3 465 504 505
3 465 505 466
3 466 505 506
3 466 506 467
3 467 506 507
3 467 507 468
3 468 507 508
3 468 508 469
3 469 508 509
3 469 509 470
3 470 509 510
3 470 510 471
3 471 510 511
3 471 511 472
3 472 511 512
3 472 512 473
3 473 512 513
3 473 513 474
3 474 513 514
3 474 514 475
3 475 514 515
3 475 515 476
3 476 515 516
3 476 516 477
3 477 516 517
3 477 517 478
3 478 517 518
3 478 518 479
3 479 518 519
3 480 520 481
3 481 520 521
3 481 521 482
3 482 521 522
3 482 522 483
3 483 522 523
3 483 523 484
3 484 523 524
3 484 524 485
3 485 524 525
3 485 525 486
3 486 525 526
3 486 526 487
3 487 526 527
3 487 527 488
3 488 527 528
3 488 528 489
3 489 528 529
3 489 529 490
3 490 529 530
3 490 530 491
3 491 530 531
3 491 531 492
3 492 531 532
3 492 532 493
3 493 532 533
3 493 533 494
3 494 533 534
3 494 534 495
3 495 534 535
3 495 535 496
3 496 535 536
3 496 536 497
3 497 536 537
3 497 537 498
3 498 537 538
3 498 538 499
3 499 538 539
3 499 539 500
3 500 539 540
3 500 540 501
3 501 540 541
3 501 541 502
3 502 541 542
3 502 542 503
3 503 542 543
3 503 543 504
3 504 543 544
3 504 544 505
3 505 544 545
3 505 545 506
3 506 545 546
3 506 546 507
3 507 546 547
3 507 547 508
3 508 547 548
3 508 548 509
3 509 548 549
3 509 549 510
3 510 549 550
3 510 550 511
3 511 550 551
3 511 551 512
3 512 551 552
3 512 552 513
3 513 552 553
3 513 553 514
3 514 553 554
3 514 554 515
3 515 554 555
3 515 555 516
3 516 555 556
3 516 556 517
3 517 556 557
3 517 557 518
3 518 557 558
3 518 558 519
3 519 558 559
3 520 560 521
3 521 560 561
3 521 561 522
3 522 561 562
3 522 562 523
3 523 562 563
3 523 563 524
3 524 563 564
3 524 564 525
3 525 564 565
3 525 565 526
3 526 565 566
3 526 566 527
3 527 566 567
3 527 567 528
3 528 567 568
3 528 568 529
3 529 568 569
3 529 569 530
3 530 569 570
3 530 570 531
3 531 570 571
3 531 571 532
3 532 571 572
3 532 572 533
3 533 572 573
3 533 573 534
3 534 573 574
3 534 574 535
3 535 574 575
3 535 575 536
3 536 575 576
3 536 576 537
3 537 576 577
3 537 577 538
3 538 577 578
3 538 578 539
3 539 578 579
3 539 579 540
3 540 579 580
3 540 580 541
3 541 580 581
3 541 581 542
3 542 581 582
3 542 582 543
3 543 582 583
3 543 583 544
3 544 583 584
3 544 584 545
3 545 584 585
3 545 585 546
3 546 585 586
3 546 586 547
3 547 586 587
3 547 587 548
3 548 587 588
3 548 588 549
3 549 588 589
3 549 589 550
3 550 589 590
3 550 590 551
3 551 590 591
3 551 591 552
3 552 591 592
3 552 592 553
3 553 592 593
3 553 593 554
3 554 593 594
3 554 594 555
3 555 594 595
3 555 595 556
3 556 595 596
3 556 596 557
3 557 596 597
3 557 597 558
3 558 597 598
3 558 598 559
3 559 598 599
3 560 600 561
3 561 600 601
3 561 601 562
3 562 601 602
3 562 602 563
3 563 602 603
3 563 603 564
3 564 603 604
3 564 604 565
3 565 604 605
3 565 605 566
3 566 605 606
3 566 606 567
3 567 606 607
3 567 607 568
3 568 607 608
3 568 608 569
3 569 608 609
3 569 609 570
3 570 609 610
3 570 610 571
3 571 610 611
3 571 611 572
3 572 611 612
3 572 612 573
3 573 612 613
3 573 613 574
3 574 613 614
3 574 614 575
3 575 614 615
3 575 615 576
3 576 615 616
3 576 616 577
3 577 616 617
3 577 617 578
3 578 617 618
3 578 618 579
3 579 618 619
3 579 619 580
3 580 619 620
3 580 620 581
3 581 620 621
3 581 621 582
3 582 621 622
3 582 622 583
3 583 622 623
3 583 623 584
3 584 623 624
3 584 624 585
3 585 624 625
3 585 625 586
3 586 625 626
3 586 626 587
3 587 626 627
3 587 627 588
3 588 627 628
3 588 628 589
3 589 628 629
3 589 629 590
3 590 629 630
3 590 630 591
3 591 630 631
3 591 631 592
3 592 631 632
3 592 632 593
3 593 632 633
3 593 633 594
3 594 633 634
3 594 634 595
3 595 634 635
3 595 635 596
3 596 635 636
3 596 636 597
3 597 636 637
3 597 637 598
3 598 637 638
3 598 638 599
3 599 638 639
3 600 640 601
3 601 640 641
3 601 641 602
3 602 641 642
3 602 642 603
3 603 642 643
3 603 643 604
3 604 643 644
3 604 644 605
3 605 644 645
3 605 645 606
3 606 645 646
3 606 646 607
3 607 646 647
3 607 647 608
3 608 647 648
3 608 648 609
3 609 648 649
3 609 649 610
3 610 649 650
3 610 650 611
3 611 650 651
3 611 651 612
3 612 651 652
3 612 652 613
3 613 652 653
3 613 653 614
3 614 653 654
3 614 654 615
3 615 654 655
3 615 655 616
3 616 655 656
3 616 656 617
3 617 656 657
3 617 657 618
3 618 657 658
3 618 658 619
3 619 658 659
3 619 659 620
3 620 659 660
3 620 660 621
3 621 660 661
3 621 661 622
3 622 661 662
3 622 662 623
3 623 662 663
3 623 663 624
3 624 663 664
3 624 664 625
3 625 664 665
3 625 665 626
3 626 665 666
3 626 666 627
3 627 666 667
3 627 667 628
3 628 667 668
3 628 668 629
3 629 668 669
3 629 669 630
3 630 669 670
3 630 670 631
3 631 670 671
3 631 671 632
3 632 671 672
3 632 672 633
3 633 672 673
3 633 673 634
3 634 673 674
3 634 674 635
3 635 674 675
3 635 675 636
3 636 675 676
3 636 676 637
3 637 676 677
3 637 677 638
3 638 677 678
3 638 678 639
3 639 678 679
3 640 680 641
3 641 680 681
3 641 681 642
3 642 681 682
3 642 682 643
3 643 682 683
3 643 683 644
3 644 683 684
3 644 684 645
3 645 684 685
3 645 685 646
3 646 685 686
3 646 686 647
3 647 686 687
3 647 687 648
3 648 687 688
3 648 688 649
3 649 688 689
3 649 689 650
3 650 689 690
3 650 690 651
3 651 690 691
3 651 691 652
3 652 691 692
3 652 692 653
3 653 692 693
3 653 693 654
3 654 693 694
3 654 694 655
3 655 694 695
3 655 695 656
3 656 695 696
3 656 696 657
3 657 696 697
3 657 697 658
3 658 697 698
3 658 698 659
3 659 698 699
3 659 699 660
3 660 699 700
3 660 700 661
3 661 700 701
3 661 701 662
3 662 701 702
3 662 702 663
3 663 702 703
3 663 703 664
3 664 703 704
3 664 704 665
3 665 704 705
3 665 705 666
3 666 705 706
3 666 706 667
3 667 706 707
3 667 707 668
3 668 707 708
3 668 708 669
3 669 708 709
3 669 709 670
3 670 709 710
3 670 710 671
3 671 710 711
3 671 711 672
3 672 711 712
3 672 712 673
3 673 712 713
3 673 713 674
3 674 713 714
3 674 714 675
3 675 714 715
3 675 715 676
3 676 715 716
3 676 716 677
3 677 716 717
3 677 717 678
3 678 717 718
3 678 718 679
3 679 718 719
3 680 720 681
3 681 720 721
3 681 721 682
3 682 721 722
3 682 722 683
3 683 722 723
3 683 723 684
3 684 723 724
3 684 724 685
3 685 724 725
3 685 725 686
3 686 725 726
3 686 726 687
3 687 726 727
3 687 727 688
3 688 727 728
3 688 728 689
3 689 728 729
3 689 729 690
3 690 729 730
3 690 730 691
3 691 730 731
3 691 731 692
3 692 731 732
3 692 732 693
3 693 732 733
3 693 733 694
3 694 733 734
3 694 734 695
3 695 734 735
3 695 735 696
3 696 735 736
3 696 736 697
3 697 736 737
3 697 737 698
3 698 737 738
3 698 738 699
3 699 738 739
3 699 739 700
3 700 739 740
3 700 740 701
3 701 740 741
3 701 741 702
3 702 741 742
3 702 742 703
3 703 742 743
3 703 743 704
3 704 743 744
3 704 744 705
3 705 744 745
3 705 745 706
3 706 745 746
3 706 746 707
3 707 746 747
3 707 747 708
3 708 747 748
3 708 748 709
3 709 748 749
3 709 749 710
3 710 749 750
3 710 750 711
3 711 750 751
3 711 751 712
3 712 751 752
3 712 752 713
3 713 752 753
3 713 753 714
3 714 753 754
3 714 754 715
3 715 754 755
3 715 755 716
3 716 755 756
3 716 756 717
3 717 756 757
3 717 757 718
3 718 757 758
3 718 758 719
3 719 758 759
3 720 760 721
3 721 760 761
3 721 761 722
3 722 761 762
3 722 762 723
3 723 762 763
3 723 763 724
3 724 763 764
3 724 764 725
3 725 764 765
3 725 765 726
3 726 765 766
3 726 766 727
3 727 766 767
3 727 767 728
3 728 767 768
3 728 768 729
3 729 768 769
3 729 769 730
3 730 769 770
3 730 770 731
3 731 770 771
3 731 771 732
3 732 771 772
3 732 772 733
3 733 772 773
3 733 773 734
3 734 773 774
3 734 774 735
3 735 774 775
3 735 775 736
3 736 775 776
3 736 776 737
3 737 776 777
3 737 777 738
3 738 777 778
3 738 778 739
3 739 778 779
3 739 779 740
3 740 779 780
3 740 780 741
3 741 780 781
3 741 781 742
3 742 781 782
3 742 782 743
3 743 782 783
3 743 783 744
3 744 783 784
3 744 784 745
3 745 784 785
3 745 785 746
3 746 785 786
3 746 786 747
3 747 786 787
3 747 787 748
3 748 787 788
3 748 788 749
3 749 788 789
3 749 789 750
3 750 789 790
3 750 790 751
3 751 790 791
3 751 791 752
3 752 791 792
3 752 792 753
3 753 792 793
3 753 793 754
3 754 793 794
3 754 794 755
3 755 794 795
3 755 795 756
3 756 795 796
3 756 796 757
3 757 796 797
3 757 797 758
3 758 797 798
3 758 798 759
3 759 798 799
3 760 800 761
3 761 800 801
3 761 801 762
3 762 801 802
3 762 802 763
3 763 802 803
3 763 803 764
3 764 803 804
3 764 804 765
3 765 804 805
3 765 805 766
3 766 805 806
3 766 806 767
3 767 806 807
3 767 807 768
3 768 807 808
3 768 808 769
3 769 808 809
3 769 809 770
3 770 809 810
3 770 810 771
3 771 810 811
3 771 811 772
3 772 811 812
3 772 812 773
3 773 812 813
3 773 813 774
3 774 813 814
3 774 814 775
3 775 814 815
3 775 815 776
3 776 815 816
3 776 816 777
3 777 816 817
3 777 817 778
3 778 817 818
3 778 818 779
3 779 818 819
3 779 819 780
3 780 819 820
3 780 820 781
3 781 820 821
3 781 821 782
3 782 821 822
3 782 822 783
3 783 822 823
3 783 823 784
3 784 823 824
3 784 824 785
3 785 824 825
3 785 825 786
3 786 825 826
3 786 826 787
3 787 826 827
3 787 827 788
3 788 827 828
3 788 828 789
3 789 828 829
3 789 829 790
3 790 829 830
3 790 830 791
3 791 830 831
3 791 831 792
3 792 831 832
3 792 832 793
3 793 832 833
3 793 833 794
3 794 833 834
3 794 834 795
3 795 834 835
3 795 835 796
3 796 835 836
3 796 836 797
3 797 836 837
3 797 837 798
3 798 837 838
3 798 838 799
3 799 838 839
3 800 840 801
3 801 840 841
3 801 841 802
3 802 841 842
3 802 842 803
3 803 842 843
3 803 843 804
3 804 843 844
3 804 844 805
3 805 844 845
3 805 845 806
3 806 845 846
3 806 846 807
3 807 846 847
3 807 847 808
3 808 847 848
3 808 848 809
3 809 848 849
3 809 849 810
3 810 849 850
3 810 850 811
3 811 850 851
3 811 851 812
3 812 851 852
3 812 852 813
3 813 852 853
3 813 853 814
3 814 853 854
3 814 854 815
3 815 854 855
3 815 855 816
3 816 855 856
3 816 856 817
3 817 856 857
3 817 857 818
3 818 857 858
3 818 858 819
3 819 858 859
3 819 859 820
3 820 859 860
3 820 860 821
3 821 860 861
3 821 861 822
3 822 861 862
3 822 862 823
3 823 862 863
3 823 863 824
3 824 863 864
3 824 864 825
3 825 864 865
3 825 865 826
3 826 865 866
3 826 866 827
3 827 866 867
3 827 867 828
3 828 867 868
3 828 868 829
3 829 868 869
3 829 869 830
3 830 869 870
3 830 870 831
3 831 870 871
3 831 871 832
3 832 871 872
3 832 872 833
3 833 872 873
3 833 873 834
3 834 873 874
3 834 874 835
3 835 874 875
3 835 875 836
3 836 875 876
3 836 876 837
3 837 876 877
3 837 877 838
3 838 877 878
3 838 878 839
3 839 878 879
3 840 880 841
3 841 880 881
3 841 881 842
3 842 881 882
3 842 882 843
3 843 882 883
3 843 883 844
3 844 883 884
3 844 884 845
3 845 884 885
3 845 885 846
3 846 885 886
3 846 886 847
3 847 886 887
3 847 887 848
3 848 887 888
3 848 888 849
3 849 888 889
3 849 889 850
3 850 889 890
3 850 890 851
3 851 890 891
3 851 891 852
3 852 891 892
3 852 892 853
3 853 892 893
3 853 893 854
3 854 893 894
3 854 894 855
3 855 894 895
3 855 895 856
3 856 895 896
3 856 896 857
3 857 896 897
3 857 897 858
3 858 897 898
3 858 898 859
3 859 898 899
3 859 899 860
3 860 899 900
3 860 900 861
3 861 900 901
3 861 901 862
3 862 901 902
3 862 902 863
3 863 902 903
3 863 903 864
3 864 903 904
3 864 904 865
3 865 904 905
3 865 905 866
3 866 905 906
3 866 906 867
3 867 906 907
3 867 907 868
3 868 907 908
3 868 908 869
3 869 908 909
3 869 909 870
3 870 909 910
3 870 910 871
3 871 910 911
3 871 911 872
3 872 911 912
3 872 912 873
3 873 912 913
3 873 913 874
3 874 913 914
3 874 914 875
3 875 914 915
3 875 915 876
3 876 915 916
3 876 916 877
3 877 916 917
3 877 917 878
3 878 917 918
3 878 918 879
3 879 918 919
3 880 920 881
3 881 920 921
3 881 921 882
3 882 921 922
3 882 922 883
3 883 922 923
3 883 923 884
3 884 923 924
3 884 924 885
3 885 924 925
3 885 925 886
3 886 925 926
3 886 926 887
3 887 926 927
3 887 927 888
3 888 927 928
3 888 928 889
3 889 928 929
3 889 929 890
3 890 929 930
3 890 930 891
3 891 930 931
3 891 931 892
3 892 931 932
3 892 932 893
3 893 932 933
3 893 933 894
3 894 933 934
3 894 934 895
3 895 934 935
3 895 935 896
3 896 935 936
3 896 936 897
3 897 936 937
3 897 937 898
3 898 937 938
3 898 938 899
3 899 938 939
3 899 939 900
3 900 939 940
3 900 940 901
3 901 940 941
3 901 941 902
3 902 941 942
3 902 942 903
3 903 942 943
3 903 943 904
3 904 943 944
3 904 944 905
3 905 944 945
3 905 945 906
3 906 945 946
3 906 946 907
3 907 946 947
3 907 947 908
3 908 947 948
3 908 948 909
3 909 948 949
3 909 949 910
3 910 949 950
3 910 950 911
3 911 950 951
3 911 951 912
3 912 951 952
3 912 952 913
3 913 952 953
3 913 953 914
3 914 953 954
3 914 954 915
3 915 954 955
3 915 955 916
3 916 955 956
3 916 956 917
3 917 956 957
3 917 957 918
3 918 957 958
3 918 958 919
3 919 958 959
3 920 960 921
3 921 960 961
3 921 961 922
3 922 961 962
3 922 962 923
3 923 962 963
3 923 963 924
3 924 963 964
3 924 964 925
3 925 964 965
3 925 965 926
3 926 965 966
3 926 966 927
3 927 966 967
3 927 967 928
3 928 967 968
3 928 968 929
3 929 968 969
3 929 969 930
3 930 969 970
3 930 970 931
3 931 970 971
3 931 971 932
3 932 971 972
3 932 972 933
3 933 972 973
3 933 973 934
3 934 973 974
3 934 974 935
3 935 974 975
3 935 975 936
3 936 975 976
3 936 976 937
3 937 976 977
3 937 977 938
3 938 977 978
3 938 978 939
3 939 978 979
3 939 979 940
3 940 979 980
3 940 980 941
3 941 980 981
3 941 981 942
3 942 981 982
3 942 982 943
3 943 982 983
3 943 983 944
3 944 983 984
3 944 984 945
3 945 984 985
3 945 985 946
3 946 985 986
3 946 986 947
3 947 986 987
3 947 987 948
3 948 987 988
3 948 988 949
3 949 988 989
3 949 989 950
3 950 989 990
3 950 990 951
3 951 990 991
3 951 991 952
3 952 991 992
3 952 992 953
3 953 992 993
3 953 993 954
3 954 993 994
3 954 994 955
3 955 994 995
3 955 995 956
3 956 995 996
3 956 996 957
3 957 996 997
3 957 997 958
3 958 997 998
3 958 998 959
3 959 998 999
3 960 1000 961
3 961 1000 1001
3 961 1001 962
3 962 1001 1002
3 962 1002 963
3 963 1002 1003
3 963 1003 964
3 964 1003 1004
3 964 1004 965
3 965 1004 1005
3 965 1005 966
3 966 1005 1006
3 966 1006 967
3 967 1006 1007
3 967 1007 968
3 968 1007 1008
3 968 1008 969
3 969 1008 1009
3 969 1009 970
3 970 1009 1010
3 970 1010 971
3 971 1010 1011
3 971 1011 972
3 972 1011 1012
3 972 1012 973
3 973 1012 1013
3 973 1013 974
3 974 1013 1014
3 974 1014 975
3 975 1014 1015
3 975 1015 976
3 976 1015 1016
3 976 1016 977
3 977 1016 1017
3 977 1017 978
3 978 1017 1018
3 978 1018 979
3 979 1018 1019
3 979 1019 980
3 980 1019 1020
3 980 1020 981
3 981 1020 1021
3 981 1021 982
3 982 1021 1022
3 982 1022 983
3 983 1022 1023
3 983 1023 984
3 984 1023 1024
3 984 1024 985
3 985 1024 1025
3 985 1025 986
3 986 1025 1026
3 986 1026 987
3 987 1026 1027
3 987 1027 988
3 988 1027 1028
3 988 1028 989
3 989 1028 1029
3 989 1029 990
3 990 1029 1030
3 990 1030 991
3 991 1030 1031
3 991 1031 992
3 992 1031 1032
3 992 1032 993
3 993 1032 1033
3 993 1033 994
3 994 1033 1034
3 994 1034 995
3 995 1034 1035
3 995 1035 996
3 996 1035 1036
3 996 1036 997
3 997 1036 1037
3 997 1037 998
3 998 1037 1038
3 998 1038 999
3 999 1038 1039
3 1000 1040 1001
3 1001 1040 1041
3 1001 1041 1002
3 1002 1041 1042
3 1002 1042 1003
3 1003 1042 1043
3 1003 1043 1004
3 1004 1043 1044
3 1004 1044 1005
3 1005 1044 1045
3 1005 1045 1006
3 1006 1045 1046
3 1006 1046 1007
3 1007 1046 1047
3 1007 1047 1008
3 1008 1047 1048
3 1008 1048 1009
3 1009 1048 1049
3 1009 1049 1010
3 1010 1049 1050
3 1010 1050 1011
3 1011 1050 1051
3 1011 1051 1012
3 1012 1051 1052
3 1012 1052 1013
3 1013 1052 1053
3 1013 1053 1014
3 1014 1053 1054
3 1014 1054 1015
3 1015 1054 1055
3 1015 1055 1016
3 1016 1055 1056
3 1016 1056 1017
3 1017 1056 1057
3 1017 1057 1018
3 1018 1057 1058
3 1018 1058 1019
3 1019 1058 1059
3 1019 1059 1020
3 1020 1059 1060
3 1020 1060 1021
3 1021 1060 1061
3 1021 1061 1022
3 1022 1061 1062
3 1022 1062 1023
3 1023 1062 1063
3 1023 1063 1024
3 1024 1063 1064
3 1024 1064 1025
3 1025 1064 1065
3 1025 1065 1026
3 1026 1065 1066
3 1026 1066 1027
3 1027 1066 1067
3 1027 1067 1028
3 1028 1067 1068
3 1028 1068 1029
3 1029 1068 1069
3 1029 1069 1030
3 1030 1069 1070
3 1030 1070 1031
3 1031 1070 1071
3 1031 1071 1032
3 1032 1071 1072
3 1032 1072 1033
3 1033 1072 1073
3 1033 1073 1034
3 1034 1073 1074
3 1034 1074 1035
3 1035 1074 1075
3 1035 1075 1036
3 1036 1075 1076
3 1036 1076 1037
3 1037 1076 1077
3 1037 1077 1038
3 1038 1077 1078
3 1038 1078 1039
3 1039 1078 1079
3 1040 1080 1041
3 1041 1080 1081
3 1041 1081 1042
3 1042 1081 1082
3 1042 1082 1043
3 1043 1082 1083
3 1043 1083 1044
3 1044 1083 1084
3 1044 1084 1045
3 1045 1084 1085
3 1045 1085 1046
3 1046 1085 1086
3 1046 1086 1047
3 1047 1086 1087
3 1047 1087 1048
3 1048 1087 1088
3 1048 1088 1049
3 1049 1088 1089
3 1049 1089 1050
3 1050 1089 1090
3 1050 1090 1051
3 1051 1090 1091
3 1051 1091 1052
3 1052 1091 1092
3 1052 1092 1053
3 1053 1092 1093
3 1053 1093 1054
3 1054 1093 1094
3 1054 1094 1055
3 1055 1094 1095
3 1055 1095 1056
3 1056 1095 1096
3 1056 1096 1057
3 1057 1096 1097
3 1057 1097 1058
3 1058 1097 1098
3 1058 1098 1059
3 1059 1098 1099
3 1059 1099 1060
3 1060 1099 1100
3 1060 1100 1061
3 1061 1100 1101
3 1061 1101 1062
3 1062 1101 1102
3 1062 1102 1063
3 1063 1102 1103
3 1063 1103 1064
3 1064 1103 1104
3 1064 1104 1065
3 1065 1104 1105
3 1065 1105 1066
3 1066 1105 1106
3 1066 1106 1067
3 1067 1106 1107
3 1067 1107 1068
3 1068 1107 1108
3 1068 1108 1069
3 1069 1108 1109
3 1069 1109 1070
3 1070 1109 1110
3 1070 1110 1071
3 1071 1110 1111
3 1071 1111 1072
3 1072 1111 1112
3 1072 1112 1073
3 1073 1112 1113
3 1073 1113 1074
3 1074 1113 1114
3 1074 1114 1075
3 1075 1114 1115
3 1075 1115 1076
3 1076 1115 1116
3 1076 1116 1077
3 1077 1116 1117
3 1077 1117 1078
3 1078 1117 1118
3 1078 1118 1079
3 1079 1118 1119
3 1080 1120 1081
3 1081 1120 1121
3 1081 1121 1082
3 1082 1121 1122
3 1082 1122 1083
3 1083 1122 1123
3 1083 1123 1084
3 1084 1123 1124
3 1084 1124 1085
3 1085 1124 1125
3 1085 1125 1086
3 1086 1125 1126
3 1086 1126 1087
3 1087 1126 1127
3 1087 1127 1088
3 1088 1127 1128
3 1088 1128 1089
3 1089 1128 1129
3 1089 1129 1090
3 1090 1129 1130
3 1090 1130 1091
3 1091 1130 1131
3 1091 1131 1092
3 1092 1131 1132
3 1092 1132 1093
3 1093 1132 1133
3 1093 1133 1094
3 1094 1133 1134
3 1094 1134 1095
3 1095 1134 1135
3 1095 1135 1096
3 1096 1135 1136
3 1096 1136 1097
3 1097 1136 1137
3 1097 1137 1098
3 1098 1137 1138
3 1098 1138 1099
3 1099 1138 1139
3 1099 1139 1100
3 1100 1139 1140
3 1100 1140 1101
3 1101 1140 1141
3 1101 1141 1102
3 1102 1141 1142
3 1102 1142 1103
3 1103 1142 1143
3 1103 1143 1104
3 1104 1143 1144
3 1104 1144 1105
3 1105 1144 1145
3 1105 1145 1106
3 1106 1145 1146
3 1106 1146 1107
3 1107 1146 1147
3 1107 1147 1108
3 1108 1147 1148
3 1108 1148 1109
3 1109 1148 1149
3 1109 1149 1110
3 1110 1149 1150
3 1110 1150 1111
3 1111 1150 1151
3 1111 1151 1112
3 1112 1151 1152
3 1112 1152 1113
3 1113 1152 1153
3 1113 1153 1114
3 1114 1153 1154
3 1114 1154 1115
3 1115 1154 1155
3 1115 1155 1116
3 1116 1155 1156
3 1116 1156 1117
3 1117 1156 1157
3 1117 1157 1118
3 1118 1157 1158
3 1118 1158 1119
3 1119 1158 1159
3 1120 1160 1121
3 1121 1160 1161
3 1121 1161 1122
3 1122 1161 1162
3 1122 1162 1123
3 1123 1162 1163
3 1123 1163 1124
3 1124 1163 1164
3 1124 1164 1125
3 1125 1164 1165
3 1125 1165 1126
3 1126 1165 1166
3 1126 1166 1127
3 1127 1166 1167
3 1127 1167 1128
3 1128 1167 1168
3 1128 1168 1129
3 1129 1168 1169
3 1129 1169 1130
3 1130 1169 1170
3 1130 1170 1131
3 1131 1170 1171
3 1131 1171 1132
3 1132 1171 1172
3 1132 1172 1133
3 1133 1172 1173
3 1133 1173 1134
3 1134 1173 1174
3 1134 1174 1135
3 1135 1174 1175
3 1135 1175 1136
3 1136 1175 1176
3 1136 1176 1137
3 1137 1176 1177
3 1137 1177 1138
3 1138 1177 1178
3 1138 1178 1139
3 1139 1178 1179
3 1139 1179 1140
3 1140 1179 1180
3 1140 1180 1141
3 1141 1180 1181
3 1141 1181 1142
3 1142 1181 1182
3 1142 1182 1143
3 1143 1182 1183
3 1143 1183 1144
3 1144 1183 1184
3 1144 1184 1145
3 1145 1184 1185
3 1145 1185 1146
3 1146 1185 1186
3 1146 1186 1147
3 1147 1186 1187
3 1147 1187 1148
3 1148 1187 1188
3 1148 1188 1149
3 1149 1188 1189
3 1149 1189 1150
3 1150 1189 1190
3 1150 1190 1151
3 1151 1190 1191
3 1151 1191 1152
3 1152 1191 1192
3 1152 1192 1153
3 1153 1192 1193
3 1153 1193 1154
3 1154 1193 1194
3 1154 1194 1155
3 1155 1194 1195
3 1155 1195 1156
3 1156 1195 1196
3 1156 1196 1157
3 1157 1196 1197
3 1157 1197 1158
3 1158 1197 1198
3 1158 1198 1159
3 1159 1198 1199
3 1160 1200 1161
3 1161 1200 1201
3 1161 1201 1162
3 1162 1201 1202
3 1162 1202 1163
3 1163 1202 1203
3 1163 1203 1164
3 1164 1203 1204
3 1164 1204 1165
3 1165 1204 1205
3 1165 1205 1166
3 1166 1205 1206
3 1166 1206 1167
3 1167 1206 1207
3 1167 1207 1168
3 1168 1207 1208
3 1168 1208 1169
3 1169 1208 1209
3 1169 1209 1170
3 1170 1209 1210
3 1170 1210 1171
3 1171 1210 1211
3 1171 1211 1172
3 1172 1211 1212
3 1172 1212 1173
3 1173 1212 1213
3 1173 1213 1174
3 1174 1213 1214
3 1174 1214 1175
3 1175 1214 1215
3 1175 1215 1176
3 1176 1215 1216
3 1176 1216 1177
3 1177 1216 1217
3 1177 1217 1178
3 1178 1217 1218
3 1178 1218 1179
3 1179 1218 1219
3 1179 1219 1180
3 1180 1219 1220
3 1180 1220 1181
3 1181 1220 1221
3 1181 1221 1182
3 1182 1221 1222
3 1182 1222 1183
3 1183 1222 1223
3 1183 1223 1184
3 1184 1223 1224
3 1184 1224 1185
3 1185 1224 1225
3 1185 1225 1186
3 1186 1225 1226
3 1186 1226 1187
3 1187 1226 1227
3 1187 1227 1188
3 1188 1227 1228
3 1188 1228 1189
3 1189 1228 1229
3 1189 1229 1190
3 1190 1229 1230
3 1190 1230 1191
3 1191 1230 1231
3 1191 1231 1192
3 1192 1231 1232
3 1192 1232 1193
3 1193 1232 1233
3 1193 1233 1194
3 1194 1233 1234
3 1194 1234 1195
3 1195 1234 1235
3 1195 1235 1196
3 1196 1235 1236
3 1196 1236 1197
3 1197 1236 1237
3 1197 1237 1198
3 1198 1237 1238
3 1198 1238 1199
3 1199 1238 1239
3 1200 1240 1201
3 1201 1240 1241
3 1201 1241 1202
3 1202 1241 1242
3 1202 1242 1203
3 1203 1242 1243
3 1203 1243 1204
3 1204 1243 1244
3 1204 1244 1205
3 1205 1244 1245
3 1205 1245 1206
3 1206 1245 1246
3 1206 1246 1207
3 1207 1246 1247
3 1207 1247 1208
3 1208 1247 1248
3 1208 1248 1209
3 1209 1248 1249
3 1209 1249 1210
3 1210 1249 1250
3 1210 1250 1211
3 1211 1250 1251
3 1211 1251 1212
3 1212 1251 1252
3 1212 1252 1213
3 1213 1252 1253
3 1213 1253 1214
3 1214 1253 1254
3 1214 1254 1215
3 1215 1254 1255
3 1215 1255 1216
3 1216 1255 1256
3 1216 1256 1217
3 1217 1256 1257
3 1217 1257 1218
3 1218 1257 1258
3 1218 1258 1219
3 1219 1258 1259
3 1219 1259 1220
3 1220 1259 1260
3 1220 1260 1221
3 1221 1260 1261
3 1221 1261 1222
3 1222 1261 1262
3 1222 1262 1223
3 1223 1262 1263
3 1223 1263 1224
3 1224 1263 1264
3 1224 1264 1225
3 1225 1264 1265
3 1225 1265 1226
3 1226 1265 1266
3 1226 1266 1227
3 1227 1266 1267
3 1227 1267 1228
3 1228 1267 1268
3 1228 1268 1229
3 1229 1268 1269
3 1229 1269 1230
3 1230 1269 1270
3 1230 1270 1231
3 1231 1270 1271
3 1231 1271 1232
3 1232 1271 1272
3 1232 1272 1233
3 1233 1272 1273
3 1233 1273 1234
3 1234 1273 1274
3 1234 1274 1235
3 1235 1274 1275
3 1235 1275 1236
3 1236 1275 1276
3 1236 1276 1237
3 1237 1276 1277
3 1237 1277 1238
3 1238 1277 1278
3 1238 1278 1239
3 1239 1278 1279
3 1240 1280 1241
3 1241 1280 1281
3 1241 1281 1242
3 1242 1281 1282
3 1242 1282 1243
3 1243 1282 1283
3 1243 1283 1244
3 1244 1283 1284
3 1244 1284 1245
3 1245 1284 1285
3 1245 1285 1246
3 1246 1285 1286
3 1246 1286 1247
3 1247 1286 1287
3 1247 1287 1248
3 1248 1287 1288
3 1248 1288 1249
3 1249 1288 1289
3 1249 1289 1250
3 1250 1289 1290
3 1250 1290 1251
3 1251 1290 1291
3 1251 1291 1252
3 1252 1291 1292
3 1252 1292 1253
3 1253 1292 1293
3 1253 1293 1254
3 1254 1293 1294
3 1254 1294 1255
3 1255 1294 1295
3 1255 1295 1256
3 1256 1295 1296
3 1256 1296 1257
3 1257 1296 1297
3 1257 1297 1258
3 1258 1297 1298
3 1258 1298 1259
3 1259 1298 1299
3 1259 1299 1260
3 1260 1299 1300
3 1260 1300 1261
3 1261 1300 1301
3 1261 1301 1262
3 1262 1301 1302
3 1262 1302 1263
3 1263 1302 1303
3 1263 1303 1264
3 1264 1303 1304
3 1264 1304 1265
3 1265 1304 1305
3 1265 1305 1266
3 1266 1305 1306
3 1266 1306 1267
3 1267 1306 1307
3 1267 1307 1268
3 1268 1307 1308
3 1268 1308 1269
3 1269 1308 1309
3 1269 1309 1270
3 1270 1309 1310
3 1270 1310 1271
3 1271 1310 1311
3 1271 1311 1272
3 1272 1311 1312
3 1272 1312 1273
3 1273 1312 1313
3 1273 1313 1274
3 1274 1313 1314
3 1274 1314 1275
3 1275 1314 1315
3 1275 1315 1276
3 1276 1315 1316
3 1276 1316 1277
3 1277 1316 1317
3 1277 1317 1278
3 1278 1317 1318
3 1278 1318 1279
3 1279 1318 1319
3 1280 1320 1281
3 1281 1320 1321
3 1281 1321 1282
3 1282 1321 1322
3 1282 1322 1283
3 1283 1322 1323
3 1283 1323 1284
3 1284 1323 1324
3 1284 1324 1285
3 1285 1324 1325
3 1285 1325 1286
3 1286 1325 1326
3 1286 1326 1287
3 1287 1326 1327
3 1287 1327 1288
3 1288 1327 1328
3 1288 1328 1289
3 1289 1328 1329
3 1289 1329 1290
3 1290 1329 1330
3 1290 1330 1291
3 1291 1330 1331
3 1291 1331 1292
3 1292 1331 1332
3 1292 1332 1293
3 1293 1332 1333
3 1293 1333 1294
3 1294 1333 1334
3 1294 1334 1295
3 1295 1334 1335
3 1295 1335 1296
3 1296 1335 1336
3 1296 1336 1297
3 1297 1336 1337
3 1297 1337 1298
3 1298 1337 1338
3 1298 1338 1299
3 1299 1338 1339
3 1299 1339 1300
3 1300 1339 1340
3 1300 1340 1301
3 1301 1340 1341
3 1301 1341 1302
3 1302 1341 1342
3 1302 1342 1303
3 1303 1342 1343
3 1303 1343 1304
3 1304 1343 1344
3 1304 1344 1305
3 1305 1344 1345
3 1305 1345 1306
3 1306 1345 1346
3 1306 1346 1307
3 1307 1346 1347
3 1307 1347 1308
3 1308 1347 1348
3 1308 1348 1309
3 1309 1348 1349
3 1309 1349 1310
3 1310 1349 1350
3 1310 1350 1311
3 1311 1350 1351
3 1311 1351 1312
3 1312 1351 1352
3 1312 1352 1313
3 1313 1352 1353
3 1313 1353 1314
3 1314 1353 1354
3 1314 1354 1315
3 1315 1354 1355
3 1315 1355 1316
3 1316 1355 1356
3 1316 1356 1317
3 1317 1356 1357
3 1317 1357 1318
3 1318 1357 1358
3 1318 1358 1319
3 1319 1358 1359
3 1320 1360 1321
3 1321 1360 1361
3 1321 1361 1322
3 1322 1361 1362
3 1322 1362 1323
3 1323 1362 1363
3 1323 1363 1324
3 1324 1363 1364
3 1324 1364 1325
3 1325 1364 1365
3 1325 1365 1326
3 1326 1365 1366
3 1326 1366 1327
3 1327 1366 1367
3 1327 1367 1328
3 1328 1367 1368
3 1328 1368 1329
3 1329 1368 1369
3 1329 1369 1330
3 1330 1369 1370
3 1330 1370 1331
3 1331 1370 1371
3 1331 1371 1332
3 1332 1371 1372
3 1332 1372 1333
3 1333 1372 1373
3 1333 1373 1334
3 1334 1373 1374
3 1334 1374 1335
3 1335 1374 1375
3 1335 1375 1336
3 1336 1375 1376
3 1336 1376 1337
3 1337 1376 1377
3 1337 1377 1338
3 1338 1377 1378
3 1338 1378 1339
3 1339 1378 1379
3 1339 1379 1340
3 1340 1379 1380
3 1340 1380 1341
3 1341 1380 1381
3 1341 1381 1342
3 1342 1381 1382
3 1342 1382 1343
3 1343 1382 1383
3 1343 1383 1344
3 1344 1383 1384
3 1344 1384 1345
3 1345 1384 1385
3 1345 1385 1346
3 1346 1385 1386
3 1346 1386 1347
3 1347 1386 1387
3 1347 1387 1348
3 1348 1387 1388
3 1348 1388 1349
3 1349 1388 1389
3 1349 1389 1350
3 1350 1389 1390
3 1350 1390 1351
3 1351 1390 1391
3 1351 1391 1352
3 1352 1391 1392
3 1352 1392 1353
3 1353 1392 1393
3 1353 1393 1354
3 1354 1393 1394
3 1354 1394 1355
3 1355 1394 1395
3 1355 1395 1356
3 1356 1395 1396
3 1356 1396 1357
3 1357 1396 1397
3 1357 1397 1358
3 1358 1397 1398
3 1358 1398 1359
3 1359 1398 1399
3 1360 1400 1361
3 1361 1400 1401
3 1361 1401 1362
3 1362 1401 1402
3 1362 1402 1363
3 1363 1402 1403
3 1363 1403 1364
3 1364 1403 1404
3 1364 1404 1365
3 1365 1404 1405
3 1365 1405 1366
3 1366 1405 1406
3 1366 1406 1367
3 1367 1406 1407
3 1367 1407 1368
3 1368 1407 1408
3 1368 1408 1369
3 1369 1408 1409
3 1369 1409 1370
3 1370 1409 1410
3 1370 1410 1371
3 1371 1410 1411
3 1371 1411 1372
3 1372 1411 1412
3 1372 1412 1373
3 1373 1412 1413
3 1373 1413 1374
3 1374 1413 1414
3 1374 1414 1375
3 1375 1414 1415
3 1375 1415 1376
3 1376 1415 1416
3 1376 1416 1377
3 1377 1416 1417
3 1377 1417 1378
3 1378 1417 1418
3 1378 1418 1379
3 1379 1418 1419
3 1379 1419 1380
3 1380 1419 1420
3 1380 1420 1381
3 1381 1420 1421
3 1381 1421 1382
3 1382 1421 1422
3 1382 1422 1383
3 1383 1422 1423
3 1383 1423 1384
3 1384 1423 1424
3 1384 1424 1385
3 1385 1424 1425
3 1385 1425 1386
3 1386 1425 1426
3 1386 1426 1387
3 1387 1426 1427
3 1387 1427 1388
3 1388 1427 1428
3 1388 1428 1389
3 1389 1428 1429
3 1389 1429 1390
3 1390 1429 1430
3 1390 1430 1391
3 1391 1430 1431
3 1391 1431 1392
3 1392 1431 1432
3 1392 1432 1393
3 1393 1432 1433
3 1393 1433 1394
3 1394 1433 1434
3 1394 1434 1395
3 1395 1434 1435
3 1395 1435 1396
3 1396 1435 1436
3 1396 1436 1397
3 1397 1436 1437
3 1397 1437 1398
3 1398 1437 1438
3 1398 1438 1399
3 1399 1438 1439
3 1400 1440 1401
3 1401 1440 1441
3 1401 1441 1402
3 1402 1441 1442
3 1402 1442 1403
3 1403 1442 1443
3 1403 1443 1404
3 1404 1443 1444
3 1404 1444 1405
3 1405 1444 1445
3 1405 1445 1406
3 1406 1445 1446
3 1406 1446 1407
3 1407 1446 1447
3 1407 1447 1408
3 1408 1447 1448
3 1408 1448 1409
3 1409 1448 1449
3 1409 1449 1410
3 1410 1449 1450
3 1410 1450 1411
3 1411 1450 1451
3 1411 1451 1412
3 1412 1451 1452
3 1412 1452 1413
3 1413 1452 1453
3 1413 1453 1414
3 1414 1453 1454
3 1414 1454 1415
3 1415 1454 1455
3 1415 1455 1416
3 1416 1455 1456
3 1416 1456 1417
3 1417 1456 1457
3 1417 1457 1418
3 1418 1457 1458
3 1418 1458 1419
3 1419 1458 1459
3 1419 1459 1420
3 1420 1459 1460
3 1420 1460 1421
3 1421 1460 1461
3 1421 1461 1422
3 1422 1461 1462
3 1422 1462 1423
3 1423 1462 1463
3 1423 1463 1424
3 1424 1463 1464
3 1424 1464 1425
3 1425 1464 1465
3 1425 1465 1426
3 1426 1465 1466
3 1426 1466 1427
3 1427 1466 1467
3 1427 1467 1428
3 1428 1467 1468
3 1428 1468 1429
3 1429 1468 1469
3 1429 1469 1430
3 1430 1469 1470
3 1430 1470 1431
3 1431 1470 1471
3 1431 1471 1432
3 1432 1471 1472
3 1432 1472 1433
3 1433 1472 1473
3 1433 1473 1434
3 1434 1473 1474
3 1434 1474 1435
3 1435 1474 1475
3 1435 1475 1436
3 1436 1475 1476
3 1436 1476 1437
3 1437 1476 1477
3 1437 1477 1438
3 1438 1477 1478
3 1438 1478 1439
3 1439 1478 1479
3 1440 1480 1441
3 1441 1480 1481
3 1441 1481 1442
3 1442 1481 1482
3 1442 1482 1443
3 1443 1482 1483
3 1443 1483 1444
3 1444 1483 1484
3 1444 1484 1445
3 1445 1484 1485
3 1445 1485 1446
3 1446 1485 1486
3 1446 1486 1447
3 1447 1486 1487
3 1447 1487 1448
3 1448 1487 1488
3 1448 1488 1449
3 1449 1488 1489
3 1449 1489 1450
3 1450 1489 1490
3 1450 1490 1451
3 1451 1490 1491
3 1451 1491 1452
3 1452 1491 1492
3 1452 1492 1453
3 1453 1492 1493
3 1453 1493 1454
3 1454 1493 1494
3 1454 1494 1455
3 1455 1494 1495
3 1455 1495 1456
3 1456 1495 1496
3 1456 1496 1457
3 1457 1496 1497
3 1457 1497 1458
3 1458 1497 1498
3 1458 1498 1459
3 1459 1498 1499
3 1459 1499 1460
3 1460 1499 1500
3 1460 1500 1461
3 1461 1500 1501
3 1461 1501 1462
3 1462 1501 1502
3 1462 1502 1463
3 1463 1502 1503
3 1463 1503 1464
3 1464 1503 1504
3 1464 1504 1465
3 1465 1504 1505
3 1465 1505 1466
3 1466 1505 1506
3 1466 1506 1467
3 1467 1506 1507
3 1467 1507 1468
3 1468 1507 1508
3 1468 1508 1469
3 1469 1508 1509
3 1469 1509 1470
3 1470 1509 1510
3 1470 1510 1471
3 1471 1510 1511
3 1471 1511 1472
3 1472 1511 1512
3 1472 1512 1473
3 1473 1512 1513
3 1473 1513 1474
3 1474 1513 1514
3 1474 1514 1475
3 1475 1514 1515
3 1475 1515 1476
3 1476 1515 1516
3 1476 1516 1477
3 1477 1516 1517
3 1477 1517 1478
3 1478 1517 1518
3 1478 1518 1479
3 1479 1518 1519
3 1480 1520 1481
3 1481 1520 1521
3 1481 1521 1482
3 1482 1521 1522
3 1482 1522 1483
3 1483 1522 1523
3 1483 1523 1484
3 1484 1523 1524
3 1484 1524 1485
3 1485 1524 1525
3 1485 1525 1486
3 1486 1525 1526
3 1486 1526 1487
3 1487 1526 1527
3 1487 1527 1488
3 1488 1527 1528
3 1488 1528 1489
3 1489 1528 1529
3 1489 1529 1490
3 1490 1529 1530
3 1490 1530 1491
3 1491 1530 1531
3 1491 1531 1492
3 1492 1531 1532
3 1492 1532 1493
3 1493 1532 1533
3 1493 1533 1494
3 1494 1533 1534
3 1494 1534 1495
3 1495 1534 1535
3 1495 1535 1496
3 1496 1535 1536
3 1496 1536 1497
3 1497 1536 1537
3 1497 1537 1498
3 1498 1537 1538
3 1498 1538 1499
3 1499 1538 1539
3 1499 1539 1500
3 1500 1539 1540
3 1500 1540 1501
3 1501 1540 1541
3 1501 1541 1502
3 1502 1541 1542
3 1502 1542 1503
3 1503 1542 1543
3 1503 1543 1504
3 1504 1543 1544
3 1504 1544 1505
3 1505 1544 1545
3 1505 1545 1506
3 1506 1545 1546
3 1506 1546 1507
3 1507 1546 1547
3 1507 1547 1508
3 1508 1547 1548
3 1508 1548 1509
3 1509 1548 1549
3 1509 1549 1510
3 1510 1549 1550
3 1510 1550 1511
3 1511 1550 1551
3 1511 1551 1512
3 1512 1551 1552
3 1512 1552 1513
3 1513 1552 1553
3 1513 1553 1514
3 1514 1553 1554
3 1514 1554 1515
3 1515 1554 1555
3 1515 1555 1516
3 1516 1555 1556
3 1516 1556 1517
3 1517 1556 1557
3 1517 1557 1518
3 1518 1557 1558
3 1518 1558 1519
3 1519 1558 1559
3 1520 1560 1521
3 1521 1560 1561
3 1521 1561 1522
3 1522 1561 1562
3 1522 1562 1523
3 1523 1562 1563
3 1523 1563 1524
3 1524 1563 1564
3 1524 1564 1525
3 1525 1564 1565
3 1525 1565 1526
3 1526 1565 1566
3 1526 1566 1527
3 1527 1566 1567
3 1527 1567 1528
3 1528 1567 1568
3 1528 1568 1529
3 1529 1568 1569
3 1529 1569 1530
3 1530 1569 1570
3 1530 1570 1531
3 1531 1570 1571
3 1531 1571 1532
3 1532 1571 1572
3 1532 1572 1533
3 1533 1572 1573
3 1533 1573 1534
3 1534 1573 1574
3 1534 1574 1535
3 1535 1574 1575
3 1535 1575 1536
3 1536 1575 1576
3 1536 1576 1537
3 1537 1576 1577
3 1537 1577 1538
3 1538 1577 1578
3 1538 1578 1539
3 1539 1578 1579
3 1539 1579 1540
3 1540 1579 1580
3 1540 1580 1541
3 1541 1580 1581
3 1541 1581 1542
3 1542 1581 1582
3 1542 1582 1543
3 1543 1582 1583
3 1543 1583 1544
3 1544 1583 1584
3 1544 1584 1545
3 1545 1584 1585
3 1545 1585 1546
3 1546 1585 1586
3 1546 1586 1547
3 1547 1586 1587
3 1547 1587 1548
3 1548 1587 1588
3 1548 1588 1549
3 1549 1588 1589
3 1549 1589 1550
3 1550 1589 1590
3 1550 1590 1551
3 1551 1590 1591
3 1551 1591 1552
3 1552 1591 1592
3 1552 1592 1553
3 1553 1592 1593
3 1553 1593 1554
3 1554 1593 1594
3 1554 1594 1555
3 1555 1594 1595
3 1555 1595 1556
3 1556 1595 1596
3 1556 1596 1557
3 1557 1596 1597
3 1557 1597 1558
3 1558 1597 1598
3 1558 1598 1559
3 1559 1598 1599
3 1560 1600 1561
3 1561 1600 1601
3 1561 1601 1562
3 1562 1601 1602
3 1562 1602 1563
3 1563 1602 1603
3 1563 1603 1564
3 1564 1603 1604
3 1564 1604 1565
3 1565 1604 1605
3 1565 1605 1566
3 1566 1605 1606
3 1566 1606 1567
3 1567 1606 1607
3 1567 1607 1568
3 1568 1607 1608
3 1568 1608 1569
3 1569 1608 1609
3 1569 1609 1570
3 1570 1609 1610
3 1570 1610 1571
3 1571 1610 1611
3 1571 1611 1572
3 1572 1611 1612
3 1572 1612 1573
3 1573 1612 1613
3 1573 1613 1574
3 1574 1613 1614
3 1574 1614 1575
3 1575 1614 1615
3 1575 1615 1576
3 1576 1615 1616
3 1576 1616 1577
3 1577 1616 1617
3 1577 1617 1578
3 1578 1617 1618
3 1578 1618 1579
3 1579 1618 1619
3 1579 1619 1580
3 1580 1619 1620
3 1580 1620 1581
3 1581 1620 1621
3 1581 1621 1582
3 1582 1621 1622
3 1582 1622 1583
3 1583 1622 1623
3 1583 1623 1584
3 1584 1623 1624
3 1584 1624 1585
3 1585 1624 1625
3 1585 1625 1586
3 1586 1625 1626
3 1586 1626 1587
3 1587 1626 1627
3 1587 1627 1588
3 1588 1627 1628
3 1588 1628 1589
3 1589 1628 1629
3 1589 1629 1590
3 1590 1629 1630
3 1590 1630 1591
3 1591 1630 1631
3 1591 1631 1592
3 1592 1631 1632
3 1592 1632 1593
3 1593 1632 1633
3 1593 1633 1594
3 1594 1633 1634
3 1594 1634 1595
3 1595 1634 1635
3 1595 1635 1596
3 1596 1635 1636
3 1596 1636 1597
3 1597 1636 1637
3 1597 1637 1598
3 1598 1637 1638
3 1598 1638 1599
3 1599 1638 1639
3 1600 1640 1601
3 1601 1640 1641
3 1601 1641 1602
3 1602 1641 1642
3 1602 1642 1603
3 1603 1642 1643
3 1603 1643 1604
3 1604 1643 1644
3 1604 1644 1605
3 1605 1644 1645
3 1605 1645 1606
3 1606 1645 1646
3 1606 1646 1607
3 1607 1646 1647
3 1607 1647 1608
3 1608 1647 1648
3 1608 1648 1609
3 1609 1648 1649
3 1609 1649 1610
3 1610 1649 1650
3 1610 1650 1611
3 1611 1650 1651
3 1611 1651 1612
3 1612 1651 1652
3 1612 1652 1613
3 1613 1652 1653
3 1613 1653 1614
3 1614 1653 1654
3 1614 1654 1615
3 1615 1654 1655
3 1615 1655 1616
3 1616 1655 1656
3 1616 1656 1617
3 1617 1656 1657
3 1617 1657 1618
3 1618 1657 1658
3 1618 1658 1619
3 1619 1658 1659
3 1619 1659 1620
3 1620 1659 1660
3 1620 1660 1621
3 1621 1660 1661
3 1621 1661 1622
3 1622 1661 1662
3 1622 1662 1623
3 1623 1662 1663
3 1623 1663 1624
3 1624 1663 1664
3 1624 1664 1625
3 1625 1664 1665
3 1625 1665 1626
3 1626 1665 1666
3 1626 1666 1627
3 1627 1666 1667
3 1627 1667 1628
3 1628 1667 1668
3 1628 1668 1629
3 1629 1668 1669
3 1629 1669 1630
3 1630 1669 1670
3 1630 1670 1631
3 1631 1670 1671
3 1631 1671 1632
3 1632 1671 1672
3 1632 1672 1633
3 1633 1672 1673
3 1633 1673 1634
3 1634 1673 1674
3 1634 1674 1635
3 1635 1674 1675
3 1635 1675 1636
3 1636 1675 1676
3 1636 1676 1637
3 1637 1676 1677
3 1637 1677 1638
3 1638 1677 1678
3 1638 1678 1639
3 1639 1678 1679
3 1640 1680 1641
3 1641 1680 1681
3 1641 1681 1642
3 1642 1681 1682
3 1642 1682 1643
3 1643 1682 1683
3 1643 1683 1644
3 1644 1683 1684
3 1644 1684 1645
3 1645 1684 1685
3 1645 1685 1646
3 1646 1685 1686
3 1646 1686 1647
3 1647 1686 1687
3 1647 1687 1648
3 1648 1687 1688
3 1648 1688 1649
3 1649 1688 1689
3 1649 1689 1650
3 1650 1689 1690
3 1650 1690 1651
3 1651 1690 1691
3 1651 1691 1652
3 1652 1691 1692
3 1652 1692 1653
3 1653 1692 1693
3 1653 1693 1654
3 1654 1693 1694
3 1654 1694 1655
3 1655 1694 1695
3 1655 1695 1656
3 1656 1695 1696
3 1656 1696 1657
3 1657 1696 1697
3 1657 1697 1658
3 1658 1697 1698
3 1658 1698 1659
3 1659 1698 1699
3 1659 1699 1660
3 1660 1699 1700
3 1660 1700 1661
3 1661 1700 1701
3 1661 1701 1662
3 1662 1701 1702
3 1662 1702 1663
3 1663 1702 1703
3 1663 1703 1664
3 1664 1703 1704
3 1664 1704 1665
3 1665 1704 1705
3 1665 1705 1666
3 1666 1705 1706
3 1666 1706 1667
3 1667 1706 1707
3 1667 1707 1668
3 1668 1707 1708
3 1668 1708 1669
3 1669 1708 1709
3 1669 1709 1670
3 1670 1709 1710
3 1670 1710 1671
3 1671 1710 1711
3 1671 1711 1672
3 1672 1711 1712
3 1672 1712 1673
3 1673 1712 1713
3 1673 1713 1674
3 1674 1713 1714
3 1674 1714 1675
3 1675 1714 1715
3 1675 1715 1676
3 1676 1715 1716
3 1676 1716 1677
3 1677 1716 1717
3 1677 1717 1678
3 1678 1717 1718
3 1678 1718 1679
3 1679 1718 1719
3 1680 1720 1681
3 1681 1720 1721
3 1681 1721 1682
3 1682 1721 1722
3 1682 1722 1683
3 1683 1722 1723
3 1683 1723 1684
3 1684 1723 1724
3 1684 1724 1685
3 1685 1724 1725
3 1685 1725 1686
3 1686 1725 1726
3 1686 1726 1687
3 1687 1726 1727
3 1687 1727 1688
3 1688 1727 1728
3 1688 1728 1689
3 1689 1728 1729
3 1689 1729 1690
3 1690 1729 1730
3 1690 1730 1691
3 1691 1730 1731
3 1691 1731 1692
3 1692 1731 1732
3 1692 1732 1693
3 1693 1732 1733
3 1693 1733 1694
3 1694 1733 1734
3 1694 1734 1695
3 1695 1734 1735
3 1695 1735 1696
3 1696 1735 1736
3 1696 1736 1697
3 1697 1736 1737
3 1697 1737 1698
3 1698 1737 1738
3 1698 1738 1699
3 1699 1738 1739
3 1699 1739 1700
3 1700 1739 1740
3 1700 1740 1701
3 1701 1740 1741
3 1701 1741 1702
3 1702 1741 1742
3 1702 1742 1703
3 1703 1742 1743
3 1703 1743 1704
3 1704 1743 1744
3 1704 1744 1705
3 1705 1744 1745
3 1705 1745 1706
3 1706 1745 1746
3 1706 1746 1707
3 1707 1746 1747
3 1707 1747 1708
3 1708 1747 1748
3 1708 1748 1709
3 1709 1748 1749
3 1709 1749 1710
3 1710 1749 1750
3 1710 1750 1711
3 1711 1750 1751
3 1711 1751 1712
3 1712 1751 1752
3 1712 1752 1713
3 1713 1752 1753
3 1713 1753 1714
3 1714 1753 1754
3 1714 1754 1715
3 1715 1754 1755
3 1715 1755 1716
3 1716 1755 1756
3 1716 1756 1717
3 1717 1756 1757
3 1717 1757 1718
3 1718 1757 1758
3 1718 1758 1719
3 1719 1758 1759
3 1720 1760 1721
3 1721 1760 1761
3 1721 1761 1722
3 1722 1761 1762
3 1722 1762 1723
3 1723 1762 1763
3 1723 1763 1724
3 1724 1763 1764
3 1724 1764 1725
3 1725 1764 1765
3 1725 1765 1726
3 1726 1765 1766
3 1726 1766 1727
3 1727 1766 1767
3 1727 1767 1728
3 1728 1767 1768
3 1728 1768 1729
3 1729 1768 1769
3 1729 1769 1730
3 1730 1769 1770
3 1730 1770 1731
3 1731 1770 1771
3 1731 1771 1732
3 1732 1771 1772
3 1732 1772 1733
3 1733 1772 1773
3 1733 1773 1734
3 1734 1773 1774
3 1734 1774 1735
3 1735 1774 1775
3 1735 1775 1736
3 1736 1775 1776
3 1736 1776 1737
3 1737 1776 1777
3 1737 1777 1738
3 1738 1777 1778
3 1738 1778 1739
3 1739 1778 1779
3 1739 1779 1740
3 1740 1779 1780
3 1740 1780 1741
3 1741 1780 1781
3 1741 1781 1742
3 1742 1781 1782
3 1742 1782 1743
3 1743 1782 1783
3 1743 1783 1744
3 1744 1783 1784
3 1744 1784 1745
3 1745 1784 1785
3 1745 1785 1746
3 1746 1785 1786
3 1746 1786 1747
3 1747 1786 1787
3 1747 1787 1748
3 1748 1787 1788
3 1748 1788 1749
3 1749 1788 1789
3 1749 1789 1750
3 1750 1789 1790
3 1750 1790 1751
3 1751 1790 1791
3 1751 1791 1752
3 1752 1791 1792
3 1752 1792 1753
3 1753 1792 1793
3 1753 1793 1754
3 1754 1793 1794
3 1754 1794 1755
3 1755 1794 1795
3 1755 1795 1756
3 1756 1795 1796
3 1756 1796 1757
3 1757 1796 1797
3 1757 1797 1758
3 1758 1797 1798
3 1758 1798 1759
3 1759 1798 1799
3 1760 1800 1761
3 1761 1800 1801
3 1761 1801 1762
3 1762 1801 1802
3 1762 1802 1763
3 1763 1802 1803
3 1763 1803 1764
3 1764 1803 1804
3 1764 1804 1765
3 1765 1804 1805
3 1765 1805 1766
3 1766 1805 1806
3 1766 1806 1767
3 1767 1806 1807
3 1767 1807 1768
3 1768 1807 1808
3 1768 1808 1769
3 1769 1808 1809
3 1769 1809 1770
3 1770 1809 1810
3 1770 1810 1771
3 1771 1810 1811
3 1771 1811 1772
3 1772 1811 1812
3 1772 1812 1773
3 1773 1812 1813
3 1773 1813 1774
3 1774 1813 1814
3 1774 1814 1775
3 1775 1814 1815
3 1775 1815 1776
3 1776 1815 1816
3 1776 1816 1777
3 1777 1816 1817
3 1777 1817 1778
3 1778 1817 1818
3 1778 1818 1779
3 1779 1818 1819
3 1779 1819 1780
3 1780 1819 1820
3 1780 1820 1781
3 1781 1820 1821
3 1781 1821 1782
3 1782 1821 1822
3 1782 1822 1783
3 1783 1822 1823
3 1783 1823 1784
3 1784 1823 1824
3 1784 1824 1785
3 1785 1824 1825
3 1785 1825 1786
3 1786 1825 1826
3 1786 1826 1787
3 1787 1826 1827
3 1787 1827 1788
3 1788 1827 1828
3 1788 1828 1789
3 1789 1828 1829
3 1789 1829 1790
3 1790 1829 1830
3 1790 1830 1791
3 1791 1830 1831
3 1791 1831 1792
3 1792 1831 1832
3 1792 1832 1793
3 1793 1832 1833
3 1793 1833 1794
3 1794 1833 1834
3 1794 1834 1795
3 1795 1834 1835
3 1795 1835 1796
3 1796 1835 1836
3 1796 1836 1797
3 1797 1836 1837
3 1797 1837 1798
3 1798 1837 1838
3 1798 1838 1799
3 1799 1838 1839
3 1800 1840 1801
3 1801 1840 1841
3 1801 1841 1802
3 1802 1841 1842
3 1802 1842 1803
3 1803 1842 1843
3 1803 1843 1804
3 1804 1843 1844
3 1804 1844 1805
3 1805 1844 1845
3 1805 1845 1806
3 1806 1845 1846
3 1806 1846 1807
3 1807 1846 1847
3 1807 1847 1808
3 1808 1847 1848
3 1808 1848 1809
3 1809 1848 1849
3 1809 1849 1810
3 1810 1849 1850
3 1810 1850 1811
3 1811 1850 1851
3 1811 1851 1812
3 1812 1851 1852
3 1812 1852 1813
3 1813 1852 1853
3 1813 1853 1814
3 1814 1853 1854
3 1814 1854 1815
3 1815 1854 1855
3 1815 1855 1816
3 1816 1855 1856
3 1816 1856 1817
3 1817 1856 1857
3 1817 1857 1818
3 1818 1857 1858
3 1818 1858 1819
3 1819 1858 1859
3 1819 1859 1820
3 1820 1859 1860
3 1820 1860 1821
3 1821 1860 1861
3 1821 1861 1822
3 1822 1861 1862
3 1822 1862 1823
3 1823 1862 1863
3 1823 1863 1824
3 1824 1863 1864
3 1824 1864 1825
3 1825 1864 1865
3 1825 1865 1826
3 1826 1865 1866
3 1826 1866 1827
3 1827 1866 1867
3 1827 1867 1828
3 1828 1867 1868
3 1828 1868 1829
3 1829 1868 1869
3 1829 1869 1830
3 1830 1869 1870
3 1830 1870 1831
3 1831 1870 1871
3 1831 1871 1832
3 1832 1871 1872
3 1832 1872 1833
3 1833 1872 1873
3 1833 1873 1834
3 1834 1873 1874
3 1834 1874 1835
3 1835 1874 1875
3 1835 1875 1836
3 1836 1875 1876
3 1836 1876 1837
3 1837 1876 1877
3 1837 1877 1838
3 1838 1877 1878
3 1838 1878 1839
3 1839 1878 1879
3 1840 1880 1841
3 1841 1880 1881
3 1841 1881 1842
3 1842 1881 1882
3 1842 1882 1843
3 1843 1882 1883
3 1843 1883 1844
3 1844 1883 1884
3 1844 1884 1845
3 1845 1884 1885
3 1845 1885 1846
3 1846 1885 1886
3 1846 1886 1847
3 1847 1886 1887
3 1847 1887 1848
3 1848 1887 1888
3 1848 1888 1849
3 1849 1888 1889
3 1849 1889 1850
3 1850 1889 1890
3 1850 1890 1851
3 1851 1890 1891
3 1851 1891 1852
3 1852 1891 1892
3 1852 1892 1853
3 1853 1892 1893
3 1853 1893 1854
3 1854 1893 1894
3 1854 1894 1855
3 1855 1894 1895
3 1855 1895 1856
3 1856 1895 1896
3 1856 1896 1857
3 1857 1896 1897
3 1857 1897 1858
3 1858 1897 1898
3 1858 1898 1859
3 1859 1898 1899
3 1859 1899 1860
3 1860 1899 1900
3 1860 1900 1861
3 1861 1900 1901
3 1861 1901 1862
3 1862 1901 1902
3 1862 1902 1863
3 1863 1902 1903
3 1863 1903 1864
3 1864 1903 1904
3 1864 1904 1865
3 1865 1904 1905
3 1865 1905 1866
3 1866 1905 1906
3 1866 1906 1867
3 1867 1906 1907
3 1867 1907 1868
3 1868 1907 1908
3 1868 1908 1869
3 1869 1908 1909
3 1869 1909 1870
3 1870 1909 1910
3 1870 1910 1871
3 1871 1910 1911
3 1871 1911 1872
3 1872 1911 1912
3 1872 1912 1873
3 1873 1912 1913
3 1873 1913 1874
3 1874 1913 1914
3 1874 1914 1875
3 1875 1914 1915
3 1875 1915 1876
3 1876 1915 1916
3 1876 1916 1877
3 1877 1916 1917
3 1877 1917 1878
3 1878 1917 1918
3 1878 1918 1879
3 1879 1918 1919
3 1880 1920 1881
3 1881 1920 1921
3 1881 1921 1882
3 1882 1921 1922
3 1882 1922 1883
3 1883 1922 1923
3 1883 1923 1884
3 1884 1923 1924
3 1884 1924 1885
3 1885 1924 1925
3 1885 1925 1886
3 1886 1925 1926
3 1886 1926 1887
3 1887 1926 1927
3 1887 1927 1888
3 1888 1927 1928
3 1888 1928 1889
3 1889 1928 1929
3 1889 1929 1890
3 1890 1929 1930
3 1890 1930 1891
3 1891 1930 1931
3 1891 1931 1892
3 1892 1931 1932
3 1892 1932 1893
3 1893 1932 1933
3 1893 1933 1894
3 1894 1933 1934
3 1894 1934 1895
3 1895 1934 1935
3 1895 1935 1896
3 1896 1935 1936
3 1896 1936 1897
3 1897 1936 1937
3 1897 1937 1898
3 1898 1937 1938
3 1898 1938 1899
3 1899 1938 1939
3 1899 1939 1900
3 1900 1939 1940
3 1900 1940 1901
3 1901 1940 1941
3 1901 1941 1902
3 1902 1941 1942
3 1902 1942 1903
3 1903 1942 1943
3 1903 1943 1904
3 1904 1943 1944
3 1904 1944 1905
3 1905 1944 1945
3 1905 1945 1906
3 1906 1945 1946
3 1906 1946 1907
3 1907 1946 1947
3 1907 1947 1908
3 1908 1947 1948
3 1908 1948 1909
3 1909 1948 1949
3 1909 1949 1910
3 1910 1949 1950
3 1910 1950 1911
3 1911 1950 1951
3 1911 1951 1912
3 1912 1951 1952
3 1912 1952 1913
3 1913 1952 1953
3 1913 1953 1914
3 1914 1953 1954
3 1914 1954 1915
3 1915 1954 1955
3 1915 1955 1916
3 1916 1955 1956
3 1916 1956 1917
3 1917 1956 1957
3 1917 1957 1918
3 1918 1957 1958
3 1918 1958 1919
3 1919 1958 1959
3 1920 1960 1921
3 1921 1960 1961
3 1921 1961 1922
3 1922 1961 1962
3 1922 1962 1923
3 1923 1962 1963
3 1923 1963 1924
3 1924 1963 1964
3 1924 1964 1925
3 1925 1964 1965
3 1925 1965 1926
3 1926 1965 1966
3 1926 1966 1927
3 1927 1966 1967
3 1927 1967 1928
3 1928 1967 1968
3 1928 1968 1929
3 1929 1968 1969
3 1929 1969 1930
3 1930 1969 1970
3 1930 1970 1931
3 1931 1970 1971
3 1931 1971 1932
3 1932 1971 1972
3 1932 1972 1933
3 1933 1972 1973
3 1933 1973 1934
3 1934 1973 1974
3 1934 1974 1935
3 1935 1974 1975
3 1935 1975 1936
3 1936 1975 1976
3 1936 1976 1937
3 1937 1976 1977
3 1937 1977 1938
3 1938 1977 1978
3 1938 1978 1939
3 1939 1978 1979
3 1939 1979 1940
3 1940 1979 1980
3 1940 1980 1941
3 1941 1980 1981
3 1941 1981 1942
3 1942 1981 1982
3 1942 1982 1943
3 1943 1982 1983
3 1943 1983 1944
3 1944 1983 1984
3 1944 1984 1945
3 1945 1984 1985
3 1945 1985 1946
3 1946 1985 1986
3 1946 1986 1947
3 1947 1986 1987
3 1947 1987 1948
3 1948 1987 1988
3 1948 1988 1949
3 1949 1988 1989
3 1949 1989 1950
3 1950 1989 1990
3 1950 1990 1951
3 1951 1990 1991
3 1951 1991 1952
3 1952 1991 1992
3 1952 1992 1953
3 1953 1992 1993
3 1953 1993 1954
3 1954 1993 1994
3 1954 1994 1955
3 1955 1994 1995
3 1955 1995 1956
3 1956 1995 1996
3 1956 1996 1957
3 1957 1996 1997
3 1957 1997 1958
3 1958 1997 1998
3 1958 1998 1959
3 1959 1998 1999
3 1960 2000 1961
3 1961 2000 2001
3 1961 2001 1962
3 1962 2001 2002
3 1962 2002 1963
3 1963 2002 2003
3 1963 2003 1964
3 1964 2003 2004
3 1964 2004 1965
3 1965 2004 2005
3 1965 2005 1966
3 1966 2005 2006
3 1966 2006 1967
3 1967 2006 2007
3 1967 2007 1968
3 1968 2007 2008
3 1968 2008 1969
3 1969 2008 2009
3 1969 2009 1970
3 1970 2009 2010
3 1970 2010 1971
3 1971 2010 2011
3 1971 2011 1972
3 1972 2011 2012
3 1972 2012 1973
3 1973 2012 2013
3 1973 2013 1974
3 1974 2013 2014
3 1974 2014 1975
3 1975 2014 2015
3 1975 2015 1976
3 1976 2015 2016
3 1976 2016 1977
3 1977 2016 2017
3 1977 2017 1978
3 1978 2017 2018
3 1978 2018 1979
3 1979 2018 2019
3 1979 2019 1980
3 1980 2019 2020
3 1980 2020 1981
3 1981 2020 2021
3 1981 2021 1982
3 1982 2021 2022
3 1982 2022 1983
3 1983 2022 2023
3 1983 2023 1984
3 1984 2023 2024
3 1984 2024 1985
3 1985 2024 2025
3 1985 2025 1986
3 1986 2025 2026
3 1986 2026 1987
3 1987 2026 2027
3 1987 2027 1988
3 1988 2027 2028
3 1988 2028 1989
3 1989 2028 2029
3 1989 2029 1990
3 1990 2029 2030
3 1990 2030 1991
3 1991 2030 2031
3 1991 2031 1992
3 1992 2031 2032
3 1992 2032 1993
3 1993 2032 2033
3 1993 2033 1994
3 1994 2033 2034
3 1994 2034 1995
3 1995 2034 2035
3 1995 2035 1996
3 1996 2035 2036
3 1996 2036 1997
3 1997 2036 2037
3 1997 2037 1998
3 1998 2037 2038
3 1998 2038 1999
3 1999 2038 2039
3 2000 2040 2001
3 2001 2040 2041
3 2001 2041 2002
3 2002 2041 2042
3 2002 2042 2003
3 2003 2042 2043
3 2003 2043 2004
3 2004 2043 2044
3 2004 2044 2005
3 2005 2044 2045
3 2005 2045 2006
3 2006 2045 2046
3 2006 2046 2007
3 2007 2046 2047
3 2007 2047 2008
3 2008 2047 2048
3 2008 2048 2009
3 2009 2048 2049
3 2009 2049 2010
3 2010 2049 2050
3 2010 2050 2011
3 2011 2050 2051
3 2011 2051 2012
3 2012 2051 2052
3 2012 2052 2013
3 2013 2052 2053
3 2013 2053 2014
3 2014 2053 2054
3 2014 2054 2015
3 2015 2054 2055
3 2015 2055 2016
3 2016 2055 2056
3 2016 2056 2017
3 2017 2056 2057
3 2017 2057 2018
3 2018 2057 2058
3 2018 2058 2019
3 2019 2058 2059
3 2019 2059 2020
3 2020 2059 2060
3 2020 2060 2021
3 2021 2060 2061
3 2021 2061 2022
3 2022 2061 2062
3 2022 2062 2023
3 2023 2062 2063
3 2023 2063 2024
3 2024 2063 2064
3 2024 2064 2025
3 2025 2064 2065
3 2025 2065 2026
3 2026 2065 2066
3 2026 2066 2027
3 2027 2066 2067
3 2027 2067 2028
3 2028 2067 2068
3 2028 2068 2029
3 2029 2068 2069
3 2029 2069 2030
3 2030 2069 2070
3 2030 2070 2031
3 2031 2070 2071
3 2031 2071 2032
3 2032 2071 2072
3 2032 2072 2033
3 2033 2072 2073
3 2033 2073 2034
3 2034 2073 2074
3 2034 2074 2035
3 2035 2074 2075
3 2035 2075 2036
3 2036 2075 2076
3 2036 2076 2037
3 2037 2076 2077
3 2037 2077 2038
3 2038 2077 2078
3 2038 2078 2039
3 2039 2078 2079
3 2040 2080 2041
3 2041 2080 2081
3 2041 2081 2042
3 2042 2081 2082
3 2042 2082 2043
3 2043 2082 2083
3 2043 2083 2044
3 2044 2083 2084
3 2044 2084 2045
3 2045 2084 2085
3 2045 2085 2046
3 2046 2085 2086
3 2046 2086 2047
3 2047 2086 2087
3 2047 2087 2048
3 2048 2087 2088
3 2048 2088 2049
3 2049 2088 2089
3 2049 2089 2050
3 2050 2089 2090
3 2050 2090 2051
3 2051 2090 2091
3 2051 2091 2052
3 2052 2091 2092
3 2052 2092 2053
3 2053 2092 2093
3 2053 2093 2054
3 2054 2093 2094
3 2054 2094 2055
3 2055 2094 2095
3 2055 2095 2056
3 2056 2095 2096
3 2056 2096 2057
3 2057 2096 2097
3 2057 2097 2058
3 2058 2097 2098
3 2058 2098 2059
3 2059 2098 2099
3 2059 2099 2060
3 2060 2099 2100
3 2060 2100 2061
3 2061 2100 2101
3 2061 2101 2062
3 2062 2101 2102
3 2062 2102 2063
3 2063 2102 2103
3 2063 2103 2064
3 2064 2103 2104
3 2064 2104 2065
3 2065 2104 2105
3 2065 2105 2066
3 2066 2105 2106
3 2066 2106 2067
3 2067 2106 2107
3 2067 2107 2068
3 2068 2107 2108
3 2068 2108 2069
3 2069 2108 2109
3 2069 2109 2070
3 2070 2109 2110
3 2070 2110 2071
3 2071 2110 2111
3 2071 2111 2072
3 2072 2111 2112
3 2072 2112 2073
3 2073 2112 2113
3 2073 2113 2074
3 2074 2113 2114
3 2074 2114 2075
3 2075 2114 2115
3 2075 2115 2076
3 2076 2115 2116
3 2076 2116 2077
3 2077 2116 2117
3 2077 2117 2078
3 2078 2117 2118
3 2078 2118 2079
3 2079 2118 2119
3 2080 2120 2081
3 2081 2120 2121
3 2081 2121 2082
3 2082 2121 2122
3 2082 2122 2083
3 2083 2122 2123
3 2083 2123 2084
3 2084 2123 2124
3 2084 2124 2085
3 2085 2124 2125
3 2085 2125 2086
3 2086 2125 2126
3 2086 2126 2087
3 2087 2126 2127
3 2087 2127 2088
3 2088 2127 2128
3 2088 2128 2089
3 2089 2128 2129
3 2089 2129 2090
3 2090 2129 2130
3 2090 2130 2091
3 2091 2130 2131
3 2091 2131 2092
3 2092 2131 2132
3 2092 2132 2093
3 2093 2132 2133
3 2093 2133 2094
3 2094 2133 2134
3 2094 2134 2095
3 2095 2134 2135
3 2095 2135 2096
3 2096 2135 2136
3 2096 2136 2097
3 2097 2136 2137
3 2097 2137 2098
3 2098 2137 2138
3 2098 2138 2099
3 2099 2138 2139
3 2099 2139 2100
3 2100 2139 2140
3 2100 2140 2101
3 2101 2140 2141
3 2101 2141 2102
3 2102 2141 2142
3 2102 2142 2103
3 2103 2142 2143
3 2103 2143 2104
3 2104 2143 2144
3 2104 2144 2105
3 2105 2144 2145
3 2105 2145 2106
3 2106 2145 2146
3 2106 2146 2107
3 2107 2146 2147
3 2107 2147 2108
3 2108 2147 2148
3 2108 2148 2109
3 2109 2148 2149
3 2109 2149 2110
3 2110 2149 2150
3 2110 2150 2111
3 2111 2150 2151
3 2111 2151 2112
3 2112 2151 2152
3 2112 2152 2113
3 2113 2152 2153
3 2113 2153 2114
3 2114 2153 2154
3 2114 2154 2115
3 2115 2154 2155
3 2115 2155 2116
3 2116 2155 2156
3 2116 2156 2117
3 2117 2156 2157
3 2117 2157 2118
3 2118 2157 2158
3 2118 2158 2119
3 2119 2158 2159
3 2120 2160 2121
3 2121 2160 2161
3 2121 2161 2122
3 2122 2161 2162
3 2122 2162 2123
3 2123 2162 2163
3 2123 2163 2124
3 2124 2163 2164
3 2124 2164 2125
3 2125 2164 2165
3 2125 2165 2126
3 2126 2165 2166
3 2126 2166 2127
3 2127 2166 2167
3 2127 2167 2128
3 2128 2167 2168
3 2128 2168 2129
3 2129 2168 2169
3 2129 2169 2130
3 2130 2169 2170
3 2130 2170 2131
3 2131 2170 2171
3 2131 2171 2132
3 2132 2171 2172
3 2132 2172 2133
3 2133 2172 2173
3 2133 2173 2134
3 2134 2173 2174
3 2134 2174 2135
3 2135 2174 2175
3 2135 2175 2136
3 2136 2175 2176
3 2136 2176 2137
3 2137 2176 2177
3 2137 2177 2138
3 2138 2177 2178
3 2138 2178 2139
3 2139 2178 2179
3 2139 2179 2140
3 2140 2179 2180
3 2140 2180 2141
3 2141 2180 2181
3 2141 2181 2142
3 2142 2181 2182
3 2142 2182 2143
3 2143 2182 2183
3 2143 2183 2144
3 2144 2183 2184
3 2144 2184 2145
3 2145 2184 2185
3 2145 2185 2146
3 2146 2185 2186
3 2146 2186 2147
3 2147 2186 2187
3 2147 2187 2148
3 2148 2187 2188
3 2148 2188 2149
3 2149 2188 2189
3 2149 2189 2150
3 2150 2189 2190
3 2150 2190 2151
3 2151 2190 2191
3 2151 2191 2152
3 2152 2191 2192
3 2152 2192 2153
3 2153 2192 2193
3 2153 2193 2154
3 2154 2193 2194
3 2154 2194 2155
3 2155 2194 2195
3 2155 2195 2156
3 2156 2195 2196
3 2156 2196 2157
3 2157 2196 2197
3 2157 2197 2158
3 2158 2197 2198
3 2158 2198 2159
3 2159 2198 2199
3 2160 2200 2161
3 2161 2200 2201
3 2161 2201 2162
3 2162 2201 2202
3 2162 2202 2163
3 2163 2202 2203
3 2163 2203 2164
3 2164 2203 2204
3 2164 2204 2165
3 2165 2204 2205
3 2165 2205 2166
3 2166 2205 2206
3 2166 2206 2167
3 2167 2206 2207
3 2167 2207 2168
3 2168 2207 2208
3 2168 2208 2169
3 2169 2208 2209
3 2169 2209 2170
3 2170 2209 2210
3 2170 2210 2171
3 2171 2210 2211
3 2171 2211 2172
3 2172 2211 2212
3 2172 2212 2173
3 2173 2212 2213
3 2173 2213 2174
3 2174 2213 2214
3 2174 2214 2175
3 2175 2214 2215
3 2175 2215 2176
3 2176 2215 2216
3 2176 2216 2177
3 2177 2216 2217
3 2177 2217 2178
3 2178 2217 2218
3 2178 2218 2179
3 2179 2218 2219
3 2179 2219 2180
3 2180 2219 2220
3 2180 2220 2181
3 2181 2220 2221
3 2181 2221 2182
3 2182 2221 2222
3 2182 2222 2183
3 2183 2222 2223
3 2183 2223 2184
3 2184 2223 2224
3 2184 2224 2185
3 2185 2224 2225
3 2185 2225 2186
3 2186 2225 2226
3 2186 2226 2187
3 2187 2226 2227
3 2187 2227 2188
3 2188 2227 2228
3 2188 2228 2189
3 2189 2228 2229
3 2189 2229 2190
3 2190 2229 2230
3 2190 2230 2191
3 2191 2230 2231
3 2191 2231 2192
3 2192 2231 2232
3 2192 2232 2193
3 2193 2232 2233
3 2193 2233 2194
3 2194 2233 2234
3 2194 2234 2195
3 2195 2234 2235
3 2195 2235 2196
3 2196 2235 2236
3 2196 2236 2197
3 2197 2236 2237
3 2197 2237 2198
3 2198 2237 2238
3 2198 2238 2199
3 2199 2238 2239
3 2200 2240 2201
3 2201 2240 2241
3 2201 2241 2202
3 2202 2241 2242
3 2202 2242 2203
3 2203 2242 2243
3 2203 2243 2204
3 2204 2243 2244
3 2204 2244 2205
3 2205 2244 2245
3 2205 2245 2206
3 2206 2245 2246
3 2206 2246 2207
3 2207 2246 2247
3 2207 2247 2208
3 2208 2247 2248
3 2208 2248 2209
3 2209 2248 2249
3 2209 2249 2210
3 2210 2249 2250
3 2210 2250 2211
3 2211 2250 2251
3 2211 2251 2212
3 2212 2251 2252
3 2212 2252 2213
3 2213 2252 2253
3 2213 2253 2214
3 2214 2253 2254
3 2214 2254 2215
3 2215 2254 2255
3 2215 2255 2216
3 2216 2255 2256
3 2216 2256 2217
3 2217 2256 2257
3 2217 2257 2218
3 2218 2257 2258
3 2218 2258 2219
3 2219 2258 2259
3 2219 2259 2220
3 2220 2259 2260
3 2220 2260 2221
3 2221 2260 2261
3 2221 2261 2222
3 2222 2261 2262
3 2222 2262 2223
3 2223 2262 2263
3 2223 2263 2224
3 2224 2263 2264
3 2224 2264 2225
3 2225 2264 2265
3 2225 2265 2226
3 2226 2265 2266
3 2226 2266 2227
3 2227 2266 2267
3 2227 2267 2228
3 2228 2267 2268
3 2228 2268 2229
3 2229 2268 2269
3 2229 2269 2230
3 2230 2269 2270
3 2230 2270 2231
3 2231 2270 2271
3 2231 2271 2232
3 2232 2271 2272
3 2232 2272 2233
3 2233 2272 2273
3 2233 2273 2234
3 2234 2273 2274
3 2234 2274 2235
3 2235 2274 2275
3 2235 2275 2236
3 2236 2275 2276
3 2236 2276 2237
3 2237 2276 2277
3 2237 2277 2238
3 2238 2277 2278
3 2238 2278 2239
3 2239 2278 2279
3 2240 2280 2241
3 2241 2280 2281
3 2241 2281 2242
3 2242 2281 2282
3 2242 2282 2243
3 2243 2282 2283
3 2243 2283 2244
3 2244 2283 2284
3 2244 2284 2245
3 2245 2284 2285
3 2245 2285 2246
3 2246 2285 2286
3 2246 2286 2247
3 2247 2286 2287
3 2247 2287 2248
3 2248 2287 2288
3 2248 2288 2249
3 2249 2288 2289
3 2249 2289 2250
3 2250 2289 2290
3 2250 2290 2251
3 2251 2290 2291
3 2251 2291 2252
3 2252 2291 2292
3 2252 2292 2253
3 2253 2292 2293
3 2253 2293 2254
3 2254 2293 2294
3 2254 2294 2255
3 2255 2294 2295
3 2255 2295 2256
3 2256 2295 2296
3 2256 2296 2257
3 2257 2296 2297
3 2257 2297 2258
3 2258 2297 2298
3 2258 2298 2259
3 2259 2298 2299
3 2259 2299 2260
3 2260 2299 2300
3 2260 2300 2261
3 2261 2300 2301
3 2261 2301 2262
3 2262 2301 2302
3 2262 2302 2263
3 2263 2302 2303
3 2263 2303 2264
3 2264 2303 2304
3 2264 2304 2265
3 2265 2304 2305
3 2265 2305 2266
3 2266 2305 2306
3 2266 2306 2267
3 2267 2306 2307
3 2267 2307 2268
3 2268 2307 2308
3 2268 2308 2269
3 2269 2308 2309
3 2269 2309 2270
3 2270 2309 2310
3 2270 2310 2271
3 2271 2310 2311
3 2271 2311 2272
3 2272 2311 2312
3 2272 2312 2273
3 2273 2312 2313
3 2273 2313 2274
3 2274 2313 2314
3 2274 2314 2275
3 2275 2314 2315
3 2275 2315 2276
3 2276 2315 2316
3 2276 2316 2277
3 2277 2316 2317
3 2277 2317 2278
3 2278 2317 2318
3 2278 2318 2279
3 2279 2318 2319
3 2280 2320 2281
3 2281 2320 2321
3 2281 2321 2282
3 2282 2321 2322
3 2282 2322 2283
3 2283 2322 2323
3 2283 2323 2284
3 2284 2323 2324
3 2284 2324 2285
3 2285 2324 2325
3 2285 2325 2286
3 2286 2325 2326
3 2286 2326 2287
3 2287 2326 2327
3 2287 2327 2288
3 2288 2327 2328
3 2288 2328 2289
3 2289 2328 2329
3 2289 2329 2290
3 2290 2329 2330
3 2290 2330 2291
3 2291 2330 2331
3 2291 2331 2292
3 2292 2331 2332
3 2292 2332 2293
3 2293 2332 2333
3 2293 2333 2294
3 2294 2333 2334
3 2294 2334 2295
3 2295 2334 2335
3 2295 2335 2296
3 2296 2335 2336
3 2296 2336 2297
3 2297 2336 2337
3 2297 2337 2298
3 2298 2337 2338
3 2298 2338 2299
3 2299 2338 2339
3 2299 2339 2300
3 2300 2339 2340
3 2300 2340 2301
3 2301 2340 2341
3 2301 2341 2302
3 2302 2341 2342
3 2302 2342 2303
3 2303 2342 2343
3 2303 2343 2304
3 2304 2343 2344
3 2304 2344 2305
3 2305 2344 2345
3 2305 2345 2306
3 2306 2345 2346
3 2306 2346 2307
3 2307 2346 2347
3 2307 2347 2308
3 2308 2347 2348
3 2308 2348 2309
3 2309 2348 2349
3 2309 2349 2310
3 2310 2349 2350
3 2310 2350 2311
3 2311 2350 2351
3 2311 2351 2312
3 2312 2351 2352
3 2312 2352 2313
3 2313 2352 2353
3 2313 2353 2314
3 2314 2353 2354
3 2314 2354 2315
3 2315 2354 2355
3 2315 2355 2316
3 2316 2355 2356
3 2316 2356 2317
3 2317 2356 2357
3 2317 2357 2318
3 2318 2357 2358
3 2318 2358 2319
3 2319 2358 2359
3 2320 2360 2321
3 2321 2360 2361
3 2321 2361 2322
3 2322 2361 2362
3 2322 2362 2323
3 2323 2362 2363
3 2323 2363 2324
3 2324 2363 2364
3 2324 2364 2325
3 2325 2364 2365
3 2325 2365 2326
3 2326 2365 2366
3 2326 2366 2327
3 2327 2366 2367
3 2327 2367 2328
3 2328 2367 2368
3 2328 2368 2329
3 2329 2368 2369
3 2329 2369 2330
3 2330 2369 2370
3 2330 2370 2331
3 2331 2370 2371
3 2331 2371 2332
3 2332 2371 2372
3 2332 2372 2333
3 2333 2372 2373
3 2333 2373 2334
3 2334 2373 2374
3 2334 2374 2335
3 2335 2374 2375
3 2335 2375 2336
3 2336 2375 2376
3 2336 2376 2337
3 2337 2376 2377
3 2337 2377 2338
3 2338 2377 2378
3 2338 2378 2339
3 2339 2378 2379
3 2339 2379 2340
3 2340 2379 2380
3 2340 2380 2341
3 2341 2380 2381
3 2341 2381 2342
3 2342 2381 2382
3 2342 2382 2343
3 2343 2382 2383
3 2343 2383 2344
3 2344 2383 2384
3 2344 2384 2345
3 2345 2384 2385
3 2345 2385 2346
3 2346 2385 2386
3 2346 2386 2347
3 2347 2386 2387
3 2347 2387 2348
3 2348 2387 2388
3 2348 2388 2349
3 2349 2388 2389
3 2349 2389 2350
3 2350 2389 2390
3 2350 2390 2351
3 2351 2390 2391
3 2351 2391 2352
3 2352 2391 2392
3 2352 2392 2353
3 2353 2392 2393
3 2353 2393 2354
3 2354 2393 2394
3 2354 2394 2355
3 2355 2394 2395
3 2355 2395 2356
3 2356 2395 2396
3 2356 2396 2357
3 2357 2396 2397
3 2357 2397 2358
3 2358 2397 2398
3 2358 2398 2359
3 2359 2398 2399
3 2360 2400 2361
3 2361 2400 2401
3 2361 2401 2362
3 2362 2401 2402
3 2362 2402 2363
3 2363 2402 2403
3 2363 2403 2364
3 2364 2403 2404
3 2364 2404 2365
3 2365 2404 2405
3 2365 2405 2366
3 2366 2405 2406
3 2366 2406 2367
3 2367 2406 2407
3 2367 2407 2368
3 2368 2407 2408
3 2368 2408 2369
3 2369 2408 2409
3 2369 2409 2370
3 2370 2409 2410
3 2370 2410 2371
3 2371 2410 2411
3 2371 2411 2372
3 2372 2411 2412
3 2372 2412 2373
3 2373 2412 2413
3 2373 2413 2374
3 2374 2413 2414
3 2374 2414 2375
3 2375 2414 2415
3 2375 2415 2376
3 2376 2415 2416
3 2376 2416 2377
3 2377 2416 2417
3 2377 2417 2378
3 2378 2417 2418
3 2378 2418 2379
3 2379 2418 2419
3 2379 2419 2380
3 2380 2419 2420
3 2380 2420 2381
3 2381 2420 2421
3 2381 2421 2382
3 2382 2421 2422
3 2382 2422 2383
3 2383 2422 2423
3 2383 2423 2384
3 2384 2423 2424
3 2384 2424 2385
3 2385 2424 2425
3 2385 2425 2386
3 2386 2425 2426
3 2386 2426 2387
3 2387 2426 2427
3 2387 2427 2388
3 2388 2427 2428
3 2388 2428 2389
3 2389 2428 2429
3 2389 2429 2390
3 2390 2429 2430
3 2390 2430 2391
3 2391 2430 2431
3 2391 2431 2392
3 2392 2431 2432
3 2392 2432 2393
3 2393 2432 2433
3 2393 2433 2394
3 2394 2433 2434
3 2394 2434 2395
3 2395 2434 2435
3 2395 2435 2396
3 2396 2435 2436
3 2396 2436 2397
3 2397 2436 2437
3 2397 2437 2398
3 2398 2437 2438
3 2398 2438 2399
3 2399 2438 2439
3 2400 2440 2401
3 2401 2440 2441
3 2401 2441 2402
3 2402 2441 2442
3 2402 2442 2403
3 2403 2442 2443
3 2403 2443 2404
3 2404 2443 2444
3 2404 2444 2405
3 2405 2444 2445
3 2405 2445 2406
3 2406 2445 2446
3 2406 2446 2407
3 2407 2446 2447
3 2407 2447 2408
3 2408 2447 2448
3 2408 2448 2409
3 2409 2448 2449
3 2409 2449 2410
3 2410 2449 2450
3 2410 2450 2411
3 2411 2450 2451
3 2411 2451 2412
3 2412 2451 2452
3 2412 2452 2413
3 2413 2452 2453
3 2413 2453 2414
3 2414 2453 2454
3 2414 2454 2415
3 2415 2454 2455
3 2415 2455 2416
3 2416 2455 2456
3 2416 2456 2417
3 2417 2456 2457
3 2417 2457 2418
3 2418 2457 2458
3 2418 2458 2419
3 2419 2458 2459
3 2419 2459 2420
3 2420 2459 2460
3 2420 2460 2421
3 2421 2460 2461
3 2421 2461 2422
3 2422 2461 2462
3 2422 2462 2423
3 2423 2462 2463
3 2423 2463 2424
3 2424 2463 2464
3 2424 2464 2425
3 2425 2464 2465
3 2425 2465 2426
3 2426 2465 2466
3 2426 2466 2427
3 2427 2466 2467
3 2427 2467 2428
3 2428 2467 2468
3 2428 2468 2429
3 2429 2468 2469
3 2429 2469 2430
3 2430 2469 2470
3 2430 2470 2431
3 2431 2470 2471
3 2431 2471 2432
3 2432 2471 2472
3 2432 2472 2433
3 2433 2472 2473
3 2433 2473 2434
3 2434 2473 2474
3 2434 2474 2435
3 2435 2474 2475
3 2435 2475 2436
3 2436 2475 2476
3 2436 2476 2437
3 2437 2476 2477
3 2437 2477 2438
3 2438 2477 2478
3 2438 2478 2439
3 2439 2478 2479
3 2440 2480 2441
3 2441 2480 2481
3 2441 2481 2442
3 2442 2481 2482
3 2442 2482 2443
3 2443 2482 2483
3 2443 2483 2444
3 2444 2483 2484
3 2444 2484 2445
3 2445 2484 2485
3 2445 2485 2446
3 2446 2485 2486
3 2446 2486 2447
3 2447 2486 2487
3 2447 2487 2448
3 2448 2487 2488
3 2448 2488 2449
3 2449 2488 2489
3 2449 2489 2450
3 2450 2489 2490
3 2450 2490 2451
3 2451 2490 2491
3 2451 2491 2452
3 2452 2491 2492
3 2452 2492 2453
3 2453 2492 2493
3 2453 2493 2454
3 2454 2493 2494
3 2454 2494 2455
3 2455 2494 2495
3 2455 2495 2456
3 2456 2495 2496
3 2456 2496 2457
3 2457 2496 2497
3 2457 2497 2458
3 2458 2497 2498
3 2458 2498 2459
3 2459 2498 2499
3 2459 2499 2460
3 2460 2499 2500
3 2460 2500 2461
3 2461 2500 2501
3 2461 2501 2462
3 2462 2501 2502
3 2462 2502 2463
3 2463 2502 2503
3 2463 2503 2464
3 2464 2503 2504
3 2464 2504 2465
3 2465 2504 2505
3 2465 2505 2466
3 2466 2505 2506
3 2466 2506 2467
3 2467 2506 2507
3 2467 2507 2468
3 2468 2507 2508
3 2468 2508 2469
3 2469 2508 2509
3 2469 2509 2470
3 2470 2509 2510
3 2470 2510 2471
3 2471 2510 2511
3 2471 2511 2472
3 2472 2511 2512
3 2472 2512 2473
3 2473 2512 2513
3 2473 2513 2474
3 2474 2513 2514
3 2474 2514 2475
3 2475 2514 2515
3 2475 2515 2476
3 2476 2515 2516
3 2476 2516 2477
3 2477 2516 2517
3 2477 2517 2478
3 2478 2517 2518
3 2478 2518 2479
3 2479 2518 2519
3 2480 2520 2481
3 2481 2520 2521
3 2481 2521 2482
3 2482 2521 2522
3 2482 2522 2483
3 2483 2522 2523
3 2483 2523 2484
3 2484 2523 2524
3 2484 2524 2485
3 2485 2524 2525
3 2485 2525 2486
3 2486 2525 2526
3 2486 2526 2487
3 2487 2526 2527
3 2487 2527 2488
3 2488 2527 2528
3 2488 2528 2489
3 2489 2528 2529
3 2489 2529 2490
3 2490 2529 2530
3 2490 2530 2491
3 2491 2530 2531
3 2491 2531 2492
3 2492 2531 2532
3 2492 2532 2493
3 2493 2532 2533
3 2493 2533 2494
3 2494 2533 2534
3 2494 2534 2495
3 2495 2534 2535
3 2495 2535 2496
3 2496 2535 2536
3 2496 2536 2497
3 2497 2536 2537
3 2497 2537 2498
3 2498 2537 2538
3 2498 2538 2499
3 2499 2538 2539
3 2499 2539 2500
3 2500 2539 2540
3 2500 2540 2501
3 2501 2540 2541
3 2501 2541 2502
3 2502 2541 2542
3 2502 2542 2503
3 2503 2542 2543
3 2503 2543 2504
3 2504 2543 2544
3 2504 2544 2505
3 2505 2544 2545
3 2505 2545 2506
3 2506 2545 2546
3 2506 2546 2507
3 2507 2546 2547
3 2507 2547 2508
3 2508 2547 2548
3 2508 2548 2509
3 2509 2548 2549
3 2509 2549 2510
3 2510 2549 2550
3 2510 2550 2511
3 2511 2550 2551
3 2511 2551 2512
3 2512 2551 2552
3 2512 2552 2513
3 2513 2552 2553
3 2513 2553 2514
3 2514 2553 2554
3 2514 2554 2515
3 2515 2554 2555
3 2515 2555 2516
3 2516 2555 2556
3 2516 2556 2517
3 2517 2556 2557
3 2517 2557 2518
3 2518 2557 2558
3 2518 2558 2519
3 2519 2558 2559
3 2520 2560 2521
3 2521 2560 2561
3 2521 2561 2522
3 2522 2561 2562
3 2522 2562 2523
3 2523 2562 2563
3 2523 2563 2524
3 2524 2563 2564
3 2524 2564 2525
3 2525 2564 2565
3 2525 2565 2526
3 2526 2565 2566
3 2526 2566 2527
3 2527 2566 2567
3 2527 2567 2528
3 2528 2567 2568
3 2528 2568 2529
3 2529 2568 2569
3 2529 2569 2530
3 2530 2569 2570
3 2530 2570 2531
3 2531 2570 2571
3 2531 2571 2532
3 2532 2571 2572
3 2532 2572 2533
3 2533 2572 2573
3 2533 2573 2534
3 2534 2573 2574
3 2534 2574 2535
3 2535 2574 2575
3 2535 2575 2536
3 2536 2575 2576
3 2536 2576 2537
3 2537 2576 2577
3 2537 2577 2538
3 2538 2577 2578
3 2538 2578 2539
3 2539 2578 2579
3 2539 2579 2540
3 2540 2579 2580
3 2540 2580 2541
3 2541 2580 2581
3 2541 2581 2542
3 2542 2581 2582
3 2542 2582 2543
3 2543 2582 2583
3 2543 2583 2544
3 2544 2583 2584
3 2544 2584 2545
3 2545 2584 2585
3 2545 2585 2546
3 2546 2585 2586
3 2546 2586 2547
3 2547 2586 2587
3 2547 2587 2548
3 2548 2587 2588
3 2548 2588 2549
3 2549 2588 2589
3 2549 2589 2550
3 2550 2589 2590
3 2550 2590 2551
3 2551 2590 2591
3 2551 2591 2552
3 2552 2591 2592
3 2552 2592 2553
3 2553 2592 2593
3 2553 2593 2554
3 2554 2593 2594
3 2554 2594 2555
3 2555 2594 2595
3 2555 2595 2556
3 2556 2595 2596
3 2556 2596 2557
3 2557 2596 2597
3 2557 2597 2558
3 2558 2597 2598
3 2558 2598 2559
3 2559 2598 2599
3 2560 2600 2561
3 2561 2600 2601
3 2561 2601 2562
3 2562 2601 2602
3 2562 2602 2563
3 2563 2602 2603
3 2563 2603 2564
3 2564 2603 2604
3 2564 2604 2565
3 2565 2604 2605
3 2565 2605 2566
3 2566 2605 2606
3 2566 2606 2567
3 2567 2606 2607
3 2567 2607 2568
3 2568 2607 2608
3 2568 2608 2569
3 2569 2608 2609
3 2569 2609 2570
3 2570 2609 2610
3 2570 2610 2571
3 2571 2610 2611
3 2571 2611 2572
3 2572 2611 2612
3 2572 2612 2573
3 2573 2612 2613
3 2573 2613 2574
3 2574 2613 2614
3 2574 2614 2575
3 2575 2614 2615
3 2575 2615 2576
3 2576 2615 2616
3 2576 2616 2577
3 2577 2616 2617
3 2577 2617 2578
3 2578 2617 2618
3 2578 2618 2579
3 2579 2618 2619
3 2579 2619 2580
3 2580 2619 2620
3 2580 2620 2581
3 2581 2620 2621
3 2581 2621 2582
3 2582 2621 2622
3 2582 2622 2583
3 2583 2622 2623
3 2583 2623 2584
3 2584 2623 2624
3 2584 2624 2585
3 2585 2624 2625
3 2585 2625 2586
3 2586 2625 2626
3 2586 2626 2587
3 2587 2626 2627
3 2587 2627 2588
3 2588 2627 2628
3 2588 2628 2589
3 2589 2628 2629
3 2589 2629 2590
3 2590 2629 2630
3 2590 2630 2591
3 2591 2630 2631
3 2591 2631 2592
3 2592 2631 2632
3 2592 2632 2593
3 2593 2632 2633
3 2593 2633 2594
3 2594 2633 2634
3 2594 2634 2595
3 2595 2634 2635
3 2595 2635 2596
3 2596 2635 2636
3 2596 2636 2597
3 2597 2636 2637
3 2597 2637 2598
3 2598 2637 2638
3 2598 2638 2599
3 2599 2638 2639
3 2600 2640 2601
3 2601 2640 2641
3 2601 2641 2602
3 2602 2641 2642
3 2602 2642 2603
3 2603 2642 2643
3 2603 2643 2604
3 2604 2643 2644
3 2604 2644 2605
3 2605 2644 2645
3 2605 2645 2606
3 2606 2645 2646
3 2606 2646 2607
3 2607 2646 2647
3 2607 2647 2608
3 2608 2647 2648
3 2608 2648 2609
3 2609 2648 2649
3 2609 2649 2610
3 2610 2649 2650
3 2610 2650 2611
3 2611 2650 2651
3 2611 2651 2612
3 2612 2651 2652
3 2612 2652 2613
3 2613 2652 2653
3 2613 2653 2614
3 2614 2653 2654
3 2614 2654 2615
3 2615 2654 2655
3 2615 2655 2616
3 2616 2655 2656
3 2616 2656 2617
3 2617 2656 2657
3 2617 2657 2618
3 2618 2657 2658
3 2618 2658 2619
3 2619 2658 2659
3 2619 2659 2620
3 2620 2659 2660
3 2620 2660 2621
3 2621 2660 2661
3 2621 2661 2622
3 2622 2661 2662
3 2622 2662 2623
3 2623 2662 2663
3 2623 2663 2624
3 2624 2663 2664
3 2624 2664 2625
3 2625 2664 2665
3 2625 2665 2626
3 2626 2665 2666
3 2626 2666 2627
3 2627 2666 2667
3 2627 2667 2628
3 2628 2667 2668
3 2628 2668 2629
3 2629 2668 2669
3 2629 2669 2630
3 2630 2669 2670
3 2630 2670 2631
3 2631 2670 2671
3 2631 2671 2632
3 2632 2671 2672
3 2632 2672 2633
3 2633 2672 2673
3 2633 2673 2634
3 2634 2673 2674
3 2634 2674 2635
3 2635 2674 2675
3 2635 2675 2636
3 2636 2675 2676
3 2636 2676 2637
3 2637 2676 2677
3 2637 2677 2638
3 2638 2677 2678
3 2638 2678 2639
3 2639 2678 2679
3 2640 2680 2641
3 2641 2680 2681
3 2641 2681 2642
3 2642 2681 2682
3 2642 2682 2643
3 2643 2682 2683
3 2643 2683 2644
3 2644 2683 2684
3 2644 2684 2645
3 2645 2684 2685
3 2645 2685 2646
3 2646 2685 2686
3 2646 2686 2647
3 2647 2686 2687
3 2647 2687 2648
3 2648 2687 2688
3 2648 2688 2649
3 2649 2688 2689
3 2649 2689 2650
3 2650 2689 2690
3 2650 2690 2651
3 2651 2690 2691
3 2651 2691 2652
3 2652 2691 2692
3 2652 2692 2653
3 2653 2692 2693
3 2653 2693 2654
3 2654 2693 2694
3 2654 2694 2655
3 2655 2694 2695
3 2655 2695 2656
3 2656 2695 2696
3 2656 2696 2657
3 2657 2696 2697
3 2657 2697 2658
3 2658 2697 2698
3 2658 2698 2659
3 2659 2698 2699
3 2659 2699 2660
3 2660 2699 2700
3 2660 2700 2661
3 2661 2700 2701
3 2661 2701 2662
3 2662 2701 2702
3 2662 2702 2663
3 2663 2702 2703
3 2663 2703 2664
3 2664 2703 2704
3 2664 2704 2665
3 2665 2704 2705
3 2665 2705 2666
3 2666 2705 2706
3 2666 2706 2667
3 2667 2706 2707
3 2667 2707 2668
3 2668 2707 2708
3 2668 2708 2669
3 2669 2708 2709
3 2669 2709 2670
3 2670 2709 2710
3 2670 2710 2671
3 2671 2710 2711
3 2671 2711 2672
3 2672 2711 2712
3 2672 2712 2673
3 2673 2712 2713
3 2673 2713 2674
3 2674 2713 2714
3 2674 2714 2675
3 2675 2714 2715
3 2675 2715 2676
3 2676 2715 2716
3 2676 2716 2677
3 2677 2716 2717
3 2677 2717 2678
3 2678 2717 2718
3 2678 2718 2679
3 2679 2718 2719
3 2680 2720 2681
3 2681 2720 2721
3 2681 2721 2682
3 2682 2721 2722
3 2682 2722 2683
3 2683 2722 2723
3 2683 2723 2684
3 2684 2723 2724
3 2684 2724 2685
3 2685 2724 2725
3 2685 2725 2686
3 2686 2725 2726
3 2686 2726 2687
3 2687 2726 2727
3 2687 2727 2688
3 2688 2727 2728
3 2688 2728 2689
3 2689 2728 2729
3 2689 2729 2690
3 2690 2729 2730
3 2690 2730 2691
3 2691 2730 2731
3 2691 2731 2692
3 2692 2731 2732
3 2692 2732 2693
3 2693 2732 2733
3 2693 2733 2694
3 2694 2733 2734
3 2694 2734 2695
3 2695 2734 2735
3 2695 2735 2696
3 2696 2735 2736
3 2696 2736 2697
3 2697 2736 2737
3 2697 2737 2698
3 2698 2737 2738
3 2698 2738 2699
3 2699 2738 2739
3 2699 2739 2700
3 2700 2739 2740
3 2700 2740 2701
3 2701 2740 2741
3 2701 2741 2702
3 2702 2741 2742
3 2702 2742 2703
3 2703 2742 2743
3 2703 2743 2704
3 2704 2743 2744
3 2704 2744 2705
3 2705 2744 2745
3 2705 2745 2706
3 2706 2745 2746
3 2706 2746 2707
3 2707 2746 2747
3 2707 2747 2708
3 2708 2747 2748
3 2708 2748 2709
3 2709 2748 2749
3 2709 2749 2710
3 2710 2749 2750
3 2710 2750 2711
3 2711 2750 2751
3 2711 2751 2712
3 2712 2751 2752
3 2712 2752 2713
3 2713 2752 2753
3 2713 2753 2714
3 2714 2753 2754
3 2714 2754 2715
3 2715 2754 2755
3 2715 2755 2716
3 2716 2755 2756
3 2716 2756 2717
3 2717 2756 2757
3 2717 2757 2718
3 2718 2757 2758
3 2718 2758 2719
3 2719 2758 2759
3 2720 2760 2721
3 2721 2760 2761
3 2721 2761 2722
3 2722 2761 2762
3 2722 2762 2723
3 2723 2762 2763
3 2723 2763 2724
3 2724 2763 2764
3 2724 2764 2725
3 2725 2764 2765
3 2725 2765 2726
3 2726 2765 2766
3 2726 2766 2727
3 2727 2766 2767
3 2727 2767 2728
3 2728 2767 2768
3 2728 2768 2729
3 2729 2768 2769
3 2729 2769 2730
3 2730 2769 2770
3 2730 2770 2731
3 2731 2770 2771
3 2731 2771 2732
3 2732 2771 2772
3 2732 2772 2733
3 2733 2772 2773
3 2733 2773 2734
3 2734 2773 2774
3 2734 2774 2735
3 2735 2774 2775
3 2735 2775 2736
3 2736 2775 2776
3 2736 2776 2737
3 2737 2776 2777
3 2737 2777 2738
3 2738 2777 2778
3 2738 2778 2739
3 2739 2778 2779
3 2739 2779 2740
3 2740 2779 2780
3 2740 2780 2741
3 2741 2780 2781
3 2741 2781 2742
3 2742 2781 2782
3 2742 2782 2743
3 2743 2782 2783
3 2743 2783 2744
3 2744 2783 2784
3 2744 2784 2745
3 2745 2784 2785
3 2745 2785 2746
3 2746 2785 2786
3 2746 2786 2747
3 2747 2786 2787
3 2747 2787 2748
3 2748 2787 2788
3 2748 2788 2749
3 2749 2788 2789
3 2749 2789 2750
3 2750 2789 2790
3 2750 2790 2751
3 2751 2790 2791
3 2751 2791 2752
3 2752 2791 2792
3 2752 2792 2753
3 2753 2792 2793
3 2753 2793 2754
3 2754 2793 2794
3 2754 2794 2755
3 2755 2794 2795
3 2755 2795 2756
3 2756 2795 2796
3 2756 2796 2757
3 2757 2796 2797
3 2757 2797 2758
3 2758 2797 2798
3 2758 2798 2759
3 2759 2798 2799
3 2760 2800 2761
3 2761 2800 2801
3 2761 2801 2762
3 2762 2801 2802
3 2762 2802 2763
3 2763 2802 2803
3 2763 2803 2764
3 2764 2803 2804
3 2764 2804 2765
3 2765 2804 2805
3 2765 2805 2766
3 2766 2805 2806
3 2766 2806 2767
3 2767 2806 2807
3 2767 2807 2768
3 2768 2807 2808
3 2768 2808 2769
3 2769 2808 2809
3 2769 2809 2770
3 2770 2809 2810
3 2770 2810 2771
3 2771 2810 2811
3 2771 2811 2772
3 2772 2811 2812
3 2772 2812 2773
3 2773 2812 2813
3 2773 2813 2774
3 2774 2813 2814
3 2774 2814 2775
3 2775 2814 2815
3 2775 2815 2776
3 2776 2815 2816
3 2776 2816 2777
3 2777 2816 2817
3 2777 2817 2778
3 2778 2817 2818
3 2778 2818 2779
3 2779 2818 2819
3 2779 2819 2780
3 2780 2819 2820
3 2780 2820 2781
3 2781 2820 2821
3 2781 2821 2782
3 2782 2821 2822
3 2782 2822 2783
3 2783 2822 2823
3 2783 2823 2784
3 2784 2823 2824
3 2784 2824 2785
3 2785 2824 2825
3 2785 2825 2786
3 2786 2825 2826
3 2786 2826 2787
3 2787 2826 2827
3 2787 2827 2788
3 2788 2827 2828
3 2788 2828 2789
3 2789 2828 2829
3 2789 2829 2790
3 2790 2829 2830
3 2790 2830 2791
3 2791 2830 2831
3 2791 2831 2792
3 2792 2831 2832
3 2792 2832 2793
3 2793 2832 2833
3 2793 2833 2794
3 2794 2833 2834
3 2794 2834 2795
3 2795 2834 2835
3 2795 2835 2796
3 2796 2835 2836
3 2796 2836 2797
3 2797 2836 2837
3 2797 2837 2798
3 2798 2837 2838
3 2798 2838 2799
3 2799 2838 2839
3 2800 2840 2801
3 2801 2840 2841
3 2801 2841 2802
3 2802 2841 2842
3 2802 2842 2803
3 2803 2842 2843
3 2803 2843 2804
3 2804 2843 2844
3 2804 2844 2805
3 2805 2844 2845
3 2805 2845 2806
3 2806 2845 2846
3 2806 2846 2807
3 2807 2846 2847
3 2807 2847 2808
3 2808 2847 2848
3 2808 2848 2809
3 2809 2848 2849
3 2809 2849 2810
3 2810 2849 2850
3 2810 2850 2811
3 2811 2850 2851
3 2811 2851 2812
3 2812 2851 2852
3 2812 2852 2813
3 2813 2852 2853
3 2813 2853 2814
3 2814 2853 2854
3 2814 2854 2815
3 2815 2854 2855
3 2815 2855 2816
3 2816 2855 2856
3 2816 2856 2817
3 2817 2856 2857
3 2817 2857 2818
3 2818 2857 2858
3 2818 2858 2819
3 2819 2858 2859
3 2819 2859 2820
3 2820 2859 2860
3 2820 2860 2821
3 2821 2860 2861
3 2821 2861 2822
3 2822 2861 2862
3 2822 2862 2823
3 2823 2862 2863
3 2823 2863 2824
3 2824 2863 2864
3 2824 2864 2825
3 2825 2864 2865
3 2825 2865 2826
3 2826 2865 2866
3 2826 2866 2827
3 2827 2866 2867
3 2827 2867 2828
3 2828 2867 2868
3 2828 2868 2829
3 2829 2868 2869
3 2829 2869 2830
3 2830 2869 2870
3 2830 2870 2831
3 2831 2870 2871
3 2831 2871 2832
3 2832 2871 2872
3 2832 2872 2833
3 2833 2872 2873
3 2833 2873 2834
3 2834 2873 2874
3 2834 2874 2835
3 2835 2874 2875
3 2835 2875 2836
3 2836 2875 2876
3 2836 2876 2837
3 2837 2876 2877
3 2837 2877 2838
3 2838 2877 2878
3 2838 2878 2839
3 2839 2878 2879
3 2840 2880 2841
3 2841 2880 2881
3 2841 2881 2842
3 2842 2881 2882
3 2842 2882 2843
3 2843 2882 2883
3 2843 2883 2844
3 2844 2883 2884
3 2844 2884 2845
3 2845 2884 2885
3 2845 2885 2846
3 2846 2885 2886
3 2846 2886 2847
3 2847 2886 2887
3 2847 2887 2848
3 2848 2887 2888
3 2848 2888 2849
3 2849 2888 2889
3 2849 2889 2850
3 2850 2889 2890
3 2850 2890 2851
3 2851 2890 2891
3 2851 2891 2852
3 2852 2891 2892
3 2852 2892 2853
3 2853 2892 2893
3 2853 2893 2854
3 2854 2893 2894
3 2854 2894 2855
3 2855 2894 2895
3 2855 2895 2856
3 2856 2895 2896
3 2856 2896 2857
3 2857 2896 2897
3 2857 2897 2858
3 2858 2897 2898
3 2858 2898 2859
3 2859 2898 2899
3 2859 2899 2860
3 2860 2899 2900
3 2860 2900 2861
3 2861 2900 2901
3 2861 2901 2862
3 2862 2901 2902
3 2862 2902 2863
3 2863 2902 2903
3 2863 2903 2864
3 2864 2903 2904
3 2864 2904 2865
3 2865 2904 2905
3 2865 2905 2866
3 2866 2905 2906
3 2866 2906 2867
3 2867 2906 2907
3 2867 2907 2868
3 2868 2907 2908
3 2868 2908 2869
3 2869 2908 2909
3 2869 2909 2870
3 2870 2909 2910
3 2870 2910 2871
3 2871 2910 2911
3 2871 2911 2872
3 2872 2911 2912
3 2872 2912 2873
3 2873 2912 2913
3 2873 2913 2874
3 2874 2913 2914
3 2874 2914 2875
3 2875 2914 2915
3 2875 2915 2876
3 2876 2915 2916
3 2876 2916 2877
3 2877 2916 2917
3 2877 2917 2878
3 2878 2917 2918
3 2878 2918 2879
3 2879 2918 2919
3 2880 2920 2881
3 2881 2920 2921
3 2881 2921 2882
3 2882 2921 2922
3 2882 2922 2883
3 2883 2922 2923
3 2883 2923 2884
3 2884 2923 2924
3 2884 2924 2885
3 2885 2924 2925
3 2885 2925 2886
3 2886 2925 2926
3 2886 2926 2887
3 2887 2926 2927
3 2887 2927 2888
3 2888 2927 2928
3 2888 2928 2889
3 2889 2928 2929
3 2889 2929 2890
3 2890 2929 2930
3 2890 2930 2891
3 2891 2930 2931
3 2891 2931 2892
3 2892 2931 2932
3 2892 2932 2893
3 2893 2932 2933
3 2893 2933 2894
3 2894 2933 2934
3 2894 2934 2895
3 2895 2934 2935
3 2895 2935 2896
3 2896 2935 2936
3 2896 2936 2897
3 2897 2936 2937
3 2897 2937 2898
3 2898 2937 2938
3 2898 2938 2899
3 2899 2938 2939
3 2899 2939 2900
3 2900 2939 2940
3 2900 2940 2901
3 2901 2940 2941
3 2901 2941 2902
3 2902 2941 2942
3 2902 2942 2903
3 2903 2942 2943
3 2903 2943 2904
3 2904 2943 2944
3 2904 2944 2905
3 2905 2944 2945
3 2905 2945 2906
3 2906 2945 2946
3 2906 2946 2907
3 2907 2946 2947
3 2907 2947 2908
3 2908 2947 2948
3 2908 2948 2909
3 2909 2948 2949
3 2909 2949 2910
3 2910 2949 2950
3 2910 2950 2911
3 2911 2950 2951
3 2911 2951 2912
3 2912 2951 2952
3 2912 2952 2913
3 2913 2952 2953
3 2913 2953 2914
3 2914 2953 2954
3 2914 2954 2915
3 2915 2954 2955
3 2915 2955 2916
3 2916 2955 2956
3 2916 2956 2917
3 2917 2956 2957
3 2917 2957 2918
3 2918 2957 2958
3 2918 2958 2919
3 2919 2958 2959
3 2920 2960 2921
3 2921 2960 2961
3 2921 2961 2922
3 2922 2961 2962
3 2922 2962 2923
3 2923 2962 2963
3 2923 2963 2924
3 2924 2963 2964
3 2924 2964 2925
3 2925 2964 2965
3 2925 2965 2926
3 2926 2965 2966
3 2926 2966 2927
3 2927 2966 2967
3 2927 2967 2928
3 2928 2967 2968
3 2928 2968 2929
3 2929 2968 2969
3 2929 2969 2930
3 2930 2969 2970
3 2930 2970 2931
3 2931 2970 2971
3 2931 2971 2932
3 2932 2971 2972
3 2932 2972 2933
3 2933 2972 2973
3 2933 2973 2934
3 2934 2973 2974
3 2934 2974 2935
3 2935 2974 2975
3 2935 2975 2936
3 2936 2975 2976
3 2936 2976 2937
3 2937 2976 2977
3 2937 2977 2938
3 2938 2977 2978
3 2938 2978 2939
3 2939 2978 2979
3 2939 2979 2940
3 2940 2979 2980
3 2940 2980 2941
3 2941 2980 2981
3 2941 2981 2942
3 2942 2981 2982
3 2942 2982 2943
3 2943 2982 2983
3 2943 2983 2944
3 2944 2983 2984
3 2944 2984 2945
3 2945 2984 2985
3 2945 2985 2946
3 2946 2985 2986
3 2946 2986 2947
3 2947 2986 2987
3 2947 2987 2948
3 2948 2987 2988
3 2948 2988 2949
3 2949 2988 2989
3 2949 2989 2950
3 2950 2989 2990
3 2950 2990 2951
3 2951 2990 2991
3 2951 2991 2952
3 2952 2991 2992
3 2952 2992 2953
3 2953 2992 2993
3 2953 2993 2954
3 2954 2993 2994
3 2954 2994 2955
3 2955 2994 2995
3 2955 2995 2956
3 2956 2995 2996
3 2956 2996 2957
3 2957 2996 2997
3 2957 2997 2958
3 2958 2997 2998
3 2958 2998 2959
3 2959 2998 2999
3 2960 3000 2961
3 2961 3000 3001
3 2961 3001 2962
3 2962 3001 3002
3 2962 3002 2963
3 2963 3002 3003
3 2963 3003 2964
3 2964 3003 3004
3 2964 3004 2965
3 2965 3004 3005
3 2965 3005 2966
3 2966 3005 3006
3 2966 3006 2967
3 2967 3006 3007
3 2967 3007 2968
3 2968 3007 3008
3 2968 3008 2969
3 2969 3008 3009
3 2969 3009 2970
3 2970 3009 3010
3 2970 3010 2971
3 2971 3010 3011
3 2971 3011 2972
3 2972 3011 3012
3 2972 3012 2973
3 2973 3012 3013
3 2973 3013 2974
3 2974 3013 3014
3 2974 3014 2975
3 2975 3014 3015
3 2975 3015 2976
3 2976 3015 3016
3 2976 3016 2977
3 2977 3016 3017
3 2977 3017 2978
3 2978 3017 3018
3 2978 3018 2979
3 2979 3018 3019
3 2979 3019 2980
3 2980 3019 3020
3 2980 3020 2981
3 2981 3020 3021
3 2981 3021 2982
3 2982 3021 3022
3 2982 3022 2983
3 2983 3022 3023
3 2983 3023 2984
3 2984 3023 3024
3 2984 3024 2985
3 2985 3024 3025
3 2985 3025 2986
3 2986 3025 3026
3 2986 3026 2987
3 2987 3026 3027
3 2987 3027 2988
3 2988 3027 3028
3 2988 3028 2989
3 2989 3028 3029
3 2989 3029 2990
3 2990 3029 3030
3 2990 3030 2991
3 2991 3030 3031
3 2991 3031 2992
3 2992 3031 3032
3 2992 3032 2993
3 2993 3032 3033
3 2993 3033 2994
3 2994 3033 3034
3 2994 3034 2995
3 2995 3034 3035
3 2995 3035 2996
3 2996 3035 3036
3 2996 3036 2997
3 2997 3036 3037
3 2997 3037 2998
3 2998 3037 3038
3 2998 3038 2999
3 2999 3038 3039
3 3000 3040 3001
3 3001 3040 3041
3 3001 3041 3002
3 3002 3041 3042
3 3002 3042 3003
3 3003 3042 3043
3 3003 3043 3004
3 3004 3043 3044
3 3004 3044 3005
3 3005 3044 3045
3 3005 3045 3006
3 3006 3045 3046
3 3006 3046 3007
3 3007 3046 3047
3 3007 3047 3008
3 3008 3047 3048
3 3008 3048 3009
3 3009 3048 3049
3 3009 3049 3010
3 3010 3049 3050
3 3010 3050 3011
3 3011 3050 3051
3 3011 3051 3012
3 3012 3051 3052
3 3012 3052 3013
3 3013 3052 3053
3 3013 3053 3014
3 3014 3053 3054
3 3014 3054 3015
3 3015 3054 3055
3 3015 3055 3016
3 3016 3055 3056
3 3016 3056 3017
3 3017 3056 3057
3 3017 3057 3018
3 3018 3057 3058
3 3018 3058 3019
3 3019 3058 3059
3 3019 3059 3020
3 3020 3059 3060
3 3020 3060 3021
3 3021 3060 3061
3 3021 3061 3022
3 3022 3061 3062
3 3022 3062 3023
3 3023 3062 3063
3 3023 3063 3024
3 3024 3063 3064
3 3024 3064 3025
3 3025 3064 3065
3 3025 3065 3026
3 3026 3065 3066
3 3026 3066 3027
3 3027 3066 3067
3 3027 3067 3028
3 3028 3067 3068
3 3028 3068 3029
3 3029 3068 3069
3 3029 3069 3030
3 3030 3069 3070
3 3030 3070 3031
3 3031 3070 3071
3 3031 3071 3032
3 3032 3071 3072
3 3032 3072 3033
3 3033 3072 3073
3 3033 3073 3034
3 3034 3073 3074
3 3034 3074 3035
3 3035 3074 3075
3 3035 3075 3036
3 3036 3075 3076
3 3036 3076 3037
3 3037 3076 3077
3 3037 3077 3038
3 3038 3077 3078
3 3038 3078 3039
3 3039 3078 3079
3 3040 3080 3041
3 3041 3080 3081
3 3041 3081 3042
3 3042 3081 3082
3 3042 3082 3043
3 3043 3082 3083
3 3043 3083 3044
3 3044 3083 3084
3 3044 3084 3045
3 3045 3084 3085
3 3045 3085 3046
3 3046 3085 3086
3 3046 3086 3047
3 3047 3086 3087
3 3047 3087 3048
3 3048 3087 3088
3 3048 3088 3049
3 3049 3088 3089
3 3049 3089 3050
3 3050 3089 3090
3 3050 3090 3051
3 3051 3090 3091
3 3051 3091 3052
3 3052 3091 3092
3 3052 3092 3053
3 3053 3092 3093
3 3053 3093 3054
3 3054 3093 3094
3 3054 3094 3055
3 3055 3094 3095
3 3055 3095 3056
3 3056 3095 3096
3 3056 3096 3057
3 3057 3096 3097
3 3057 3097 3058
3 3058 3097 3098
3 3058 3098 3059
3 3059 3098 3099
3 3059 3099 3060
3 3060 3099 3100
3 3060 3100 3061
3 3061 3100 3101
3 3061 3101 3062
3 3062 3101 3102
3 3062 3102 3063
3 3063 3102 3103
3 3063 3103 3064
3 3064 3103 3104
3 3064 3104 3065
3 3065 3104 3105
3 3065 3105 3066
3 3066 3105 3106
3 3066 3106 3067
3 3067 3106 3107
3 3067 3107 3068
3 3068 3107 3108
3 3068 3108 3069
3 3069 3108 3109
3 3069 3109 3070
3 3070 3109 3110
3 3070 3110 3071
3 3071 3110 3111
3 3071 3111 3072
3 3072 3111 3112
3 3072 3112 3073
3 3073 3112 3113
3 3073 3113 3074
3 3074 3113 3114
3 3074 3114 3075
3 3075 3114 3115
3 3075 3115 3076
3 3076 3115 3116
3 3076 3116 3077
3 3077 3116 3117
3 3077 3117 3078
3 3078 3117 3118
3 3078 3118 3079
3 3079 3118 3119
3 3080 3120 3081
3 3081 3120 3121
3 3081 3121 3082
3 3082 3121 3122
3 3082 3122 3083
3 3083 3122 3123
3 3083 3123 3084
3 3084 3123 3124
3 3084 3124 3085
3 3085 3124 3125
3 3085 3125 3086
3 3086 3125 3126
3 3086 3126 3087
3 3087 3126 3127
3 3087 3127 3088
3 3088 3127 3128
3 3088 3128 3089
3 3089 3128 3129
3 3089 3129 3090
3 3090 3129 3130
3 3090 3130 3091
3 3091 3130 3131
3 3091 3131 3092
3 3092 3131 3132
3 3092 3132 3093
3 3093 3132 3133
3 3093 3133 3094
3 3094 3133 3134
3 3094 3134 3095
3 3095 3134 3135
3 3095 3135 3096
3 3096 3135 3136
3 3096 3136 3097
3 3097 3136 3137
3 3097 3137 3098
3 3098 3137 3138
3 3098 3138 3099
3 3099 3138 3139
3 3099 3139 3100
3 3100 3139 3140
3 3100 3140 3101
3 3101 3140 3141
3 3101 3141 3102
3 3102 3141 3142
3 3102 3142 3103
3 3103 3142 3143
3 3103 3143 3104
3 3104 3143 3144
3 3104 3144 3105
3 3105 3144 3145
3 3105 3145 3106
3 3106 3145 3146
3 3106 3146 3107
3 3107 3146 3147
3 3107 3147 3108
3 3108 3147 3148
3 3108 3148 3109
3 3109 3148 3149
3 3109 3149 3110
3 3110 3149 3150
3 3110 3150 3111
3 3111 3150 3151
3 3111 3151 3112
3 3112 3151 3152
3 3112 3152 3113
3 3113 3152 3153
3 3113 3153 3114
3 3114 3153 3154
3 3114 3154 3115
3 3115 3154 3155
3 3115 3155 3116
3 3116 3155 3156
3 3116 3156 3117
3 3117 3156 3157
3 3117 3157 3118
3 3118 3157 3158
3 3118 3158 3119
3 3119 3158 3159
3 3120 3160 3121
3 3121 3160 3161
3 3121 3161 3122
3 3122 3161 3162
3 3122 3162 3123
3 3123 3162 3163
3 3123 3163 3124
3 3124 3163 3164
3 3124 3164 3125
3 3125 3164 3165
3 3125 3165 3126
3 3126 3165 3166
3 3126 3166 3127
3 3127 3166 3167
3 3127 3167 3128
3 3128 3167 3168
3 3128 3168 3129
3 3129 3168 3169
3 3129 3169 3130
3 3130 3169 3170
3 3130 3170 3131
3 3131 3170 3171
3 3131 3171 3132
3 3132 3171 3172
3 3132 3172 3133
3 3133 3172 3173
3 3133 3173 3134
3 3134 3173 3174
3 3134 3174 3135
3 3135 3174 3175
3 3135 3175 3136
3 3136 3175 3176
3 3136 3176 3137
3 3137 3176 3177
3 3137 3177 3138
3 3138 3177 3178
3 3138 3178 3139
3 3139 3178 3179
3 3139 3179 3140
3 3140 3179 3180
3 3140 3180 3141
3 3141 3180 3181
3 3141 3181 3142
3 3142 3181 3182
3 3142 3182 3143
3 3143 3182 3183
3 3143 3183 3144
3 3144 3183 3184
3 3144 3184 3145
3 3145 3184 3185
3 3145 3185 3146
3 3146 3185 3186
3 3146 3186 3147
3 3147 3186 3187
3 3147 3187 3148
3 3148 3187 3188
3 3148 3188 3149
3 3149 3188 3189
3 3149 3189 3150
3 3150 3189 3190
3 3150 3190 3151
3 3151 3190 3191
3 3151 3191 3152
3 3152 3191 3192
3 3152 3192 3153
3 3153 3192 3193
3 3153 3193 3154
3 3154 3193 3194
3 3154 3194 3155
3 3155 3194 3195
3 3155 3195 3156
3 3156 3195 3196
3 3156 3196 3157
3 3157 3196 3197
3 3157 3197 3158
3 3158 3197 3198
3 3158 3198 3159
3 3159 3198 3199
3 3160 3200 3161
3 3161 3200 3201
3 3161 3201 3162
3 3162 3201 3202
3 3162 3202 3163
3 3163 3202 3203
3 3163 3203 3164
3 3164 3203 3204
3 3164 3204 3165
3 3165 3204 3205
3 3165 3205 3166
3 3166 3205 3206
3 3166 3206 3167
3 3167 3206 3207
3 3167 3207 3168
3 3168 3207 3208
3 3168 3208 3169
3 3169 3208 3209
3 3169 3209 3170
3 3170 3209 3210
3 3170 3210 3171
3 3171 3210 3211
3 3171 3211 3172
3 3172 3211 3212
3 3172 3212 3173
3 3173 3212 3213
3 3173 3213 3174
3 3174 3213 3214
3 3174 3214 3175
3 3175 3214 3215
3 3175 3215 3176
3 3176 3215 3216
3 3176 3216 3177
3 3177 3216 3217
3 3177 3217 3178
3 3178 3217 3218
3 3178 3218 3179
3 3179 3218 3219
3 3179 3219 3180
3 3180 3219 3220
3 3180 3220 3181
3 3181 3220 3221
3 3181 3221 3182
3 3182 3221 3222
3 3182 3222 3183
3 3183 3222 3223
3 3183 3223 3184
3 3184 3223 3224
3 3184 3224 3185
3 3185 3224 3225
3 3185 3225 3186
3 3186 3225 3226
3 3186 3226 3187
3 3187 3226 3227
3 3187 3227 3188
3 3188 3227 3228
3 3188 3228 3189
3 3189 3228 3229
3 3189 3229 3190
3 3190 3229 3230
3 3190 3230 3191
3 3191 3230 3231
3 3191 3231 3192
3 3192 3231 3232
3 3192 3232 3193
3 3193 3232 3233
3 3193 3233 3194
3 3194 3233 3234
3 3194 3234 3195
3 3195 3234 3235
3 3195 3235 3196
3 3196 3235 3236
3 3196 3236 3197
3 3197 3236 3237
3 3197 3237 3198
3 3198 3237 3238
3 3198 3238 3199
3 3199 3238 3239
3 3200 3240 3201
3 3201 3240 3241
3 3201 3241 3202
3 3202 3241 3242
3 3202 3242 3203
3 3203 3242 3243
3 3203 3243 3204
3 3204 3243 3244
3 3204 3244 3205
3 3205 3244 3245
3 3205 3245 3206
3 3206 3245 3246
3 3206 3246 3207
3 3207 3246 3247
3 3207 3247 3208
3 3208 3247 3248
3 3208 3248 3209
3 3209 3248 3249
3 3209 3249 3210
3 3210 3249 3250
3 3210 3250 3211
3 3211 3250 3251
3 3211 3251 3212
3 3212 3251 3252
3 3212 3252 3213
3 3213 3252 3253
3 3213 3253 3214
3 3214 3253 3254
3 3214 3254 3215
3 3215 3254 3255
3 3215 3255 3216
3 3216 3255 3256
3 3216 3256 3217
3 3217 3256 3257
3 3217 3257 3218
3 3218 3257 3258
3 3218 3258 3219
3 3219 3258 3259
3 3219 3259 3220
3 3220 3259 3260
3 3220 3260 3221
3 3221 3260 3261
3 3221 3261 3222
3 3222 3261 3262
3 3222 3262 3223
3 3223 3262 3263
3 3223 3263 3224
3 3224 3263 3264
3 3224 3264 3225
3 3225 3264 3265
3 3225 3265 3226
3 3226 3265 3266
3 3226 3266 3227
3 3227 3266 3267
3 3227 3267 3228
3 3228 3267 3268
3 3228 3268 3229
3 3229 3268 3269
3 3229 3269 3230
3 3230 3269 3270
3 3230 3270 3231
3 3231 3270 3271
3 3231 3271 3232
3 3232 3271 3272
3 3232 3272 3233
3 3233 3272 3273
3 3233 3273 3234
3 3234 3273 3274
3 3234 3274 3235
3 3235 3274 3275
3 3235 3275 3236
3 3236 3275 3276
3 3236 3276 3237
3 3237 3276 3277
3 3237 3277 3238
3 3238 3277 3278
3 3238 3278 3239
3 3239 3278 3279
3 3240 3280 3241
3 3241 3280 3281
3 3241 3281 3242
3 3242 3281 3282
3 3242 3282 3243
3 3243 3282 3283
3 3243 3283 3244
3 3244 3283 3284
3 3244 3284 3245
3 3245 3284 3285
3 3245 3285 3246
3 3246 3285 3286
3 3246 3286 3247
3 3247 3286 3287
3 3247 3287 3248
3 3248 3287 3288
3 3248 3288 3249
3 3249 3288 3289
3 3249 3289 3250
3 3250 3289 3290
3 3250 3290 3251
3 3251 3290 3291
3 3251 3291 3252
3 3252 3291 3292
3 3252 3292 3253
3 3253 3292 3293
3 3253 3293 3254
3 3254 3293 3294
3 3254 3294 3255
3 3255 3294 3295
3 3255 3295 3256
3 3256 3295 3296
3 3256 3296 3257
3 3257 3296 3297
3 3257 3297 3258
3 3258 3297 3298
3 3258 3298 3259
3 3259 3298 3299
3 3259 3299 3260
3 3260 3299 3300
3 3260 3300 3261
3 3261 3300 3301
3 3261 3301 3262
3 3262 3301 3302
3 3262 3302 3263
3 3263 3302 3303
3 3263 3303 3264
3 3264 3303 3304
3 3264 3304 3265
3 3265 3304 3305
3 3265 3305 3266
3 3266 3305 3306
3 3266 3306 3267
3 3267 3306 3307
3 3267 3307 3268
3 3268 3307 3308
3 3268 3308 3269
3 3269 3308 3309
3 3269 3309 3270
3 3270 3309 3310
3 3270 3310 3271
3 3271 3310 3311
3 3271 3311 3272
3 3272 3311 3312
3 3272 3312 3273
3 3273 3312 3313
3 3273 3313 3274
3 3274 3313 3314
3 3274 3314 3275
3 3275 3314 3315
3 3275 3315 3276
3 3276 3315 3316
3 3276 3316 3277
3 3277 3316 3317
3 3277 3317 3278
3 3278 3317 3318
3 3278 3318 3279
3 3279 3318 3319
3 3280 3320 3281
3 3281 3320 3321
3 3281 3321 3282
3 3282 3321 3322
3 3282 3322 3283
3 3283 3322 3323
3 3283 3323 3284
3 3284 3323 3324
3 3284 3324 3285
3 3285 3324 3325
3 3285 3325 3286
3 3286 3325 3326
3 3286 3326 3287
3 3287 3326 3327
3 3287 3327 3288
3 3288 3327 3328
3 3288 3328 3289
3 3289 3328 3329
3 3289 3329 3290
3 3290 3329 3330
3 3290 3330 3291
3 3291 3330 3331
3 3291 3331 3292
3 3292 3331 3332
3 3292 3332 3293
3 3293 3332 3333
3 3293 3333 3294
3 3294 3333 3334
3 3294 3334 3295
3 3295 3334 3335
3 3295 3335 3296
3 3296 3335 3336
3 3296 3336 3297
3 3297 3336 3337
3 3297 3337 3298
3 3298 3337 3338
3 3298 3338 3299
3 3299 3338 3339
3 3299 3339 3300
3 3300 3339 3340
3 3300 3340 3301
3 3301 3340 3341
3 3301 3341 3302
3 3302 3341 3342
3 3302 3342 3303
3 3303 3342 3343
3 3303 3343 3304
3 3304 3343 3344
3 3304 3344 3305
3 3305 3344 3345
3 3305 3345 3306
3 3306 3345 3346
3 3306 3346 3307
3 3307 3346 3347
3 3307 3347 3308
3 3308 3347 3348
3 3308 3348 3309
3 3309 3348 3349
3 3309 3349 3310
3 3310 3349 3350
3 3310 3350 3311
3 3311 3350 3351
3 3311 3351 3312
3 3312 3351 3352
3 3312 3352 3313
3 3313 3352 3353
3 3313 3353 3314
3 3314 3353 3354
3 3314 3354 3315
3 3315 3354 3355
3 3315 3355 3316
3 3316 3355 3356
3 3316 3356 3317
3 3317 3356 3357
3 3317 3357 3318
3 3318 3357 3358
3 3318 3358 3319
3 3319 3358 3359
3 3320 3360 3321
3 3321 3360 3361
3 3321 3361 3322
3 3322 3361 3362
3 3322 3362 3323
3 3323 3362 3363
3 3323 3363 3324
3 3324 3363 3364
3 3324 3364 3325
3 3325 3364 3365
3 3325 3365 3326
3 3326 3365 3366
3 3326 3366 3327
3 3327 3366 3367
3 3327 3367 3328
3 3328 3367 3368
3 3328 3368 3329
3 3329 3368 3369
3 3329 3369 3330
3 3330 3369 3370
3 3330 3370 3331
3 3331 3370 3371
3 3331 3371 3332
3 3332 3371 3372
3 3332 3372 3333
3 3333 3372 3373
3 3333 3373 3334
3 3334 3373 3374
3 3334 3374 3335
3 3335 3374 3375
3 3335 3375 3336
3 3336 3375 3376
3 3336 3376 3337
3 3337 3376 3377
3 3337 3377 3338
3 3338 3377 3378
3 3338 3378 3339
3 3339 3378 3379
3 3339 3379 3340
3 3340 3379 3380
3 3340 3380 3341
3 3341 3380 3381
3 3341 3381 3342
3 3342 3381 3382
3 3342 3382 3343
3 3343 3382 3383
3 3343 3383 3344
3 3344 3383 3384
3 3344 3384 3345
3 3345 3384 3385
3 3345 3385 3346
3 3346 3385 3386
3 3346 3386 3347
3 3347 3386 3387
3 3347 3387 3348
3 3348 3387 3388
3 3348 3388 3349
3 3349 3388 3389
3 3349 3389 3350
3 3350 3389 3390
3 3350 3390 3351
3 3351 3390 3391
3 3351 3391 3352
3 3352 3391 3392
3 3352 3392 3353
3 3353 3392 3393
3 3353 3393 3354
3 3354 3393 3394
3 3354 3394 3355
3 3355 3394 3395
3 3355 3395 3356
3 3356 3395 3396
3 3356 3396 3357
3 3357 3396 3397
3 3357 3397 3358
3 3358 3397 3398
3 3358 3398 3359
3 3359 3398 3399
3 3360 3400 3361
3 3361 3400 3401
3 3361 3401 3362
3 3362 3401 3402
3 3362 3402 3363
3 3363 3402 3403
3 3363 3403 3364
3 3364 3403 3404
3 3364 3404 3365
3 3365 3404 3405
3 3365 3405 3366
3 3366 3405 3406
3 3366 3406 3367
3 3367 3406 3407
3 3367 3407 3368
3 3368 3407 3408
3 3368 3408 3369
3 3369 3408 3409
3 3369 3409 3370
3 3370 3409 3410
3 3370 3410 3371
3 3371 3410 3411
3 3371 3411 3372
3 3372 3411 3412
3 3372 3412 3373
3 3373 3412 3413
3 3373 3413 3374
3 3374 3413 3414
3 3374 3414 3375
3 3375 3414 3415
3 3375 3415 3376
3 3376 3415 3416
3 3376 3416 3377
3 3377 3416 3417
3 3377 3417 3378
3 3378 3417 3418
3 3378 3418 3379
3 3379 3418 3419
3 3379 3419 3380
3 3380 3419 3420
3 3380 3420 3381
3 3381 3420 3421
3 3381 3421 3382
3 3382 3421 3422
3 3382 3422 3383
3 3383 3422 3423
3 3383 3423 3384
3 3384 3423 3424
3 3384 3424 3385
3 3385 3424 3425
3 3385 3425 3386
3 3386 3425 3426
3 3386 3426 3387
3 3387 3426 3427
3 3387 3427 3388
3 3388 3427 3428
3 3388 3428 3389
3 3389 3428 3429
3 3389 3429 3390
3 3390 3429 3430
3 3390 3430 3391
3 3391 3430 3431
3 3391 3431 3392
3 3392 3431 3432
3 3392 3432 3393
3 3393 3432 3433
3 3393 3433 3394
3 3394 3433 3434
3 3394 3434 3395
3 3395 3434 3435
3 3395 3435 3396
3 3396 3435 3436
3 3396 3436 3397
3 3397 3436 3437
3 3397 3437 3398
3 3398 3437 3438
3 3398 3438 3399
3 3399 3438 3439
3 3400 3440 3401
3 3401 3440 3441
3 3401 3441 3402
3 3402 3441 3442
3 3402 3442 3403
3 3403 3442 3443
3 3403 3443 3404
3 3404 3443 3444
3 3404 3444 3405
3 3405 3444 3445
3 3405 3445 3406
3 3406 3445 3446
3 3406 3446 3407
3 3407 3446 3447
3 3407 3447 3408
3 3408 3447 3448
3 3408 3448 3409
3 3409 3448 3449
3 3409 3449 3410
3 3410 3449 3450
3 3410 3450 3411
3 3411 3450 3451
3 3411 3451 3412
3 3412 3451 3452
3 3412 3452 3413
3 3413 3452 3453
3 3413 3453 3414
3 3414 3453 3454
3 3414 3454 3415
3 3415 3454 3455
3 3415 3455 3416
3 3416 3455 3456
3 3416 3456 3417
3 3417 3456 3457
3 3417 3457 3418
3 3418 3457 3458
3 3418 3458 3419
3 3419 3458 3459
3 3419 3459 3420
3 3420 3459 3460
3 3420 3460 3421
3 3421 3460 3461
3 3421 3461 3422
3 3422 3461 3462
3 3422 3462 3423
3 3423 3462 3463
3 3423 3463 3424
3 3424 3463 3464
3 3424 3464 3425
3 3425 3464 3465
3 3425 3465 3426
3 3426 3465 3466
3 3426 3466 3427
3 3427 3466 3467
3 3427 3467 3428
3 3428 3467 3468
3 3428 3468 3429
3 3429 3468 3469
3 3429 3469 3430
3 3430 3469 3470
3 3430 3470 3431
3 3431 3470 3471
3 3431 3471 3432
3 3432 3471 3472
3 3432 3472 3433
3 3433 3472 3473
3 3433 3473 3434
3 3434 3473 3474
3 3434 3474 3435
3 3435 3474 3475
3 3435 3475 3436
3 3436 3475 3476
3 3436 3476 3437
3 3437 3476 3477
3 3437 3477 3438
3 3438 3477 3478
3 3438 3478 3439
3 3439 3478 3479
3 3440 3480 3441
3 3441 3480 3481
3 3441 3481 3442
3 3442 3481 3482
3 3442 3482 3443
3 3443 3482 3483
3 3443 3483 3444
3 3444 3483 3484
3 3444 3484 3445
3 3445 3484 3485
3 3445 3485 3446
3 3446 3485 3486
3 3446 3486 3447
3 3447 3486 3487
3 3447 3487 3448
3 3448 3487 3488
3 3448 3488 3449
3 3449 3488 3489
3 3449 3489 3450
3 3450 3489 3490
3 3450 3490 3451
3 3451 3490 3491
3 3451 3491 3452
3 3452 3491 3492
3 3452 3492 3453
3 3453 3492 3493
3 3453 3493 3454
3 3454 3493 3494
3 3454 3494 3455
3 3455 3494 3495
3 3455 3495 3456
3 3456 3495 3496
3 3456 3496 3457
3 3457 3496 3497
3 3457 3497 3458
3 3458 3497 3498
3 3458 3498 3459
3 3459 3498 3499
3 3459 3499 3460
3 3460 3499 3500
3 3460 3500 3461
3 3461 3500 3501
3 3461 3501 3462
3 3462 3501 3502
3 3462 3502 3463
3 3463 3502 3503
3 3463 3503 3464
3 3464 3503 3504
3 3464 3504 3465
3 3465 3504 3505
3 3465 3505 3466
3 3466 3505 3506
3 3466 3506 3467
3 3467 3506 3507
3 3467 3507 3468
3 3468 3507 3508
3 3468 3508 3469
3 3469 3508 3509
3 3469 3509 3470
3 3470 3509 3510
3 3470 3510 3471
3 3471 3510 3511
3 3471 3511 3472
3 3472 3511 3512
3 3472 3512 3473
3 3473 3512 3513
3 3473 3513 3474
3 3474 3513 3514
3 3474 3514 3475
3 3475 3514 3515
3 3475 3515 3476
3 3476 3515 3516
3 3476 3516 3477
3 3477 3516 3517
3 3477 3517 3478
3 3478 3517 3518
3 3478 3518 3479
3 3479 3518 3519
3 3480 3520 3481
3 3481 3520 3521
3 3481 3521 3482
3 3482 3521 3522
3 3482 3522 3483
3 3483 3522 3523
3 3483 3523 3484
3 3484 3523 3524
3 3484 3524 3485
3 3485 3524 3525
3 3485 3525 3486
3 3486 3525 3526
3 3486 3526 3487
3 3487 3526 3527
3 3487 3527 3488
3 3488 3527 3528
3 3488 3528 3489
3 3489 3528 3529
3 3489 3529 3490
3 3490 3529 3530
3 3490 3530 3491
3 3491 3530 3531
3 3491 3531 3492
3 3492 3531 3532
3 3492 3532 3493
3 3493 3532 3533
3 3493 3533 3494
3 3494 3533 3534
3 3494 3534 3495
3 3495 3534 3535
3 3495 3535 3496
3 3496 3535 3536
3 3496 3536 3497
3 3497 3536 3537
3 3497 3537 3498
3 3498 3537 3538
3 3498 3538 3499
3 3499 3538 3539
3 3499 3539 3500
3 3500 3539 3540
3 3500 3540 3501
3 3501 3540 3541
3 3501 3541 3502
3 3502 3541 3542
3 3502 3542 3503
3 3503 3542 3543
3 3503 3543 3504
3 3504 3543 3544
3 3504 3544 3505
3 3505 3544 3545
3 3505 3545 3506
3 3506 3545 3546
3 3506 3546 3507
3 3507 3546 3547
3 3507 3547 3508
3 3508 3547 3548
3 3508 3548 3509
3 3509 3548 3549
3 3509 3549 3510
3 3510 3549 3550
3 3510 3550 3511
3 3511 3550 3551
3 3511 3551 3512
3 3512 3551 3552
3 3512 3552 3513
3 3513 3552 3553
3 3513 3553 3514
3 3514 3553 3554
3 3514 3554 3515
3 3515 3554 3555
3 3515 3555 3516
3 3516 3555 3556
3 3516 3556 3517
3 3517 3556 3557
3 3517 3557 3518
3 3518 3557 3558
3 3518 3558 3519
3 3519 3558 3559
3 3520 3560 3521
3 3521 3560 3561
3 3521 3561 3522
3 3522 3561 3562
3 3522 3562 3523
3 3523 3562 3563
3 3523 3563 3524
3 3524 3563 3564
3 3524 3564 3525
3 3525 3564 3565
3 3525 3565 3526
3 3526 3565 3566
3 3526 3566 3527
3 3527 3566 3567
3 3527 3567 3528
3 3528 3567 3568
3 3528 3568 3529
3 3529 3568 3569
3 3529 3569 3530
3 3530 3569 3570
3 3530 3570 3531
3 3531 3570 3571
3 3531 3571 3532
3 3532 3571 3572
3 3532 3572 3533
3 3533 3572 3573
3 3533 3573 3534
3 3534 3573 3574
3 3534 3574 3535
3 3535 3574 3575
3 3535 3575 3536
3 3536 3575 3576
3 3536 3576 3537
3 3537 3576 3577
3 3537 3577 3538
3 3538 3577 3578
3 3538 3578 3539
3 3539 3578 3579
3 3539 3579 3540
3 3540 3579 3580
3 3540 3580 3541
3 3541 3580 3581
3 3541 3581 3542
3 3542 3581 3582
3 3542 3582 3543
3 3543 3582 3583
3 3543 3583 3544
3 3544 3583 3584
3 3544 3584 3545
3 3545 3584 3585
3 3545 3585 3546
3 3546 3585 3586
3 3546 3586 3547
3 3547 3586 3587
3 3547 3587 3548
3 3548 3587 3588
3 3548 3588 3549
3 3549 3588 3589
3 3549 3589 3550
3 3550 3589 3590
3 3550 3590 3551
3 3551 3590 3591
3 3551 3591 3552
3 3552 3591 3592
3 3552 3592 3553
3 3553 3592 3593
3 3553 3593 3554
3 3554 3593 3594
3 3554 3594 3555
3 3555 3594 3595
3 3555 3595 3556
3 3556 3595 3596
3 3556 3596 3557
3 3557 3596 3597
3 3557 3597 3558
3 3558 3597 3598
3 3558 3598 3559
3 3559 3598 3599
3 3560 3600 3561
3 3561 3600 3601
3 3561 3601 3562
3 3562 3601 3602
3 3562 3602 3563
3 3563 3602 3603
3 3563 3603 3564
3 3564 3603 3604
3 3564 3604 3565
3 3565 3604 3605
3 3565 3605 3566
3 3566 3605 3606
3 3566 3606 3567
3 3567 3606 3607
3 3567 3607 3568
3 3568 3607 3608
3 3568 3608 3569
3 3569 3608 3609
3 3569 3609 3570
3 3570 3609 3610
3 3570 3610 3571
3 3571 3610 3611
3 3571 3611 3572
3 3572 3611 3612
3 3572 3612 3573
3 3573 3612 3613
3 3573 3613 3574
3 3574 3613 3614
3 3574 3614 3575
3 3575 3614 3615
3 3575 3615 3576
3 3576 3615 3616
3 3576 3616 3577
3 3577 3616 3617
3 3577 3617 3578
3 3578 3617 3618
3 3578 3618 3579
3 3579 3618 3619
3 3579 3619 3580
3 3580 3619 3620
3 3580 3620 3581
3 3581 3620 3621
3 3581 3621 3582
3 3582 3621 3622
3 3582 3622 3583
3 3583 3622 3623
3 3583 3623 3584
3 3584 3623 3624
3 3584 3624 3585
3 3585 3624 3625
3 3585 3625 3586
3 3586 3625 3626
3 3586 3626 3587
3 3587 3626 3627
3 3587 3627 3588
3 3588 3627 3628
3 3588 3628 3589
3 3589 3628 3629
3 3589 3629 3590
3 3590 3629 3630
3 3590 3630 3591
3 3591 3630 3631
3 3591 3631 3592
3 3592 3631 3632
3 3592 3632 3593
3 3593 3632 3633
3 3593 3633 3594
3 3594 3633 3634
3 3594 3634 3595
3 3595 3634 3635
3 3595 3635 3596
3 3596 3635 3636
3 3596 3636 3597
3 3597 3636 3637
3 3597 3637 3598
3 3598 3637 3638
3 3598 3638 3599
3 3599 3638 3639
3 3600 3640 3601
3 3601 3640 3641
3 3601 3641 3602
3 3602 3641 3642
3 3602 3642 3603
3 3603 3642 3643
3 3603 3643 3604
3 3604 3643 3644
3 3604 3644 3605
3 3605 3644 3645
3 3605 3645 3606
3 3606 3645 3646
3 3606 3646 3607
3 3607 3646 3647
3 3607 3647 3608
3 3608 3647 3648
3 3608 3648 3609
3 3609 3648 3649
3 3609 3649 3610
3 3610 3649 3650
3 3610 3650 3611
3 3611 3650 3651
3 3611 3651 3612
3 3612 3651 3652
3 3612 3652 3613
3 3613 3652 3653
3 3613 3653 3614
3 3614 3653 3654
3 3614 3654 3615
3 3615 3654 3655
3 3615 3655 3616
3 3616 3655 3656
3 3616 3656 3617
3 3617 3656 3657
3 3617 3657 3618
3 3618 3657 3658
3 3618 3658 3619
3 3619 3658 3659
3 3619 3659 3620
3 3620 3659 3660
3 3620 3660 3621
3 3621 3660 3661
3 3621 3661 3622
3 3622 3661 3662
3 3622 3662 3623
3 3623 3662 3663
3 3623 3663 3624
3 3624 3663 3664
3 3624 3664 3625
3 3625 3664 3665
3 3625 3665 3626
3 3626 3665 3666
3 3626 3666 3627
3 3627 3666 3667
3 3627 3667 3628
3 3628 3667 3668
3 3628 3668 3629
3 3629 3668 3669
3 3629 3669 3630
3 3630 3669 3670
3 3630 3670 3631
3 3631 3670 3671
3 3631 3671 3632
3 3632 3671 3672
3 3632 3672 3633
3 3633 3672 3673
3 3633 3673 3634
3 3634 3673 3674
3 3634 3674 3635
3 3635 3674 3675
3 3635 3675 3636
3 3636 3675 3676
3 3636 3676 3637
3 3637 3676 3677
3 3637 3677 3638
3 3638 3677 3678
3 3638 3678 3639
3 3639 3678 3679
3 3640 3680 3641
3 3641 3680 3681
3 3641 3681 3642
3 3642 3681 3682
3 3642 3682 3643
3 3643 3682 3683
3 3643 3683 3644
3 3644 3683 3684
3 3644 3684 3645
3 3645 3684 3685
3 3645 3685 3646
3 3646 3685 3686
3 3646 3686 3647
3 3647 3686 3687
3 3647 3687 3648
3 3648 3687 3688
3 3648 3688 3649
3 3649 3688 3689
3 3649 3689 3650
3 3650 3689 3690
3 3650 3690 3651
3 3651 3690 3691
3 3651 3691 3652
3 3652 3691 3692
3 3652 3692 3653
3 3653 3692 3693
3 3653 3693 3654
3 3654 3693 3694
3 3654 3694 3655
3 3655 3694 3695
3 3655 3695 3656
3 3656 3695 3696
3 3656 3696 3657
3 3657 3696 3697
3 3657 3697 3658
3 3658 3697 3698
3 3658 3698 3659
3 3659 3698 3699
3 3659 3699 3660
3 3660 3699 3700
3 3660 3700 3661
3 3661 3700 3701
3 3661 3701 3662
3 3662 3701 3702
3 3662 3702 3663
3 3663 3702 3703
3 3663 3703 3664
3 3664 3703 3704
3 3664 3704 3665
3 3665 3704 3705
3 3665 3705 3666
3 3666 3705 3706
3 3666 3706 3667
3 3667 3706 3707
3 3667 3707 3668
3 3668 3707 3708
3 3668 3708 3669
3 3669 3708 3709
3 3669 3709 3670
3 3670 3709 3710
3 3670 3710 3671
3 3671 3710 3711
3 3671 3711 3672
3 3672 3711 3712
3 3672 3712 3673
3 3673 3712 3713
3 3673 3713 3674
3 3674 3713 3714
3 3674 3714 3675
3 3675 3714 3715
3 3675 3715 3676
3 3676 3715 3716
3 3676 3716 3677
3 3677 3716 3717
3 3677 3717 3678
3 3678 3717 3718
3 3678 3718 3679
3 3679 3718 3719
3 3680 3720 3681
3 3681 3720 3721
3 3681 3721 3682
3 3682 3721 3722
3 3682 3722 3683
3 3683 3722 3723
3 3683 3723 3684
3 3684 3723 3724
3 3684 3724 3685
3 3685 3724 3725
3 3685 3725 3686
3 3686 3725 3726
3 3686 3726 3687
3 3687 3726 3727
3 3687 3727 3688
3 3688 3727 3728
3 3688 3728 3689
3 3689 3728 3729
3 3689 3729 3690
3 3690 3729 3730
3 3690 3730 3691
3 3691 3730 3731
3 3691 3731 3692
3 3692 3731 3732
3 3692 3732 3693
3 3693 3732 3733
3 3693 3733 3694
3 3694 3733 3734
3 3694 3734 3695
3 3695 3734 3735
3 3695 3735 3696
3 3696 3735 3736
3 3696 3736 3697
3 3697 3736 3737
3 3697 3737 3698
3 3698 3737 3738
3 3698 3738 3699
3 3699 3738 3739
3 3699 3739 3700
3 3700 3739 3740
3 3700 3740 3701
3 3701 3740 3741
3 3701 3741 3702
3 3702 3741 3742
3 3702 3742 3703
3 3703 3742 3743
3 3703 3743 3704
3 3704 3743 3744
3 3704 3744 3705
3 3705 3744 3745
3 3705 3745 3706
3 3706 3745 3746
3 3706 3746 3707
3 3707 3746 3747
3 3707 3747 3708
3 3708 3747 3748
3 3708 3748 3709
3 3709 3748 3749
3 3709 3749 3710
3 3710 3749 3750
3 3710 3750 3711
3 3711 3750 3751
3 3711 3751 3712
3 3712 3751 3752
3 3712 3752 3713
3 3713 3752 3753
3 3713 3753 3714
3 3714 3753 3754
3 3714 3754 3715
3 3715 3754 3755
3 3715 3755 3716
3 3716 3755 3756
3 3716 3756 3717
3 3717 3756 3757
3 3717 3757 3718
3 3718 3757 3758
3 3718 3758 3719
3 3719 3758 3759
3 3720 3760 3721
3 3721 3760 3761
3 3721 3761 3722
3 3722 3761 3762
3 3722 3762 3723
3 3723 3762 3763
3 3723 3763 3724
3 3724 3763 3764
3 3724 3764 3725
3 3725 3764 3765
3 3725 3765 3726
3 3726 3765 3766
3 3726 3766 3727
3 3727 3766 3767
3 3727 3767 3728
3 3728 3767 3768
3 3728 3768 3729
3 3729 3768 3769
3 3729 3769 3730
3 3730 3769 3770
3 3730 3770 3731
3 3731 3770 3771
3 3731 3771 3732
3 3732 3771 3772
3 3732 3772 3733
3 3733 3772 3773
3 3733 3773 3734
3 3734 3773 3774
3 3734 3774 3735
3 3735 3774 3775
3 3735 3775 3736
3 3736 3775 3776
3 3736 3776 3737
3 3737 3776 3777
3 3737 3777 3738
3 3738 3777 3778
3 3738 3778 3739
3 3739 3778 3779
3 3739 3779 3740
3 3740 3779 3780
3 3740 3780 3741
3 3741 3780 3781
3 3741 3781 3742
3 3742 3781 3782
3 3742 3782 3743
3 3743 3782 3783
3 3743 3783 3744
3 3744 3783 3784
3 3744 3784 3745
3 3745 3784 3785
3 3745 3785 3746
3 3746 3785 3786
3 3746 3786 3747
3 3747 3786 3787
3 3747 3787 3748
3 3748 3787 3788
3 3748 3788 3749
3 3749 3788 3789
3 3749 3789 3750
3 3750 3789 3790
3 3750 3790 3751
3 3751 3790 3791
3 3751 3791 3752
3 3752 3791 3792
3 3752 3792 3753
3 3753 3792 3793
3 3753 3793 3754
3 3754 3793 3794
3 3754 3794 3755
3 3755 3794 3795
3 3755 3795 3756
3 3756 3795 3796
3 3756 3796 3757
3 3757 3796 3797
3 3757 3797 3758
3 3758 3797 3798
3 3758 3798 3759
3 3759 3798 3799
3 3760 3800 3761
3 3761 3800 3801
3 3761 3801 3762
3 3762 3801 3802
3 3762 3802 3763
3 3763 3802 3803
3 3763 3803 3764
3 3764 3803 3804
3 3764 3804 3765
3 3765 3804 3805
3 3765 3805 3766
3 3766 3805 3806
3 3766 3806 3767
3 3767 3806 3807
3 3767 3807 3768
3 3768 3807 3808
3 3768 3808 3769
3 3769 3808 3809
3 3769 3809 3770
3 3770 3809 3810
3 3770 3810 3771
3 3771 3810 3811
3 3771 3811 3772
3 3772 3811 3812
3 3772 3812 3773
3 3773 3812 3813
3 3773 3813 3774
3 3774 3813 3814
3 3774 3814 3775
3 3775 3814 3815
3 3775 3815 3776
3 3776 3815 3816
3 3776 3816 3777
3 3777 3816 3817
3 3777 3817 3778
3 3778 3817 3818
3 3778 3818 3779
3 3779 3818 3819
3 3779 3819 3780
3 3780 3819 3820
3 3780 3820 3781
3 3781 3820 3821
3 3781 3821 3782
3 3782 3821 3822
3 3782 3822 3783
3 3783 3822 3823
3 3783 3823 3784
3 3784 3823 3824
3 3784 3824 3785
3 3785 3824 3825
3 3785 3825 3786
3 3786 3825 3826
3 3786 3826 3787
3 3787 3826 3827
3 3787 3827 3788
3 3788 3827 3828
3 3788 3828 3789
3 3789 3828 3829
3 3789 3829 3790
3 3790 3829 3830
3 3790 3830 3791
3 3791 3830 3831
3 3791 3831 3792
3 3792 3831 3832
3 3792 3832 3793
3 3793 3832 3833
3 3793 3833 3794
3 3794 3833 3834
3 3794 3834 3795
3 3795 3834 3835
3 3795 3835 3796
3 3796 3835 3836
3 3796 3836 3797
3 3797 3836 3837
3 3797 3837 3798
3 3798 3837 3838
3 3798 3838 3799
3 3799 3838 3839
3 3800 3840 3801
3 3801 3840 3841
3 3801 3841 3802
3 3802 3841 3842
3 3802 3842 3803
3 3803 3842 3843
3 3803 3843 3804
3 3804 3843 3844
3 3804 3844 3805
3 3805 3844 3845
3 3805 3845 3806
3 3806 3845 3846
3 3806 3846 3807
3 3807 3846 3847
3 3807 3847 3808
3 3808 3847 3848
3 3808 3848 3809
3 3809 3848 3849
3 3809 3849 3810
3 3810 3849 3850
3 3810 3850 3811
3 3811 3850 3851
3 3811 3851 3812
3 3812 3851 3852
3 3812 3852 3813
3 3813 3852 3853
3 3813 3853 3814
3 3814 3853 3854
3 3814 3854 3815
3 3815 3854 3855
3 3815 3855 3816
3 3816 3855 3856
3 3816 3856 3817
3 3817 3856 3857
3 3817 3857 3818
3 3818 3857 3858
3 3818 3858 3819
3 3819 3858 3859
3 3819 3859 3820
3 3820 3859 3860
3 3820 3860 3821
3 3821 3860 3861
3 3821 3861 3822
3 3822 3861 3862
3 3822 3862 3823
3 3823 3862 3863
3 3823 3863 3824
3 3824 3863 3864
3 3824 3864 3825
3 3825 3864 3865
3 3825 3865 3826
3 3826 3865 3866
3 3826 3866 3827
3 3827 3866 3867
3 3827 3867 3828
3 3828 3867 3868
3 3828 3868 3829
3 3829 3868 3869
3 3829 3869 3830
3 3830 3869 3870
3 3830 3870 3831
3 3831 3870 3871
3 3831 3871 3832
3 3832 3871 3872
3 3832 3872 3833
3 3833 3872 3873
3 3833 3873 3834
3 3834 3873 3874
3 3834 3874 3835
3 3835 3874 3875
3 3835 3875 3836
3 3836 3875 3876
3 3836 3876 3837
3 3837 3876 3877
3 3837 3877 3838
3 3838 3877 3878
3 3838 3878 3839
3 3839 3878 3879
3 3840 3880 3841
3 3841 3880 3881
3 3841 3881 3842
3 3842 3881 3882
3 3842 3882 3843
3 3843 3882 3883
3 3843 3883 3844
3 3844 3883 3884
3 3844 3884 3845
3 3845 3884 3885
3 3845 3885 3846
3 3846 3885 3886
3 3846 3886 3847
3 3847 3886 3887
3 3847 3887 3848
3 3848 3887 3888
3 3848 3888 3849
3 3849 3888 3889
3 3849 3889 3850
3 3850 3889 3890
3 3850 3890 3851
3 3851 3890 3891
3 3851 3891 3852
3 3852 3891 3892
3 3852 3892 3853
3 3853 3892 3893
3 3853 3893 3854
3 3854 3893 3894
3 3854 3894 3855
3 3855 3894 3895
3 3855 3895 3856
3 3856 3895 3896
3 3856 3896 3857
3 3857 3896 3897
3 3857 3897 3858
3 3858 3897 3898
3 3858 3898 3859
3 3859 3898 3899
3 3859 3899 3860
3 3860 3899 3900
3 3860 3900 3861
3 3861 3900 3901
3 3861 3901 3862
3 3862 3901 3902
3 3862 3902 3863
3 3863 3902 3903
3 3863 3903 3864
3 3864 3903 3904
3 3864 3904 3865
3 3865 3904 3905
3 3865 3905 3866
3 3866 3905 3906
3 3866 3906 3867
3 3867 3906 3907
3 3867 3907 3868
3 3868 3907 3908
3 3868 3908 3869
3 3869 3908 3909
3 3869 3909 3870
3 3870 3909 3910
3 3870 3910 3871
3 3871 3910 3911
3 3871 3911 3872
3 3872 3911 3912
3 3872 3912 3873
3 3873 3912 3913
3 3873 3913 3874
3 3874 3913 3914
3 3874 3914 3875
3 3875 3914 3915
3 3875 3915 3876
3 3876 3915 3916
3 3876 3916 3877
3 3877 3916 3917
3 3877 3917 3878
3 3878 3917 3918
3 3878 3918 3879
3 3879 3918 3919
3 3880 3920 3881
3 3881 3920 3921
3 3881 3921 3882
3 3882 3921 3922
3 3882 3922 3883
3 3883 3922 3923
3 3883 3923 3884
3 3884 3923 3924
3 3884 3924 3885
3 3885 3924 3925
3 3885 3925 3886
3 3886 3925 3926
3 3886 3926 3887
3 3887 3926 3927
3 3887 3927 3888
3 3888 3927 3928
3 3888 3928 3889
3 3889 3928 3929
3 3889 3929 3890
3 3890 3929 3930
3 3890 3930 3891
3 3891 3930 3931
3 3891 3931 3892
3 3892 3931 3932
3 3892 3932 3893
3 3893 3932 3933
3 3893 3933 3894
3 3894 3933 3934
3 3894 3934 3895
3 3895 3934 3935
3 3895 3935 3896
3 3896 3935 3936
3 3896 3936 3897
3 3897 3936 3937
3 3897 3937 3898
3 3898 3937 3938
3 3898 3938 3899
3 3899 3938 3939
3 3899 3939 3900
3 3900 3939 3940
3 3900 3940 3901
3 3901 3940 3941
3 3901 3941 3902
3 3902 3941 3942
3 3902 3942 3903
3 3903 3942 3943
3 3903 3943 3904
3 3904 3943 3944
3 3904 3944 3905
3 3905 3944 3945
3 3905 3945 3906
3 3906 3945 3946
3 3906 3946 3907
3 3907 3946 3947
3 3907 3947 3908
3 3908 3947 3948
3 3908 3948 3909
3 3909 3948 3949
3 3909 3949 3910
3 3910 3949 3950
3 3910 3950 3911
3 3911 3950 3951
3 3911 3951 3912
3 3912 3951 3952
3 3912 3952 3913
3 3913 3952 3953
3 3913 3953 3914
3 3914 3953 3954
3 3914 3954 3915
3 3915 3954 3955
3 3915 3955 3916
3 3916 3955 3956
3 3916 3956 3917
3 3917 3956 3957
3 3917 3957 3918
3 3918 3957 3958
3 3918 3958 3919
3 3919 3958 3959
3 3920 3960 3921
3 3921 3960 3961
3 3921 3961 3922
3 3922 3961 3962
3 3922 3962 3923
3 3923 3962 3963
3 3923 3963 3924
3 3924 3963 3964
3 3924 3964 3925
3 3925 3964 3965
3 3925 3965 3926
3 3926 3965 3966
3 3926 3966 3927
3 3927 3966 3967
3 3927 3967 3928
3 3928 3967 3968
3 3928 3968 3929
3 3929 3968 3969
3 3929 3969 3930
3 3930 3969 3970
3 3930 3970 3931
3 3931 3970 3971
3 3931 3971 3932
3 3932 3971 3972
3 3932 3972 3933
3 3933 3972 3973
3 3933 3973 3934
3 3934 3973 3974
3 3934 3974 3935
3 3935 3974 3975
3 3935 3975 3936
3 3936 3975 3976
3 3936 3976 3937
3 3937 3976 3977
3 3937 3977 3938
3 3938 3977 3978
3 3938 3978 3939
3 3939 3978 3979
3 3939 3979 3940
3 3940 3979 3980
3 3940 3980 3941
3 3941 3980 3981
3 3941 3981 3942
3 3942 3981 3982
3 3942 3982 3943
3 3943 3982 3983
3 3943 3983 3944
3 3944 3983 3984
3 3944 3984 3945
3 3945 3984 3985
3 3945 3985 3946
3 3946 3985 3986
3 3946 3986 3947
3 3947 3986 3987
3 3947 3987 3948
3 3948 3987 3988
3 3948 3988 3949
3 3949 3988 3989
3 3949 3989 3950
3 3950 3989 3990
3 3950 3990 3951
3 3951 3990 3991
3 3951 3991 3952
3 3952 3991 3992
3 3952 3992 3953
3 3953 3992 3993
3 3953 3993 3954
3 3954 3993 3994
3 3954 3994 3955
3 3955 3994 3995
3 3955 3995 3956
3 3956 3995 3996
3 3956 3996 3957
3 3957 3996 3997
3 3957 3997 3958
3 3958 3997 3998
3 3958 3998 3959
3 3959 3998 3999
3 3960 4000 3961
3 3961 4000 4001
3 3961 4001 3962
3 3962 4001 4002
3 3962 4002 3963
3 3963 4002 4003
3 3963 4003 3964
3 3964 4003 4004
3 3964 4004 3965
3 3965 4004 4005
3 3965 4005 3966
3 3966 4005 4006
3 3966 4006 3967
3 3967 4006 4007
3 3967 4007 3968
3 3968 4007 4008
3 3968 4008 3969
3 3969 4008 4009
3 3969 4009 3970
3 3970 4009 4010
3 3970 4010 3971
3 3971 4010 4011
3 3971 4011 3972
3 3972 4011 4012
3 3972 4012 3973
3 3973 4012 4013
3 3973 4013 3974
3 3974 4013 4014
3 3974 4014 3975
3 3975 4014 4015
3 3975 4015 3976
3 3976 4015 4016
3 3976 4016 3977
3 3977 4016 4017
3 3977 4017 3978
3 3978 4017 4018
3 3978 4018 3979
3 3979 4018 4019
3 3979 4019 3980
3 3980 4019 4020
3 3980 4020 3981
3 3981 4020 4021
3 3981 4021 3982
3 3982 4021 4022
3 3982 4022 3983
3 3983 4022 4023
3 3983 4023 3984
3 3984 4023 4024
3 3984 4024 3985
3 3985 4024 4025
3 3985 4025 3986
3 3986 4025 4026
3 3986 4026 3987
3 3987 4026 4027
3 3987 4027 3988
3 3988 4027 4028
3 3988 4028 3989
3 3989 4028 4029
3 3989 4029 3990
3 3990 4029 4030
3 3990 4030 3991
3 3991 4030 4031
3 3991 4031 3992
3 3992 4031 4032
3 3992 4032 3993
3 3993 4032 4033
3 3993 4033 3994
3 3994 4033 4034
3 3994 4034 3995
3 3995 4034 4035
3 3995 4035 3996
3 3996 4035 4036
3 3996 4036 3997
3 3997 4036 4037
3 3997 4037 3998
3 3998 4037 4038
3 3998 4038 3999
3 3999 4038 4039
3 4000 4040 4001
3 4001 4040 4041
3 4001 4041 4002
3 4002 4041 4042
3 4002 4042 4003
3 4003 4042 4043
3 4003 4043 4004
3 4004 4043 4044
3 4004 4044 4005
3 4005 4044 4045
3 4005 4045 4006
3 4006 4045 4046
3 4006 4046 4007
3 4007 4046 4047
3 4007 4047 4008
3 4008 4047 4048
3 4008 4048 4009
3 4009 4048 4049
3 4009 4049 4010
3 4010 4049 4050
3 4010 4050 4011
3 4011 4050 4051
3 4011 4051 4012
3 4012 4051 4052
3 4012 4052 4013
3 4013 4052 4053
3 4013 4053 4014
3 4014 4053 4054
3 4014 4054 4015
3 4015 4054 4055
3 4015 4055 4016
3 4016 4055 4056
3 4016 4056 4017
3 4017 4056 4057
3 4017 4057 4018
3 4018 4057 4058
3 4018 4058 4019
3 4019 4058 4059
3 4019 4059 4020
3 4020 4059 4060
3 4020 4060 4021
3 4021 4060 4061
3 4021 4061 4022
3 4022 4061 4062
3 4022 4062 4023
3 4023 4062 4063
3 4023 4063 4024
3 4024 4063 4064
3 4024 4064 4025
3 4025 4064 4065
3 4025 4065 4026
3 4026 4065 4066
3 4026 4066 4027
3 4027 4066 4067
3 4027 4067 4028
3 4028 4067 4068
3 4028 4068 4029
3 4029 4068 4069
3 4029 4069 4030
3 4030 4069 4070
3 4030 4070 4031
3 4031 4070 4071
3 4031 4071 4032
3 4032 4071 4072
3 4032 4072 4033
3 4033 4072 4073
3 4033 4073 4034
3 4034 4073 4074
3 4034 4074 4035
3 4035 4074 4075
3 4035 4075 4036
3 4036 4075 4076
3 4036 4076 4037
3 4037 4076 4077
3 4037 4077 4038
3 4038 4077 4078
3 4038 4078 4039
3 4039 4078 4079
3 4040 4080 4041
3 4041 4080 4081
3 4041 4081 4042
3 4042 4081 4082
3 4042 4082 4043
3 4043 4082 4083
3 4043 4083 4044
3 4044 4083 4084
3 4044 4084 4045
3 4045 4084 4085
3 4045 4085 4046
3 4046 4085 4086
3 4046 4086 4047
3 4047 4086 4087
3 4047 4087 4048
3 4048 4087 4088
3 4048 4088 4049
3 4049 4088 4089
3 4049 4089 4050
3 4050 4089 4090
3 4050 4090 4051
3 4051 4090 4091
3 4051 4091 4052
3 4052 4091 4092
3 4052 4092 4053
3 4053 4092 4093
3 4053 4093 4054
3 4054 4093 4094
3 4054 4094 4055
3 4055 4094 4095
3 4055 4095 4056
3 4056 4095 4096
3 4056 4096 4057
3 4057 4096 4097
3 4057 4097 4058
3 4058 4097 4098
3 4058 4098 4059
3 4059 4098 4099
3 4059 4099 4060
3 4060 4099 4100
3 4060 4100 4061
3 4061 4100 4101
3 4061 4101 4062
3 4062 4101 4102
3 4062 4102 4063
3 4063 4102 4103
3 4063 4103 4064
3 4064 4103 4104
3 4064 4104 4065
3 4065 4104 4105
3 4065 4105 4066
3 4066 4105 4106
3 4066 4106 4067
3 4067 4106 4107
3 4067 4107 4068
3 4068 4107 4108
3 4068 4108 4069
3 4069 4108 4109
3 4069 4109 4070
3 4070 4109 4110
3 4070 4110 4071
3 4071 4110 4111
3 4071 4111 4072
3 4072 4111 4112
3 4072 4112 4073
3 4073 4112 4113
3 4073 4113 4074
3 4074 4113 4114
3 4074 4114 4075
3 4075 4114 4115
3 4075 4115 4076
3 4076 4115 4116
3 4076 4116 4077
3 4077 4116 4117
3 4077 4117 4078
3 4078 4117 4118
3 4078 4118 4079
3 4079 4118 4119
3 4080 4120 4081
3 4081 4120 4121
3 4081 4121 4082
3 4082 4121 4122
3 4082 4122 4083
3 4083 4122 4123
3 4083 4123 4084
3 4084 4123 4124
3 4084 4124 4085
3 4085 4124 4125
3 4085 4125 4086
3 4086 4125 4126
3 4086 4126 4087
3 4087 4126 4127
3 4087 4127 4088
3 4088 4127 4128
3 4088 4128 4089
3 4089 4128 4129
3 4089 4129 4090
3 4090 4129 4130
3 4090 4130 4091
3 4091 4130 4131
3 4091 4131 4092
3 4092 4131 4132
3 4092 4132 4093
3 4093 4132 4133
3 4093 4133 4094
3 4094 4133 4134
3 4094 4134 4095
3 4095 4134 4135
3 4095 4135 4096
3 4096 4135 4136
3 4096 4136 4097
3 4097 4136 4137
3 4097 4137 4098
3 4098 4137 4138
3 4098 4138 4099
3 4099 4138 4139
3 4099 4139 4100
3 4100 4139 4140
3 4100 4140 4101
3 4101 4140 4141
3 4101 4141 4102
3 4102 4141 4142
3 4102 4142 4103
3 4103 4142 4143
3 4103 4143 4104
3 4104 4143 4144
3 4104 4144 4105
3 4105 4144 4145
3 4105 4145 4106
3 4106 4145 4146
3 4106 4146 4107
3 4107 4146 4147
3 4107 4147 4108
3 4108 4147 4148
3 4108 4148 4109
3 4109 4148 4149
3 4109 4149 4110
3 4110 4149 4150
3 4110 4150 4111
3 4111 4150 4151
3 4111 4151 4112
3 4112 4151 4152
3 4112 4152 4113
3 4113 4152 4153
3 4113 4153 4114
3 4114 4153 4154
3 4114 4154 4115
3 4115 4154 4155
3 4115 4155 4116
3 4116 4155 4156
3 4116 4156 4117
3 4117 4156 4157
3 4117 4157 4118
3 4118 4157 4158
3 4118 4158 4119
3 4119 4158 4159
3 4120 4160 4121
3 4121 4160 4161
3 4121 4161 4122
3 4122 4161 4162
3 4122 4162 4123
3 4123 4162 4163
3 4123 4163 4124
3 4124 4163 4164
3 4124 4164 4125
3 4125 4164 4165
3 4125 4165 4126
3 4126 4165 4166
3 4126 4166 4127
3 4127 4166 4167
3 4127 4167 4128
3 4128 4167 4168
3 4128 4168 4129
3 4129 4168 4169
3 4129 4169 4130
3 4130 4169 4170
3 4130 4170 4131
3 4131 4170 4171
3 4131 4171 4132
3 4132 4171 4172
3 4132 4172 4133
3 4133 4172 4173
3 4133 4173 4134
3 4134 4173 4174
3 4134 4174 4135
3 4135 4174 4175
3 4135 4175 4136
3 4136 4175 4176
3 4136 4176 4137
3 4137 4176 4177
3 4137 4177 4138
3 4138 4177 4178
3 4138 4178 4139
3 4139 4178 4179
3 4139 4179 4140
3 4140 4179 4180
3 4140 4180 4141
3 4141 4180 4181
3 4141 4181 4142
3 4142 4181 4182
3 4142 4182 4143
3 4143 4182 4183
3 4143 4183 4144
3 4144 4183 4184
3 4144 4184 4145
3 4145 4184 4185
3 4145 4185 4146
3 4146 4185 4186
3 4146 4186 4147
3 4147 4186 4187
3 4147 4187 4148
3 4148 4187 4188
3 4148 4188 4149
3 4149 4188 4189
3 4149 4189 4150
3 4150 4189 4190
3 4150 4190 4151
3 4151 4190 4191
3 4151 4191 4152
3 4152 4191 4192
3 4152 4192 4153
3 4153 4192 4193
3 4153 4193 4154
3 4154 4193 4194
3 4154 4194 4155
3 4155 4194 4195
3 4155 4195 4156
3 4156 4195 4196
3 4156 4196 4157
3 4157 4196 4197
3 4157 4197 4158
3 4158 4197 4198
3 4158 4198 4159
3 4159 4198 4199
3 4160 4200 4161
3 4161 4200 4201
3 4161 4201 4162
3 4162 4201 4202
3 4162 4202 4163
3 4163 4202 4203
3 4163 4203 4164
3 4164 4203 4204
3 4164 4204 4165
3 4165 4204 4205
3 4165 4205 4166
3 4166 4205 4206
3 4166 4206 4167
3 4167 4206 4207
3 4167 4207 4168
3 4168 4207 4208
3 4168 4208 4169
3 4169 4208 4209
3 4169 4209 4170
3 4170 4209 4210
3 4170 4210 4171
3 4171 4210 4211
3 4171 4211 4172
3 4172 4211 4212
3 4172 4212 4173
3 4173 4212 4213
3 4173 4213 4174
3 4174 4213 4214
3 4174 4214 4175
3 4175 4214 4215
3 4175 4215 4176
3 4176 4215 4216
3 4176 4216 4177
3 4177 4216 4217
3 4177 4217 4178
3 4178 4217 4218
3 4178 4218 4179
3 4179 4218 4219
3 4179 4219 4180
3 4180 4219 4220
3 4180 4220 4181
3 4181 4220 4221
3 4181 4221 4182
3 4182 4221 4222
3 4182 4222 4183
3 4183 4222 4223
3 4183 4223 4184
3 4184 4223 4224
3 4184 4224 4185
3 4185 4224 4225
3 4185 4225 4186
3 4186 4225 4226
3 4186 4226 4187
3 4187 4226 4227
3 4187 4227 4188
3 4188 4227 4228
3 4188 4228 4189
3 4189 4228 4229
3 4189 4229 4190
3 4190 4229 4230
3 4190 4230 4191
3 4191 4230 4231
3 4191 4231 4192
3 4192 4231 4232
3 4192 4232 4193
3 4193 4232 4233
3 4193 4233 4194
3 4194 4233 4234
3 4194 4234 4195
3 4195 4234 4235
3 4195 4235 4196
3 4196 4235 4236
3 4196 4236 4197
3 4197 4236 4237
3 4197 4237 4198
3 4198 4237 4238
3 4198 4238 4199
3 4199 4238 4239
3 4200 4240 4201
3 4201 4240 4241
3 4201 4241 4202
3 4202 4241 4242
3 4202 4242 4203
3 4203 4242 4243
3 4203 4243 4204
3 4204 4243 4244
3 4204 4244 4205
3 4205 4244 4245
3 4205 4245 4206
3 4206 4245 4246
3 4206 4246 4207
3 4207 4246 4247
3 4207 4247 4208
3 4208 4247 4248
3 4208 4248 4209
3 4209 4248 4249
3 4209 4249 4210
3 4210 4249 4250
3 4210 4250 4211
3 4211 4250 4251
3 4211 4251 4212
3 4212 4251 4252
3 4212 4252 4213
3 4213 4252 4253
3 4213 4253 4214
3 4214 4253 4254
3 4214 4254 4215
3 4215 4254 4255
3 4215 4255 4216
3 4216 4255 4256
3 4216 4256 4217
3 4217 4256 4257
3 4217 4257 4218
3 4218 4257 4258
3 4218 4258 4219
3 4219 4258 4259
3 4219 4259 4220
3 4220 4259 4260
3 4220 4260 4221
3 4221 4260 4261
3 4221 4261 4222
3 4222 4261 4262
3 4222 4262 4223
3 4223 4262 4263
3 4223 4263 4224
3 4224 4263 4264
3 4224 4264 4225
3 4225 4264 4265
3 4225 4265 4226
3 4226 4265 4266
3 4226 4266 4227
3 4227 4266 4267
3 4227 4267 4228
3 4228 4267 4268
3 4228 4268 4229
3 4229 4268 4269
3 4229 4269 4230
3 4230 4269 4270
3 4230 4270 4231
3 4231 4270 4271
3 4231 4271 4232
3 4232 4271 4272
3 4232 4272 4233
3 4233 4272 4273
3 4233 4273 4234
3 4234 4273 4274
3 4234 4274 4235
3 4235 4274 4275
3 4235 4275 4236
3 4236 4275 4276
3 4236 4276 4237
3 4237 4276 4277
3 4237 4277 4238
3 4238 4277 4278
3 4238 4278 4239
3 4239 4278 4279
3 4240 4280 4241
3 4241 4280 4281
3 4241 4281 4242
3 4242 4281 4282
3 4242 4282 4243
3 4243 4282 4283
3 4243 4283 4244
3 4244 4283 4284
3 4244 4284 4245
3 4245 4284 4285
3 4245 4285 4246
3 4246 4285 4286
3 4246 4286 4247
3 4247 4286 4287
3 4247 4287 4248
3 4248 4287 4288
3 4248 4288 4249
3 4249 4288 4289
3 4249 4289 4250
3 4250 4289 4290
3 4250 4290 4251
3 4251 4290 4291
3 4251 4291 4252
3 4252 4291 4292
3 4252 4292 4253
3 4253 4292 4293
3 4253 4293 4254
3 4254 4293 4294
3 4254 4294 4255
3 4255 4294 4295
3 4255 4295 4256
3 4256 4295 4296
3 4256 4296 4257
3 4257 4296 4297
3 4257 4297 4258
3 4258 4297 4298
3 4258 4298 4259
3 4259 4298 4299
3 4259 4299 4260
3 4260 4299 4300
3 4260 4300 4261
3 4261 4300 4301
3 4261 4301 4262
3 4262 4301 4302
3 4262 4302 4263
3 4263 4302 4303
3 4263 4303 4264
3 4264 4303 4304
3 4264 4304 4265
3 4265 4304 4305
3 4265 4305 4266
3 4266 4305 4306
3 4266 4306 4267
3 4267 4306 4307
3 4267 4307 4268
3 4268 4307 4308
3 4268 4308 4269
3 4269 4308 4309
3 4269 4309 4270
3 4270 4309 4310
3 4270 4310 4271
3 4271 4310 4311
3 4271 4311 4272
3 4272 4311 4312
3 4272 4312 4273
3 4273 4312 4313
3 4273 4313 4274
3 4274 4313 4314
3 4274 4314 4275
3 4275 4314 4315
3 4275 4315 4276
3 4276 4315 4316
3 4276 4316 4277
3 4277 4316 4317
3 4277 4317 4278
3 4278 4317 4318
3 4278 4318 4279
3 4279 4318 4319
3 4280 4320 4281
3 4281 4320 4321
3 4281 4321 4282
3 4282 4321 4322
3 4282 4322 4283
3 4283 4322 4323
3 4283 4323 4284
3 4284 4323 4324
3 4284 4324 4285
3 4285 4324 4325
3 4285 4325 4286
3 4286 4325 4326
3 4286 4326 4287
3 4287 4326 4327
3 4287 4327 4288
3 4288 4327 4328
3 4288 4328 4289
3 4289 4328 4329
3 4289 4329 4290
3 4290 4329 4330
3 4290 4330 4291
3 4291 4330 4331
3 4291 4331 4292
3 4292 4331 4332
3 4292 4332 4293
3 4293 4332 4333
3 4293 4333 4294
3 4294 4333 4334
3 4294 4334 4295
3 4295 4334 4335
3 4295 4335 4296
3 4296 4335 4336
3 4296 4336 4297
3 4297 4336 4337
3 4297 4337 4298
3 4298 4337 4338
3 4298 4338 4299
3 4299 4338 4339
3 4299 4339 4300
3 4300 4339 4340
3 4300 4340 4301
3 4301 4340 4341
3 4301 4341 4302
3 4302 4341 4342
3 4302 4342 4303
3 4303 4342 4343
3 4303 4343 4304
3 4304 4343 4344
3 4304 4344 4305
3 4305 4344 4345
3 4305 4345 4306
3 4306 4345 4346
3 4306 4346 4307
3 4307 4346 4347
3 4307 4347 4308
3 4308 4347 4348
3 4308 4348 4309
3 4309 4348 4349
3 4309 4349 4310
3 4310 4349 4350
3 4310 4350 4311
3 4311 4350 4351
3 4311 4351 4312
3 4312 4351 4352
3 4312 4352 4313
3 4313 4352 4353
3 4313 4353 4314
3 4314 4353 4354
3 4314 4354 4315
3 4315 4354 4355
3 4315 4355 4316
3 4316 4355 4356
3 4316 4356 4317
3 4317 4356 4357
3 4317 4357 4318
3 4318 4357 4358
3 4318 4358 4319
3 4319 4358 4359
3 4320 4360 4321
3 4321 4360 4361
3 4321 4361 4322
3 4322 4361 4362
3 4322 4362 4323
3 4323 4362 4363
3 4323 4363 4324
3 4324 4363 4364
3 4324 4364 4325
3 4325 4364 4365
3 4325 4365 4326
3 4326 4365 4366
3 4326 4366 4327
3 4327 4366 4367
3 4327 4367 4328
3 4328 4367 4368
3 4328 4368 4329
3 4329 4368 4369
3 4329 4369 4330
3 4330 4369 4370
3 4330 4370 4331
3 4331 4370 4371
3 4331 4371 4332
3 4332 4371 4372
3 4332 4372 4333
3 4333 4372 4373
3 4333 4373 4334
3 4334 4373 4374
3 4334 4374 4335
3 4335 4374 4375
3 4335 4375 4336
3 4336 4375 4376
3 4336 4376 4337
3 4337 4376 4377
3 4337 4377 4338
3 4338 4377 4378
3 4338 4378 4339
3 4339 4378 4379
3 4339 4379 4340
3 4340 4379 4380
3 4340 4380 4341
3 4341 4380 4381
3 4341 4381 4342
3 4342 4381 4382
3 4342 4382 4343
3 4343 4382 4383
3 4343 4383 4344
3 4344 4383 4384
3 4344 4384 4345
3 4345 4384 4385
3 4345 4385 4346
3 4346 4385 4386
3 4346 4386 4347
3 4347 4386 4387
3 4347 4387 4348
3 4348 4387 4388
3 4348 4388 4349
3 4349 4388 4389
3 4349 4389 4350
3 4350 4389 4390
3 4350 4390 4351
3 4351 4390 4391
3 4351 4391 4352
3 4352 4391 4392
3 4352 4392 4353
3 4353 4392 4393
3 4353 4393 4354
3 4354 4393 4394
3 4354 4394 4355
3 4355 4394 4395
3 4355 4395 4356
3 4356 4395 4396
3 4356 4396 4357
3 4357 4396 4397
3 4357 4397 4358
3 4358 4397 4398
3 4358 4398 4359
3 4359 4398 4399
3 4360 4400 4361
3 4361 4400 4401
3 4361 4401 4362
3 4362 4401 4402
3 4362 4402 4363
3 4363 4402 4403
3 4363 4403 4364
3 4364 4403 4404
3 4364 4404 4365
3 4365 4404 4405
3 4365 4405 4366
3 4366 4405 4406
3 4366 4406 4367
3 4367 4406 4407
3 4367 4407 4368
3 4368 4407 4408
3 4368 4408 4369
3 4369 4408 4409
3 4369 4409 4370
3 4370 4409 4410
3 4370 4410 4371
3 4371 4410 4411
3 4371 4411 4372
3 4372 4411 4412
3 4372 4412 4373
3 4373 4412 4413
3 4373 4413 4374
3 4374 4413 4414
3 4374 4414 4375
3 4375 4414 4415
3 4375 4415 4376
3 4376 4415 4416
3 4376 4416 4377
3 4377 4416 4417
3 4377 4417 4378
3 4378 4417 4418
3 4378 4418 4379
3 4379 4418 4419
3 4379 4419 4380
3 4380 4419 4420
3 4380 4420 4381
3 4381 4420 4421
3 4381 4421 4382
3 4382 4421 4422
3 4382 4422 4383
3 4383 4422 4423
3 4383 4423 4384
3 4384 4423 4424
3 4384 4424 4385
3 4385 4424 4425
3 4385 4425 4386
3 4386 4425 4426
3 4386 4426 4387
3 4387 4426 4427
3 4387 4427 4388
3 4388 4427 4428
3 4388 4428 4389
3 4389 4428 4429
3 4389 4429 4390
3 4390 4429 4430
3 4390 4430 4391
3 4391 4430 4431
3 4391 4431 4392
3 4392 4431 4432
3 4392 4432 4393
3 4393 4432 4433
3 4393 4433 4394
3 4394 4433 4434
3 4394 4434 4395
3 4395 4434 4435
3 4395 4435 4396
3 4396 4435 4436
3 4396 4436 4397
3 4397 4436 4437
3 4397 4437 4398
3 4398 4437 4438
3 4398 4438 4399
3 4399 4438 4439
3 4400 4440 4401
3 4401 4440 4441
3 4401 4441 4402
3 4402 4441 4442
3 4402 4442 4403
3 4403 4442 4443
3 4403 4443 4404
3 4404 4443 4444
3 4404 4444 4405
3 4405 4444 4445
3 4405 4445 4406
3 4406 4445 4446
3 4406 4446 4407
3 4407 4446 4447
3 4407 4447 4408
3 4408 4447 4448
3 4408 4448 4409
3 4409 4448 4449
3 4409 4449 4410
3 4410 4449 4450
3 4410 4450 4411
3 4411 4450 4451
3 4411 4451 4412
3 4412 4451 4452
3 4412 4452 4413
3 4413 4452 4453
3 4413 4453 4414
3 4414 4453 4454
3 4414 4454 4415
3 4415 4454 4455
3 4415 4455 4416
3 4416 4455 4456
3 4416 4456 4417
3 4417 4456 4457
3 4417 4457 4418
3 4418 4457 4458
3 4418 4458 4419
3 4419 4458 4459
3 4419 4459 4420
3 4420 4459 4460
3 4420 4460 4421
3 4421 4460 4461
3 4421 4461 4422
3 4422 4461 4462
3 4422 4462 4423
3 4423 4462 4463
3 4423 4463 4424
3 4424 4463 4464
3 4424 4464 4425
3 4425 4464 4465
3 4425 4465 4426
3 4426 4465 4466
3 4426 4466 4427
3 4427 4466 4467
3 4427 4467 4428
3 4428 4467 4468
3 4428 4468 4429
3 4429 4468 4469
3 4429 4469 4430
3 4430 4469 4470
3 4430 4470 4431
3 4431 4470 4471
3 4431 4471 4432
3 4432 4471 4472
3 4432 4472 4433
3 4433 4472 4473
3 4433 4473 4434
3 4434 4473 4474
3 4434 4474 4435
3 4435 4474 4475
3 4435 4475 4436
3 4436 4475 4476
3 4436 4476 4437
3 4437 4476 4477
3 4437 4477 4438
3 4438 4477 4478
3 4438 4478 4439
3 4439 4478 4479
3 4440 4480 4441
3 4441 4480 4481
3 4441 4481 4442
3 4442 4481 4482
3 4442 4482 4443
3 4443 4482 4483
3 4443 4483 4444
3 4444 4483 4484
3 4444 4484 4445
3 4445 4484 4485
3 4445 4485 4446
3 4446 4485 4486
3 4446 4486 4447
3 4447 4486 4487
3 4447 4487 4448
3 4448 4487 4488
3 4448 4488 4449
3 4449 4488 4489
3 4449 4489 4450
3 4450 4489 4490
3 4450 4490 4451
3 4451 4490 4491
3 4451 4491 4452
3 4452 4491 4492
3 4452 4492 4453
3 4453 4492 4493
3 4453 4493 4454
3 4454 4493 4494
3 4454 4494 4455
3 4455 4494 4495
3 4455 4495 4456
3 4456 4495 4496
3 4456 4496 4457
3 4457 4496 4497
3 4457 4497 4458
3 4458 4497 4498
3 4458 4498 4459
3 4459 4498 4499
3 4459 4499 4460
3 4460 4499 4500
3 4460 4500 4461
3 4461 4500 4501
3 4461 4501 4462
3 4462 4501 4502
3 4462 4502 4463
3 4463 4502 4503
3 4463 4503 4464
3 4464 4503 4504
3 4464 4504 4465
3 4465 4504 4505
3 4465 4505 4466
3 4466 4505 4506
3 4466 4506 4467
3 4467 4506 4507
3 4467 4507 4468
3 4468 4507 4508
3 4468 4508 4469
3 4469 4508 4509
3 4469 4509 4470
3 4470 4509 4510
3 4470 4510 4471
3 4471 4510 4511
3 4471 4511 4472
3 4472 4511 4512
3 4472 4512 4473
3 4473 4512 4513
3 4473 4513 4474
3 4474 4513 4514
3 4474 4514 4475
3 4475 4514 4515
3 4475 4515 4476
3 4476 4515 4516
3 4476 4516 4477
3 4477 4516 4517
3 4477 4517 4478
3 4478 4517 4518
3 4478 4518 4479
3 4479 4518 4519
3 4480 4520 4481
3 4481 4520 4521
3 4481 4521 4482
3 4482 4521 4522
3 4482 4522 4483
3 4483 4522 4523
3 4483 4523 4484
3 4484 4523 4524
3 4484 4524 4485
3 4485 4524 4525
3 4485 4525 4486
3 4486 4525 4526
3 4486 4526 4487
3 4487 4526 4527
3 4487 4527 4488
3 4488 4527 4528
3 4488 4528 4489
3 4489 4528 4529
3 4489 4529 4490
3 4490 4529 4530
3 4490 4530 4491
3 4491 4530 4531
3 4491 4531 4492
3 4492 4531 4532
3 4492 4532 4493
3 4493 4532 4533
3 4493 4533 4494
3 4494 4533 4534
3 4494 4534 4495
3 4495 4534 4535
3 4495 4535 4496
3 4496 4535 4536
3 4496 4536 4497
3 4497 4536 4537
3 4497 4537 4498
3 4498 4537 4538
3 4498 4538 4499
3 4499 4538 4539
3 4499 4539 4500
3 4500 4539 4540
3 4500 4540 4501
3 4501 4540 4541
3 4501 4541 4502
3 4502 4541 4542
3 4502 4542 4503
3 4503 4542 4543
3 4503 4543 4504
3 4504 4543 4544
3 4504 4544 4505
3 4505 4544 4545
3 4505 4545 4506
3 4506 4545 4546
3 4506 4546 4507
3 4507 4546 4547
3 4507 4547 4508
3 4508 4547 4548
3 4508 4548 4509
3 4509 4548 4549
3 4509 4549 4510
3 4510 4549 4550
3 4510 4550 4511
3 4511 4550 4551
3 4511 4551 4512
3 4512 4551 4552
3 4512 4552 4513
3 4513 4552 4553
3 4513 4553 4514
3 4514 4553 4554
3 4514 4554 4515
3 4515 4554 4555
3 4515 4555 4516
3 4516 4555 4556
3 4516 4556 4517
3 4517 4556 4557
3 4517 4557 4518
3 4518 4557 4558
3 4518 4558 4519
3 4519 4558 4559
3 4520 4560 4521
3 4521 4560 4561
3 4521 4561 4522
3 4522 4561 4562
3 4522 4562 4523
3 4523 4562 4563
3 4523 4563 4524
3 4524 4563 4564
3 4524 4564 4525
3 4525 4564 4565
3 4525 4565 4526
3 4526 4565 4566
3 4526 4566 4527
3 4527 4566 4567
3 4527 4567 4528
3 4528 4567 4568
3 4528 4568 4529
3 4529 4568 4569
3 4529 4569 4530
3 4530 4569 4570
3 4530 4570 4531
3 4531 4570 4571
3 4531 4571 4532
3 4532 4571 4572
3 4532 4572 4533
3 4533 4572 4573
3 4533 4573 4534
3 4534 4573 4574
3 4534 4574 4535
3 4535 4574 4575
3 4535 4575 4536
3 4536 4575 4576
3 4536 4576 4537
3 4537 4576 4577
3 4537 4577 4538
3 4538 4577 4578
3 4538 4578 4539
3 4539 4578 4579
3 4539 4579 4540
3 4540 4579 4580
3 4540 4580 4541
3 4541 4580 4581
3 4541 4581 4542
3 4542 4581 4582
3 4542 4582 4543
3 4543 4582 4583
3 4543 4583 4544
3 4544 4583 4584
3 4544 4584 4545
3 4545 4584 4585
3 4545 4585 4546
3 4546 4585 4586
3 4546 4586 4547
3 4547 4586 4587
3 4547 4587 4548
3 4548 4587 4588
3 4548 4588 4549
3 4549 4588 4589
3 4549 4589 4550
3 4550 4589 4590
3 4550 4590 4551
3 4551 4590 4591
3 4551 4591 4552
3 4552 4591 4592
3 4552 4592 4553
3 4553 4592 4593
3 4553 4593 4554
3 4554 4593 4594
3 4554 4594 4555
3 4555 4594 4595
3 4555 4595 4556
3 4556 4595 4596
3 4556 4596 4557
3 4557 4596 4597
3 4557 4597 4558
3 4558 4597 4598
3 4558 4598 4559
3 4559 4598 4599
3 4560 4600 4561
3 4561 4600 4601
3 4561 4601 4562
3 4562 4601 4602
3 4562 4602 4563
3 4563 4602 4603
3 4563 4603 4564
3 4564 4603 4604
3 4564 4604 4565
3 4565 4604 4605
3 4565 4605 4566
3 4566 4605 4606
3 4566 4606 4567
3 4567 4606 4607
3 4567 4607 4568
3 4568 4607 4608
3 4568 4608 4569
3 4569 4608 4609
3 4569 4609 4570
3 4570 4609 4610
3 4570 4610 4571
3 4571 4610 4611
3 4571 4611 4572
3 4572 4611 4612
3 4572 4612 4573
3 4573 4612 4613
3 4573 4613 4574
3 4574 4613 4614
3 4574 4614 4575
3 4575 4614 4615
3 4575 4615 4576
3 4576 4615 4616
3 4576 4616 4577
3 4577 4616 4617
3 4577 4617 4578
3 4578 4617 4618
3 4578 4618 4579
3 4579 4618 4619
3 4579 4619 4580
3 4580 4619 4620
3 4580 4620 4581
3 4581 4620 4621
3 4581 4621 4582
3 4582 4621 4622
3 4582 4622 4583
3 4583 4622 4623
3 4583 4623 4584
3 4584 4623 4624
3 4584 4624 4585
3 4585 4624 4625
3 4585 4625 4586
3 4586 4625 4626
3 4586 4626 4587
3 4587 4626 4627
3 4587 4627 4588
3 4588 4627 4628
3 4588 4628 4589
3 4589 4628 4629
3 4589 4629 4590
3 4590 4629 4630
3 4590 4630 4591
3 4591 4630 4631
3 4591 4631 4592
3 4592 4631 4632
3 4592 4632 4593
3 4593 4632 4633
3 4593 4633 4594
3 4594 4633 4634
3 4594 4634 4595
3 4595 4634 4635
3 4595 4635 4596
3 4596 4635 4636
3 4596 4636 4597
3 4597 4636 4637
3 4597 4637 4598
3 4598 4637 4638
3 4598 4638 4599
3 4599 4638 4639
3 4600 4640 4601
3 4601 4640 4641
3 4601 4641 4602
3 4602 4641 4642
3 4602 4642 4603
3 4603 4642 4643
3 4603 4643 4604
3 4604 4643 4644
3 4604 4644 4605
3 4605 4644 4645
3 4605 4645 4606
3 4606 4645 4646
3 4606 4646 4607
3 4607 4646 4647
3 4607 4647 4608
3 4608 4647 4648
3 4608 4648 4609
3 4609 4648 4649
3 4609 4649 4610
3 4610 4649 4650
3 4610 4650 4611
3 4611 4650 4651
3 4611 4651 4612
3 4612 4651 4652
3 4612 4652 4613
3 4613 4652 4653
3 4613 4653 4614
3 4614 4653 4654
3 4614 4654 4615
3 4615 4654 4655
3 4615 4655 4616
3 4616 4655 4656
3 4616 4656 4617
3 4617 4656 4657
3 4617 4657 4618
3 4618 4657 4658
3 4618 4658 4619
3 4619 4658 4659
3 4619 4659 4620
3 4620 4659 4660
3 4620 4660 4621
3 4621 4660 4661
3 4621 4661 4622
3 4622 4661 4662
3 4622 4662 4623
3 4623 4662 4663
3 4623 4663 4624
3 4624 4663 4664
3 4624 4664 4625
3 4625 4664 4665
3 4625 4665 4626
3 4626 4665 4666
3 4626 4666 4627
3 4627 4666 4667
3 4627 4667 4628
3 4628 4667 4668
3 4628 4668 4629
3 4629 4668 4669
3 4629 4669 4630
3 4630 4669 4670
3 4630 4670 4631
3 4631 4670 4671
3 4631 4671 4632
3 4632 4671 4672
3 4632 4672 4633
3 4633 4672 4673
3 4633 4673 4634
3 4634 4673 4674
3 4634 4674 4635
3 4635 4674 4675
3 4635 4675 4636
3 4636 4675 4676
3 4636 4676 4637
3 4637 4676 4677
3 4637 4677 4638
3 4638 4677 4678
3 4638 4678 4639
3 4639 4678 4679
3 4640 4680 4641
3 4641 4680 4681
3 4641 4681 4642
3 4642 4681 4682
3 4642 4682 4643
3 4643 4682 4683
3 4643 4683 4644
3 4644 4683 4684
3 4644 4684 4645
3 4645 4684 4685
3 4645 4685 4646
3 4646 4685 4686
3 4646 4686 4647
3 4647 4686 4687
3 4647 4687 4648
3 4648 4687 4688
3 4648 4688 4649
3 4649 4688 4689
3 4649 4689 4650
3 4650 4689 4690
3 4650 4690 4651
3 4651 4690 4691
3 4651 4691 4652
3 4652 4691 4692
3 4652 4692 4653
3 4653 4692 4693
3 4653 4693 4654
3 4654 4693 4694
3 4654 4694 4655
3 4655 4694 4695
3 4655 4695 4656
3 4656 4695 4696
3 4656 4696 4657
3 4657 4696 4697
3 4657 4697 4658
3 4658 4697 4698
3 4658 4698 4659
3 4659 4698 4699
3 4659 4699 4660
3 4660 4699 4700
3 4660 4700 4661
3 4661 4700 4701
3 4661 4701 4662
3 4662 4701 4702
3 4662 4702 4663
3 4663 4702 4703
3 4663 4703 4664
3 4664 4703 4704
3 4664 4704 4665
3 4665 4704 4705
3 4665 4705 4666
3 4666 4705 4706
3 4666 4706 4667
3 4667 4706 4707
3 4667 4707 4668
3 4668 4707 4708
3 4668 4708 4669
3 4669 4708 4709
3 4669 4709 4670
3 4670 4709 4710
3 4670 4710 4671
3 4671 4710 4711
3 4671 4711 4672
3 4672 4711 4712
3 4672 4712 4673
3 4673 4712 4713
3 4673 4713 4674
3 4674 4713 4714
3 4674 4714 4675
3 4675 4714 4715
3 4675 4715 4676
3 4676 4715 4716
3 4676 4716 4677
3 4677 4716 4717
3 4677 4717 4678
3 4678 4717 4718
3 4678 4718 4679
3 4679 4718 4719
3 4680 4720 4681
3 4681 4720 4721
3 4681 4721 4682
3 4682 4721 4722
3 4682 4722 4683
3 4683 4722 4723
3 4683 4723 4684
3 4684 4723 4724
3 4684 4724 4685
3 4685 4724 4725
3 4685 4725 4686
3 4686 4725 4726
3 4686 4726 4687
3 4687 4726 4727
3 4687 4727 4688
3 4688 4727 4728
3 4688 4728 4689
3 4689 4728 4729
3 4689 4729 4690
3 4690 4729 4730
3 4690 4730 4691
3 4691 4730 4731
3 4691 4731 4692
3 4692 4731 4732
3 4692 4732 4693
3 4693 4732 4733
3 4693 4733 4694
3 4694 4733 4734
3 4694 4734 4695
3 4695 4734 4735
3 4695 4735 4696
3 4696 4735 4736
3 4696 4736 4697
3 4697 4736 4737
3 4697 4737 4698
3 4698 4737 4738
3 4698 4738 4699
3 4699 4738 4739
3 4699 4739 4700
3 4700 4739 4740
3 4700 4740 4701
3 4701 4740 4741
3 4701 4741 4702
3 4702 4741 4742
3 4702 4742 4703
3 4703 4742 4743
3 4703 4743 4704
3 4704 4743 4744
3 4704 4744 4705
3 4705 4744 4745
3 4705 4745 4706
3 4706 4745 4746
3 4706 4746 4707
3 4707 4746 4747
3 4707 4747 4708
3 4708 4747 4748
3 4708 4748 4709
3 4709 4748 4749
3 4709 4749 4710
3 4710 4749 4750
3 4710 4750 4711
3 4711 4750 4751
3 4711 4751 4712
3 4712 4751 4752
3 4712 4752 4713
3 4713 4752 4753
3 4713 4753 4714
3 4714 4753 4754
3 4714 4754 4715
3 4715 4754 4755
3 4715 4755 4716
3 4716 4755 4756
3 4716 4756 4717
3 4717 4756 4757
3 4717 4757 4718
3 4718 4757 4758
3 4718 4758 4719
3 4719 4758 4759
3 4720 4760 4721
3 4721 4760 4761
3 4721 4761 4722
3 4722 4761 4762
3 4722 4762 4723
3 4723 4762 4763
3 4723 4763 4724
3 4724 4763 4764
3 4724 4764 4725
3 4725 4764 4765
3 4725 4765 4726
3 4726 4765 4766
3 4726 4766 4727
3 4727 4766 4767
3 4727 4767 4728
3 4728 4767 4768
3 4728 4768 4729
3 4729 4768 4769
3 4729 4769 4730
3 4730 4769 4770
3 4730 4770 4731
3 4731 4770 4771
3 4731 4771 4732
3 4732 4771 4772
3 4732 4772 4733
3 4733 4772 4773
3 4733 4773 4734
3 4734 4773 4774
3 4734 4774 4735
3 4735 4774 4775
3 4735 4775 4736
3 4736 4775 4776
3 4736 4776 4737
3 4737 4776 4777
3 4737 4777 4738
3 4738 4777 4778
3 4738 4778 4739
3 4739 4778 4779
3 4739 4779 4740
3 4740 4779 4780
3 4740 4780 4741
3 4741 4780 4781
3 4741 4781 4742
3 4742 4781 4782
3 4742 4782 4743
3 4743 4782 4783
3 4743 4783 4744
3 4744 4783 4784
3 4744 4784 4745
3 4745 4784 4785
3 4745 4785 4746
3 4746 4785 4786
3 4746 4786 4747
3 4747 4786 4787
3 4747 4787 4748
3 4748 4787 4788
3 4748 4788 4749
3 4749 4788 4789
3 4749 4789 4750
3 4750 4789 4790
3 4750 4790 4751
3 4751 4790 4791
3 4751 4791 4752
3 4752 4791 4792
3 4752 4792 4753
3 4753 4792 4793
3 4753 4793 4754
3 4754 4793 4794
3 4754 4794 4755
3 4755 4794 4795
3 4755 4795 4756
3 4756 4795 4796
3 4756 4796 4757
3 4757 4796 4797
3 4757 4797 4758
3 4758 4797 4798
3 4758 4798 4759
3 4759 4798 4799
