# vtk DataFile Version 3.0
wing
ASCII
DATASET POLYDATA
POINTS 4800 float
-0.9400909348072772 0.09346806400337253 -0.3278608779721075
-0.915986039042988 0.09107144697764502 -0.3194541887933355
-0.8918811432786988 0.08867482995191753 -0.3110474996145635
-0.8677762475144098 0.08627821292619003 -0.30264081043579155
-0.8436713517501206 0.08388159590046253 -0.2942341212570196
-0.8195664559858314 0.08148497887473502 -0.28582743207824757
-0.7954615602215422 0.07908836184900753 -0.27742074289947555
-0.771356664457253 0.07669174482328002 -0.2690140537207036
-0.7472517686929641 0.07429512779755253 -0.2606073645419316
-0.7231468729286749 0.07189851077182502 -0.25220067536315965
-0.6990419771643857 0.06950189374609753 -0.24379398618438763
-0.6749370814000965 0.06710527672037002 -0.23538729700561564
-0.6508321856358072 0.06470865969464251 -0.22698060782684365
-0.6267272898715183 0.062312042668915026 -0.21857391864807169
-0.602622394107229 0.05991542564318751 -0.21016722946929967
-0.5785174983429399 0.05751880861746002 -0.2017605402905277
-0.5544126025786507 0.05512219159173252 -0.1933538511117557
-0.5303077068143615 0.05272557456600502 -0.18494716193298372
-0.5062028110500725 0.050328957540277525 -0.17654047275421175
-0.48209791528578316 0.04793234051455001 -0.16813378357543973
-0.45799301952149407 0.04553572348882252 -0.15972709439666777
-0.4338881237572049 0.04313910646309502 -0.15132040521789578
-0.4097832279929157 0.04074248943736751 -0.14291371603912378
-0.3856783322286265 0.03834587241164001 -0.1345070268603518
-0.36157343646433737 0.03594925538591251 -0.1261003376815798
-0.3374685407000483 0.033552638360185016 -0.11769364850280783
-0.31336364493575913 0.031156021334457513 -0.10928695932403584
-0.28925874917146993 0.02875940430873001 -0.10088027014526385
-0.26515385340718073 0.02636278728300251 -0.09247358096649186
-0.24104895764289158 0.023966170257275005 -0.08406689178771987
-0.2169440618786025 0.021569553231547512 -0.0756602026089479
-0.19283916611431332 0.019172936205820012 -0.06725351343017591
-0.16873427035002414 0.016776319180092508 -0.05884682425140392
-0.14462937458573497 0.014379702154365005 -0.050440135072631925
-0.12052447882144579 0.011983085128637503 -0.04203344589385993
-0.09641958305715671 0.009586468102910011 -0.033626756715087976
-0.07231468729286754 0.0071898510771825075 -0.02522006753631598
-0.04820979152857836 0.004793234051455006 -0.016813378357543988
-0.02410489576428918 0.002396617025727503 -0.008406689178771994
0.0 0.0 0.0
-0.9400909348072772 0.11367150437066237 -0.32210118968902174
-0.915986039042988 0.11127488734493486 -0.3136945005102497
-0.8918811432786988 0.10887827031920737 -0.30528781133147775
-0.8677762475144098 0.10648165329347987 -0.2968811221527058
-0.8436713517501206 0.10408503626775237 -0.2884744329739338
-0.8195664559858314 0.10168841924202486 -0.2800677437951618
-0.7954615602215422 0.09929180221629737 -0.2716610546163898
-0.771356664457253 0.09689518519056986 -0.2632543654376178
-0.7472517686929641 0.09449856816484237 -0.25484767625884586
-0.7231468729286749 0.09210195113911486 -0.24644098708007386
-0.6990419771643857 0.08970533411338737 -0.23803429790130184
-0.6749370814000965 0.08730871708765986 -0.22962760872252985
-0.6508321856358072 0.08491210006193235 -0.22122091954375786
-0.6267272898715183 0.08251548303620487 -0.2128142303649859
-0.602622394107229 0.08011886601047735 -0.20440754118621388
-0.5785174983429399 0.07772224898474986 -0.1960008520074419
-0.5544126025786507 0.07532563195902237 -0.18759416282866992
-0.5303077068143615 0.07292901493329486 -0.17918747364989793
-0.5062028110500725 0.07053239790756737 -0.17078078447112596
-0.48209791528578316 0.06813578088183986 -0.16237409529235394
-0.45799301952149407 0.06573916385611236 -0.15396740611358198
-0.4338881237572049 0.06334254683038486 -0.14556071693480999
-0.4097832279929157 0.06094592980465736 -0.137154027756038
-0.3856783322286265 0.05854931277892986 -0.128747338577266
-0.36157343646433737 0.05615269575320236 -0.12034064939849401
-0.3374685407000483 0.053756078727474864 -0.11193396021972205
-0.31336364493575913 0.05135946170174736 -0.10352727104095005
-0.28925874917146993 0.04896284467601986 -0.09512058186217806
-0.26515385340718073 0.046566227650292356 -0.08671389268340607
-0.24104895764289158 0.04416961062456485 -0.07830720350463408
-0.2169440618786025 0.041772993598837356 -0.06990051432586211
-0.19283916611431332 0.039376376573109856 -0.06149382514709012
-0.16873427035002414 0.036979759547382356 -0.05308713596831813
-0.14462937458573497 0.03458314252165485 -0.044680446789546135
-0.12052447882144579 0.03218652549592735 -0.03627375761077414
-0.09641958305715671 0.029789908470199855 -0.027867068432002186
-0.07231468729286754 0.02739329144447235 -0.01946037925323019
-0.04820979152857836 0.02499667441874485 -0.0110536900744582
-0.02410489576428918 0.022600057393017348 -0.0026470008956862054
0.0 0.020203440367289844 0.005759688283085789
-0.9400909348072772 0.13387494473795222 -0.3163415014059359
-0.915986039042988 0.1314783277122247 -0.3079348122271639
-0.8918811432786988 0.1290817106864972 -0.29952812304839194
-0.8677762475144098 0.12668509366076972 -0.29112143386961997
-0.8436713517501206 0.12428847663504222 -0.282714744690848
-0.8195664559858314 0.12189185960931471 -0.274308055512076
-0.7954615602215422 0.11949524258358722 -0.26590136633330397
-0.771356664457253 0.11709862555785971 -0.257494677154532
-0.7472517686929641 0.11470200853213222 -0.24908798797576004
-0.7231468729286749 0.11230539150640471 -0.24068129879698807
-0.6990419771643857 0.10990877448067722 -0.23227460961821605
-0.6749370814000965 0.10751215745494971 -0.22386792043944406
-0.6508321856358072 0.1051155404292222 -0.21546123126067207
-0.6267272898715183 0.10271892340349471 -0.2070545420819001
-0.602622394107229 0.1003223063777672 -0.19864785290312809
-0.5785174983429399 0.09792568935203971 -0.19024116372435612
-0.5544126025786507 0.0955290723263122 -0.18183447454558413
-0.5303077068143615 0.09313245530058471 -0.17342778536681214
-0.5062028110500725 0.09073583827485722 -0.16502109618804017
-0.48209791528578316 0.0883392212491297 -0.15661440700926815
-0.45799301952149407 0.0859426042234022 -0.1482077178304962
-0.4338881237572049 0.08354598719767471 -0.1398010286517242
-0.4097832279929157 0.0811493701719472 -0.1313943394729522
-0.3856783322286265 0.0787527531462197 -0.12298765029418021
-0.36157343646433737 0.0763561361204922 -0.11458096111540822
-0.3374685407000483 0.07395951909476471 -0.10617427193663626
-0.31336364493575913 0.0715629020690372 -0.09776758275786426
-0.28925874917146993 0.0691662850433097 -0.08936089357909227
-0.26515385340718073 0.0667696680175822 -0.08095420440032028
-0.24104895764289158 0.0643730509918547 -0.07254751522154829
-0.2169440618786025 0.0619764339661272 -0.06414082604277632
-0.19283916611431332 0.0595798169403997 -0.05573413686400433
-0.16873427035002414 0.057183199914672196 -0.04732744768523234
-0.14462937458573497 0.054786582888944696 -0.038920758506460346
-0.12052447882144579 0.05238996586321719 -0.030514069327688357
-0.09641958305715671 0.0499933488374897 -0.0221073801489164
-0.07231468729286754 0.047596731811762195 -0.013700690970144402
-0.04820979152857836 0.045200114786034695 -0.005294001791372411
-0.02410489576428918 0.04280349776030719 0.0031126873873995836
0.0 0.04040688073457969 0.011519376566171578
-0.9400909348072772 0.15407838510524205 -0.31058181312285016
-0.915986039042988 0.15168176807951456 -0.30217512394407814
-0.8918811432786988 0.14928515105378706 -0.2937684347653062
-0.8677762475144098 0.14688853402805957 -0.2853617455865342
-0.8436713517501206 0.14449191700233205 -0.27695505640776225
-0.8195664559858314 0.14209529997660456 -0.2685483672289902
-0.7954615602215422 0.13969868295087706 -0.2601416780502182
-0.771356664457253 0.13730206592514954 -0.25173498887144624
-0.7472517686929641 0.13490544889942205 -0.24332829969267425
-0.7231468729286749 0.13250883187369455 -0.23492161051390228
-0.6990419771643857 0.13011221484796706 -0.22651492133513026
-0.6749370814000965 0.12771559782223954 -0.21810823215635827
-0.6508321856358072 0.12531898079651205 -0.20970154297758628
-0.6267272898715183 0.12292236377078455 -0.20129485379881432
-0.602622394107229 0.12052574674505703 -0.1928881646200423
-0.5785174983429399 0.11812912971932954 -0.18448147544127033
-0.5544126025786507 0.11573251269360205 -0.17607478626249834
-0.5303077068143615 0.11333589566787454 -0.16766809708372635
-0.5062028110500725 0.11093927864214705 -0.15926140790495438
-0.48209791528578316 0.10854266161641954 -0.15085471872618236
-0.45799301952149407 0.10614604459069205 -0.1424480295474104
-0.4338881237572049 0.10374942756496454 -0.1340413403686384
-0.4097832279929157 0.10135281053923703 -0.12563465118986641
-0.3856783322286265 0.09895619351350954 -0.11722796201109442
-0.36157343646433737 0.09655957648778203 -0.10882127283232243
-0.3374685407000483 0.09416295946205454 -0.10041458365355047
-0.31336364493575913 0.09176634243632704 -0.09200789447477847
-0.28925874917146993 0.08936972541059954 -0.08360120529600648
-0.26515385340718073 0.08697310838487203 -0.07519451611723449
-0.24104895764289158 0.08457649135914454 -0.0667878269384625
-0.2169440618786025 0.08217987433341704 -0.05838113775969054
-0.19283916611431332 0.07978325730768954 -0.04997444858091855
-0.16873427035002414 0.07738664028196203 -0.041567759402146555
-0.14462937458573497 0.07499002325623454 -0.03316107022337456
-0.12052447882144579 0.07259340623050703 -0.02475438104460257
-0.09641958305715671 0.07019678920477954 -0.016347691865830613
-0.07231468729286754 0.06780017217905203 -0.007941002687058616
-0.04820979152857836 0.06540355515332454 0.0004656864917133763
-0.02410489576428918 0.06300693812759703 0.00887237567048537
0.0 0.06061032110186953 0.017279064849257363
-0.9400909348072772 0.1742818254725319 -0.30482212483976434
-0.915986039042988 0.1718852084468044 -0.2964154356609923
-0.8918811432786988 0.16948859142107692 -0.28800874648222036
-0.8677762475144098 0.16709197439534942 -0.2796020573034484
-0.8436713517501206 0.1646953573696219 -0.27119536812467643
-0.8195664559858314 0.1622987403438944 -0.2627886789459044
-0.7954615602215422 0.15990212331816692 -0.2543819897671324
-0.771356664457253 0.1575055062924394 -0.24597530058836042
-0.7472517686929641 0.1551088892667119 -0.23756861140958846
-0.7231468729286749 0.1527122722409844 -0.2291619222308165
-0.6990419771643857 0.15031565521525692 -0.22075523305204447
-0.6749370814000965 0.1479190381895294 -0.21234854387327248
-0.6508321856358072 0.1455224211638019 -0.2039418546945005
-0.6267272898715183 0.1431258041380744 -0.19553516551572853
-0.602622394107229 0.1407291871123469 -0.1871284763369565
-0.5785174983429399 0.1383325700866194 -0.17872178715818454
-0.5544126025786507 0.1359359530608919 -0.17031509797941255
-0.5303077068143615 0.1335393360351644 -0.16190840880064056
-0.5062028110500725 0.13114271900943691 -0.1535017196218686
-0.48209791528578316 0.1287461019837094 -0.14509503044309657
-0.45799301952149407 0.1263494849579819 -0.1366883412643246
-0.4338881237572049 0.12395286793225439 -0.12828165208555262
-0.4097832279929157 0.12155625090652689 -0.11987496290678062
-0.3856783322286265 0.11915963388079939 -0.11146827372800863
-0.36157343646433737 0.11676301685507189 -0.10306158454923664
-0.3374685407000483 0.11436639982934439 -0.09465489537046468
-0.31336364493575913 0.11196978280361689 -0.08624820619169268
-0.28925874917146993 0.10957316577788939 -0.07784151701292069
-0.26515385340718073 0.10717654875216188 -0.0694348278341487
-0.24104895764289158 0.10477993172643438 -0.061028138655376714
-0.2169440618786025 0.10238331470070688 -0.05262144947660475
-0.19283916611431332 0.09998669767497939 -0.04421476029783276
-0.16873427035002414 0.09759008064925188 -0.035808071119060765
-0.14462937458573497 0.09519346362352438 -0.02740138194028877
-0.12052447882144579 0.09279684659779688 -0.018994692761516777
-0.09641958305715671 0.09040022957206939 -0.010588003582744821
-0.07231468729286754 0.08800361254634188 -0.0021813144039728254
-0.04820979152857836 0.08560699552061438 0.006225374774799167
-0.02410489576428918 0.08321037849488688 0.01463206395357116
0.0 0.08081376146915938 0.023038753132343156
-0.9400909348072772 0.19448526583982176 -0.2990624365566786
-0.915986039042988 0.19208864881409424 -0.29065574737790656
-0.8918811432786988 0.18969203178836674 -0.2822490581991346
-0.8677762475144098 0.18729541476263925 -0.27384236902036263
-0.8436713517501206 0.18489879773691176 -0.26543567984159067
-0.8195664559858314 0.18250218071118424 -0.25702899066281865
-0.7954615602215422 0.18010556368545674 -0.2486223014840466
-0.771356664457253 0.17770894665972925 -0.24021561230527463
-0.7472517686929641 0.17531232963400176 -0.23180892312650267
-0.7231468729286749 0.17291571260827424 -0.2234022339477307
-0.6990419771643857 0.17051909558254674 -0.21499554476895869
-0.6749370814000965 0.16812247855681925 -0.2065888555901867
-0.6508321856358072 0.16572586153109173 -0.1981821664114147
-0.6267272898715183 0.16332924450536426 -0.18977547723264274
-0.602622394107229 0.16093262747963674 -0.18136878805387072
-0.5785174983429399 0.15853601045390925 -0.17296209887509875
-0.5544126025786507 0.15613939342818176 -0.16455540969632676
-0.5303077068143615 0.15374277640245423 -0.15614872051755477
-0.5062028110500725 0.15134615937672674 -0.1477420313387828
-0.48209791528578316 0.14894954235099925 -0.13933534216001078
-0.45799301952149407 0.14655292532527175 -0.13092865298123882
-0.4338881237572049 0.14415630829954423 -0.12252196380246683
-0.4097832279929157 0.14175969127381674 -0.11411527462369483
-0.3856783322286265 0.13936307424808925 -0.10570858544492284
-0.36157343646433737 0.13696645722236173 -0.09730189626615085
-0.3374685407000483 0.13456984019663423 -0.08889520708737889
-0.31336364493575913 0.13217322317090674 -0.0804885179086069
-0.28925874917146993 0.12977660614517925 -0.0720818287298349
-0.26515385340718073 0.12737998911945173 -0.06367513955106291
-0.24104895764289158 0.12498337209372423 -0.055268450372290924
-0.2169440618786025 0.12258675506799674 -0.04686176119351896
-0.19283916611431332 0.12019013804226925 -0.03845507201474697
-0.16873427035002414 0.11779352101654174 -0.030048382835974972
-0.14462937458573497 0.11539690399081423 -0.02164169365720298
-0.12052447882144579 0.11300028696508672 -0.013235004478430987
-0.09641958305715671 0.11060366993935924 -0.004828315299659031
-0.07231468729286754 0.10820705291363174 0.0035783738791129653
-0.04820979152857836 0.10581043588790423 0.011985063057884958
-0.02410489576428918 0.10341381886217672 0.02039175223665695
0.0 0.10101720183644923 0.028798441415428946
-0.9400909348072772 0.21468870620711158 -0.29330274827359276
-0.915986039042988 0.21229208918138406 -0.28489605909482074
-0.8918811432786988 0.20989547215565657 -0.2764893699160488
-0.8677762475144098 0.20749885512992908 -0.2680826807372768
-0.8436713517501206 0.20510223810420158 -0.25967599155850485
-0.8195664559858314 0.20270562107847406 -0.25126930237973283
-0.7954615602215422 0.20030900405274657 -0.2428626132009608
-0.771356664457253 0.19791238702701908 -0.23445592402218884
-0.7472517686929641 0.19551577000129158 -0.22604923484341688
-0.7231468729286749 0.19311915297556406 -0.21764254566464492
-0.6990419771643857 0.19072253594983657 -0.2092358564858729
-0.6749370814000965 0.18832591892410908 -0.2008291673071009
-0.6508321856358072 0.18592930189838155 -0.1924224781283289
-0.6267272898715183 0.1835326848726541 -0.18401578894955695
-0.602622394107229 0.18113606784692657 -0.17560909977078493
-0.5785174983429399 0.17873945082119908 -0.16720241059201296
-0.5544126025786507 0.17634283379547158 -0.15879572141324097
-0.5303077068143615 0.17394621676974406 -0.15038903223446898
-0.5062028110500725 0.17154959974401657 -0.141982343055697
-0.48209791528578316 0.16915298271828907 -0.133575653876925
-0.45799301952149407 0.16675636569256158 -0.12516896469815303
-0.4338881237572049 0.16435974866683406 -0.11676227551938105
-0.4097832279929157 0.16196313164110657 -0.10835558634060906
-0.3856783322286265 0.15956651461537907 -0.09994889716183707
-0.36157343646433737 0.15716989758965155 -0.09154220798306507
-0.3374685407000483 0.15477328056392406 -0.08313551880429311
-0.31336364493575913 0.15237666353819657 -0.07472882962552112
-0.28925874917146993 0.14998004651246907 -0.06632214044674913
-0.26515385340718073 0.14758342948674155 -0.05791545126797713
-0.24104895764289158 0.14518681246101406 -0.04950876208920514
-0.2169440618786025 0.14279019543528657 -0.04110207291043318
-0.19283916611431332 0.14039357840955907 -0.032695383731661185
-0.16873427035002414 0.13799696138383155 -0.02428869455288919
-0.14462937458573497 0.13560034435810406 -0.015882005374117197
-0.12052447882144579 0.13320372733237656 -0.0074753161953452045
-0.09641958305715671 0.13080711030664907 0.0009313729834267525
-0.07231468729286754 0.12841049328092155 0.009338062162198749
-0.04820979152857836 0.12601387625519406 0.01774475134097074
-0.02410489576428918 0.12361725922946655 0.026151440519742733
0.0 0.12122064220373906 0.034558129698514725
-0.9400909348072772 0.23489214657440144 -0.287543059990507
-0.915986039042988 0.23249552954867392 -0.279136370811735
-0.8918811432786988 0.23009891252294642 -0.270729681632963
-0.8677762475144098 0.22770229549721893 -0.26232299245419105
-0.8436713517501206 0.22530567847149144 -0.2539163032754191
-0.8195664559858314 0.22290906144576392 -0.24550961409664704
-0.7954615602215422 0.22051244442003642 -0.23710292491787502
-0.771356664457253 0.21811582739430893 -0.22869623573910305
-0.7472517686929641 0.21571921036858144 -0.2202895465603311
-0.7231468729286749 0.21332259334285392 -0.21188285738155913
-0.6990419771643857 0.21092597631712642 -0.2034761682027871
-0.6749370814000965 0.20852935929139893 -0.1950694790240151
-0.6508321856358072 0.2061327422656714 -0.18666278984524312
-0.6267272898715183 0.20373612523994392 -0.17825610066647116
-0.602622394107229 0.20133950821421642 -0.16984941148769914
-0.5785174983429399 0.19894289118848893 -0.16144272230892717
-0.5544126025786507 0.1965462741627614 -0.15303603313015518
-0.5303077068143615 0.19414965713703392 -0.1446293439513832
-0.5062028110500725 0.19175304011130642 -0.13622265477261122
-0.48209791528578316 0.1893564230855789 -0.1278159655938392
-0.45799301952149407 0.1869598060598514 -0.11940927641506725
-0.4338881237572049 0.18456318903412391 -0.11100258723629526
-0.4097832279929157 0.18216657200839642 -0.10259589805752327
-0.3856783322286265 0.1797699549826689 -0.09418920887875128
-0.36157343646433737 0.1773733379569414 -0.08578251969997928
-0.3374685407000483 0.1749767209312139 -0.07737583052120732
-0.31336364493575913 0.17258010390548642 -0.06896914134243533
-0.28925874917146993 0.1701834868797589 -0.06056245216366333
-0.26515385340718073 0.1677868698540314 -0.052155762984891336
-0.24104895764289158 0.1653902528283039 -0.043749073806119344
-0.2169440618786025 0.16299363580257642 -0.03534238462734738
-0.19283916611431332 0.16059701877684893 -0.02693569544857539
-0.16873427035002414 0.1582004017511214 -0.0185290062698034
-0.14462937458573497 0.1558037847253939 -0.010122317091031407
-0.12052447882144579 0.1534071676996664 -0.0017156279122594144
-0.09641958305715671 0.15101055067393893 0.006691061266512543
-0.07231468729286754 0.1486139336482114 0.015097750445284538
-0.04820979152857836 0.1462173166224839 0.02350443962405653
-0.02410489576428918 0.14382069959675642 0.03191112880282852
0.0 0.1414240825710289 0.04031781798160052
-0.9400909348072772 0.25509558694169127 -0.2817833717074212
-0.915986039042988 0.2526989699159638 -0.27337668252864916
-0.8918811432786988 0.2503023528902363 -0.2649699933498772
-0.8677762475144098 0.24790573586450879 -0.25656330417110523
-0.8436713517501206 0.2455091188387813 -0.24815661499233327
-0.8195664559858314 0.24311250181305377 -0.23974992581356125
-0.7954615602215422 0.24071588478732628 -0.23134323663478923
-0.771356664457253 0.23831926776159879 -0.22293654745601726
-0.7472517686929641 0.2359226507358713 -0.2145298582772453
-0.7231468729286749 0.23352603371014377 -0.20612316909847334
-0.6990419771643857 0.23112941668441628 -0.19771647991970132
-0.6749370814000965 0.22873279965868878 -0.18930979074092932
-0.6508321856358072 0.22633618263296126 -0.18090310156215733
-0.6267272898715183 0.22393956560723377 -0.17249641238338537
-0.602622394107229 0.22154294858150628 -0.16408972320461335
-0.5785174983429399 0.21914633155577878 -0.15568303402584138
-0.5544126025786507 0.21674971453005126 -0.1472763448470694
-0.5303077068143615 0.21435309750432377 -0.1388696556682974
-0.5062028110500725 0.21195648047859628 -0.13046296648952543
-0.48209791528578316 0.20955986345286876 -0.12205627731075343
-0.45799301952149407 0.20716324642714126 -0.11364958813198146
-0.4338881237572049 0.20476662940141377 -0.10524289895320947
-0.4097832279929157 0.20237001237568628 -0.09683620977443748
-0.3856783322286265 0.19997339534995875 -0.08842952059566549
-0.36157343646433737 0.19757677832423126 -0.0800228314168935
-0.3374685407000483 0.19518016129850377 -0.07161614223812153
-0.31336364493575913 0.19278354427277627 -0.06320945305934954
-0.28925874917146993 0.19038692724704875 -0.05480276388057754
-0.26515385340718073 0.18799031022132126 -0.04639607470180555
-0.24104895764289158 0.18559369319559377 -0.037989385523033554
-0.2169440618786025 0.18319707616986627 -0.029582696344261594
-0.19283916611431332 0.18080045914413875 -0.0211760071654896
-0.16873427035002414 0.17840384211841126 -0.012769317986717607
-0.14462937458573497 0.17600722509268377 -0.004362628807945616
-0.12052447882144579 0.17361060806695625 0.004044060370826376
-0.09641958305715671 0.17121399104122875 0.012450749549598334
-0.07231468729286754 0.16881737401550126 0.02085743872837033
-0.04820979152857836 0.16642075698977377 0.02926412790714232
-0.02410489576428918 0.16402413996404624 0.03767081708591431
0.0 0.16162752293831875 0.04607750626468631
-0.9400909348072772 0.27529902730898115 -0.2760236834243354
-0.915986039042988 0.2729024102832536 -0.2676169942455634
-0.8918811432786988 0.2705057932575261 -0.25921030506679144
-0.8677762475144098 0.26810917623179864 -0.25080361588801947
-0.8436713517501206 0.2657125592060711 -0.24239692670924748
-0.8195664559858314 0.2633159421803436 -0.23399023753047546
-0.7954615602215422 0.26091932515461613 -0.22558354835170344
-0.771356664457253 0.2585227081288886 -0.21717685917293147
-0.7472517686929641 0.25612609110316115 -0.2087701699941595
-0.7231468729286749 0.2537294740774336 -0.20036348081538755
-0.6990419771643857 0.2513328570517061 -0.19195679163661553
-0.6749370814000965 0.2489362400259786 -0.18355010245784353
-0.6508321856358072 0.24653962300025112 -0.17514341327907154
-0.6267272898715183 0.24414300597452362 -0.16673672410029958
-0.602622394107229 0.2417463889487961 -0.15833003492152756
-0.5785174983429399 0.2393497719230686 -0.1499233457427556
-0.5544126025786507 0.23695315489734112 -0.1415166565639836
-0.5303077068143615 0.23455653787161362 -0.1331099673852116
-0.5062028110500725 0.23215992084588613 -0.12470327820643966
-0.48209791528578316 0.2297633038201586 -0.11629658902766764
-0.45799301952149407 0.22736668679443112 -0.10788989984889567
-0.4338881237572049 0.22497006976870362 -0.09948321067012368
-0.4097832279929157 0.2225734527429761 -0.09107652149135169
-0.3856783322286265 0.2201768357172486 -0.0826698323125797
-0.36157343646433737 0.21778021869152112 -0.0742631431338077
-0.3374685407000483 0.21538360166579362 -0.06585645395503574
-0.31336364493575913 0.21298698464006613 -0.05744976477626374
-0.28925874917146993 0.2105903676143386 -0.04904307559749175
-0.26515385340718073 0.20819375058861112 -0.04063638641871976
-0.24104895764289158 0.20579713356288362 -0.032229697239947765
-0.2169440618786025 0.20340051653715613 -0.0238230080611758
-0.19283916611431332 0.2010038995114286 -0.01541631888240381
-0.16873427035002414 0.19860728248570111 -0.007009629703631818
-0.14462937458573497 0.19621066545997362 0.0013970594751401746
-0.12052447882144579 0.1938140484342461 0.009803748653912167
-0.09641958305715671 0.1914174314085186 0.018210437832684126
-0.07231468729286754 0.1890208143827911 0.02661712701145612
-0.04820979152857836 0.18662419735706362 0.03502381619022811
-0.02410489576428918 0.1842275803313361 0.04343050536900011
0.0 0.1818309633056086 0.0518371945477721
-0.9400909348072772 0.295502467676271 -0.2702639951412496
-0.915986039042988 0.29310585065054345 -0.2618573059624776
-0.8918811432786988 0.290709233624816 -0.2534506167837056
-0.8677762475144098 0.28831261659908847 -0.24504392760493365
-0.8436713517501206 0.285915999573361 -0.2366372384261617
-0.8195664559858314 0.2835193825476335 -0.22823054924738967
-0.7954615602215422 0.28112276552190596 -0.21982386006861765
-0.771356664457253 0.2787261484961785 -0.21141717088984568
-0.7472517686929641 0.276329531470451 -0.20301048171107372
-0.7231468729286749 0.27393291444472345 -0.19460379253230176
-0.6990419771643857 0.271536297418996 -0.18619710335352974
-0.6749370814000965 0.26913968039326847 -0.17779041417475774
-0.6508321856358072 0.26674306336754094 -0.16938372499598575
-0.6267272898715183 0.2643464463418135 -0.1609770358172138
-0.602622394107229 0.26194982931608596 -0.15257034663844177
-0.5785174983429399 0.2595532122903585 -0.1441636574596698
-0.5544126025786507 0.25715659526463097 -0.1357569682808978
-0.5303077068143615 0.25475997823890345 -0.12735027910212582
-0.5062028110500725 0.252363361213176 -0.11894358992335387
-0.48209791528578316 0.24996674418744846 -0.11053690074458185
-0.45799301952149407 0.24757012716172097 -0.10213021156580988
-0.4338881237572049 0.24517351013599348 -0.09372352238703789
-0.4097832279929157 0.24277689311026596 -0.0853168332082659
-0.3856783322286265 0.24038027608453846 -0.07691014402949391
-0.36157343646433737 0.23798365905881097 -0.06850345485072191
-0.3374685407000483 0.23558704203308348 -0.060096765671949944
-0.31336364493575913 0.23319042500735596 -0.05169007649317795
-0.28925874917146993 0.23079380798162846 -0.04328338731440596
-0.26515385340718073 0.22839719095590097 -0.03487669813563397
-0.24104895764289158 0.22600057393017345 -0.026470008956861975
-0.2169440618786025 0.22360395690444596 -0.01806331977809001
-0.19283916611431332 0.22120733987871846 -0.00965663059931802
-0.16873427035002414 0.21881072285299097 -0.001249941420546027
-0.14462937458573497 0.21641410582726345 0.007156747758225965
-0.12052447882144579 0.21401748880153595 0.015563436936997957
-0.09641958305715671 0.21162087177580846 0.023970126115769916
-0.07231468729286754 0.20922425475008097 0.03237681529454191
-0.04820979152857836 0.20682763772435345 0.0407835044733139
-0.02410489576428918 0.20443102069862595 0.0491901936520859
0.0 0.20203440367289846 0.05759688283085789
-0.9400909348072772 0.3157059080435608 -0.26450430685816384
-0.915986039042988 0.3133092910178333 -0.2560976176793918
-0.8918811432786988 0.3109126739921058 -0.24769092850061986
-0.8677762475144098 0.3085160569663783 -0.2392842393218479
-0.8436713517501206 0.30611943994065083 -0.23087755014307593
-0.8195664559858314 0.3037228229149233 -0.2224708609643039
-0.7954615602215422 0.3013262058891958 -0.2140641717855319
-0.771356664457253 0.2989295888634683 -0.20565748260675992
-0.7472517686929641 0.2965329718377408 -0.19725079342798796
-0.7231468729286749 0.2941363548120133 -0.188844104249216
-0.6990419771643857 0.2917397377862858 -0.18043741507044397
-0.6749370814000965 0.2893431207605583 -0.17203072589167198
-0.6508321856358072 0.28694650373483077 -0.1636240367129
-0.6267272898715183 0.2845498867091033 -0.15521734753412803
-0.602622394107229 0.2821532696833758 -0.146810658355356
-0.5785174983429399 0.2797566526576483 -0.13840396917658404
-0.5544126025786507 0.2773600356319208 -0.12999727999781205
-0.5303077068143615 0.2749634186061933 -0.12159059081904004
-0.5062028110500725 0.2725668015804658 -0.11318390164026808
-0.48209791528578316 0.2701701845547383 -0.10477721246149606
-0.45799301952149407 0.26777356752901077 -0.0963705232827241
-0.4338881237572049 0.2653769505032833 -0.0879638341039521
-0.4097832279929157 0.2629803334775558 -0.07955714492518011
-0.3856783322286265 0.26058371645182826 -0.07115045574640812
-0.36157343646433737 0.2581870994261008 -0.06274376656763613
-0.3374685407000483 0.2557904824003733 -0.05433707738886416
-0.31336364493575913 0.2533938653746458 -0.04593038821009217
-0.28925874917146993 0.2509972483489183 -0.037523699031320176
-0.26515385340718073 0.2486006313231908 -0.029117009852548184
-0.24104895764289158 0.24620401429746328 -0.020710320673776192
-0.2169440618786025 0.24380739727173578 -0.01230363149500423
-0.19283916611431332 0.2414107802460083 -0.003896942316232236
-0.16873427035002414 0.2390141632202808 0.004509746862539756
-0.14462937458573497 0.23661754619455327 0.012916436041311747
-0.12052447882144579 0.23422092916882578 0.02132312522008374
-0.09641958305715671 0.2318243121430983 0.0297298143988557
-0.07231468729286754 0.2294276951173708 0.03813650357762769
-0.04820979152857836 0.22703107809164327 0.04654319275639968
-0.02410489576428918 0.22463446106591578 0.05494988193517168
0.0 0.2222378440401883 0.06335657111394367
-0.9400909348072772 0.33590934841085063 -0.258744618575078
-0.915986039042988 0.3335127313851231 -0.250337929396306
-0.8918811432786988 0.33111611435939564 -0.24193124021753407
-0.8677762475144098 0.3287194973336681 -0.2335245510387621
-0.8436713517501206 0.32632288030794065 -0.22511786185999014
-0.8195664559858314 0.32392626328221313 -0.21671117268121812
-0.7954615602215422 0.3215296462564856 -0.2083044835024461
-0.771356664457253 0.31913302923075815 -0.19989779432367413
-0.7472517686929641 0.3167364122050306 -0.19149110514490217
-0.7231468729286749 0.3143397951793031 -0.1830844159661302
-0.6990419771643857 0.31194317815357564 -0.17467772678735818
-0.6749370814000965 0.3095465611278481 -0.1662710376085862
-0.6508321856358072 0.3071499441021206 -0.1578643484298142
-0.6267272898715183 0.30475332707639313 -0.14945765925104224
-0.602622394107229 0.3023567100506656 -0.14105097007227022
-0.5785174983429399 0.29996009302493815 -0.13264428089349825
-0.5544126025786507 0.2975634759992106 -0.12423759171472626
-0.5303077068143615 0.2951668589734831 -0.11583090253595427
-0.5062028110500725 0.29277024194775564 -0.1074242133571823
-0.48209791528578316 0.2903736249220281 -0.09901752417841028
-0.45799301952149407 0.2879770078963006 -0.09061083499963832
-0.4338881237572049 0.28558039087057313 -0.08220414582086633
-0.4097832279929157 0.2831837738448456 -0.07379745664209433
-0.3856783322286265 0.2807871568191181 -0.06539076746332234
-0.36157343646433737 0.2783905397933906 -0.05698407828455034
-0.3374685407000483 0.2759939227676631 -0.04857738910577838
-0.31336364493575913 0.27359730574193564 -0.040170699927006386
-0.28925874917146993 0.2712006887162081 -0.03176401074823439
-0.26515385340718073 0.2688040716904806 -0.0233573215694624
-0.24104895764289158 0.26640745466475313 -0.014950632390690409
-0.2169440618786025 0.2640108376390256 -0.0065439432119184454
-0.19283916611431332 0.2616142206132981 0.0018627459668535467
-0.16873427035002414 0.2592176035875706 0.01026943514562554
-0.14462937458573497 0.2568209865618431 0.018676124324397532
-0.12052447882144579 0.2544243695361156 0.027082813503169524
-0.09641958305715671 0.2520277525103881 0.03548950268194148
-0.07231468729286754 0.24963113548466062 0.043896191860713474
-0.04820979152857836 0.2472345184589331 0.052302881039485466
-0.02410489576428918 0.2448379014332056 0.060709570218257465
0.0 0.2424412844074781 0.06911625939702945
-0.9400909348072772 0.3561127887781405 -0.25298493029199226
-0.915986039042988 0.353716171752413 -0.2445782411132202
-0.8918811432786988 0.3513195547266855 -0.23617155193444825
-0.8677762475144098 0.348922937700958 -0.22776486275567628
-0.8436713517501206 0.3465263206752305 -0.21935817357690432
-0.8195664559858314 0.344129703649503 -0.2109514843981323
-0.7954615602215422 0.3417330866237755 -0.20254479521936028
-0.771356664457253 0.339336469598048 -0.19413810604058832
-0.7472517686929641 0.3369398525723205 -0.18573141686181635
-0.7231468729286749 0.334543235546593 -0.1773247276830444
-0.6990419771643857 0.3321466185208655 -0.16891803850427237
-0.6749370814000965 0.329750001495138 -0.16051134932550037
-0.6508321856358072 0.3273533844694105 -0.15210466014672838
-0.6267272898715183 0.324956767443683 -0.14369797096795642
-0.602622394107229 0.3225601504179555 -0.1352912817891844
-0.5785174983429399 0.320163533392228 -0.12688459261041243
-0.5544126025786507 0.3177669163665005 -0.11847790343164046
-0.5303077068143615 0.315370299340773 -0.11007121425286846
-0.5062028110500725 0.3129736823150455 -0.1016645250740965
-0.48209791528578316 0.310577065289318 -0.09325783589532448
-0.45799301952149407 0.3081804482635905 -0.08485114671655251
-0.4338881237572049 0.305783831237863 -0.07644445753778052
-0.4097832279929157 0.3033872142121355 -0.06803776835900853
-0.3856783322286265 0.30099059718640797 -0.05963107918023654
-0.36157343646433737 0.2985939801606805 -0.051224390001464545
-0.3374685407000483 0.296197363134953 -0.04281770082269258
-0.31336364493575913 0.2938007461092255 -0.03441101164392059
-0.28925874917146993 0.291404129083498 -0.026004322465148597
-0.26515385340718073 0.2890075120577705 -0.017597633286376604
-0.24104895764289158 0.286610895032043 -0.009190944107604612
-0.2169440618786025 0.2842142780063155 -0.0007842549288326473
-0.19283916611431332 0.28181766098058797 0.007622434249939345
-0.16873427035002414 0.2794210439548605 0.016029123428711337
-0.14462937458573497 0.277024426929133 0.02443581260748333
-0.12052447882144579 0.27462780990340546 0.03284250178625532
-0.09641958305715671 0.272231192877678 0.04124919096502728
-0.07231468729286754 0.2698345758519505 0.04965588014379928
-0.04820979152857836 0.267437958826223 0.05806256932257127
-0.02410489576428918 0.2650413418004955 0.06646925850134326
0.0 0.26264472477476797 0.07487594768011525
-0.9400909348072772 0.37631622914543034 -0.24722524200890647
-0.915986039042988 0.3739196121197028 -0.23881855283013445
-0.8918811432786988 0.37152299509397535 -0.2304118636513625
-0.8677762475144098 0.36912637806824783 -0.22200517447259052
-0.8436713517501206 0.3667297610425203 -0.21359848529381856
-0.8195664559858314 0.36433314401679284 -0.20519179611504654
-0.7954615602215422 0.3619365269910653 -0.19678510693627452
-0.771356664457253 0.3595399099653378 -0.18837841775750255
-0.7472517686929641 0.35714329293961034 -0.1799717285787306
-0.7231468729286749 0.3547466759138828 -0.17156503939995862
-0.6990419771643857 0.35235005888815535 -0.1631583502211866
-0.6749370814000965 0.3499534418624278 -0.1547516610424146
-0.6508321856358072 0.3475568248367003 -0.14634497186364262
-0.6267272898715183 0.34516020781097284 -0.13793828268487066
-0.602622394107229 0.3427635907852453 -0.12953159350609864
-0.5785174983429399 0.3403669737595178 -0.12112490432732666
-0.5544126025786507 0.33797035673379033 -0.11271821514855467
-0.5303077068143615 0.3355737397080628 -0.10431152596978267
-0.5062028110500725 0.33317712268233535 -0.09590483679101071
-0.48209791528578316 0.3307805056566078 -0.08749814761223869
-0.45799301952149407 0.3283838886308803 -0.07909145843346672
-0.4338881237572049 0.32598727160515284 -0.07068476925469473
-0.4097832279929157 0.3235906545794253 -0.06227808007592275
-0.3856783322286265 0.3211940375536978 -0.053871390897150755
-0.36157343646433737 0.31879742052797033 -0.04546470171837876
-0.3374685407000483 0.3164008035022428 -0.0370580125396068
-0.31336364493575913 0.3140041864765153 -0.028651323360834806
-0.28925874917146993 0.3116075694507878 -0.020244634182062814
-0.26515385340718073 0.3092109524250603 -0.011837945003290821
-0.24104895764289158 0.3068143353993328 -0.003431255824518829
-0.2169440618786025 0.3044177183736053 0.004975433354253136
-0.19283916611431332 0.3020211013478778 0.013382122533025127
-0.16873427035002414 0.29962448432215033 0.02178881171179712
-0.14462937458573497 0.2972278672964228 0.03019550089056911
-0.12052447882144579 0.2948312502706953 0.038602190069341104
-0.09641958305715671 0.2924346332449678 0.04700887924811306
-0.07231468729286754 0.2900380162192403 0.05541556842688506
-0.04820979152857836 0.28764139919351284 0.06382225760565705
-0.02410489576428918 0.2852447821677853 0.07222894678442904
0.0 0.2828481651420578 0.08063563596320104
-0.9400909348072772 0.3965196695127202 -0.24146555372582065
-0.915986039042988 0.3941230524869927 -0.23305886454704863
-0.8918811432786988 0.39172643546126523 -0.22465217536827667
-0.8677762475144098 0.3893298184355377 -0.2162454861895047
-0.8436713517501206 0.3869332014098102 -0.20783879701073274
-0.8195664559858314 0.3845365843840827 -0.19943210783196072
-0.7954615602215422 0.3821399673583552 -0.1910254186531887
-0.771356664457253 0.3797433503326277 -0.18261872947441674
-0.7472517686929641 0.3773467333069002 -0.17421204029564477
-0.7231468729286749 0.3749501162811727 -0.1658053511168728
-0.6990419771643857 0.37255349925544523 -0.1573986619381008
-0.6749370814000965 0.3701568822297177 -0.1489919727593288
-0.6508321856358072 0.3677602652039902 -0.1405852835805568
-0.6267272898715183 0.3653636481782627 -0.13217859440178484
-0.602622394107229 0.3629670311525352 -0.12377190522301283
-0.5785174983429399 0.3605704141268077 -0.11536521604424087
-0.5544126025786507 0.3581737971010802 -0.10695852686546888
-0.5303077068143615 0.3557771800753527 -0.09855183768669688
-0.5062028110500725 0.35338056304962523 -0.09014514850792492
-0.48209791528578316 0.3509839460238977 -0.0817384593291529
-0.45799301952149407 0.3485873289981702 -0.07333177015038093
-0.4338881237572049 0.3461907119724427 -0.06492508097160894
-0.4097832279929157 0.3437940949467152 -0.05651839179283695
-0.3856783322286265 0.3413974779209877 -0.04811170261406496
-0.36157343646433737 0.3390008608952602 -0.039705013435292966
-0.3374685407000483 0.3366042438695327 -0.031298324256521
-0.31336364493575913 0.3342076268438052 -0.022891635077749006
-0.28925874917146993 0.3318110098180777 -0.014484945898977015
-0.26515385340718073 0.3294143927923502 -0.006078256720205023
-0.24104895764289158 0.32701777576662266 0.0023284324585669696
-0.2169440618786025 0.3246211587408952 0.010735121637338934
-0.19283916611431332 0.3222245417151677 0.019141810816110928
-0.16873427035002414 0.3198279246894402 0.02754849999488292
-0.14462937458573497 0.3174313076637127 0.03595518917365491
-0.12052447882144579 0.31503469063798517 0.0443618783524269
-0.09641958305715671 0.3126380736122577 0.05276856753119886
-0.07231468729286754 0.3102414565865302 0.06117525670997086
-0.04820979152857836 0.30784483956080266 0.06958194588874285
-0.02410489576428918 0.3054482225350752 0.07798863506751484
0.0 0.3030516055093477 0.08639532424628683
-0.9400909348072772 0.41672310988001005 -0.2357058654427349
-0.915986039042988 0.4143264928542825 -0.22729917626396287
-0.8918811432786988 0.41192987582855506 -0.2188924870851909
-0.8677762475144098 0.40953325880282754 -0.21048579790641894
-0.8436713517501206 0.4071366417771 -0.20207910872764698
-0.8195664559858314 0.40474002475137255 -0.19367241954887496
-0.7954615602215422 0.40234340772564503 -0.18526573037010294
-0.771356664457253 0.3999467906999175 -0.17685904119133097
-0.7472517686929641 0.39755017367419004 -0.168452352012559
-0.7231468729286749 0.3951535566484625 -0.16004566283378704
-0.6990419771643857 0.39275693962273506 -0.15163897365501502
-0.6749370814000965 0.39036032259700754 -0.14323228447624303
-0.6508321856358072 0.38796370557128 -0.13482559529747104
-0.6267272898715183 0.38556708854555255 -0.12641890611869908
-0.602622394107229 0.38317047151982503 -0.11801221693992704
-0.5785174983429399 0.3807738544940975 -0.10960552776115508
-0.5544126025786507 0.37837723746837004 -0.10119883858238309
-0.5303077068143615 0.3759806204426425 -0.0927921494036111
-0.5062028110500725 0.37358400341691506 -0.08438546022483913
-0.48209791528578316 0.37118738639118753 -0.07597877104606711
-0.45799301952149407 0.36879076936546 -0.06757208186729514
-0.4338881237572049 0.36639415233973255 -0.05916539268852316
-0.4097832279929157 0.363997535314005 -0.05075870350975117
-0.3856783322286265 0.3616009182882775 -0.042352014330979175
-0.36157343646433737 0.35920430126255004 -0.03394532515220718
-0.3374685407000483 0.3568076842368225 -0.025538635973435215
-0.31336364493575913 0.354411067211095 -0.017131946794663223
-0.28925874917146993 0.35201445018536753 -0.008725257615891232
-0.26515385340718073 0.34961783315964 -0.0003185684371192397
-0.24104895764289158 0.3472212161339125 0.008088120741652752
-0.2169440618786025 0.344824599108185 0.016494809920424718
-0.19283916611431332 0.3424279820824575 0.02490149909919671
-0.16873427035002414 0.34003136505673004 0.0333081882779687
-0.14462937458573497 0.3376347480310025 0.04171487745674069
-0.12052447882144579 0.335238131005275 0.050121566635512683
-0.09641958305715671 0.33284151397954753 0.05852825581428464
-0.07231468729286754 0.33044489695382 0.06693494499305663
-0.04820979152857836 0.3280482799280925 0.07534163417182863
-0.02410489576428918 0.325651662902365 0.08374832335060063
0.0 0.3232550458766375 0.09215501252937262
-0.9400909348072772 0.43692655024729987 -0.2299461771596491
-0.915986039042988 0.43452993322157235 -0.22153948798087708
-0.8918811432786988 0.43213331619584483 -0.21313279880210512
-0.8677762475144098 0.42973669917011736 -0.20472610962333315
-0.8436713517501206 0.42734008214438984 -0.1963194204445612
-0.8195664559858314 0.4249434651186623 -0.18791273126578917
-0.7954615602215422 0.42254684809293486 -0.17950604208701715
-0.771356664457253 0.42015023106720734 -0.17109935290824518
-0.7472517686929641 0.41775361404147987 -0.16269266372947322
-0.7231468729286749 0.41535699701575235 -0.15428597455070125
-0.6990419771643857 0.41296037999002483 -0.14587928537192923
-0.6749370814000965 0.41056376296429736 -0.13747259619315724
-0.6508321856358072 0.40816714593856984 -0.12906590701438525
-0.6267272898715183 0.4057705289128424 -0.12065921783561329
-0.602622394107229 0.40337391188711486 -0.11225252865684127
-0.5785174983429399 0.40097729486138733 -0.1038458394780693
-0.5544126025786507 0.39858067783565987 -0.09543915029929731
-0.5303077068143615 0.39618406080993235 -0.08703246112052532
-0.5062028110500725 0.3937874437842048 -0.07862577194175335
-0.48209791528578316 0.39139082675847736 -0.07021908276298133
-0.45799301952149407 0.38899420973274984 -0.06181239358420937
-0.4338881237572049 0.3865975927070223 -0.053405704405437376
-0.4097832279929157 0.38420097568129485 -0.044999015226665384
-0.3856783322286265 0.38180435865556733 -0.03659232604789339
-0.36157343646433737 0.3794077416298398 -0.028185636869121396
-0.3374685407000483 0.37701112460411235 -0.019778947690349432
-0.31336364493575913 0.3746145075783848 -0.011372258511577442
-0.28925874917146993 0.37221789055265736 -0.002965569332805449
-0.26515385340718073 0.36982127352692984 0.005441119845966544
-0.24104895764289158 0.3674246565012023 0.013847809024738535
-0.2169440618786025 0.36502803947547485 0.0222544982035105
-0.19283916611431332 0.36263142244974733 0.030661187382282493
-0.16873427035002414 0.3602348054240198 0.03906787656105448
-0.14462937458573497 0.35783818839829235 0.047474565739826474
-0.12052447882144579 0.3554415713725648 0.055881254918598466
-0.09641958305715671 0.35304495434683736 0.06428794409737043
-0.07231468729286754 0.35064833732110984 0.07269463327614242
-0.04820979152857836 0.3482517202953823 0.08110132245491442
-0.02410489576428918 0.34585510326965485 0.08950801163368641
0.0 0.34345848624392733 0.0979147008124584
-0.9400909348072772 0.45712999061458975 -0.2241864888765633
-0.915986039042988 0.45473337358886223 -0.2157797996977913
-0.8918811432786988 0.4523367565631347 -0.20737311051901933
-0.8677762475144098 0.44994013953740725 -0.19896642134024736
-0.8436713517501206 0.4475435225116797 -0.1905597321614754
-0.8195664559858314 0.4451469054859522 -0.18215304298270338
-0.7954615602215422 0.44275028846022474 -0.17374635380393136
-0.771356664457253 0.4403536714344972 -0.1653396646251594
-0.7472517686929641 0.43795705440876975 -0.15693297544638743
-0.7231468729286749 0.43556043738304223 -0.14852628626761546
-0.6990419771643857 0.4331638203573147 -0.14011959708884344
-0.6749370814000965 0.43076720333158725 -0.13171290791007145
-0.6508321856358072 0.4283705863058597 -0.12330621873129945
-0.6267272898715183 0.42597396928013226 -0.11489952955252748
-0.602622394107229 0.42357735225440474 -0.10649284037375546
-0.5785174983429399 0.4211807352286772 -0.0980861511949835
-0.5544126025786507 0.41878411820294975 -0.0896794620162115
-0.5303077068143615 0.41638750117722223 -0.08127277283743951
-0.5062028110500725 0.4139908841514947 -0.07286608365866755
-0.48209791528578316 0.41159426712576724 -0.06445939447989553
-0.45799301952149407 0.4091976501000397 -0.056052705301123565
-0.4338881237572049 0.4068010330743122 -0.04764601612235157
-0.4097832279929157 0.40440441604858474 -0.03923932694357958
-0.3856783322286265 0.4020077990228572 -0.030832637764807592
-0.36157343646433737 0.3996111819971297 -0.0224259485860356
-0.3374685407000483 0.39721456497140223 -0.014019259407263635
-0.31336364493575913 0.3948179479456747 -0.005612570228491643
-0.28925874917146993 0.39242133091994724 0.002794118950280349
-0.26515385340718073 0.3900247138942197 0.011200808129052341
-0.24104895764289158 0.3876280968684922 0.019607497307824334
-0.2169440618786025 0.38523147984276473 0.028014186486596298
-0.19283916611431332 0.3828348628170372 0.036420875665368294
-0.16873427035002414 0.3804382457913097 0.044827564844140286
-0.14462937458573497 0.3780416287655822 0.05323425402291228
-0.12052447882144579 0.3756450117398547 0.06164094320168427
-0.09641958305715671 0.37324839471412724 0.07004763238045622
-0.07231468729286754 0.3708517776883997 0.07845432155922823
-0.04820979152857836 0.3684551606626722 0.08686101073800022
-0.02410489576428918 0.36605854363694473 0.09526769991677221
0.0 0.3636619266112172 0.1036743890955442
-0.9400909348072772 0.4773334309818796 -0.21842680059347752
-0.915986039042988 0.47493681395615206 -0.2100201114147055
-0.8918811432786988 0.47254019693042454 -0.20161342223593354
-0.8677762475144098 0.4701435799046971 -0.19320673305716157
-0.8436713517501206 0.46774696287896955 -0.1848000438783896
-0.8195664559858314 0.46535034585324203 -0.1763933546996176
-0.7954615602215422 0.46295372882751457 -0.16798666552084557
-0.771356664457253 0.46055711180178704 -0.1595799763420736
-0.7472517686929641 0.4581604947760596 -0.15117328716330164
-0.7231468729286749 0.45576387775033206 -0.14276659798452968
-0.6990419771643857 0.45336726072460454 -0.13435990880575766
-0.6749370814000965 0.45097064369887707 -0.12595321962698566
-0.6508321856358072 0.44857402667314955 -0.11754653044821367
-0.6267272898715183 0.44617740964742203 -0.1091398412694417
-0.602622394107229 0.44378079262169456 -0.10073315209066969
-0.5785174983429399 0.44138417559596704 -0.09232646291189772
-0.5544126025786507 0.4389875585702395 -0.08391977373312573
-0.5303077068143615 0.43659094154451206 -0.07551308455435374
-0.5062028110500725 0.43419432451878454 -0.06710639537558177
-0.48209791528578316 0.431797707493057 -0.058699706196809746
-0.45799301952149407 0.42940109046732955 -0.05029301701803778
-0.4338881237572049 0.42700447344160203 -0.04188632783926579
-0.4097832279929157 0.42460785641587456 -0.0334796386604938
-0.3856783322286265 0.42221123939014704 -0.02507294948172181
-0.36157343646433737 0.4198146223644195 -0.016666260302949817
-0.3374685407000483 0.41741800533869206 -0.008259571124177852
-0.31336364493575913 0.41502138831296453 0.00014711805459414004
-0.28925874917146993 0.412624771287237 0.008553807233366132
-0.26515385340718073 0.41022815426150955 0.016960496412138124
-0.24104895764289158 0.407831537235782 0.025367185590910116
-0.2169440618786025 0.40543492021005456 0.033773874769682084
-0.19283916611431332 0.40303830318432704 0.042180563948454076
-0.16873427035002414 0.4006416861585995 0.05058725312722607
-0.14462937458573497 0.39824506913287205 0.05899394230599806
-0.12052447882144579 0.39584845210714453 0.06740063148477005
-0.09641958305715671 0.39345183508141707 0.07580732066354201
-0.07231468729286754 0.39105521805568955 0.084214009842314
-0.04820979152857836 0.388658601029962 0.092620699021086
-0.02410489576428918 0.38626198400423456 0.10102738819985799
0.0 0.38386536697850704 0.10943407737862998
-0.9400909348072772 0.49753687134916946 -0.21266711231039173
-0.915986039042988 0.49514025432344194 -0.2042604231316197
-0.8918811432786988 0.4927436372977144 -0.19585373395284775
-0.8677762475144098 0.49034702027198696 -0.18744704477407578
-0.8436713517501206 0.48795040324625943 -0.17904035559530382
-0.8195664559858314 0.4855537862205319 -0.1706336664165318
-0.7954615602215422 0.48315716919480445 -0.16222697723775978
-0.771356664457253 0.4807605521690769 -0.15382028805898781
-0.7472517686929641 0.47836393514334946 -0.14541359888021585
-0.7231468729286749 0.47596731811762194 -0.13700690970144389
-0.6990419771643857 0.4735707010918944 -0.12860022052267187
-0.6749370814000965 0.47117408406616695 -0.12019353134389986
-0.6508321856358072 0.46877746704043943 -0.11178684216512787
-0.6267272898715183 0.4663808500147119 -0.1033801529863559
-0.602622394107229 0.46398423298898445 -0.09497346380758388
-0.5785174983429399 0.4615876159632569 -0.08656677462881192
-0.5544126025786507 0.4591909989375294 -0.07816008545003993
-0.5303077068143615 0.45679438191180194 -0.06975339627126793
-0.5062028110500725 0.4543977648860744 -0.06134670709249597
-0.48209791528578316 0.4520011478603469 -0.05294001791372395
-0.45799301952149407 0.44960453083461943 -0.044533328734951985
-0.4338881237572049 0.4472079138088919 -0.03612663955617999
-0.4097832279929157 0.44481129678316444 -0.027719950377408004
-0.3856783322286265 0.4424146797574369 -0.019313261198636012
-0.36157343646433737 0.4400180627317094 -0.010906572019864018
-0.3374685407000483 0.43762144570598194 -0.002499882841092054
-0.31336364493575913 0.4352248286802544 0.005906806337679938
-0.28925874917146993 0.4328282116545269 0.01431349551645193
-0.26515385340718073 0.43043159462879943 0.02272018469522392
-0.24104895764289158 0.4280349776030719 0.031126873873995913
-0.2169440618786025 0.42563836057734444 0.03953356305276788
-0.19283916611431332 0.4232417435516169 0.04794025223153987
-0.16873427035002414 0.4208451265258894 0.056346941410311865
-0.14462937458573497 0.41844850950016194 0.06475363058908386
-0.12052447882144579 0.4160518924744344 0.07316031976785585
-0.09641958305715671 0.4136552754487069 0.0815670089466278
-0.07231468729286754 0.41125865842297943 0.0899736981253998
-0.04820979152857836 0.4088620413972519 0.0983803873041718
-0.02410489576428918 0.4064654243715244 0.10678707648294379
0.0 0.4040688073457969 0.11519376566171578
-0.9400909348072772 0.5177403117164593 -0.20690742402730594
-0.915986039042988 0.5153436946907317 -0.19850073484853392
-0.8918811432786988 0.5129470776650042 -0.19009404566976196
-0.8677762475144098 0.5105504606392768 -0.18168735649099
-0.8436713517501206 0.5081538436135492 -0.17328066731221803
-0.8195664559858314 0.5057572265878217 -0.164873978133446
-0.7954615602215422 0.5033606095620943 -0.156467288954674
-0.771356664457253 0.5009639925363667 -0.14806059977590202
-0.7472517686929641 0.49856737551063923 -0.13965391059713006
-0.7231468729286749 0.49617075848491177 -0.1312472214183581
-0.6990419771643857 0.49377414145918425 -0.12284053223958608
-0.6749370814000965 0.4913775244334567 -0.11443384306081408
-0.6508321856358072 0.48898090740772926 -0.10602715388204209
-0.6267272898715183 0.48658429038200174 -0.09762046470327013
-0.602622394107229 0.4841876733562742 -0.0892137755244981
-0.5785174983429399 0.48179105633054675 -0.08080708634572614
-0.5544126025786507 0.47939443930481923 -0.07240039716695415
-0.5303077068143615 0.47699782227909177 -0.06399370798818216
-0.5062028110500725 0.47460120525336424 -0.05558701880941019
-0.48209791528578316 0.4722045882276367 -0.04718032963063817
-0.45799301952149407 0.46980797120190926 -0.0387736404518662
-0.4338881237572049 0.46741135417618174 -0.030366951273094214
-0.4097832279929157 0.4650147371504542 -0.02196026209432222
-0.3856783322286265 0.46261812012472675 -0.013553572915550227
-0.36157343646433737 0.46022150309899923 -0.005146883736778235
-0.3374685407000483 0.45782488607327176 0.003259805441993729
-0.31336364493575913 0.45542826904754424 0.011666494620765721
-0.28925874917146993 0.4530316520218167 0.02007318379953771
-0.26515385340718073 0.45063503499608926 0.028479872978309704
-0.24104895764289158 0.44823841797036174 0.0368865621570817
-0.2169440618786025 0.44584180094463427 0.045293251335853664
-0.19283916611431332 0.44344518391890675 0.053699940514625656
-0.16873427035002414 0.44104856689317923 0.06210662969339765
-0.14462937458573497 0.43865194986745176 0.07051331887216963
-0.12052447882144579 0.43625533284172424 0.07892000805094163
-0.09641958305715671 0.4338587158159967 0.08732669722971359
-0.07231468729286754 0.43146209879026926 0.09573338640848558
-0.04820979152857836 0.42906548176454173 0.10414007558725757
-0.02410489576428918 0.4266688647388142 0.11254676476602957
0.0 0.42427224771308675 0.12095345394480156
-0.9400909348072772 0.5379437520837491 -0.20114773574422015
-0.915986039042988 0.5355471350580215 -0.19274104656544813
-0.8918811432786988 0.5331505180322941 -0.18433435738667617
-0.8677762475144098 0.5307539010065666 -0.1759276682079042
-0.8436713517501206 0.528357283980839 -0.16752097902913224
-0.8195664559858314 0.5259606669551116 -0.15911428985036022
-0.7954615602215422 0.5235640499293841 -0.1507076006715882
-0.771356664457253 0.5211674329036565 -0.14230091149281623
-0.7472517686929641 0.5187708158779291 -0.13389422231404427
-0.7231468729286749 0.5163741988522016 -0.1254875331352723
-0.6990419771643857 0.5139775818264741 -0.11708084395650029
-0.6749370814000965 0.5115809648007466 -0.1086741547777283
-0.6508321856358072 0.5091843477750191 -0.1002674655989563
-0.6267272898715183 0.5067877307492916 -0.09186077642018434
-0.602622394107229 0.504391113723564 -0.08345408724141232
-0.5785174983429399 0.5019944966978366 -0.07504739806264035
-0.5544126025786507 0.49959787967210906 -0.06664070888386836
-0.5303077068143615 0.4972012626463816 -0.05823401970509637
-0.5062028110500725 0.49480464562065407 -0.049827330526324404
-0.48209791528578316 0.49240802859492655 -0.041420641347552384
-0.45799301952149407 0.4900114115691991 -0.03301395216878042
-0.4338881237572049 0.48761479454347156 -0.02460726299000843
-0.4097832279929157 0.48521817751774404 -0.01620057381123644
-0.3856783322286265 0.4828215604920166 -0.007793884632464445
-0.36157343646433737 0.48042494346628906 0.0006128045463075476
-0.3374685407000483 0.4780283264405616 0.009019493725079512
-0.31336364493575913 0.47563170941483407 0.017426182903851502
-0.28925874917146993 0.47323509238910655 0.025832872082623495
-0.26515385340718073 0.4708384753633791 0.03423956126139549
-0.24104895764289158 0.46844185833765156 0.04264625044016748
-0.2169440618786025 0.4660452413119241 0.05105293961893945
-0.19283916611431332 0.4636486242861966 0.05945962879771144
-0.16873427035002414 0.46125200726046905 0.06786631797648343
-0.14462937458573497 0.4588553902347416 0.07627300715525542
-0.12052447882144579 0.45645877320901407 0.08467969633402742
-0.09641958305715671 0.45406215618328655 0.09308638551279937
-0.07231468729286754 0.4516655391575591 0.10149307469157137
-0.04820979152857836 0.44926892213183156 0.10989976387034336
-0.02410489576428918 0.44687230510610404 0.11830645304911536
0.0 0.4444756880803766 0.12671314222788735
-0.9400909348072772 0.5581471924510389 -0.19538804746113436
-0.915986039042988 0.5557505754253115 -0.18698135828236234
-0.8918811432786988 0.553353958399584 -0.17857466910359038
-0.8677762475144098 0.5509573413738564 -0.1701679799248184
-0.8436713517501206 0.548560724348129 -0.16176129074604645
-0.8195664559858314 0.5461641073224015 -0.15335460156727443
-0.7954615602215422 0.5437674902966739 -0.1449479123885024
-0.771356664457253 0.5413708732709465 -0.13654122320973044
-0.7472517686929641 0.538974256245219 -0.12813453403095848
-0.7231468729286749 0.5365776392194914 -0.11972784485218652
-0.6990419771643857 0.534181022193764 -0.1113211556734145
-0.6749370814000965 0.5317844051680365 -0.1029144664946425
-0.6508321856358072 0.5293877881423089 -0.09450777731587051
-0.6267272898715183 0.5269911711165814 -0.08610108813709855
-0.602622394107229 0.524594554090854 -0.07769439895832653
-0.5785174983429399 0.5221979370651264 -0.06928770977955456
-0.5544126025786507 0.5198013200393989 -0.060881020600782564
-0.5303077068143615 0.5174047030136715 -0.05247433142201057
-0.5062028110500725 0.515008085987944 -0.04406764224323861
-0.48209791528578316 0.5126114689622164 -0.03566095306446659
-0.45799301952149407 0.510214851936489 -0.027254263885694623
-0.4338881237572049 0.5078182349107615 -0.01884757470692263
-0.4097832279929157 0.5054216178850339 -0.010440885528150638
-0.3856783322286265 0.5030250008593065 -0.0020341963493786465
-0.36157343646433737 0.500628383833579 0.006372492829393346
-0.3374685407000483 0.4982317668078515 0.01477918200816531
-0.31336364493575913 0.49583514978212395 0.023185871186937303
-0.28925874917146993 0.49343853275639643 0.031592560365709295
-0.26515385340718073 0.49104191573066897 0.03999924954448129
-0.24104895764289158 0.48864529870494144 0.04840593872325328
-0.2169440618786025 0.4862486816792139 0.056812627902025244
-0.19283916611431332 0.48385206465348646 0.06521931708079723
-0.16873427035002414 0.48145544762775894 0.07362600625956922
-0.14462937458573497 0.4790588306020314 0.08203269543834121
-0.12052447882144579 0.47666221357630395 0.0904393846171132
-0.09641958305715671 0.47426559655057643 0.09884607379588517
-0.07231468729286754 0.47186897952484896 0.10725276297465716
-0.04820979152857836 0.46947236249912144 0.11565945215342915
-0.02410489576428918 0.4670757454733939 0.12406614133220115
0.0 0.46467912844766646 0.13247283051097314
-0.9400909348072772 0.5783506328183288 -0.1896283591780486
-0.915986039042988 0.5759540157926012 -0.18122166999927658
-0.8918811432786988 0.5735573987668737 -0.17281498082050462
-0.8677762475144098 0.5711607817411463 -0.16440829164173265
-0.8436713517501206 0.5687641647154187 -0.1560016024629607
-0.8195664559858314 0.5663675476896912 -0.14759491328418867
-0.7954615602215422 0.5639709306639638 -0.13918822410541665
-0.771356664457253 0.5615743136382362 -0.13078153492664468
-0.7472517686929641 0.5591776966125087 -0.1223748457478727
-0.7231468729286749 0.5567810795867812 -0.11396815656910074
-0.6990419771643857 0.5543844625610538 -0.10556146739032872
-0.6749370814000965 0.5519878455353262 -0.09715477821155673
-0.6508321856358072 0.5495912285095987 -0.08874808903278474
-0.6267272898715183 0.5471946114838713 -0.08034139985401277
-0.602622394107229 0.5447979944581437 -0.07193471067524075
-0.5785174983429399 0.5424013774324162 -0.06352802149646879
-0.5544126025786507 0.5400047604066888 -0.055121332317696795
-0.5303077068143615 0.5376081433809612 -0.0467146431389248
-0.5062028110500725 0.5352115263552337 -0.03830795396015284
-0.48209791528578316 0.5328149093295063 -0.029901264781380818
-0.45799301952149407 0.5304182923037787 -0.021494575602608854
-0.4338881237572049 0.5280216752780512 -0.013087886423836863
-0.4097832279929157 0.5256250582523238 -0.004681197245064871
-0.3856783322286265 0.5232284412265962 0.003725491933707121
-0.36157343646433737 0.5208318242008687 0.012132181112479113
-0.3374685407000483 0.5184352071751412 0.02053887029125108
-0.31336364493575913 0.5160385901494137 0.02894555947002307
-0.28925874917146993 0.5136419731236862 0.037352248648795064
-0.26515385340718073 0.5112453560979587 0.045758937827567056
-0.24104895764289158 0.5088487390722312 0.05416562700633905
-0.2169440618786025 0.5064521220465037 0.06257231618511101
-0.19283916611431332 0.5040555050207762 0.070979005363883
-0.16873427035002414 0.5016588879950488 0.079385694542655
-0.14462937458573497 0.4992622709693212 0.08779238372142699
-0.12052447882144579 0.4968656539435937 0.09619907290019898
-0.09641958305715671 0.4944690369178662 0.10460576207897093
-0.07231468729286754 0.49207241989213873 0.11301245125774294
-0.04820979152857836 0.4896758028664112 0.12141914043651493
-0.02410489576428918 0.4872791858406837 0.1298258296152869
0.0 0.4848825688149562 0.1382325187940589
-0.9400909348072772 0.5985540731856186 -0.18386867089496278
-0.915986039042988 0.5961574561598911 -0.17546198171619076
-0.8918811432786988 0.5937608391341637 -0.1670552925374188
-0.8677762475144098 0.5913642221084361 -0.15864860335864683
-0.8436713517501206 0.5889676050827086 -0.15024191417987487
-0.8195664559858314 0.5865709880569812 -0.14183522500110285
-0.7954615602215422 0.5841743710312536 -0.13342853582233083
-0.771356664457253 0.5817777540055261 -0.12502184664355886
-0.7472517686929641 0.5793811369797986 -0.11661515746478691
-0.7231468729286749 0.5769845199540711 -0.10820846828601495
-0.6990419771643857 0.5745879029283436 -0.09980177910724293
-0.6749370814000965 0.5721912859026161 -0.09139508992847094
-0.6508321856358072 0.5697946688768886 -0.08298840074969895
-0.6267272898715183 0.5673980518511611 -0.07458171157092698
-0.602622394107229 0.5650014348254336 -0.06617502239215496
-0.5785174983429399 0.5626048177997061 -0.05776833321338299
-0.5544126025786507 0.5602082007739786 -0.049361644034611
-0.5303077068143615 0.5578115837482511 -0.040954954855839006
-0.5062028110500725 0.5554149667225237 -0.03254826567706704
-0.48209791528578316 0.5530183496967961 -0.02414157649829502
-0.45799301952149407 0.5506217326710686 -0.015734887319523057
-0.4338881237572049 0.5482251156453412 -0.007328198140751065
-0.4097832279929157 0.5458284986196136 0.0010784910380209273
-0.3856783322286265 0.5434318815938861 0.00948518021679292
-0.36157343646433737 0.5410352645681586 0.017891869395564912
-0.3374685407000483 0.5386386475424311 0.026298558574336876
-0.31336364493575913 0.5362420305167036 0.03470524775310887
-0.28925874917146993 0.5338454134909761 0.04311193693188086
-0.26515385340718073 0.5314487964652486 0.05151862611065285
-0.24104895764289158 0.5290521794395211 0.059925315289424845
-0.2169440618786025 0.5266555624137936 0.0683320044681968
-0.19283916611431332 0.524258945388066 0.0767386936469688
-0.16873427035002414 0.5218623283623386 0.08514538282574079
-0.14462937458573497 0.5194657113366111 0.09355207200451278
-0.12052447882144579 0.5170690943108835 0.10195876118328477
-0.09641958305715671 0.5146724772851561 0.11036545036205674
-0.07231468729286754 0.5122758602594286 0.11877213954082873
-0.04820979152857836 0.509879243233701 0.12717882871960073
-0.02410489576428918 0.5074826262079736 0.13558551789837273
0.0 0.5050860091822461 0.14399220707714472
-0.9400909348072772 0.6187575135529085 -0.178108982611877
-0.915986039042988 0.616360896527181 -0.16970229343310497
-0.8918811432786988 0.6139642795014535 -0.161295604254333
-0.8677762475144098 0.611567662475726 -0.15288891507556104
-0.8436713517501206 0.6091710454499984 -0.14448222589678908
-0.8195664559858314 0.606774428424271 -0.13607553671801706
-0.7954615602215422 0.6043778113985435 -0.12766884753924504
-0.771356664457253 0.6019811943728159 -0.11926215836047308
-0.7472517686929641 0.5995845773470885 -0.11085546918170111
-0.7231468729286749 0.597187960321361 -0.10244878000292915
-0.6990419771643857 0.5947913432956334 -0.09404209082415713
-0.6749370814000965 0.592394726269906 -0.08563540164538513
-0.6508321856358072 0.5899981092441785 -0.07722871246661314
-0.6267272898715183 0.587601492218451 -0.06882202328784118
-0.602622394107229 0.5852048751927235 -0.06041533410906916
-0.5785174983429399 0.582808258166996 -0.05200864493029719
-0.5544126025786507 0.5804116411412685 -0.0436019557515252
-0.5303077068143615 0.578015024115541 -0.03519526657275321
-0.5062028110500725 0.5756184070898135 -0.026788577393981244
-0.48209791528578316 0.573221790064086 -0.018381888215209224
-0.45799301952149407 0.5708251730383584 -0.009975199036437258
-0.4338881237572049 0.568428556012631 -0.0015685098576652668
-0.4097832279929157 0.5660319389869035 0.006838179321106725
-0.3856783322286265 0.5636353219611759 0.015244868499878718
-0.36157343646433737 0.5612387049354485 0.02365155767865071
-0.3374685407000483 0.558842087909721 0.03205824685742267
-0.31336364493575913 0.5564454708839934 0.040464936036194665
-0.28925874917146993 0.554048853858266 0.04887162521496666
-0.26515385340718073 0.5516522368325385 0.05727831439373865
-0.24104895764289158 0.5492556198068109 0.06568500357251064
-0.2169440618786025 0.5468590027810835 0.0740916927512826
-0.19283916611431332 0.544462385755356 0.0824983819300546
-0.16873427035002414 0.5420657687296284 0.09090507110882659
-0.14462937458573497 0.539669151703901 0.09931176028759858
-0.12052447882144579 0.5372725346781735 0.10771844946637057
-0.09641958305715671 0.534875917652446 0.11612513864514254
-0.07231468729286754 0.5324793006267184 0.12453182782391453
-0.04820979152857836 0.530082683600991 0.13293851700268652
-0.02410489576428918 0.5276860665752635 0.14134520618145852
0.0 0.5252894495495359 0.1497518953602305
-0.9400909348072772 0.6389609539201984 -0.1723492943287912
-0.915986039042988 0.6365643368944709 -0.16394260515001918
-0.8918811432786988 0.6341677198687433 -0.15553591597124722
-0.8677762475144098 0.6317711028430159 -0.14712922679247525
-0.8436713517501206 0.6293744858172884 -0.1387225376137033
-0.8195664559858314 0.6269778687915608 -0.13031584843493127
-0.7954615602215422 0.6245812517658333 -0.12190915925615924
-0.771356664457253 0.6221846347401059 -0.11350247007738727
-0.7472517686929641 0.6197880177143784 -0.1050957808986153
-0.7231468729286749 0.6173914006886508 -0.09668909171984334
-0.6990419771643857 0.6149947836629234 -0.08828240254107132
-0.6749370814000965 0.6125981666371959 -0.07987571336229933
-0.6508321856358072 0.6102015496114683 -0.07146902418352734
-0.6267272898715183 0.6078049325857409 -0.06306233500475537
-0.602622394107229 0.6054083155600134 -0.05465564582598336
-0.5785174983429399 0.6030116985342858 -0.046248956647211396
-0.5544126025786507 0.6006150815085584 -0.037842267468439404
-0.5303077068143615 0.5982184644828309 -0.02943557828966741
-0.5062028110500725 0.5958218474571033 -0.021028889110895444
-0.48209791528578316 0.5934252304313758 -0.012622199932123426
-0.45799301952149407 0.5910286134056484 -0.004215510753351461
-0.4338881237572049 0.5886319963799208 0.0041911784254205315
-0.4097832279929157 0.5862353793541933 0.012597867604192523
-0.3856783322286265 0.5838387623284659 0.021004556782964517
-0.36157343646433737 0.5814421453027383 0.02941124596173651
-0.3374685407000483 0.5790455282770108 0.03781793514050847
-0.31336364493575913 0.5766489112512834 0.04622462431928046
-0.28925874917146993 0.5742522942255558 0.054631313498052454
-0.26515385340718073 0.5718556771998283 0.06303800267682445
-0.24104895764289158 0.5694590601741009 0.07144469185559645
-0.2169440618786025 0.5670624431483734 0.07985138103436841
-0.19283916611431332 0.5646658261226458 0.0882580702131404
-0.16873427035002414 0.5622692090969184 0.0966647593919124
-0.14462937458573497 0.5598725920711909 0.10507144857068439
-0.12052447882144579 0.5574759750454633 0.11347813774945638
-0.09641958305715671 0.5550793580197358 0.12188482692822833
-0.07231468729286754 0.5526827409940084 0.13029151610700032
-0.04820979152857836 0.5502861239682808 0.1386982052857723
-0.02410489576428918 0.5478895069425533 0.1471048944645443
0.0 0.5454928899168259 0.1555115836433163
-0.9400909348072772 0.6591643942874882 -0.1665896060457054
-0.915986039042988 0.6567677772617606 -0.1581829168669334
-0.8918811432786988 0.6543711602360331 -0.14977622768816143
-0.8677762475144098 0.6519745432103057 -0.14136953850938946
-0.8436713517501206 0.6495779261845781 -0.1329628493306175
-0.8195664559858314 0.6471813091588506 -0.1245561601518455
-0.7954615602215422 0.6447846921331232 -0.11614947097307347
-0.771356664457253 0.6423880751073956 -0.10774278179430151
-0.7472517686929641 0.6399914580816681 -0.09933609261552954
-0.7231468729286749 0.6375948410559407 -0.09092940343675758
-0.6990419771643857 0.6351982240302131 -0.08252271425798556
-0.6749370814000965 0.6328016070044856 -0.07411602507921357
-0.6508321856358072 0.6304049899787582 -0.06570933590044158
-0.6267272898715183 0.6280083729530306 -0.05730264672166961
-0.602622394107229 0.6256117559273031 -0.04889595754289759
-0.5785174983429399 0.6232151389015756 -0.04048926836412563
-0.5544126025786507 0.6208185218758481 -0.032082579185353635
-0.5303077068143615 0.6184219048501206 -0.023675890006581643
-0.5062028110500725 0.6160252878243931 -0.015269200827809677
-0.48209791528578316 0.6136286707986656 -0.006862511649037658
-0.45799301952149407 0.6112320537729381 0.001544177529734307
-0.4338881237572049 0.6088354367472106 0.0099508667085063
-0.4097832279929157 0.6064388197214832 0.01835755588727829
-0.3856783322286265 0.6040422026957556 0.026764245066050282
-0.36157343646433737 0.6016455856700281 0.035170934244822274
-0.3374685407000483 0.5992489686443007 0.04357762342359424
-0.31336364493575913 0.5968523516185731 0.05198431260236623
-0.28925874917146993 0.5944557345928456 0.06039100178113822
-0.26515385340718073 0.5920591175671182 0.06879769095991022
-0.24104895764289158 0.5896625005413906 0.07720438013868221
-0.2169440618786025 0.5872658835156631 0.08561106931745417
-0.19283916611431332 0.5848692664899356 0.09401775849622616
-0.16873427035002414 0.5824726494642081 0.10242444767499816
-0.14462937458573497 0.5800760324384806 0.11083113685377015
-0.12052447882144579 0.5776794154127531 0.11923782603254214
-0.09641958305715671 0.5752827983870257 0.1276445152113141
-0.07231468729286754 0.5728861813612981 0.13605120439008608
-0.04820979152857836 0.5704895643355706 0.14445789356885808
-0.02410489576428918 0.5680929473098432 0.15286458274763007
0.0 0.5656963302841156 0.1612712719264021
-0.9400909348072772 0.679367834654778 -0.16082991776261962
-0.915986039042988 0.6769712176290505 -0.1524232285838476
-0.8918811432786988 0.674574600603323 -0.14401653940507564
-0.8677762475144098 0.6721779835775955 -0.13560985022630367
-0.8436713517501206 0.669781366551868 -0.1272031610475317
-0.8195664559858314 0.6673847495261405 -0.11879647186875969
-0.7954615602215422 0.664988132500413 -0.11038978268998767
-0.771356664457253 0.6625915154746855 -0.1019830935112157
-0.7472517686929641 0.6601948984489581 -0.09357640433244374
-0.7231468729286749 0.6577982814232305 -0.08516971515367178
-0.6990419771643857 0.655401664397503 -0.07676302597489976
-0.6749370814000965 0.6530050473717756 -0.06835633679612776
-0.6508321856358072 0.650608430346048 -0.05994964761735578
-0.6267272898715183 0.6482118133203205 -0.051542958438583815
-0.602622394107229 0.645815196294593 -0.043136269259811795
-0.5785174983429399 0.6434185792688655 -0.03472958008103983
-0.5544126025786507 0.641021962243138 -0.026322890902267835
-0.5303077068143615 0.6386253452174105 -0.017916201723495843
-0.5062028110500725 0.636228728191683 -0.009509512544723878
-0.48209791528578316 0.6338321111659555 -0.0011028233659518593
-0.45799301952149407 0.631435494140228 0.007303865812820105
-0.4338881237572049 0.6290388771145005 0.015710554991592098
-0.4097832279929157 0.626642260088773 0.02411724417036409
-0.3856783322286265 0.6242456430630455 0.03252393334913608
-0.36157343646433737 0.621849026037318 0.04093062252790807
-0.3374685407000483 0.6194524090115905 0.049337311706680036
-0.31336364493575913 0.617055791985863 0.05774400088545203
-0.28925874917146993 0.6146591749601354 0.06615069006422403
-0.26515385340718073 0.612262557934408 0.07455737924299602
-0.24104895764289158 0.6098659409086805 0.08296406842176801
-0.2169440618786025 0.607469323882953 0.09137075760053998
-0.19283916611431332 0.6050727068572255 0.09977744677931197
-0.16873427035002414 0.602676089831498 0.10818413595808396
-0.14462937458573497 0.6002794728057705 0.11659082513685595
-0.12052447882144579 0.597882855780043 0.12499751431562794
-0.09641958305715671 0.5954862387543155 0.1334042034943999
-0.07231468729286754 0.593089621728588 0.1418108926731719
-0.04820979152857836 0.5906930047028605 0.1502175818519439
-0.02410489576428918 0.588296387677133 0.15862427103071589
0.0 0.5858997706514055 0.16703096020948788
-0.9400909348072772 0.6995712750220678 -0.15507022947953383
-0.915986039042988 0.6971746579963404 -0.1466635403007618
-0.8918811432786988 0.6947780409706129 -0.13825685112198985
-0.8677762475144098 0.6923814239448854 -0.12985016194321788
-0.8436713517501206 0.6899848069191579 -0.12144347276444592
-0.8195664559858314 0.6875881898934304 -0.1130367835856739
-0.7954615602215422 0.6851915728677029 -0.10463009440690188
-0.771356664457253 0.6827949558419754 -0.09622340522812992
-0.7472517686929641 0.6803983388162479 -0.08781671604935795
-0.7231468729286749 0.6780017217905204 -0.07941002687058599
-0.6990419771643857 0.6756051047647929 -0.07100333769181397
-0.6749370814000965 0.6732084877390654 -0.06259664851304197
-0.6508321856358072 0.6708118707133379 -0.054189959334269976
-0.6267272898715183 0.6684152536876103 -0.04578327015549801
-0.602622394107229 0.6660186366618829 -0.03737658097672599
-0.5785174983429399 0.6636220196361554 -0.02896989179795403
-0.5544126025786507 0.6612254026104278 -0.020563202619182038
-0.5303077068143615 0.6588287855847004 -0.012156513440410046
-0.5062028110500725 0.6564321685589729 -0.003749824261638081
-0.48209791528578316 0.6540355515332453 0.004656864917133939
-0.45799301952149407 0.6516389345075179 0.013063554095905903
-0.4338881237572049 0.6492423174817904 0.021470243274677895
-0.4097832279929157 0.6468457004560628 0.029876932453449887
-0.3856783322286265 0.6444490834303354 0.03828362163222188
-0.36157343646433737 0.6420524664046079 0.046690310810993875
-0.3374685407000483 0.6396558493788804 0.05509699998976584
-0.31336364493575913 0.6372592323531528 0.06350368916853782
-0.28925874917146993 0.6348626153274254 0.07191037834730982
-0.26515385340718073 0.6324659983016979 0.08031706752608181
-0.24104895764289158 0.6300693812759703 0.0887237567048538
-0.2169440618786025 0.6276727642502429 0.09713044588362577
-0.19283916611431332 0.6252761472245154 0.10553713506239776
-0.16873427035002414 0.6228795301987878 0.11394382424116975
-0.14462937458573497 0.6204829131730604 0.12235051341994174
-0.12052447882144579 0.6180862961473329 0.13075720259871373
-0.09641958305715671 0.6156896791216053 0.1391638917774857
-0.07231468729286754 0.6132930620958779 0.1475705809562577
-0.04820979152857836 0.6108964450701504 0.15597727013502968
-0.02410489576428918 0.6084998280444228 0.16438395931380168
0.0 0.6061032110186954 0.17279064849257367
-0.9400909348072772 0.7197747153893577 -0.14931054119644807
-0.915986039042988 0.7173780983636302 -0.14090385201767605
-0.8918811432786988 0.7149814813379026 -0.1324971628389041
-0.8677762475144098 0.7125848643121752 -0.12409047366013211
-0.8436713517501206 0.7101882472864477 -0.11568378448136014
-0.8195664559858314 0.7077916302607201 -0.10727709530258812
-0.7954615602215422 0.7053950132349927 -0.0988704061238161
-0.771356664457253 0.7029983962092652 -0.09046371694504414
-0.7472517686929641 0.7006017791835376 -0.08205702776627218
-0.7231468729286749 0.6982051621578101 -0.07365033858750021
-0.6990419771643857 0.6958085451320827 -0.06524364940872819
-0.6749370814000965 0.6934119281063551 -0.056836960229956206
-0.6508321856358072 0.6910153110806276 -0.048430271051184214
-0.6267272898715183 0.6886186940549002 -0.04002358187241225
-0.602622394107229 0.6862220770291726 -0.03161689269364023
-0.5785174983429399 0.6838254600034451 -0.02321020351486826
-0.5544126025786507 0.6814288429777177 -0.014803514336096269
-0.5303077068143615 0.6790322259519902 -0.006396825157324278
-0.5062028110500725 0.6766356089262626 0.002009864021447687
-0.48209791528578316 0.6742389919005352 0.010416553200219707
-0.45799301952149407 0.6718423748748077 0.018823242378991672
-0.4338881237572049 0.6694457578490801 0.027229931557763664
-0.4097832279929157 0.6670491408233526 0.03563662073653565
-0.3856783322286265 0.6646525237976252 0.044043309915307645
-0.36157343646433737 0.6622559067718976 0.05244999909407964
-0.3374685407000483 0.6598592897461701 0.0608566882728516
-0.31336364493575913 0.6574626727204427 0.0692633774516236
-0.28925874917146993 0.6550660556947151 0.07767006663039559
-0.26515385340718073 0.6526694386689876 0.08607675580916758
-0.24104895764289158 0.6502728216432602 0.09448344498793958
-0.2169440618786025 0.6478762046175326 0.10289013416671154
-0.19283916611431332 0.6454795875918051 0.11129682334548353
-0.16873427035002414 0.6430829705660777 0.11970351252425553
-0.14462937458573497 0.6406863535403501 0.1281102017030275
-0.12052447882144579 0.6382897365146226 0.1365168908817995
-0.09641958305715671 0.6358931194888952 0.14492358006057146
-0.07231468729286754 0.6334965024631677 0.15333026923934345
-0.04820979152857836 0.6310998854374401 0.16173695841811545
-0.02410489576428918 0.6287032684117126 0.17014364759688744
0.0 0.6263066513859852 0.17855033677565943
-0.9400909348072772 0.7399781557566475 -0.14355085291336225
-0.915986039042988 0.73758153873092 -0.13514416373459023
-0.8918811432786988 0.7351849217051926 -0.12673747455581827
-0.8677762475144098 0.7327883046794651 -0.11833078537704632
-0.8436713517501206 0.7303916876537375 -0.10992409619827435
-0.8195664559858314 0.72799507062801 -0.10151740701950233
-0.7954615602215422 0.7255984536022826 -0.09311071784073031
-0.771356664457253 0.723201836576555 -0.08470402866195835
-0.7472517686929641 0.7208052195508275 -0.07629733948318639
-0.7231468729286749 0.7184086025251001 -0.06789065030441442
-0.6990419771643857 0.7160119854993725 -0.059483961125642394
-0.6749370814000965 0.713615368473645 -0.0510772719468704
-0.6508321856358072 0.7112187514479176 -0.04267058276809841
-0.6267272898715183 0.70882213442219 -0.034263893589326445
-0.602622394107229 0.7064255173964625 -0.02585720441055443
-0.5785174983429399 0.7040289003707351 -0.017450515231782465
-0.5544126025786507 0.7016322833450075 -0.009043826053010472
-0.5303077068143615 0.69923566631928 -0.0006371368742384794
-0.5062028110500725 0.6968390492935526 0.007769552304533485
-0.48209791528578316 0.694442432267825 0.016176241483305504
-0.45799301952149407 0.6920458152420975 0.02458293066207747
-0.4338881237572049 0.68964919821637 0.032989619840849464
-0.4097832279929157 0.6872525811906425 0.041396309019621456
-0.3856783322286265 0.684855964164915 0.04980299819839345
-0.36157343646433737 0.6824593471391875 0.05820968737716544
-0.3374685407000483 0.6800627301134601 0.0666163765559374
-0.31336364493575913 0.6776661130877325 0.07502306573470939
-0.28925874917146993 0.675269496062005 0.08342975491348138
-0.26515385340718073 0.6728728790362776 0.09183644409225337
-0.24104895764289158 0.67047626201055 0.10024313327102537
-0.2169440618786025 0.6680796449848225 0.10864982244979733
-0.19283916611431332 0.6656830279590951 0.11705651162856932
-0.16873427035002414 0.6632864109333675 0.12546320080734133
-0.14462937458573497 0.66088979390764 0.13386988998611332
-0.12052447882144579 0.6584931768819126 0.14227657916488531
-0.09641958305715671 0.656096559856185 0.15068326834365725
-0.07231468729286754 0.6536999428304575 0.15908995752242927
-0.04820979152857836 0.65130332580473 0.16749664670120126
-0.02410489576428918 0.6489067087790025 0.17590333587997325
0.0 0.646510091753275 0.18431002505874525
-0.9400909348072772 0.7601815961239374 -0.13779116463027646
-0.915986039042988 0.7577849790982099 -0.12938447545150444
-0.8918811432786988 0.7553883620724824 -0.12097778627273248
-0.8677762475144098 0.7529917450467549 -0.11257109709396051
-0.8436713517501206 0.7505951280210275 -0.10416440791518855
-0.8195664559858314 0.7481985109952999 -0.09575771873641653
-0.7954615602215422 0.7458018939695724 -0.08735102955764451
-0.771356664457253 0.743405276943845 -0.07894434037887255
-0.7472517686929641 0.7410086599181174 -0.07053765120010058
-0.7231468729286749 0.7386120428923899 -0.06213096202132862
-0.6990419771643857 0.7362154258666624 -0.0537242728425566
-0.6749370814000965 0.7338188088409349 -0.045317583663784605
-0.6508321856358072 0.7314221918152074 -0.03691089448501261
-0.6267272898715183 0.7290255747894799 -0.02850420530624065
-0.602622394107229 0.7266289577637524 -0.02009751612746863
-0.5785174983429399 0.7242323407380249 -0.011690826948696666
-0.5544126025786507 0.7218357237122974 -0.0032841377699246734
-0.5303077068143615 0.7194391066865699 0.005122551408847318
-0.5062028110500725 0.7170424896608424 0.013529240587619283
-0.48209791528578316 0.7146458726351149 0.021935929766391304
-0.45799301952149407 0.7122492556093875 0.03034261894516327
-0.4338881237572049 0.7098526385836599 0.03874930812393526
-0.4097832279929157 0.7074560215579324 0.04715599730270725
-0.3856783322286265 0.705059404532205 0.055562686481479245
-0.36157343646433737 0.7026627875064774 0.06396937566025124
-0.3374685407000483 0.7002661704807499 0.0723760648390232
-0.31336364493575913 0.6978695534550224 0.0807827540177952
-0.28925874917146993 0.6954729364292949 0.08918944319656719
-0.26515385340718073 0.6930763194035674 0.09759613237533918
-0.24104895764289158 0.6906797023778399 0.10600282155411117
-0.2169440618786025 0.6882830853521124 0.11440951073288314
-0.19283916611431332 0.6858864683263849 0.12281619991165513
-0.16873427035002414 0.6834898513006574 0.13122288909042712
-0.14462937458573497 0.6810932342749298 0.1396295782691991
-0.12052447882144579 0.6786966172492024 0.1480362674479711
-0.09641958305715671 0.6763000002234749 0.15644295662674307
-0.07231468729286754 0.6739033831977473 0.16484964580551506
-0.04820979152857836 0.6715067661720199 0.17325633498428705
-0.02410489576428918 0.6691101491462924 0.18166302416305904
0.0 0.6667135321205648 0.19006971334183104
-0.9400909348072772 0.7803850364912271 -0.1320314763471907
-0.915986039042988 0.7779884194654997 -0.12362478716841868
-0.8918811432786988 0.7755918024397722 -0.11521809798964672
-0.8677762475144098 0.7731951854140446 -0.10681140881087475
-0.8436713517501206 0.7707985683883172 -0.09840471963210279
-0.8195664559858314 0.7684019513625897 -0.08999803045333077
-0.7954615602215422 0.7660053343368621 -0.08159134127455875
-0.771356664457253 0.7636087173111347 -0.07318465209578678
-0.7472517686929641 0.7612121002854072 -0.06477796291701482
-0.7231468729286749 0.7588154832596796 -0.05637127373824285
-0.6990419771643857 0.7564188662339522 -0.04796458455947083
-0.6749370814000965 0.7540222492082247 -0.039557895380698836
-0.6508321856358072 0.7516256321824971 -0.031151206201926847
-0.6267272898715183 0.7492290151567697 -0.022744517023154883
-0.602622394107229 0.7468323981310422 -0.014337827844382861
-0.5785174983429399 0.7444357811053147 -0.005931138665610898
-0.5544126025786507 0.7420391640795871 0.0024755505131610943
-0.5303077068143615 0.7396425470538597 0.010882239691933087
-0.5062028110500725 0.7372459300281322 0.01928892887070505
-0.48209791528578316 0.7348493130024046 0.02769561804947707
-0.45799301952149407 0.7324526959766772 0.03610230722824904
-0.4338881237572049 0.7300560789509497 0.04450899640702103
-0.4097832279929157 0.7276594619252221 0.05291568558579302
-0.3856783322286265 0.7252628448994947 0.061322374764565014
-0.36157343646433737 0.7228662278737672 0.069729063943337
-0.3374685407000483 0.7204696108480396 0.07813575312210896
-0.31336364493575913 0.7180729938223122 0.08654244230088096
-0.28925874917146993 0.7156763767965847 0.09494913147965295
-0.26515385340718073 0.7132797597708571 0.10335582065842494
-0.24104895764289158 0.7108831427451296 0.11176250983719693
-0.2169440618786025 0.7084865257194022 0.1201691990159689
-0.19283916611431332 0.7060899086936747 0.1285758881947409
-0.16873427035002414 0.7036932916679471 0.13698257737351288
-0.14462937458573497 0.7012966746422197 0.14538926655228487
-0.12052447882144579 0.6989000576164922 0.15379595573105687
-0.09641958305715671 0.6965034405907646 0.16220264490982883
-0.07231468729286754 0.6941068235650372 0.17060933408860082
-0.04820979152857836 0.6917102065393097 0.17901602326737281
-0.02410489576428918 0.6893135895135821 0.1874227124461448
0.0 0.6869169724878547 0.1958294016249168
-0.9400909348072772 0.8005884768585171 -0.1262717880641049
-0.915986039042988 0.7981918598327895 -0.11786509888533288
-0.8918811432786988 0.795795242807062 -0.10945840970656091
-0.8677762475144098 0.7933986257813346 -0.10105172052778895
-0.8436713517501206 0.7910020087556071 -0.09264503134901698
-0.8195664559858314 0.7886053917298795 -0.08423834217024496
-0.7954615602215422 0.7862087747041521 -0.07583165299147294
-0.771356664457253 0.7838121576784246 -0.06742496381270098
-0.7472517686929641 0.781415540652697 -0.059018274633929016
-0.7231468729286749 0.7790189236269696 -0.05061158545515705
-0.6990419771643857 0.7766223066012421 -0.04220489627638503
-0.6749370814000965 0.7742256895755145 -0.03379820709761304
-0.6508321856358072 0.771829072549787 -0.025391517918841047
-0.6267272898715183 0.7694324555240596 -0.016984828740069083
-0.602622394107229 0.767035838498332 -0.008578139561297065
-0.5785174983429399 0.7646392214726045 -0.00017145038252509967
-0.5544126025786507 0.7622426044468771 0.008235238796246892
-0.5303077068143615 0.7598459874211495 0.016641927975018886
-0.5062028110500725 0.757449370395422 0.02504861715379085
-0.48209791528578316 0.7550527533696946 0.03345530633256287
-0.45799301952149407 0.7526561363439671 0.041861995511334835
-0.4338881237572049 0.7502595193182395 0.05026868469010683
-0.4097832279929157 0.7478629022925121 0.05867537386887882
-0.3856783322286265 0.7454662852667846 0.06708206304765081
-0.36157343646433737 0.743069668241057 0.0754887522264228
-0.3374685407000483 0.7406730512153296 0.08389544140519477
-0.31336364493575913 0.7382764341896021 0.09230213058396676
-0.28925874917146993 0.7358798171638745 0.10070881976273875
-0.26515385340718073 0.733483200138147 0.10911550894151074
-0.24104895764289158 0.7310865831124196 0.11752219812028274
-0.2169440618786025 0.728689966086692 0.1259288872990547
-0.19283916611431332 0.7262933490609645 0.13433557647782668
-0.16873427035002414 0.7238967320352371 0.14274226565659867
-0.14462937458573497 0.7215001150095095 0.15114895483537066
-0.12052447882144579 0.719103497983782 0.15955564401414266
-0.09641958305715671 0.7167068809580546 0.16796233319291462
-0.07231468729286754 0.714310263932327 0.1763690223716866
-0.04820979152857836 0.7119136469065995 0.1847757115504586
-0.02410489576428918 0.7095170298808721 0.1931824007292306
0.0 0.7071204128551445 0.2015890899080026
-0.9400909348072772 0.8207919172258069 -0.1205120997810191
-0.915986039042988 0.8183953002000794 -0.11210541060224707
-0.8918811432786988 0.815998683174352 -0.10369872142347511
-0.8677762475144098 0.8136020661486244 -0.09529203224470315
-0.8436713517501206 0.8112054491228969 -0.08688534306593118
-0.8195664559858314 0.8088088320971695 -0.07847865388715916
-0.7954615602215422 0.8064122150714419 -0.07007196470838714
-0.771356664457253 0.8040155980457144 -0.061665275529615184
-0.7472517686929641 0.801618981019987 -0.05325858635084322
-0.7231468729286749 0.7992223639942594 -0.044851897172071255
-0.6990419771643857 0.7968257469685319 -0.036445207993299235
-0.6749370814000965 0.7944291299428045 -0.028038518814527243
-0.6508321856358072 0.7920325129170769 -0.01963182963575525
-0.6267272898715183 0.7896358958913494 -0.011225140456983286
-0.602622394107229 0.787239278865622 -0.0028184512782112657
-0.5785174983429399 0.7848426618398945 0.005588237900560698
-0.5544126025786507 0.7824460448141669 0.01399492707933269
-0.5303077068143615 0.7800494277884394 0.022401616258104683
-0.5062028110500725 0.777652810762712 0.030808305436876647
-0.48209791528578316 0.7752561937369844 0.03921499461564867
-0.45799301952149407 0.7728595767112569 0.04762168379442063
-0.4338881237572049 0.7704629596855295 0.056028372973192624
-0.4097832279929157 0.7680663426598019 0.06443506215196462
-0.3856783322286265 0.7656697256340744 0.07284175133073661
-0.36157343646433737 0.763273108608347 0.08124844050950861
-0.3374685407000483 0.7608764915826194 0.08965512968828057
-0.31336364493575913 0.7584798745568919 0.09806181886705256
-0.28925874917146993 0.7560832575311645 0.10646850804582456
-0.26515385340718073 0.7536866405054369 0.11487519722459655
-0.24104895764289158 0.7512900234797094 0.12328188640336854
-0.2169440618786025 0.748893406453982 0.1316885755821405
-0.19283916611431332 0.7464967894282545 0.1400952647609125
-0.16873427035002414 0.7441001724025269 0.1485019539396845
-0.14462937458573497 0.7417035553767994 0.15690864311845648
-0.12052447882144579 0.7393069383510719 0.16531533229722847
-0.09641958305715671 0.7369103213253444 0.17372202147600044
-0.07231468729286754 0.7345137042996169 0.18212871065477243
-0.04820979152857836 0.7321170872738895 0.19053539983354442
-0.02410489576428918 0.7297204702481619 0.19894208901231641
0.0 0.7273238532224344 0.2073487781910884
-0.9400909348072772 0.8409953575930967 -0.11475241149793333
-0.915986039042988 0.8385987405673692 -0.10634572231916131
-0.8918811432786988 0.8362021235416417 -0.09793903314038935
-0.8677762475144098 0.8338055065159142 -0.08953234396161738
-0.8436713517501206 0.8314088894901868 -0.08112565478284542
-0.8195664559858314 0.8290122724644592 -0.0727189656040734
-0.7954615602215422 0.8266156554387317 -0.06431227642530138
-0.771356664457253 0.8242190384130043 -0.055905587246529415
-0.7472517686929641 0.8218224213872767 -0.04749889806775745
-0.7231468729286749 0.8194258043615492 -0.039092208888985486
-0.6990419771643857 0.8170291873358217 -0.030685519710213466
-0.6749370814000965 0.8146325703100942 -0.022278830531441474
-0.6508321856358072 0.8122359532843667 -0.013872141352669483
-0.6267272898715183 0.8098393362586392 -0.005465452173897518
-0.602622394107229 0.8074427192329117 0.002941237004874502
-0.5785174983429399 0.8050461022071842 0.011347926183646466
-0.5544126025786507 0.8026494851814567 0.01975461536241846
-0.5303077068143615 0.8002528681557292 0.02816130454119045
-0.5062028110500725 0.7978562511300017 0.036567993719962416
-0.48209791528578316 0.7954596341042742 0.044974682898734436
-0.45799301952149407 0.7930630170785467 0.0533813720775064
-0.4338881237572049 0.7906664000528192 0.06178806125627839
-0.4097832279929157 0.7882697830270917 0.07019475043505038
-0.3856783322286265 0.7858731660013641 0.07860143961382238
-0.36157343646433737 0.7834765489756367 0.08700812879259437
-0.3374685407000483 0.7810799319499092 0.09541481797136633
-0.31336364493575913 0.7786833149241817 0.10382150715013833
-0.28925874917146993 0.7762866978984542 0.11222819632891032
-0.26515385340718073 0.7738900808727267 0.12063488550768231
-0.24104895764289158 0.7714934638469992 0.1290415746864543
-0.2169440618786025 0.7690968468212717 0.13744826386522627
-0.19283916611431332 0.7667002297955442 0.14585495304399826
-0.16873427035002414 0.7643036127698167 0.15426164222277025
-0.14462937458573497 0.7619069957440892 0.16266833140154224
-0.12052447882144579 0.7595103787183617 0.17107502058031424
-0.09641958305715671 0.7571137616926342 0.1794817097590862
-0.07231468729286754 0.7547171446669066 0.1878883989378582
-0.04820979152857836 0.7523205276411792 0.19629508811663018
-0.02410489576428918 0.7499239106154517 0.20470177729540218
0.0 0.7475272935897241 0.21310846647417417
-0.9400909348072772 0.8611987979603866 -0.10899272321484753
-0.915986039042988 0.8588021809346591 -0.10058603403607551
-0.8918811432786988 0.8564055639089316 -0.09217934485730354
-0.8677762475144098 0.8540089468832041 -0.08377265567853158
-0.8436713517501206 0.8516123298574766 -0.07536596649975962
-0.8195664559858314 0.8492157128317491 -0.0669592773209876
-0.7954615602215422 0.8468190958060215 -0.05855258814221558
-0.771356664457253 0.8444224787802941 -0.05014589896344362
-0.7472517686929641 0.8420258617545666 -0.04173920978467165
-0.7231468729286749 0.839629244728839 -0.03333252060589969
-0.6990419771643857 0.8372326277031116 -0.02492583142712767
-0.6749370814000965 0.8348360106773841 -0.016519142248355677
-0.6508321856358072 0.8324393936516565 -0.008112453069583685
-0.6267272898715183 0.8300427766259291 0.0002942361091882801
-0.602622394107229 0.8276461596002016 0.0087009252879603
-0.5785174983429399 0.825249542574474 0.017107614466732264
-0.5544126025786507 0.8228529255487466 0.025514303645504256
-0.5303077068143615 0.8204563085230191 0.03392099282427625
-0.5062028110500725 0.8180596914972916 0.04232768200304821
-0.48209791528578316 0.815663074471564 0.05073437118182023
-0.45799301952149407 0.8132664574458366 0.0591410603605922
-0.4338881237572049 0.8108698404201091 0.0675477495393642
-0.4097832279929157 0.8084732233943815 0.07595443871813619
-0.3856783322286265 0.8060766063686541 0.08436112789690818
-0.36157343646433737 0.8036799893429266 0.09276781707568017
-0.3374685407000483 0.801283372317199 0.10117450625445214
-0.31336364493575913 0.7988867552914716 0.10958119543322413
-0.28925874917146993 0.7964901382657441 0.11798788461199612
-0.26515385340718073 0.7940935212400165 0.1263945737907681
-0.24104895764289158 0.7916969042142891 0.1348012629695401
-0.2169440618786025 0.7893002871885616 0.14320795214831206
-0.19283916611431332 0.786903670162834 0.15161464132708405
-0.16873427035002414 0.7845070531371066 0.16002133050585604
-0.14462937458573497 0.7821104361113791 0.16842801968462803
-0.12052447882144579 0.7797138190856515 0.17683470886340003
-0.09641958305715671 0.777317202059924 0.185241398042172
-0.07231468729286754 0.7749205850341966 0.19364808722094398
-0.04820979152857836 0.7725239680084691 0.20205477639971597
-0.02410489576428918 0.7701273509827415 0.21046146557848797
0.0 0.7677307339570141 0.21886815475725996
-0.9400909348072772 0.8814022383276765 -0.10323303493176174
-0.915986039042988 0.8790056213019489 -0.09482634575298972
-0.8918811432786988 0.8766090042762215 -0.08641965657421775
-0.8677762475144098 0.874212387250494 -0.07801296739544579
-0.8436713517501206 0.8718157702247664 -0.06960627821667383
-0.8195664559858314 0.869419153199039 -0.061199589037901805
-0.7954615602215422 0.8670225361733115 -0.052792899859129785
-0.771356664457253 0.8646259191475839 -0.04438621068035782
-0.7472517686929641 0.8622293021218564 -0.03597952150158586
-0.7231468729286749 0.859832685096129 -0.02757283232281389
-0.6990419771643857 0.8574360680704015 -0.01916614314404187
-0.6749370814000965 0.8550394510446739 -0.010759453965269878
-0.6508321856358072 0.8526428340189465 -0.002352764786497886
-0.6267272898715183 0.850246216993219 0.006053924392274078
-0.602622394107229 0.8478495999674914 0.014460613571046098
-0.5785174983429399 0.845452982941764 0.022867302749818064
-0.5544126025786507 0.8430563659160365 0.03127399192859005
-0.5303077068143615 0.8406597488903089 0.039680681107362045
-0.5062028110500725 0.8382631318645815 0.04808737028613401
-0.48209791528578316 0.835866514838854 0.05649405946490603
-0.45799301952149407 0.8334698978131264 0.064900748643678
-0.4338881237572049 0.831073280787399 0.07330743782244999
-0.4097832279929157 0.8286766637616715 0.08171412700122198
-0.3856783322286265 0.8262800467359439 0.09012081617999397
-0.36157343646433737 0.8238834297102164 0.09852750535876596
-0.3374685407000483 0.821486812684489 0.10693419453753793
-0.31336364493575913 0.8190901956587614 0.11534088371630992
-0.28925874917146993 0.8166935786330339 0.12374757289508191
-0.26515385340718073 0.8142969616073065 0.13215426207385392
-0.24104895764289158 0.8119003445815789 0.1405609512526259
-0.2169440618786025 0.8095037275558514 0.14896764043139787
-0.19283916611431332 0.807107110530124 0.15737432961016987
-0.16873427035002414 0.8047104935043965 0.16578101878894186
-0.14462937458573497 0.8023138764786689 0.17418770796771385
-0.12052447882144579 0.7999172594529415 0.18259439714648584
-0.09641958305715671 0.797520642427214 0.19100108632525778
-0.07231468729286754 0.7951240254014864 0.19940777550402977
-0.04820979152857836 0.792727408375759 0.20781446468280176
-0.02410489576428918 0.7903307913500315 0.21622115386157378
0.0 0.7879341743243039 0.22462784304034578
-0.9400909348072772 0.9016056786949663 -0.09747334664867593
-0.915986039042988 0.8992090616692389 -0.08906665746990391
-0.8918811432786988 0.8968124446435114 -0.08065996829113195
-0.8677762475144098 0.8944158276177838 -0.07225327911235999
-0.8436713517501206 0.8920192105920564 -0.06384658993358802
-0.8195664559858314 0.8896225935663289 -0.05543990075481601
-0.7954615602215422 0.8872259765406013 -0.04703321157604399
-0.771356664457253 0.8848293595148738 -0.038626522397272024
-0.7472517686929641 0.8824327424891464 -0.030219833218500056
-0.7231468729286749 0.8800361254634188 -0.021813144039728092
-0.6990419771643857 0.8776395084376913 -0.013406454860956072
-0.6749370814000965 0.8752428914119639 -0.00499976568218408
-0.6508321856358072 0.8728462743862363 0.003406923496587912
-0.6267272898715183 0.8704496573605088 0.011813612675359877
-0.602622394107229 0.8680530403347814 0.020220301854131897
-0.5785174983429399 0.8656564233090538 0.02862699103290386
-0.5544126025786507 0.8632598062833263 0.03703368021167585
-0.5303077068143615 0.8608631892575989 0.04544036939044784
-0.5062028110500725 0.8584665722318714 0.053847058569219806
-0.48209791528578316 0.8560699552061438 0.062253747747991826
-0.45799301952149407 0.8536733381804164 0.0706604369267638
-0.4338881237572049 0.8512767211546889 0.07906712610553579
-0.4097832279929157 0.8488801041289613 0.08747381528430778
-0.3856783322286265 0.8464834871032338 0.09588050446307977
-0.36157343646433737 0.8440868700775064 0.10428719364185177
-0.3374685407000483 0.8416902530517788 0.11269388282062373
-0.31336364493575913 0.8392936360260513 0.12110057199939572
-0.28925874917146993 0.8368970190003239 0.12950726117816772
-0.26515385340718073 0.8345004019745963 0.1379139503569397
-0.24104895764289158 0.8321037849488688 0.1463206395357117
-0.2169440618786025 0.8297071679231414 0.15472732871448366
-0.19283916611431332 0.8273105508974138 0.16313401789325566
-0.16873427035002414 0.8249139338716863 0.17154070707202765
-0.14462937458573497 0.8225173168459589 0.17994739625079964
-0.12052447882144579 0.8201206998202313 0.18835408542957163
-0.09641958305715671 0.8177240827945038 0.1967607746083436
-0.07231468729286754 0.8153274657687763 0.2051674637871156
-0.04820979152857836 0.8129308487430488 0.21357415296588758
-0.02410489576428918 0.8105342317173213 0.22198084214465957
0.0 0.8081376146915938 0.23038753132343157
-0.9400909348072772 0.9218091190622562 -0.09171365836559017
-0.915986039042988 0.9194125020365286 -0.08330696918681815
-0.8918811432786988 0.9170158850108011 -0.07490028000804619
-0.8677762475144098 0.9146192679850736 -0.06649359082927422
-0.8436713517501206 0.9122226509593461 -0.05808690165050226
-0.8195664559858314 0.9098260339336186 -0.04968021247173024
-0.7954615602215422 0.9074294169078911 -0.04127352329295822
-0.771356664457253 0.9050327998821636 -0.032866834114186255
-0.7472517686929641 0.9026361828564361 -0.024460144935414287
-0.7231468729286749 0.9002395658307086 -0.016053455756642323
-0.6990419771643857 0.8978429488049812 -0.007646766577870305
-0.6749370814000965 0.8954463317792536 0.0007599226009016876
-0.6508321856358072 0.8930497147535261 0.00916661177967368
-0.6267272898715183 0.8906530977277987 0.017573300958445646
-0.602622394107229 0.8882564807020711 0.025979990137217666
-0.5785174983429399 0.8858598636763436 0.03438667931598963
-0.5544126025786507 0.8834632466506162 0.04279336849476162
-0.5303077068143615 0.8810666296248886 0.05120005767353361
-0.5062028110500725 0.8786700125991611 0.059606746852305575
-0.48209791528578316 0.8762733955734336 0.0680134360310776
-0.45799301952149407 0.8738767785477061 0.07642012520984956
-0.4338881237572049 0.8714801615219786 0.08482681438862155
-0.4097832279929157 0.8690835444962511 0.09323350356739354
-0.3856783322286265 0.8666869274705236 0.10164019274616554
-0.36157343646433737 0.8642903104447961 0.11004688192493753
-0.3374685407000483 0.8618936934190686 0.11845357110370949
-0.31336364493575913 0.859497076393341 0.12686026028248149
-0.28925874917146993 0.8571004593676136 0.13526694946125348
-0.26515385340718073 0.8547038423418861 0.14367363864002547
-0.24104895764289158 0.8523072253161585 0.15208032781879746
-0.2169440618786025 0.8499106082904311 0.16048701699756943
-0.19283916611431332 0.8475139912647036 0.16889370617634142
-0.16873427035002414 0.8451173742389761 0.1773003953551134
-0.14462937458573497 0.8427207572132486 0.1857070845338854
-0.12052447882144579 0.8403241401875211 0.1941137737126574
-0.09641958305715671 0.8379275231617936 0.20252046289142936
-0.07231468729286754 0.8355309061360661 0.21092715207020135
-0.04820979152857836 0.8331342891103386 0.21933384124897334
-0.02410489576428918 0.8307376720846111 0.22774053042774534
0.0 0.8283410550588836 0.23614721960651733
-0.9400909348072772 0.942012559429546 -0.08595397008250437
-0.915986039042988 0.9396159424038185 -0.07754728090373235
-0.8918811432786988 0.9372193253780909 -0.06914059172496038
-0.8677762475144098 0.9348227083523635 -0.06073390254618843
-0.8436713517501206 0.932426091326636 -0.05232721336741646
-0.8195664559858314 0.9300294743009084 -0.04392052418864444
-0.7954615602215422 0.927632857275181 -0.03551383500987242
-0.771356664457253 0.9252362402494535 -0.027107145831100455
-0.7472517686929641 0.922839623223726 -0.01870045665232849
-0.7231468729286749 0.9204430061979985 -0.010293767473556526
-0.6990419771643857 0.918046389172271 -0.0018870782947845064
-0.6749370814000965 0.9156497721465435 0.006519610883987486
-0.6508321856358072 0.913253155120816 0.014926300062759478
-0.6267272898715183 0.9108565380950885 0.023332989241531443
-0.602622394107229 0.908459921069361 0.03173967842030346
-0.5785174983429399 0.9060633040436334 0.04014636759907542
-0.5544126025786507 0.903666687017906 0.048553056777847416
-0.5303077068143615 0.9012700699921785 0.05695974595661941
-0.5062028110500725 0.8988734529664509 0.06536643513539138
-0.48209791528578316 0.8964768359407235 0.0737731243141634
-0.45799301952149407 0.894080218914996 0.08217981349293536
-0.4338881237572049 0.8916836018892684 0.09058650267170736
-0.4097832279929157 0.889286984863541 0.09899319185047935
-0.3856783322286265 0.8868903678378135 0.10739988102925134
-0.36157343646433737 0.8844937508120859 0.11580657020802333
-0.3374685407000483 0.8820971337863585 0.1242132593867953
-0.31336364493575913 0.879700516760631 0.13261994856556727
-0.28925874917146993 0.8773038997349035 0.14102663774433927
-0.26515385340718073 0.874907282709176 0.14943332692311126
-0.24104895764289158 0.8725106656834485 0.15784001610188325
-0.2169440618786025 0.870114048657721 0.16624670528065522
-0.19283916611431332 0.8677174316319934 0.1746533944594272
-0.16873427035002414 0.865320814606266 0.1830600836381992
-0.14462937458573497 0.8629241975805385 0.1914667728169712
-0.12052447882144579 0.8605275805548109 0.19987346199574318
-0.09641958305715671 0.8581309635290835 0.20828015117451515
-0.07231468729286754 0.855734346503356 0.21668684035328714
-0.04820979152857836 0.8533377294776284 0.22509352953205913
-0.02410489576428918 0.850941112451901 0.23350021871083113
0.0 0.8485444954261735 0.24190690788960312
-0.9400909348072772 0.9622159997968359 -0.08019428179941858
-0.915986039042988 0.9598193827711083 -0.07178759262064656
-0.8918811432786988 0.9574227657453809 -0.0633809034418746
-0.8677762475144098 0.9550261487196534 -0.05497421426310262
-0.8436713517501206 0.9526295316939258 -0.04656752508433066
-0.8195664559858314 0.9502329146681984 -0.03816083590555864
-0.7954615602215422 0.9478362976424709 -0.029754146726786623
-0.771356664457253 0.9454396806167433 -0.021347457548014658
-0.7472517686929641 0.9430430635910159 -0.012940768369242692
-0.7231468729286749 0.9406464465652884 -0.0045340791904707285
-0.6990419771643857 0.9382498295395608 0.003872609988301292
-0.6749370814000965 0.9358532125138334 0.012279299167073284
-0.6508321856358072 0.9334565954881059 0.020685988345845275
-0.6267272898715183 0.9310599784623784 0.02909267752461724
-0.602622394107229 0.9286633614366508 0.03749936670338926
-0.5785174983429399 0.9262667444109234 0.04590605588216123
-0.5544126025786507 0.9238701273851959 0.05431274506093322
-0.5303077068143615 0.9214735103594683 0.0627194342397052
-0.5062028110500725 0.9190768933337409 0.07112612341847717
-0.48209791528578316 0.9166802763080134 0.07953281259724919
-0.45799301952149407 0.9142836592822858 0.08793950177602115
-0.4338881237572049 0.9118870422565584 0.09634619095479315
-0.4097832279929157 0.9094904252308309 0.10475288013356514
-0.3856783322286265 0.9070938082051033 0.11315956931233713
-0.36157343646433737 0.9046971911793759 0.12156625849110912
-0.3374685407000483 0.9023005741536484 0.1299729476698811
-0.31336364493575913 0.8999039571279208 0.1383796368486531
-0.28925874917146993 0.8975073401021934 0.14678632602742508
-0.26515385340718073 0.8951107230764659 0.15519301520619708
-0.24104895764289158 0.8927141060507383 0.16359970438496907
-0.2169440618786025 0.8903174890250108 0.17200639356374103
-0.19283916611431332 0.8879208719992834 0.18041308274251303
-0.16873427035002414 0.8855242549735558 0.18881977192128502
-0.14462937458573497 0.8831276379478283 0.197226461100057
-0.12052447882144579 0.8807310209221009 0.205633150278829
-0.09641958305715671 0.8783344038963734 0.21403983945760094
-0.07231468729286754 0.8759377868706458 0.22244652863637296
-0.04820979152857836 0.8735411698449184 0.23085321781514495
-0.02410489576428918 0.8711445528191909 0.23925990699391694
0.0 0.8687479357934633 0.24766659617268894
-0.9400909348072772 0.9824194401641256 -0.0744345935163328
-0.915986039042988 0.9800228231383982 -0.06602790433756078
-0.8918811432786988 0.9776262061126706 -0.057621215158788826
-0.8677762475144098 0.9752295890869431 -0.04921452598001686
-0.8436713517501206 0.9728329720612157 -0.0408078368012449
-0.8195664559858314 0.9704363550354881 -0.03240114762247288
-0.7954615602215422 0.9680397380097606 -0.023994458443700854
-0.771356664457253 0.9656431209840332 -0.01558776926492889
-0.7472517686929641 0.9632465039583057 -0.007181080086156925
-0.7231468729286749 0.9608498869325781 0.0012256090926150397
-0.6990419771643857 0.9584532699068506 0.00963229827138706
-0.6749370814000965 0.9560566528811232 0.018038987450159052
-0.6508321856358072 0.9536600358553956 0.026445676628931044
-0.6267272898715183 0.9512634188296681 0.034852365807703005
-0.602622394107229 0.9488668018039407 0.043259054986475025
-0.5785174983429399 0.9464701847782131 0.05166574416524699
-0.5544126025786507 0.9440735677524856 0.06007243334401898
-0.5303077068143615 0.9416769507267582 0.06847912252279098
-0.5062028110500725 0.9392803337010306 0.07688581170156294
-0.48209791528578316 0.9368837166753031 0.08529250088033496
-0.45799301952149407 0.9344870996495757 0.09369919005910693
-0.4338881237572049 0.9320904826238481 0.10210587923787892
-0.4097832279929157 0.9296938655981206 0.11051256841665091
-0.3856783322286265 0.9272972485723932 0.1189192575954229
-0.36157343646433737 0.9249006315466656 0.1273259467741949
-0.3374685407000483 0.9225040145209381 0.13573263595296686
-0.31336364493575913 0.9201073974952106 0.14413932513173885
-0.28925874917146993 0.9177107804694832 0.15254601431051085
-0.26515385340718073 0.9153141634437556 0.16095270348928284
-0.24104895764289158 0.9129175464180281 0.16935939266805483
-0.2169440618786025 0.9105209293923007 0.1777660818468268
-0.19283916611431332 0.9081243123665731 0.1861727710255988
-0.16873427035002414 0.9057276953408456 0.19457946020437078
-0.14462937458573497 0.9033310783151182 0.20298614938314277
-0.12052447882144579 0.9009344612893906 0.21139283856191476
-0.09641958305715671 0.8985378442636631 0.21979952774068673
-0.07231468729286754 0.8961412272379357 0.22820621691945872
-0.04820979152857836 0.8937446102122081 0.2366129060982307
-0.02410489576428918 0.8913479931864806 0.2450195952770027
0.0 0.8889513761607531 0.2534262844557747
-0.9400909348072772 1.0026228805314155 -0.06867490523324701
-0.915986039042988 1.000226263505688 -0.060268216054474986
-0.8918811432786988 0.9978296464799605 -0.05186152687570302
-0.8677762475144098 0.9954330294542331 -0.04345483769693106
-0.8436713517501206 0.9930364124285055 -0.03504814851815909
-0.8195664559858314 0.990639795402778 -0.026641459339387077
-0.7954615602215422 0.9882431783770506 -0.018234770160615057
-0.771356664457253 0.985846561351323 -0.00982808098184309
-0.7472517686929641 0.9834499443255955 -0.0014213918030711267
-0.7231468729286749 0.981053327299868 0.006985297375700838
-0.6990419771643857 0.9786567102741405 0.015391986554472858
-0.6749370814000965 0.976260093248413 0.02379867573324485
-0.6508321856358072 0.9738634762226855 0.032205364912016844
-0.6267272898715183 0.971466859196958 0.04061205409078881
-0.602622394107229 0.9690702421712305 0.04901874326956083
-0.5785174983429399 0.966673625145503 0.05742543244833279
-0.5544126025786507 0.9642770081197755 0.06583212162710478
-0.5303077068143615 0.961880391094048 0.07423881080587677
-0.5062028110500725 0.9594837740683205 0.08264549998464873
-0.48209791528578316 0.957087157042593 0.09105218916342075
-0.45799301952149407 0.9546905400168655 0.09945887834219272
-0.4338881237572049 0.952293922991138 0.10786556752096471
-0.4097832279929157 0.9498973059654106 0.1162722566997367
-0.3856783322286265 0.947500688939683 0.1246789458785087
-0.36157343646433737 0.9451040719139555 0.1330856350572807
-0.3374685407000483 0.942707454888228 0.14149232423605265
-0.31336364493575913 0.9403108378625005 0.14989901341482464
-0.28925874917146993 0.937914220836773 0.15830570259359664
-0.26515385340718073 0.9355176038110455 0.16671239177236863
-0.24104895764289158 0.933120986785318 0.17511908095114062
-0.2169440618786025 0.9307243697595905 0.18352577012991259
-0.19283916611431332 0.928327752733863 0.19193245930868458
-0.16873427035002414 0.9259311357081355 0.20033914848745657
-0.14462937458573497 0.923534518682408 0.20874583766622856
-0.12052447882144579 0.9211379016566805 0.21715252684500055
-0.09641958305715671 0.918741284630953 0.22555921602377252
-0.07231468729286754 0.9163446676052255 0.2339659052025445
-0.04820979152857836 0.913948050579498 0.2423725943813165
-0.02410489576428918 0.9115514335537704 0.2507792835600885
0.0 0.909154816528043 0.2591859727388605
-0.9400909348072772 1.0228263208987054 -0.06291521695016121
-0.915986039042988 1.020429703872978 -0.05450852777138919
-0.8918811432786988 1.0180330868472505 -0.046101838592617225
-0.8677762475144098 1.015636469821523 -0.03769514941384526
-0.8436713517501206 1.0132398527957953 -0.029288460235073296
-0.8195664559858314 1.0108432357700678 -0.020881771056301277
-0.7954615602215422 1.0084466187443404 -0.012475081877529257
-0.771356664457253 1.006050001718613 -0.004068392698757293
-0.7472517686929641 1.0036533846928855 0.004338296480014671
-0.7231468729286749 1.001256767667158 0.012744985658786637
-0.6990419771643857 0.9988601506414304 0.021151674837558657
-0.6749370814000965 0.9964635336157028 0.02955836401633065
-0.6508321856358072 0.9940669165899754 0.03796505319510264
-0.6267272898715183 0.9916702995642479 0.046371742373874605
-0.602622394107229 0.9892736825385203 0.054778431552646625
-0.5785174983429399 0.9868770655127929 0.06318512073141859
-0.5544126025786507 0.9844804484870654 0.07159180991019058
-0.5303077068143615 0.9820838314613379 0.07999849908896257
-0.5062028110500725 0.9796872144356104 0.08840518826773454
-0.48209791528578316 0.9772905974098829 0.09681187744650656
-0.45799301952149407 0.9748939803841554 0.10521856662527852
-0.4338881237572049 0.9724973633584278 0.11362525580405052
-0.4097832279929157 0.9701007463327004 0.12203194498282251
-0.3856783322286265 0.9677041293069729 0.13043863416159449
-0.36157343646433737 0.9653075122812453 0.13884532334036648
-0.3374685407000483 0.9629108952555179 0.14725201251913844
-0.31336364493575913 0.9605142782297904 0.15565870169791043
-0.28925874917146993 0.9581176612040628 0.16406539087668243
-0.26515385340718073 0.9557210441783354 0.17247208005545442
-0.24104895764289158 0.9533244271526079 0.1808787692342264
-0.2169440618786025 0.9509278101268804 0.18928545841299838
-0.19283916611431332 0.9485311931011529 0.19769214759177037
-0.16873427035002414 0.9461345760754254 0.20609883677054236
-0.14462937458573497 0.9437379590496979 0.21450552594931435
-0.12052447882144579 0.9413413420239704 0.22291221512808634
-0.09641958305715671 0.9389447249982429 0.2313189043068583
-0.07231468729286754 0.9365481079725154 0.2397255934856303
-0.04820979152857836 0.9341514909467878 0.2481322826644023
-0.02410489576428918 0.9317548739210604 0.2565389718431743
0.0 0.9293582568953329 0.2649456610219463
-0.9400909348072772 1.0430297612659951 -0.05715552866707544
-0.915986039042988 1.0406331442402676 -0.04874883948830342
-0.8918811432786988 1.0382365272145402 -0.040342150309531456
-0.8677762475144098 1.0358399101888127 -0.03193546113075949
-0.8436713517501206 1.0334432931630853 -0.02352877195198753
-0.8195664559858314 1.0310466761373576 -0.01512208277321551
-0.7954615602215422 1.02865005911163 -0.006715393594443489
-0.771356664457253 1.0262534420859026 0.001691295584328475
-0.7472517686929641 1.0238568250601752 0.01009798476310044
-0.7231468729286749 1.0214602080344477 0.018504673941872402
-0.6990419771643857 1.0190635910087202 0.026911363120644422
-0.6749370814000965 1.0166669739829926 0.03531805229941642
-0.6508321856358072 1.014270356957265 0.04372474147818841
-0.6267272898715183 1.0118737399315376 0.052131430656960374
-0.602622394107229 1.0094771229058102 0.060538119835732394
-0.5785174983429399 1.0070805058800827 0.06894480901450435
-0.5544126025786507 1.0046838888543552 0.07735149819327634
-0.5303077068143615 1.0022872718286278 0.08575818737204834
-0.5062028110500725 0.9998906548029002 0.0941648765508203
-0.48209791528578316 0.9974940377771726 0.10257156572959232
-0.45799301952149407 0.9950974207514451 0.11097825490836428
-0.4338881237572049 0.9927008037257177 0.11938494408713628
-0.4097832279929157 0.9903041866999901 0.12779163326590828
-0.3856783322286265 0.9879075696742626 0.13619832244468028
-0.36157343646433737 0.9855109526485352 0.14460501162345227
-0.3374685407000483 0.9831143356228077 0.15301170080222423
-0.31336364493575913 0.9807177185970801 0.16141838998099622
-0.28925874917146993 0.9783211015713527 0.16982507915976822
-0.26515385340718073 0.9759244845456252 0.1782317683385402
-0.24104895764289158 0.9735278675198976 0.1866384575173122
-0.2169440618786025 0.9711312504941702 0.19504514669608417
-0.19283916611431332 0.9687346334684427 0.20345183587485616
-0.16873427035002414 0.9663380164427151 0.21185852505362815
-0.14462937458573497 0.9639413994169876 0.22026521423240014
-0.12052447882144579 0.9615447823912602 0.22867190341117213
-0.09641958305715671 0.9591481653655326 0.23707859258994407
-0.07231468729286754 0.9567515483398051 0.2454852817687161
-0.04820979152857836 0.9543549313140777 0.25389197094748805
-0.02410489576428918 0.9519583142883501 0.2622986601262601
0.0 0.9495616972626226 0.27070534930503204
-0.9400909348072772 1.0632332016332848 -0.05139584038398967
-0.915986039042988 1.0608365846075574 -0.04298915120521765
-0.8918811432786988 1.05843996758183 -0.03458246202644569
-0.8677762475144098 1.0560433505561024 -0.026175772847673726
-0.8436713517501206 1.053646733530375 -0.017769083668901762
-0.8195664559858314 1.0512501165046475 -0.009362394490129742
-0.7954615602215422 1.04885349947892 -0.0009557053113577218
-0.771356664457253 1.0464568824531923 0.007450983867414242
-0.7472517686929641 1.0440602654274649 0.015857673046186207
-0.7231468729286749 1.0416636484017374 0.02426436222495817
-0.6990419771643857 1.03926703137601 0.032671051403730195
-0.6749370814000965 1.0368704143502825 0.04107774058250219
-0.6508321856358072 1.034473797324555 0.04948442976127418
-0.6267272898715183 1.0320771802988273 0.05789111894004614
-0.602622394107229 1.0296805632730999 0.06629780811881816
-0.5785174983429399 1.0272839462473724 0.07470449729759013
-0.5544126025786507 1.024887329221645 0.08311118647636212
-0.5303077068143615 1.0224907121959175 0.09151787565513411
-0.5062028110500725 1.02009409517019 0.09992456483390608
-0.48209791528578316 1.0176974781444623 0.1083312540126781
-0.45799301952149407 1.0153008611187349 0.11673794319145006
-0.4338881237572049 1.0129042440930074 0.12514463237022205
-0.4097832279929157 1.01050762706728 0.13355132154899405
-0.3856783322286265 1.0081110100415525 0.14195801072776604
-0.36157343646433737 1.005714393015825 0.15036469990653803
-0.3374685407000483 1.0033177759900975 0.15877138908531
-0.31336364493575913 1.0009211589643698 0.167178078264082
-0.28925874917146993 0.9985245419386424 0.17558476744285398
-0.26515385340718073 0.9961279249129149 0.18399145662162597
-0.24104895764289158 0.9937313078871874 0.19239814580039796
-0.2169440618786025 0.99133469086146 0.20080483497916993
-0.19283916611431332 0.9889380738357324 0.20921152415794192
-0.16873427035002414 0.9865414568100049 0.2176182133367139
-0.14462937458573497 0.9841448397842775 0.2260249025154859
-0.12052447882144579 0.9817482227585499 0.2344315916942579
-0.09641958305715671 0.9793516057328224 0.24283828087302986
-0.07231468729286754 0.976954988707095 0.25124497005180185
-0.04820979152857836 0.9745583716813674 0.2596516592305738
-0.02410489576428918 0.9721617546556399 0.26805834840934584
0.0 0.9697651376299125 0.2764650375881178
-0.9400909348072772 1.083436642000575 -0.04563615210090385
-0.915986039042988 1.0810400249748475 -0.03722946292213183
-0.8918811432786988 1.0786434079491198 -0.028822773743359863
-0.8677762475144098 1.0762467909233924 -0.0204160845645879
-0.8436713517501206 1.073850173897665 -0.012009395385815934
-0.8195664559858314 1.0714535568719374 -0.003602706207043913
-0.7954615602215422 1.06905693984621 0.004803982971728107
-0.771356664457253 1.0666603228204825 0.01321067215050007
-0.7472517686929641 1.0642637057947548 0.021617361329272035
-0.7231468729286749 1.0618670887690274 0.030024050508044
-0.6990419771643857 1.0594704717433 0.03843073968681602
-0.6749370814000965 1.0570738547175724 0.04683742886558801
-0.6508321856358072 1.054677237691845 0.055244118044360004
-0.6267272898715183 1.0522806206661175 0.06365080722313197
-0.602622394107229 1.0498840036403898 0.072057496401904
-0.5785174983429399 1.0474873866146623 0.08046418558067596
-0.5544126025786507 1.0450907695889349 0.08887087475944795
-0.5303077068143615 1.0426941525632074 0.09727756393821994
-0.5062028110500725 1.04029753553748 0.10568425311699191
-0.48209791528578316 1.0379009185117525 0.11409094229576393
-0.45799301952149407 1.035504301486025 0.12249763147453589
-0.4338881237572049 1.0331076844602973 0.13090432065330787
-0.4097832279929157 1.0307110674345699 0.13931100983207986
-0.3856783322286265 1.0283144504088424 0.14771769901085186
-0.36157343646433737 1.025917833383115 0.15612438818962385
-0.3374685407000483 1.0235212163573875 0.1645310773683958
-0.31336364493575913 1.02112459933166 0.1729377665471678
-0.28925874917146993 1.0187279823059323 0.1813444557259398
-0.26515385340718073 1.0163313652802048 0.1897511449047118
-0.24104895764289158 1.0139347482544774 0.19815783408348378
-0.2169440618786025 1.01153813122875 0.20656452326225574
-0.19283916611431332 1.0091415142030224 0.21497121244102774
-0.16873427035002414 1.006744897177295 0.22337790161979973
-0.14462937458573497 1.0043482801515673 0.23178459079857172
-0.12052447882144579 1.0019516631258398 0.2401912799773437
-0.09641958305715671 0.9995550461001124 0.24859796915611568
-0.07231468729286754 0.9971584290743849 0.25700465833488767
-0.04820979152857836 0.9947618120486574 0.2654113475136597
-0.02410489576428918 0.9923651950229299 0.27381803669243165
0.0 0.9899685779972024 0.2822247258712037
-0.9400909348072772 1.1036400823678647 -0.03987646381781808
-0.915986039042988 1.1012434653421372 -0.03146977463904606
-0.8918811432786988 1.0988468483164098 -0.023063085460274094
-0.8677762475144098 1.0964502312906823 -0.01465639628150213
-0.8436713517501206 1.0940536142649546 -0.006249707102730166
-0.8195664559858314 1.0916569972392272 0.0021569820760418547
-0.7954615602215422 1.0892603802134997 0.010563671254813875
-0.771356664457253 1.0868637631877722 0.01897036043358584
-0.7472517686929641 1.0844671461620448 0.027377049612357804
-0.7231468729286749 1.0820705291363173 0.03578373879112977
-0.6990419771643857 1.0796739121105896 0.04419042796990179
-0.6749370814000965 1.0772772950848621 0.05259711714867378
-0.6508321856358072 1.0748806780591347 0.06100380632744577
-0.6267272898715183 1.0724840610334072 0.06941049550621774
-0.602622394107229 1.0700874440076797 0.07781718468498976
-0.5785174983429399 1.0676908269819523 0.08622387386376172
-0.5544126025786507 1.0652942099562246 0.09463056304253371
-0.5303077068143615 1.0628975929304971 0.1030372522213057
-0.5062028110500725 1.0605009759047697 0.11144394140007767
-0.48209791528578316 1.0581043588790422 0.11985063057884969
-0.45799301952149407 1.0557077418533147 0.12825731975762164
-0.4338881237572049 1.0533111248275873 0.13666400893639363
-0.4097832279929157 1.0509145078018596 0.14507069811516562
-0.3856783322286265 1.048517890776132 0.15347738729393762
-0.36157343646433737 1.0461212737504046 0.1618840764727096
-0.3374685407000483 1.0437246567246772 0.17029076565148157
-0.31336364493575913 1.0413280396989497 0.17869745483025357
-0.28925874917146993 1.0389314226732222 0.18710414400902556
-0.26515385340718073 1.0365348056474948 0.19551083318779755
-0.24104895764289158 1.034138188621767 0.20391752236656954
-0.2169440618786025 1.0317415715960396 0.2123242115453415
-0.19283916611431332 1.0293449545703122 0.2207309007241135
-0.16873427035002414 1.0269483375445847 0.2291375899028855
-0.14462937458573497 1.0245517205188572 0.23754427908165748
-0.12052447882144579 1.0221551034931298 0.24595096826042948
-0.09641958305715671 1.019758486467402 0.25435765743920147
-0.07231468729286754 1.0173618694416746 0.26276434661797343
-0.04820979152857836 1.0149652524159472 0.27117103579674545
-0.02410489576428918 1.0125686353902197 0.2795777249755174
0.0 1.0101720183644922 0.28798441415428944
-0.9400909348072772 1.1238435227351546 -0.03411677553473225
-0.915986039042988 1.1214469057094272 -0.02571008635596023
-0.8918811432786988 1.1190502886836997 -0.017303397177188266
-0.8677762475144098 1.1166536716579722 -0.008896707998416301
-0.8436713517501206 1.1142570546322448 -0.0004900188196443367
-0.8195664559858314 1.111860437606517 0.007916670359127683
-0.7954615602215422 1.1094638205807896 0.016323359537899703
-0.771356664457253 1.1070672035550622 0.024730048716671667
-0.7472517686929641 1.1046705865293347 0.033136737895443635
-0.7231468729286749 1.1022739695036072 0.0415434270742156
-0.6990419771643857 1.0998773524778798 0.04995011625298762
-0.6749370814000965 1.097480735452152 0.05835680543175961
-0.6508321856358072 1.0950841184264246 0.0667634946105316
-0.6267272898715183 1.0926875014006971 0.07517018378930357
-0.602622394107229 1.0902908843749697 0.08357687296807559
-0.5785174983429399 1.0878942673492422 0.09198356214684755
-0.5544126025786507 1.0854976503235148 0.10039025132561955
-0.5303077068143615 1.083101033297787 0.10879694050439154
-0.5062028110500725 1.0807044162720596 0.1172036296831635
-0.48209791528578316 1.0783077992463321 0.12561031886193552
-0.45799301952149407 1.0759111822206047 0.13401700804070749
-0.4338881237572049 1.0735145651948772 0.14242369721947948
-0.4097832279929157 1.0711179481691497 0.15083038639825147
-0.3856783322286265 1.068721331143422 0.15923707557702346
-0.36157343646433737 1.0663247141176946 0.16764376475579545
-0.3374685407000483 1.0639280970919671 0.17605045393456742
-0.31336364493575913 1.0615314800662397 0.1844571431133394
-0.28925874917146993 1.0591348630405122 0.1928638322921114
-0.26515385340718073 1.0567382460147847 0.2012705214708834
-0.24104895764289158 1.0543416289890573 0.2096772106496554
-0.2169440618786025 1.0519450119633296 0.21808389982842735
-0.19283916611431332 1.049548394937602 0.22649058900719934
-0.16873427035002414 1.0471517779118746 0.23489727818597134
-0.14462937458573497 1.0447551608861472 0.24330396736474333
-0.12052447882144579 1.0423585438604197 0.2517106565435153
-0.09641958305715671 1.0399619268346922 0.2601173457222873
-0.07231468729286754 1.0375653098089646 0.26852403490105925
-0.04820979152857836 1.035168692783237 0.27693072407983127
-0.02410489576428918 1.0327720757575096 0.28533741325860323
0.0 1.0303754587317822 0.29374410243737525
-0.9400909348072772 1.1440469631024444 -0.02835708725164648
-0.915986039042988 1.141650346076717 -0.01995039807287446
-0.8918811432786988 1.1392537290509894 -0.011543708894102498
-0.8677762475144098 1.136857112025262 -0.0031370197153305335
-0.8436713517501206 1.1344604949995345 0.005269669463441431
-0.8195664559858314 1.132063877973807 0.01367635864221345
-0.7954615602215422 1.1296672609480793 0.022083047820985472
-0.771356664457253 1.1272706439223519 0.030489736999757436
-0.7472517686929641 1.1248740268966244 0.0388964261785294
-0.7231468729286749 1.122477409870897 0.04730311535730136
-0.6990419771643857 1.1200807928451695 0.05570980453607338
-0.6749370814000965 1.117684175819442 0.06411649371484537
-0.6508321856358072 1.1152875587937143 0.07252318289361737
-0.6267272898715183 1.1128909417679869 0.08092987207238933
-0.602622394107229 1.1104943247422594 0.08933656125116135
-0.5785174983429399 1.108097707716532 0.09774325042993331
-0.5544126025786507 1.1057010906908045 0.10614993960870531
-0.5303077068143615 1.103304473665077 0.1145566287874773
-0.5062028110500725 1.1009078566393495 0.12296331796624926
-0.48209791528578316 1.0985112396136218 0.13137000714502128
-0.45799301952149407 1.0961146225878944 0.13977669632379325
-0.4338881237572049 1.093718005562167 0.14818338550256524
-0.4097832279929157 1.0913213885364395 0.15659007468133723
-0.3856783322286265 1.088924771510712 0.16499676386010922
-0.36157343646433737 1.0865281544849845 0.17340345303888122
-0.3374685407000483 1.0841315374592568 0.18181014221765318
-0.31336364493575913 1.0817349204335294 0.19021683139642517
-0.28925874917146993 1.079338303407802 0.19862352057519717
-0.26515385340718073 1.0769416863820744 0.20703020975396916
-0.24104895764289158 1.074545069356347 0.21543689893274115
-0.2169440618786025 1.0721484523306195 0.22384358811151311
-0.19283916611431332 1.069751835304892 0.2322502772902851
-0.16873427035002414 1.0673552182791644 0.2406569664690571
-0.14462937458573497 1.0649586012534369 0.2490636556478291
-0.12052447882144579 1.0625619842277094 0.2574703448266011
-0.09641958305715671 1.060165367201982 0.26587703400537305
-0.07231468729286754 1.0577687501762545 0.274283723184145
-0.04820979152857836 1.055372133150527 0.28269041236291703
-0.02410489576428918 1.0529755161247993 0.29109710154168905
0.0 1.0505788990990719 0.299503790720461
-0.9400909348072772 1.1642504034697343 -0.022597398968560715
-0.915986039042988 1.1618537864440066 -0.014190709789788694
-0.8918811432786988 1.1594571694182791 -0.00578402061101673
-0.8677762475144098 1.1570605523925517 0.002622668567755234
-0.8436713517501206 1.1546639353668242 0.0110293577465272
-0.8195664559858314 1.1522673183410967 0.019436046925299218
-0.7954615602215422 1.1498707013153693 0.027842736104071238
-0.771356664457253 1.1474740842896418 0.0362494252828432
-0.7472517686929641 1.1450774672639141 0.044656114461615166
-0.7231468729286749 1.1426808502381867 0.05306280364038713
-0.6990419771643857 1.1402842332124592 0.06146949281915915
-0.6749370814000965 1.1378876161867317 0.06987618199793115
-0.6508321856358072 1.1354909991610043 0.07828287117670314
-0.6267272898715183 1.1330943821352768 0.0866895603554751
-0.602622394107229 1.1306977651095491 0.09509624953424713
-0.5785174983429399 1.1283011480838216 0.10350293871301909
-0.5544126025786507 1.1259045310580942 0.11190962789179108
-0.5303077068143615 1.1235079140323667 0.12031631707056308
-0.5062028110500725 1.1211112970066393 0.12872300624933503
-0.48209791528578316 1.1187146799809118 0.13712969542810705
-0.45799301952149407 1.116318062955184 0.145536384606879
-0.4338881237572049 1.1139214459294566 0.153943073785651
-0.4097832279929157 1.1115248289037292 0.162349762964423
-0.3856783322286265 1.1091282118780017 0.170756452143195
-0.36157343646433737 1.1067315948522742 0.17916314132196698
-0.3374685407000483 1.1043349778265468 0.18756983050073894
-0.31336364493575913 1.1019383608008193 0.19597651967951094
-0.28925874917146993 1.0995417437750916 0.20438320885828293
-0.26515385340718073 1.0971451267493642 0.21278989803705492
-0.24104895764289158 1.0947485097236367 0.2211965872158269
-0.2169440618786025 1.0923518926979092 0.22960327639459888
-0.19283916611431332 1.0899552756721818 0.23800996557337087
-0.16873427035002414 1.0875586586464543 0.24641665475214286
-0.14462937458573497 1.0851620416207266 0.2548233439309149
-0.12052447882144579 1.0827654245949991 0.26323003310968685
-0.09641958305715671 1.0803688075692717 0.2716367222884588
-0.07231468729286754 1.0779721905435442 0.28004341146723083
-0.04820979152857836 1.0755755735178167 0.2884501006460028
-0.02410489576428918 1.0731789564920893 0.2968567898247748
0.0 1.0707823394663616 0.3052634790035468
-0.9400909348072772 1.1844538438370242 -0.016837710685474887
-0.915986039042988 1.1820572268112968 -0.008431021506702866
-0.8918811432786988 1.1796606097855693 -2.4332327930901425e-05
-0.8677762475144098 1.1772639927598416 0.008382356850841063
-0.8436713517501206 1.1748673757341141 0.016789046029613026
-0.8195664559858314 1.1724707587083867 0.025195735208385046
-0.7954615602215422 1.1700741416826592 0.03360242438715707
-0.771356664457253 1.1676775246569318 0.042009113565929034
-0.7472517686929641 1.1652809076312043 0.050415802744701
-0.7231468729286749 1.1628842906054766 0.05882249192347296
-0.6990419771643857 1.1604876735797491 0.06722918110224498
-0.6749370814000965 1.1580910565540217 0.07563587028101697
-0.6508321856358072 1.1556944395282942 0.08404255945978896
-0.6267272898715183 1.1532978225025667 0.09244924863856092
-0.602622394107229 1.1509012054768393 0.10085593781733294
-0.5785174983429399 1.1485045884511116 0.10926262699610491
-0.5544126025786507 1.1461079714253841 0.1176693161748769
-0.5303077068143615 1.1437113543996567 0.1260760053536489
-0.5062028110500725 1.1413147373739292 0.13448269453242087
-0.48209791528578316 1.1389181203482017 0.1428893837111929
-0.45799301952149407 1.1365215033224743 0.15129607288996486
-0.4338881237572049 1.1341248862967468 0.15970276206873685
-0.4097832279929157 1.131728269271019 0.16810945124750884
-0.3856783322286265 1.1293316522452916 0.17651614042628083
-0.36157343646433737 1.1269350352195642 0.18492282960505282
-0.3374685407000483 1.1245384181938367 0.1933295187838248
-0.31336364493575913 1.1221418011681092 0.20173620796259678
-0.28925874917146993 1.1197451841423818 0.21014289714136877
-0.26515385340718073 1.117348567116654 0.21854958632014077
-0.24104895764289158 1.1149519500909266 0.22695627549891276
-0.2169440618786025 1.1125553330651992 0.23536296467768472
-0.19283916611431332 1.1101587160394717 0.24376965385645671
-0.16873427035002414 1.1077620990137442 0.2521763430352287
-0.14462937458573497 1.1053654819880168 0.2605830322140007
-0.12052447882144579 1.102968864962289 0.26898972139277266
-0.09641958305715671 1.1005722479365616 0.2773964105715446
-0.07231468729286754 1.0981756309108341 0.28580309975031665
-0.04820979152857836 1.0957790138851067 0.2942097889290886
-0.02410489576428918 1.0933823968593792 0.30261647810786063
0.0 1.0909857798336517 0.3110231672866326
-0.9400909348072772 1.204657284204314 -0.011078022402389118
-0.915986039042988 1.2022606671785865 -0.002671333223617098
-0.8918811432786988 1.199864050152859 0.005735355955154866
-0.8677762475144098 1.1974674331271316 0.01414204513392683
-0.8436713517501206 1.1950708161014039 0.022548734312698795
-0.8195664559858314 1.1926741990756764 0.030955423491470815
-0.7954615602215422 1.190277582049949 0.03936211267024284
-0.771356664457253 1.1878809650242215 0.0477688018490148
-0.7472517686929641 1.185484347998494 0.05617549102778677
-0.7231468729286749 1.1830877309727665 0.06458218020655873
-0.6990419771643857 1.180691113947039 0.07298886938533075
-0.6749370814000965 1.1782944969213114 0.08139555856410274
-0.6508321856358072 1.175897879895584 0.08980224774287474
-0.6267272898715183 1.1735012628698565 0.0982089369216467
-0.602622394107229 1.171104645844129 0.10661562610041872
-0.5785174983429399 1.1687080288184015 0.11502231527919068
-0.5544126025786507 1.166311411792674 0.12342900445796268
-0.5303077068143615 1.1639147947669464 0.13183569363673467
-0.5062028110500725 1.161518177741219 0.14024238281550663
-0.48209791528578316 1.1591215607154914 0.14864907199427865
-0.45799301952149407 1.156724943689764 0.15705576117305062
-0.4338881237572049 1.1543283266640365 0.1654624503518226
-0.4097832279929157 1.151931709638309 0.1738691395305946
-0.3856783322286265 1.1495350926125814 0.1822758287093666
-0.36157343646433737 1.147138475586854 0.1906825178881386
-0.3374685407000483 1.1447418585611264 0.19908920706691055
-0.31336364493575913 1.142345241535399 0.20749589624568254
-0.28925874917146993 1.1399486245096715 0.21590258542445454
-0.26515385340718073 1.137552007483944 0.22430927460322653
-0.24104895764289158 1.1351553904582163 0.23271596378199852
-0.2169440618786025 1.1327587734324889 0.24112265296077048
-0.19283916611431332 1.1303621564067614 0.24952934213954248
-0.16873427035002414 1.127965539381034 0.25793603131831444
-0.14462937458573497 1.1255689223553065 0.26634272049708646
-0.12052447882144579 1.123172305329579 0.2747494096758584
-0.09641958305715671 1.1207756883038515 0.2831560988546304
-0.07231468729286754 1.1183790712781239 0.2915627880334024
-0.04820979152857836 1.1159824542523964 0.2999694772121744
-0.02410489576428918 1.113585837226669 0.3083761663909464
0.0 1.1111892202009415 0.31678285556971836
-0.9400909348072772 1.2248607245716037 -0.00531833411930335
-0.915986039042988 1.2224641075458762 0.0030883550594686697
-0.8918811432786988 1.2200674905201487 0.011495044238240633
-0.8677762475144098 1.2176708734944213 0.0199017334170126
-0.8436713517501206 1.2152742564686938 0.028308422595784564
-0.8195664559858314 1.2128776394429663 0.03671511177455658
-0.7954615602215422 1.2104810224172387 0.0451218009533286
-0.771356664457253 1.2080844053915112 0.053528490132100565
-0.7472517686929641 1.2056877883657837 0.06193517931087253
-0.7231468729286749 1.2032911713400563 0.0703418684896445
-0.6990419771643857 1.2008945543143288 0.07874855766841651
-0.6749370814000965 1.1984979372886013 0.0871552468471885
-0.6508321856358072 1.1961013202628736 0.0955619360259605
-0.6267272898715183 1.1937047032371462 0.10396862520473246
-0.602622394107229 1.1913080862114187 0.11237531438350448
-0.5785174983429399 1.1889114691856912 0.12078200356227645
-0.5544126025786507 1.1865148521599638 0.12918869274104844
-0.5303077068143615 1.1841182351342363 0.13759538191982043
-0.5062028110500725 1.1817216181085088 0.1460020710985924
-0.48209791528578316 1.1793250010827812 0.15440876027736442
-0.45799301952149407 1.1769283840570537 0.16281544945613638
-0.4338881237572049 1.1745317670313262 0.17122213863490837
-0.4097832279929157 1.1721351500055988 0.17962882781368036
-0.3856783322286265 1.1697385329798713 0.18803551699245236
-0.36157343646433737 1.1673419159541438 0.19644220617122435
-0.3374685407000483 1.1649452989284161 0.2048488953499963
-0.31336364493575913 1.1625486819026887 0.2132555845287683
-0.28925874917146993 1.1601520648769612 0.2216622737075403
-0.26515385340718073 1.1577554478512337 0.2300689628863123
-0.24104895764289158 1.1553588308255063 0.23847565206508428
-0.2169440618786025 1.1529622137997788 0.24688234124385625
-0.19283916611431332 1.1505655967740511 0.25528903042262824
-0.16873427035002414 1.1481689797483237 0.26369571960140026
-0.14462937458573497 1.1457723627225962 0.2721024087801722
-0.12052447882144579 1.1433757456968687 0.28050909795894424
-0.09641958305715671 1.1409791286711413 0.28891578713771615
-0.07231468729286754 1.1385825116454138 0.29732247631648817
-0.04820979152857836 1.1361858946196863 0.30572916549526014
-0.02410489576428918 1.1337892775939586 0.31413585467403216
0.0 1.1313926605682312 0.3225425438528042
-0.9400909348072772 1.2450641649388938 0.00044135416378247833
-0.915986039042988 1.2426675479131661 0.008848043342554499
-0.8918811432786988 1.2402709308874387 0.017254732521326463
-0.8677762475144098 1.2378743138617112 0.025661421700098427
-0.8436713517501206 1.2354776968359837 0.03406811087887039
-0.8195664559858314 1.2330810798102563 0.04247480005764241
-0.7954615602215422 1.2306844627845288 0.05088148923641443
-0.771356664457253 1.2282878457588011 0.059288178415186396
-0.7472517686929641 1.2258912287330737 0.06769486759395836
-0.7231468729286749 1.2234946117073462 0.07610155677273032
-0.6990419771643857 1.2210979946816187 0.08450824595150234
-0.6749370814000965 1.2187013776558913 0.09291493513027434
-0.6508321856358072 1.2163047606301638 0.10132162430904633
-0.6267272898715183 1.2139081436044363 0.1097283134878183
-0.602622394107229 1.2115115265787086 0.11813500266659031
-0.5785174983429399 1.2091149095529812 0.12654169184536226
-0.5544126025786507 1.2067182925272537 0.13494838102413426
-0.5303077068143615 1.2043216755015262 0.14335507020290625
-0.5062028110500725 1.2019250584757988 0.1517617593816782
-0.48209791528578316 1.1995284414500713 0.16016844856045023
-0.45799301952149407 1.1971318244243436 0.1685751377392222
-0.4338881237572049 1.1947352073986162 0.1769818269179942
-0.4097832279929157 1.1923385903728887 0.18538851609676618
-0.3856783322286265 1.1899419733471612 0.19379520527553817
-0.36157343646433737 1.1875453563214338 0.20220189445431017
-0.3374685407000483 1.1851487392957063 0.21060858363308213
-0.31336364493575913 1.1827521222699786 0.21901527281185412
-0.28925874917146993 1.1803555052442511 0.22742196199062611
-0.26515385340718073 1.1779588882185237 0.2358286511693981
-0.24104895764289158 1.1755622711927962 0.2442353403481701
-0.2169440618786025 1.1731656541670687 0.2526420295269421
-0.19283916611431332 1.1707690371413413 0.26104871870571406
-0.16873427035002414 1.1683724201156138 0.2694554078844861
-0.14462937458573497 1.1659758030898861 0.27786209706325804
-0.12052447882144579 1.1635791860641587 0.28626878624203006
-0.09641958305715671 1.1611825690384312 0.294675475420802
-0.07231468729286754 1.1587859520127037 0.303082164599574
-0.04820979152857836 1.1563893349869763 0.311488853778346
-0.02410489576428918 1.1539927179612488 0.319895542957118
0.0 1.1515961009355211 0.32830223213589
-0.9400909348072772 1.2652676053061835 0.006201042446868246
-0.915986039042988 1.262870988280456 0.014607731625640266
-0.8918811432786988 1.2604743712547286 0.023014420804412232
-0.8677762475144098 1.258077754229001 0.031421109983184196
-0.8436713517501206 1.2556811372032735 0.03982779916195616
-0.8195664559858314 1.253284520177546 0.04823448834072818
-0.7954615602215422 1.2508879031518185 0.0566411775195002
-0.771356664457253 1.248491286126091 0.06504786669827216
-0.7472517686929641 1.2460946691003636 0.07345455587704412
-0.7231468729286749 1.243698052074636 0.08186124505581609
-0.6990419771643857 1.2413014350489084 0.09026793423458811
-0.6749370814000965 1.238904818023181 0.0986746234133601
-0.6508321856358072 1.2365082009974535 0.10708131259213209
-0.6267272898715183 1.234111583971726 0.11548800177090406
-0.602622394107229 1.2317149669459986 0.12389469094967608
-0.5785174983429399 1.229318349920271 0.13230138012844805
-0.5544126025786507 1.2269217328945434 0.14070806930722005
-0.5303077068143615 1.224525115868816 0.14911475848599204
-0.5062028110500725 1.2221284988430885 0.157521447664764
-0.48209791528578316 1.219731881817361 0.16592813684353602
-0.45799301952149407 1.2173352647916336 0.174334826022308
-0.4338881237572049 1.214938647765906 0.18274151520107998
-0.4097832279929157 1.2125420307401784 0.19114820437985197
-0.3856783322286265 1.210145413714451 0.19955489355862396
-0.36157343646433737 1.2077487966887235 0.20796158273739596
-0.3374685407000483 1.205352179662996 0.21636827191616792
-0.31336364493575913 1.2029555626372685 0.2247749610949399
-0.28925874917146993 1.200558945611541 0.2331816502737119
-0.26515385340718073 1.1981623285858134 0.2415883394524839
-0.24104895764289158 1.195765711560086 0.2499950286312559
-0.2169440618786025 1.1933690945343585 0.25840171781002785
-0.19283916611431332 1.190972477508631 0.2668084069887998
-0.16873427035002414 1.1885758604829035 0.27521509616757184
-0.14462937458573497 1.186179243457176 0.2836217853463438
-0.12052447882144579 1.1837826264314484 0.2920284745251158
-0.09641958305715671 1.181386009405721 0.3004351637038878
-0.07231468729286754 1.1789893923799935 0.30884185288265975
-0.04820979152857836 1.176592775354266 0.31724854206143177
-0.02410489576428918 1.1741961583285385 0.32565523124020374
0.0 1.171799541302811 0.33406192041897576
-0.9400909348072772 1.2854710456734733 0.011960730729954013
-0.915986039042988 1.2830744286477458 0.020367419908726033
-0.8918811432786988 1.2806778116220183 0.028774109087497998
-0.8677762475144098 1.2782811945962909 0.037180798266269965
-0.8436713517501206 1.2758845775705632 0.04558748744504193
-0.8195664559858314 1.2734879605448357 0.05399417662381395
-0.7954615602215422 1.2710913435191082 0.06240086580258597
-0.771356664457253 1.2686947264933808 0.07080755498135793
-0.7472517686929641 1.2662981094676533 0.0792142441601299
-0.7231468729286749 1.2639014924419258 0.08762093333890186
-0.6990419771643857 1.2615048754161984 0.09602762251767388
-0.6749370814000965 1.2591082583904707 0.10443431169644588
-0.6508321856358072 1.2567116413647432 0.11284100087521787
-0.6267272898715183 1.2543150243390158 0.12124769005398983
-0.602622394107229 1.2519184073132883 0.12965437923276185
-0.5785174983429399 1.2495217902875608 0.13806106841153382
-0.5544126025786507 1.2471251732618334 0.1464677575903058
-0.5303077068143615 1.2447285562361057 0.1548744467690778
-0.5062028110500725 1.2423319392103782 0.16328113594784976
-0.48209791528578316 1.2399353221846507 0.17168782512662178
-0.45799301952149407 1.2375387051589233 0.18009451430539375
-0.4338881237572049 1.2351420881331958 0.18850120348416574
-0.4097832279929157 1.2327454711074683 0.19690789266293773
-0.3856783322286265 1.2303488540817407 0.20531458184170973
-0.36157343646433737 1.2279522370560132 0.21372127102048172
-0.3374685407000483 1.2255556200302857 0.22212796019925368
-0.31336364493575913 1.2231590030045583 0.23053464937802567
-0.28925874917146993 1.2207623859788308 0.23894133855679767
-0.26515385340718073 1.2183657689531033 0.24734802773556966
-0.24104895764289158 1.2159691519273756 0.25575471691434165
-0.2169440618786025 1.2135725349016482 0.2641614060931136
-0.19283916611431332 1.2111759178759207 0.2725680952718856
-0.16873427035002414 1.2087793008501933 0.2809747844506576
-0.14462937458573497 1.2063826838244658 0.28938147362942956
-0.12052447882144579 1.2039860667987383 0.2977881628082016
-0.09641958305715671 1.2015894497730109 0.30619485198697355
-0.07231468729286754 1.1991928327472832 0.3146015411657455
-0.04820979152857836 1.1967962157215557 0.32300823034451753
-0.02410489576428918 1.1943995986958282 0.3314149195232895
0.0 1.1920029816701008 0.3398216087020615
-0.9400909348072772 1.3056744860407632 0.01772041901303984
-0.915986039042988 1.3032778690150357 0.02612710819181186
-0.8918811432786988 1.3008812519893083 0.034533797370583826
-0.8677762475144098 1.2984846349635808 0.04294048654935579
-0.8436713517501206 1.2960880179378533 0.051347175728127754
-0.8195664559858314 1.2936914009121256 0.059753864906899774
-0.7954615602215422 1.2912947838863982 0.0681605540856718
-0.771356664457253 1.2888981668606707 0.07656724326444377
-0.7472517686929641 1.2865015498349432 0.08497393244321573
-0.7231468729286749 1.2841049328092158 0.0933806216219877
-0.6990419771643857 1.2817083157834883 0.10178731080075971
-0.6749370814000965 1.2793116987577609 0.1101939999795317
-0.6508321856358072 1.2769150817320332 0.1186006891583037
-0.6267272898715183 1.2745184647063057 0.12700737833707565
-0.602622394107229 1.2721218476805782 0.13541406751584767
-0.5785174983429399 1.2697252306548508 0.14382075669461963
-0.5544126025786507 1.2673286136291233 0.15222744587339163
-0.5303077068143615 1.2649319966033958 0.16063413505216362
-0.5062028110500725 1.2625353795776681 0.16904082423093558
-0.48209791528578316 1.2601387625519407 0.1774475134097076
-0.45799301952149407 1.2577421455262132 0.18585420258847957
-0.4338881237572049 1.2553455285004858 0.19426089176725156
-0.4097832279929157 1.2529489114747583 0.20266758094602355
-0.3856783322286265 1.2505522944490308 0.21107427012479554
-0.36157343646433737 1.2481556774233031 0.21948095930356754
-0.3374685407000483 1.2457590603975757 0.2278876484823395
-0.31336364493575913 1.2433624433718482 0.2362943376611115
-0.28925874917146993 1.2409658263461207 0.24470102683988348
-0.26515385340718073 1.2385692093203933 0.2531077160186555
-0.24104895764289158 1.2361725922946658 0.26151440519742747
-0.2169440618786025 1.2337759752689383 0.26992109437619943
-0.19283916611431332 1.2313793582432107 0.27832778355497145
-0.16873427035002414 1.2289827412174832 0.2867344727337434
-0.14462937458573497 1.2265861241917557 0.29514116191251544
-0.12052447882144579 1.2241895071660283 0.3035478510912874
-0.09641958305715671 1.2217928901403008 0.31195454027005937
-0.07231468729286754 1.2193962731145733 0.3203612294488314
-0.04820979152857836 1.2169996560888456 0.32876791862760335
-0.02410489576428918 1.2146030390631182 0.33717460780637537
0.0 1.2122064220373907 0.34558129698514733
-0.9400909348072772 1.3258779264080531 0.02348010729612561
-0.915986039042988 1.3234813093823254 0.03188679647489763
-0.8918811432786988 1.321084692356598 0.040293485653669595
-0.8677762475144098 1.3186880753308705 0.04870017483244156
-0.8436713517501206 1.316291458305143 0.05710686401121352
-0.8195664559858314 1.3138948412794156 0.06551355318998554
-0.7954615602215422 1.3114982242536881 0.07392024236875756
-0.771356664457253 1.3091016072279604 0.08232693154752953
-0.7472517686929641 1.306704990202233 0.09073362072630149
-0.7231468729286749 1.3043083731765055 0.09914030990507346
-0.6990419771643857 1.301911756150778 0.10754699908384548
-0.6749370814000965 1.2995151391250506 0.11595368826261747
-0.6508321856358072 1.297118522099323 0.12436037744138946
-0.6267272898715183 1.2947219050735954 0.1327670666201614
-0.602622394107229 1.292325288047868 0.14117375579893343
-0.5785174983429399 1.2899286710221405 0.1495804449777054
-0.5544126025786507 1.287532053996413 0.1579871341564774
-0.5303077068143615 1.2851354369706856 0.16639382333524938
-0.5062028110500725 1.282738819944958 0.17480051251402134
-0.48209791528578316 1.2803422029192304 0.18320720169279336
-0.45799301952149407 1.277945585893503 0.19161389087156533
-0.4338881237572049 1.2755489688677755 0.20002058005033732
-0.4097832279929157 1.273152351842048 0.2084272692291093
-0.3856783322286265 1.2707557348163205 0.2168339584078813
-0.36157343646433737 1.268359117790593 0.2252406475866533
-0.3374685407000483 1.2659625007648656 0.23364733676542526
-0.31336364493575913 1.263565883739138 0.24205402594419725
-0.28925874917146993 1.2611692667134105 0.25046071512296925
-0.26515385340718073 1.258772649687683 0.25886740430174127
-0.24104895764289158 1.2563760326619555 0.26727409348051323
-0.2169440618786025 1.253979415636228 0.2756807826592852
-0.19283916611431332 1.2515827986105006 0.2840874718380572
-0.16873427035002414 1.249186181584773 0.2924941610168292
-0.14462937458573497 1.2467895645590454 0.3009008501956012
-0.12052447882144579 1.244392947533318 0.30930753937437316
-0.09641958305715671 1.2419963305075905 0.31771422855314513
-0.07231468729286754 1.239599713481863 0.32612091773191715
-0.04820979152857836 1.2372030964561356 0.3345276069106891
-0.02410489576428918 1.234806479430408 0.34293429608946113
0.0 1.2324098624046804 0.3513409852682331
-0.9400909348072772 1.3460813667753428 0.02923979557921138
-0.915986039042988 1.3436847497496154 0.0376464847579834
-0.8918811432786988 1.3412881327238877 0.046053173936755364
-0.8677762475144098 1.3388915156981602 0.05445986311552733
-0.8436713517501206 1.3364948986724328 0.06286655229429929
-0.8195664559858314 1.3340982816467053 0.0712732414730713
-0.7954615602215422 1.3317016646209778 0.07967993065184333
-0.771356664457253 1.3293050475952504 0.08808661983061529
-0.7472517686929641 1.326908430569523 0.09649330900938725
-0.7231468729286749 1.3245118135437952 0.10489999818815922
-0.6990419771643857 1.3221151965180677 0.11330668736693124
-0.6749370814000965 1.3197185794923403 0.12171337654570323
-0.6508321856358072 1.3173219624666128 0.13012006572447524
-0.6267272898715183 1.3149253454408854 0.1385267549032472
-0.602622394107229 1.3125287284151579 0.14693344408201922
-0.5785174983429399 1.3101321113894302 0.15534013326079119
-0.5544126025786507 1.3077354943637027 0.16374682243956318
-0.5303077068143615 1.3053388773379753 0.17215351161833517
-0.5062028110500725 1.3029422603122478 0.18056020079710713
-0.48209791528578316 1.3005456432865203 0.18896688997587915
-0.45799301952149407 1.2981490262607929 0.19737357915465112
-0.4338881237572049 1.2957524092350652 0.2057802683334231
-0.4097832279929157 1.2933557922093377 0.2141869575121951
-0.3856783322286265 1.2909591751836103 0.2225936466909671
-0.36157343646433737 1.2885625581578828 0.2310003358697391
-0.3374685407000483 1.2861659411321553 0.23940702504851105
-0.31336364493575913 1.2837693241064279 0.24781371422728304
-0.28925874917146993 1.2813727070807002 0.256220403406055
-0.26515385340718073 1.2789760900549727 0.26462709258482703
-0.24104895764289158 1.2765794730292452 0.273033781763599
-0.2169440618786025 1.2741828560035178 0.28144047094237096
-0.19283916611431332 1.2717862389777903 0.289847160121143
-0.16873427035002414 1.2693896219520628 0.29825384929991494
-0.14462937458573497 1.2669930049263354 0.30666053847868696
-0.12052447882144579 1.2645963879006077 0.3150672276574589
-0.09641958305715671 1.2621997708748802 0.3234739168362309
-0.07231468729286754 1.2598031538491528 0.3318806060150029
-0.04820979152857836 1.2574065368234253 0.3402872951937749
-0.02410489576428918 1.2550099197976978 0.3486939843725469
0.0 1.2526133027719704 0.35710067355131886
-0.9400909348072772 1.3662848071426328 0.034999483862297204
-0.915986039042988 1.3638881901169053 0.043406173041069224
-0.8918811432786988 1.3614915730911779 0.05181286221984119
-0.8677762475144098 1.3590949560654504 0.06021955139861315
-0.8436713517501206 1.3566983390397227 0.06862624057738512
-0.8195664559858314 1.3543017220139952 0.07703292975615714
-0.7954615602215422 1.3519051049882678 0.08543961893492916
-0.771356664457253 1.3495084879625403 0.09384630811370112
-0.7472517686929641 1.3471118709368128 0.10225299729247309
-0.7231468729286749 1.3447152539110854 0.11065968647124505
-0.6990419771643857 1.3423186368853577 0.11906637565001707
-0.6749370814000965 1.3399220198596302 0.12747306482878906
-0.6508321856358072 1.3375254028339028 0.13587975400756105
-0.6267272898715183 1.3351287858081753 0.14428644318633302
-0.602622394107229 1.3327321687824478 0.15269313236510504
-0.5785174983429399 1.3303355517567204 0.161099821543877
-0.5544126025786507 1.3279389347309927 0.169506510722649
-0.5303077068143615 1.3255423177052652 0.177913199901421
-0.5062028110500725 1.3231457006795377 0.18631988908019295
-0.48209791528578316 1.3207490836538103 0.19472657825896497
-0.45799301952149407 1.3183524666280828 0.20313326743773694
-0.4338881237572049 1.3159558496023553 0.21153995661650893
-0.4097832279929157 1.3135592325766277 0.21994664579528092
-0.3856783322286265 1.3111626155509002 0.2283533349740529
-0.36157343646433737 1.3087659985251727 0.2367600241528249
-0.3374685407000483 1.3063693814994453 0.24516671333159687
-0.31336364493575913 1.3039727644737178 0.25357340251036886
-0.28925874917146993 1.3015761474479903 0.2619800916891409
-0.26515385340718073 1.2991795304222629 0.27038678086791285
-0.24104895764289158 1.2967829133965352 0.27879347004668487
-0.2169440618786025 1.2943862963708077 0.28720015922545683
-0.19283916611431332 1.2919896793450802 0.2956068484042288
-0.16873427035002414 1.2895930623193528 0.3040135375830008
-0.14462937458573497 1.2871964452936253 0.3124202267617728
-0.12052447882144579 1.2847998282678978 0.3208269159405448
-0.09641958305715671 1.2824032112421702 0.3292336051193167
-0.07231468729286754 1.2800065942164427 0.33764029429808873
-0.04820979152857836 1.2776099771907152 0.3460469834768607
-0.02410489576428918 1.2752133601649878 0.3544536726556327
0.0 1.2728167431392603 0.36286036183440473
-0.9400909348072772 1.3864882475099225 0.04075917214538297
-0.915986039042988 1.384091630484195 0.04916586132415499
-0.8918811432786988 1.3816950134584676 0.05757255050292696
-0.8677762475144098 1.37929839643274 0.06597923968169893
-0.8436713517501206 1.3769017794070126 0.07438592886047089
-0.8195664559858314 1.374505162381285 0.08279261803924291
-0.7954615602215422 1.3721085453555575 0.09119930721801493
-0.771356664457253 1.36971192832983 0.0996059963967869
-0.7472517686929641 1.3673153113041026 0.10801268557555886
-0.7231468729286749 1.364918694278375 0.11641937475433083
-0.6990419771643857 1.3625220772526476 0.12482606393310285
-0.6749370814000965 1.36012546022692 0.13323275311187482
-0.6508321856358072 1.3577288432011925 0.14163944229064682
-0.6267272898715183 1.355332226175465 0.15004613146941878
-0.602622394107229 1.3529356091497375 0.1584528206481908
-0.5785174983429399 1.35053899212401 0.16685950982696277
-0.5544126025786507 1.3481423750982826 0.17526619900573476
-0.5303077068143615 1.3457457580725551 0.18367288818450675
-0.5062028110500725 1.3433491410468275 0.19207957736327871
-0.48209791528578316 1.3409525240211 0.20048626654205073
-0.45799301952149407 1.3385559069953725 0.2088929557208227
-0.4338881237572049 1.336159289969645 0.2172996448995947
-0.4097832279929157 1.3337626729439176 0.22570633407836668
-0.3856783322286265 1.3313660559181901 0.23411302325713867
-0.36157343646433737 1.3289694388924624 0.24251971243591067
-0.3374685407000483 1.326572821866735 0.25092640161468266
-0.31336364493575913 1.3241762048410075 0.2593330907934546
-0.28925874917146993 1.32177958781528 0.26773977997222664
-0.26515385340718073 1.3193829707895526 0.2761464691509986
-0.24104895764289158 1.3169863537638251 0.28455315832977063
-0.2169440618786025 1.3145897367380974 0.2929598475085426
-0.19283916611431332 1.31219311971237 0.30136653668731456
-0.16873427035002414 1.3097965026866425 0.3097732258660866
-0.14462937458573497 1.307399885660915 0.31817991504485854
-0.12052447882144579 1.3050032686351876 0.32658660422363056
-0.09641958305715671 1.30260665160946 0.3349932934024025
-0.07231468729286754 1.3002100345837326 0.3433999825811745
-0.04820979152857836 1.297813417558005 0.3518066717599465
-0.02410489576428918 1.2954168005322775 0.3602133609387185
0.0 1.29302018350655 0.3686200501174905
-0.9400909348072772 1.4066916878772122 0.04651886042846874
-0.915986039042988 1.4042950708514848 0.05492554960724076
-0.8918811432786988 1.4018984538257573 0.06333223878601273
-0.8677762475144098 1.3995018368000298 0.07173892796478469
-0.8436713517501206 1.3971052197743024 0.08014561714355666
-0.8195664559858314 1.3947086027485749 0.08855230632232867
-0.7954615602215422 1.3923119857228474 0.0969589955011007
-0.771356664457253 1.3899153686971197 0.10536568467987266
-0.7472517686929641 1.3875187516713923 0.11377237385864462
-0.7231468729286749 1.3851221346456648 0.12217906303741659
-0.6990419771643857 1.3827255176199373 0.13058575221618862
-0.6749370814000965 1.3803289005942099 0.13899244139496061
-0.6508321856358072 1.3779322835684824 0.1473991305737326
-0.6267272898715183 1.3755356665427547 0.15580581975250457
-0.602622394107229 1.3731390495170273 0.1642125089312766
-0.5785174983429399 1.3707424324912998 0.17261919811004856
-0.5544126025786507 1.3683458154655723 0.18102588728882055
-0.5303077068143615 1.3659491984398449 0.18943257646759254
-0.5062028110500725 1.3635525814141174 0.1978392656463645
-0.48209791528578316 1.3611559643883897 0.20624595482513652
-0.45799301952149407 1.3587593473626622 0.2146526440039085
-0.4338881237572049 1.3563627303369348 0.22305933318268048
-0.4097832279929157 1.3539661133112073 0.23146602236145247
-0.3856783322286265 1.3515694962854798 0.23987271154022446
-0.36157343646433737 1.3491728792597524 0.24827940071899646
-0.3374685407000483 1.346776262234025 0.2566860898977684
-0.31336364493575913 1.3443796452082972 0.2650927790765404
-0.28925874917146993 1.3419830281825698 0.2734994682553124
-0.26515385340718073 1.3395864111568423 0.28190615743408437
-0.24104895764289158 1.3371897941311148 0.2903128466128564
-0.2169440618786025 1.3347931771053874 0.29871953579162835
-0.19283916611431332 1.33239656007966 0.3071262249704003
-0.16873427035002414 1.3299999430539322 0.31553291414917234
-0.14462937458573497 1.3276033260282047 0.3239396033279443
-0.12052447882144579 1.3252067090024773 0.3323462925067163
-0.09641958305715671 1.3228100919767498 0.3407529816854883
-0.07231468729286754 1.3204134749510223 0.34915967086426025
-0.04820979152857836 1.3180168579252949 0.35756636004303227
-0.02410489576428918 1.3156202408995672 0.36597304922180424
0.0 1.3132236238738397 0.37437973840057626
-0.9400909348072772 1.4268951282445024 0.05227854871155457
-0.915986039042988 1.4244985112187747 0.06068523789032659
-0.8918811432786988 1.4221018941930472 0.06909192706909856
-0.8677762475144098 1.4197052771673198 0.07749861624787052
-0.8436713517501206 1.4173086601415923 0.08590530542664249
-0.8195664559858314 1.4149120431158648 0.0943119946054145
-0.7954615602215422 1.4125154260901374 0.10271868378418653
-0.771356664457253 1.41011880906441 0.11112537296295849
-0.7472517686929641 1.4077221920386822 0.11953206214173046
-0.7231468729286749 1.4053255750129547 0.12793875132050242
-0.6990419771643857 1.4029289579872273 0.13634544049927444
-0.6749370814000965 1.4005323409614998 0.14475212967804643
-0.6508321856358072 1.3981357239357723 0.15315881885681842
-0.6267272898715183 1.3957391069100449 0.1615655080355904
-0.602622394107229 1.3933424898843172 0.1699721972143624
-0.5785174983429399 1.3909458728585897 0.17837888639313437
-0.5544126025786507 1.3885492558328623 0.18678557557190636
-0.5303077068143615 1.3861526388071348 0.19519226475067836
-0.5062028110500725 1.3837560217814073 0.20359895392945032
-0.48209791528578316 1.3813594047556799 0.21200564310822234
-0.45799301952149407 1.3789627877299524 0.2204123322869943
-0.4338881237572049 1.3765661707042247 0.2288190214657663
-0.4097832279929157 1.3741695536784972 0.2372257106445383
-0.3856783322286265 1.3717729366527698 0.24563239982331028
-0.36157343646433737 1.3693763196270423 0.2540390890020823
-0.3374685407000483 1.3669797026013148 0.26244577818085424
-0.31336364493575913 1.3645830855755874 0.2708524673596262
-0.28925874917146993 1.3621864685498597 0.2792591565383982
-0.26515385340718073 1.3597898515241322 0.2876658457171702
-0.24104895764289158 1.3573932344984048 0.2960725348959422
-0.2169440618786025 1.3549966174726773 0.30447922407471417
-0.19283916611431332 1.3526000004469498 0.31288591325348614
-0.16873427035002414 1.3502033834212224 0.32129260243225816
-0.14462937458573497 1.3478067663954947 0.3296992916110301
-0.12052447882144579 1.3454101493697672 0.33810598078980214
-0.09641958305715671 1.3430135323440398 0.3465126699685741
-0.07231468729286754 1.3406169153183123 0.35491935914734607
-0.04820979152857836 1.3382202982925848 0.3633260483261181
-0.02410489576428918 1.3358236812668574 0.37173273750489005
0.0 1.3334270642411297 0.3801394266836621
-0.9400909348072772 1.447098568611792 0.058038236994640335
-0.915986039042988 1.4447019515860646 0.06644492617341236
-0.8918811432786988 1.4423053345603372 0.07485161535218432
-0.8677762475144098 1.4399087175346095 0.08325830453095628
-0.8436713517501206 1.437512100508882 0.09166499370972825
-0.8195664559858314 1.4351154834831545 0.10007168288850027
-0.7954615602215422 1.432718866457427 0.10847837206727229
-0.771356664457253 1.4303222494316996 0.11688506124604425
-0.7472517686929641 1.4279256324059721 0.12529175042481622
-0.7231468729286749 1.4255290153802445 0.13369843960358818
-0.6990419771643857 1.423132398354517 0.1421051287823602
-0.6749370814000965 1.4207357813287895 0.1505118179611322
-0.6508321856358072 1.418339164303062 0.15891850713990419
-0.6267272898715183 1.4159425472773346 0.16732519631867615
-0.602622394107229 1.4135459302516071 0.17573188549744817
-0.5785174983429399 1.4111493132258797 0.18413857467622013
-0.5544126025786507 1.408752696200152 0.19254526385499213
-0.5303077068143615 1.4063560791744245 0.20095195303376412
-0.5062028110500725 1.403959462148697 0.20935864221253608
-0.48209791528578316 1.4015628451229696 0.2177653313913081
-0.45799301952149407 1.3991662280972421 0.22617202057008007
-0.4338881237572049 1.3967696110715146 0.23457870974885206
-0.4097832279929157 1.394372994045787 0.24298539892762405
-0.3856783322286265 1.3919763770200595 0.25139208810639607
-0.36157343646433737 1.389579759994332 0.25979877728516804
-0.3374685407000483 1.3871831429686046 0.26820546646394
-0.31336364493575913 1.384786525942877 0.276612155642712
-0.28925874917146993 1.3823899089171496 0.285018844821484
-0.26515385340718073 1.379993291891422 0.293425534000256
-0.24104895764289158 1.3775966748656945 0.30183222317902797
-0.2169440618786025 1.375200057839967 0.31023891235779993
-0.19283916611431332 1.3728034408142396 0.31864560153657195
-0.16873427035002414 1.370406823788512 0.3270522907153439
-0.14462937458573497 1.3680102067627846 0.33545897989411594
-0.12052447882144579 1.3656135897370572 0.3438656690728879
-0.09641958305715671 1.3632169727113295 0.35227235825165987
-0.07231468729286754 1.360820355685602 0.36067904743043183
-0.04820979152857836 1.3584237386598745 0.36908573660920385
-0.02410489576428918 1.356027121634147 0.37749242578797587
0.0 1.3536305046084196 0.38589911496674784
-0.9400909348072772 1.4673020089790818 0.06379792527772611
-0.915986039042988 1.4649053919533543 0.07220461445649813
-0.8918811432786988 1.4625087749276269 0.0806113036352701
-0.8677762475144098 1.4601121579018994 0.08901799281404206
-0.8436713517501206 1.457715540876172 0.09742468199281402
-0.8195664559858314 1.4553189238504443 0.10583137117158604
-0.7954615602215422 1.4529223068247168 0.11423806035035806
-0.771356664457253 1.4505256897989893 0.12264474952913003
-0.7472517686929641 1.4481290727732619 0.13105143870790198
-0.7231468729286749 1.4457324557475344 0.13945812788667394
-0.6990419771643857 1.443335838721807 0.14786481706544596
-0.6749370814000965 1.4409392216960792 0.15627150624421796
-0.6508321856358072 1.4385426046703518 0.16467819542298995
-0.6267272898715183 1.4361459876446243 0.1730848846017619
-0.602622394107229 1.4337493706188968 0.18149157378053393
-0.5785174983429399 1.4313527535931694 0.1898982629593059
-0.5544126025786507 1.428956136567442 0.1983049521380779
-0.5303077068143615 1.4265595195417142 0.20671164131684988
-0.5062028110500725 1.4241629025159868 0.21511833049562185
-0.48209791528578316 1.4217662854902593 0.22352501967439387
-0.45799301952149407 1.4193696684645318 0.23193170885316583
-0.4338881237572049 1.4169730514388044 0.24033839803193782
-0.4097832279929157 1.414576434413077 0.24874508721070981
-0.3856783322286265 1.4121798173873494 0.25715177638948183
-0.36157343646433737 1.4097832003616217 0.2655584655682538
-0.3374685407000483 1.4073865833358943 0.27396515474702576
-0.31336364493575913 1.4049899663101668 0.2823718439257978
-0.28925874917146993 1.4025933492844394 0.29077853310456975
-0.26515385340718073 1.4001967322587119 0.29918522228334177
-0.24104895764289158 1.3978001152329844 0.30759191146211373
-0.2169440618786025 1.3954034982072567 0.3159986006408857
-0.19283916611431332 1.3930068811815293 0.3244052898196577
-0.16873427035002414 1.3906102641558018 0.3328119789984297
-0.14462937458573497 1.3882136471300743 0.3412186681772017
-0.12052447882144579 1.3858170301043469 0.34962535735597366
-0.09641958305715671 1.3834204130786194 0.35803204653474563
-0.07231468729286754 1.3810237960528917 0.36643873571351765
-0.04820979152857836 1.3786271790271643 0.3748454248922896
-0.02410489576428918 1.3762305620014368 0.38325211407106163
0.0 1.3738339449757093 0.3916588032498336
-0.9400909348072772 1.4875054493463717 0.06955761356081193
-0.915986039042988 1.4851088323206443 0.07796430273958395
-0.8918811432786988 1.4827122152949168 0.08637099191835591
-0.8677762475144098 1.4803155982691893 0.09477768109712788
-0.8436713517501206 1.4779189812434619 0.10318437027589984
-0.8195664559858314 1.4755223642177344 0.11159105945467186
-0.7954615602215422 1.4731257471920067 0.11999774863344388
-0.771356664457253 1.4707291301662793 0.12840443781221586
-0.7472517686929641 1.4683325131405518 0.13681112699098782
-0.7231468729286749 1.4659358961148243 0.1452178161697598
-0.6990419771643857 1.4635392790890969 0.1536245053485318
-0.6749370814000965 1.4611426620633694 0.1620311945273038
-0.6508321856358072 1.4587460450376417 0.1704378837060758
-0.6267272898715183 1.4563494280119142 0.17884457288484776
-0.602622394107229 1.4539528109861868 0.18725126206361978
-0.5785174983429399 1.4515561939604593 0.19565795124239174
-0.5544126025786507 1.4491595769347319 0.20406464042116373
-0.5303077068143615 1.4467629599090044 0.21247132959993573
-0.5062028110500725 1.444366342883277 0.2208780187787077
-0.48209791528578316 1.4419697258575492 0.2292847079574797
-0.45799301952149407 1.4395731088318218 0.23769139713625168
-0.4338881237572049 1.4371764918060943 0.24609808631502367
-0.4097832279929157 1.4347798747803668 0.25450477549379563
-0.3856783322286265 1.4323832577546394 0.26291146467256765
-0.36157343646433737 1.429986640728912 0.2713181538513396
-0.3374685407000483 1.4275900237031842 0.2797248430301116
-0.31336364493575913 1.4251934066774568 0.2881315322088836
-0.28925874917146993 1.4227967896517293 0.29653822138765557
-0.26515385340718073 1.4204001726260018 0.3049449105664276
-0.24104895764289158 1.4180035556002744 0.31335159974519955
-0.2169440618786025 1.415606938574547 0.3217582889239715
-0.19283916611431332 1.4132103215488194 0.33016497810274353
-0.16873427035002414 1.4108137045230917 0.3385716672815155
-0.14462937458573497 1.4084170874973643 0.3469783564602875
-0.12052447882144579 1.4060204704716368 0.3553850456390595
-0.09641958305715671 1.4036238534459093 0.36379173481783145
-0.07231468729286754 1.4012272364201819 0.37219842399660347
-0.04820979152857836 1.3988306193944544 0.38060511317537543
-0.02410489576428918 1.3964340023687267 0.38901180235414745
0.0 1.3940373853429993 0.3974184915329194
-0.9400909348072772 1.5077088897136617 0.0753173018438977
-0.915986039042988 1.505312272687934 0.08372399102266972
-0.8918811432786988 1.5029156556622065 0.09213068020144169
-0.8677762475144098 1.500519038636479 0.10053736938021365
-0.8436713517501206 1.4981224216107516 0.10894405855898562
-0.8195664559858314 1.4957258045850241 0.11735074773775764
-0.7954615602215422 1.4933291875592967 0.12575743691652966
-0.771356664457253 1.4909325705335692 0.13416412609530162
-0.7472517686929641 1.4885359535078415 0.1425708152740736
-0.7231468729286749 1.486139336482114 0.15097750445284555
-0.6990419771643857 1.4837427194563866 0.15938419363161757
-0.6749370814000965 1.4813461024306591 0.16779088281038956
-0.6508321856358072 1.4789494854049317 0.17619757198916156
-0.6267272898715183 1.4765528683792042 0.18460426116793352
-0.602622394107229 1.4741562513534765 0.19301095034670554
-0.5785174983429399 1.471759634327749 0.2014176395254775
-0.5544126025786507 1.4693630173020216 0.2098243287042495
-0.5303077068143615 1.466966400276294 0.2182310178830215
-0.5062028110500725 1.4645697832505666 0.22663770706179345
-0.48209791528578316 1.4621731662248392 0.23504439624056547
-0.45799301952149407 1.4597765491991115 0.24345108541933744
-0.4338881237572049 1.457379932173384 0.25185777459810943
-0.4097832279929157 1.4549833151476566 0.2602644637768814
-0.3856783322286265 1.452586698121929 0.2686711529556534
-0.36157343646433737 1.4501900810962016 0.2770778421344254
-0.3374685407000483 1.4477934640704742 0.28548453131319734
-0.31336364493575913 1.4453968470447467 0.29389122049196936
-0.28925874917146993 1.443000230019019 0.3022979096707413
-0.26515385340718073 1.4406036129932915 0.31070459884951335
-0.24104895764289158 1.438206995967564 0.3191112880282853
-0.2169440618786025 1.4358103789418366 0.3275179772070573
-0.19283916611431332 1.4334137619161091 0.3359246663858293
-0.16873427035002414 1.4310171448903817 0.34433135556460126
-0.14462937458573497 1.428620527864654 0.3527380447433733
-0.12052447882144579 1.4262239108389265 0.36114473392214524
-0.09641958305715671 1.423827293813199 0.3695514231009172
-0.07231468729286754 1.4214306767874716 0.37795811227968923
-0.04820979152857836 1.4190340597617441 0.3863648014584612
-0.02410489576428918 1.4166374427360167 0.3947714906372332
0.0 1.414240825710289 0.4031781798160052
-0.9400909348072772 1.5279123300809514 0.08107699012698347
-0.915986039042988 1.525515713055224 0.08948367930575549
-0.8918811432786988 1.5231190960294965 0.09789036848452745
-0.8677762475144098 1.5207224790037688 0.10629705766329942
-0.8436713517501206 1.5183258619780413 0.11470374684207138
-0.8195664559858314 1.5159292449523138 0.1231104360208434
-0.7954615602215422 1.5135326279265864 0.13151712519961542
-0.771356664457253 1.511136010900859 0.13992381437838738
-0.7472517686929641 1.5087393938751315 0.14833050355715935
-0.7231468729286749 1.5063427768494038 0.1567371927359313
-0.6990419771643857 1.5039461598236763 0.16514388191470333
-0.6749370814000965 1.5015495427979488 0.17355057109347533
-0.6508321856358072 1.4991529257722214 0.18195726027224732
-0.6267272898715183 1.496756308746494 0.19036394945101928
-0.602622394107229 1.4943596917207664 0.1987706386297913
-0.5785174983429399 1.491963074695039 0.20717732780856327
-0.5544126025786507 1.4895664576693113 0.21558401698733526
-0.5303077068143615 1.4871698406435838 0.22399070616610725
-0.5062028110500725 1.4847732236178564 0.23239739534487922
-0.48209791528578316 1.4823766065921289 0.24080408452365124
-0.45799301952149407 1.4799799895664014 0.2492107737024232
-0.4338881237572049 1.477583372540674 0.2576174628811952
-0.4097832279929157 1.4751867555149463 0.2660241520599672
-0.3856783322286265 1.4727901384892188 0.2744308412387392
-0.36157343646433737 1.4703935214634913 0.2828375304175112
-0.3374685407000483 1.4679969044377639 0.29124421959628316
-0.31336364493575913 1.4656002874120364 0.2996509087750551
-0.28925874917146993 1.463203670386309 0.30805759795382714
-0.26515385340718073 1.4608070533605813 0.3164642871325991
-0.24104895764289158 1.4584104363348538 0.32487097631137113
-0.2169440618786025 1.4560138193091263 0.3332776654901431
-0.19283916611431332 1.4536172022833989 0.34168435466891506
-0.16873427035002414 1.4512205852576714 0.3500910438476871
-0.14462937458573497 1.448823968231944 0.35849773302645904
-0.12052447882144579 1.4464273512062162 0.36690442220523106
-0.09641958305715671 1.4440307341804888 0.37531111138400297
-0.07231468729286754 1.4416341171547613 0.383717800562775
-0.04820979152857836 1.4392375001290338 0.39212448974154696
-0.02410489576428918 1.4368408831033064 0.400531178920319
0.0 1.434444266077579 0.408937868099091
-0.9400909348072772 1.5481157704482413 0.0868366784100693
-0.915986039042988 1.5457191534225139 0.09524336758884132
-0.8918811432786988 1.5433225363967864 0.10365005676761328
-0.8677762475144098 1.540925919371059 0.11205674594638525
-0.8436713517501206 1.5385293023453313 0.12046343512515721
-0.8195664559858314 1.5361326853196038 0.12887012430392925
-0.7954615602215422 1.5337360682938763 0.13727681348270127
-0.771356664457253 1.5313394512681489 0.14568350266147323
-0.7472517686929641 1.5289428342424214 0.1540901918402452
-0.7231468729286749 1.526546217216694 0.16249688101901716
-0.6990419771643857 1.5241496001909665 0.17090357019778918
-0.6749370814000965 1.5217529831652388 0.17931025937656117
-0.6508321856358072 1.5193563661395113 0.18771694855533316
-0.6267272898715183 1.5169597491137838 0.19612363773410513
-0.602622394107229 1.5145631320880564 0.20453032691287715
-0.5785174983429399 1.512166515062329 0.2129370160916491
-0.5544126025786507 1.5097698980366014 0.2213437052704211
-0.5303077068143615 1.5073732810108738 0.2297503944491931
-0.5062028110500725 1.5049766639851463 0.23815708362796506
-0.48209791528578316 1.5025800469594188 0.24656377280673708
-0.45799301952149407 1.5001834299336914 0.25497046198550904
-0.4338881237572049 1.497786812907964 0.263377151164281
-0.4097832279929157 1.4953901958822364 0.27178384034305303
-0.3856783322286265 1.4929935788565087 0.280190529521825
-0.36157343646433737 1.4905969618307813 0.288597218700597
-0.3374685407000483 1.4882003448050538 0.297003907879369
-0.31336364493575913 1.4858037277793263 0.30541059705814094
-0.28925874917146993 1.4834071107535989 0.31381728623691296
-0.26515385340718073 1.4810104937278714 0.3222239754156849
-0.24104895764289158 1.4786138767021437 0.33063066459445695
-0.2169440618786025 1.4762172596764163 0.3390373537732289
-0.19283916611431332 1.4738206426506888 0.3474440429520009
-0.16873427035002414 1.4714240256249613 0.3558507321307729
-0.14462937458573497 1.4690274085992339 0.36425742130954486
-0.12052447882144579 1.4666307915735064 0.3726641104883169
-0.09641958305715671 1.464234174547779 0.38107079966708884
-0.07231468729286754 1.4618375575220512 0.3894774888458608
-0.04820979152857836 1.4594409404963238 0.39788417802463283
-0.02410489576428918 1.4570443234705963 0.4062908672034048
0.0 1.4546477064448688 0.4146975563821768
-0.9400909348072772 1.568319210815531 0.09259636669315506
-0.915986039042988 1.5659225937898036 0.10100305587192708
-0.8918811432786988 1.5635259767640761 0.10940974505069904
-0.8677762475144098 1.5611293597383487 0.11781643422947101
-0.8436713517501206 1.5587327427126212 0.126223123408243
-0.8195664559858314 1.5563361256868937 0.134629812587015
-0.7954615602215422 1.553939508661166 0.14303650176578703
-0.771356664457253 1.5515428916354386 0.151443190944559
-0.7472517686929641 1.549146274609711 0.15984988012333096
-0.7231468729286749 1.5467496575839836 0.16825656930210292
-0.6990419771643857 1.5443530405582562 0.17666325848087494
-0.6749370814000965 1.5419564235325287 0.18506994765964693
-0.6508321856358072 1.539559806506801 0.19347663683841893
-0.6267272898715183 1.5371631894810736 0.2018833260171909
-0.602622394107229 1.534766572455346 0.2102900151959629
-0.5785174983429399 1.5323699554296186 0.21869670437473487
-0.5544126025786507 1.5299733384038912 0.22710339355350687
-0.5303077068143615 1.5275767213781637 0.23551008273227886
-0.5062028110500725 1.5251801043524362 0.24391677191105082
-0.48209791528578316 1.5227834873267085 0.25232346108982284
-0.45799301952149407 1.520386870300981 0.2607301502685948
-0.4338881237572049 1.5179902532752536 0.26913683944736677
-0.4097832279929157 1.5155936362495261 0.2775435286261388
-0.3856783322286265 1.5131970192237987 0.28595021780491076
-0.36157343646433737 1.5108004021980712 0.2943569069836828
-0.3374685407000483 1.5084037851723435 0.30276359616245474
-0.31336364493575913 1.506007168146616 0.3111702853412267
-0.28925874917146993 1.5036105511208886 0.3195769745199987
-0.26515385340718073 1.5012139340951611 0.3279836636987707
-0.24104895764289158 1.4988173170694337 0.3363903528775427
-0.2169440618786025 1.4964207000437062 0.3447970420563147
-0.19283916611431332 1.4940240830179785 0.35320373123508664
-0.16873427035002414 1.491627465992251 0.36161042041385866
-0.14462937458573497 1.4892308489665236 0.3700171095926306
-0.12052447882144579 1.4868342319407961 0.37842379877140264
-0.09641958305715671 1.4844376149150686 0.3868304879501746
-0.07231468729286754 1.4820409978893412 0.39523717712894657
-0.04820979152857836 1.4796443808636135 0.4036438663077186
-0.02410489576428918 1.477247763837886 0.41205055548649056
0.0 1.4748511468121586 0.4204572446652626
-0.9400909348072772 1.588522651182821 0.09835605497624084
-0.915986039042988 1.5861260341570933 0.10676274415501286
-0.8918811432786988 1.5837294171313658 0.11516943333378482
-0.8677762475144098 1.5813328001056384 0.12357612251255679
-0.8436713517501206 1.578936183079911 0.13198281169132875
-0.8195664559858314 1.5765395660541834 0.14038950087010077
-0.7954615602215422 1.574142949028456 0.1487961900488728
-0.771356664457253 1.5717463320027283 0.15720287922764475
-0.7472517686929641 1.5693497149770008 0.16560956840641672
-0.7231468729286749 1.5669530979512734 0.17401625758518868
-0.6990419771643857 1.564556480925546 0.1824229467639607
-0.6749370814000965 1.5621598638998184 0.1908296359427327
-0.6508321856358072 1.559763246874091 0.1992363251215047
-0.6267272898715183 1.5573666298483635 0.20764301430027665
-0.602622394107229 1.5549700128226358 0.21604970347904867
-0.5785174983429399 1.5525733957969083 0.22445639265782064
-0.5544126025786507 1.5501767787711809 0.23286308183659263
-0.5303077068143615 1.5477801617454534 0.24126977101536462
-0.5062028110500725 1.545383544719726 0.24967646019413658
-0.48209791528578316 1.5429869276939985 0.2580831493729086
-0.45799301952149407 1.5405903106682708 0.26648983855168057
-0.4338881237572049 1.5381936936425433 0.27489652773045253
-0.4097832279929157 1.5357970766168159 0.28330321690922455
-0.3856783322286265 1.5334004595910884 0.2917099060879965
-0.36157343646433737 1.531003842565361 0.30011659526676854
-0.3374685407000483 1.5286072255396335 0.3085232844455405
-0.31336364493575913 1.5262106085139058 0.31692997362431247
-0.28925874917146993 1.5238139914881783 0.3253366628030845
-0.26515385340718073 1.5214173744624508 0.33374335198185645
-0.24104895764289158 1.5190207574367234 0.34215004116062847
-0.2169440618786025 1.516624140410996 0.35055673033940044
-0.19283916611431332 1.5142275233852684 0.3589634195181724
-0.16873427035002414 1.511830906359541 0.3673701086969444
-0.14462937458573497 1.5094342893338133 0.3757767978757164
-0.12052447882144579 1.5070376723080858 0.3841834870544884
-0.09641958305715671 1.5046410552823584 0.39259017623326037
-0.07231468729286754 1.502244438256631 0.40099686541203233
-0.04820979152857836 1.4998478212309034 0.40940355459080435
-0.02410489576428918 1.497451204205176 0.4178102437695763
0.0 1.4950545871794483 0.42621693294834834
-0.9400909348072772 1.608726091550111 0.10411574325932667
-0.915986039042988 1.6063294745243835 0.11252243243809869
-0.8918811432786988 1.6039328574986558 0.12092912161687065
-0.8677762475144098 1.6015362404729283 0.1293358107956426
-0.8436713517501206 1.5991396234472008 0.13774249997441457
-0.8195664559858314 1.5967430064214734 0.1461491891531866
-0.7954615602215422 1.594346389395746 0.1545558783319586
-0.771356664457253 1.5919497723700184 0.16296256751073057
-0.7472517686929641 1.589553155344291 0.17136925668950254
-0.7231468729286749 1.5871565383185633 0.1797759458682745
-0.6990419771643857 1.5847599212928358 0.18818263504704652
-0.6749370814000965 1.5823633042671084 0.1965893242258185
-0.6508321856358072 1.579966687241381 0.2049960134045905
-0.6267272898715183 1.5775700702156534 0.21340270258336247
-0.602622394107229 1.575173453189926 0.2218093917621345
-0.5785174983429399 1.5727768361641983 0.23021608094090645
-0.5544126025786507 1.5703802191384708 0.23862277011967845
-0.5303077068143615 1.5679836021127433 0.24702945929845044
-0.5062028110500725 1.5655869850870159 0.2554361484772224
-0.48209791528578316 1.5631903680612884 0.2638428376559944
-0.45799301952149407 1.560793751035561 0.2722495268347664
-0.4338881237572049 1.5583971340098333 0.2806562160135384
-0.4097832279929157 1.5560005169841058 0.28906290519231037
-0.3856783322286265 1.5536038999583783 0.2974695943710824
-0.36157343646433737 1.5512072829326509 0.30587628354985436
-0.3374685407000483 1.5488106659069234 0.3142829727286263
-0.31336364493575913 1.546414048881196 0.32268966190739834
-0.28925874917146993 1.5440174318554685 0.3310963510861703
-0.26515385340718073 1.5416208148297408 0.3395030402649423
-0.24104895764289158 1.5392241978040133 0.3479097294437143
-0.2169440618786025 1.5368275807782859 0.35631641862248625
-0.19283916611431332 1.5344309637525584 0.3647231078012583
-0.16873427035002414 1.532034346726831 0.37312979698003024
-0.14462937458573497 1.5296377297011035 0.38153648615880226
-0.12052447882144579 1.5272411126753758 0.3899431753375742
-0.09641958305715671 1.5248444956496483 0.3983498645163462
-0.07231468729286754 1.5224478786239208 0.4067565536951182
-0.04820979152857836 1.5200512615981934 0.41516324287389017
-0.02410489576428918 1.517654644572466 0.4235699320526622
0.0 1.5152580275467384 0.43197662123143415
-0.9400909348072772 1.6289295319174006 0.10987543154241243
-0.915986039042988 1.6265329148916732 0.11828212072118445
-0.8918811432786988 1.6241362978659457 0.12668880989995643
-0.8677762475144098 1.6217396808402182 0.1350954990787284
-0.8436713517501206 1.6193430638144906 0.14350218825750036
-0.8195664559858314 1.616946446788763 0.15190887743627238
-0.7954615602215422 1.6145498297630356 0.1603155666150444
-0.771356664457253 1.6121532127373082 0.16872225579381636
-0.7472517686929641 1.6097565957115807 0.17712894497258833
-0.7231468729286749 1.6073599786858532 0.1855356341513603
-0.6990419771643857 1.6049633616601255 0.1939423233301323
-0.6749370814000965 1.602566744634398 0.2023490125089043
-0.6508321856358072 1.6001701276086706 0.2107557016876763
-0.6267272898715183 1.5977735105829431 0.21916239086644826
-0.602622394107229 1.5953768935572157 0.22756908004522028
-0.5785174983429399 1.5929802765314882 0.23597576922399224
-0.5544126025786507 1.5905836595057607 0.24438245840276424
-0.5303077068143615 1.588187042480033 0.2527891475815362
-0.5062028110500725 1.5857904254543056 0.26119583676030816
-0.48209791528578316 1.5833938084285781 0.2696025259390802
-0.45799301952149407 1.5809971914028507 0.27800921511785215
-0.4338881237572049 1.5786005743771232 0.28641590429662417
-0.4097832279929157 1.5762039573513957 0.29482259347539613
-0.3856783322286265 1.573807340325668 0.30322928265416815
-0.36157343646433737 1.5714107232999406 0.3116359718329401
-0.3374685407000483 1.5690141062742131 0.3200426610117121
-0.31336364493575913 1.5666174892484857 0.3284493501904841
-0.28925874917146993 1.5642208722227582 0.33685603936925607
-0.26515385340718073 1.5618242551970307 0.3452627285480281
-0.24104895764289158 1.559427638171303 0.35366941772680005
-0.2169440618786025 1.5570310211455756 0.362076106905572
-0.19283916611431332 1.554634404119848 0.37048279608434403
-0.16873427035002414 1.5522377870941206 0.378889485263116
-0.14462937458573497 1.5498411700683932 0.387296174441888
-0.12052447882144579 1.5474445530426657 0.39570286362066
-0.09641958305715671 1.5450479360169382 0.40410955279943195
-0.07231468729286754 1.5426513189912106 0.41251624197820397
-0.04820979152857836 1.540254701965483 0.42092293115697593
-0.02410489576428918 1.5378580849397556 0.42932962033574795
0.0 1.5354614679140282 0.4377363095145199
-0.9400909348072772 1.6491329722846904 0.11563511982549819
-0.915986039042988 1.646736355258963 0.12404180900427021
-0.8918811432786988 1.6443397382332354 0.1324484981830422
-0.8677762475144098 1.641943121207508 0.14085518736181415
-0.8436713517501206 1.6395465041817805 0.14926187654058612
-0.8195664559858314 1.6371498871560528 0.15766856571935814
-0.7954615602215422 1.6347532701303253 0.16607525489813016
-0.771356664457253 1.6323566531045979 0.17448194407690212
-0.7472517686929641 1.6299600360788704 0.1828886332556741
-0.7231468729286749 1.627563419053143 0.19129532243444605
-0.6990419771643857 1.6251668020274155 0.19970201161321807
-0.6749370814000965 1.622770185001688 0.20810870079199006
-0.6508321856358072 1.6203735679759603 0.21651538997076206
-0.6267272898715183 1.6179769509502329 0.22492207914953402
-0.602622394107229 1.6155803339245054 0.23332876832830604
-0.5785174983429399 1.613183716898778 0.241735457507078
-0.5544126025786507 1.6107870998730505 0.25014214668585
-0.5303077068143615 1.608390482847323 0.25854883586462196
-0.5062028110500725 1.6059938658215953 0.2669555250433939
-0.48209791528578316 1.6035972487958678 0.27536221422216595
-0.45799301952149407 1.6012006317701404 0.2837689034009379
-0.4338881237572049 1.598804014744413 0.29217559257970993
-0.4097832279929157 1.5964073977186855 0.3005822817584819
-0.3856783322286265 1.594010780692958 0.3089889709372539
-0.36157343646433737 1.5916141636672303 0.3173956601160259
-0.3374685407000483 1.5892175466415028 0.32580234929479784
-0.31336364493575913 1.5868209296157754 0.33420903847356986
-0.28925874917146993 1.584424312590048 0.34261572765234183
-0.26515385340718073 1.5820276955643204 0.35102241683111385
-0.24104895764289158 1.579631078538593 0.3594291060098858
-0.2169440618786025 1.5772344615128655 0.3678357951886578
-0.19283916611431332 1.5748378444871378 0.3762424843674298
-0.16873427035002414 1.5724412274614104 0.38464917354620176
-0.14462937458573497 1.5700446104356829 0.3930558627249738
-0.12052447882144579 1.5676479934099554 0.40146255190374575
-0.09641958305715671 1.565251376384228 0.4098692410825177
-0.07231468729286754 1.5628547593585005 0.41827593026128973
-0.04820979152857836 1.5604581423327728 0.4266826194400617
-0.02410489576428918 1.5580615253070453 0.4350893086188337
0.0 1.5556649082813179 0.4434959977976057
-0.9400909348072772 1.6693364126519805 0.12139480810858402
-0.915986039042988 1.6669397956262528 0.12980149728735604
-0.8918811432786988 1.6645431786005254 0.138208186466128
-0.8677762475144098 1.662146561574798 0.14661487564489997
-0.8436713517501206 1.6597499445490704 0.15502156482367194
-0.8195664559858314 1.657353327523343 0.16342825400244396
-0.7954615602215422 1.6549567104976155 0.17183494318121598
-0.771356664457253 1.6525600934718878 0.18024163235998794
-0.7472517686929641 1.6501634764461603 0.1886483215387599
-0.7231468729286749 1.6477668594204329 0.19705501071753187
-0.6990419771643857 1.6453702423947054 0.2054616998963039
-0.6749370814000965 1.642973625368978 0.21386838907507588
-0.6508321856358072 1.6405770083432505 0.22227507825384787
-0.6267272898715183 1.6381803913175228 0.23068176743261984
-0.602622394107229 1.6357837742917953 0.23908845661139186
-0.5785174983429399 1.6333871572660679 0.24749514579016382
-0.5544126025786507 1.6309905402403404 0.2559018349689358
-0.5303077068143615 1.628593923214613 0.26430852414770784
-0.5062028110500725 1.6261973061888855 0.2727152133264798
-0.48209791528578316 1.6238006891631578 0.2811219025052518
-0.45799301952149407 1.6214040721374303 0.2895285916840238
-0.4338881237572049 1.6190074551117029 0.29793528086279575
-0.4097832279929157 1.6166108380859754 0.30634197004156777
-0.3856783322286265 1.614214221060248 0.31474865922033973
-0.36157343646433737 1.6118176040345205 0.32315534839911175
-0.3374685407000483 1.609420987008793 0.3315620375778837
-0.31336364493575913 1.6070243699830653 0.3399687267566557
-0.28925874917146993 1.6046277529573378 0.3483754159354277
-0.26515385340718073 1.6022311359316104 0.35678210511419967
-0.24104895764289158 1.599834518905883 0.3651887942929717
-0.2169440618786025 1.5974379018801554 0.37359548347174365
-0.19283916611431332 1.595041284854428 0.3820021726505156
-0.16873427035002414 1.5926446678287003 0.39040886182928763
-0.14462937458573497 1.5902480508029728 0.3988155510080596
-0.12052447882144579 1.5878514337772454 0.4072222401868316
-0.09641958305715671 1.585454816751518 0.4156289293656035
-0.07231468729286754 1.5830581997257904 0.42403561854437555
-0.04820979152857836 1.580661582700063 0.43244230772314757
-0.02410489576428918 1.5782649656743353 0.44084899690191953
0.0 1.5758683486486078 0.44925568608069155
-0.9400909348072772 1.6895398530192702 0.12715449639166979
-0.915986039042988 1.6871432359935428 0.1355611855704418
-0.8918811432786988 1.684746618967815 0.14396787474921377
-0.8677762475144098 1.6823500019420876 0.15237456392798573
-0.8436713517501206 1.6799533849163601 0.1607812531067577
-0.8195664559858314 1.6775567678906327 0.16918794228552972
-0.7954615602215422 1.6751601508649052 0.17759463146430174
-0.771356664457253 1.6727635338391778 0.1860013206430737
-0.7472517686929641 1.6703669168134503 0.19440800982184567
-0.7231468729286749 1.6679702997877226 0.20281469900061763
-0.6990419771643857 1.6655736827619951 0.21122138817938965
-0.6749370814000965 1.6631770657362677 0.21962807735816164
-0.6508321856358072 1.6607804487105402 0.22803476653693364
-0.6267272898715183 1.6583838316848127 0.2364414557157056
-0.602622394107229 1.6559872146590853 0.24484814489447762
-0.5785174983429399 1.6535905976333576 0.2532548340732496
-0.5544126025786507 1.6511939806076301 0.2616615232520216
-0.5303077068143615 1.6487973635819027 0.2700682124307936
-0.5062028110500725 1.6464007465561752 0.27847490160956556
-0.48209791528578316 1.6440041295304477 0.2868815907883376
-0.45799301952149407 1.6416075125047203 0.29528827996710955
-0.4338881237572049 1.6392108954789926 0.3036949691458815
-0.4097832279929157 1.636814278453265 0.31210165832465353
-0.3856783322286265 1.6344176614275376 0.3205083475034255
-0.36157343646433737 1.6320210444018102 0.3289150366821975
-0.3374685407000483 1.6296244273760827 0.3373217258609695
-0.31336364493575913 1.6272278103503552 0.34572841503974144
-0.28925874917146993 1.6248311933246276 0.35413510421851346
-0.26515385340718073 1.6224345762989 0.36254179339728543
-0.24104895764289158 1.6200379592731726 0.37094848257605745
-0.2169440618786025 1.6176413422474452 0.3793551717548294
-0.19283916611431332 1.6152447252217177 0.3877618609336014
-0.16873427035002414 1.6128481081959902 0.3961685501123734
-0.14462937458573497 1.6104514911702628 0.40457523929114536
-0.12052447882144579 1.608054874144535 0.4129819284699174
-0.09641958305715671 1.6056582571188076 0.42138861764868935
-0.07231468729286754 1.6032616400930801 0.4297953068274613
-0.04820979152857836 1.6008650230673527 0.43820199600623333
-0.02410489576428918 1.5984684060416252 0.4466086851850053
0.0 1.5960717890158977 0.4550153743637773
-0.9400909348072772 1.7097432933865602 0.13291418467475563
-0.915986039042988 1.7073466763608327 0.14132087385352765
-0.8918811432786988 1.7049500593351052 0.14972756303229962
-0.8677762475144098 1.7025534423093778 0.15813425221107158
-0.8436713517501206 1.70015682528365 0.16654094138984354
-0.8195664559858314 1.6977602082579226 0.17494763056861556
-0.7954615602215422 1.6953635912321952 0.18335431974738758
-0.771356664457253 1.6929669742064677 0.19176100892615955
-0.7472517686929641 1.6905703571807402 0.2001676981049315
-0.7231468729286749 1.6881737401550128 0.20857438728370348
-0.6990419771643857 1.685777123129285 0.2169810764624755
-0.6749370814000965 1.6833805061035576 0.2253877656412475
-0.6508321856358072 1.6809838890778301 0.23379445482001948
-0.6267272898715183 1.6785872720521027 0.24220114399879145
-0.602622394107229 1.6761906550263752 0.25060783317756347
-0.5785174983429399 1.6737940380006477 0.25901452235633543
-0.5544126025786507 1.67139742097492 0.2674212115351074
-0.5303077068143615 1.6690008039491926 0.2758279007138794
-0.5062028110500725 1.6666041869234651 0.2842345898926514
-0.48209791528578316 1.6642075698977377 0.2926412790714234
-0.45799301952149407 1.6618109528720102 0.30104796825019536
-0.4338881237572049 1.6594143358462827 0.30945465742896733
-0.4097832279929157 1.657017718820555 0.31786134660773935
-0.3856783322286265 1.6546211017948276 0.3262680357865113
-0.36157343646433737 1.6522244847691 0.33467472496528333
-0.3374685407000483 1.6498278677433726 0.3430814141440553
-0.31336364493575913 1.6474312507176452 0.35148810332282726
-0.28925874917146993 1.6450346336919177 0.3598947925015993
-0.26515385340718073 1.6426380166661902 0.36830148168037125
-0.24104895764289158 1.6402413996404626 0.37670817085914327
-0.2169440618786025 1.637844782614735 0.38511486003791523
-0.19283916611431332 1.6354481655890076 0.3935215492166872
-0.16873427035002414 1.6330515485632802 0.4019282383954592
-0.14462937458573497 1.6306549315375527 0.4103349275742312
-0.12052447882144579 1.6282583145118252 0.4187416167530032
-0.09641958305715671 1.6258616974860975 0.42714830593177516
-0.07231468729286754 1.62346508046037 0.4355549951105471
-0.04820979152857836 1.6210684634346426 0.44396168428931915
-0.02410489576428918 1.6186718464089151 0.4523683734680911
0.0 1.6162752293831877 0.46077506264686313
-0.9400909348072772 1.7299467337538499 0.1386738729578414
-0.915986039042988 1.7275501167281224 0.1470805621366134
-0.8918811432786988 1.725153499702395 0.15548725131538538
-0.8677762475144098 1.7227568826766675 0.16389394049415734
-0.8436713517501206 1.72036026565094 0.1723006296729293
-0.8195664559858314 1.7179636486252123 0.18070731885170133
-0.7954615602215422 1.7155670315994849 0.18911400803047335
-0.771356664457253 1.7131704145737574 0.1975206972092453
-0.7472517686929641 1.71077379754803 0.20592738638801728
-0.7231468729286749 1.7083771805223025 0.21433407556678924
-0.6990419771643857 1.705980563496575 0.22274076474556126
-0.6749370814000965 1.7035839464708473 0.23114745392433325
-0.6508321856358072 1.7011873294451199 0.23955414310310524
-0.6267272898715183 1.6987907124193924 0.2479608322818772
-0.602622394107229 1.696394095393665 0.25636752146064923
-0.5785174983429399 1.6939974783679375 0.2647742106394212
-0.5544126025786507 1.69160086134221 0.27318089981819316
-0.5303077068143615 1.6892042443164825 0.2815875889969652
-0.5062028110500725 1.6868076272907548 0.28999427817573714
-0.48209791528578316 1.6844110102650274 0.29840096735450916
-0.45799301952149407 1.6820143932393 0.3068076565332811
-0.4338881237572049 1.6796177762135724 0.3152143457120531
-0.4097832279929157 1.677221159187845 0.3236210348908251
-0.3856783322286265 1.6748245421621175 0.3320277240695971
-0.36157343646433737 1.6724279251363898 0.3404344132483691
-0.3374685407000483 1.6700313081106624 0.34884110242714106
-0.31336364493575913 1.667634691084935 0.357247791605913
-0.28925874917146993 1.6652380740592074 0.36565448078468504
-0.26515385340718073 1.66284145703348 0.374061169963457
-0.24104895764289158 1.6604448400077525 0.382467859142229
-0.2169440618786025 1.6580482229820248 0.390874548321001
-0.19283916611431332 1.6556516059562973 0.39928123749977296
-0.16873427035002414 1.6532549889305699 0.407687926678545
-0.14462937458573497 1.6508583719048424 0.41609461585731694
-0.12052447882144579 1.648461754879115 0.42450130503608896
-0.09641958305715671 1.6460651378533875 0.4329079942148609
-0.07231468729286754 1.64366852082766 0.4413146833936329
-0.04820979152857836 1.6412719038019323 0.4497213725724049
-0.02410489576428918 1.6388752867762049 0.4581280617511769
0.0 1.6364786697504774 0.4665347509299489
-0.9400909348072772 1.7501501741211396 0.14443356124092716
-0.915986039042988 1.7477535570954121 0.15284025041969918
-0.8918811432786988 1.7453569400696847 0.16124693959847114
-0.8677762475144098 1.7429603230439572 0.1696536287772431
-0.8436713517501206 1.7405637060182297 0.17806031795601507
-0.8195664559858314 1.7381670889925023 0.1864670071347871
-0.7954615602215422 1.7357704719667748 0.1948736963135591
-0.771356664457253 1.7333738549410471 0.20328038549233107
-0.7472517686929641 1.7309772379153197 0.21168707467110304
-0.7231468729286749 1.7285806208895922 0.220093763849875
-0.6990419771643857 1.7261840038638647 0.22850045302864702
-0.6749370814000965 1.7237873868381373 0.236907142207419
-0.6508321856358072 1.7213907698124098 0.245313831386191
-0.6267272898715183 1.718994152786682 0.25372052056496297
-0.602622394107229 1.7165975357609546 0.262127209743735
-0.5785174983429399 1.7142009187352272 0.27053389892250695
-0.5544126025786507 1.7118043017094997 0.278940588101279
-0.5303077068143615 1.7094076846837722 0.28734727728005094
-0.5062028110500725 1.7070110676580448 0.2957539664588229
-0.48209791528578316 1.704614450632317 0.3041606556375949
-0.45799301952149407 1.7022178336065896 0.3125673448163669
-0.4338881237572049 1.6998212165808622 0.3209740339951389
-0.4097832279929157 1.6974245995551347 0.32938072317391087
-0.3856783322286265 1.6950279825294072 0.3377874123526829
-0.36157343646433737 1.6926313655036798 0.34619410153145486
-0.3374685407000483 1.6902347484779523 0.3546007907102268
-0.31336364493575913 1.6878381314522246 0.36300747988899884
-0.28925874917146993 1.6854415144264971 0.3714141690677708
-0.26515385340718073 1.6830448974007697 0.3798208582465428
-0.24104895764289158 1.6806482803750422 0.3882275474253148
-0.2169440618786025 1.6782516633493147 0.39663423660408675
-0.19283916611431332 1.6758550463235873 0.4050409257828588
-0.16873427035002414 1.6734584292978596 0.41344761496163074
-0.14462937458573497 1.6710618122721321 0.42185430414040276
-0.12052447882144579 1.6686651952464047 0.4302609933191747
-0.09641958305715671 1.6662685782206772 0.4386676824979467
-0.07231468729286754 1.6638719611949497 0.4470743716767187
-0.04820979152857836 1.6614753441692223 0.45548106085549067
-0.02410489576428918 1.6590787271434946 0.4638877500342627
0.0 1.6566821101177671 0.47229443921303466
-0.9400909348072772 1.7703536144884298 0.150193249524013
-0.915986039042988 1.767956997462702 0.15859993870278502
-0.8918811432786988 1.7655603804369746 0.16700662788155698
-0.8677762475144098 1.7631637634112471 0.17541331706032895
-0.8436713517501206 1.7607671463855197 0.1838200062391009
-0.8195664559858314 1.7583705293597922 0.19222669541787293
-0.7954615602215422 1.7559739123340647 0.20063338459664495
-0.771356664457253 1.7535772953083373 0.20904007377541692
-0.7472517686929641 1.7511806782826096 0.21744676295418888
-0.7231468729286749 1.7487840612568821 0.22585345213296085
-0.6990419771643857 1.7463874442311547 0.23426014131173287
-0.6749370814000965 1.7439908272054272 0.24266683049050486
-0.6508321856358072 1.7415942101796997 0.2510735196692768
-0.6267272898715183 1.7391975931539723 0.2594802088480488
-0.602622394107229 1.7368009761282446 0.2678868980268208
-0.5785174983429399 1.7344043591025171 0.27629358720559277
-0.5544126025786507 1.7320077420767896 0.2847002763843648
-0.5303077068143615 1.7296111250510622 0.29310696556313676
-0.5062028110500725 1.7272145080253347 0.3015136547419087
-0.48209791528578316 1.7248178909996073 0.30992034392068074
-0.45799301952149407 1.7224212739738798 0.3183270330994527
-0.4338881237572049 1.720024656948152 0.3267337222782247
-0.4097832279929157 1.7176280399224246 0.3351404114569967
-0.3856783322286265 1.7152314228966972 0.3435471006357687
-0.36157343646433737 1.7128348058709697 0.3519537898145407
-0.3374685407000483 1.7104381888452422 0.36036047899331264
-0.31336364493575913 1.7080415718195148 0.36876716817208466
-0.28925874917146993 1.705644954793787 0.3771738573508566
-0.26515385340718073 1.7032483377680596 0.38558054652962864
-0.24104895764289158 1.7008517207423322 0.3939872357084006
-0.2169440618786025 1.6984551037166047 0.40239392488717257
-0.19283916611431332 1.6960584866908772 0.4108006140659446
-0.16873427035002414 1.6936618696651498 0.41920730324471656
-0.14462937458573497 1.691265252639422 0.4276139924234886
-0.12052447882144579 1.6888686356136946 0.43602068160226054
-0.09641958305715671 1.6864720185879671 0.4444273707810325
-0.07231468729286754 1.6840754015622397 0.4528340599598045
-0.04820979152857836 1.6816787845365122 0.4612407491385765
-0.02410489576428918 1.6792821675107847 0.4696474383173485
0.0 1.676885550485057 0.4780541274961205
-0.9400909348072772 1.7905570548557195 0.15595293780709876
-0.915986039042988 1.788160437829992 0.16435962698587078
-0.8918811432786988 1.7857638208042645 0.17276631616464275
-0.8677762475144098 1.7833672037785369 0.1811730053434147
-0.8436713517501206 1.7809705867528094 0.18957969452218668
-0.8195664559858314 1.778573969727082 0.1979863837009587
-0.7954615602215422 1.7761773527013545 0.20639307287973072
-0.771356664457253 1.773780735675627 0.21479976205850268
-0.7472517686929641 1.7713841186498995 0.22320645123727464
-0.7231468729286749 1.7689875016241718 0.2316131404160466
-0.6990419771643857 1.7665908845984444 0.24001982959481863
-0.6749370814000965 1.764194267572717 0.24842651877359062
-0.6508321856358072 1.7617976505469894 0.2568332079523626
-0.6267272898715183 1.759401033521262 0.26523989713113455
-0.602622394107229 1.7570044164955345 0.27364658630990657
-0.5785174983429399 1.754607799469807 0.28205327548867853
-0.5544126025786507 1.7522111824440794 0.29045996466745055
-0.5303077068143615 1.749814565418352 0.2988666538462225
-0.5062028110500725 1.7474179483926244 0.3072733430249945
-0.48209791528578316 1.745021331366897 0.3156800322037665
-0.45799301952149407 1.7426247143411695 0.32408672138253847
-0.4338881237572049 1.740228097315442 0.3324934105613105
-0.4097832279929157 1.7378314802897143 0.34090009974008245
-0.3856783322286265 1.7354348632639869 0.34930678891885447
-0.36157343646433737 1.7330382462382594 0.35771347809762644
-0.3374685407000483 1.730641629212532 0.3661201672763984
-0.31336364493575913 1.7282450121868045 0.3745268564551704
-0.28925874917146993 1.725848395161077 0.3829335456339424
-0.26515385340718073 1.7234517781353493 0.3913402348127144
-0.24104895764289158 1.7210551611096219 0.39974692399148637
-0.2169440618786025 1.7186585440838944 0.40815361317025833
-0.19283916611431332 1.716261927058167 0.41656030234903035
-0.16873427035002414 1.7138653100324395 0.4249669915278023
-0.14462937458573497 1.711468693006712 0.43337368070657434
-0.12052447882144579 1.7090720759809845 0.4417803698853463
-0.09641958305715671 1.7066754589552569 0.45018705906411827
-0.07231468729286754 1.7042788419295294 0.4585937482428903
-0.04820979152857836 1.701882224903802 0.46700043742166225
-0.02410489576428918 1.6994856078780745 0.47540712660043427
0.0 1.697088990852347 0.48381381577920624
-0.9400909348072772 1.8107604952230092 0.16171262609018452
-0.915986039042988 1.8083638781972817 0.17011931526895654
-0.8918811432786988 1.8059672611715543 0.1785260044477285
-0.8677762475144098 1.8035706441458268 0.18693269362650047
-0.8436713517501206 1.8011740271200993 0.19533938280527244
-0.8195664559858314 1.7987774100943716 0.20374607198404446
-0.7954615602215422 1.7963807930686442 0.21215276116281648
-0.771356664457253 1.7939841760429167 0.22055945034158844
-0.7472517686929641 1.7915875590171892 0.2289661395203604
-0.7231468729286749 1.7891909419914618 0.23737282869913237
-0.6990419771643857 1.7867943249657343 0.2457795178779044
-0.6749370814000965 1.7843977079400066 0.2541862070566764
-0.6508321856358072 1.7820010909142792 0.26259289623544835
-0.6267272898715183 1.7796044738885517 0.2709995854142203
-0.602622394107229 1.7772078568628242 0.27940627459299233
-0.5785174983429399 1.7748112398370968 0.2878129637717643
-0.5544126025786507 1.7724146228113693 0.2962196529505363
-0.5303077068143615 1.7700180057856416 0.3046263421293083
-0.5062028110500725 1.7676213887599141 0.31303303130808025
-0.48209791528578316 1.7652247717341867 0.32143972048685227
-0.45799301952149407 1.7628281547084592 0.32984640966562423
-0.4338881237572049 1.7604315376827318 0.33825309884439625
-0.4097832279929157 1.7580349206570043 0.3466597880231682
-0.3856783322286265 1.7556383036312768 0.35506647720194023
-0.36157343646433737 1.7532416866055491 0.3634731663807122
-0.3374685407000483 1.7508450695798217 0.37187985555948416
-0.31336364493575913 1.7484484525540942 0.3802865447382562
-0.28925874917146993 1.7460518355283667 0.38869323391702815
-0.26515385340718073 1.7436552185026393 0.39709992309580017
-0.24104895764289158 1.7412586014769118 0.40550661227457213
-0.2169440618786025 1.7388619844511841 0.4139133014533441
-0.19283916611431332 1.7364653674254567 0.4223199906321161
-0.16873427035002414 1.7340687503997292 0.4307266798108881
-0.14462937458573497 1.7316721333740017 0.4391333689896601
-0.12052447882144579 1.7292755163482743 0.44754005816843206
-0.09641958305715671 1.7268788993225468 0.45594674734720403
-0.07231468729286754 1.724482282296819 0.46435343652597605
-0.04820979152857836 1.7220856652710916 0.472760125704748
-0.02410489576428918 1.7196890482453642 0.48116681488352003
0.0 1.7172924312196367 0.489573504062292
-0.9400909348072772 1.8309639355902991 0.16747231437327034
-0.915986039042988 1.8285673185645717 0.17587900355204236
-0.8918811432786988 1.8261707015388442 0.18428569273081433
-0.8677762475144098 1.8237740845131167 0.1926923819095863
-0.8436713517501206 1.8213774674873893 0.20109907108835826
-0.8195664559858314 1.8189808504616618 0.20950576026713028
-0.7954615602215422 1.8165842334359341 0.2179124494459023
-0.771356664457253 1.8141876164102066 0.22631913862467426
-0.7472517686929641 1.8117909993844792 0.23472582780344622
-0.7231468729286749 1.8093943823587517 0.2431325169822182
-0.6990419771643857 1.8069977653330243 0.25153920616099024
-0.6749370814000965 1.8046011483072968 0.2599458953397622
-0.6508321856358072 1.802204531281569 0.2683525845185342
-0.6267272898715183 1.7998079142558416 0.2767592736973062
-0.602622394107229 1.7974112972301142 0.2851659628760782
-0.5785174983429399 1.7950146802043867 0.29357265205485017
-0.5544126025786507 1.7926180631786592 0.30197934123362213
-0.5303077068143615 1.7902214461529318 0.31038603041239415
-0.5062028110500725 1.7878248291272043 0.3187927195911661
-0.48209791528578316 1.7854282121014766 0.32719940876993814
-0.45799301952149407 1.7830315950757492 0.3356060979487101
-0.4338881237572049 1.7806349780500217 0.34401278712748207
-0.4097832279929157 1.7782383610242942 0.3524194763062541
-0.3856783322286265 1.7758417439985668 0.36082616548502605
-0.36157343646433737 1.7734451269728393 0.36923285466379807
-0.3374685407000483 1.7710485099471116 0.37763954384257004
-0.31336364493575913 1.7686518929213841 0.386046233021342
-0.28925874917146993 1.7662552758956567 0.394452922200114
-0.26515385340718073 1.7638586588699292 0.402859611378886
-0.24104895764289158 1.7614620418442017 0.411266300557658
-0.2169440618786025 1.7590654248184743 0.41967298973642997
-0.19283916611431332 1.7566688077927466 0.42807967891520193
-0.16873427035002414 1.7542721907670191 0.43648636809397395
-0.14462937458573497 1.7518755737412917 0.4448930572727459
-0.12052447882144579 1.7494789567155642 0.45329974645151794
-0.09641958305715671 1.7470823396898367 0.4617064356302899
-0.07231468729286754 1.7446857226641093 0.47011312480906187
-0.04820979152857836 1.7422891056383818 0.4785198139878339
-0.02410489576428918 1.739892488612654 0.48692650316660585
0.0 1.7374958715869266 0.49533319234537787
-0.9400909348072772 1.851167375957589 0.17323200265635613
-0.915986039042988 1.8487707589318614 0.18163869183512815
-0.8918811432786988 1.846374141906134 0.19004538101390012
-0.8677762475144098 1.8439775248804064 0.19845207019267208
-0.8436713517501206 1.841580907854679 0.20685875937144405
-0.8195664559858314 1.8391842908289515 0.21526544855021607
-0.7954615602215422 1.836787673803224 0.22367213772898809
-0.771356664457253 1.8343910567774966 0.23207882690776005
-0.7472517686929641 1.831994439751769 0.24048551608653201
-0.7231468729286749 1.8295978227260414 0.24889220526530398
-0.6990419771643857 1.827201205700314 0.257298894444076
-0.6749370814000965 1.8248045886745865 0.26570558362284796
-0.6508321856358072 1.822407971648859 0.27411227280162
-0.6267272898715183 1.8200113546231316 0.28251896198039195
-0.602622394107229 1.8176147375974039 0.29092565115916397
-0.5785174983429399 1.8152181205716764 0.29933234033793593
-0.5544126025786507 1.812821503545949 0.3077390295167079
-0.5303077068143615 1.8104248865202215 0.3161457186954799
-0.5062028110500725 1.808028269494494 0.3245524078742519
-0.48209791528578316 1.8056316524687666 0.3329590970530239
-0.45799301952149407 1.8032350354430389 0.34136578623179586
-0.4338881237572049 1.8008384184173114 0.34977247541056783
-0.4097832279929157 1.798441801391584 0.35817916458933985
-0.3856783322286265 1.7960451843658565 0.3665858537681118
-0.36157343646433737 1.793648567340129 0.37499254294688383
-0.3374685407000483 1.7912519503144015 0.3833992321256558
-0.31336364493575913 1.788855333288674 0.39180592130442776
-0.28925874917146993 1.7864587162629464 0.4002126104831998
-0.26515385340718073 1.784062099237219 0.40861929966197175
-0.24104895764289158 1.7816654822114915 0.41702598884074377
-0.2169440618786025 1.779268865185764 0.42543267801951573
-0.19283916611431332 1.7768722481600365 0.4338393671982877
-0.16873427035002414 1.774475631134309 0.4422460563770597
-0.14462937458573497 1.7720790141085814 0.4506527455558317
-0.12052447882144579 1.769682397082854 0.4590594347346037
-0.09641958305715671 1.7672857800571264 0.46746612391337566
-0.07231468729286754 1.764889163031399 0.47587281309214763
-0.04820979152857836 1.7624925460056715 0.48427950227091965
-0.02410489576428918 1.760095928979944 0.4926861914496916
0.0 1.7576993119542164 0.5010928806284636
-0.9400909348072772 1.8713708163248788 0.1789916909394419
-0.915986039042988 1.8689741992991513 0.18739838011821391
-0.8918811432786988 1.8665775822734239 0.19580506929698588
-0.8677762475144098 1.8641809652476962 0.20421175847575784
-0.8436713517501206 1.8617843482219687 0.2126184476545298
-0.8195664559858314 1.8593877311962412 0.22102513683330183
-0.7954615602215422 1.8569911141705138 0.22943182601207385
-0.771356664457253 1.8545944971447863 0.2378385151908458
-0.7472517686929641 1.8521978801190588 0.24624520436961778
-0.7231468729286749 1.8498012630933311 0.25465189354838974
-0.6990419771643857 1.8474046460676037 0.26305858272716176
-0.6749370814000965 1.8450080290418762 0.2714652719059337
-0.6508321856358072 1.8426114120161488 0.27987196108470574
-0.6267272898715183 1.8402147949904213 0.2882786502634777
-0.602622394107229 1.8378181779646938 0.29668533944224973
-0.5785174983429399 1.8354215609389664 0.3050920286210217
-0.5544126025786507 1.8330249439132387 0.31349871779979366
-0.5303077068143615 1.8306283268875112 0.3219054069785657
-0.5062028110500725 1.8282317098617837 0.33031209615733764
-0.48209791528578316 1.8258350928360563 0.33871878533610966
-0.45799301952149407 1.8234384758103288 0.3471254745148816
-0.4338881237572049 1.8210418587846013 0.3555321636936536
-0.4097832279929157 1.8186452417588737 0.3639388528724256
-0.3856783322286265 1.8162486247331462 0.3723455420511976
-0.36157343646433737 1.8138520077074187 0.3807522312299696
-0.3374685407000483 1.8114553906816913 0.38915892040874156
-0.31336364493575913 1.8090587736559638 0.3975656095875135
-0.28925874917146993 1.8066621566302363 0.40597229876628554
-0.26515385340718073 1.8042655396045086 0.4143789879450575
-0.24104895764289158 1.8018689225787812 0.42278567712382953
-0.2169440618786025 1.7994723055530537 0.4311923663026015
-0.19283916611431332 1.7970756885273262 0.43959905548137346
-0.16873427035002414 1.7946790715015988 0.4480057446601455
-0.14462937458573497 1.7922824544758713 0.45641243383891744
-0.12052447882144579 1.7898858374501436 0.46481912301768946
-0.09641958305715671 1.7874892204244162 0.4732258121964614
-0.07231468729286754 1.7850926033986887 0.4816325013752334
-0.04820979152857836 1.7826959863729612 0.4900391905540054
-0.02410489576428918 1.7802993693472338 0.4984458797327774
0.0 1.7779027523215063 0.5068525689115494
-0.9400909348072772 1.8915742566921687 0.1847513792225277
-0.915986039042988 1.8891776396664413 0.19315806840129973
-0.8918811432786988 1.8867810226407138 0.2015647575800717
-0.8677762475144098 1.8843844056149863 0.20997144675884366
-0.8436713517501206 1.8819877885892586 0.21837813593761563
-0.8195664559858314 1.8795911715635312 0.22678482511638764
-0.7954615602215422 1.8771945545378037 0.23519151429515966
-0.771356664457253 1.8747979375120762 0.24359820347393163
-0.7472517686929641 1.8724013204863488 0.2520048926527036
-0.7231468729286749 1.8700047034606213 0.26041158183147556
-0.6990419771643857 1.8676080864348938 0.2688182710102476
-0.6749370814000965 1.8652114694091662 0.2772249601890196
-0.6508321856358072 1.8628148523834387 0.28563164936779156
-0.6267272898715183 1.8604182353577112 0.2940383385465635
-0.602622394107229 1.8580216183319838 0.30244502772533555
-0.5785174983429399 1.8556250013062563 0.3108517169041075
-0.5544126025786507 1.8532283842805288 0.31925840608287953
-0.5303077068143615 1.8508317672548011 0.3276650952616515
-0.5062028110500725 1.8484351502290737 0.33607178444042346
-0.48209791528578316 1.8460385332033462 0.3444784736191955
-0.45799301952149407 1.8436419161776187 0.35288516279796744
-0.4338881237572049 1.8412452991518913 0.36129185197673946
-0.4097832279929157 1.8388486821261638 0.36969854115551143
-0.3856783322286265 1.8364520651004361 0.37810523033428345
-0.36157343646433737 1.8340554480747087 0.3865119195130554
-0.3374685407000483 1.8316588310489812 0.3949186086918274
-0.31336364493575913 1.8292622140232537 0.4033252978705994
-0.28925874917146993 1.8268655969975263 0.41173198704937136
-0.26515385340718073 1.8244689799717988 0.4201386762281434
-0.24104895764289158 1.8220723629460711 0.42854536540691535
-0.2169440618786025 1.8196757459203436 0.4369520545856873
-0.19283916611431332 1.8172791288946162 0.44535874376445933
-0.16873427035002414 1.8148825118688887 0.4537654329432313
-0.14462937458573497 1.8124858948431612 0.4621721221220033
-0.12052447882144579 1.8100892778174338 0.4705788113007753
-0.09641958305715671 1.8076926607917063 0.47898550047954724
-0.07231468729286754 1.8052960437659786 0.48739218965831926
-0.04820979152857836 1.8028994267402512 0.49579887883709123
-0.02410489576428918 1.8005028097145237 0.5042055680158632
0.0 1.7981061926887962 0.5126122571946352
-0.9400909348072772 1.9117776970594584 0.19051106750561347
-0.915986039042988 1.909381080033731 0.1989177566843855
-0.8918811432786988 1.9069844630080035 0.20732444586315746
-0.8677762475144098 1.904587845982276 0.21573113504192942
-0.8436713517501206 1.9021912289565486 0.2241378242207014
-0.8195664559858314 1.899794611930821 0.2325445133994734
-0.7954615602215422 1.8973979949050934 0.24095120257824543
-0.771356664457253 1.895001377879366 0.2493578917570174
-0.7472517686929641 1.8926047608536385 0.25776458093578936
-0.7231468729286749 1.890208143827911 0.2661712701145613
-0.6990419771643857 1.8878115268021836 0.27457795929333334
-0.6749370814000965 1.885414909776456 0.28298464847210536
-0.6508321856358072 1.8830182927507284 0.2913913376508773
-0.6267272898715183 1.880621675725001 0.2997980268296493
-0.602622394107229 1.8782250586992735 0.3082047160084213
-0.5785174983429399 1.875828441673546 0.3166114051871933
-0.5544126025786507 1.8734318246478185 0.3250180943659653
-0.5303077068143615 1.871035207622091 0.33342478354473726
-0.5062028110500725 1.8686385905963636 0.3418314727235092
-0.48209791528578316 1.866241973570636 0.35023816190228124
-0.45799301952149407 1.8638453565449085 0.3586448510810532
-0.4338881237572049 1.861448739519181 0.3670515402598252
-0.4097832279929157 1.8590521224934535 0.3754582294385972
-0.3856783322286265 1.856655505467726 0.3838649186173692
-0.36157343646433737 1.8542588884419986 0.3922716077961412
-0.3374685407000483 1.851862271416271 0.40067829697491314
-0.31336364493575913 1.8494656543905434 0.40908498615368516
-0.28925874917146993 1.847069037364816 0.4174916753324571
-0.26515385340718073 1.8446724203390885 0.42589836451122914
-0.24104895764289158 1.842275803313361 0.4343050536900011
-0.2169440618786025 1.8398791862876336 0.4427117428687731
-0.19283916611431332 1.837482569261906 0.4511184320475451
-0.16873427035002414 1.8350859522361784 0.45952512122631706
-0.14462937458573497 1.832689335210451 0.4679318104050891
-0.12052447882144579 1.8302927181847235 0.47633849958386104
-0.09641958305715671 1.827896101158996 0.484745188762633
-0.07231468729286754 1.8254994841332686 0.493151877941405
-0.04820979152857836 1.8231028671075409 0.501558567120177
-0.02410489576428918 1.8207062500818134 0.509965256298949
0.0 1.818309633056086 0.518371945477721
-0.9400909348072772 1.9319811374267484 0.19627075578869926
-0.915986039042988 1.9295845204010207 0.20467744496747128
-0.8918811432786988 1.9271879033752932 0.21308413414624325
-0.8677762475144098 1.9247912863495658 0.2214908233250152
-0.8436713517501206 1.9223946693238383 0.22989751250378718
-0.8195664559858314 1.9199980522981108 0.2383042016825592
-0.7954615602215422 1.9176014352723834 0.24671089086133122
-0.771356664457253 1.9152048182466557 0.25511758004010315
-0.7472517686929641 1.9128082012209282 0.2635242692188751
-0.7231468729286749 1.9104115841952007 0.2719309583976471
-0.6990419771643857 1.9080149671694733 0.2803376475764191
-0.6749370814000965 1.9056183501437458 0.2887443367551911
-0.6508321856358072 1.9032217331180183 0.2971510259339631
-0.6267272898715183 1.9008251160922909 0.30555771511273505
-0.602622394107229 1.8984284990665632 0.31396440429150707
-0.5785174983429399 1.8960318820408357 0.32237109347027904
-0.5544126025786507 1.8936352650151083 0.33077778264905106
-0.5303077068143615 1.8912386479893808 0.339184471827823
-0.5062028110500725 1.8888420309636533 0.347591161006595
-0.48209791528578316 1.8864454139379259 0.355997850185367
-0.45799301952149407 1.8840487969121982 0.36440453936413897
-0.4338881237572049 1.8816521798864707 0.372811228542911
-0.4097832279929157 1.8792555628607432 0.38121791772168295
-0.3856783322286265 1.8768589458350158 0.389624606900455
-0.36157343646433737 1.8744623288092883 0.39803129607922694
-0.3374685407000483 1.8720657117835608 0.4064379852579989
-0.31336364493575913 1.8696690947578332 0.4148446744367709
-0.28925874917146993 1.8672724777321057 0.4232513636155429
-0.26515385340718073 1.8648758607063782 0.4316580527943149
-0.24104895764289158 1.8624792436806508 0.44006474197308687
-0.2169440618786025 1.8600826266549233 0.44847143115185883
-0.19283916611431332 1.8576860096291958 0.45687812033063085
-0.16873427035002414 1.8552893926034684 0.4652848095094028
-0.14462937458573497 1.8528927755777407 0.47369149868817484
-0.12052447882144579 1.8504961585520132 0.4820981878669468
-0.09641958305715671 1.8480995415262857 0.49050487704571877
-0.07231468729286754 1.8457029245005583 0.4989115662244908
-0.04820979152857836 1.8433063074748308 0.5073182554032628
-0.02410489576428918 1.8409096904491034 0.5157249445820348
0.0 1.8385130734233757 0.5241316337608067
-0.9400909348072772 1.9521845777940383 0.20203044407178508
-0.915986039042988 1.9497879607683108 0.2104371332505571
-0.8918811432786988 1.9473913437425832 0.21884382242932907
-0.8677762475144098 1.9449947267168557 0.22725051160810103
-0.8436713517501206 1.9425981096911282 0.235657200786873
-0.8195664559858314 1.9402014926654008 0.24406388996564501
-0.7954615602215422 1.9378048756396733 0.252470579144417
-0.771356664457253 1.9354082586139458 0.26087726832318897
-0.7472517686929641 1.9330116415882184 0.26928395750196094
-0.7231468729286749 1.9306150245624907 0.2776906466807329
-0.6990419771643857 1.9282184075367632 0.2860973358595049
-0.6749370814000965 1.9258217905110357 0.29450402503827694
-0.6508321856358072 1.9234251734853083 0.3029107142170489
-0.6267272898715183 1.9210285564595808 0.31131740339582087
-0.602622394107229 1.9186319394338534 0.3197240925745929
-0.5785174983429399 1.9162353224081257 0.32813078175336485
-0.5544126025786507 1.9138387053823982 0.3365374709321369
-0.5303077068143615 1.9114420883566707 0.34494416011090884
-0.5062028110500725 1.9090454713309433 0.3533508492896808
-0.48209791528578316 1.9066488543052158 0.3617575384684528
-0.45799301952149407 1.9042522372794883 0.3701642276472248
-0.4338881237572049 1.9018556202537606 0.3785709168259968
-0.4097832279929157 1.8994590032280332 0.38697760600476877
-0.3856783322286265 1.8970623862023057 0.3953842951835408
-0.36157343646433737 1.8946657691765783 0.40379098436231275
-0.3374685407000483 1.8922691521508508 0.4121976735410847
-0.31336364493575913 1.8898725351251233 0.42060436271985674
-0.28925874917146993 1.8874759180993959 0.4290110518986287
-0.26515385340718073 1.8850793010736682 0.4374177410774007
-0.24104895764289158 1.8826826840479407 0.4458244302561727
-0.2169440618786025 1.8802860670222132 0.45423111943494465
-0.19283916611431332 1.8778894499964858 0.4626378086137167
-0.16873427035002414 1.8754928329707583 0.47104449779248864
-0.14462937458573497 1.8730962159450308 0.47945118697126066
-0.12052447882144579 1.8706995989193032 0.4878578761500326
-0.09641958305715671 1.8683029818935757 0.4962645653288046
-0.07231468729286754 1.8659063648678482 0.5046712545075765
-0.04820979152857836 1.8635097478421208 0.5130779436863486
-0.02410489576428918 1.8611131308163933 0.5214846328651206
0.0 1.8587165137906658 0.5298913220438926
-0.9400909348072772 1.972388018161328 0.20779013235487084
-0.915986039042988 1.9699914011356006 0.21619682153364286
-0.8918811432786988 1.967594784109873 0.22460351071241483
-0.8677762475144098 1.9651981670841456 0.2330101998911868
-0.8436713517501206 1.962801550058418 0.24141688906995876
-0.8195664559858314 1.9604049330326905 0.24982357824873078
-0.7954615602215422 1.958008316006963 0.2582302674275028
-0.771356664457253 1.9556116989812355 0.2666369566062748
-0.7472517686929641 1.953215081955508 0.27504364578504675
-0.7231468729286749 1.9508184649297806 0.2834503349638187
-0.6990419771643857 1.948421847904053 0.29185702414259074
-0.6749370814000965 1.9460252308783255 0.3002637133213627
-0.6508321856358072 1.943628613852598 0.3086704025001347
-0.6267272898715183 1.9412319968268705 0.3170770916789067
-0.602622394107229 1.938835379801143 0.3254837808576787
-0.5785174983429399 1.9364387627754156 0.33389047003645067
-0.5544126025786507 1.9340421457496881 0.34229715921522263
-0.5303077068143615 1.9316455287239604 0.35070384839399465
-0.5062028110500725 1.929248911698233 0.3591105375727666
-0.48209791528578316 1.9268522946725055 0.36751722675153864
-0.45799301952149407 1.924455677646778 0.3759239159303106
-0.4338881237572049 1.9220590606210506 0.38433060510908257
-0.4097832279929157 1.9196624435953231 0.3927372942878546
-0.3856783322286265 1.9172658265695954 0.40114398346662655
-0.36157343646433737 1.914869209543868 0.4095506726453986
-0.3374685407000483 1.9124725925181405 0.41795736182417054
-0.31336364493575913 1.910075975492413 0.4263640510029425
-0.28925874917146993 1.9076793584666856 0.4347707401817145
-0.26515385340718073 1.905282741440958 0.4431774293604865
-0.24104895764289158 1.9028861244152304 0.4515841185392585
-0.2169440618786025 1.900489507389503 0.45999080771803047
-0.19283916611431332 1.8980928903637755 0.46839749689680243
-0.16873427035002414 1.895696273338048 0.47680418607557445
-0.14462937458573497 1.8932996563123206 0.4852108752543464
-0.12052447882144579 1.890903039286593 0.49361756443311844
-0.09641958305715671 1.8885064222608656 0.5020242536118904
-0.07231468729286754 1.886109805235138 0.5104309427906624
-0.04820979152857836 1.8837131882094105 0.5188376319694343
-0.02410489576428918 1.881316571183683 0.5272443211482064
0.0 1.8789199541579555 0.5356510103269784
-0.9400909348072772 1.9925914585286177 0.2135498206379566
-0.915986039042988 1.9901948415028903 0.22195650981672863
-0.8918811432786988 1.9877982244771628 0.2303631989955006
-0.8677762475144098 1.9854016074514353 0.23876988817427255
-0.8436713517501206 1.9830049904257079 0.24717657735304452
-0.8195664559858314 1.9806083733999802 0.25558326653181657
-0.7954615602215422 1.9782117563742527 0.2639899557105886
-0.771356664457253 1.9758151393485253 0.27239664488936055
-0.7472517686929641 1.9734185223227978 0.2808033340681325
-0.7231468729286749 1.9710219052970703 0.2892100232469045
-0.6990419771643857 1.9686252882713429 0.2976167124256765
-0.6749370814000965 1.9662286712456154 0.30602340160444846
-0.6508321856358072 1.9638320542198877 0.3144300907832205
-0.6267272898715183 1.9614354371941602 0.32283677996199245
-0.602622394107229 1.9590388201684328 0.33124346914076447
-0.5785174983429399 1.9566422031427053 0.33965015831953643
-0.5544126025786507 1.9542455861169779 0.3480568474983084
-0.5303077068143615 1.9518489690912504 0.3564635366770804
-0.5062028110500725 1.9494523520655227 0.3648702258558524
-0.48209791528578316 1.9470557350397952 0.3732769150346244
-0.45799301952149407 1.9446591180140678 0.38168360421339637
-0.4338881237572049 1.9422625009883403 0.39009029339216833
-0.4097832279929157 1.9398658839626128 0.39849698257094035
-0.3856783322286265 1.9374692669368854 0.4069036717497123
-0.36157343646433737 1.9350726499111577 0.41531036092848433
-0.3374685407000483 1.9326760328854302 0.4237170501072563
-0.31336364493575913 1.9302794158597028 0.43212373928602826
-0.28925874917146993 1.9278827988339753 0.4405304284648003
-0.26515385340718073 1.9254861818082478 0.44893711764357225
-0.24104895764289158 1.9230895647825204 0.45734380682234427
-0.2169440618786025 1.920692947756793 0.46575049600111623
-0.19283916611431332 1.9182963307310652 0.4741571851798882
-0.16873427035002414 1.9158997137053377 0.4825638743586602
-0.14462937458573497 1.9135030966796103 0.4909705635374322
-0.12052447882144579 1.9111064796538828 0.4993772527162042
-0.09641958305715671 1.9087098626281553 0.5077839418949761
-0.07231468729286754 1.9063132456024279 0.5161906310737482
-0.04820979152857836 1.9039166285767002 0.5245973202525201
-0.02410489576428918 1.9015200115509727 0.5330040094312921
0.0 1.8991233945252453 0.5414106986100641
-0.9400909348072772 2.012794898895908 0.21930950892104245
-0.915986039042988 2.0103982818701804 0.22771619809981447
-0.8918811432786988 2.008001664844453 0.23612288727858644
-0.8677762475144098 2.0056050478187255 0.2445295764573584
-0.8436713517501206 2.0032084307929976 0.25293626563613036
-0.8195664559858314 2.00081181376727 0.2613429548149024
-0.7954615602215422 1.9984151967415429 0.2697496439936744
-0.771356664457253 1.9960185797158152 0.27815633317244637
-0.7472517686929641 1.9936219626900877 0.28656302235121833
-0.7231468729286749 1.9912253456643603 0.2949697115299903
-0.6990419771643857 1.9888287286386328 0.3033764007087623
-0.6749370814000965 1.9864321116129053 0.3117830898875343
-0.6508321856358072 1.9840354945871779 0.3201897790663063
-0.6267272898715183 1.9816388775614502 0.32859646824507827
-0.602622394107229 1.9792422605357227 0.3370031574238503
-0.5785174983429399 1.9768456435099953 0.34540984660262225
-0.5544126025786507 1.9744490264842678 0.3538165357813942
-0.5303077068143615 1.9720524094585403 0.36222322496016623
-0.5062028110500725 1.9696557924328129 0.3706299141389382
-0.48209791528578316 1.9672591754070852 0.3790366033177102
-0.45799301952149407 1.9648625583813577 0.3874432924964822
-0.4338881237572049 1.9624659413556302 0.39584998167525415
-0.4097832279929157 1.9600693243299028 0.40425667085402617
-0.3856783322286265 1.9576727073041753 0.41266336003279813
-0.36157343646433737 1.9552760902784478 0.42107004921157015
-0.3374685407000483 1.9528794732527204 0.4294767383903421
-0.31336364493575913 1.9504828562269927 0.4378834275691141
-0.28925874917146993 1.9480862392012652 0.4462901167478861
-0.26515385340718073 1.9456896221755378 0.45469680592665807
-0.24104895764289158 1.9432930051498103 0.4631034951054301
-0.2169440618786025 1.9408963881240828 0.47151018428420205
-0.19283916611431332 1.9384997710983554 0.479916873462974
-0.16873427035002414 1.9361031540726277 0.48832356264174603
-0.14462937458573497 1.9337065370469002 0.496730251820518
-0.12052447882144579 1.9313099200211727 0.50513694099929
-0.09641958305715671 1.9289133029954453 0.5135436301780619
-0.07231468729286754 1.9265166859697178 0.521950319356834
-0.04820979152857836 1.9241200689439903 0.530357008535606
-0.02410489576428918 1.9217234519182627 0.5387636977143779
0.0 1.9193268348925352 0.5471703868931499
-0.9400909348072772 2.032998339263197 0.22506919720412816
-0.915986039042988 2.0306017222374697 0.23347588638290018
-0.8918811432786988 2.0282051052117422 0.24188257556167214
-0.8677762475144098 2.0258084881860148 0.2502892647404441
-0.8436713517501206 2.0234118711602873 0.25869595391921607
-0.8195664559858314 2.02101525413456 0.2671026430979881
-0.7954615602215422 2.0186186371088324 0.2755093322767601
-0.771356664457253 2.016222020083105 0.2839160214555321
-0.7472517686929641 2.0138254030573775 0.29232271063430404
-0.7231468729286749 2.01142878603165 0.300729399813076
-0.6990419771643857 2.0090321690059225 0.309136088991848
-0.6749370814000965 2.006635551980195 0.31754277817062
-0.6508321856358072 2.004238934954467 0.325949467349392
-0.6267272898715183 2.0018423179287397 0.334356156528164
-0.602622394107229 1.9994457009030124 0.342762845706936
-0.5785174983429399 1.9970490838772847 0.35116953488570796
-0.5544126025786507 1.9946524668515573 0.3595762240644799
-0.5303077068143615 1.9922558498258298 0.36798291324325194
-0.5062028110500725 1.9898592328001024 0.3763896024220239
-0.48209791528578316 1.9874626157743749 0.3847962916007959
-0.45799301952149407 1.9850659987486474 0.3932029807795679
-0.4338881237572049 1.9826693817229197 0.40160966995833985
-0.4097832279929157 1.9802727646971923 0.4100163591371119
-0.3856783322286265 1.9778761476714648 0.41842304831588384
-0.36157343646433737 1.9754795306457373 0.42682973749465586
-0.3374685407000483 1.9730829136200099 0.4352364266734278
-0.31336364493575913 1.9706862965942824 0.4436431158521998
-0.28925874917146993 1.968289679568555 0.4520498050309718
-0.26515385340718073 1.9658930625428273 0.46045649420974377
-0.24104895764289158 1.9634964455170998 0.4688631833885158
-0.2169440618786025 1.9610998284913723 0.47726987256728776
-0.19283916611431332 1.9587032114656449 0.4856765617460597
-0.16873427035002414 1.9563065944399174 0.49408325092483174
-0.14462937458573497 1.95390997741419 0.5024899401036037
-0.12052447882144579 1.9515133603884622 0.5108966292823757
-0.09641958305715671 1.9491167433627348 0.5193033184611476
-0.07231468729286754 1.9467201263370073 0.5277100076399197
-0.04820979152857836 1.9443235093112798 0.5361166968186917
-0.02410489576428918 1.9419268922855524 0.5445233859974636
0.0 1.939530275259825 0.5529300751762356
-0.9400909348072772 2.0532017796304873 0.23082888548721403
-0.915986039042988 2.05080516260476 0.23923557466598605
-0.8918811432786988 2.0484085455790324 0.24764226384475801
-0.8677762475144098 2.046011928553305 0.25604895302353
-0.8436713517501206 2.0436153115275775 0.26445564220230194
-0.8195664559858314 2.04121869450185 0.27286233138107396
-0.7954615602215422 2.0388220774761225 0.281269020559846
-0.771356664457253 2.036425460450395 0.28967570973861795
-0.7472517686929641 2.0340288434246676 0.2980823989173899
-0.7231468729286749 2.03163222639894 0.3064890880961619
-0.6990419771643857 2.0292356093732127 0.3148957772749339
-0.6749370814000965 2.026838992347485 0.3233024664537059
-0.6508321856358072 2.0244423753217577 0.3317091556324779
-0.6267272898715183 2.02204575829603 0.34011584481124985
-0.602622394107229 2.0196491412703024 0.34852253399002187
-0.5785174983429399 2.017252524244575 0.35692922316879383
-0.5544126025786507 2.0148559072188474 0.36533591234756585
-0.5303077068143615 2.01245929019312 0.3737426015263378
-0.5062028110500725 2.0100626731673925 0.3821492907051098
-0.48209791528578316 2.007666056141665 0.3905559798838818
-0.45799301952149407 2.0052694391159376 0.39896266906265376
-0.4338881237572049 2.00287282209021 0.4073693582414258
-0.4097832279929157 2.0004762050644826 0.41577604742019775
-0.3856783322286265 1.998079588038755 0.42418273659896977
-0.36157343646433737 1.9956829710130275 0.43258942577774173
-0.3374685407000483 1.9932863539873 0.4409961149565137
-0.31336364493575913 1.9908897369615726 0.4494028041352857
-0.28925874917146993 1.988493119935845 0.4578094933140577
-0.26515385340718073 1.9860965029101176 0.4662161824928297
-0.24104895764289158 1.98369988588439 0.47462287167160166
-0.2169440618786025 1.9813032688586625 0.48302956085037363
-0.19283916611431332 1.978906651832935 0.49143625002914565
-0.16873427035002414 1.9765100348072075 0.4998429392079176
-0.14462937458573497 1.97411341778148 0.5082496283866896
-0.12052447882144579 1.9717168007557526 0.5166563175654616
-0.09641958305715671 1.969320183730025 0.5250630067442336
-0.07231468729286754 1.9669235667042975 0.5334696959230055
-0.04820979152857836 1.96452694967857 0.5418763851017776
-0.02410489576428918 1.9621303326528425 0.5502830742805496
0.0 1.959733715627115 0.5586897634593215
-0.9400909348072772 2.0734052199977775 0.23658857377029982
-0.915986039042988 2.07100860297205 0.24499526294907184
-0.8918811432786988 2.068611985946322 0.2534019521278438
-0.8677762475144098 2.0662153689205947 0.26180864130661574
-0.8436713517501206 2.063818751894867 0.2702153304853877
-0.8195664559858314 2.0614221348691397 0.2786220196641597
-0.7954615602215422 2.0590255178434123 0.28702870884293175
-0.771356664457253 2.056628900817685 0.2954353980217037
-0.7472517686929641 2.0542322837919573 0.3038420872004757
-0.7231468729286749 2.05183566676623 0.31224877637924764
-0.6990419771643857 2.0494390497405024 0.32065546555801966
-0.6749370814000965 2.047042432714775 0.3290621547367917
-0.6508321856358072 2.0446458156890475 0.33746884391556364
-0.6267272898715183 2.04224919866332 0.3458755330943356
-0.602622394107229 2.039852581637592 0.3542822222731076
-0.5785174983429399 2.0374559646118646 0.3626889114518796
-0.5544126025786507 2.035059347586137 0.3710956006306516
-0.5303077068143615 2.0326627305604097 0.3795022898094236
-0.5062028110500725 2.0302661135346822 0.38790897898819554
-0.48209791528578316 2.0278694965089548 0.39631566816696756
-0.45799301952149407 2.0254728794832273 0.4047223573457395
-0.4338881237572049 2.0230762624575 0.41312904652451155
-0.4097832279929157 2.0206796454317724 0.4215357357032835
-0.3856783322286265 2.018283028406045 0.42994242488205553
-0.36157343646433737 2.0158864113803174 0.4383491140608275
-0.3374685407000483 2.01348979435459 0.44675580323959946
-0.31336364493575913 2.0110931773288625 0.4551624924183715
-0.28925874917146993 2.0086965603031346 0.46356918159714344
-0.26515385340718073 2.006299943277407 0.47197587077591546
-0.24104895764289158 2.0039033262516797 0.4803825599546874
-0.2169440618786025 2.001506709225952 0.4887892491334594
-0.19283916611431332 1.9991100922002247 0.4971959383122314
-0.16873427035002414 1.9967134751744973 0.5056026274910034
-0.14462937458573497 1.9943168581487698 0.5140093166697753
-0.12052447882144579 1.9919202411230423 0.5224160058485474
-0.09641958305715671 1.9895236240973149 0.5308226950273194
-0.07231468729286754 1.9871270070715874 0.5392293842060913
-0.04820979152857836 1.9847303900458597 0.5476360733848633
-0.02410489576428918 1.9823337730201323 0.5560427625636353
0.0 1.9799371559944048 0.5644494517424073
-0.9400909348072772 2.093608660365067 0.24234826205338558
-0.915986039042988 2.0912120433393397 0.2507549512321576
-0.8918811432786988 2.0888154263136123 0.25916164041092954
-0.8677762475144098 2.086418809287885 0.2675683295897015
-0.8436713517501206 2.084022192262157 0.27597501876847347
-0.8195664559858314 2.0816255752364294 0.2843817079472455
-0.7954615602215422 2.079228958210702 0.2927883971260175
-0.771356664457253 2.0768323411849745 0.30119508630478947
-0.7472517686929641 2.074435724159247 0.30960177548356144
-0.7231468729286749 2.0720391071335196 0.3180084646623334
-0.6990419771643857 2.069642490107792 0.3264151538411054
-0.6749370814000965 2.0672458730820646 0.33482184301987744
-0.6508321856358072 2.064849256056337 0.3432285321986494
-0.6267272898715183 2.0624526390306097 0.35163522137742137
-0.602622394107229 2.0600560220048822 0.3600419105561934
-0.5785174983429399 2.057659404979155 0.36844859973496535
-0.5544126025786507 2.055262787953427 0.3768552889137374
-0.5303077068143615 2.0528661709276994 0.38526197809250934
-0.5062028110500725 2.050469553901972 0.3936686672712813
-0.48209791528578316 2.0480729368762445 0.4020753564500533
-0.45799301952149407 2.045676319850517 0.4104820456288253
-0.4338881237572049 2.0432797028247895 0.4188887348075973
-0.4097832279929157 2.040883085799062 0.42729542398636927
-0.3856783322286265 2.0384864687733346 0.4357021131651413
-0.36157343646433737 2.036089851747607 0.44410880234391326
-0.3374685407000483 2.0336932347218797 0.4525154915226852
-0.31336364493575913 2.031296617696152 0.46092218070145724
-0.28925874917146993 2.0289000006704248 0.4693288698802292
-0.26515385340718073 2.0265033836446973 0.4777355590590012
-0.24104895764289158 2.0241067666189694 0.4861422482377732
-0.2169440618786025 2.021710149593242 0.49454893741654515
-0.19283916611431332 2.0193135325675144 0.5029556265953171
-0.16873427035002414 2.016916915541787 0.5113623157740892
-0.14462937458573497 2.0145202985160595 0.5197690049528612
-0.12052447882144579 2.012123681490332 0.5281756941316331
-0.09641958305715671 2.0097270644646046 0.5365823833104051
-0.07231468729286754 2.007330447438877 0.544989072489177
-0.04820979152857836 2.0049338304131497 0.5533957616679491
-0.02410489576428918 2.002537213387422 0.5618024508467211
0.0 2.0001405963616947 0.570209140025493
-0.9400909348072772 2.113812100732357 0.24810795033647134
-0.915986039042988 2.1114154837066295 0.25651463951524334
-0.8918811432786988 2.109018866680902 0.2649213286940153
-0.8677762475144098 2.1066222496551745 0.27332801787278727
-0.8436713517501206 2.104225632629447 0.28173470705155923
-0.8195664559858314 2.101829015603719 0.29014139623033125
-0.7954615602215422 2.0994323985779917 0.29854808540910327
-0.771356664457253 2.097035781552264 0.30695477458787523
-0.7472517686929641 2.0946391645265368 0.3153614637666472
-0.7231468729286749 2.0922425475008093 0.32376815294541916
-0.6990419771643857 2.089845930475082 0.3321748421241912
-0.6749370814000965 2.0874493134493544 0.3405815313029632
-0.6508321856358072 2.085052696423627 0.34898822048173517
-0.6267272898715183 2.0826560793978994 0.35739490966050713
-0.602622394107229 2.080259462372172 0.36580159883927915
-0.5785174983429399 2.0778628453464445 0.3742082880180511
-0.5544126025786507 2.075466228320717 0.38261497719682314
-0.5303077068143615 2.0730696112949896 0.3910216663755951
-0.5062028110500725 2.0706729942692617 0.39942835555436706
-0.48209791528578316 2.068276377243534 0.4078350447331391
-0.45799301952149407 2.0658797602178067 0.41624173391191105
-0.4338881237572049 2.0634831431920793 0.42464842309068307
-0.4097832279929157 2.061086526166352 0.43305511226945503
-0.3856783322286265 2.0586899091406243 0.44146180144822705
-0.36157343646433737 2.056293292114897 0.449868490626999
-0.3374685407000483 2.0538966750891694 0.458275179805771
-0.31336364493575913 2.051500058063442 0.466681868984543
-0.28925874917146993 2.0491034410377145 0.47508855816331497
-0.26515385340718073 2.046706824011987 0.483495247342087
-0.24104895764289158 2.0443102069862595 0.49190193652085895
-0.2169440618786025 2.0419135899605316 0.500308625699631
-0.19283916611431332 2.039516972934804 0.5087153148784029
-0.16873427035002414 2.0371203559090767 0.5171220040571749
-0.14462937458573497 2.0347237388833492 0.5255286932359469
-0.12052447882144579 2.0323271218576218 0.5339353824147189
-0.09641958305715671 2.0299305048318943 0.5423420715934909
-0.07231468729286754 2.027533887806167 0.5507487607722629
-0.04820979152857836 2.0251372707804394 0.5591554499510348
-0.02410489576428918 2.022740653754712 0.5675621391298068
0.0 2.0203440367289844 0.5759688283085789
-0.9400909348072772 2.1340155410996466 0.25386763861955713
-0.915986039042988 2.131618924073919 0.26227432779832915
-0.8918811432786988 2.1292223070481917 0.2706810169771011
-0.8677762475144098 2.1268256900224642 0.2790877061558731
-0.8436713517501206 2.124429072996737 0.28749439533464505
-0.8195664559858314 2.1220324559710093 0.29590108451341707
-0.7954615602215422 2.119635838945282 0.3043077736921891
-0.771356664457253 2.117239221919554 0.31271446287096105
-0.7472517686929641 2.1148426048938265 0.321121152049733
-0.7231468729286749 2.112445987868099 0.329527841228505
-0.6990419771643857 2.1100493708423715 0.337934530407277
-0.6749370814000965 2.107652753816644 0.34634121958604897
-0.6508321856358072 2.1052561367909166 0.354747908764821
-0.6267272898715183 2.102859519765189 0.36315459794359295
-0.602622394107229 2.1004629027394617 0.37156128712236497
-0.5785174983429399 2.098066285713734 0.37996797630113693
-0.5544126025786507 2.0956696686880067 0.3883746654799089
-0.5303077068143615 2.0932730516622793 0.3967813546586809
-0.5062028110500725 2.090876434636552 0.4051880438374529
-0.48209791528578316 2.088479817610824 0.4135947330162249
-0.45799301952149407 2.0860832005850964 0.42200142219499687
-0.4338881237572049 2.083686583559369 0.43040811137376883
-0.4097832279929157 2.0812899665336415 0.43881480055254085
-0.3856783322286265 2.078893349507914 0.4472214897313128
-0.36157343646433737 2.0764967324821866 0.45562817891008484
-0.3374685407000483 2.074100115456459 0.4640348680888568
-0.31336364493575913 2.0717034984307316 0.47244155726762876
-0.28925874917146993 2.069306881405004 0.4808482464464008
-0.26515385340718073 2.0669102643792767 0.48925493562517275
-0.24104895764289158 2.0645136473535493 0.49766162480394477
-0.2169440618786025 2.062117030327822 0.5060683139827167
-0.19283916611431332 2.0597204133020943 0.5144750031614888
-0.16873427035002414 2.0573237962763664 0.5228816923402607
-0.14462937458573497 2.054927179250639 0.5312883815190327
-0.12052447882144579 2.0525305622249115 0.5396950706978046
-0.09641958305715671 2.050133945199184 0.5481017598765766
-0.07231468729286754 2.0477373281734566 0.5565084490553487
-0.04820979152857836 2.045340711147729 0.5649151382341207
-0.02410489576428918 2.0429440941220016 0.5733218274128926
0.0 2.040547477096274 0.5817285165916646
-0.9400909348072772 2.154218981466937 0.259627326902643
-0.915986039042988 2.1518223644412093 0.268034016081415
-0.8918811432786988 2.149425747415482 0.276440705260187
-0.8677762475144098 2.1470291303897544 0.28484739443895896
-0.8436713517501206 2.144632513364027 0.2932540836177309
-0.8195664559858314 2.1422358963382995 0.30166077279650294
-0.7954615602215422 2.139839279312572 0.31006746197527496
-0.771356664457253 2.137442662286844 0.3184741511540469
-0.7472517686929641 2.1350460452611166 0.3268808403328189
-0.7231468729286749 2.132649428235389 0.33528752951159085
-0.6990419771643857 2.1302528112096617 0.3436942186903629
-0.6749370814000965 2.1278561941839342 0.35210090786913484
-0.6508321856358072 2.1254595771582068 0.36050759704790686
-0.6267272898715183 2.1230629601324793 0.3689142862266788
-0.602622394107229 2.120666343106752 0.37732097540545084
-0.5785174983429399 2.1182697260810244 0.3857276645842228
-0.5544126025786507 2.115873109055297 0.39413435376299477
-0.5303077068143615 2.1134764920295694 0.4025410429417668
-0.5062028110500725 2.111079875003842 0.41094773212053876
-0.48209791528578316 2.1086832579781145 0.4193544212993108
-0.45799301952149407 2.1062866409523866 0.42776111047808274
-0.4338881237572049 2.103890023926659 0.4361677996568547
-0.4097832279929157 2.1014934069009317 0.4445744888356267
-0.3856783322286265 2.099096789875204 0.4529811780143987
-0.36157343646433737 2.0967001728494767 0.4613878671931707
-0.3374685407000483 2.0943035558237493 0.4697945563719427
-0.31336364493575913 2.091906938798022 0.47820124555071464
-0.28925874917146993 2.0895103217722943 0.48660793472948666
-0.26515385340718073 2.087113704746567 0.4950146239082586
-0.24104895764289158 2.0847170877208394 0.5034213130870306
-0.2169440618786025 2.082320470695112 0.5118280022658026
-0.19283916611431332 2.0799238536693845 0.5202346914445746
-0.16873427035002414 2.077527236643657 0.5286413806233465
-0.14462937458573497 2.075130619617929 0.5370480698021186
-0.12052447882144579 2.0727340025922016 0.5454547589808906
-0.09641958305715671 2.070337385566474 0.5538614481596625
-0.07231468729286754 2.0679407685407467 0.5622681373384345
-0.04820979152857836 2.0655441515150192 0.5706748265172065
-0.02410489576428918 2.063147534489292 0.5790815156959785
0.0 2.0607509174635643 0.5874882048747505
-0.9400909348072772 2.1744224218342265 0.26538701518572877
-0.915986039042988 2.172025804808499 0.2737937043645008
-0.8918811432786988 2.1696291877827716 0.28220039354327275
-0.8677762475144098 2.167232570757044 0.2906070827220447
-0.8436713517501206 2.1648359537313167 0.2990137719008167
-0.8195664559858314 2.162439336705589 0.3074204610795887
-0.7954615602215422 2.1600427196798617 0.3158271502583607
-0.771356664457253 2.1576461026541343 0.3242338394371327
-0.7472517686929641 2.155249485628407 0.33264052861590465
-0.7231468729286749 2.152852868602679 0.3410472177946766
-0.6990419771643857 2.1504562515769514 0.34945390697344864
-0.6749370814000965 2.148059634551224 0.3578605961522206
-0.6508321856358072 2.1456630175254965 0.3662672853309926
-0.6267272898715183 2.143266400499769 0.3746739745097646
-0.602622394107229 2.1408697834740416 0.3830806636885366
-0.5785174983429399 2.138473166448314 0.39148735286730857
-0.5544126025786507 2.1360765494225866 0.39989404204608053
-0.5303077068143615 2.133679932396859 0.40830073122485255
-0.5062028110500725 2.1312833153711317 0.4167074204036245
-0.48209791528578316 2.1288866983454042 0.42511410958239654
-0.45799301952149407 2.1264900813196768 0.4335207987611685
-0.4338881237572049 2.1240934642939493 0.44192748793994047
-0.4097832279929157 2.1216968472682214 0.4503341771187125
-0.3856783322286265 2.119300230242494 0.45874086629748445
-0.36157343646433737 2.1169036132167665 0.46714755547625647
-0.3374685407000483 2.114506996191039 0.47555424465502844
-0.31336364493575913 2.1121103791653115 0.4839609338338004
-0.28925874917146993 2.109713762139584 0.4923676230125724
-0.26515385340718073 2.1073171451138566 0.5007743121913444
-0.24104895764289158 2.104920528088129 0.5091810013701163
-0.2169440618786025 2.1025239110624017 0.5175876905488883
-0.19283916611431332 2.100127294036674 0.5259943797276604
-0.16873427035002414 2.0977306770109467 0.5344010689064324
-0.14462937458573497 2.0953340599852193 0.5428077580852043
-0.12052447882144579 2.0929374429594914 0.5512144472639763
-0.09641958305715671 2.090540825933764 0.5596211364427482
-0.07231468729286754 2.0881442089080364 0.5680278256215203
-0.04820979152857836 2.085747591882309 0.5764345148002923
-0.02410489576428918 2.0833509748565815 0.5848412039790643
0.0 2.080954357830854 0.5932478931578362
-0.9400909348072772 2.1946258622015162 0.27114670346881453
-0.915986039042988 2.1922292451757888 0.27955339264758655
-0.8918811432786988 2.1898326281500613 0.2879600818263585
-0.8677762475144098 2.187436011124334 0.2963667710051305
-0.8436713517501206 2.1850393940986064 0.30477346018390244
-0.8195664559858314 2.182642777072879 0.31318014936267446
-0.7954615602215422 2.1802461600471514 0.3215868385414465
-0.771356664457253 2.177849543021424 0.32999352772021845
-0.7472517686929641 2.1754529259956965 0.3384002168989904
-0.7231468729286749 2.173056308969969 0.3468069060777624
-0.6990419771643857 2.1706596919442416 0.3552135952565344
-0.6749370814000965 2.1682630749185137 0.3636202844353064
-0.6508321856358072 2.165866457892786 0.3720269736140784
-0.6267272898715183 2.1634698408670587 0.38043366279285035
-0.602622394107229 2.1610732238413313 0.38884035197162237
-0.5785174983429399 2.158676606815604 0.39724704115039433
-0.5544126025786507 2.1562799897898763 0.40565373032916635
-0.5303077068143615 2.153883372764149 0.4140604195079383
-0.5062028110500725 2.1514867557384214 0.4224671086867103
-0.48209791528578316 2.149090138712694 0.4308737978654823
-0.45799301952149407 2.1466935216869665 0.43928048704425426
-0.4338881237572049 2.144296904661239 0.4476871762230263
-0.4097832279929157 2.1419002876355115 0.45609386540179825
-0.3856783322286265 2.1395036706097836 0.46450055458057027
-0.36157343646433737 2.137107053584056 0.47290724375934223
-0.3374685407000483 2.1347104365583287 0.4813139329381142
-0.31336364493575913 2.1323138195326012 0.4897206221168862
-0.28925874917146993 2.1299172025068738 0.4981273112956582
-0.26515385340718073 2.1275205854811463 0.5065340004744302
-0.24104895764289158 2.125123968455419 0.5149406896532022
-0.2169440618786025 2.1227273514296914 0.5233473788319741
-0.19283916611431332 2.120330734403964 0.5317540680107461
-0.16873427035002414 2.1179341173782364 0.5401607571895182
-0.14462937458573497 2.115537500352509 0.5485674463682901
-0.12052447882144579 2.1131408833267815 0.5569741355470621
-0.09641958305715671 2.110744266301054 0.5653808247258341
-0.07231468729286754 2.108347649275326 0.573787513904606
-0.04820979152857836 2.1059510322495987 0.5821942030833781
-0.02410489576428918 2.103554415223871 0.5906008922621501
0.0 2.1011577981981437 0.599007581440922
-0.9400909348072772 2.214829302568806 0.2769063917519003
-0.915986039042988 2.2124326855430785 0.2853130809306723
-0.8918811432786988 2.210036068517351 0.2937197701094443
-0.8677762475144098 2.2076394514916236 0.30212645928821624
-0.8436713517501206 2.205242834465896 0.3105331484669882
-0.8195664559858314 2.2028462174401686 0.3189398376457602
-0.7954615602215422 2.200449600414441 0.32734652682453225
-0.771356664457253 2.1980529833887137 0.3357532160033042
-0.7472517686929641 2.1956563663629862 0.3441599051820762
-0.7231468729286749 2.1932597493372588 0.35256659436084814
-0.6990419771643857 2.1908631323115313 0.36097328353962016
-0.6749370814000965 2.188466515285804 0.3693799727183922
-0.6508321856358072 2.186069898260076 0.37778666189716414
-0.6267272898715183 2.1836732812343485 0.3861933510759361
-0.602622394107229 2.181276664208621 0.39460004025470813
-0.5785174983429399 2.1788800471828935 0.4030067294334801
-0.5544126025786507 2.176483430157166 0.4114134186122521
-0.5303077068143615 2.1740868131314386 0.4198201077910241
-0.5062028110500725 2.171690196105711 0.42822679696979604
-0.48209791528578316 2.1692935790799837 0.43663348614856806
-0.45799301952149407 2.166896962054256 0.44504017532734
-0.4338881237572049 2.1645003450285287 0.45344686450611205
-0.4097832279929157 2.1621037280028013 0.461853553684884
-0.3856783322286265 2.159707110977074 0.47026024286365603
-0.36157343646433737 2.1573104939513463 0.478666932042428
-0.3374685407000483 2.1549138769256184 0.48707362122119996
-0.31336364493575913 2.152517259899891 0.495480310399972
-0.28925874917146993 2.1501206428741635 0.5038869995787439
-0.26515385340718073 2.147724025848436 0.5122936887575159
-0.24104895764289158 2.1453274088227086 0.520700377936288
-0.2169440618786025 2.142930791796981 0.52910706711506
-0.19283916611431332 2.1405341747712536 0.5375137562938319
-0.16873427035002414 2.138137557745526 0.5459204454726039
-0.14462937458573497 2.1357409407197987 0.5543271346513758
-0.12052447882144579 2.1333443236940712 0.5627338238301479
-0.09641958305715671 2.1309477066683438 0.5711405130089199
-0.07231468729286754 2.1285510896426163 0.5795472021876918
-0.04820979152857836 2.126154472616889 0.5879538913664638
-0.02410489576428918 2.123757855591161 0.5963605805452358
0.0 2.1213612385654335 0.6047672697240078
-0.9400909348072772 2.235032742936096 0.28266608003498606
-0.915986039042988 2.232636125910368 0.2910727692137581
-0.8918811432786988 2.2302395088846407 0.29947945839253004
-0.8677762475144098 2.2278428918589133 0.307886147571302
-0.8436713517501206 2.225446274833186 0.31629283675007397
-0.8195664559858314 2.2230496578074583 0.324699525928846
-0.7954615602215422 2.220653040781731 0.333106215107618
-0.771356664457253 2.2182564237560034 0.34151290428639
-0.7472517686929641 2.215859806730276 0.34991959346516194
-0.7231468729286749 2.2134631897045485 0.3583262826439339
-0.6990419771643857 2.211066572678821 0.3667329718227059
-0.6749370814000965 2.2086699556530935 0.37513966100147794
-0.6508321856358072 2.206273338627366 0.3835463501802499
-0.6267272898715183 2.2038767216016386 0.39195303935902187
-0.602622394107229 2.2014801045759107 0.4003597285377939
-0.5785174983429399 2.1990834875501832 0.40876641771656586
-0.5544126025786507 2.1966868705244558 0.4171731068953379
-0.5303077068143615 2.1942902534987283 0.42557979607410984
-0.5062028110500725 2.191893636473001 0.4339864852528818
-0.48209791528578316 2.1894970194472734 0.4423931744316538
-0.45799301952149407 2.187100402421546 0.4507998636104258
-0.4338881237572049 2.1847037853958184 0.4592065527891978
-0.4097832279929157 2.182307168370091 0.4676132419679698
-0.3856783322286265 2.1799105513443635 0.4760199311467418
-0.36157343646433737 2.177513934318636 0.48442662032551376
-0.3374685407000483 2.1751173172929086 0.4928333095042857
-0.31336364493575913 2.172720700267181 0.5012399986830577
-0.28925874917146993 2.170324083241453 0.5096466878618298
-0.26515385340718073 2.1679274662157257 0.5180533770406017
-0.24104895764289158 2.1655308491899983 0.5264600662193737
-0.2169440618786025 2.163134232164271 0.5348667553981457
-0.19283916611431332 2.1607376151385433 0.5432734445769176
-0.16873427035002414 2.158340998112816 0.5516801337556897
-0.14462937458573497 2.1559443810870884 0.5600868229344617
-0.12052447882144579 2.153547764061361 0.5684935121132336
-0.09641958305715671 2.1511511470356335 0.5769002012920056
-0.07231468729286754 2.148754530009906 0.5853068904707776
-0.04820979152857836 2.1463579129841786 0.5937135796495496
-0.02410489576428918 2.143961295958451 0.6021202688283216
0.0 2.141564678932723 0.6105269580070936
-0.9400909348072772 2.255236183303386 0.2884257683180718
-0.915986039042988 2.2528395662776584 0.29683245749684384
-0.8918811432786988 2.250442949251931 0.3052391466756158
-0.8677762475144098 2.248046332226203 0.31364583585438777
-0.8436713517501206 2.2456497152004755 0.32205252503315973
-0.8195664559858314 2.243253098174748 0.33045921421193175
-0.7954615602215422 2.2408564811490206 0.33886590339070377
-0.771356664457253 2.238459864123293 0.34727259256947574
-0.7472517686929641 2.2360632470975657 0.3556792817482477
-0.7231468729286749 2.233666630071838 0.36408597092701966
-0.6990419771643857 2.2312700130461107 0.3724926601057917
-0.6749370814000965 2.2288733960203833 0.3808993492845637
-0.6508321856358072 2.226476778994656 0.38930603846333567
-0.6267272898715183 2.2240801619689283 0.39771272764210763
-0.602622394107229 2.221683544943201 0.40611941682087965
-0.5785174983429399 2.219286927917473 0.4145261059996516
-0.5544126025786507 2.2168903108917455 0.42293279517842364
-0.5303077068143615 2.214493693866018 0.4313394843571956
-0.5062028110500725 2.2120970768402906 0.43974617353596757
-0.48209791528578316 2.209700459814563 0.4481528627147396
-0.45799301952149407 2.2073038427888356 0.45655955189351155
-0.4338881237572049 2.204907225763108 0.46496624107228357
-0.4097832279929157 2.2025106087373807 0.47337293025105553
-0.3856783322286265 2.2001139917116532 0.48177961942982755
-0.36157343646433737 2.1977173746859258 0.4901863086085995
-0.3374685407000483 2.1953207576601983 0.4985929977873715
-0.31336364493575913 2.192924140634471 0.5069996869661435
-0.28925874917146993 2.1905275236087434 0.5154063761449155
-0.26515385340718073 2.1881309065830155 0.5238130653236874
-0.24104895764289158 2.185734289557288 0.5322197545024595
-0.2169440618786025 2.1833376725315605 0.5406264436812315
-0.19283916611431332 2.180941055505833 0.5490331328600034
-0.16873427035002414 2.1785444384801056 0.5574398220387754
-0.14462937458573497 2.176147821454378 0.5658465112175474
-0.12052447882144579 2.1737512044286507 0.5742532003963194
-0.09641958305715671 2.171354587402923 0.5826598895750914
-0.07231468729286754 2.1689579703771957 0.5910665787538634
-0.04820979152857836 2.1665613533514683 0.5994732679326353
-0.02410489576428918 2.164164736325741 0.6078799571114073
0.0 2.1617681193000133 0.6162866462901794
-0.9400909348072772 2.275439623670676 0.29418545660115775
-0.915986039042988 2.2730430066449485 0.30259214577992977
-0.8918811432786988 2.270646389619221 0.31099883495870173
-0.8677762475144098 2.2682497725934936 0.3194055241374737
-0.8436713517501206 2.2658531555677657 0.32781221331624566
-0.8195664559858314 2.263456538542038 0.3362189024950177
-0.7954615602215422 2.2610599215163107 0.3446255916737897
-0.771356664457253 2.2586633044905833 0.35303228085256166
-0.7472517686929641 2.256266687464856 0.36143897003133363
-0.7231468729286749 2.2538700704391283 0.3698456592101056
-0.6990419771643857 2.251473453413401 0.3782523483888776
-0.6749370814000965 2.2490768363876734 0.3866590375676496
-0.6508321856358072 2.246680219361946 0.3950657267464216
-0.6267272898715183 2.2442836023362185 0.40347241592519356
-0.602622394107229 2.241886985310491 0.4118791051039656
-0.5785174983429399 2.2394903682847636 0.42028579428273755
-0.5544126025786507 2.237093751259036 0.4286924834615095
-0.5303077068143615 2.234697134233308 0.43709917264028153
-0.5062028110500725 2.2323005172075807 0.4455058618190535
-0.48209791528578316 2.2299039001818532 0.4539125509978255
-0.45799301952149407 2.227507283156126 0.4623192401765975
-0.4338881237572049 2.2251106661303983 0.47072592935536944
-0.4097832279929157 2.222714049104671 0.47913261853414146
-0.3856783322286265 2.2203174320789434 0.48753930771291343
-0.36157343646433737 2.217920815053216 0.49594599689168545
-0.3374685407000483 2.2155241980274885 0.5043526860704574
-0.31336364493575913 2.213127581001761 0.5127593752492294
-0.28925874917146993 2.2107309639760335 0.5211660644280014
-0.26515385340718073 2.208334346950306 0.5295727536067734
-0.24104895764289158 2.205937729924578 0.5379794427855453
-0.2169440618786025 2.2035411128988507 0.5463861319643173
-0.19283916611431332 2.201144495873123 0.5547928211430894
-0.16873427035002414 2.1987478788473958 0.5631995103218613
-0.14462937458573497 2.1963512618216683 0.5716061995006333
-0.12052447882144579 2.193954644795941 0.5800128886794053
-0.09641958305715671 2.1915580277702134 0.5884195778581772
-0.07231468729286754 2.189161410744486 0.5968262670369493
-0.04820979152857836 2.1867647937187584 0.6052329562157213
-0.02410489576428918 2.184368176693031 0.6136396453944932
0.0 2.1819715596673035 0.6220463345732652
-0.9400909348072772 2.2956430640379657 0.2999451448842435
-0.915986039042988 2.2932464470122382 0.30835183406301553
-0.8918811432786988 2.2908498299865108 0.3167585232417875
-0.8677762475144098 2.2884532129607833 0.32516521242055946
-0.8436713517501206 2.286056595935056 0.3335719015993314
-0.8195664559858314 2.283659978909328 0.34197859077810344
-0.7954615602215422 2.2812633618836005 0.35038527995687546
-0.771356664457253 2.278866744857873 0.3587919691356474
-0.7472517686929641 2.2764701278321455 0.3671986583144194
-0.7231468729286749 2.274073510806418 0.37560534749319135
-0.6990419771643857 2.2716768937806906 0.3840120366719634
-0.6749370814000965 2.269280276754963 0.39241872585073534
-0.6508321856358072 2.2668836597292357 0.40082541502950736
-0.6267272898715183 2.264487042703508 0.4092321042082793
-0.602622394107229 2.2620904256777807 0.41763879338705134
-0.5785174983429399 2.2596938086520533 0.4260454825658233
-0.5544126025786507 2.257297191626326 0.4344521717445953
-0.5303077068143615 2.2549005746005983 0.4428588609233673
-0.5062028110500725 2.2525039575748704 0.45126555010213926
-0.48209791528578316 2.250107340549143 0.4596722392809113
-0.45799301952149407 2.2477107235234155 0.46807892845968324
-0.4338881237572049 2.245314106497688 0.4764856176384552
-0.4097832279929157 2.2429174894719606 0.4848923068172272
-0.3856783322286265 2.240520872446233 0.4932989959959992
-0.36157343646433737 2.2381242554205056 0.5017056851747712
-0.3374685407000483 2.235727638394778 0.5101123743535432
-0.31336364493575913 2.2333310213690507 0.5185190635323151
-0.28925874917146993 2.2309344043433232 0.5269257527110871
-0.26515385340718073 2.2285377873175958 0.5353324418898592
-0.24104895764289158 2.2261411702918683 0.5437391310686311
-0.2169440618786025 2.223744553266141 0.5521458202474031
-0.19283916611431332 2.221347936240413 0.5605525094261751
-0.16873427035002414 2.2189513192146855 0.568959198604947
-0.14462937458573497 2.216554702188958 0.5773658877837191
-0.12052447882144579 2.2141580851632305 0.5857725769624911
-0.09641958305715671 2.211761468137503 0.594179266141263
-0.07231468729286754 2.2093648511117756 0.602585955320035
-0.04820979152857836 2.206968234086048 0.610992644498807
-0.02410489576428918 2.2045716170603207 0.619399333677579
0.0 2.202175000034593 0.627806022856351
-0.9400909348072772 2.3158465044052554 0.30570483316732927
-0.915986039042988 2.313449887379528 0.3141115223461013
-0.8918811432786988 2.3110532703538005 0.32251821152487326
-0.8677762475144098 2.308656653328073 0.3309249007036452
-0.8436713517501206 2.3062600363023456 0.3393315898824172
-0.8195664559858314 2.303863419276618 0.3477382790611892
-0.7954615602215422 2.3014668022508906 0.3561449682399612
-0.771356664457253 2.2990701852251627 0.3645516574187332
-0.7472517686929641 2.2966735681994352 0.37295834659750515
-0.7231468729286749 2.294276951173708 0.3813650357762771
-0.6990419771643857 2.2918803341479803 0.38977172495504914
-0.6749370814000965 2.289483717122253 0.3981784141338211
-0.6508321856358072 2.2870871000965254 0.4065851033125931
-0.6267272898715183 2.284690483070798 0.4149917924913651
-0.602622394107229 2.2822938660450705 0.4233984816701371
-0.5785174983429399 2.279897249019343 0.43180517084890907
-0.5544126025786507 2.2775006319936155 0.44021186002768103
-0.5303077068143615 2.275104014967888 0.44861854920645305
-0.5062028110500725 2.2727073979421606 0.457025238385225
-0.48209791528578316 2.2703107809164327 0.46543192756399704
-0.45799301952149407 2.267914163890705 0.473838616742769
-0.4338881237572049 2.2655175468649777 0.48224530592154097
-0.4097832279929157 2.2631209298392503 0.490651995100313
-0.3856783322286265 2.260724312813523 0.49905868427908495
-0.36157343646433737 2.2583276957877954 0.5074653734578569
-0.3374685407000483 2.255931078762068 0.5158720626366289
-0.31336364493575913 2.2535344617363404 0.524278751815401
-0.28925874917146993 2.251137844710613 0.5326854409941729
-0.26515385340718073 2.2487412276848855 0.5410921301729449
-0.24104895764289158 2.246344610659158 0.5494988193517168
-0.2169440618786025 2.2439479936334306 0.5579055085304888
-0.19283916611431332 2.241551376607703 0.5663121977092609
-0.16873427035002414 2.239154759581975 0.5747188868880329
-0.14462937458573497 2.2367581425562477 0.5831255760668048
-0.12052447882144579 2.2343615255305203 0.5915322652455768
-0.09641958305715671 2.231964908504793 0.5999389544243487
-0.07231468729286754 2.2295682914790653 0.6083456436031208
-0.04820979152857836 2.227171674453338 0.6167523327818928
-0.02410489576428918 2.2247750574276104 0.6251590219606648
0.0 2.222378440401883 0.6335657111394367
-0.9400909348072772 2.336049944772545 0.31146452145041503
-0.915986039042988 2.3336533277468177 0.31987121062918705
-0.8918811432786988 2.33125671072109 0.328277899807959
-0.8677762475144098 2.3288600936953627 0.336684588986731
-0.8436713517501206 2.3264634766696353 0.34509127816550295
-0.8195664559858314 2.324066859643908 0.35349796734427497
-0.7954615602215422 2.3216702426181803 0.361904656523047
-0.771356664457253 2.319273625592453 0.37031134570181895
-0.7472517686929641 2.3168770085667254 0.3787180348805909
-0.7231468729286749 2.3144803915409975 0.3871247240593629
-0.6990419771643857 2.31208377451527 0.3955314132381349
-0.6749370814000965 2.3096871574895426 0.40393810241690686
-0.6508321856358072 2.307290540463815 0.4123447915956789
-0.6267272898715183 2.3048939234380876 0.42075148077445085
-0.602622394107229 2.30249730641236 0.42915816995322287
-0.5785174983429399 2.3001006893866327 0.43756485913199483
-0.5544126025786507 2.2977040723609052 0.4459715483107668
-0.5303077068143615 2.2953074553351778 0.4543782374895388
-0.5062028110500725 2.2929108383094503 0.4627849266683108
-0.48209791528578316 2.290514221283723 0.4711916158470828
-0.45799301952149407 2.2881176042579954 0.47959830502585477
-0.4338881237572049 2.2857209872322675 0.48800499420462673
-0.4097832279929157 2.28332437020654 0.49641168338339875
-0.3856783322286265 2.2809277531808125 0.5048183725621708
-0.36157343646433737 2.278531136155085 0.5132250617409427
-0.3374685407000483 2.2761345191293576 0.5216317509197147
-0.31336364493575913 2.27373790210363 0.5300384400984867
-0.28925874917146993 2.2713412850779027 0.5384451292772586
-0.26515385340718073 2.268944668052175 0.5468518184560307
-0.24104895764289158 2.2665480510264477 0.5552585076348027
-0.2169440618786025 2.2641514340007203 0.5636651968135746
-0.19283916611431332 2.261754816974993 0.5720718859923466
-0.16873427035002414 2.2593581999492653 0.5804785751711186
-0.14462937458573497 2.256961582923538 0.5888852643498906
-0.12052447882144579 2.25456496589781 0.5972919535286626
-0.09641958305715671 2.2521683488720825 0.6056986427074346
-0.07231468729286754 2.249771731846355 0.6141053318862065
-0.04820979152857836 2.2473751148206276 0.6225120210649785
-0.02410489576428918 2.2449784977949 0.6309187102437506
0.0 2.2425818807691726 0.6393253994225225
-0.9400909348072772 2.356253385139835 0.3172242097335008
-0.915986039042988 2.3538567681141074 0.3256308989122728
-0.8918811432786988 2.35146015108838 0.3340375880910448
-0.8677762475144098 2.3490635340626524 0.34244427726981674
-0.8436713517501206 2.346666917036925 0.3508509664485887
-0.8195664559858314 2.3442703000111975 0.35925765562736073
-0.7954615602215422 2.34187368298547 0.36766434480613275
-0.771356664457253 2.3394770659597426 0.3760710339849047
-0.7472517686929641 2.337080448934015 0.3844777231636767
-0.7231468729286749 2.3346838319082877 0.39288441234244864
-0.6990419771643857 2.3322872148825597 0.40129110152122066
-0.6749370814000965 2.3298905978568323 0.4096977906999927
-0.6508321856358072 2.327493980831105 0.41810447987876465
-0.6267272898715183 2.3250973638053773 0.4265111690575366
-0.602622394107229 2.32270074677965 0.43491785823630863
-0.5785174983429399 2.3203041297539224 0.4433245474150806
-0.5544126025786507 2.317907512728195 0.4517312365938526
-0.5303077068143615 2.3155108957024675 0.4601379257726246
-0.5062028110500725 2.31311427867674 0.46854461495139654
-0.48209791528578316 2.3107176616510126 0.47695130413016856
-0.45799301952149407 2.308321044625285 0.4853579933089405
-0.4338881237572049 2.3059244275995576 0.49376468248771255
-0.4097832279929157 2.30352781057383 0.5021713716664845
-0.3856783322286265 2.3011311935481022 0.5105780608452565
-0.36157343646433737 2.298734576522375 0.5189847500240286
-0.3374685407000483 2.2963379594966473 0.5273914392028005
-0.31336364493575913 2.29394134247092 0.5357981283815725
-0.28925874917146993 2.2915447254451924 0.5442048175603444
-0.26515385340718073 2.289148108419465 0.5526115067391164
-0.24104895764289158 2.2867514913937375 0.5610181959178885
-0.2169440618786025 2.28435487436801 0.5694248850966604
-0.19283916611431332 2.2819582573422825 0.5778315742754324
-0.16873427035002414 2.279561640316555 0.5862382634542044
-0.14462937458573497 2.2771650232908276 0.5946449526329763
-0.12052447882144579 2.2747684062651 0.6030516418117484
-0.09641958305715671 2.2723717892393727 0.6114583309905203
-0.07231468729286754 2.2699751722136448 0.6198650201692923
-0.04820979152857836 2.2675785551879173 0.6282717093480643
-0.02410489576428918 2.26518193816219 0.6366783985268363
0.0 2.2627853211364624 0.6450850877056084
-0.9400909348072772 2.3764568255071246 0.32298389801658656
-0.915986039042988 2.374060208481397 0.3313905871953586
-0.8918811432786988 2.3716635914556696 0.33979727637413054
-0.8677762475144098 2.369266974429942 0.3482039655529025
-0.8436713517501206 2.3668703574042147 0.35661065473167447
-0.8195664559858314 2.3644737403784872 0.3650173439104465
-0.7954615602215422 2.3620771233527598 0.3734240330892185
-0.771356664457253 2.3596805063270323 0.3818307222679905
-0.7472517686929641 2.357283889301305 0.39023741144676244
-0.7231468729286749 2.3548872722755774 0.3986441006255344
-0.6990419771643857 2.35249065524985 0.4070507898043064
-0.6749370814000965 2.3500940382241224 0.41545747898307844
-0.6508321856358072 2.3476974211983945 0.4238641681618504
-0.6267272898715183 2.345300804172667 0.43227085734062237
-0.602622394107229 2.3429041871469396 0.4406775465193944
-0.5785174983429399 2.340507570121212 0.44908423569816636
-0.5544126025786507 2.3381109530954847 0.4574909248769384
-0.5303077068143615 2.335714336069757 0.46589761405571034
-0.5062028110500725 2.3333177190440297 0.4743043032344823
-0.48209791528578316 2.3309211020183023 0.4827109924132543
-0.45799301952149407 2.328524484992575 0.4911176815920263
-0.4338881237572049 2.3261278679668473 0.4995243707707983
-0.4097832279929157 2.32373125094112 0.5079310599495703
-0.3856783322286265 2.3213346339153924 0.5163377491283423
-0.36157343646433737 2.3189380168896645 0.5247444383071143
-0.3374685407000483 2.316541399863937 0.5331511274858862
-0.31336364493575913 2.3141447828382096 0.5415578166646582
-0.28925874917146993 2.311748165812482 0.5499645058434303
-0.26515385340718073 2.3093515487867546 0.5583711950222022
-0.24104895764289158 2.306954931761027 0.5667778842009742
-0.2169440618786025 2.3045583147352997 0.5751845733797462
-0.19283916611431332 2.3021616977095722 0.5835912625585181
-0.16873427035002414 2.2997650806838448 0.5919979517372902
-0.14462937458573497 2.2973684636581173 0.6004046409160622
-0.12052447882144579 2.29497184663239 0.6088113300948341
-0.09641958305715671 2.2925752296066624 0.6172180192736061
-0.07231468729286754 2.290178612580935 0.625624708452378
-0.04820979152857836 2.287781995555207 0.6340313976311501
-0.02410489576428918 2.2853853785294795 0.6424380868099221
0.0 2.282988761503752 0.6508447759886941
-0.9400909348072772 2.3966602658744147 0.32874358629967243
-0.915986039042988 2.3942636488486873 0.33715027547844445
-0.8918811432786988 2.39186703182296 0.3455569646572164
-0.8677762475144098 2.3894704147972323 0.3539636538359884
-0.8436713517501206 2.387073797771505 0.36237034301476034
-0.8195664559858314 2.3846771807457774 0.37077703219353236
-0.7954615602215422 2.38228056372005 0.3791837213723044
-0.771356664457253 2.3798839466943225 0.38759041055107635
-0.7472517686929641 2.377487329668595 0.3959970997298483
-0.7231468729286749 2.3750907126428675 0.4044037889086203
-0.6990419771643857 2.37269409561714 0.4128104780873923
-0.6749370814000965 2.3702974785914126 0.4212171672661643
-0.6508321856358072 2.367900861565685 0.4296238564449363
-0.6267272898715183 2.3655042445399572 0.43803054562370825
-0.602622394107229 2.3631076275142298 0.44643723480248027
-0.5785174983429399 2.3607110104885023 0.45484392398125223
-0.5544126025786507 2.358314393462775 0.46325061316002425
-0.5303077068143615 2.3559177764370474 0.4716573023387962
-0.5062028110500725 2.35352115941132 0.4800639915175682
-0.48209791528578316 2.3511245423855924 0.4884706806963402
-0.45799301952149407 2.348727925359865 0.49687736987511216
-0.4338881237572049 2.3463313083341375 0.5052840590538842
-0.4097832279929157 2.34393469130841 0.5136907482326561
-0.3856783322286265 2.3415380742826826 0.5220974374114281
-0.36157343646433737 2.339141457256955 0.5305041265902002
-0.3374685407000483 2.3367448402312276 0.5389108157689722
-0.31336364493575913 2.3343482232054997 0.5473175049477441
-0.28925874917146993 2.3319516061797723 0.5557241941265161
-0.26515385340718073 2.329554989154045 0.564130883305288
-0.24104895764289158 2.3271583721283173 0.5725375724840601
-0.2169440618786025 2.32476175510259 0.5809442616628321
-0.19283916611431332 2.3223651380768624 0.589350950841604
-0.16873427035002414 2.319968521051135 0.597757640020376
-0.14462937458573497 2.3175719040254075 0.606164329199148
-0.12052447882144579 2.31517528699968 0.61457101837792
-0.09641958305715671 2.3127786699739525 0.622977707556692
-0.07231468729286754 2.310382052948225 0.631384396735464
-0.04820979152857836 2.3079854359224976 0.639791085914236
-0.02410489576428918 2.3055888188967697 0.6481977750930079
0.0 2.3031922018710422 0.65660446427178
-0.9400909348072772 2.416863706241705 0.33450327458275825
-0.915986039042988 2.4144670892159774 0.34290996376153027
-0.8918811432786988 2.4120704721902495 0.35131665294030223
-0.8677762475144098 2.409673855164522 0.3597233421190742
-0.8436713517501206 2.4072772381387946 0.36813003129784616
-0.8195664559858314 2.404880621113067 0.3765367204766182
-0.7954615602215422 2.4024840040873396 0.3849434096553902
-0.771356664457253 2.400087387061612 0.39335009883416217
-0.7472517686929641 2.3976907700358847 0.40175678801293413
-0.7231468729286749 2.3952941530101572 0.4101634771917061
-0.6990419771643857 2.39289753598443 0.4185701663704781
-0.6749370814000965 2.3905009189587023 0.4269768555492501
-0.6508321856358072 2.388104301932975 0.4353835447280221
-0.6267272898715183 2.3857076849072474 0.44379023390679406
-0.602622394107229 2.3833110678815195 0.4521969230855661
-0.5785174983429399 2.380914450855792 0.46060361226433805
-0.5544126025786507 2.3785178338300645 0.46901030144311
-0.5303077068143615 2.376121216804337 0.47741699062188203
-0.5062028110500725 2.3737245997786096 0.485823679800654
-0.48209791528578316 2.371327982752882 0.494230368979426
-0.45799301952149407 2.3689313657271547 0.5026370581581979
-0.4338881237572049 2.366534748701427 0.51104374733697
-0.4097832279929157 2.3641381316756997 0.519450436515742
-0.3856783322286265 2.3617415146499723 0.5278571256945139
-0.36157343646433737 2.359344897624245 0.5362638148732859
-0.3374685407000483 2.3569482805985174 0.5446705040520579
-0.31336364493575913 2.35455166357279 0.5530771932308299
-0.28925874917146993 2.352155046547062 0.5614838824096019
-0.26515385340718073 2.3497584295213345 0.5698905715883739
-0.24104895764289158 2.347361812495607 0.5782972607671458
-0.2169440618786025 2.3449651954698796 0.5867039499459178
-0.19283916611431332 2.342568578444152 0.5951106391246899
-0.16873427035002414 2.3401719614184247 0.6035173283034618
-0.14462937458573497 2.337775344392697 0.6119240174822338
-0.12052447882144579 2.3353787273669697 0.6203307066610058
-0.09641958305715671 2.3329821103412423 0.6287373958397777
-0.07231468729286754 2.330585493315515 0.6371440850185498
-0.04820979152857836 2.3281888762897873 0.6455507741973218
-0.02410489576428918 2.32579225926406 0.6539574633760937
0.0 2.3233956422383324 0.6623641525548657
-0.9400909348072772 2.4370671466089946 0.340262962865844
-0.915986039042988 2.434670529583267 0.34866965204461603
-0.8918811432786988 2.4322739125575397 0.357076341223388
-0.8677762475144098 2.429877295531812 0.36548303040215996
-0.8436713517501206 2.4274806785060843 0.3738897195809319
-0.8195664559858314 2.425084061480357 0.38229640875970394
-0.7954615602215422 2.4226874444546294 0.39070309793847596
-0.771356664457253 2.420290827428902 0.3991097871172479
-0.7472517686929641 2.4178942104031744 0.4075164762960199
-0.7231468729286749 2.415497593377447 0.41592316547479186
-0.6990419771643857 2.4131009763517195 0.4243298546535639
-0.6749370814000965 2.410704359325992 0.43273654383233584
-0.6508321856358072 2.4083077423002646 0.44114323301110786
-0.6267272898715183 2.405911125274537 0.4495499221898798
-0.602622394107229 2.4035145082488096 0.45795661136865184
-0.5785174983429399 2.401117891223082 0.4663633005474238
-0.5544126025786507 2.3987212741973543 0.4747699897261958
-0.5303077068143615 2.396324657171627 0.4831766789049678
-0.5062028110500725 2.3939280401458993 0.49158336808373976
-0.48209791528578316 2.391531423120172 0.4999900572625118
-0.45799301952149407 2.3891348060944444 0.5083967464412837
-0.4338881237572049 2.386738189068717 0.5168034356200557
-0.4097832279929157 2.3843415720429895 0.5252101247988277
-0.3856783322286265 2.381944955017262 0.5336168139775997
-0.36157343646433737 2.3795483379915345 0.5420235031563717
-0.3374685407000483 2.377151720965807 0.5504301923351437
-0.31336364493575913 2.3747551039400796 0.5588368815139156
-0.28925874917146993 2.372358486914352 0.5672435706926876
-0.26515385340718073 2.3699618698886247 0.5756502598714597
-0.24104895764289158 2.3675652528628968 0.5840569490502316
-0.2169440618786025 2.3651686358371693 0.5924636382290036
-0.19283916611431332 2.362772018811442 0.6008703274077756
-0.16873427035002414 2.3603754017857144 0.6092770165865475
-0.14462937458573497 2.357978784759987 0.6176837057653196
-0.12052447882144579 2.3555821677342594 0.6260903949440916
-0.09641958305715671 2.353185550708532 0.6344970841228635
-0.07231468729286754 2.3507889336828045 0.6429037733016355
-0.04820979152857836 2.348392316657077 0.6513104624804075
-0.02410489576428918 2.3459956996313496 0.6597171516591795
0.0 2.343599082605622 0.6681238408379515
-0.9400909348072772 2.4572705869762843 0.34602265114892977
-0.915986039042988 2.454873969950557 0.3544293403277018
-0.8918811432786988 2.4524773529248294 0.36283602950647376
-0.8677762475144098 2.450080735899102 0.3712427186852457
-0.8436713517501206 2.4476841188733744 0.3796494078640177
-0.8195664559858314 2.4452875018476465 0.3880560970427897
-0.7954615602215422 2.442890884821919 0.3964627862215617
-0.771356664457253 2.4404942677961916 0.4048694754003337
-0.7472517686929641 2.438097650770464 0.41327616457910565
-0.7231468729286749 2.4357010337447367 0.4216828537578776
-0.6990419771643857 2.433304416719009 0.43008954293664964
-0.6749370814000965 2.4309077996932817 0.4384962321154216
-0.6508321856358072 2.4285111826675543 0.4469029212941936
-0.6267272898715183 2.426114565641827 0.4553096104729656
-0.602622394107229 2.4237179486160993 0.4637162996517376
-0.5785174983429399 2.421321331590372 0.47212298883050957
-0.5544126025786507 2.4189247145646444 0.48052967800928154
-0.5303077068143615 2.416528097538917 0.48893636718805356
-0.5062028110500725 2.414131480513189 0.4973430563668255
-0.48209791528578316 2.4117348634874616 0.5057497455455975
-0.45799301952149407 2.409338246461734 0.5141564347243694
-0.4338881237572049 2.4069416294360066 0.5225631239031415
-0.4097832279929157 2.404545012410279 0.5309698130819135
-0.3856783322286265 2.4021483953845517 0.5393765022606855
-0.36157343646433737 2.3997517783588243 0.5477831914394574
-0.3374685407000483 2.397355161333097 0.5561898806182294
-0.31336364493575913 2.3949585443073693 0.5645965697970015
-0.28925874917146993 2.392561927281642 0.5730032589757734
-0.26515385340718073 2.3901653102559144 0.5814099481545454
-0.24104895764289158 2.387768693230187 0.5898166373333174
-0.2169440618786025 2.385372076204459 0.5982233265120893
-0.19283916611431332 2.3829754591787315 0.6066300156908614
-0.16873427035002414 2.380578842153004 0.6150367048696334
-0.14462937458573497 2.3781822251272766 0.6234433940484053
-0.12052447882144579 2.375785608101549 0.6318500832271773
-0.09641958305715671 2.3733889910758217 0.6402567724059492
-0.07231468729286754 2.370992374050094 0.6486634615847213
-0.04820979152857836 2.3685957570243668 0.6570701507634933
-0.02410489576428918 2.3661991399986393 0.6654768399422653
0.0 2.363802522972912 0.6738835291210372
-0.9400909348072772 2.477474027343574 0.35178233943201553
-0.915986039042988 2.4750774103178466 0.36018902861078755
-0.8918811432786988 2.472680793292119 0.3685957177895595
-0.8677762475144098 2.4702841762663916 0.3770024069683315
-0.8436713517501206 2.467887559240664 0.38540909614710345
-0.8195664559858314 2.4654909422149367 0.39381578532587547
-0.7954615602215422 2.4630943251892092 0.4022224745046475
-0.771356664457253 2.4606977081634813 0.41062916368341945
-0.7472517686929641 2.458301091137754 0.4190358528621914
-0.7231468729286749 2.4559044741120264 0.4274425420409634
-0.6990419771643857 2.453507857086299 0.4358492312197354
-0.6749370814000965 2.4511112400605715 0.44425592039850736
-0.6508321856358072 2.448714623034844 0.4526626095772794
-0.6267272898715183 2.4463180060091165 0.46106929875605135
-0.602622394107229 2.443921388983389 0.46947598793482337
-0.5785174983429399 2.4415247719576616 0.47788267711359533
-0.5544126025786507 2.439128154931934 0.4862893662923673
-0.5303077068143615 2.4367315379062067 0.4946960554711393
-0.5062028110500725 2.434334920880479 0.5031027446499112
-0.48209791528578316 2.4319383038547513 0.5115094338286833
-0.45799301952149407 2.429541686829024 0.5199161230074553
-0.4338881237572049 2.4271450698032964 0.5283228121862272
-0.4097832279929157 2.424748452777569 0.5367295013649992
-0.3856783322286265 2.4223518357518414 0.5451361905437713
-0.36157343646433737 2.419955218726114 0.5535428797225432
-0.3374685407000483 2.4175586017003865 0.5619495689013152
-0.31336364493575913 2.415161984674659 0.5703562580800872
-0.28925874917146993 2.4127653676489316 0.5787629472588591
-0.26515385340718073 2.410368750623204 0.5871696364376312
-0.24104895764289158 2.4079721335974766 0.5955763256164032
-0.2169440618786025 2.405575516571749 0.6039830147951751
-0.19283916611431332 2.4031788995460217 0.6123897039739471
-0.16873427035002414 2.400782282520294 0.6207963931527191
-0.14462937458573497 2.3983856654945663 0.6292030823314911
-0.12052447882144579 2.395989048468839 0.6376097715102631
-0.09641958305715671 2.3935924314431114 0.6460164606890351
-0.07231468729286754 2.391195814417384 0.654423149867807
-0.04820979152857836 2.3887991973916565 0.662829839046579
-0.02410489576428918 2.386402580365929 0.6712365282253511
0.0 2.3840059633402015 0.679643217404123
-0.9400909348072772 2.4976774677108637 0.3575420277151013
-0.915986039042988 2.4952808506851363 0.3659487168938733
-0.8918811432786988 2.492884233659409 0.3743554060726453
-0.8677762475144098 2.4904876166336813 0.38276209525141724
-0.8436713517501206 2.488090999607954 0.3911687844301892
-0.8195664559858314 2.4856943825822264 0.39957547360896123
-0.7954615602215422 2.483297765556499 0.40798216278773325
-0.771356664457253 2.4809011485307715 0.4163888519665052
-0.7472517686929641 2.4785045315050436 0.4247955411452772
-0.7231468729286749 2.476107914479316 0.43320223032404914
-0.6990419771643857 2.4737112974535886 0.44160891950282116
-0.6749370814000965 2.471314680427861 0.4500156086815932
-0.6508321856358072 2.4689180634021337 0.45842229786036515
-0.6267272898715183 2.4665214463764062 0.4668289870391371
-0.602622394107229 2.464124829350679 0.47523567621790913
-0.5785174983429399 2.4617282123249513 0.4836423653966811
-0.5544126025786507 2.459331595299224 0.4920490545754531
-0.5303077068143615 2.4569349782734964 0.5004557437542251
-0.5062028110500725 2.454538361247769 0.508862432932997
-0.48209791528578316 2.4521417442220415 0.5172691221117691
-0.45799301952149407 2.449745127196314 0.5256758112905411
-0.4338881237572049 2.447348510170586 0.534082500469313
-0.4097832279929157 2.4449518931448586 0.542489189648085
-0.3856783322286265 2.442555276119131 0.550895878826857
-0.36157343646433737 2.4401586590934037 0.5593025680056289
-0.3374685407000483 2.437762042067676 0.5677092571844009
-0.31336364493575913 2.4353654250419488 0.576115946363173
-0.28925874917146993 2.4329688080162213 0.584522635541945
-0.26515385340718073 2.430572190990494 0.5929293247207169
-0.24104895764289158 2.4281755739647664 0.601336013899489
-0.2169440618786025 2.425778956939039 0.609742703078261
-0.19283916611431332 2.4233823399133114 0.6181493922570329
-0.16873427035002414 2.420985722887584 0.6265560814358049
-0.14462937458573497 2.418589105861856 0.6349627706145768
-0.12052447882144579 2.4161924888361286 0.6433694597933488
-0.09641958305715671 2.413795871810401 0.6517761489721208
-0.07231468729286754 2.4113992547846737 0.6601828381508928
-0.04820979152857836 2.409002637758946 0.6685895273296648
-0.02410489576428918 2.4066060207332187 0.6769962165084368
0.0 2.4042094037074913 0.6854029056872089
POLYGONS 9282 37128
3 0 40 1
3 1 40 41
3 1 41 2
3 2 41 42
3 2 42 3
3 3 42 43
3 3 43 4
3 4 43 44
3 4 44 5
3 5 44 45
3 5 45 6
3 6 45 46
3 6 46 7
3 7 46 47
3 7 47 8
3 8 47 48
3 8 48 9
3 9 48 49
3 9 49 10
3 10 49 50
3 10 50 11
3 11 50 51
3 11 51 12
3 12 51 52
3 12 52 13
3 13 52 53
3 13 53 14
3 14 53 54
3 14 54 15
3 15 54 55
3 15 55 16
3 16 55 56
3 16 56 17
3 17 56 57
3 17 57 18
3 18 57 58
3 18 58 19
3 19 58 59
3 19 59 20
3 20 59 60
3 20 60 21
3 21 60 61
3 21 61 22
3 22 61 62
3 22 62 23
3 23 62 63
3 23 63 24
3 24 63 64
3 24 64 25
3 25 64 65
3 25 65 26
3 26 65 66
3 26 66 27
3 27 66 67
3 27 67 28
3 28 67 68
3 28 68 29
3 29 68 69
3 29 69 30
3 30 69 70
3 30 70 31
3 31 70 71
3 31 71 32
3 32 71 72
3 32 72 33
3 33 72 73
3 33 73 34
3 34 73 74
3 34 74 35
3 35 74 75
3 35 75 36
3 36 75 76
3 36 76 37
3 37 76 77
3 37 77 38
3 38 77 78
3 38 78 39
3 39 78 79
3 40 80 41
3 41 80 81
3 41 81 42
3 42 81 82
3 42 82 43
3 43 82 83
3 43 83 44
3 44 83 84
3 44 84 45
3 45 84 85
3 45 85 46
3 46 85 86
3 46 86 47
3 47 86 87
3 47 87 48
3 48 87 88
3 48 88 49
3 49 88 89
3 49 89 50
3 50 89 90
3 50 90 51
3 51 90 91
3 51 91 52
3 52 91 92
3 52 92 53
3 53 92 93
3 53 93 54
3 54 93 94
3 54 94 55
3 55 94 95
3 55 95 56
3 56 95 96
3 56 96 57
3 57 96 97
3 57 97 58
3 58 97 98
3 58 98 59
3 59 98 99
3 59 99 60
3 60 99 100
3 60 100 61
3 61 100 101
3 61 101 62
3 62 101 102
3 62 102 63
3 63 102 103
3 63 103 64
3 64 103 104
3 64 104 65
3 65 104 105
3 65 105 66
3 66 105 106
3 66 106 67
3 67 106 107
3 67 107 68
3 68 107 108
3 68 108 69
3 69 108 109
3 69 109 70
3 70 109 110
3 70 110 71
3 71 110 111
3 71 111 72
3 72 111 112
3 72 112 73
3 73 112 113
3 73 113 74
3 74 113 114
3 74 114 75
3 75 114 115
3 75 115 76
3 76 115 116
3 76 116 77
3 77 116 117
3 77 117 78
3 78 117 118
3 78 118 79
3 79 118 119
3 80 120 81
3 81 120 121
3 81 121 82
3 82 121 122
3 82 122 83
3 83 122 123
3 83 123 84
3 84 123 124
3 84 124 85
3 85 124 125
3 85 125 86
3 86 125 126
3 86 126 87
3 87 126 127
3 87 127 88
3 88 127 128
3 88 128 89
3 89 128 129
3 89 129 90
3 90 129 130
3 90 130 91
3 91 130 131
3 91 131 92
3 92 131 132
3 92 132 93
3 93 132 133
3 93 133 94
3 94 133 134
3 94 134 95
3 95 134 135
3 95 135 96
3 96 135 136
3 96 136 97
3 97 136 137
3 97 137 98
3 98 137 138
3 98 138 99
3 99 138 139
3 99 139 100
3 100 139 140
3 100 140 101
3 101 140 141
3 101 141 102
3 102 141 142
3 102 142 103
3 103 142 143
3 103 143 104
3 104 143 144
3 104 144 105
3 105 144 145
3 105 145 106
3 106 145 146
3 106 146 107
3 107 146 147
3 107 147 108
3 108 147 148
3 108 148 109
3 109 148 149
3 109 149 110
3 110 149 150
3 110 150 111
3 111 150 151
3 111 151 112
3 112 151 152
3 112 152 113
3 113 152 153
3 113 153 114
3 114 153 154
3 114 154 115
3 115 154 155
3 115 155 116
3 116 155 156
3 116 156 117
3 117 156 157
3 117 157 118
3 118 157 158
3 118 158 119
3 119 158 159
3 120 160 121
3 121 160 161
3 121 161 122
3 122 161 162
3 122 162 123
3 123 162 163
3 123 163 124
3 124 163 164
3 124 164 125
3 125 164 165
3 125 165 126
3 126 165 166
3 126 166 127
3 127 166 167
3 127 167 128
3 128 167 168
3 128 168 129
3 129 168 169
3 129 169 130
3 130 169 170
3 130 170 131
3 131 170 171
3 131 171 132
3 132 171 172
3 132 172 133
3 133 172 173
3 133 173 134
3 134 173 174
3 134 174 135
3 135 174 175
3 135 175 136
3 136 175 176
3 136 176 137
3 137 176 177
3 137 177 138
3 138 177 178
3 138 178 139
3 139 178 179
3 139 179 140
3 140 179 180
3 140 180 141
3 141 180 181
3 141 181 142
3 142 181 182
3 142 182 143
3 143 182 183
3 143 183 144
3 144 183 184
3 144 184 145
3 145 184 185
3 145 185 146
3 146 185 186
3 146 186 147
3 147 186 187
3 147 187 148
3 148 187 188
3 148 188 149
3 149 188 189
3 149 189 150
3 150 189 190
3 150 190 151
3 151 190 191
3 151 191 152
3 152 191 192
3 152 192 153
3 153 192 193
3 153 193 154
3 154 193 194
3 154 194 155
3 155 194 195
3 155 195 156
3 156 195 196
3 156 196 157
3 157 196 197
3 157 197 158
3 158 197 198
3 158 198 159
3 159 198 199
3 160 200 161
3 161 200 201
3 161 201 162
3 162 201 202
3 162 202 163
3 163 202 203
3 163 203 164
3 164 203 204
3 164 204 165
3 165 204 205
3 165 205 166
3 166 205 206
3 166 206 167
3 167 206 207
3 167 207 168
3 168 207 208
3 168 208 169
3 169 208 209
3 169 209 170
3 170 209 210
3 170 210 171
3 171 210 211
3 171 211 172
3 172 211 212
3 172 212 173
3 173 212 213
3 173 213 174
3 174 213 214
3 174 214 175
3 175 214 215
3 175 215 176
3 176 215 216
3 176 216 177
3 177 216 217
3 177 217 178
3 178 217 218
3 178 218 179
3 179 218 219
3 179 219 180
3 180 219 220
3 180 220 181
3 181 220 221
3 181 221 182
3 182 221 222
3 182 222 183
3 183 222 223
3 183 223 184
3 184 223 224
3 184 224 185
3 185 224 225
3 185 225 186
3 186 225 226
3 186 226 187
3 187 226 227
3 187 227 188
3 188 227 228
3 188 228 189
3 189 228 229
3 189 229 190
3 190 229 230
3 190 230 191
3 191 230 231
3 191 231 192
3 192 231 232
3 192 232 193
3 193 232 233
3 193 233 194
3 194 233 234
3 194 234 195
3 195 234 235
3 195 235 196
3 196 235 236
3 196 236 197
3 197 236 237
3 197 237 198
3 198 237 238
3 198 238 199
3 199 238 239
3 200 240 201
3 201 240 241
3 201 241 202
3 202 241 242
3 202 242 203
3 203 242 243
3 203 243 204
3 204 243 244
3 204 244 205
3 205 244 245
3 205 245 206
3 206 245 246
3 206 246 207
3 207 246 247
3 207 247 208
3 208 247 248
3 208 248 209
3 209 248 249
3 209 249 210
3 210 249 250
3 210 250 211
3 211 250 251
3 211 251 212
3 212 251 252
3 212 252 213
3 213 252 253
3 213 253 214
3 214 253 254
3 214 254 215
3 215 254 255
3 215 255 216
3 216 255 256
3 216 256 217
3 217 256 257
3 217 257 218
3 218 257 258
3 218 258 219
3 219 258 259
3 219 259 220
3 220 259 260
3 220 260 221
3 221 260 261
3 221 261 222
3 222 261 262
3 222 262 223
3 223 262 263
3 223 263 224
3 224 263 264
3 224 264 225
3 225 264 265
3 225 265 226
3 226 265 266
3 226 266 227
3 227 266 267
3 227 267 228
3 228 267 268
3 228 268 229
3 229 268 269
3 229 269 230
3 230 269 270
3 230 270 231
3 231 270 271
3 231 271 232
3 232 271 272
3 232 272 233
3 233 272 273
3 233 273 234
3 234 273 274
3 234 274 235
3 235 274 275
3 235 275 236
3 236 275 276
3 236 276 237
3 237 276 277
3 237 277 238
3 238 277 278
3 238 278 239
3 239 278 279
3 240 280 241
3 241 280 281
3 241 281 242
3 242 281 282
3 242 282 243
3 243 282 283
3 243 283 244
3 244 283 284
3 244 284 245
3 245 284 285
3 245 285 246
3 246 285 286
3 246 286 247
3 247 286 287
3 247 287 248
3 248 287 288
3 248 288 249
3 249 288 289
3 249 289 250
3 250 289 290
3 250 290 251
3 251 290 291
3 251 291 252
3 252 291 292
3 252 292 253
3 253 292 293
3 253 293 254
3 254 293 294
3 254 294 255
3 255 294 295
3 255 295 256
3 256 295 296
3 256 296 257
3 257 296 297
3 257 297 258
3 258 297 298
3 258 298 259
3 259 298 299
3 259 299 260
3 260 299 300
3 260 300 261
3 261 300 301
3 261 301 262
3 262 301 302
3 262 302 263
3 263 302 303
3 263 303 264
3 264 303 304
3 264 304 265
3 265 304 305
3 265 305 266
3 266 305 306
3 266 306 267
3 267 306 307
3 267 307 268
3 268 307 308
3 268 308 269
3 269 308 309
3 269 309 270
3 270 309 310
3 270 310 271
3 271 310 311
3 271 311 272
3 272 311 312
3 272 312 273
3 273 312 313
3 273 313 274
3 274 313 314
3 274 314 275
3 275 314 315
3 275 315 276
3 276 315 316
3 276 316 277
3 277 316 317
3 277 317 278
3 278 317 318
3 278 318 279
3 279 318 319
3 280 320 281
3 281 320 321
3 281 321 282
3 282 321 322
3 282 322 283
3 283 322 323
3 283 323 284
3 284 323 324
3 284 324 285
3 285 324 325
3 285 325 286
3 286 325 326
3 286 326 287
3 287 326 327
3 287 327 288
3 288 327 328
3 288 328 289
3 289 328 329
3 289 329 290
3 290 329 330
3 290 330 291
3 291 330 331
3 291 331 292
3 292 331 332
3 292 332 293
3 293 332 333
3 293 333 294
3 294 333 334
3 294 334 295
3 295 334 335
3 295 335 296
3 296 335 336
3 296 336 297
3 297 336 337
3 297 337 298
3 298 337 338
3 298 338 299
3 299 338 339
3 299 339 300
3 300 339 340
3 300 340 301
3 301 340 341
3 301 341 302
3 302 341 342
3 302 342 303
3 303 342 343
3 303 343 304
3 304 343 344
3 304 344 305
3 305 344 345
3 305 345 306
3 306 345 346
3 306 346 307
3 307 346 347
3 307 347 308
3 308 347 348
3 308 348 309
3 309 348 349
3 309 349 310
3 310 349 350
3 310 350 311
3 311 350 351
3 311 351 312
3 312 351 352
3 312 352 313
3 313 352 353
3 313 353 314
3 314 353 354
3 314 354 315
3 315 354 355
3 315 355 316
3 316 355 356
3 316 356 317
3 317 356 357
3 317 357 318
3 318 357 358
3 318 358 319
3 319 358 359
3 320 360 321
3 321 360 361
3 321 361 322
3 322 361 362
3 322 362 323
3 323 362 363
3 323 363 324
3 324 363 364
3 324 364 325
3 325 364 365
3 325 365 326
3 326 365 366
3 326 366 327
3 327 366 367
3 327 367 328
3 328 367 368
3 328 368 329
3 329 368 369
3 329 369 330
3 330 369 370
3 330 370 331
3 331 370 371
3 331 371 332
3 332 371 372
3 332 372 333
3 333 372 373
3 333 373 334
3 334 373 374
3 334 374 335
3 335 374 375
3 335 375 336
3 336 375 376
3 336 376 337
3 337 376 377
3 337 377 338
3 338 377 378
3 338 378 339
3 339 378 379
3 339 379 340
3 340 379 380
3 340 380 341
3 341 380 381
3 341 381 342
3 342 381 382
3 342 382 343
3 343 382 383
3 343 383 344
3 344 383 384
3 344 384 345
3 345 384 385
3 345 385 346
3 346 385 386
3 346 386 347
3 347 386 387
3 347 387 348
3 348 387 388
3 348 388 349
3 349 388 389
3 349 389 350
3 350 389 390
3 350 390 351
3 351 390 391
3 351 391 352
3 352 391 392
3 352 392 353
3 353 392 393
3 353 393 354
3 354 393 394
3 354 394 355
3 355 394 395
3 355 395 356
3 356 395 396
3 356 396 357
3 357 396 397
3 357 397 358
3 358 397 398
3 358 398 359
3 359 398 399
3 360 400 361
3 361 400 401
3 361 401 362
3 362 401 402
3 362 402 363
3 363 402 403
3 363 403 364
3 364 403 404
3 364 404 365
3 365 404 405
3 365 405 366
3 366 405 406
3 366 406 367
3 367 406 407
3 367 407 368
3 368 407 408
3 368 408 369
3 369 408 409
3 369 409 370
3 370 409 410
3 370 410 371
3 371 410 411
3 371 411 372
3 372 411 412
3 372 412 373
3 373 412 413
3 373 413 374
3 374 413 414
3 374 414 375
3 375 414 415
3 375 415 376
3 376 415 416
3 376 416 377
3 377 416 417
3 377 417 378
3 378 417 418
3 378 418 379
3 379 418 419
3 379 419 380
3 380 419 420
3 380 420 381
3 381 420 421
3 381 421 382
3 382 421 422
3 382 422 383
3 383 422 423
3 383 423 384
3 384 423 424
3 384 424 385
3 385 424 425
3 385 425 386
3 386 425 426
3 386 426 387
3 387 426 427
3 387 427 388
3 388 427 428
3 388 428 389
3 389 428 429
3 389 429 390
3 390 429 430
3 390 430 391
3 391 430 431
3 391 431 392
3 392 431 432
3 392 432 393
3 393 432 433
3 393 433 394
3 394 433 434
3 394 434 395
3 395 434 435
3 395 435 396
3 396 435 436
3 396 436 397
3 397 436 437
3 397 437 398
3 398 437 438
3 398 438 399
3 399 438 439
3 400 440 401
3 401 440 441
3 401 441 402
3 402 441 442
3 402 442 403
3 403 442 443
3 403 443 404
3 404 443 444
3 404 444 405
3 405 444 445
3 405 445 406
3 406 445 446
3 406 446 407
3 407 446 447
3 407 447 408
3 408 447 448
3 408 448 409
3 409 448 449
3 409 449 410
3 410 449 450
3 410 450 411
3 411 450 451
3 411 451 412
3 412 451 452
3 412 452 413
3 413 452 453
3 413 453 414
3 414 453 454
3 414 454 415
3 415 454 455
3 415 455 416
3 416 455 456
3 416 456 417
3 417 456 457
3 417 457 418
3 418 457 458
3 418 458 419
3 419 458 459
3 419 459 420
3 420 459 460
3 420 460 421
3 421 460 461
3 421 461 422
3 422 461 462
3 422 462 423
3 423 462 463
3 423 463 424
3 424 463 464
3 424 464 425
3 425 464 465
3 425 465 426
3 426 465 466
3 426 466 427
3 427 466 467
3 427 467 428
3 428 467 468
3 428 468 429
3 429 468 469
3 429 469 430
3 430 469 470
3 430 470 431
3 431 470 471
3 431 471 432
3 432 471 472
3 432 472 433
3 433 472 473
3 433 473 434
3 434 473 474
3 434 474 435
3 435 474 475
3 435 475 436
3 436 475 476
3 436 476 437
3 437 476 477
3 437 477 438
3 438 477 478
3 438 478 439
3 439 478 479
3 440 480 441
3 441 480 481
3 441 481 442
3 442 481 482
3 442 482 443
3 443 482 483
3 443 483 444
3 444 483 484
3 444 484 445
3 445 484 485
3 445 485 446
3 446 485 486
3 446 486 447
3 447 486 487
3 447 487 448
3 448 487 488
3 448 488 449
3 449 488 489
3 449 489 450
3 450 489 490
3 450 490 451
3 451 490 491
3 451 491 452
3 452 491 492
3 452 492 453
3 453 492 493
3 453 493 454
3 454 493 494
3 454 494 455
3 455 494 495
3 455 495 456
3 456 495 496
3 456 496 457
3 457 496 497
3 457 497 458
3 458 497 498
3 458 498 459
3 459 498 499
3 459 499 460
3 460 499 500
3 460 500 461
3 461 500 501
3 461 501 462
3 462 501 502
3 462 502 463
3 463 502 503
3 463 503 464
3 464 503 504
3 464 504 465
3 465 504 505
3 465 505 466
3 466 505 506
3 466 506 467
3 467 506 507
3 467 507 468
3 468 507 508
3 468 508 469
3 469 508 509
3 469 509 470
3 470 509 510
3 470 510 471
3 471 510 511
3 471 511 472
3 472 511 512
3 472 512 473
3 473 512 513
3 473 513 474
3 474 513 514
3 474 514 475
3 475 514 515
3 475 515 476
3 476 515 516
3 476 516 477
3 477 516 517
3 477 517 478
3 478 517 518
3 478 518 479
3 479 518 519
3 480 520 481
3 481 520 521
3 481 521 482
3 482 521 522
3 482 522 483
3 483 522 523
3 483 523 484
3 484 523 524
3 484 524 485
3 485 524 525
3 485 525 486
3 486 525 526
3 486 526 487
3 487 526 527
3 487 527 488
3 488 527 528
3 488 528 489
3 489 528 529
3 489 529 490
3 490 529 530
3 490 530 491
3 491 530 531
3 491 531 492
3 492 531 532
3 492 532 493
3 493 532 533
3 493 533 494
3 494 533 534
3 494 534 495
3 495 534 535
3 495 535 496
3 496 535 536
3 496 536 497
3 497 536 537
3 497 537 498
3 498 537 538
3 498 538 499
3 499 538 539
3 499 539 500
3 500 539 540
3 500 540 501
3 501 540 541
3 501 541 502
3 502 541 542
3 502 542 503
3 503 542 543
3 503 543 504
3 504 543 544
3 504 544 505
3 505 544 545
3 505 545 506
3 506 545 546
3 506 546 507
3 507 546 547
3 507 547 508
3 508 547 548
3 508 548 509
3 509 548 549
3 509 549 510
3 510 549 550
3 510 550 511
3 511 550 551
3 511 551 512
3 512 551 552
3 512 552 513
3 513 552 553
3 513 553 514
3 514 553 554
3 514 554 515
3 515 554 555
3 515 555 516
3 516 555 556
3 516 556 517
3 517 556 557
3 517 557 518
3 518 557 558
3 518 558 519
3 519 558 559
3 520 560 521
3 521 560 561
3 521 561 522
3 522 561 562
3 522 562 523
3 523 562 563
3 523 563 524
3 524 563 564
3 524 564 525
3 525 564 565
3 525 565 526
3 526 565 566
3 526 566 527
3 527 566 567
3 527 567 528
3 528 567 568
3 528 568 529
3 529 568 569
3 529 569 530
3 530 569 570
3 530 570 531
3 531 570 571
3 531 571 532
3 532 571 572
3 532 572 533
3 533 572 573
3 533 573 534
3 534 573 574
3 534 574 535
3 535 574 575
3 535 575 536
3 536 575 576
3 536 576 537
3 537 576 577
3 537 577 538
3 538 577 578
3 538 578 539
3 539 578 579
3 539 579 540
3 540 579 580
3 540 580 541
3 541 580 581
3 541 581 542
3 542 581 582
3 542 582 543
3 543 582 583
3 543 583 544
3 544 583 584
3 544 584 545
3 545 584 585
3 545 585 546
3 546 585 586
3 546 586 547
3 547 586 587
3 547 587 548
3 548 587 588
3 548 588 549
3 549 588 589
3 549 589 550
3 550 589 590
3 550 590 551
3 551 590 591
3 551 591 552
3 552 591 592
3 552 592 553
3 553 592 593
3 553 593 554
3 554 593 594
3 554 594 555
3 555 594 595
3 555 595 556
3 556 595 596
3 556 596 557
3 557 596 597
3 557 597 558
3 558 597 598
3 558 598 559
3 559 598 599
3 560 600 561
3 561 600 601
3 561 601 562
3 562 601 602
3 562 602 563
3 563 602 603
3 563 603 564
3 564 603 604
3 564 604 565
3 565 604 605
3 565 605 566
3 566 605 606
3 566 606 567
3 567 606 607
3 567 607 568
3 568 607 608
3 568 608 569
3 569 608 609
3 569 609 570
3 570 609 610
3 570 610 571
3 571 610 611
3 571 611 572
3 572 611 612
3 572 612 573
3 573 612 613
3 573 613 574
3 574 613 614
3 574 614 575
3 575 614 615
3 575 615 576
3 576 615 616
3 576 616 577
3 577 616 617
3 577 617 578
3 578 617 618
3 578 618 579
3 579 618 619
3 579 619 580
3 580 619 620
3 580 620 581
3 581 620 621
3 581 621 582
3 582 621 622
3 582 622 583
3 583 622 623
3 583 623 584
3 584 623 624
3 584 624 585
3 585 624 625
3 585 625 586
3 586 625 626
3 586 626 587
3 587 626 627
3 587 627 588
3 588 627 628
3 588 628 589
3 589 628 629
3 589 629 590
3 590 629 630
3 590 630 591
3 591 630 631
3 591 631 592
3 592 631 632
3 592 632 593
3 593 632 633
3 593 633 594
3 594 633 634
3 594 634 595
3 595 634 635
3 595 635 596
3 596 635 636
3 596 636 597
3 597 636 637
3 597 637 598
3 598 637 638
3 598 638 599
3 599 638 639
3 600 640 601
3 601 640 641
3 601 641 602
3 602 641 642
3 602 642 603
3 603 642 643
3 603 643 604
3 604 643 644
3 604 644 605
3 605 644 645
3 605 645 606
3 606 645 646
3 606 646 607
3 607 646 647
3 607 647 608
3 608 647 648
3 608 648 609
3 609 648 649
3 609 649 610
3 610 649 650
3 610 650 611
3 611 650 651
3 611 651 612
3 612 651 652
3 612 652 613
3 613 652 653
3 613 653 614
3 614 653 654
3 614 654 615
3 615 654 655
3 615 655 616
3 616 655 656
3 616 656 617
3 617 656 657
3 617 657 618
3 618 657 658
3 618 658 619
3 619 658 659
3 619 659 620
3 620 659 660
3 620 660 621
3 621 660 661
3 621 661 622
3 622 661 662
3 622 662 623
3 623 662 663
3 623 663 624
3 624 663 664
3 624 664 625
3 625 664 665
3 625 665 626
3 626 665 666
3 626 666 627
3 627 666 667
3 627 667 628
3 628 667 668
3 628 668 629
3 629 668 669
3 629 669 630
3 630 669 670
3 630 670 631
3 631 670 671
3 631 671 632
3 632 671 672
3 632 672 633
3 633 672 673
3 633 673 634
3 634 673 674
3 634 674 635
3 635 674 675
3 635 675 636
3 636 675 676
3 636 676 637
3 637 676 677
3 637 677 638
3 638 677 678
3 638 678 639
3 639 678 679
3 640 680 641
3 641 680 681
3 641 681 642
3 642 681 682
3 642 682 643
3 643 682 683
3 643 683 644
3 644 683 684
3 644 684 645
3 645 684 685
3 645 685 646
3 646 685 686
3 646 686 647
3 647 686 687
3 647 687 648
3 648 687 688
3 648 688 649
3 649 688 689
3 649 689 650
3 650 689 690
3 650 690 651
3 651 690 691
3 651 691 652
3 652 691 692
3 652 692 653
3 653 692 693
3 653 693 654
3 654 693 694
3 654 694 655
3 655 694 695
3 655 695 656
3 656 695 696
3 656 696 657
3 657 696 697
3 657 697 658
3 658 697 698
3 658 698 659
3 659 698 699
3 659 699 660
3 660 699 700
3 660 700 661
3 661 700 701
3 661 701 662
3 662 701 702
3 662 702 663
3 663 702 703
3 663 703 664
3 664 703 704
3 664 704 665
3 665 704 705
3 665 705 666
3 666 705 706
3 666 706 667
3 667 706 707
3 667 707 668
3 668 707 708
3 668 708 669
3 669 708 709
3 669 709 670
3 670 709 710
3 670 710 671
3 671 710 711
3 671 711 672
3 672 711 712
3 672 712 673
3 673 712 713
3 673 713 674
3 674 713 714
3 674 714 675
3 675 714 715
3 675 715 676
3 676 715 716
3 676 716 677
3 677 716 717
3 677 717 678
3 678 717 718
3 678 718 679
3 679 718 719
3 680 720 681
3 681 720 721
3 681 721 682
3 682 721 722
3 682 722 683
3 683 722 723
3 683 723 684
3 684 723 724
3 684 724 685
3 685 724 725
3 685 725 686
3 686 725 726
3 686 726 687
3 687 726 727
3 687 727 688
3 688 727 728
3 688 728 689
3 689 728 729
3 689 729 690
3 690 729 730
3 690 730 691
3 691 730 731
3 691 731 692
3 692 731 732
3 692 732 693
3 693 732 733
3 693 733 694
3 694 733 734
3 694 734 695
3 695 734 735
3 695 735 696
3 696 735 736
3 696 736 697
3 697 736 737
3 697 737 698
3 698 737 738
3 698 738 699
3 699 738 739
3 699 739 700
3 700 739 740
3 700 740 701
3 701 740 741
3 701 741 702
3 702 741 742
3 702 742 703
3 703 742 743
3 703 743 704
3 704 743 744
3 704 744 705
3 705 744 745
3 705 745 706
3 706 745 746
3 706 746 707
3 707 746 747
3 707 747 708
3 708 747 748
3 708 748 709
3 709 748 749
3 709 749 710
3 710 749 750
3 710 750 711
3 711 750 751
3 711 751 712
3 712 751 752
3 712 752 713
3 713 752 753
3 713 753 714
3 714 753 754
3 714 754 715
3 715 754 755
3 715 755 716
3 716 755 756
3 716 756 717
3 717 756 757
3 717 757 718
3 718 757 758
3 718 758 719
3 719 758 759
3 720 760 721
3 721 760 761
3 721 761 722
3 722 761 762
3 722 762 723
3 723 762 763
3 723 763 724
3 724 763 764
3 724 764 725
3 725 764 765
3 725 765 726
3 726 765 766
3 726 766 727
3 727 766 767
3 727 767 728
3 728 767 768
3 728 768 729
3 729 768 769
3 729 769 730
3 730 769 770
3 730 770 731
3 731 770 771
3 731 771 732
3 732 771 772
3 732 772 733
3 733 772 773
3 733 773 734
3 734 773 774
3 734 774 735
3 735 774 775
3 735 775 736
3 736 775 776
3 736 776 737
3 737 776 777
3 737 777 738
3 738 777 778
3 738 778 739
3 739 778 779
3 739 779 740
3 740 779 780
3 740 780 741
3 741 780 781
3 741 781 742
3 742 781 782
3 742 782 743
3 743 782 783
3 743 783 744
3 744 783 784
3 744 784 745
3 745 784 785
3 745 785 746
3 746 785 786
3 746 786 747
3 747 786 787
3 747 787 748
3 748 787 788
3 748 788 749
3 749 788 789
3 749 789 750
3 750 789 790
3 750 790 751
3 751 790 791
3 751 791 752
3 752 791 792
3 752 792 753
3 753 792 793
3 753 793 754
3 754 793 794
3 754 794 755
3 755 794 795
3 755 795 756
3 756 795 796
3 756 796 757
3 757 796 797
3 757 797 758
3 758 797 798
3 758 798 759
3 759 798 799
3 760 800 761
3 761 800 801
3 761 801 762
3 762 801 802
3 762 802 763
3 763 802 803
3 763 803 764
3 764 803 804
3 764 804 765
3 765 804 805
3 765 805 766
3 766 805 806
3 766 806 767
3 767 806 807
3 767 807 768
3 768 807 808
3 768 808 769
3 769 808 809
3 769 809 770
3 770 809 810
3 770 810 771
3 771 810 811
3 771 811 772
3 772 811 812
3 772 812 773
3 773 812 813
3 773 813 774
3 774 813 814
3 774 814 775
3 775 814 815
3 775 815 776
3 776 815 816
3 776 816 777
3 777 816 817
3 777 817 778
3 778 817 818
3 778 818 779
3 779 818 819
3 779 819 780
3 780 819 820
3 780 820 781
3 781 820 821
3 781 821 782
3 782 821 822
3 782 822 783
3 783 822 823
3 783 823 784
3 784 823 824
3 784 824 785
3 785 824 825
3 785 825 786
3 786 825 826
3 786 826 787
3 787 826 827
3 787 827 788
3 788 827 828
3 788 828 789
3 789 828 829
3 789 829 790
3 790 829 830
3 790 830 791
3 791 830 831
3 791 831 792
3 792 831 832
3 792 832 793
3 793 832 833
3 793 833 794
3 794 833 834
3 794 834 795
3 795 834 835
3 795 835 796
3 796 835 836
3 796 836 797
3 797 836 837
3 797 837 798
3 798 837 838
3 798 838 799
3 799 838 839
3 800 840 801
3 801 840 841
3 801 841 802
3 802 841 842
3 802 842 803
3 803 842 843
3 803 843 804
3 804 843 844
3 804 844 805
3 805 844 845
3 805 845 806
3 806 845 846
3 806 846 807
3 807 846 847
3 807 847 808
3 808 847 848
3 808 848 809
3 809 848 849
3 809 849 810
3 810 849 850
3 810 850 811
3 811 850 851
3 811 851 812
3 812 851 852
3 812 852 813
3 813 852 853
3 813 853 814
3 814 853 854
3 814 854 815
3 815 854 855
3 815 855 816
3 816 855 856
3 816 856 817
3 817 856 857
3 817 857 818
3 818 857 858
3 818 858 819
3 819 858 859
3 819 859 820
3 820 859 860
3 820 860 821
3 821 860 861
3 821 861 822
3 822 861 862
3 822 862 823
3 823 862 863
3 823 863 824
3 824 863 864
3 824 864 825
3 825 864 865
3 825 865 826
3 826 865 866
3 826 866 827
3 827 866 867
3 827 867 828
3 828 867 868
3 828 868 829
3 829 868 869
3 829 869 830
3 830 869 870
3 830 870 831
3 831 870 871
3 831 871 832
3 832 871 872
3 832 872 833
3 833 872 873
3 833 873 834
3 834 873 874
3 834 874 835
3 835 874 875
3 835 875 836
3 836 875 876
3 836 876 837
3 837 876 877
3 837 877 838
3 838 877 878
3 838 878 839
3 839 878 879
3 840 880 841
3 841 880 881
3 841 881 842
3 842 881 882
3 842 882 843
3 843 882 883
3 843 883 844
3 844 883 884
3 844 884 845
3 845 884 885
3 845 885 846
3 846 885 886
3 846 886 847
3 847 886 887
3 847 887 848
3 848 887 888
3 848 888 849
3 849 888 889
3 849 889 850
3 850 889 890
3 850 890 851
3 851 890 891
3 851 891 852
3 852 891 892
3 852 892 853
3 853 892 893
3 853 893 854
3 854 893 894
3 854 894 855
3 855 894 895
3 855 895 856
3 856 895 896
3 856 896 857
3 857 896 897
3 857 897 858
3 858 897 898
3 858 898 859
3 859 898 899
3 859 899 860
3 860 899 900
3 860 900 861
3 861 900 901
3 861 901 862
3 862 901 902
3 862 902 863
3 863 902 903
3 863 903 864
3 864 903 904
3 864 904 865
3 865 904 905
3 865 905 866
3 866 905 906
3 866 906 867
3 867 906 907
3 867 907 868
3 868 907 908
3 868 908 869
3 869 908 909
3 869 909 870
3 870 909 910
3 870 910 871
3 871 910 911
3 871 911 872
3 872 911 912
3 872 912 873
3 873 912 913
3 873 913 874
3 874 913 914
3 874 914 875
3 875 914 915
3 875 915 876
3 876 915 916
3 876 916 877
3 877 916 917
3 877 917 878
3 878 917 918
3 878 918 879
3 879 918 919
3 880 920 881
3 881 920 921
3 881 921 882
3 882 921 922
3 882 922 883
3 883 922 923
3 883 923 884
3 884 923 924
3 884 924 885
3 885 924 925
3 885 925 886
3 886 925 926
3 886 926 887
3 887 926 927
3 887 927 888
3 888 927 928
3 888 928 889
3 889 928 929
3 889 929 890
3 890 929 930
3 890 930 891
3 891 930 931
3 891 931 892
3 892 931 932
3 892 932 893
3 893 932 933
3 893 933 894
3 894 933 934
3 894 934 895
3 895 934 935
3 895 935 896
3 896 935 936
3 896 936 897
3 897 936 937
3 897 937 898
3 898 937 938
3 898 938 899
3 899 938 939
3 899 939 900
3 900 939 940
3 900 940 901
3 901 940 941
3 901 941 902
3 902 941 942
3 902 942 903
3 903 942 943
3 903 943 904
3 904 943 944
3 904 944 905
3 905 944 945
3 905 945 906
3 906 945 946
3 906 946 907
3 907 946 947
3 907 947 908
3 908 947 948
3 908 948 909
3 909 948 949
3 909 949 910
3 910 949 950
3 910 950 911
3 911 950 951
3 911 951 912
3 912 951 952
3 912 952 913
3 913 952 953
3 913 953 914
3 914 953 954
3 914 954 915
3 915 954 955
3 915 955 916
3 916 955 956
3 916 956 917
3 917 956 957
3 917 957 918
3 918 957 958
3 918 958 919
3 919 958 959
3 920 960 921
3 921 960 961
3 921 961 922
3 922 961 962
3 922 962 923
3 923 962 963
3 923 963 924
3 924 963 964
3 924 964 925
3 925 964 965
3 925 965 926
3 926 965 966
3 926 966 927
3 927 966 967
3 927 967 928
3 928 967 968
3 928 968 929
3 929 968 969
3 929 969 930
3 930 969 970
3 930 970 931
3 931 970 971
3 931 971 932
3 932 971 972
3 932 972 933
3 933 972 973
3 933 973 934
3 934 973 974
3 934 974 935
3 935 974 975
3 935 975 936
3 936 975 976
3 936 976 937
3 937 976 977
3 937 977 938
3 938 977 978
3 938 978 939
3 939 978 979
3 939 979 940
3 940 979 980
3 940 980 941
3 941 980 981
3 941 981 942
3 942 981 982
3 942 982 943
3 943 982 983
3 943 983 944
3 944 983 984
3 944 984 945
3 945 984 985
3 945 985 946
3 946 985 986
3 946 986 947
3 947 986 987
3 947 987 948
3 948 987 988
3 948 988 949
3 949 988 989
3 949 989 950
3 950 989 990
3 950 990 951
3 951 990 991
3 951 991 952
3 952 991 992
3 952 992 953
3 953 992 993
3 953 993 954
3 954 993 994
3 954 994 955
3 955 994 995
3 955 995 956
3 956 995 996
3 956 996 957
3 957 996 997
3 957 997 958
3 958 997 998
3 958 998 959
3 959 998 999
3 960 1000 961
3 961 1000 1001
3 961 1001 962
3 962 1001 1002
3 962 1002 963
3 963 1002 1003
3 963 1003 964
3 964 1003 1004
3 964 1004 965
3 965 1004 1005
3 965 1005 966
3 966 1005 1006
3 966 1006 967
3 967 1006 1007
3 967 1007 968
3 968 1007 1008
3 968 1008 969
3 969 1008 1009
3 969 1009 970
3 970 1009 1010
3 970 1010 971
3 971 1010 1011
3 971 1011 972
3 972 1011 1012
3 972 1012 973
3 973 1012 1013
3 973 1013 974
3 974 1013 1014
3 974 1014 975
3 975 1014 1015
3 975 1015 976
3 976 1015 1016
3 976 1016 977
3 977 1016 1017
3 977 1017 978
3 978 1017 1018
3 978 1018 979
3 979 1018 1019
3 979 1019 980
3 980 1019 1020
3 980 1020 981
3 981 1020 1021
3 981 1021 982
3 982 1021 1022
3 982 1022 983
3 983 1022 1023
3 983 1023 984
3 984 1023 1024
3 984 1024 985
3 985 1024 1025
3 985 1025 986
3 986 1025 1026
3 986 1026 987
3 987 1026 1027
3 987 1027 988
3 988 1027 1028
3 988 1028 989
3 989 1028 1029
3 989 1029 990
3 990 1029 1030
3 990 1030 991
3 991 1030 1031
3 991 1031 992
3 992 1031 1032
3 992 1032 993
3 993 1032 1033
3 993 1033 994
3 994 1033 1034
3 994 1034 995
3 995 1034 1035
3 995 1035 996
3 996 1035 1036
3 996 1036 997
3 997 1036 1037
3 997 1037 998
3 998 1037 1038
3 998 1038 999
3 999 1038 1039
3 1000 1040 1001
3 1001 1040 1041
3 1001 1041 1002
3 1002 1041 1042
3 1002 1042 1003
3 1003 1042 1043
3 1003 1043 1004
3 1004 1043 1044
3 1004 1044 1005
3 1005 1044 1045
3 1005 1045 1006
3 1006 1045 1046
3 1006 1046 1007
3 1007 1046 1047
3 1007 1047 1008
3 1008 1047 1048
3 1008 1048 1009
3 1009 1048 1049
3 1009 1049 1010
3 1010 1049 1050
3 1010 1050 1011
3 1011 1050 1051
3 1011 1051 1012
3 1012 1051 1052
3 1012 1052 1013
3 1013 1052 1053
3 1013 1053 1014
3 1014 1053 1054
3 1014 1054 1015
3 1015 1054 1055
3 1015 1055 1016
3 1016 1055 1056
3 1016 1056 1017
3 1017 1056 1057
3 1017 1057 1018
3 1018 1057 1058
3 1018 1058 1019
3 1019 1058 1059
3 1019 1059 1020
3 1020 1059 1060
3 1020 1060 1021
3 1021 1060 1061
3 1021 1061 1022
3 1022 1061 1062
3 1022 1062 1023
3 1023 1062 1063
3 1023 1063 1024
3 1024 1063 1064
3 1024 1064 1025
3 1025 1064 1065
3 1025 1065 1026
3 1026 1065 1066
3 1026 1066 1027
3 1027 1066 1067
3 1027 1067 1028
3 1028 1067 1068
3 1028 1068 1029
3 1029 1068 1069
3 1029 1069 1030
3 1030 1069 1070
3 1030 1070 1031
3 1031 1070 1071
3 1031 1071 1032
3 1032 1071 1072
3 1032 1072 1033
3 1033 1072 1073
3 1033 1073 1034
3 1034 1073 1074
3 1034 1074 1035
3 1035 1074 1075
3 1035 1075 1036
3 1036 1075 1076
3 1036 1076 1037
3 1037 1076 1077
3 1037 1077 1038
3 1038 1077 1078
3 1038 1078 1039
3 1039 1078 1079
3 1040 1080 1041
3 1041 1080 1081
3 1041 1081 1042
3 1042 1081 1082
3 1042 1082 1043
3 1043 1082 1083
3 1043 1083 1044
3 1044 1083 1084
3 1044 1084 1045
3 1045 1084 1085
3 1045 1085 1046
3 1046 1085 1086
3 1046 1086 1047
3 1047 1086 1087
3 1047 1087 1048
3 1048 1087 1088
3 1048 1088 1049
3 1049 1088 1089
3 1049 1089 1050
3 1050 1089 1090
3 1050 1090 1051
3 1051 1090 1091
3 1051 1091 1052
3 1052 1091 1092
3 1052 1092 1053
3 1053 1092 1093
3 1053 1093 1054
3 1054 1093 1094
3 1054 1094 1055
3 1055 1094 1095
3 1055 1095 1056
3 1056 1095 1096
3 1056 1096 1057
3 1057 1096 1097
3 1057 1097 1058
3 1058 1097 1098
3 1058 1098 1059
3 1059 1098 1099
3 1059 1099 1060
3 1060 1099 1100
3 1060 1100 1061
3 1061 1100 1101
3 1061 1101 1062
3 1062 1101 1102
3 1062 1102 1063
3 1063 1102 1103
3 1063 1103 1064
3 1064 1103 1104
3 1064 1104 1065
3 1065 1104 1105
3 1065 1105 1066
3 1066 1105 1106
3 1066 1106 1067
3 1067 1106 1107
3 1067 1107 1068
3 1068 1107 1108
3 1068 1108 1069
3 1069 1108 1109
3 1069 1109 1070
3 1070 1109 1110
3 1070 1110 1071
3 1071 1110 1111
3 1071 1111 1072
3 1072 1111 1112
3 1072 1112 1073
3 1073 1112 1113
3 1073 1113 1074
3 1074 1113 1114
3 1074 1114 1075
3 1075 1114 1115
3 1075 1115 1076
3 1076 1115 1116
3 1076 1116 1077
3 1077 1116 1117
3 1077 1117 1078
3 1078 1117 1118
3 1078 1118 1079
3 1079 1118 1119
3 1080 1120 1081
3 1081 1120 1121
3 1081 1121 1082
3 1082 1121 1122
3 1082 1122 1083
3 1083 1122 1123
3 1083 1123 1084
3 1084 1123 1124
3 1084 1124 1085
3 1085 1124 1125
3 1085 1125 1086
3 1086 1125 1126
3 1086 1126 1087
3 1087 1126 1127
3 1087 1127 1088
3 1088 1127 1128
3 1088 1128 1089
3 1089 1128 1129
3 1089 1129 1090
3 1090 1129 1130
3 1090 1130 1091
3 1091 1130 1131
3 1091 1131 1092
3 1092 1131 1132
3 1092 1132 1093
3 1093 1132 1133
3 1093 1133 1094
3 1094 1133 1134
3 1094 1134 1095
3 1095 1134 1135
3 1095 1135 1096
3 1096 1135 1136
3 1096 1136 1097
3 1097 1136 1137
3 1097 1137 1098
3 1098 1137 1138
3 1098 1138 1099
3 1099 1138 1139
3 1099 1139 1100
3 1100 1139 1140
3 1100 1140 1101
3 1101 1140 1141
3 1101 1141 1102
3 1102 1141 1142
3 1102 1142 1103
3 1103 1142 1143
3 1103 1143 1104
3 1104 1143 1144
3 1104 1144 1105
3 1105 1144 1145
3 1105 1145 1106
3 1106 1145 1146
3 1106 1146 1107
3 1107 1146 1147
3 1107 1147 1108
3 1108 1147 1148
3 1108 1148 1109
3 1109 1148 1149
3 1109 1149 1110
3 1110 1149 1150
3 1110 1150 1111
3 1111 1150 1151
3 1111 1151 1112
3 1112 1151 1152
3 1112 1152 1113
3 1113 1152 1153
3 1113 1153 1114
3 1114 1153 1154
3 1114 1154 1115
3 1115 1154 1155
3 1115 1155 1116
3 1116 1155 1156
3 1116 1156 1117
3 1117 1156 1157
3 1117 1157 1118
3 1118 1157 1158
3 1118 1158 1119
3 1119 1158 1159
3 1120 1160 1121
3 1121 1160 1161
3 1121 1161 1122
3 1122 1161 1162
3 1122 1162 1123
3 1123 1162 1163
3 1123 1163 1124
3 1124 1163 1164
3 1124 1164 1125
3 1125 1164 1165
3 1125 1165 1126
3 1126 1165 1166
3 1126 1166 1127
3 1127 1166 1167
3 1127 1167 1128
3 1128 1167 1168
3 1128 1168 1129
3 1129 1168 1169
3 1129 1169 1130
3 1130 1169 1170
3 1130 1170 1131
3 1131 1170 1171
3 1131 1171 1132
3 1132 1171 1172
3 1132 1172 1133
3 1133 1172 1173
3 1133 1173 1134
3 1134 1173 1174
3 1134 1174 1135
3 1135 1174 1175
3 1135 1175 1136
3 1136 1175 1176
3 1136 1176 1137
3 1137 1176 1177
3 1137 1177 1138
3 1138 1177 1178
3 1138 1178 1139
3 1139 1178 1179
3 1139 1179 1140
3 1140 1179 1180
3 1140 1180 1141
3 1141 1180 1181
3 1141 1181 1142
3 1142 1181 1182
3 1142 1182 1143
3 1143 1182 1183
3 1143 1183 1144
3 1144 1183 1184
3 1144 1184 1145
3 1145 1184 1185
3 1145 1185 1146
3 1146 1185 1186
3 1146 1186 1147
3 1147 1186 1187
3 1147 1187 1148
3 1148 1187 1188
3 1148 1188 1149
3 1149 1188 1189
3 1149 1189 1150
3 1150 1189 1190
3 1150 1190 1151
3 1151 1190 1191
3 1151 1191 1152
3 1152 1191 1192
3 1152 1192 1153
3 1153 1192 1193
3 1153 1193 1154
3 1154 1193 1194
3 1154 1194 1155
3 1155 1194 1195
3 1155 1195 1156
3 1156 1195 1196
3 1156 1196 1157
3 1157 1196 1197
3 1157 1197 1158
3 1158 1197 1198
3 1158 1198 1159
3 1159 1198 1199
3 1160 1200 1161
3 1161 1200 1201
3 1161 1201 1162
3 1162 1201 1202
3 1162 1202 1163
3 1163 1202 1203
3 1163 1203 1164
3 1164 1203 1204
3 1164 1204 1165
3 1165 1204 1205
3 1165 1205 1166
3 1166 1205 1206
3 1166 1206 1167
3 1167 1206 1207
3 1167 1207 1168
3 1168 1207 1208
3 1168 1208 1169
3 1169 1208 1209
3 1169 1209 1170
3 1170 1209 1210
3 1170 1210 1171
3 1171 1210 1211
3 1171 1211 1172
3 1172 1211 1212
3 1172 1212 1173
3 1173 1212 1213
3 1173 1213 1174
3 1174 1213 1214
3 1174 1214 1175
3 1175 1214 1215
3 1175 1215 1176
3 1176 1215 1216
3 1176 1216 1177
3 1177 1216 1217
3 1177 1217 1178
3 1178 1217 1218
3 1178 1218 1179
3 1179 1218 1219
3 1179 1219 1180
3 1180 1219 1220
3 1180 1220 1181
3 1181 1220 1221
3 1181 1221 1182
3 1182 1221 1222
3 1182 1222 1183
3 1183 1222 1223
3 1183 1223 1184
3 1184 1223 1224
3 1184 1224 1185
3 1185 1224 1225
3 1185 1225 1186
3 1186 1225 1226
3 1186 1226 1187
3 1187 1226 1227
3 1187 1227 1188
3 1188 1227 1228
3 1188 1228 1189
3 1189 1228 1229
3 1189 1229 1190
3 1190 1229 1230
3 1190 1230 1191
3 1191 1230 1231
3 1191 1231 1192
3 1192 1231 1232
3 1192 1232 1193
3 1193 1232 1233
3 1193 1233 1194
3 1194 1233 1234
3 1194 1234 1195
3 1195 1234 1235
3 1195 1235 1196
3 1196 1235 1236
3 1196 1236 1197
3 1197 1236 1237
3 1197 1237 1198
3 1198 1237 1238
3 1198 1238 1199
3 1199 1238 1239
3 1200 1240 1201
3 1201 1240 1241
3 1201 1241 1202
3 1202 1241 1242
3 1202 1242 1203
3 1203 1242 1243
3 1203 1243 1204
3 1204 1243 1244
3 1204 1244 1205
3 1205 1244 1245
3 1205 1245 1206
3 1206 1245 1246
3 1206 1246 1207
3 1207 1246 1247
3 1207 1247 1208
3 1208 1247 1248
3 1208 1248 1209
3 1209 1248 1249
3 1209 1249 1210
3 1210 1249 1250
3 1210 1250 1211
3 1211 1250 1251
3 1211 1251 1212
3 1212 1251 1252
3 1212 1252 1213
3 1213 1252 1253
3 1213 1253 1214
3 1214 1253 1254
3 1214 1254 1215
3 1215 1254 1255
3 1215 1255 1216
3 1216 1255 1256
3 1216 1256 1217
3 1217 1256 1257
3 1217 1257 1218
3 1218 1257 1258
3 1218 1258 1219
3 1219 1258 1259
3 1219 1259 1220
3 1220 1259 1260
3 1220 1260 1221
3 1221 1260 1261
3 1221 1261 1222
3 1222 1261 1262
3 1222 1262 1223
3 1223 1262 1263
3 1223 1263 1224
3 1224 1263 1264
3 1224 1264 1225
3 1225 1264 1265
3 1225 1265 1226
3 1226 1265 1266
3 1226 1266 1227
3 1227 1266 1267
3 1227 1267 1228
3 1228 1267 1268
3 1228 1268 1229
3 1229 1268 1269
3 1229 1269 1230
3 1230 1269 1270
3 1230 1270 1231
3 1231 1270 1271
3 1231 1271 1232
3 1232 1271 1272
3 1232 1272 1233
3 1233 1272 1273
3 1233 1273 1234
3 1234 1273 1274
3 1234 1274 1235
3 1235 1274 1275
3 1235 1275 1236
3 1236 1275 1276
3 1236 1276 1237
3 1237 1276 1277
3 1237 1277 1238
3 1238 1277 1278
3 1238 1278 1239
3 1239 1278 1279
3 1240 1280 1241
3 1241 1280 1281
3 1241 1281 1242
3 1242 1281 1282
3 1242 1282 1243
3 1243 1282 1283
3 1243 1283 1244
3 1244 1283 1284
3 1244 1284 1245
3 1245 1284 1285
3 1245 1285 1246
3 1246 1285 1286
3 1246 1286 1247
3 1247 1286 1287
3 1247 1287 1248
3 1248 1287 1288
3 1248 1288 1249
3 1249 1288 1289
3 1249 1289 1250
3 1250 1289 1290
3 1250 1290 1251
3 1251 1290 1291
3 1251 1291 1252
3 1252 1291 1292
3 1252 1292 1253
3 1253 1292 1293
3 1253 1293 1254
3 1254 1293 1294
3 1254 1294 1255
3 1255 1294 1295
3 1255 1295 1256
3 1256 1295 1296
3 1256 1296 1257
3 1257 1296 1297
3 1257 1297 1258
3 1258 1297 1298
3 1258 1298 1259
3 1259 1298 1299
3 1259 1299 1260
3 1260 1299 1300
3 1260 1300 1261
3 1261 1300 1301
3 1261 1301 1262
3 1262 1301 1302
3 1262 1302 1263
3 1263 1302 1303
3 1263 1303 1264
3 1264 1303 1304
3 1264 1304 1265
3 1265 1304 1305
3 1265 1305 1266
3 1266 1305 1306
3 1266 1306 1267
3 1267 1306 1307
3 1267 1307 1268
3 1268 1307 1308
3 1268 1308 1269
3 1269 1308 1309
3 1269 1309 1270
3 1270 1309 1310
3 1270 1310 1271
3 1271 1310 1311
3 1271 1311 1272
3 1272 1311 1312
3 1272 1312 1273
3 1273 1312 1313
3 1273 1313 1274
3 1274 1313 1314
3 1274 1314 1275
3 1275 1314 1315
3 1275 1315 1276
3 1276 1315 1316
3 1276 1316 1277
3 1277 1316 1317
3 1277 1317 1278
3 1278 1317 1318
3 1278 1318 1279
3 1279 1318 1319
3 1280 1320 1281
3 1281 1320 1321
3 1281 1321 1282
3 1282 1321 1322
3 1282 1322 1283
3 1283 1322 1323
3 1283 1323 1284
3 1284 1323 1324
3 1284 1324 1285
3 1285 1324 1325
3 1285 1325 1286
3 1286 1325 1326
3 1286 1326 1287
3 1287 1326 1327
3 1287 1327 1288
3 1288 1327 1328
3 1288 1328 1289
3 1289 1328 1329
3 1289 1329 1290
3 1290 1329 1330
3 1290 1330 1291
3 1291 1330 1331
3 1291 1331 1292
3 1292 1331 1332
3 1292 1332 1293
3 1293 1332 1333
3 1293 1333 1294
3 1294 1333 1334
3 1294 1334 1295
3 1295 1334 1335
3 1295 1335 1296
3 1296 1335 1336
3 1296 1336 1297
3 1297 1336 1337
3 1297 1337 1298
3 1298 1337 1338
3 1298 1338 1299
3 1299 1338 1339
3 1299 1339 1300
3 1300 1339 1340
3 1300 1340 1301
3 1301 1340 1341
3 1301 1341 1302
3 1302 1341 1342
3 1302 1342 1303
3 1303 1342 1343
3 1303 1343 1304
3 1304 1343 1344
3 1304 1344 1305
3 1305 1344 1345
3 1305 1345 1306
3 1306 1345 1346
3 1306 1346 1307
3 1307 1346 1347
3 1307 1347 1308
3 1308 1347 1348
3 1308 1348 1309
3 1309 1348 1349
3 1309 1349 1310
3 1310 1349 1350
3 1310 1350 1311
3 1311 1350 1351
3 1311 1351 1312
3 1312 1351 1352
3 1312 1352 1313
3 1313 1352 1353
3 1313 1353 1314
3 1314 1353 1354
3 1314 1354 1315
3 1315 1354 1355
3 1315 1355 1316
3 1316 1355 1356
3 1316 1356 1317
3 1317 1356 1357
3 1317 1357 1318
3 1318 1357 1358
3 1318 1358 1319
3 1319 1358 1359
3 1320 1360 1321
3 1321 1360 1361
3 1321 1361 1322
3 1322 1361 1362
3 1322 1362 1323
3 1323 1362 1363
3 1323 1363 1324
3 1324 1363 1364
3 1324 1364 1325
3 1325 1364 1365
3 1325 1365 1326
3 1326 1365 1366
3 1326 1366 1327
3 1327 1366 1367
3 1327 1367 1328
3 1328 1367 1368
3 1328 1368 1329
3 1329 1368 1369
3 1329 1369 1330
3 1330 1369 1370
3 1330 1370 1331
3 1331 1370 1371
3 1331 1371 1332
3 1332 1371 1372
3 1332 1372 1333
3 1333 1372 1373
3 1333 1373 1334
3 1334 1373 1374
3 1334 1374 1335
3 1335 1374 1375
3 1335 1375 1336
3 1336 1375 1376
3 1336 1376 1337
3 1337 1376 1377
3 1337 1377 1338
3 1338 1377 1378
3 1338 1378 1339
3 1339 1378 1379
3 1339 1379 1340
3 1340 1379 1380
3 1340 1380 1341
3 1341 1380 1381
3 1341 1381 1342
3 1342 1381 1382
3 1342 1382 1343
3 1343 1382 1383
3 1343 1383 1344
3 1344 1383 1384
3 1344 1384 1345
3 1345 1384 1385
3 1345 1385 1346
3 1346 1385 1386
3 1346 1386 1347
3 1347 1386 1387
3 1347 1387 1348
3 1348 1387 1388
3 1348 1388 1349
3 1349 1388 1389
3 1349 1389 1350
3 1350 1389 1390
3 1350 1390 1351
3 1351 1390 1391
3 1351 1391 1352
3 1352 1391 1392
3 1352 1392 1353
3 1353 1392 1393
3 1353 1393 1354
3 1354 1393 1394
3 1354 1394 1355
3 1355 1394 1395
3 1355 1395 1356
3 1356 1395 1396
3 1356 1396 1357
3 1357 1396 1397
3 1357 1397 1358
3 1358 1397 1398
3 1358 1398 1359
3 1359 1398 1399
3 1360 1400 1361
3 1361 1400 1401
3 1361 1401 1362
3 1362 1401 1402
3 1362 1402 1363
3 1363 1402 1403
3 1363 1403 1364
3 1364 1403 1404
3 1364 1404 1365
3 1365 1404 1405
3 1365 1405 1366
3 1366 1405 1406
3 1366 1406 1367
3 1367 1406 1407
3 1367 1407 1368
3 1368 1407 1408
3 1368 1408 1369
3 1369 1408 1409
3 1369 1409 1370
3 1370 1409 1410
3 1370 1410 1371
3 1371 1410 1411
3 1371 1411 1372
3 1372 1411 1412
3 1372 1412 1373
3 1373 1412 1413
3 1373 1413 1374
3 1374 1413 1414
3 1374 1414 1375
3 1375 1414 1415
3 1375 1415 1376
3 1376 1415 1416
3 1376 1416 1377
3 1377 1416 1417
3 1377 1417 1378
3 1378 1417 1418
3 1378 1418 1379
3 1379 1418 1419
3 1379 1419 1380
3 1380 1419 1420
3 1380 1420 1381
3 1381 1420 1421
3 1381 1421 1382
3 1382 1421 1422
3 1382 1422 1383
3 1383 1422 1423
3 1383 1423 1384
3 1384 1423 1424
3 1384 1424 1385
3 1385 1424 1425
3 1385 1425 1386
3 1386 1425 1426
3 1386 1426 1387
3 1387 1426 1427
3 1387 1427 1388
3 1388 1427 1428
3 1388 1428 1389
3 1389 1428 1429
3 1389 1429 1390
3 1390 1429 1430
3 1390 1430 1391
3 1391 1430 1431
3 1391 1431 1392
3 1392 1431 1432
3 1392 1432 1393
3 1393 1432 1433
3 1393 1433 1394
3 1394 1433 1434
3 1394 1434 1395
3 1395 1434 1435
3 1395 1435 1396
3 1396 1435 1436
3 1396 1436 1397
3 1397 1436 1437
3 1397 1437 1398
3 1398 1437 1438
3 1398 1438 1399
3 1399 1438 1439
3 1400 1440 1401
3 1401 1440 1441
3 1401 1441 1402
3 1402 1441 1442
3 1402 1442 1403
3 1403 1442 1443
3 1403 1443 1404
3 1404 1443 1444
3 1404 1444 1405
3 1405 1444 1445
3 1405 1445 1406
3 1406 1445 1446
3 1406 1446 1407
3 1407 1446 1447
3 1407 1447 1408
3 1408 1447 1448
3 1408 1448 1409
3 1409 1448 1449
3 1409 1449 1410
3 1410 1449 1450
3 1410 1450 1411
3 1411 1450 1451
3 1411 1451 1412
3 1412 1451 1452
3 1412 1452 1413
3 1413 1452 1453
3 1413 1453 1414
3 1414 1453 1454
3 1414 1454 1415
3 1415 1454 1455
3 1415 1455 1416
3 1416 1455 1456
3 1416 1456 1417
3 1417 1456 1457
3 1417 1457 1418
3 1418 1457 1458
3 1418 1458 1419
3 1419 1458 1459
3 1419 1459 1420
3 1420 1459 1460
3 1420 1460 1421
3 1421 1460 1461
3 1421 1461 1422
3 1422 1461 1462
3 1422 1462 1423
3 1423 1462 1463
3 1423 1463 1424
3 1424 1463 1464
3 1424 1464 1425
3 1425 1464 1465
3 1425 1465 1426
3 1426 1465 1466
3 1426 1466 1427
3 1427 1466 1467
3 1427 1467 1428
3 1428 1467 1468
3 1428 1468 1429
3 1429 1468 1469
3 1429 1469 1430
3 1430 1469 1470
3 1430 1470 1431
3 1431 1470 1471
3 1431 1471 1432
3 1432 1471 1472
3 1432 1472 1433
3 1433 1472 1473
3 1433 1473 1434
3 1434 1473 1474
3 1434 1474 1435
3 1435 1474 1475
3 1435 1475 1436
3 1436 1475 1476
3 1436 1476 1437
3 1437 1476 1477
3 1437 1477 1438
3 1438 1477 1478
3 1438 1478 1439
3 1439 1478 1479
3 1440 1480 1441
3 1441 1480 1481
3 1441 1481 1442
3 1442 1481 1482
3 1442 1482 1443
3 1443 1482 1483
3 1443 1483 1444
3 1444 1483 1484
3 1444 1484 1445
3 1445 1484 1485
3 1445 1485 1446
3 1446 1485 1486
3 1446 1486 1447
3 1447 1486 1487
3 1447 1487 1448
3 1448 1487 1488
3 1448 1488 1449
3 1449 1488 1489
3 1449 1489 1450
3 1450 1489 1490
3 1450 1490 1451
3 1451 1490 1491
3 1451 1491 1452
3 1452 1491 1492
3 1452 1492 1453
3 1453 1492 1493
3 1453 1493 1454
3 1454 1493 1494
3 1454 1494 1455
3 1455 1494 1495
3 1455 1495 1456
3 1456 1495 1496
3 1456 1496 1457
3 1457 1496 1497
3 1457 1497 1458
3 1458 1497 1498
3 1458 1498 1459
3 1459 1498 1499
3 1459 1499 1460
3 1460 1499 1500
3 1460 1500 1461
3 1461 1500 1501
3 1461 1501 1462
3 1462 1501 1502
3 1462 1502 1463
3 1463 1502 1503
3 1463 1503 1464
3 1464 1503 1504
3 1464 1504 1465
3 1465 1504 1505
3 1465 1505 1466
3 1466 1505 1506
3 1466 1506 1467
3 1467 1506 1507
3 1467 1507 1468
3 1468 1507 1508
3 1468 1508 1469
3 1469 1508 1509
3 1469 1509 1470
3 1470 1509 1510
3 1470 1510 1471
3 1471 1510 1511
3 1471 1511 1472
3 1472 1511 1512
3 1472 1512 1473
3 1473 1512 1513
3 1473 1513 1474
3 1474 1513 1514
3 1474 1514 1475
3 1475 1514 1515
3 1475 1515 1476
3 1476 1515 1516
3 1476 1516 1477
3 1477 1516 1517
3 1477 1517 1478
3 1478 1517 1518
3 1478 1518 1479
3 1479 1518 1519
3 1480 1520 1481
3 1481 1520 1521
3 1481 1521 1482
3 1482 1521 1522
3 1482 1522 1483
3 1483 1522 1523
3 1483 1523 1484
3 1484 1523 1524
3 1484 1524 1485
3 1485 1524 1525
3 1485 1525 1486
3 1486 1525 1526
3 1486 1526 1487
3 1487 1526 1527
3 1487 1527 1488
3 1488 1527 1528
3 1488 1528 1489
3 1489 1528 1529
3 1489 1529 1490
3 1490 1529 1530
3 1490 1530 1491
3 1491 1530 1531
3 1491 1531 1492
3 1492 1531 1532
3 1492 1532 1493
3 1493 1532 1533
3 1493 1533 1494
3 1494 1533 1534
3 1494 1534 1495
3 1495 1534 1535
3 1495 1535 1496
3 1496 1535 1536
3 1496 1536 1497
3 1497 1536 1537
3 1497 1537 1498
3 1498 1537 1538
3 1498 1538 1499
3 1499 1538 1539
3 1499 1539 1500
3 1500 1539 1540
3 1500 1540 1501
3 1501 1540 1541
3 1501 1541 1502
3 1502 1541 1542
3 1502 1542 1503
3 1503 1542 1543
3 1503 1543 1504
3 1504 1543 1544
3 1504 1544 1505
3 1505 1544 1545
3 1505 1545 1506
3 1506 1545 1546
3 1506 1546 1507
3 1507 1546 1547
3 1507 1547 1508
3 1508 1547 1548
3 1508 1548 1509
3 1509 1548 1549
3 1509 1549 1510
3 1510 1549 1550
3 1510 1550 1511
3 1511 1550 1551
3 1511 1551 1512
3 1512 1551 1552
3 1512 1552 1513
3 1513 1552 1553
3 1513 1553 1514
3 1514 1553 1554
3 1514 1554 1515
3 1515 1554 1555
3 1515 1555 1516
3 1516 1555 1556
3 1516 1556 1517
3 1517 1556 1557
3 1517 1557 1518
3 1518 1557 1558
3 1518 1558 1519
3 1519 1558 1559
3 1520 1560 1521
3 1521 1560 1561
3 1521 1561 1522
3 1522 1561 1562
3 1522 1562 1523
3 1523 1562 1563
3 1523 1563 1524
3 1524 1563 1564
3 1524 1564 1525
3 1525 1564 1565
3 1525 1565 1526
3 1526 1565 1566
3 1526 1566 1527
3 1527 1566 1567
3 1527 1567 1528
3 1528 1567 1568
3 1528 1568 1529
3 1529 1568 1569
3 1529 1569 1530
3 1530 1569 1570
3 1530 1570 1531
3 1531 1570 1571
3 1531 1571 1532
3 1532 1571 1572
3 1532 1572 1533
3 1533 1572 1573
3 1533 1573 1534
3 1534 1573 1574
3 1534 1574 1535
3 1535 1574 1575
3 1535 1575 1536
3 1536 1575 1576
3 1536 1576 1537
3 1537 1576 1577
3 1537 1577 1538
3 1538 1577 1578
3 1538 1578 1539
3 1539 1578 1579
3 1539 1579 1540
3 1540 1579 1580
3 1540 1580 1541
3 1541 1580 1581
3 1541 1581 1542
3 1542 1581 1582
3 1542 1582 1543
3 1543 1582 1583
3 1543 1583 1544
3 1544 1583 1584
3 1544 1584 1545
3 1545 1584 1585
3 1545 1585 1546
3 1546 1585 1586
3 1546 1586 1547
3 1547 1586 1587
3 1547 1587 1548
3 1548 1587 1588
3 1548 1588 1549
3 1549 1588 1589
3 1549 1589 1550
3 1550 1589 1590
3 1550 1590 1551
3 1551 1590 1591
3 1551 1591 1552
3 1552 1591 1592
3 1552 1592 1553
3 1553 1592 1593
3 1553 1593 1554
3 1554 1593 1594
3 1554 1594 1555
3 1555 1594 1595
3 1555 1595 1556
3 1556 1595 1596
3 1556 1596 1557
3 1557 1596 1597
3 1557 1597 1558
3 1558 1597 1598
3 1558 1598 1559
3 1559 1598 1599
3 1560 1600 1561
3 1561 1600 1601
3 1561 1601 1562
3 1562 1601 1602
3 1562 1602 1563
3 1563 1602 1603
3 1563 1603 1564
3 1564 1603 1604
3 1564 1604 1565
3 1565 1604 1605
3 1565 1605 1566
3 1566 1605 1606
3 1566 1606 1567
3 1567 1606 1607
3 1567 1607 1568
3 1568 1607 1608
3 1568 1608 1569
3 1569 1608 1609
3 1569 1609 1570
3 1570 1609 1610
3 1570 1610 1571
3 1571 1610 1611
3 1571 1611 1572
3 1572 1611 1612
3 1572 1612 1573
3 1573 1612 1613
3 1573 1613 1574
3 1574 1613 1614
3 1574 1614 1575
3 1575 1614 1615
3 1575 1615 1576
3 1576 1615 1616
3 1576 1616 1577
3 1577 1616 1617
3 1577 1617 1578
3 1578 1617 1618
3 1578 1618 1579
3 1579 1618 1619
3 1579 1619 1580
3 1580 1619 1620
3 1580 1620 1581
3 1581 1620 1621
3 1581 1621 1582
3 1582 1621 1622
3 1582 1622 1583
3 1583 1622 1623
3 1583 1623 1584
3 1584 1623 1624
3 1584 1624 1585
3 1585 1624 1625
3 1585 1625 1586
3 1586 1625 1626
3 1586 1626 1587
3 1587 1626 1627
3 1587 1627 1588
3 1588 1627 1628
3 1588 1628 1589
3 1589 1628 1629
3 1589 1629 1590
3 1590 1629 1630
3 1590 1630 1591
3 1591 1630 1631
3 1591 1631 1592
3 1592 1631 1632
3 1592 1632 1593
3 1593 1632 1633
3 1593 1633 1594
3 1594 1633 1634
3 1594 1634 1595
3 1595 1634 1635
3 1595 1635 1596
3 1596 1635 1636
3 1596 1636 1597
3 1597 1636 1637
3 1597 1637 1598
3 1598 1637 1638
3 1598 1638 1599
3 1599 1638 1639
3 1600 1640 1601
3 1601 1640 1641
3 1601 1641 1602
3 1602 1641 1642
3 1602 1642 1603
3 1603 1642 1643
3 1603 1643 1604
3 1604 1643 1644
3 1604 1644 1605
3 1605 1644 1645
3 1605 1645 1606
3 1606 1645 1646
3 1606 1646 1607
3 1607 1646 1647
3 1607 1647 1608
3 1608 1647 1648
3 1608 1648 1609
3 1609 1648 1649
3 1609 1649 1610
3 1610 1649 1650
3 1610 1650 1611
3 1611 1650 1651
3 1611 1651 1612
3 1612 1651 1652
3 1612 1652 1613
3 1613 1652 1653
3 1613 1653 1614
3 1614 1653 1654
3 1614 1654 1615
3 1615 1654 1655
3 1615 1655 1616
3 1616 1655 1656
3 1616 1656 1617
3 1617 1656 1657
3 1617 1657 1618
3 1618 1657 1658
3 1618 1658 1619
3 1619 1658 1659
3 1619 1659 1620
3 1620 1659 1660
3 1620 1660 1621
3 1621 1660 1661
3 1621 1661 1622
3 1622 1661 1662
3 1622 1662 1623
3 1623 1662 1663
3 1623 1663 1624
3 1624 1663 1664
3 1624 1664 1625
3 1625 1664 1665
3 1625 1665 1626
3 1626 1665 1666
3 1626 1666 1627
3 1627 1666 1667
3 1627 1667 1628
3 1628 1667 1668
3 1628 1668 1629
3 1629 1668 1669
3 1629 1669 1630
3 1630 1669 1670
3 1630 1670 1631
3 1631 1670 1671
3 1631 1671 1632
3 1632 1671 1672
3 1632 1672 1633
3 1633 1672 1673
3 1633 1673 1634
3 1634 1673 1674
3 1634 1674 1635
3 1635 1674 1675
3 1635 1675 1636
3 1636 1675 1676
3 1636 1676 1637
3 1637 1676 1677
3 1637 1677 1638
3 1638 1677 1678
3 1638 1678 1639
3 1639 1678 1679
3 1640 1680 1641
3 1641 1680 1681
3 1641 1681 1642
3 1642 1681 1682
3 1642 1682 1643
3 1643 1682 1683
3 1643 1683 1644
3 1644 1683 1684
3 1644 1684 1645
3 1645 1684 1685
3 1645 1685 1646
3 1646 1685 1686
3 1646 1686 1647
3 1647 1686 1687
3 1647 1687 1648
3 1648 1687 1688
3 1648 1688 1649
3 1649 1688 1689
3 1649 1689 1650
3 1650 1689 1690
3 1650 1690 1651
3 1651 1690 1691
3 1651 1691 1652
3 1652 1691 1692
3 1652 1692 1653
3 1653 1692 1693
3 1653 1693 1654
3 1654 1693 1694
3 1654 1694 1655
3 1655 1694 1695
3 1655 1695 1656
3 1656 1695 1696
3 1656 1696 1657
3 1657 1696 1697
3 1657 1697 1658
3 1658 1697 1698
3 1658 1698 1659
3 1659 1698 1699
3 1659 1699 1660
3 1660 1699 1700
3 1660 1700 1661
3 1661 1700 1701
3 1661 1701 1662
3 1662 1701 1702
3 1662 1702 1663
3 1663 1702 1703
3 1663 1703 1664
3 1664 1703 1704
3 1664 1704 1665
3 1665 1704 1705
3 1665 1705 1666
3 1666 1705 1706
3 1666 1706 1667
3 1667 1706 1707
3 1667 1707 1668
3 1668 1707 1708
3 1668 1708 1669
3 1669 1708 1709
3 1669 1709 1670
3 1670 1709 1710
3 1670 1710 1671
3 1671 1710 1711
3 1671 1711 1672
3 1672 1711 1712
3 1672 1712 1673
3 1673 1712 1713
3 1673 1713 1674
3 1674 1713 1714
3 1674 1714 1675
3 1675 1714 1715
3 1675 1715 1676
3 1676 1715 1716
3 1676 1716 1677
3 1677 1716 1717
3 1677 1717 1678
3 1678 1717 1718
3 1678 1718 1679
3 1679 1718 1719
3 1680 1720 1681
3 1681 1720 1721
3 1681 1721 1682
3 1682 1721 1722
3 1682 1722 1683
3 1683 1722 1723
3 1683 1723 1684
3 1684 1723 1724
3 1684 1724 1685
3 1685 1724 1725
3 1685 1725 1686
3 1686 1725 1726
3 1686 1726 1687
3 1687 1726 1727
3 1687 1727 1688
3 1688 1727 1728
3 1688 1728 1689
3 1689 1728 1729
3 1689 1729 1690
3 1690 1729 1730
3 1690 1730 1691
3 1691 1730 1731
3 1691 1731 1692
3 1692 1731 1732
3 1692 1732 1693
3 1693 1732 1733
3 1693 1733 1694
3 1694 1733 1734
3 1694 1734 1695
3 1695 1734 1735
3 1695 1735 1696
3 1696 1735 1736
3 1696 1736 1697
3 1697 1736 1737
3 1697 1737 1698
3 1698 1737 1738
3 1698 1738 1699
3 1699 1738 1739
3 1699 1739 1700
3 1700 1739 1740
3 1700 1740 1701
3 1701 1740 1741
3 1701 1741 1702
3 1702 1741 1742
3 1702 1742 1703
3 1703 1742 1743
3 1703 1743 1704
3 1704 1743 1744
3 1704 1744 1705
3 1705 1744 1745
3 1705 1745 1706
3 1706 1745 1746
3 1706 1746 1707
3 1707 1746 1747
3 1707 1747 1708
3 1708 1747 1748
3 1708 1748 1709
3 1709 1748 1749
3 1709 1749 1710
3 1710 1749 1750
3 1710 1750 1711
3 1711 1750 1751
3 1711 1751 1712
3 1712 1751 1752
3 1712 1752 1713
3 1713 1752 1753
3 1713 1753 1714
3 1714 1753 1754
3 1714 1754 1715
3 1715 1754 1755
3 1715 1755 1716
3 1716 1755 1756
3 1716 1756 1717
3 1717 1756 1757
3 1717 1757 1718
3 1718 1757 1758
3 1718 1758 1719
3 1719 1758 1759
3 1720 1760 1721
3 1721 1760 1761
3 1721 1761 1722
3 1722 1761 1762
3 1722 1762 1723
3 1723 1762 1763
3 1723 1763 1724
3 1724 1763 1764
3 1724 1764 1725
3 1725 1764 1765
3 1725 1765 1726
3 1726 1765 1766
3 1726 1766 1727
3 1727 1766 1767
3 1727 1767 1728
3 1728 1767 1768
3 1728 1768 1729
3 1729 1768 1769
3 1729 1769 1730
3 1730 1769 1770
3 1730 1770 1731
3 1731 1770 1771
3 1731 1771 1732
3 1732 1771 1772
3 1732 1772 1733
3 1733 1772 1773
3 1733 1773 1734
3 1734 1773 1774
3 1734 1774 1735
3 1735 1774 1775
3 1735 1775 1736
3 1736 1775 1776
3 1736 1776 1737
3 1737 1776 1777
3 1737 1777 1738
3 1738 1777 1778
3 1738 1778 1739
3 1739 1778 1779
3 1739 1779 1740
3 1740 1779 1780
3 1740 1780 1741
3 1741 1780 1781
3 1741 1781 1742
3 1742 1781 1782
3 1742 1782 1743
3 1743 1782 1783
3 1743 1783 1744
3 1744 1783 1784
3 1744 1784 1745
3 1745 1784 1785
3 1745 1785 1746
3 1746 1785 1786
3 1746 1786 1747
3 1747 1786 1787
3 1747 1787 1748
3 1748 1787 1788
3 1748 1788 1749
3 1749 1788 1789
3 1749 1789 1750
3 1750 1789 1790
3 1750 1790 1751
3 1751 1790 1791
3 1751 1791 1752
3 1752 1791 1792
3 1752 1792 1753
3 1753 1792 1793
3 1753 1793 1754
3 1754 1793 1794
3 1754 1794 1755
3 1755 1794 1795
3 1755 1795 1756
3 1756 1795 1796
3 1756 1796 1757
3 1757 1796 1797
3 1757 1797 1758
3 1758 1797 1798
3 1758 1798 1759
3 1759 1798 1799
3 1760 1800 1761
3 1761 1800 1801
3 1761 1801 1762
3 1762 1801 1802
3 1762 1802 1763
3 1763 1802 1803
3 1763 1803 1764
3 1764 1803 1804
3 1764 1804 1765
3 1765 1804 1805
3 1765 1805 1766
3 1766 1805 1806
3 1766 1806 1767
3 1767 1806 1807
3 1767 1807 1768
3 1768 1807 1808
3 1768 1808 1769
3 1769 1808 1809
3 1769 1809 1770
3 1770 1809 1810
3 1770 1810 1771
3 1771 1810 1811
3 1771 1811 1772
3 1772 1811 1812
3 1772 1812 1773
3 1773 1812 1813
3 1773 1813 1774
3 1774 1813 1814
3 1774 1814 1775
3 1775 1814 1815
3 1775 1815 1776
3 1776 1815 1816
3 1776 1816 1777
3 1777 1816 1817
3 1777 1817 1778
3 1778 1817 1818
3 1778 1818 1779
3 1779 1818 1819
3 1779 1819 1780
3 1780 1819 1820
3 1780 1820 1781
3 1781 1820 1821
3 1781 1821 1782
3 1782 1821 1822
3 1782 1822 1783
3 1783 1822 1823
3 1783 1823 1784
3 1784 1823 1824
3 1784 1824 1785
3 1785 1824 1825
3 1785 1825 1786
3 1786 1825 1826
3 1786 1826 1787
3 1787 1826 1827
3 1787 1827 1788
3 1788 1827 1828
3 1788 1828 1789
3 1789 1828 1829
3 1789 1829 1790
3 1790 1829 1830
3 1790 1830 1791
3 1791 1830 1831
3 1791 1831 1792
3 1792 1831 1832
3 1792 1832 1793
3 1793 1832 1833
3 1793 1833 1794
3 1794 1833 1834
3 1794 1834 1795
3 1795 1834 1835
3 1795 1835 1796
3 1796 1835 1836
3 1796 1836 1797
3 1797 1836 1837
3 1797 1837 1798
3 1798 1837 1838
3 1798 1838 1799
3 1799 1838 1839
3 1800 1840 1801
3 1801 1840 1841
3 1801 1841 1802
3 1802 1841 1842
3 1802 1842 1803
3 1803 1842 1843
3 1803 1843 1804
3 1804 1843 1844
3 1804 1844 1805
3 1805 1844 1845
3 1805 1845 1806
3 1806 1845 1846
3 1806 1846 1807
3 1807 1846 1847
3 1807 1847 1808
3 1808 1847 1848
3 1808 1848 1809
3 1809 1848 1849
3 1809 1849 1810
3 1810 1849 1850
3 1810 1850 1811
3 1811 1850 1851
3 1811 1851 1812
3 1812 1851 1852
3 1812 1852 1813
3 1813 1852 1853
3 1813 1853 1814
3 1814 1853 1854
3 1814 1854 1815
3 1815 1854 1855
3 1815 1855 1816
3 1816 1855 1856
3 1816 1856 1817
3 1817 1856 1857
3 1817 1857 1818
3 1818 1857 1858
3 1818 1858 1819
3 1819 1858 1859
3 1819 1859 1820
3 1820 1859 1860
3 1820 1860 1821
3 1821 1860 1861
3 1821 1861 1822
3 1822 1861 1862
3 1822 1862 1823
3 1823 1862 1863
3 1823 1863 1824
3 1824 1863 1864
3 1824 1864 1825
3 1825 1864 1865
3 1825 1865 1826
3 1826 1865 1866
3 1826 1866 1827
3 1827 1866 1867
3 1827 1867 1828
3 1828 1867 1868
3 1828 1868 1829
3 1829 1868 1869
3 1829 1869 1830
3 1830 1869 1870
3 1830 1870 1831
3 1831 1870 1871
3 1831 1871 1832
3 1832 1871 1872
3 1832 1872 1833
3 1833 1872 1873
3 1833 1873 1834
3 1834 1873 1874
3 1834 1874 1835
3 1835 1874 1875
3 1835 1875 1836
3 1836 1875 1876
3 1836 1876 1837
3 1837 1876 1877
3 1837 1877 1838
3 1838 1877 1878
3 1838 1878 1839
3 1839 1878 1879
3 1840 1880 1841
3 1841 1880 1881
3 1841 1881 1842
3 1842 1881 1882
3 1842 1882 1843
3 1843 1882 1883
3 1843 1883 1844
3 1844 1883 1884
3 1844 1884 1845
3 1845 1884 1885
3 1845 1885 1846
3 1846 1885 1886
3 1846 1886 1847
3 1847 1886 1887
3 1847 1887 1848
3 1848 1887 1888
3 1848 1888 1849
3 1849 1888 1889
3 1849 1889 1850
3 1850 1889 1890
3 1850 1890 1851
3 1851 1890 1891
3 1851 1891 1852
3 1852 1891 1892
3 1852 1892 1853
3 1853 1892 1893
3 1853 1893 1854
3 1854 1893 1894
3 1854 1894 1855
3 1855 1894 1895
3 1855 1895 1856
3 1856 1895 1896
3 1856 1896 1857
3 1857 1896 1897
3 1857 1897 1858
3 1858 1897 1898
3 1858 1898 1859
3 1859 1898 1899
3 1859 1899 1860
3 1860 1899 1900
3 1860 1900 1861
3 1861 1900 1901
3 1861 1901 1862
3 1862 1901 1902
3 1862 1902 1863
3 1863 1902 1903
3 1863 1903 1864
3 1864 1903 1904
3 1864 1904 1865
3 1865 1904 1905
3 1865 1905 1866
3 1866 1905 1906
3 1866 1906 1867
3 1867 1906 1907
3 1867 1907 1868
3 1868 1907 1908
3 1868 1908 1869
3 1869 1908 1909
3 1869 1909 1870
3 1870 1909 1910
3 1870 1910 1871
3 1871 1910 1911
3 1871 1911 1872
3 1872 1911 1912
3 1872 1912 1873
3 1873 1912 1913
3 1873 1913 1874
3 1874 1913 1914
3 1874 1914 1875
3 1875 1914 1915
3 1875 1915 1876
3 1876 1915 1916
3 1876 1916 1877
3 1877 1916 1917
3 1877 1917 1878
3 1878 1917 1918
3 1878 1918 1879
3 1879 1918 1919
3 1880 1920 1881
3 1881 1920 1921
3 1881 1921 1882
3 1882 1921 1922
3 1882 1922 1883
3 1883 1922 1923
3 1883 1923 1884
3 1884 1923 1924
3 1884 1924 1885
3 1885 1924 1925
3 1885 1925 1886
3 1886 1925 1926
3 1886 1926 1887
3 1887 1926 1927
3 1887 1927 1888
3 1888 1927 1928
3 1888 1928 1889
3 1889 1928 1929
3 1889 1929 1890
3 1890 1929 1930
3 1890 1930 1891
3 1891 1930 1931
3 1891 1931 1892
3 1892 1931 1932
3 1892 1932 1893
3 1893 1932 1933
3 1893 1933 1894
3 1894 1933 1934
3 1894 1934 1895
3 1895 1934 1935
3 1895 1935 1896
3 1896 1935 1936
3 1896 1936 1897
3 1897 1936 1937
3 1897 1937 1898
3 1898 1937 1938
3 1898 1938 1899
3 1899 1938 1939
3 1899 1939 1900
3 1900 1939 1940
3 1900 1940 1901
3 1901 1940 1941
3 1901 1941 1902
3 1902 1941 1942
3 1902 1942 1903
3 1903 1942 1943
3 1903 1943 1904
3 1904 1943 1944
3 1904 1944 1905
3 1905 1944 1945
3 1905 1945 1906
3 1906 1945 1946
3 1906 1946 1907
3 1907 1946 1947
3 1907 1947 1908
3 1908 1947 1948
3 1908 1948 1909
3 1909 1948 1949
3 1909 1949 1910
3 1910 1949 1950
3 1910 1950 1911
3 1911 1950 1951
3 1911 1951 1912
3 1912 1951 1952
3 1912 1952 1913
3 1913 1952 1953
3 1913 1953 1914
3 1914 1953 1954
3 1914 1954 1915
3 1915 1954 1955
3 1915 1955 1916
3 1916 1955 1956
3 1916 1956 1917
3 1917 1956 1957
3 1917 1957 1918
3 1918 1957 1958
3 1918 1958 1919
3 1919 1958 1959
3 1920 1960 1921
3 1921 1960 1961
3 1921 1961 1922
3 1922 1961 1962
3 1922 1962 1923
3 1923 1962 1963
3 1923 1963 1924
3 1924 1963 1964
3 1924 1964 1925
3 1925 1964 1965
3 1925 1965 1926
3 1926 1965 1966
3 1926 1966 1927
3 1927 1966 1967
3 1927 1967 1928
3 1928 1967 1968
3 1928 1968 1929
3 1929 1968 1969
3 1929 1969 1930
3 1930 1969 1970
3 1930 1970 1931
3 1931 1970 1971
3 1931 1971 1932
3 1932 1971 1972
3 1932 1972 1933
3 1933 1972 1973
3 1933 1973 1934
3 1934 1973 1974
3 1934 1974 1935
3 1935 1974 1975
3 1935 1975 1936
3 1936 1975 1976
3 1936 1976 1937
3 1937 1976 1977
3 1937 1977 1938
3 1938 1977 1978
3 1938 1978 1939
3 1939 1978 1979
3 1939 1979 1940
3 1940 1979 1980
3 1940 1980 1941
3 1941 1980 1981
3 1941 1981 1942
3 1942 1981 1982
3 1942 1982 1943
3 1943 1982 1983
3 1943 1983 1944
3 1944 1983 1984
3 1944 1984 1945
3 1945 1984 1985
3 1945 1985 1946
3 1946 1985 1986
3 1946 1986 1947
3 1947 1986 1987
3 1947 1987 1948
3 1948 1987 1988
3 1948 1988 1949
3 1949 1988 1989
3 1949 1989 1950
3 1950 1989 1990
3 1950 1990 1951
3 1951 1990 1991
3 1951 1991 1952
3 1952 1991 1992
3 1952 1992 1953
3 1953 1992 1993
3 1953 1993 1954
3 1954 1993 1994
3 1954 1994 1955
3 1955 1994 1995
3 1955 1995 1956
3 1956 1995 1996
3 1956 1996 1957
3 1957 1996 1997
3 1957 1997 1958
3 1958 1997 1998
3 1958 1998 1959
3 1959 1998 1999
3 1960 2000 1961
3 1961 2000 2001
3 1961 2001 1962
3 1962 2001 2002
3 1962 2002 1963
3 1963 2002 2003
3 1963 2003 1964
3 1964 2003 2004
3 1964 2004 1965
3 1965 2004 2005
3 1965 2005 1966
3 1966 2005 2006
3 1966 2006 1967
3 1967 2006 2007
3 1967 2007 1968
3 1968 2007 2008
3 1968 2008 1969
3 1969 2008 2009
3 1969 2009 1970
3 1970 2009 2010
3 1970 2010 1971
3 1971 2010 2011
3 1971 2011 1972
3 1972 2011 2012
3 1972 2012 1973
3 1973 2012 2013
3 1973 2013 1974
3 1974 2013 2014
3 1974 2014 1975
3 1975 2014 2015
3 1975 2015 1976
3 1976 2015 2016
3 1976 2016 1977
3 1977 2016 2017
3 1977 2017 1978
3 1978 2017 2018
3 1978 2018 1979
3 1979 2018 2019
3 1979 2019 1980
3 1980 2019 2020
3 1980 2020 1981
3 1981 2020 2021
3 1981 2021 1982
3 1982 2021 2022
3 1982 2022 1983
3 1983 2022 2023
3 1983 2023 1984
3 1984 2023 2024
3 1984 2024 1985
3 1985 2024 2025
3 1985 2025 1986
3 1986 2025 2026
3 1986 2026 1987
3 1987 2026 2027
3 1987 2027 1988
3 1988 2027 2028
3 1988 2028 1989
3 1989 2028 2029
3 1989 2029 1990
3 1990 2029 2030
3 1990 2030 1991
3 1991 2030 2031
3 1991 2031 1992
3 1992 2031 2032
3 1992 2032 1993
3 1993 2032 2033
3 1993 2033 1994
3 1994 2033 2034
3 1994 2034 1995
3 1995 2034 2035
3 1995 2035 1996
3 1996 2035 2036
3 1996 2036 1997
3 1997 2036 2037
3 1997 2037 1998
3 1998 2037 2038
3 1998 2038 1999
3 1999 2038 2039
3 2000 2040 2001
3 2001 2040 2041
3 2001 2041 2002
3 2002 2041 2042
3 2002 2042 2003
3 2003 2042 2043
3 2003 2043 2004
3 2004 2043 2044
3 2004 2044 2005
3 2005 2044 2045
3 2005 2045 2006
3 2006 2045 2046
3 2006 2046 2007
3 2007 2046 2047
3 2007 2047 2008
3 2008 2047 2048
3 2008 2048 2009
3 2009 2048 2049
3 2009 2049 2010
3 2010 2049 2050
3 2010 2050 2011
3 2011 2050 2051
3 2011 2051 2012
3 2012 2051 2052
3 2012 2052 2013
3 2013 2052 2053
3 2013 2053 2014
3 2014 2053 2054
3 2014 2054 2015
3 2015 2054 2055
3 2015 2055 2016
3 2016 2055 2056
3 2016 2056 2017
3 2017 2056 2057
3 2017 2057 2018
3 2018 2057 2058
3 2018 2058 2019
3 2019 2058 2059
3 2019 2059 2020
3 2020 2059 2060
3 2020 2060 2021
3 2021 2060 2061
3 2021 2061 2022
3 2022 2061 2062
3 2022 2062 2023
3 2023 2062 2063
3 2023 2063 2024
3 2024 2063 2064
3 2024 2064 2025
3 2025 2064 2065
3 2025 2065 2026
3 2026 2065 2066
3 2026 2066 2027
3 2027 2066 2067
3 2027 2067 2028
3 2028 2067 2068
3 2028 2068 2029
3 2029 2068 2069
3 2029 2069 2030
3 2030 2069 2070
3 2030 2070 2031
3 2031 2070 2071
3 2031 2071 2032
3 2032 2071 2072
3 2032 2072 2033
3 2033 2072 2073
3 2033 2073 2034
3 2034 2073 2074
3 2034 2074 2035
3 2035 2074 2075
3 2035 2075 2036
3 2036 2075 2076
3 2036 2076 2037
3 2037 2076 2077
3 2037 2077 2038
3 2038 2077 2078
3 2038 2078 2039
3 2039 2078 2079
3 2040 2080 2041
3 2041 2080 2081
3 2041 2081 2042
3 2042 2081 2082
3 2042 2082 2043
3 2043 2082 2083
3 2043 2083 2044
3 2044 2083 2084
3 2044 2084 2045
3 2045 2084 2085
3 2045 2085 2046
3 2046 2085 2086
3 2046 2086 2047
3 2047 2086 2087
3 2047 2087 2048
3 2048 2087 2088
3 2048 2088 2049
3 2049 2088 2089
3 2049 2089 2050
3 2050 2089 2090
3 2050 2090 2051
3 2051 2090 2091
3 2051 2091 2052
3 2052 2091 2092
3 2052 2092 2053
3 2053 2092 2093
3 2053 2093 2054
3 2054 2093 2094
3 2054 2094 2055
3 2055 2094 2095
3 2055 2095 2056
3 2056 2095 2096
3 2056 2096 2057
3 2057 2096 2097
3 2057 2097 2058
3 2058 2097 2098
3 2058 2098 2059
3 2059 2098 2099
3 2059 2099 2060
3 2060 2099 2100
3 2060 2100 2061
3 2061 2100 2101
3 2061 2101 2062
3 2062 2101 2102
3 2062 2102 2063
3 2063 2102 2103
3 2063 2103 2064
3 2064 2103 2104
3 2064 2104 2065
3 2065 2104 2105
3 2065 2105 2066
3 2066 2105 2106
3 2066 2106 2067
3 2067 2106 2107
3 2067 2107 2068
3 2068 2107 2108
3 2068 2108 2069
3 2069 2108 2109
3 2069 2109 2070
3 2070 2109 2110
3 2070 2110 2071
3 2071 2110 2111
3 2071 2111 2072
3 2072 2111 2112
3 2072 2112 2073
3 2073 2112 2113
3 2073 2113 2074
3 2074 2113 2114
3 2074 2114 2075
3 2075 2114 2115
3 2075 2115 2076
3 2076 2115 2116
3 2076 2116 2077
3 2077 2116 2117
3 2077 2117 2078
3 2078 2117 2118
3 2078 2118 2079
3 2079 2118 2119
3 2080 2120 2081
3 2081 2120 2121
3 2081 2121 2082
3 2082 2121 2122
3 2082 2122 2083
3 2083 2122 2123
3 2083 2123 2084
3 2084 2123 2124
3 2084 2124 2085
3 2085 2124 2125
3 2085 2125 2086
3 2086 2125 2126
3 2086 2126 2087
3 2087 2126 2127
3 2087 2127 2088
3 2088 2127 2128
3 2088 2128 2089
3 2089 2128 2129
3 2089 2129 2090
3 2090 2129 2130
3 2090 2130 2091
3 2091 2130 2131
3 2091 2131 2092
3 2092 2131 2132
3 2092 2132 2093
3 2093 2132 2133
3 2093 2133 2094
3 2094 2133 2134
3 2094 2134 2095
3 2095 2134 2135
3 2095 2135 2096
3 2096 2135 2136
3 2096 2136 2097
3 2097 2136 2137
3 2097 2137 2098
3 2098 2137 2138
3 2098 2138 2099
3 2099 2138 2139
3 2099 2139 2100
3 2100 2139 2140
3 2100 2140 2101
3 2101 2140 2141
3 2101 2141 2102
3 2102 2141 2142
3 2102 2142 2103
3 2103 2142 2143
3 2103 2143 2104
3 2104 2143 2144
3 2104 2144 2105
3 2105 2144 2145
3 2105 2145 2106
3 2106 2145 2146
3 2106 2146 2107
3 2107 2146 2147
3 2107 2147 2108
3 2108 2147 2148
3 2108 2148 2109
3 2109 2148 2149
3 2109 2149 2110
3 2110 2149 2150
3 2110 2150 2111
3 2111 2150 2151
3 2111 2151 2112
3 2112 2151 2152
3 2112 2152 2113
3 2113 2152 2153
3 2113 2153 2114
3 2114 2153 2154
3 2114 2154 2115
3 2115 2154 2155
3 2115 2155 2116
3 2116 2155 2156
3 2116 2156 2117
3 2117 2156 2157
3 2117 2157 2118
3 2118 2157 2158
3 2118 2158 2119
3 2119 2158 2159
3 2120 2160 2121
3 2121 2160 2161
3 2121 2161 2122
3 2122 2161 2162
3 2122 2162 2123
3 2123 2162 2163
3 2123 2163 2124
3 2124 2163 2164
3 2124 2164 2125
3 2125 2164 2165
3 2125 2165 2126
3 2126 2165 2166
3 2126 2166 2127
3 2127 2166 2167
3 2127 2167 2128
3 2128 2167 2168
3 2128 2168 2129
3 2129 2168 2169
3 2129 2169 2130
3 2130 2169 2170
3 2130 2170 2131
3 2131 2170 2171
3 2131 2171 2132
3 2132 2171 2172
3 2132 2172 2133
3 2133 2172 2173
3 2133 2173 2134
3 2134 2173 2174
3 2134 2174 2135
3 2135 2174 2175
3 2135 2175 2136
3 2136 2175 2176
3 2136 2176 2137
3 2137 2176 2177
3 2137 2177 2138
3 2138 2177 2178
3 2138 2178 2139
3 2139 2178 2179
3 2139 2179 2140
3 2140 2179 2180
3 2140 2180 2141
3 2141 2180 2181
3 2141 2181 2142
3 2142 2181 2182
3 2142 2182 2143
3 2143 2182 2183
3 2143 2183 2144
3 2144 2183 2184
3 2144 2184 2145
3 2145 2184 2185
3 2145 2185 2146
3 2146 2185 2186
3 2146 2186 2147
3 2147 2186 2187
3 2147 2187 2148
3 2148 2187 2188
3 2148 2188 2149
3 2149 2188 2189
3 2149 2189 2150
3 2150 2189 2190
3 2150 2190 2151
3 2151 2190 2191
3 2151 2191 2152
3 2152 2191 2192
3 2152 2192 2153
3 2153 2192 2193
3 2153 2193 2154
3 2154 2193 2194
3 2154 2194 2155
3 2155 2194 2195
3 2155 2195 2156
3 2156 2195 2196
3 2156 2196 2157
3 2157 2196 2197
3 2157 2197 2158
3 2158 2197 2198
3 2158 2198 2159
3 2159 2198 2199
3 2160 2200 2161
3 2161 2200 2201
3 2161 2201 2162
3 2162 2201 2202
3 2162 2202 2163
3 2163 2202 2203
3 2163 2203 2164
3 2164 2203 2204
3 2164 2204 2165
3 2165 2204 2205
3 2165 2205 2166
3 2166 2205 2206
3 2166 2206 2167
3 2167 2206 2207
3 2167 2207 2168
3 2168 2207 2208
3 2168 2208 2169
3 2169 2208 2209
3 2169 2209 2170
3 2170 2209 2210
3 2170 2210 2171
3 2171 2210 2211
3 2171 2211 2172
3 2172 2211 2212
3 2172 2212 2173
3 2173 2212 2213
3 2173 2213 2174
3 2174 2213 2214
3 2174 2214 2175
3 2175 2214 2215
3 2175 2215 2176
3 2176 2215 2216
3 2176 2216 2177
3 2177 2216 2217
3 2177 2217 2178
3 2178 2217 2218
3 2178 2218 2179
3 2179 2218 2219
3 2179 2219 2180
3 2180 2219 2220
3 2180 2220 2181
3 2181 2220 2221
3 2181 2221 2182
3 2182 2221 2222
3 2182 2222 2183
3 2183 2222 2223
3 2183 2223 2184
3 2184 2223 2224
3 2184 2224 2185
3 2185 2224 2225
3 2185 2225 2186
3 2186 2225 2226
3 2186 2226 2187
3 2187 2226 2227
3 2187 2227 2188
3 2188 2227 2228
3 2188 2228 2189
3 2189 2228 2229
3 2189 2229 2190
3 2190 2229 2230
3 2190 2230 2191
3 2191 2230 2231
3 2191 2231 2192
3 2192 2231 2232
3 2192 2232 2193
3 2193 2232 2233
3 2193 2233 2194
3 2194 2233 2234
3 2194 2234 2195
3 2195 2234 2235
3 2195 2235 2196
3 2196 2235 2236
3 2196 2236 2197
3 2197 2236 2237
3 2197 2237 2198
3 2198 2237 2238
3 2198 2238 2199
3 2199 2238 2239
3 2200 2240 2201
3 2201 2240 2241
3 2201 2241 2202
3 2202 2241 2242
3 2202 2242 2203
3 2203 2242 2243
3 2203 2243 2204
3 2204 2243 2244
3 2204 2244 2205
3 2205 2244 2245
3 2205 2245 2206
3 2206 2245 2246
3 2206 2246 2207
3 2207 2246 2247
3 2207 2247 2208
3 2208 2247 2248
3 2208 2248 2209
3 2209 2248 2249
3 2209 2249 2210
3 2210 2249 2250
3 2210 2250 2211
3 2211 2250 2251
3 2211 2251 2212
3 2212 2251 2252
3 2212 2252 2213
3 2213 2252 2253
3 2213 2253 2214
3 2214 2253 2254
3 2214 2254 2215
3 2215 2254 2255
3 2215 2255 2216
3 2216 2255 2256
3 2216 2256 2217
3 2217 2256 2257
3 2217 2257 2218
3 2218 2257 2258
3 2218 2258 2219
3 2219 2258 2259
3 2219 2259 2220
3 2220 2259 2260
3 2220 2260 2221
3 2221 2260 2261
3 2221 2261 2222
3 2222 2261 2262
3 2222 2262 2223
3 2223 2262 2263
3 2223 2263 2224
3 2224 2263 2264
3 2224 2264 2225
3 2225 2264 2265
3 2225 2265 2226
3 2226 2265 2266
3 2226 2266 2227
3 2227 2266 2267
3 2227 2267 2228
3 2228 2267 2268
3 2228 2268 2229
3 2229 2268 2269
3 2229 2269 2230
3 2230 2269 2270
3 2230 2270 2231
3 2231 2270 2271
3 2231 2271 2232
3 2232 2271 2272
3 2232 2272 2233
3 2233 2272 2273
3 2233 2273 2234
3 2234 2273 2274
3 2234 2274 2235
3 2235 2274 2275
3 2235 2275 2236
3 2236 2275 2276
3 2236 2276 2237
3 2237 2276 2277
3 2237 2277 2238
3 2238 2277 2278
3 2238 2278 2239
3 2239 2278 2279
3 2240 2280 2241
3 2241 2280 2281
3 2241 2281 2242
3 2242 2281 2282
3 2242 2282 2243
3 2243 2282 2283
3 2243 2283 2244
3 2244 2283 2284
3 2244 2284 2245
3 2245 2284 2285
3 2245 2285 2246
3 2246 2285 2286
3 2246 2286 2247
3 2247 2286 2287
3 2247 2287 2248
3 2248 2287 2288
3 2248 2288 2249
3 2249 2288 2289
3 2249 2289 2250
3 2250 2289 2290
3 2250 2290 2251
3 2251 2290 2291
3 2251 2291 2252
3 2252 2291 2292
3 2252 2292 2253
3 2253 2292 2293
3 2253 2293 2254
3 2254 2293 2294
3 2254 2294 2255
3 2255 2294 2295
3 2255 2295 2256
3 2256 2295 2296
3 2256 2296 2257
3 2257 2296 2297
3 2257 2297 2258
3 2258 2297 2298
3 2258 2298 2259
3 2259 2298 2299
3 2259 2299 2260
3 2260 2299 2300
3 2260 2300 2261
3 2261 2300 2301
3 2261 2301 2262
3 2262 2301 2302
3 2262 2302 2263
3 2263 2302 2303
3 2263 2303 2264
3 2264 2303 2304
3 2264 2304 2265
3 2265 2304 2305
3 2265 2305 2266
3 2266 2305 2306
3 2266 2306 2267
3 2267 2306 2307
3 2267 2307 2268
3 2268 2307 2308
3 2268 2308 2269
3 2269 2308 2309
3 2269 2309 2270
3 2270 2309 2310
3 2270 2310 2271
3 2271 2310 2311
3 2271 2311 2272
3 2272 2311 2312
3 2272 2312 2273
3 2273 2312 2313
3 2273 2313 2274
3 2274 2313 2314
3 2274 2314 2275
3 2275 2314 2315
3 2275 2315 2276
3 2276 2315 2316
3 2276 2316 2277
3 2277 2316 2317
3 2277 2317 2278
3 2278 2317 2318
3 2278 2318 2279
3 2279 2318 2319
3 2280 2320 2281
3 2281 2320 2321
3 2281 2321 2282
3 2282 2321 2322
3 2282 2322 2283
3 2283 2322 2323
3 2283 2323 2284
3 2284 2323 2324
3 2284 2324 2285
3 2285 2324 2325
3 2285 2325 2286
3 2286 2325 2326
3 2286 2326 2287
3 2287 2326 2327
3 2287 2327 2288
3 2288 2327 2328
3 2288 2328 2289
3 2289 2328 2329
3 2289 2329 2290
3 2290 2329 2330
3 2290 2330 2291
3 2291 2330 2331
3 2291 2331 2292
3 2292 2331 2332
3 2292 2332 2293
3 2293 2332 2333
3 2293 2333 2294
3 2294 2333 2334
3 2294 2334 2295
3 2295 2334 2335
3 2295 2335 2296
3 2296 2335 2336
3 2296 2336 2297
3 2297 2336 2337
3 2297 2337 2298
3 2298 2337 2338
3 2298 2338 2299
3 2299 2338 2339
3 2299 2339 2300
3 2300 2339 2340
3 2300 2340 2301
3 2301 2340 2341
3 2301 2341 2302
3 2302 2341 2342
3 2302 2342 2303
3 2303 2342 2343
3 2303 2343 2304
3 2304 2343 2344
3 2304 2344 2305
3 2305 2344 2345
3 2305 2345 2306
3 2306 2345 2346
3 2306 2346 2307
3 2307 2346 2347
3 2307 2347 2308
3 2308 2347 2348
3 2308 2348 2309
3 2309 2348 2349
3 2309 2349 2310
3 2310 2349 2350
3 2310 2350 2311
3 2311 2350 2351
3 2311 2351 2312
3 2312 2351 2352
3 2312 2352 2313
3 2313 2352 2353
3 2313 2353 2314
3 2314 2353 2354
3 2314 2354 2315
3 2315 2354 2355
3 2315 2355 2316
3 2316 2355 2356
3 2316 2356 2317
3 2317 2356 2357
3 2317 2357 2318
3 2318 2357 2358
3 2318 2358 2319
3 2319 2358 2359
3 2320 2360 2321
3 2321 2360 2361
3 2321 2361 2322
3 2322 2361 2362
3 2322 2362 2323
3 2323 2362 2363
3 2323 2363 2324
3 2324 2363 2364
3 2324 2364 2325
3 2325 2364 2365
3 2325 2365 2326
3 2326 2365 2366
3 2326 2366 2327
3 2327 2366 2367
3 2327 2367 2328
3 2328 2367 2368
3 2328 2368 2329
3 2329 2368 2369
3 2329 2369 2330
3 2330 2369 2370
3 2330 2370 2331
3 2331 2370 2371
3 2331 2371 2332
3 2332 2371 2372
3 2332 2372 2333
3 2333 2372 2373
3 2333 2373 2334
3 2334 2373 2374
3 2334 2374 2335
3 2335 2374 2375
3 2335 2375 2336
3 2336 2375 2376
3 2336 2376 2337
3 2337 2376 2377
3 2337 2377 2338
3 2338 2377 2378
3 2338 2378 2339
3 2339 2378 2379
3 2339 2379 2340
3 2340 2379 2380
3 2340 2380 2341
3 2341 2380 2381
3 2341 2381 2342
3 2342 2381 2382
3 2342 2382 2343
3 2343 2382 2383
3 2343 2383 2344
3 2344 2383 2384
3 2344 2384 2345
3 2345 2384 2385
3 2345 2385 2346
3 2346 2385 2386
3 2346 2386 2347
3 2347 2386 2387
3 2347 2387 2348
3 2348 2387 2388
3 2348 2388 2349
3 2349 2388 2389
3 2349 2389 2350
3 2350 2389 2390
3 2350 2390 2351
3 2351 2390 2391
3 2351 2391 2352
3 2352 2391 2392
3 2352 2392 2353
3 2353 2392 2393
3 2353 2393 2354
3 2354 2393 2394
3 2354 2394 2355
3 2355 2394 2395
3 2355 2395 2356
3 2356 2395 2396
3 2356 2396 2357
3 2357 2396 2397
3 2357 2397 2358
3 2358 2397 2398
3 2358 2398 2359
3 2359 2398 2399
3 2360 2400 2361
3 2361 2400 2401
3 2361 2401 2362
3 2362 2401 2402
3 2362 2402 2363
3 2363 2402 2403
3 2363 2403 2364
3 2364 2403 2404
3 2364 2404 2365
3 2365 2404 2405
3 2365 2405 2366
3 2366 2405 2406
3 2366 2406 2367
3 2367 2406 2407
3 2367 2407 2368
3 2368 2407 2408
3 2368 2408 2369
3 2369 2408 2409
3 2369 2409 2370
3 2370 2409 2410
3 2370 2410 2371
3 2371 2410 2411
3 2371 2411 2372
3 2372 2411 2412
3 2372 2412 2373
3 2373 2412 2413
3 2373 2413 2374
3 2374 2413 2414
3 2374 2414 2375
3 2375 2414 2415
3 2375 2415 2376
3 2376 2415 2416
3 2376 2416 2377
3 2377 2416 2417
3 2377 2417 2378
3 2378 2417 2418
3 2378 2418 2379
3 2379 2418 2419
3 2379 2419 2380
3 2380 2419 2420
3 2380 2420 2381
3 2381 2420 2421
3 2381 2421 2382
3 2382 2421 2422
3 2382 2422 2383
3 2383 2422 2423
3 2383 2423 2384
3 2384 2423 2424
3 2384 2424 2385
3 2385 2424 2425
3 2385 2425 2386
3 2386 2425 2426
3 2386 2426 2387
3 2387 2426 2427
3 2387 2427 2388
3 2388 2427 2428
3 2388 2428 2389
3 2389 2428 2429
3 2389 2429 2390
3 2390 2429 2430
3 2390 2430 2391
3 2391 2430 2431
3 2391 2431 2392
3 2392 2431 2432
3 2392 2432 2393
3 2393 2432 2433
3 2393 2433 2394
3 2394 2433 2434
3 2394 2434 2395
3 2395 2434 2435
3 2395 2435 2396
3 2396 2435 2436
3 2396 2436 2397
3 2397 2436 2437
3 2397 2437 2398
3 2398 2437 2438
3 2398 2438 2399
3 2399 2438 2439
3 2400 2440 2401
3 2401 2440 2441
3 2401 2441 2402
3 2402 2441 2442
3 2402 2442 2403
3 2403 2442 2443
3 2403 2443 2404
3 2404 2443 2444
3 2404 2444 2405
3 2405 2444 2445
3 2405 2445 2406
3 2406 2445 2446
3 2406 2446 2407
3 2407 2446 2447
3 2407 2447 2408
3 2408 2447 2448
3 2408 2448 2409
3 2409 2448 2449
3 2409 2449 2410
3 2410 2449 2450
3 2410 2450 2411
3 2411 2450 2451
3 2411 2451 2412
3 2412 2451 2452
3 2412 2452 2413
3 2413 2452 2453
3 2413 2453 2414
3 2414 2453 2454
3 2414 2454 2415
3 2415 2454 2455
3 2415 2455 2416
3 2416 2455 2456
3 2416 2456 2417
3 2417 2456 2457
3 2417 2457 2418
3 2418 2457 2458
3 2418 2458 2419
3 2419 2458 2459
3 2419 2459 2420
3 2420 2459 2460
3 2420 2460 2421
3 2421 2460 2461
3 2421 2461 2422
3 2422 2461 2462
3 2422 2462 2423
3 2423 2462 2463
3 2423 2463 2424
3 2424 2463 2464
3 2424 2464 2425
3 2425 2464 2465
3 2425 2465 2426
3 2426 2465 2466
3 2426 2466 2427
3 2427 2466 2467
3 2427 2467 2428
3 2428 2467 2468
3 2428 2468 2429
3 2429 2468 2469
3 2429 2469 2430
3 2430 2469 2470
3 2430 2470 2431
3 2431 2470 2471
3 2431 2471 2432
3 2432 2471 2472
3 2432 2472 2433
3 2433 2472 2473
3 2433 2473 2434
3 2434 2473 2474
3 2434 2474 2435
3 2435 2474 2475
3 2435 2475 2436
3 2436 2475 2476
3 2436 2476 2437
3 2437 2476 2477
3 2437 2477 2438
3 2438 2477 2478
3 2438 2478 2439
3 2439 2478 2479
3 2440 2480 2441
3 2441 2480 2481
3 2441 2481 2442
3 2442 2481 2482
3 2442 2482 2443
3 2443 2482 2483
3 2443 2483 2444
3 2444 2483 2484
3 2444 2484 2445
3 2445 2484 2485
3 2445 2485 2446
3 2446 2485 2486
3 2446 2486 2447
3 2447 2486 2487
3 2447 2487 2448
3 2448 2487 2488
3 2448 2488 2449
3 2449 2488 2489
3 2449 2489 2450
3 2450 2489 2490
3 2450 2490 2451
3 2451 2490 2491
3 2451 2491 2452
3 2452 2491 2492
3 2452 2492 2453
3 2453 2492 2493
3 2453 2493 2454
3 2454 2493 2494
3 2454 2494 2455
3 2455 2494 2495
3 2455 2495 2456
3 2456 2495 2496
3 2456 2496 2457
3 2457 2496 2497
3 2457 2497 2458
3 2458 2497 2498
3 2458 2498 2459
3 2459 2498 2499
3 2459 2499 2460
3 2460 2499 2500
3 2460 2500 2461
3 2461 2500 2501
3 2461 2501 2462
3 2462 2501 2502
3 2462 2502 2463
3 2463 2502 2503
3 2463 2503 2464
3 2464 2503 2504
3 2464 2504 2465
3 2465 2504 2505
3 2465 2505 2466
3 2466 2505 2506
3 2466 2506 2467
3 2467 2506 2507
3 2467 2507 2468
3 2468 2507 2508
3 2468 2508 2469
3 2469 2508 2509
3 2469 2509 2470
3 2470 2509 2510
3 2470 2510 2471
3 2471 2510 2511
3 2471 2511 2472
3 2472 2511 2512
3 2472 2512 2473
3 2473 2512 2513
3 2473 2513 2474
3 2474 2513 2514
3 2474 2514 2475
3 2475 2514 2515
3 2475 2515 2476
3 2476 2515 2516
3 2476 2516 2477
3 2477 2516 2517
3 2477 2517 2478
3 2478 2517 2518
3 2478 2518 2479
3 2479 2518 2519
3 2480 2520 2481
3 2481 2520 2521
3 2481 2521 2482
3 2482 2521 2522
3 2482 2522 2483
3 2483 2522 2523
3 2483 2523 2484
3 2484 2523 2524
3 2484 2524 2485
3 2485 2524 2525
3 2485 2525 2486
3 2486 2525 2526
3 2486 2526 2487
3 2487 2526 2527
3 2487 2527 2488
3 2488 2527 2528
3 2488 2528 2489
3 2489 2528 2529
3 2489 2529 2490
3 2490 2529 2530
3 2490 2530 2491
3 2491 2530 2531
3 2491 2531 2492
3 2492 2531 2532
3 2492 2532 2493
3 2493 2532 2533
3 2493 2533 2494
3 2494 2533 2534
3 2494 2534 2495
3 2495 2534 2535
3 2495 2535 2496
3 2496 2535 2536
3 2496 2536 2497
3 2497 2536 2537
3 2497 2537 2498
3 2498 2537 2538
3 2498 2538 2499
3 2499 2538 2539
3 2499 2539 2500
3 2500 2539 2540
3 2500 2540 2501
3 2501 2540 2541
3 2501 2541 2502
3 2502 2541 2542
3 2502 2542 2503
3 2503 2542 2543
3 2503 2543 2504
3 2504 2543 2544
3 2504 2544 2505
3 2505 2544 2545
3 2505 2545 2506
3 2506 2545 2546
3 2506 2546 2507
3 2507 2546 2547
3 2507 2547 2508
3 2508 2547 2548
3 2508 2548 2509
3 2509 2548 2549
3 2509 2549 2510
3 2510 2549 2550
3 2510 2550 2511
3 2511 2550 2551
3 2511 2551 2512
3 2512 2551 2552
3 2512 2552 2513
3 2513 2552 2553
3 2513 2553 2514
3 2514 2553 2554
3 2514 2554 2515
3 2515 2554 2555
3 2515 2555 2516
3 2516 2555 2556
3 2516 2556 2517
3 2517 2556 2557
3 2517 2557 2518
3 2518 2557 2558
3 2518 2558 2519
3 2519 2558 2559
3 2520 2560 2521
3 2521 2560 2561
3 2521 2561 2522
3 2522 2561 2562
3 2522 2562 2523
3 2523 2562 2563
3 2523 2563 2524
3 2524 2563 2564
3 2524 2564 2525
3 2525 2564 2565
3 2525 2565 2526
3 2526 2565 2566
3 2526 2566 2527
3 2527 2566 2567
3 2527 2567 2528
3 2528 2567 2568
3 2528 2568 2529
3 2529 2568 2569
3 2529 2569 2530
3 2530 2569 2570
3 2530 2570 2531
3 2531 2570 2571
3 2531 2571 2532
3 2532 2571 2572
3 2532 2572 2533
3 2533 2572 2573
3 2533 2573 2534
3 2534 2573 2574
3 2534 2574 2535
3 2535 2574 2575
3 2535 2575 2536
3 2536 2575 2576
3 2536 2576 2537
3 2537 2576 2577
3 2537 2577 2538
3 2538 2577 2578
3 2538 2578 2539
3 2539 2578 2579
3 2539 2579 2540
3 2540 2579 2580
3 2540 2580 2541
3 2541 2580 2581
3 2541 2581 2542
3 2542 2581 2582
3 2542 2582 2543
3 2543 2582 2583
3 2543 2583 2544
3 2544 2583 2584
3 2544 2584 2545
3 2545 2584 2585
3 2545 2585 2546
3 2546 2585 2586
3 2546 2586 2547
3 2547 2586 2587
3 2547 2587 2548
3 2548 2587 2588
3 2548 2588 2549
3 2549 2588 2589
3 2549 2589 2550
3 2550 2589 2590
3 2550 2590 2551
3 2551 2590 2591
3 2551 2591 2552
3 2552 2591 2592
3 2552 2592 2553
3 2553 2592 2593
3 2553 2593 2554
3 2554 2593 2594
3 2554 2594 2555
3 2555 2594 2595
3 2555 2595 2556
3 2556 2595 2596
3 2556 2596 2557
3 2557 2596 2597
3 2557 2597 2558
3 2558 2597 2598
3 2558 2598 2559
3 2559 2598 2599
3 2560 2600 2561
3 2561 2600 2601
3 2561 2601 2562
3 2562 2601 2602
3 2562 2602 2563
3 2563 2602 2603
3 2563 2603 2564
3 2564 2603 2604
3 2564 2604 2565
3 2565 2604 2605
3 2565 2605 2566
3 2566 2605 2606
3 2566 2606 2567
3 2567 2606 2607
3 2567 2607 2568
3 2568 2607 2608
3 2568 2608 2569
3 2569 2608 2609
3 2569 2609 2570
3 2570 2609 2610
3 2570 2610 2571
3 2571 2610 2611
3 2571 2611 2572
3 2572 2611 2612
3 2572 2612 2573
3 2573 2612 2613
3 2573 2613 2574
3 2574 2613 2614
3 2574 2614 2575
3 2575 2614 2615
3 2575 2615 2576
3 2576 2615 2616
3 2576 2616 2577
3 2577 2616 2617
3 2577 2617 2578
3 2578 2617 2618
3 2578 2618 2579
3 2579 2618 2619
3 2579 2619 2580
3 2580 2619 2620
3 2580 2620 2581
3 2581 2620 2621
3 2581 2621 2582
3 2582 2621 2622
3 2582 2622 2583
3 2583 2622 2623
3 2583 2623 2584
3 2584 2623 2624
3 2584 2624 2585
3 2585 2624 2625
3 2585 2625 2586
3 2586 2625 2626
3 2586 2626 2587
3 2587 2626 2627
3 2587 2627 2588
3 2588 2627 2628
3 2588 2628 2589
3 2589 2628 2629
3 2589 2629 2590
3 2590 2629 2630
3 2590 2630 2591
3 2591 2630 2631
3 2591 2631 2592
3 2592 2631 2632
3 2592 2632 2593
3 2593 2632 2633
3 2593 2633 2594
3 2594 2633 2634
3 2594 2634 2595
3 2595 2634 2635
3 2595 2635 2596
3 2596 2635 2636
3 2596 2636 2597
3 2597 2636 2637
3 2597 2637 2598
3 2598 2637 2638
3 2598 2638 2599
3 2599 2638 2639
3 2600 2640 2601
3 2601 2640 2641
3 2601 2641 2602
3 2602 2641 2642
3 2602 2642 2603
3 2603 2642 2643
3 2603 2643 2604
3 2604 2643 2644
3 2604 2644 2605
3 2605 2644 2645
3 2605 2645 2606
3 2606 2645 2646
3 2606 2646 2607
3 2607 2646 2647
3 2607 2647 2608
3 2608 2647 2648
3 2608 2648 2609
3 2609 2648 2649
3 2609 2649 2610
3 2610 2649 2650
3 2610 2650 2611
3 2611 2650 2651
3 2611 2651 2612
3 2612 2651 2652
3 2612 2652 2613
3 2613 2652 2653
3 2613 2653 2614
3 2614 2653 2654
3 2614 2654 2615
3 2615 2654 2655
3 2615 2655 2616
3 2616 2655 2656
3 2616 2656 2617
3 2617 2656 2657
3 2617 2657 2618
3 2618 2657 2658
3 2618 2658 2619
3 2619 2658 2659
3 2619 2659 2620
3 2620 2659 2660
3 2620 2660 2621
3 2621 2660 2661
3 2621 2661 2622
3 2622 2661 2662
3 2622 2662 2623
3 2623 2662 2663
3 2623 2663 2624
3 2624 2663 2664
3 2624 2664 2625
3 2625 2664 2665
3 2625 2665 2626
3 2626 2665 2666
3 2626 2666 2627
3 2627 2666 2667
3 2627 2667 2628
3 2628 2667 2668
3 2628 2668 2629
3 2629 2668 2669
3 2629 2669 2630
3 2630 2669 2670
3 2630 2670 2631
3 2631 2670 2671
3 2631 2671 2632
3 2632 2671 2672
3 2632 2672 2633
3 2633 2672 2673
3 2633 2673 2634
3 2634 2673 2674
3 2634 2674 2635
3 2635 2674 2675
3 2635 2675 2636
3 2636 2675 2676
3 2636 2676 2637
3 2637 2676 2677
3 2637 2677 2638
3 2638 2677 2678
3 2638 2678 2639
3 2639 2678 2679
3 2640 2680 2641
3 2641 2680 2681
3 2641 2681 2642
3 2642 2681 2682
3 2642 2682 2643
3 2643 2682 2683
3 2643 2683 2644
3 2644 2683 2684
3 2644 2684 2645
3 2645 2684 2685
3 2645 2685 2646
3 2646 2685 2686
3 2646 2686 2647
3 2647 2686 2687
3 2647 2687 2648
3 2648 2687 2688
3 2648 2688 2649
3 2649 2688 2689
3 2649 2689 2650
3 2650 2689 2690
3 2650 2690 2651
3 2651 2690 2691
3 2651 2691 2652
3 2652 2691 2692
3 2652 2692 2653
3 2653 2692 2693
3 2653 2693 2654
3 2654 2693 2694
3 2654 2694 2655
3 2655 2694 2695
3 2655 2695 2656
3 2656 2695 2696
3 2656 2696 2657
3 2657 2696 2697
3 2657 2697 2658
3 2658 2697 2698
3 2658 2698 2659
3 2659 2698 2699
3 2659 2699 2660
3 2660 2699 2700
3 2660 2700 2661
3 2661 2700 2701
3 2661 2701 2662
3 2662 2701 2702
3 2662 2702 2663
3 2663 2702 2703
3 2663 2703 2664
3 2664 2703 2704
3 2664 2704 2665
3 2665 2704 2705
3 2665 2705 2666
3 2666 2705 2706
3 2666 2706 2667
3 2667 2706 2707
3 2667 2707 2668
3 2668 2707 2708
3 2668 2708 2669
3 2669 2708 2709
3 2669 2709 2670
3 2670 2709 2710
3 2670 2710 2671
3 2671 2710 2711
3 2671 2711 2672
3 2672 2711 2712
3 2672 2712 2673
3 2673 2712 2713
3 2673 2713 2674
3 2674 2713 2714
3 2674 2714 2675
3 2675 2714 2715
3 2675 2715 2676
3 2676 2715 2716
3 2676 2716 2677
3 2677 2716 2717
3 2677 2717 2678
3 2678 2717 2718
3 2678 2718 2679
3 2679 2718 2719
3 2680 2720 2681
3 2681 2720 2721
3 2681 2721 2682
3 2682 2721 2722
3 2682 2722 2683
3 2683 2722 2723
3 2683 2723 2684
3 2684 2723 2724
3 2684 2724 2685
3 2685 2724 2725
3 2685 2725 2686
3 2686 2725 2726
3 2686 2726 2687
3 2687 2726 2727
3 2687 2727 2688
3 2688 2727 2728
3 2688 2728 2689
3 2689 2728 2729
3 2689 2729 2690
3 2690 2729 2730
3 2690 2730 2691
3 2691 2730 2731
3 2691 2731 2692
3 2692 2731 2732
3 2692 2732 2693
3 2693 2732 2733
3 2693 2733 2694
3 2694 2733 2734
3 2694 2734 2695
3 2695 2734 2735
3 2695 2735 2696
3 2696 2735 2736
3 2696 2736 2697
3 2697 2736 2737
3 2697 2737 2698
3 2698 2737 2738
3 2698 2738 2699
3 2699 2738 2739
3 2699 2739 2700
3 2700 2739 2740
3 2700 2740 2701
3 2701 2740 2741
3 2701 2741 2702
3 2702 2741 2742
3 2702 2742 2703
3 2703 2742 2743
3 2703 2743 2704
3 2704 2743 2744
3 2704 2744 2705
3 2705 2744 2745
3 2705 2745 2706
3 2706 2745 2746
3 2706 2746 2707
3 2707 2746 2747
3 2707 2747 2708
3 2708 2747 2748
3 2708 2748 2709
3 2709 2748 2749
3 2709 2749 2710
3 2710 2749 2750
3 2710 2750 2711
3 2711 2750 2751
3 2711 2751 2712
3 2712 2751 2752
3 2712 2752 2713
3 2713 2752 2753
3 2713 2753 2714
3 2714 2753 2754
3 2714 2754 2715
3 2715 2754 2755
3 2715 2755 2716
3 2716 2755 2756
3 2716 2756 2717
3 2717 2756 2757
3 2717 2757 2718
3 2718 2757 2758
3 2718 2758 2719
3 2719 2758 2759
3 2720 2760 2721
3 2721 2760 2761
3 2721 2761 2722
3 2722 2761 2762
3 2722 2762 2723
3 2723 2762 2763
3 2723 2763 2724
3 2724 2763 2764
3 2724 2764 2725
3 2725 2764 2765
3 2725 2765 2726
3 2726 2765 2766
3 2726 2766 2727
3 2727 2766 2767
3 2727 2767 2728
3 2728 2767 2768
3 2728 2768 2729
3 2729 2768 2769
3 2729 2769 2730
3 2730 2769 2770
3 2730 2770 2731
3 2731 2770 2771
3 2731 2771 2732
3 2732 2771 2772
3 2732 2772 2733
3 2733 2772 2773
3 2733 2773 2734
3 2734 2773 2774
3 2734 2774 2735
3 2735 2774 2775
3 2735 2775 2736
3 2736 2775 2776
3 2736 2776 2737
3 2737 2776 2777
3 2737 2777 2738
3 2738 2777 2778
3 2738 2778 2739
3 2739 2778 2779
3 2739 2779 2740
3 2740 2779 2780
3 2740 2780 2741
3 2741 2780 2781
3 2741 2781 2742
3 2742 2781 2782
3 2742 2782 2743
3 2743 2782 2783
3 2743 2783 2744
3 2744 2783 2784
3 2744 2784 2745
3 2745 2784 2785
3 2745 2785 2746
3 2746 2785 2786
3 2746 2786 2747
3 2747 2786 2787
3 2747 2787 2748
3 2748 2787 2788
3 2748 2788 2749
3 2749 2788 2789
3 2749 2789 2750
3 2750 2789 2790
3 2750 2790 2751
3 2751 2790 2791
3 2751 2791 2752
3 2752 2791 2792
3 2752 2792 2753
3 2753 2792 2793
3 2753 2793 2754
3 2754 2793 2794
3 2754 2794 2755
3 2755 2794 2795
3 2755 2795 2756
3 2756 2795 2796
3 2756 2796 2757
3 2757 2796 2797
3 2757 2797 2758
3 2758 2797 2798
3 2758 2798 2759
3 2759 2798 2799
3 2760 2800 2761
3 2761 2800 2801
3 2761 2801 2762
3 2762 2801 2802
3 2762 2802 2763
3 2763 2802 2803
3 2763 2803 2764
3 2764 2803 2804
3 2764 2804 2765
3 2765 2804 2805
3 2765 2805 2766
3 2766 2805 2806
3 2766 2806 2767
3 2767 2806 2807
3 2767 2807 2768
3 2768 2807 2808
3 2768 2808 2769
3 2769 2808 2809
3 2769 2809 2770
3 2770 2809 2810
3 2770 2810 2771
3 2771 2810 2811
3 2771 2811 2772
3 2772 2811 2812
3 2772 2812 2773
3 2773 2812 2813
3 2773 2813 2774
3 2774 2813 2814
3 2774 2814 2775
3 2775 2814 2815
3 2775 2815 2776
3 2776 2815 2816
3 2776 2816 2777
3 2777 2816 2817
3 2777 2817 2778
3 2778 2817 2818
3 2778 2818 2779
3 2779 2818 2819
3 2779 2819 2780
3 2780 2819 2820
3 2780 2820 2781
3 2781 2820 2821
3 2781 2821 2782
3 2782 2821 2822
3 2782 2822 2783
3 2783 2822 2823
3 2783 2823 2784
3 2784 2823 2824
3 2784 2824 2785
3 2785 2824 2825
3 2785 2825 2786
3 2786 2825 2826
3 2786 2826 2787
3 2787 2826 2827
3 2787 2827 2788
3 2788 2827 2828
3 2788 2828 2789
3 2789 2828 2829
3 2789 2829 2790
3 2790 2829 2830
3 2790 2830 2791
3 2791 2830 2831
3 2791 2831 2792
3 2792 2831 2832
3 2792 2832 2793
3 2793 2832 2833
3 2793 2833 2794
3 2794 2833 2834
3 2794 2834 2795
3 2795 2834 2835
3 2795 2835 2796
3 2796 2835 2836
3 2796 2836 2797
3 2797 2836 2837
3 2797 2837 2798
3 2798 2837 2838
3 2798 2838 2799
3 2799 2838 2839
3 2800 2840 2801
3 2801 2840 2841
3 2801 2841 2802
3 2802 2841 2842
3 2802 2842 2803
3 2803 2842 2843
3 2803 2843 2804
3 2804 2843 2844
3 2804 2844 2805
3 2805 2844 2845
3 2805 2845 2806
3 2806 2845 2846
3 2806 2846 2807
3 2807 2846 2847
3 2807 2847 2808
3 2808 2847 2848
3 2808 2848 2809
3 2809 2848 2849
3 2809 2849 2810
3 2810 2849 2850
3 2810 2850 2811
3 2811 2850 2851
3 2811 2851 2812
3 2812 2851 2852
3 2812 2852 2813
3 2813 2852 2853
3 2813 2853 2814
3 2814 2853 2854
3 2814 2854 2815
3 2815 2854 2855
3 2815 2855 2816
3 2816 2855 2856
3 2816 2856 2817
3 2817 2856 2857
3 2817 2857 2818
3 2818 2857 2858
3 2818 2858 2819
3 2819 2858 2859
3 2819 2859 2820
3 2820 2859 2860
3 2820 2860 2821
3 2821 2860 2861
3 2821 2861 2822
3 2822 2861 2862
3 2822 2862 2823
3 2823 2862 2863
3 2823 2863 2824
3 2824 2863 2864
3 2824 2864 2825
3 2825 2864 2865
3 2825 2865 2826
3 2826 2865 2866
3 2826 2866 2827
3 2827 2866 2867
3 2827 2867 2828
3 2828 2867 2868
3 2828 2868 2829
3 2829 2868 2869
3 2829 2869 2830
3 2830 2869 2870
3 2830 2870 2831
3 2831 2870 2871
3 2831 2871 2832
3 2832 2871 2872
3 2832 2872 2833
3 2833 2872 2873
3 2833 2873 2834
3 2834 2873 2874
3 2834 2874 2835
3 2835 2874 2875
3 2835 2875 2836
3 2836 2875 2876
3 2836 2876 2837
3 2837 2876 2877
3 2837 2877 2838
3 2838 2877 2878
3 2838 2878 2839
3 2839 2878 2879
3 2840 2880 2841
3 2841 2880 2881
3 2841 2881 2842
3 2842 2881 2882
3 2842 2882 2843
3 2843 2882 2883
3 2843 2883 2844
3 2844 2883 2884
3 2844 2884 2845
3 2845 2884 2885
3 2845 2885 2846
3 2846 2885 2886
3 2846 2886 2847
3 2847 2886 2887
3 2847 2887 2848
3 2848 2887 2888
3 2848 2888 2849
3 2849 2888 2889
3 2849 2889 2850
3 2850 2889 2890
3 2850 2890 2851
3 2851 2890 2891
3 2851 2891 2852
3 2852 2891 2892
3 2852 2892 2853
3 2853 2892 2893
3 2853 2893 2854
3 2854 2893 2894
3 2854 2894 2855
3 2855 2894 2895
3 2855 2895 2856
3 2856 2895 2896
3 2856 2896 2857
3 2857 2896 2897
3 2857 2897 2858
3 2858 2897 2898
3 2858 2898 2859
3 2859 2898 2899
3 2859 2899 2860
3 2860 2899 2900
3 2860 2900 2861
3 2861 2900 2901
3 2861 2901 2862
3 2862 2901 2902
3 2862 2902 2863
3 2863 2902 2903
3 2863 2903 2864
3 2864 2903 2904
3 2864 2904 2865
3 2865 2904 2905
3 2865 2905 2866
3 2866 2905 2906
3 2866 2906 2867
3 2867 2906 2907
3 2867 2907 2868
3 2868 2907 2908
3 2868 2908 2869
3 2869 2908 2909
3 2869 2909 2870
3 2870 2909 2910
3 2870 2910 2871
3 2871 2910 2911
3 2871 2911 2872
3 2872 2911 2912
3 2872 2912 2873
3 2873 2912 2913
3 2873 2913 2874
3 2874 2913 2914
3 2874 2914 2875
3 2875 2914 2915
3 2875 2915 2876
3 2876 2915 2916
3 2876 2916 2877
3 2877 2916 2917
3 2877 2917 2878
3 2878 2917 2918
3 2878 2918 2879
3 2879 2918 2919
3 2880 2920 2881
3 2881 2920 2921
3 2881 2921 2882
3 2882 2921 2922
3 2882 2922 2883
3 2883 2922 2923
3 2883 2923 2884
3 2884 2923 2924
3 2884 2924 2885
3 2885 2924 2925
3 2885 2925 2886
3 2886 2925 2926
3 2886 2926 2887
3 2887 2926 2927
3 2887 2927 2888
3 2888 2927 2928
3 2888 2928 2889
3 2889 2928 2929
3 2889 2929 2890
3 2890 2929 2930
3 2890 2930 2891
3 2891 2930 2931
3 2891 2931 2892
3 2892 2931 2932
3 2892 2932 2893
3 2893 2932 2933
3 2893 2933 2894
3 2894 2933 2934
3 2894 2934 2895
3 2895 2934 2935
3 2895 2935 2896
3 2896 2935 2936
3 2896 2936 2897
3 2897 2936 2937
3 2897 2937 2898
3 2898 2937 2938
3 2898 2938 2899
3 2899 2938 2939
3 2899 2939 2900
3 2900 2939 2940
3 2900 2940 2901
3 2901 2940 2941
3 2901 2941 2902
3 2902 2941 2942
3 2902 2942 2903
3 2903 2942 2943
3 2903 2943 2904
3 2904 2943 2944
3 2904 2944 2905
3 2905 2944 2945
3 2905 2945 2906
3 2906 2945 2946
3 2906 2946 2907
3 2907 2946 2947
3 2907 2947 2908
3 2908 2947 2948
3 2908 2948 2909
3 2909 2948 2949
3 2909 2949 2910
3 2910 2949 2950
3 2910 2950 2911
3 2911 2950 2951
3 2911 2951 2912
3 2912 2951 2952
3 2912 2952 2913
3 2913 2952 2953
3 2913 2953 2914
3 2914 2953 2954
3 2914 2954 2915
3 2915 2954 2955
3 2915 2955 2916
3 2916 2955 2956
3 2916 2956 2917
3 2917 2956 2957
3 2917 2957 2918
3 2918 2957 2958
3 2918 2958 2919
3 2919 2958 2959
3 2920 2960 2921
3 2921 2960 2961
3 2921 2961 2922
3 2922 2961 2962
3 2922 2962 2923
3 2923 2962 2963
3 2923 2963 2924
3 2924 2963 2964
3 2924 2964 2925
3 2925 2964 2965
3 2925 2965 2926
3 2926 2965 2966
3 2926 2966 2927
3 2927 2966 2967
3 2927 2967 2928
3 2928 2967 2968
3 2928 2968 2929
3 2929 2968 2969
3 2929 2969 2930
3 2930 2969 2970
3 2930 2970 2931
3 2931 2970 2971
3 2931 2971 2932
3 2932 2971 2972
3 2932 2972 2933
3 2933 2972 2973
3 2933 2973 2934
3 2934 2973 2974
3 2934 2974 2935
3 2935 2974 2975
3 2935 2975 2936
3 2936 2975 2976
3 2936 2976 2937
3 2937 2976 2977
3 2937 2977 2938
3 2938 2977 2978
3 2938 2978 2939
3 2939 2978 2979
3 2939 2979 2940
3 2940 2979 2980
3 2940 2980 2941
3 2941 2980 2981
3 2941 2981 2942
3 2942 2981 2982
3 2942 2982 2943
3 2943 2982 2983
3 2943 2983 2944
3 2944 2983 2984
3 2944 2984 2945
3 2945 2984 2985
3 2945 2985 2946
3 2946 2985 2986
3 2946 2986 2947
3 2947 2986 2987
3 2947 2987 2948
3 2948 2987 2988
3 2948 2988 2949
3 2949 2988 2989
3 2949 2989 2950
3 2950 2989 2990
3 2950 2990 2951
3 2951 2990 2991
3 2951 2991 2952
3 2952 2991 2992
3 2952 2992 2953
3 2953 2992 2993
3 2953 2993 2954
3 2954 2993 2994
3 2954 2994 2955
3 2955 2994 2995
3 2955 2995 2956
3 2956 2995 2996
3 2956 2996 2957
3 2957 2996 2997
3 2957 2997 2958
3 2958 2997 2998
3 2958 2998 2959
3 2959 2998 2999
3 2960 3000 2961
3 2961 3000 3001
3 2961 3001 2962
3 2962 3001 3002
3 2962 3002 2963
3 2963 3002 3003
3 2963 3003 2964
3 2964 3003 3004
3 2964 3004 2965
3 2965 3004 3005
3 2965 3005 2966
3 2966 3005 3006
3 2966 3006 2967
3 2967 3006 3007
3 2967 3007 2968
3 2968 3007 3008
3 2968 3008 2969
3 2969 3008 3009
3 2969 3009 2970
3 2970 3009 3010
3 2970 3010 2971
3 2971 3010 3011
3 2971 3011 2972
3 2972 3011 3012
3 2972 3012 2973
3 2973 3012 3013
3 2973 3013 2974
3 2974 3013 3014
3 2974 3014 2975
3 2975 3014 3015
3 2975 3015 2976
3 2976 3015 3016
3 2976 3016 2977
3 2977 3016 3017
3 2977 3017 2978
3 2978 3017 3018
3 2978 3018 2979
3 2979 3018 3019
3 2979 3019 2980
3 2980 3019 3020
3 2980 3020 2981
3 2981 3020 3021
3 2981 3021 2982
3 2982 3021 3022
3 2982 3022 2983
3 2983 3022 3023
3 2983 3023 2984
3 2984 3023 3024
3 2984 3024 2985
3 2985 3024 3025
3 2985 3025 2986
3 2986 3025 3026
3 2986 3026 2987
3 2987 3026 3027
3 2987 3027 2988
3 2988 3027 3028
3 2988 3028 2989
3 2989 3028 3029
3 2989 3029 2990
3 2990 3029 3030
3 2990 3030 2991
3 2991 3030 3031
3 2991 3031 2992
3 2992 3031 3032
3 2992 3032 2993
3 2993 3032 3033
3 2993 3033 2994
3 2994 3033 3034
3 2994 3034 2995
3 2995 3034 3035
3 2995 3035 2996
3 2996 3035 3036
3 2996 3036 2997
3 2997 3036 3037
3 2997 3037 2998
3 2998 3037 3038
3 2998 3038 2999
3 2999 3038 3039
3 3000 3040 3001
3 3001 3040 3041
3 3001 3041 3002
3 3002 3041 3042
3 3002 3042 3003
3 3003 3042 3043
3 3003 3043 3004
3 3004 3043 3044
3 3004 3044 3005
3 3005 3044 3045
3 3005 3045 3006
3 3006 3045 3046
3 3006 3046 3007
3 3007 3046 3047
3 3007 3047 3008
3 3008 3047 3048
3 3008 3048 3009
3 3009 3048 3049
3 3009 3049 3010
3 3010 3049 3050
3 3010 3050 3011
3 3011 3050 3051
3 3011 3051 3012
3 3012 3051 3052
3 3012 3052 3013
3 3013 3052 3053
3 3013 3053 3014
3 3014 3053 3054
3 3014 3054 3015
3 3015 3054 3055
3 3015 3055 3016
3 3016 3055 3056
3 3016 3056 3017
3 3017 3056 3057
3 3017 3057 3018
3 3018 3057 3058
3 3018 3058 3019
3 3019 3058 3059
3 3019 3059 3020
3 3020 3059 3060
3 3020 3060 3021
3 3021 3060 3061
3 3021 3061 3022
3 3022 3061 3062
3 3022 3062 3023
3 3023 3062 3063
3 3023 3063 3024
3 3024 3063 3064
3 3024 3064 3025
3 3025 3064 3065
3 3025 3065 3026
3 3026 3065 3066
3 3026 3066 3027
3 3027 3066 3067
3 3027 3067 3028
3 3028 3067 3068
3 3028 3068 3029
3 3029 3068 3069
3 3029 3069 3030
3 3030 3069 3070
3 3030 3070 3031
3 3031 3070 3071
3 3031 3071 3032
3 3032 3071 3072
3 3032 3072 3033
3 3033 3072 3073
3 3033 3073 3034
3 3034 3073 3074
3 3034 3074 3035
3 3035 3074 3075
3 3035 3075 3036
3 3036 3075 3076
3 3036 3076 3037
3 3037 3076 3077
3 3037 3077 3038
3 3038 3077 3078
3 3038 3078 3039
3 3039 3078 3079
3 3040 3080 3041
3 3041 3080 3081
3 3041 3081 3042
3 3042 3081 3082
3 3042 3082 3043
3 3043 3082 3083
3 3043 3083 3044
3 3044 3083 3084
3 3044 3084 3045
3 3045 3084 3085
3 3045 3085 3046
3 3046 3085 3086
3 3046 3086 3047
3 3047 3086 3087
3 3047 3087 3048
3 3048 3087 3088
3 3048 3088 3049
3 3049 3088 3089
3 3049 3089 3050
3 3050 3089 3090
3 3050 3090 3051
3 3051 3090 3091
3 3051 3091 3052
3 3052 3091 3092
3 3052 3092 3053
3 3053 3092 3093
3 3053 3093 3054
3 3054 3093 3094
3 3054 3094 3055
3 3055 3094 3095
3 3055 3095 3056
3 3056 3095 3096
3 3056 3096 3057
3 3057 3096 3097
3 3057 3097 3058
3 3058 3097 3098
3 3058 3098 3059
3 3059 3098 3099
3 3059 3099 3060
3 3060 3099 3100
3 3060 3100 3061
3 3061 3100 3101
3 3061 3101 3062
3 3062 3101 3102
3 3062 3102 3063
3 3063 3102 3103
3 3063 3103 3064
3 3064 3103 3104
3 3064 3104 3065
3 3065 3104 3105
3 3065 3105 3066
3 3066 3105 3106
3 3066 3106 3067
3 3067 3106 3107
3 3067 3107 3068
3 3068 3107 3108
3 3068 3108 3069
3 3069 3108 3109
3 3069 3109 3070
3 3070 3109 3110
3 3070 3110 3071
3 3071 3110 3111
3 3071 3111 3072
3 3072 3111 3112
3 3072 3112 3073
3 3073 3112 3113
3 3073 3113 3074
3 3074 3113 3114
3 3074 3114 3075
3 3075 3114 3115
3 3075 3115 3076
3 3076 3115 3116
3 3076 3116 3077
3 3077 3116 3117
3 3077 3117 3078
3 3078 3117 3118
3 3078 3118 3079
3 3079 3118 3119
3 3080 3120 3081
3 3081 3120 3121
3 3081 3121 3082
3 3082 3121 3122
3 3082 3122 3083
3 3083 3122 3123
3 3083 3123 3084
3 3084 3123 3124
3 3084 3124 3085
3 3085 3124 3125
3 3085 3125 3086
3 3086 3125 3126
3 3086 3126 3087
3 3087 3126 3127
3 3087 3127 3088
3 3088 3127 3128
3 3088 3128 3089
3 3089 3128 3129
3 3089 3129 3090
3 3090 3129 3130
3 3090 3130 3091
3 3091 3130 3131
3 3091 3131 3092
3 3092 3131 3132
3 3092 3132 3093
3 3093 3132 3133
3 3093 3133 3094
3 3094 3133 3134
3 3094 3134 3095
3 3095 3134 3135
3 3095 3135 3096
3 3096 3135 3136
3 3096 3136 3097
3 3097 3136 3137
3 3097 3137 3098
3 3098 3137 3138
3 3098 3138 3099
3 3099 3138 3139
3 3099 3139 3100
3 3100 3139 3140
3 3100 3140 3101
3 3101 3140 3141
3 3101 3141 3102
3 3102 3141 3142
3 3102 3142 3103
3 3103 3142 3143
3 3103 3143 3104
3 3104 3143 3144
3 3104 3144 3105
3 3105 3144 3145
3 3105 3145 3106
3 3106 3145 3146
3 3106 3146 3107
3 3107 3146 3147
3 3107 3147 3108
3 3108 3147 3148
3 3108 3148 3109
3 3109 3148 3149
3 3109 3149 3110
3 3110 3149 3150
3 3110 3150 3111
3 3111 3150 3151
3 3111 3151 3112
3 3112 3151 3152
3 3112 3152 3113
3 3113 3152 3153
3 3113 3153 3114
3 3114 3153 3154
3 3114 3154 3115
3 3115 3154 3155
3 3115 3155 3116
3 3116 3155 3156
3 3116 3156 3117
3 3117 3156 3157
3 3117 3157 3118
3 3118 3157 3158
3 3118 3158 3119
3 3119 3158 3159
3 3120 3160 3121
3 3121 3160 3161
3 3121 3161 3122
3 3122 3161 3162
3 3122 3162 3123
3 3123 3162 3163
3 3123 3163 3124
3 3124 3163 3164
3 3124 3164 3125
3 3125 3164 3165
3 3125 3165 3126
3 3126 3165 3166
3 3126 3166 3127
3 3127 3166 3167
3 3127 3167 3128
3 3128 3167 3168
3 3128 3168 3129
3 3129 3168 3169
3 3129 3169 3130
3 3130 3169 3170
3 3130 3170 3131
3 3131 3170 3171
3 3131 3171 3132
3 3132 3171 3172
3 3132 3172 3133
3 3133 3172 3173
3 3133 3173 3134
3 3134 3173 3174
3 3134 3174 3135
3 3135 3174 3175
3 3135 3175 3136
3 3136 3175 3176
3 3136 3176 3137
3 3137 3176 3177
3 3137 3177 3138
3 3138 3177 3178
3 3138 3178 3139
3 3139 3178 3179
3 3139 3179 3140
3 3140 3179 3180
3 3140 3180 3141
3 3141 3180 3181
3 3141 3181 3142
3 3142 3181 3182
3 3142 3182 3143
3 3143 3182 3183
3 3143 3183 3144
3 3144 3183 3184
3 3144 3184 3145
3 3145 3184 3185
3 3145 3185 3146
3 3146 3185 3186
3 3146 3186 3147
3 3147 3186 3187
3 3147 3187 3148
3 3148 3187 3188
3 3148 3188 3149
3 3149 3188 3189
3 3149 3189 3150
3 3150 3189 3190
3 3150 3190 3151
3 3151 3190 3191
3 3151 3191 3152
3 3152 3191 3192
3 3152 3192 3153
3 3153 3192 3193
3 3153 3193 3154
3 3154 3193 3194
3 3154 3194 3155
3 3155 3194 3195
3 3155 3195 3156
3 3156 3195 3196
3 3156 3196 3157
3 3157 3196 3197
3 3157 3197 3158
3 3158 3197 3198
3 3158 3198 3159
3 3159 3198 3199
3 3160 3200 3161
3 3161 3200 3201
3 3161 3201 3162
3 3162 3201 3202
3 3162 3202 3163
3 3163 3202 3203
3 3163 3203 3164
3 3164 3203 3204
3 3164 3204 3165
3 3165 3204 3205
3 3165 3205 3166
3 3166 3205 3206
3 3166 3206 3167
3 3167 3206 3207
3 3167 3207 3168
3 3168 3207 3208
3 3168 3208 3169
3 3169 3208 3209
3 3169 3209 3170
3 3170 3209 3210
3 3170 3210 3171
3 3171 3210 3211
3 3171 3211 3172
3 3172 3211 3212
3 3172 3212 3173
3 3173 3212 3213
3 3173 3213 3174
3 3174 3213 3214
3 3174 3214 3175
3 3175 3214 3215
3 3175 3215 3176
3 3176 3215 3216
3 3176 3216 3177
3 3177 3216 3217
3 3177 3217 3178
3 3178 3217 3218
3 3178 3218 3179
3 3179 3218 3219
3 3179 3219 3180
3 3180 3219 3220
3 3180 3220 3181
3 3181 3220 3221
3 3181 3221 3182
3 3182 3221 3222
3 3182 3222 3183
3 3183 3222 3223
3 3183 3223 3184
3 3184 3223 3224
3 3184 3224 3185
3 3185 3224 3225
3 3185 3225 3186
3 3186 3225 3226
3 3186 3226 3187
3 3187 3226 3227
3 3187 3227 3188
3 3188 3227 3228
3 3188 3228 3189
3 3189 3228 3229
3 3189 3229 3190
3 3190 3229 3230
3 3190 3230 3191
3 3191 3230 3231
3 3191 3231 3192
3 3192 3231 3232
3 3192 3232 3193
3 3193 3232 3233
3 3193 3233 3194
3 3194 3233 3234
3 3194 3234 3195
3 3195 3234 3235
3 3195 3235 3196
3 3196 3235 3236
3 3196 3236 3197
3 3197 3236 3237
3 3197 3237 3198
3 3198 3237 3238
3 3198 3238 3199
3 3199 3238 3239
3 3200 3240 3201
3 3201 3240 3241
3 3201 3241 3202
3 3202 3241 3242
3 3202 3242 3203
3 3203 3242 3243
3 3203 3243 3204
3 3204 3243 3244
3 3204 3244 3205
3 3205 3244 3245
3 3205 3245 3206
3 3206 3245 3246
3 3206 3246 3207
3 3207 3246 3247
3 3207 3247 3208
3 3208 3247 3248
3 3208 3248 3209
3 3209 3248 3249
3 3209 3249 3210
3 3210 3249 3250
3 3210 3250 3211
3 3211 3250 3251
3 3211 3251 3212
3 3212 3251 3252
3 3212 3252 3213
3 3213 3252 3253
3 3213 3253 3214
3 3214 3253 3254
3 3214 3254 3215
3 3215 3254 3255
3 3215 3255 3216
3 3216 3255 3256
3 3216 3256 3217
3 3217 3256 3257
3 3217 3257 3218
3 3218 3257 3258
3 3218 3258 3219
3 3219 3258 3259
3 3219 3259 3220
3 3220 3259 3260
3 3220 3260 3221
3 3221 3260 3261
3 3221 3261 3222
3 3222 3261 3262
3 3222 3262 3223
3 3223 3262 3263
3 3223 3263 3224
3 3224 3263 3264
3 3224 3264 3225
3 3225 3264 3265
3 3225 3265 3226
3 3226 3265 3266
3 3226 3266 3227
3 3227 3266 3267
3 3227 3267 3228
3 3228 3267 3268
3 3228 3268 3229
3 3229 3268 3269
3 3229 3269 3230
3 3230 3269 3270
3 3230 3270 3231
3 3231 3270 3271
3 3231 3271 3232
3 3232 3271 3272
3 3232 3272 3233
3 3233 3272 3273
3 3233 3273 3234
3 3234 3273 3274
3 3234 3274 3235
3 3235 3274 3275
3 3235 3275 3236
3 3236 3275 3276
3 3236 3276 3237
3 3237 3276 3277
3 3237 3277 3238
3 3238 3277 3278
3 3238 3278 3239
3 3239 3278 3279
3 3240 3280 3241
3 3241 3280 3281
3 3241 3281 3242
3 3242 3281 3282
3 3242 3282 3243
3 3243 3282 3283
3 3243 3283 3244
3 3244 3283 3284
3 3244 3284 3245
3 3245 3284 3285
3 3245 3285 3246
3 3246 3285 3286
3 3246 3286 3247
3 3247 3286 3287
3 3247 3287 3248
3 3248 3287 3288
3 3248 3288 3249
3 3249 3288 3289
3 3249 3289 3250
3 3250 3289 3290
3 3250 3290 3251
3 3251 3290 3291
3 3251 3291 3252
3 3252 3291 3292
3 3252 3292 3253
3 3253 3292 3293
3 3253 3293 3254
3 3254 3293 3294
3 3254 3294 3255
3 3255 3294 3295
3 3255 3295 3256
3 3256 3295 3296
3 3256 3296 3257
3 3257 3296 3297
3 3257 3297 3258
3 3258 3297 3298
3 3258 3298 3259
3 3259 3298 3299
3 3259 3299 3260
3 3260 3299 3300
3 3260 3300 3261
3 3261 3300 3301
3 3261 3301 3262
3 3262 3301 3302
3 3262 3302 3263
3 3263 3302 3303
3 3263 3303 3264
3 3264 3303 3304
3 3264 3304 3265
3 3265 3304 3305
3 3265 3305 3266
3 3266 3305 3306
3 3266 3306 3267
3 3267 3306 3307
3 3267 3307 3268
3 3268 3307 3308
3 3268 3308 3269
3 3269 3308 3309
3 3269 3309 3270
3 3270 3309 3310
3 3270 3310 3271
3 3271 3310 3311
3 3271 3311 3272
3 3272 3311 3312
3 3272 3312 3273
3 3273 3312 3313
3 3273 3313 3274
3 3274 3313 3314
3 3274 3314 3275
3 3275 3314 3315
3 3275 3315 3276
3 3276 3315 3316
3 3276 3316 3277
3 3277 3316 3317
3 3277 3317 3278
3 3278 3317 3318
3 3278 3318 3279
3 3279 3318 3319
3 3280 3320 3281
3 3281 3320 3321
3 3281 3321 3282
3 3282 3321 3322
3 3282 3322 3283
3 3283 3322 3323
3 3283 3323 3284
3 3284 3323 3324
3 3284 3324 3285
3 3285 3324 3325
3 3285 3325 3286
3 3286 3325 3326
3 3286 3326 3287
3 3287 3326 3327
3 3287 3327 3288
3 3288 3327 3328
3 3288 3328 3289
3 3289 3328 3329
3 3289 3329 3290
3 3290 3329 3330
3 3290 3330 3291
3 3291 3330 3331
3 3291 3331 3292
3 3292 3331 3332
3 3292 3332 3293
3 3293 3332 3333
3 3293 3333 3294
3 3294 3333 3334
3 3294 3334 3295
3 3295 3334 3335
3 3295 3335 3296
3 3296 3335 3336
3 3296 3336 3297
3 3297 3336 3337
3 3297 3337 3298
3 3298 3337 3338
3 3298 3338 3299
3 3299 3338 3339
3 3299 3339 3300
3 3300 3339 3340
3 3300 3340 3301
3 3301 3340 3341
3 3301 3341 3302
3 3302 3341 3342
3 3302 3342 3303
3 3303 3342 3343
3 3303 3343 3304
3 3304 3343 3344
3 3304 3344 3305
3 3305 3344 3345
3 3305 3345 3306
3 3306 3345 3346
3 3306 3346 3307
3 3307 3346 3347
3 3307 3347 3308
3 3308 3347 3348
3 3308 3348 3309
3 3309 3348 3349
3 3309 3349 3310
3 3310 3349 3350
3 3310 3350 3311
3 3311 3350 3351
3 3311 3351 3312
3 3312 3351 3352
3 3312 3352 3313
3 3313 3352 3353
3 3313 3353 3314
3 3314 3353 3354
3 3314 3354 3315
3 3315 3354 3355
3 3315 3355 3316
3 3316 3355 3356
3 3316 3356 3317
3 3317 3356 3357
3 3317 3357 3318
3 3318 3357 3358
3 3318 3358 3319
3 3319 3358 3359
3 3320 3360 3321
3 3321 3360 3361
3 3321 3361 3322
3 3322 3361 3362
3 3322 3362 3323
3 3323 3362 3363
3 3323 3363 3324
3 3324 3363 3364
3 3324 3364 3325
3 3325 3364 3365
3 3325 3365 3326
3 3326 3365 3366
3 3326 3366 3327
3 3327 3366 3367
3 3327 3367 3328
3 3328 3367 3368
3 3328 3368 3329
3 3329 3368 3369
3 3329 3369 3330
3 3330 3369 3370
3 3330 3370 3331
3 3331 3370 3371
3 3331 3371 3332
3 3332 3371 3372
3 3332 3372 3333
3 3333 3372 3373
3 3333 3373 3334
3 3334 3373 3374
3 3334 3374 3335
3 3335 3374 3375
3 3335 3375 3336
3 3336 3375 3376
3 3336 3376 3337
3 3337 3376 3377
3 3337 3377 3338
3 3338 3377 3378
3 3338 3378 3339
3 3339 3378 3379
3 3339 3379 3340
3 3340 3379 3380
3 3340 3380 3341
3 3341 3380 3381
3 3341 3381 3342
3 3342 3381 3382
3 3342 3382 3343
3 3343 3382 3383
3 3343 3383 3344
3 3344 3383 3384
3 3344 3384 3345
3 3345 3384 3385
3 3345 3385 3346
3 3346 3385 3386
3 3346 3386 3347
3 3347 3386 3387
3 3347 3387 3348
3 3348 3387 3388
3 3348 3388 3349
3 3349 3388 3389
3 3349 3389 3350
3 3350 3389 3390
3 3350 3390 3351
3 3351 3390 3391
3 3351 3391 3352
3 3352 3391 3392
3 3352 3392 3353
3 3353 3392 3393
3 3353 3393 3354
3 3354 3393 3394
3 3354 3394 3355
3 3355 3394 3395
3 3355 3395 3356
3 3356 3395 3396
3 3356 3396 3357
3 3357 3396 3397
3 3357 3397 3358
3 3358 3397 3398
3 3358 3398 3359
3 3359 3398 3399
3 3360 3400 3361
3 3361 3400 3401
3 3361 3401 3362
3 3362 3401 3402
3 3362 3402 3363
3 3363 3402 3403
3 3363 3403 3364
3 3364 3403 3404
3 3364 3404 3365
3 3365 3404 3405
3 3365 3405 3366
3 3366 3405 3406
3 3366 3406 3367
3 3367 3406 3407
3 3367 3407 3368
3 3368 3407 3408
3 3368 3408 3369
3 3369 3408 3409
3 3369 3409 3370
3 3370 3409 3410
3 3370 3410 3371
3 3371 3410 3411
3 3371 3411 3372
3 3372 3411 3412
3 3372 3412 3373
3 3373 3412 3413
3 3373 3413 3374
3 3374 3413 3414
3 3374 3414 3375
3 3375 3414 3415
3 3375 3415 3376
3 3376 3415 3416
3 3376 3416 3377
3 3377 3416 3417
3 3377 3417 3378
3 3378 3417 3418
3 3378 3418 3379
3 3379 3418 3419
3 3379 3419 3380
3 3380 3419 3420
3 3380 3420 3381
3 3381 3420 3421
3 3381 3421 3382
3 3382 3421 3422
3 3382 3422 3383
3 3383 3422 3423
3 3383 3423 3384
3 3384 3423 3424
3 3384 3424 3385
3 3385 3424 3425
3 3385 3425 3386
3 3386 3425 3426
3 3386 3426 3387
3 3387 3426 3427
3 3387 3427 3388
3 3388 3427 3428
3 3388 3428 3389
3 3389 3428 3429
3 3389 3429 3390
3 3390 3429 3430
3 3390 3430 3391
3 3391 3430 3431
3 3391 3431 3392
3 3392 3431 3432
3 3392 3432 3393
3 3393 3432 3433
3 3393 3433 3394
3 3394 3433 3434
3 3394 3434 3395
3 3395 3434 3435
3 3395 3435 3396
3 3396 3435 3436
3 3396 3436 3397
3 3397 3436 3437
3 3397 3437 3398
3 3398 3437 3438
3 3398 3438 3399
3 3399 3438 3439
3 3400 3440 3401
3 3401 3440 3441
3 3401 3441 3402
3 3402 3441 3442
3 3402 3442 3403
3 3403 3442 3443
3 3403 3443 3404
3 3404 3443 3444
3 3404 3444 3405
3 3405 3444 3445
3 3405 3445 3406
3 3406 3445 3446
3 3406 3446 3407
3 3407 3446 3447
3 3407 3447 3408
3 3408 3447 3448
3 3408 3448 3409
3 3409 3448 3449
3 3409 3449 3410
3 3410 3449 3450
3 3410 3450 3411
3 3411 3450 3451
3 3411 3451 3412
3 3412 3451 3452
3 3412 3452 3413
3 3413 3452 3453
3 3413 3453 3414
3 3414 3453 3454
3 3414 3454 3415
3 3415 3454 3455
3 3415 3455 3416
3 3416 3455 3456
3 3416 3456 3417
3 3417 3456 3457
3 3417 3457 3418
3 3418 3457 3458
3 3418 3458 3419
3 3419 3458 3459
3 3419 3459 3420
3 3420 3459 3460
3 3420 3460 3421
3 3421 3460 3461
3 3421 3461 3422
3 3422 3461 3462
3 3422 3462 3423
3 3423 3462 3463
3 3423 3463 3424
3 3424 3463 3464
3 3424 3464 3425
3 3425 3464 3465
3 3425 3465 3426
3 3426 3465 3466
3 3426 3466 3427
3 3427 3466 3467
3 3427 3467 3428
3 3428 3467 3468
3 3428 3468 3429
3 3429 3468 3469
3 3429 3469 3430
3 3430 3469 3470
3 3430 3470 3431
3 3431 3470 3471
3 3431 3471 3432
3 3432 3471 3472
3 3432 3472 3433
3 3433 3472 3473
3 3433 3473 3434
3 3434 3473 3474
3 3434 3474 3435
3 3435 3474 3475
3 3435 3475 3436
3 3436 3475 3476
3 3436 3476 3437
3 3437 3476 3477
3 3437 3477 3438
3 3438 3477 3478
3 3438 3478 3439
3 3439 3478 3479
3 3440 3480 3441
3 3441 3480 3481
3 3441 3481 3442
3 3442 3481 3482
3 3442 3482 3443
3 3443 3482 3483
3 3443 3483 3444
3 3444 3483 3484
3 3444 3484 3445
3 3445 3484 3485
3 3445 3485 3446
3 3446 3485 3486
3 3446 3486 3447
3 3447 3486 3487
3 3447 3487 3448
3 3448 3487 3488
3 3448 3488 3449
3 3449 3488 3489
3 3449 3489 3450
3 3450 3489 3490
3 3450 3490 3451
3 3451 3490 3491
3 3451 3491 3452
3 3452 3491 3492
3 3452 3492 3453
3 3453 3492 3493
3 3453 3493 3454
3 3454 3493 3494
3 3454 3494 3455
3 3455 3494 3495
3 3455 3495 3456
3 3456 3495 3496
3 3456 3496 3457
3 3457 3496 3497
3 3457 3497 3458
3 3458 3497 3498
3 3458 3498 3459
3 3459 3498 3499
3 3459 3499 3460
3 3460 3499 3500
3 3460 3500 3461
3 3461 3500 3501
3 3461 3501 3462
3 3462 3501 3502
3 3462 3502 3463
3 3463 3502 3503
3 3463 3503 3464
3 3464 3503 3504
3 3464 3504 3465
3 3465 3504 3505
3 3465 3505 3466
3 3466 3505 3506
3 3466 3506 3467
3 3467 3506 3507
3 3467 3507 3468
3 3468 3507 3508
3 3468 3508 3469
3 3469 3508 3509
3 3469 3509 3470
3 3470 3509 3510
3 3470 3510 3471
3 3471 3510 3511
3 3471 3511 3472
3 3472 3511 3512
3 3472 3512 3473
3 3473 3512 3513
3 3473 3513 3474
3 3474 3513 3514
3 3474 3514 3475
3 3475 3514 3515
3 3475 3515 3476
3 3476 3515 3516
3 3476 3516 3477
3 3477 3516 3517
3 3477 3517 3478
3 3478 3517 3518
3 3478 3518 3479
3 3479 3518 3519
3 3480 3520 3481
3 3481 3520 3521
3 3481 3521 3482
3 3482 3521 3522
3 3482 3522 3483
3 3483 3522 3523
3 3483 3523 3484
3 3484 3523 3524
3 3484 3524 3485
3 3485 3524 3525
3 3485 3525 3486
3 3486 3525 3526
3 3486 3526 3487
3 3487 3526 3527
3 3487 3527 3488
3 3488 3527 3528
3 3488 3528 3489
3 3489 3528 3529
3 3489 3529 3490
3 3490 3529 3530
3 3490 3530 3491
3 3491 3530 3531
3 3491 3531 3492
3 3492 3531 3532
3 3492 3532 3493
3 3493 3532 3533
3 3493 3533 3494
3 3494 3533 3534
3 3494 3534 3495
3 3495 3534 3535
3 3495 3535 3496
3 3496 3535 3536
3 3496 3536 3497
3 3497 3536 3537
3 3497 3537 3498
3 3498 3537 3538
3 3498 3538 3499
3 3499 3538 3539
3 3499 3539 3500
3 3500 3539 3540
3 3500 3540 3501
3 3501 3540 3541
3 3501 3541 3502
3 3502 3541 3542
3 3502 3542 3503
3 3503 3542 3543
3 3503 3543 3504
3 3504 3543 3544
3 3504 3544 3505
3 3505 3544 3545
3 3505 3545 3506
3 3506 3545 3546
3 3506 3546 3507
3 3507 3546 3547
3 3507 3547 3508
3 3508 3547 3548
3 3508 3548 3509
3 3509 3548 3549
3 3509 3549 3510
3 3510 3549 3550
3 3510 3550 3511
3 3511 3550 3551
3 3511 3551 3512
3 3512 3551 3552
3 3512 3552 3513
3 3513 3552 3553
3 3513 3553 3514
3 3514 3553 3554
3 3514 3554 3515
3 3515 3554 3555
3 3515 3555 3516
3 3516 3555 3556
3 3516 3556 3517
3 3517 3556 3557
3 3517 3557 3518
3 3518 3557 3558
3 3518 3558 3519
3 3519 3558 3559
3 3520 3560 3521
3 3521 3560 3561
3 3521 3561 3522
3 3522 3561 3562
3 3522 3562 3523
3 3523 3562 3563
3 3523 3563 3524
3 3524 3563 3564
3 3524 3564 3525
3 3525 3564 3565
3 3525 3565 3526
3 3526 3565 3566
3 3526 3566 3527
3 3527 3566 3567
3 3527 3567 3528
3 3528 3567 3568
3 3528 3568 3529
3 3529 3568 3569
3 3529 3569 3530
3 3530 3569 3570
3 3530 3570 3531
3 3531 3570 3571
3 3531 3571 3532
3 3532 3571 3572
3 3532 3572 3533
3 3533 3572 3573
3 3533 3573 3534
3 3534 3573 3574
3 3534 3574 3535
3 3535 3574 3575
3 3535 3575 3536
3 3536 3575 3576
3 3536 3576 3537
3 3537 3576 3577
3 3537 3577 3538
3 3538 3577 3578
3 3538 3578 3539
3 3539 3578 3579
3 3539 3579 3540
3 3540 3579 3580
3 3540 3580 3541
3 3541 3580 3581
3 3541 3581 3542
3 3542 3581 3582
3 3542 3582 3543
3 3543 3582 3583
3 3543 3583 3544
3 3544 3583 3584
3 3544 3584 3545
3 3545 3584 3585
3 3545 3585 3546
3 3546 3585 3586
3 3546 3586 3547
3 3547 3586 3587
3 3547 3587 3548
3 3548 3587 3588
3 3548 3588 3549
3 3549 3588 3589
3 3549 3589 3550
3 3550 3589 3590
3 3550 3590 3551
3 3551 3590 3591
3 3551 3591 3552
3 3552 3591 3592
3 3552 3592 3553
3 3553 3592 3593
3 3553 3593 3554
3 3554 3593 3594
3 3554 3594 3555
3 3555 3594 3595
3 3555 3595 3556
3 3556 3595 3596
3 3556 3596 3557
3 3557 3596 3597
3 3557 3597 3558
3 3558 3597 3598
3 3558 3598 3559
3 3559 3598 3599
3 3560 3600 3561
3 3561 3600 3601
3 3561 3601 3562
3 3562 3601 3602
3 3562 3602 3563
3 3563 3602 3603
3 3563 3603 3564
3 3564 3603 3604
3 3564 3604 3565
3 3565 3604 3605
3 3565 3605 3566
3 3566 3605 3606
3 3566 3606 3567
3 3567 3606 3607
3 3567 3607 3568
3 3568 3607 3608
3 3568 3608 3569
3 3569 3608 3609
3 3569 3609 3570
3 3570 3609 3610
3 3570 3610 3571
3 3571 3610 3611
3 3571 3611 3572
3 3572 3611 3612
3 3572 3612 3573
3 3573 3612 3613
3 3573 3613 3574
3 3574 3613 3614
3 3574 3614 3575
3 3575 3614 3615
3 3575 3615 3576
3 3576 3615 3616
3 3576 3616 3577
3 3577 3616 3617
3 3577 3617 3578
3 3578 3617 3618
3 3578 3618 3579
3 3579 3618 3619
3 3579 3619 3580
3 3580 3619 3620
3 3580 3620 3581
3 3581 3620 3621
3 3581 3621 3582
3 3582 3621 3622
3 3582 3622 3583
3 3583 3622 3623
3 3583 3623 3584
3 3584 3623 3624
3 3584 3624 3585
3 3585 3624 3625
3 3585 3625 3586
3 3586 3625 3626
3 3586 3626 3587
3 3587 3626 3627
3 3587 3627 3588
3 3588 3627 3628
3 3588 3628 3589
3 3589 3628 3629
3 3589 3629 3590
3 3590 3629 3630
3 3590 3630 3591
3 3591 3630 3631
3 3591 3631 3592
3 3592 3631 3632
3 3592 3632 3593
3 3593 3632 3633
3 3593 3633 3594
3 3594 3633 3634
3 3594 3634 3595
3 3595 3634 3635
3 3595 3635 3596
3 3596 3635 3636
3 3596 3636 3597
3 3597 3636 3637
3 3597 3637 3598
3 3598 3637 3638
3 3598 3638 3599
3 3599 3638 3639
3 3600 3640 3601
3 3601 3640 3641
3 3601 3641 3602
3 3602 3641 3642
3 3602 3642 3603
3 3603 3642 3643
3 3603 3643 3604
3 3604 3643 3644
3 3604 3644 3605
3 3605 3644 3645
3 3605 3645 3606
3 3606 3645 3646
3 3606 3646 3607
3 3607 3646 3647
3 3607 3647 3608
3 3608 3647 3648
3 3608 3648 3609
3 3609 3648 3649
3 3609 3649 3610
3 3610 3649 3650
3 3610 3650 3611
3 3611 3650 3651
3 3611 3651 3612
3 3612 3651 3652
3 3612 3652 3613
3 3613 3652 3653
3 3613 3653 3614
3 3614 3653 3654
3 3614 3654 3615
3 3615 3654 3655
3 3615 3655 3616
3 3616 3655 3656
3 3616 3656 3617
3 3617 3656 3657
3 3617 3657 3618
3 3618 3657 3658
3 3618 3658 3619
3 3619 3658 3659
3 3619 3659 3620
3 3620 3659 3660
3 3620 3660 3621
3 3621 3660 3661
3 3621 3661 3622
3 3622 3661 3662
3 3622 3662 3623
3 3623 3662 3663
3 3623 3663 3624
3 3624 3663 3664
3 3624 3664 3625
3 3625 3664 3665
3 3625 3665 3626
3 3626 3665 3666
3 3626 3666 3627
3 3627 3666 3667
3 3627 3667 3628
3 3628 3667 3668
3 3628 3668 3629
3 3629 3668 3669
3 3629 3669 3630
3 3630 3669 3670
3 3630 3670 3631
3 3631 3670 3671
3 3631 3671 3632
3 3632 3671 3672
3 3632 3672 3633
3 3633 3672 3673
3 3633 3673 3634
3 3634 3673 3674
3 3634 3674 3635
3 3635 3674 3675
3 3635 3675 3636
3 3636 3675 3676
3 3636 3676 3637
3 3637 3676 3677
3 3637 3677 3638
3 3638 3677 3678
3 3638 3678 3639
3 3639 3678 3679
3 3640 3680 3641
3 3641 3680 3681
3 3641 3681 3642
3 3642 3681 3682
3 3642 3682 3643
3 3643 3682 3683
3 3643 3683 3644
3 3644 3683 3684
3 3644 3684 3645
3 3645 3684 3685
3 3645 3685 3646
3 3646 3685 3686
3 3646 3686 3647
3 3647 3686 3687
3 3647 3687 3648
3 3648 3687 3688
3 3648 3688 3649
3 3649 3688 3689
3 3649 3689 3650
3 3650 3689 3690
3 3650 3690 3651
3 3651 3690 3691
3 3651 3691 3652
3 3652 3691 3692
3 3652 3692 3653
3 3653 3692 3693
3 3653 3693 3654
3 3654 3693 3694
3 3654 3694 3655
3 3655 3694 3695
3 3655 3695 3656
3 3656 3695 3696
3 3656 3696 3657
3 3657 3696 3697
3 3657 3697 3658
3 3658 3697 3698
3 3658 3698 3659
3 3659 3698 3699
3 3659 3699 3660
3 3660 3699 3700
3 3660 3700 3661
3 3661 3700 3701
3 3661 3701 3662
3 3662 3701 3702
3 3662 3702 3663
3 3663 3702 3703
3 3663 3703 3664
3 3664 3703 3704
3 3664 3704 3665
3 3665 3704 3705
3 3665 3705 3666
3 3666 3705 3706
3 3666 3706 3667
3 3667 3706 3707
3 3667 3707 3668
3 3668 3707 3708
3 3668 3708 3669
3 3669 3708 3709
3 3669 3709 3670
3 3670 3709 3710
3 3670 3710 3671
3 3671 3710 3711
3 3671 3711 3672
3 3672 3711 3712
3 3672 3712 3673
3 3673 3712 3713
3 3673 3713 3674
3 3674 3713 3714
3 3674 3714 3675
3 3675 3714 3715
3 3675 3715 3676
3 3676 3715 3716
3 3676 3716 3677
3 3677 3716 3717
3 3677 3717 3678
3 3678 3717 3718
3 3678 3718 3679
3 3679 3718 3719
3 3680 3720 3681
3 3681 3720 3721
3 3681 3721 3682
3 3682 3721 3722
3 3682 3722 3683
3 3683 3722 3723
3 3683 3723 3684
3 3684 3723 3724
3 3684 3724 3685
3 3685 3724 3725
3 3685 3725 3686
3 3686 3725 3726
3 3686 3726 3687
3 3687 3726 3727
3 3687 3727 3688
3 3688 3727 3728
3 3688 3728 3689
3 3689 3728 3729
3 3689 3729 3690
3 3690 3729 3730
3 3690 3730 3691
3 3691 3730 3731
3 3691 3731 3692
3 3692 3731 3732
3 3692 3732 3693
3 3693 3732 3733
3 3693 3733 3694
3 3694 3733 3734
3 3694 3734 3695
3 3695 3734 3735
3 3695 3735 3696
3 3696 3735 3736
3 3696 3736 3697
3 3697 3736 3737
3 3697 3737 3698
3 3698 3737 3738
3 3698 3738 3699
3 3699 3738 3739
3 3699 3739 3700
3 3700 3739 3740
3 3700 3740 3701
3 3701 3740 3741
3 3701 3741 3702
3 3702 3741 3742
3 3702 3742 3703
3 3703 3742 3743
3 3703 3743 3704
3 3704 3743 3744
3 3704 3744 3705
3 3705 3744 3745
3 3705 3745 3706
3 3706 3745 3746
3 3706 3746 3707
3 3707 3746 3747
3 3707 3747 3708
3 3708 3747 3748
3 3708 3748 3709
3 3709 3748 3749
3 3709 3749 3710
3 3710 3749 3750
3 3710 3750 3711
3 3711 3750 3751
3 3711 3751 3712
3 3712 3751 3752
3 3712 3752 3713
3 3713 3752 3753
3 3713 3753 3714
3 3714 3753 3754
3 3714 3754 3715
3 3715 3754 3755
3 3715 3755 3716
3 3716 3755 3756
3 3716 3756 3717
3 3717 3756 3757
3 3717 3757 3718
3 3718 3757 3758
3 3718 3758 3719
3 3719 3758 3759
3 3720 3760 3721
3 3721 3760 3761
3 3721 3761 3722
3 3722 3761 3762
3 3722 3762 3723
3 3723 3762 3763
3 3723 3763 3724
3 3724 3763 3764
3 3724 3764 3725
3 3725 3764 3765
3 3725 3765 3726
3 3726 3765 3766
3 3726 3766 3727
3 3727 3766 3767
3 3727 3767 3728
3 3728 3767 3768
3 3728 3768 3729
3 3729 3768 3769
3 3729 3769 3730
3 3730 3769 3770
3 3730 3770 3731
3 3731 3770 3771
3 3731 3771 3732
3 3732 3771 3772
3 3732 3772 3733
3 3733 3772 3773
3 3733 3773 3734
3 3734 3773 3774
3 3734 3774 3735
3 3735 3774 3775
3 3735 3775 3736
3 3736 3775 3776
3 3736 3776 3737
3 3737 3776 3777
3 3737 3777 3738
3 3738 3777 3778
3 3738 3778 3739
3 3739 3778 3779
3 3739 3779 3740
3 3740 3779 3780
3 3740 3780 3741
3 3741 3780 3781
3 3741 3781 3742
3 3742 3781 3782
3 3742 3782 3743
3 3743 3782 3783
3 3743 3783 3744
3 3744 3783 3784
3 3744 3784 3745
3 3745 3784 3785
3 3745 3785 3746
3 3746 3785 3786
3 3746 3786 3747
3 3747 3786 3787
3 3747 3787 3748
3 3748 3787 3788
3 3748 3788 3749
3 3749 3788 3789
3 3749 3789 3750
3 3750 3789 3790
3 3750 3790 3751
3 3751 3790 3791
3 3751 3791 3752
3 3752 3791 3792
3 3752 3792 3753
3 3753 3792 3793
3 3753 3793 3754
3 3754 3793 3794
3 3754 3794 3755
3 3755 3794 3795
3 3755 3795 3756
3 3756 3795 3796
3 3756 3796 3757
3 3757 3796 3797
3 3757 3797 3758
3 3758 3797 3798
3 3758 3798 3759
3 3759 3798 3799
3 3760 3800 3761
3 3761 3800 3801
3 3761 3801 3762
3 3762 3801 3802
3 3762 3802 3763
3 3763 3802 3803
3 3763 3803 3764
3 3764 3803 3804
3 3764 3804 3765
3 3765 3804 3805
3 3765 3805 3766
3 3766 3805 3806
3 3766 3806 3767
3 3767 3806 3807
3 3767 3807 3768
3 3768 3807 3808
3 3768 3808 3769
3 3769 3808 3809
3 3769 3809 3770
3 3770 3809 3810
3 3770 3810 3771
3 3771 3810 3811
3 3771 3811 3772
3 3772 3811 3812
3 3772 3812 3773
3 3773 3812 3813
3 3773 3813 3774
3 3774 3813 3814
3 3774 3814 3775
3 3775 3814 3815
3 3775 3815 3776
3 3776 3815 3816
3 3776 3816 3777
3 3777 3816 3817
3 3777 3817 3778
3 3778 3817 3818
3 3778 3818 3779
3 3779 3818 3819
3 3779 3819 3780
3 3780 3819 3820
3 3780 3820 3781
3 3781 3820 3821
3 3781 3821 3782
3 3782 3821 3822
3 3782 3822 3783
3 3783 3822 3823
3 3783 3823 3784
3 3784 3823 3824
3 3784 3824 3785
3 3785 3824 3825
3 3785 3825 3786
3 3786 3825 3826
3 3786 3826 3787
3 3787 3826 3827
3 3787 3827 3788
3 3788 3827 3828
3 3788 3828 3789
3 3789 3828 3829
3 3789 3829 3790
3 3790 3829 3830
3 3790 3830 3791
3 3791 3830 3831
3 3791 3831 3792
3 3792 3831 3832
3 3792 3832 3793
3 3793 3832 3833
3 3793 3833 3794
3 3794 3833 3834
3 3794 3834 3795
3 3795 3834 3835
3 3795 3835 3796
3 3796 3835 3836
3 3796 3836 3797
3 3797 3836 3837
3 3797 3837 3798
3 3798 3837 3838
3 3798 3838 3799
3 3799 3838 3839
3 3800 3840 3801
3 3801 3840 3841
3 3801 3841 3802
3 3802 3841 3842
3 3802 3842 3803
3 3803 3842 3843
3 3803 3843 3804
3 3804 3843 3844
3 3804 3844 3805
3 3805 3844 3845
3 3805 3845 3806
3 3806 3845 3846
3 3806 3846 3807
3 3807 3846 3847
3 3807 3847 3808
3 3808 3847 3848
3 3808 3848 3809
3 3809 3848 3849
3 3809 3849 3810
3 3810 3849 3850
3 3810 3850 3811
3 3811 3850 3851
3 3811 3851 3812
3 3812 3851 3852
3 3812 3852 3813
3 3813 3852 3853
3 3813 3853 3814
3 3814 3853 3854
3 3814 3854 3815
3 3815 3854 3855
3 3815 3855 3816
3 3816 3855 3856
3 3816 3856 3817
3 3817 3856 3857
3 3817 3857 3818
3 3818 3857 3858
3 3818 3858 3819
3 3819 3858 3859
3 3819 3859 3820
3 3820 3859 3860
3 3820 3860 3821
3 3821 3860 3861
3 3821 3861 3822
3 3822 3861 3862
3 3822 3862 3823
3 3823 3862 3863
3 3823 3863 3824
3 3824 3863 3864
3 3824 3864 3825
3 3825 3864 3865
3 3825 3865 3826
3 3826 3865 3866
3 3826 3866 3827
3 3827 3866 3867
3 3827 3867 3828
3 3828 3867 3868
3 3828 3868 3829
3 3829 3868 3869
3 3829 3869 3830
3 3830 3869 3870
3 3830 3870 3831
3 3831 3870 3871
3 3831 3871 3832
3 3832 3871 3872
3 3832 3872 3833
3 3833 3872 3873
3 3833 3873 3834
3 3834 3873 3874
3 3834 3874 3835
3 3835 3874 3875
3 3835 3875 3836
3 3836 3875 3876
3 3836 3876 3837
3 3837 3876 3877
3 3837 3877 3838
3 3838 3877 3878
3 3838 3878 3839
3 3839 3878 3879
3 3840 3880 3841
3 3841 3880 3881
3 3841 3881 3842
3 3842 3881 3882
3 3842 3882 3843
3 3843 3882 3883
3 3843 3883 3844
3 3844 3883 3884
3 3844 3884 3845
3 3845 3884 3885
3 3845 3885 3846
3 3846 3885 3886
3 3846 3886 3847
3 3847 3886 3887
3 3847 3887 3848
3 3848 3887 3888
3 3848 3888 3849
3 3849 3888 3889
3 3849 3889 3850
3 3850 3889 3890
3 3850 3890 3851
3 3851 3890 3891
3 3851 3891 3852
3 3852 3891 3892
3 3852 3892 3853
3 3853 3892 3893
3 3853 3893 3854
3 3854 3893 3894
3 3854 3894 3855
3 3855 3894 3895
3 3855 3895 3856
3 3856 3895 3896
3 3856 3896 3857
3 3857 3896 3897
3 3857 3897 3858
3 3858 3897 3898
3 3858 3898 3859
3 3859 3898 3899
3 3859 3899 3860
3 3860 3899 3900
3 3860 3900 3861
3 3861 3900 3901
3 3861 3901 3862
3 3862 3901 3902
3 3862 3902 3863
3 3863 3902 3903
3 3863 3903 3864
3 3864 3903 3904
3 3864 3904 3865
3 3865 3904 3905
3 3865 3905 3866
3 3866 3905 3906
3 3866 3906 3867
3 3867 3906 3907
3 3867 3907 3868
3 3868 3907 3908
3 3868 3908 3869
3 3869 3908 3909
3 3869 3909 3870
3 3870 3909 3910
3 3870 3910 3871
3 3871 3910 3911
3 3871 3911 3872
3 3872 3911 3912
3 3872 3912 3873
3 3873 3912 3913
3 3873 3913 3874
3 3874 3913 3914
3 3874 3914 3875
3 3875 3914 3915
3 3875 3915 3876
3 3876 3915 3916
3 3876 3916 3877
3 3877 3916 3917
3 3877 3917 3878
3 3878 3917 3918
3 3878 3918 3879
3 3879 3918 3919
3 3880 3920 3881
3 3881 3920 3921
3 3881 3921 3882
3 3882 3921 3922
3 3882 3922 3883
3 3883 3922 3923
3 3883 3923 3884
3 3884 3923 3924
3 3884 3924 3885
3 3885 3924 3925
3 3885 3925 3886
3 3886 3925 3926
3 3886 3926 3887
3 3887 3926 3927
3 3887 3927 3888
3 3888 3927 3928
3 3888 3928 3889
3 3889 3928 3929
3 3889 3929 3890
3 3890 3929 3930
3 3890 3930 3891
3 3891 3930 3931
3 3891 3931 3892
3 3892 3931 3932
3 3892 3932 3893
3 3893 3932 3933
3 3893 3933 3894
3 3894 3933 3934
3 3894 3934 3895
3 3895 3934 3935
3 3895 3935 3896
3 3896 3935 3936
3 3896 3936 3897
3 3897 3936 3937
3 3897 3937 3898
3 3898 3937 3938
3 3898 3938 3899
3 3899 3938 3939
3 3899 3939 3900
3 3900 3939 3940
3 3900 3940 3901
3 3901 3940 3941
3 3901 3941 3902
3 3902 3941 3942
3 3902 3942 3903
3 3903 3942 3943
3 3903 3943 3904
3 3904 3943 3944
3 3904 3944 3905
3 3905 3944 3945
3 3905 3945 3906
3 3906 3945 3946
3 3906 3946 3907
3 3907 3946 3947
3 3907 3947 3908
3 3908 3947 3948
3 3908 3948 3909
3 3909 3948 3949
3 3909 3949 3910
3 3910 3949 3950
3 3910 3950 3911
3 3911 3950 3951
3 3911 3951 3912
3 3912 3951 3952
3 3912 3952 3913
3 3913 3952 3953
3 3913 3953 3914
3 3914 3953 3954
3 3914 3954 3915
3 3915 3954 3955
3 3915 3955 3916
3 3916 3955 3956
3 3916 3956 3917
3 3917 3956 3957
3 3917 3957 3918
3 3918 3957 3958
3 3918 3958 3919
3 3919 3958 3959
3 3920 3960 3921
3 3921 3960 3961
3 3921 3961 3922
3 3922 3961 3962
3 3922 3962 3923
3 3923 3962 3963
3 3923 3963 3924
3 3924 3963 3964
3 3924 3964 3925
3 3925 3964 3965
3 3925 3965 3926
3 3926 3965 3966
3 3926 3966 3927
3 3927 3966 3967
3 3927 3967 3928
3 3928 3967 3968
3 3928 3968 3929
3 3929 3968 3969
3 3929 3969 3930
3 3930 3969 3970
3 3930 3970 3931
3 3931 3970 3971
3 3931 3971 3932
3 3932 3971 3972
3 3932 3972 3933
3 3933 3972 3973
3 3933 3973 3934
3 3934 3973 3974
3 3934 3974 3935
3 3935 3974 3975
3 3935 3975 3936
3 3936 3975 3976
3 3936 3976 3937
3 3937 3976 3977
3 3937 3977 3938
3 3938 3977 3978
3 3938 3978 3939
3 3939 3978 3979
3 3939 3979 3940
3 3940 3979 3980
3 3940 3980 3941
3 3941 3980 3981
3 3941 3981 3942
3 3942 3981 3982
3 3942 3982 3943
3 3943 3982 3983
3 3943 3983 3944
3 3944 3983 3984
3 3944 3984 3945
3 3945 3984 3985
3 3945 3985 3946
3 3946 3985 3986
3 3946 3986 3947
3 3947 3986 3987
3 3947 3987 3948
3 3948 3987 3988
3 3948 3988 3949
3 3949 3988 3989
3 3949 3989 3950
3 3950 3989 3990
3 3950 3990 3951
3 3951 3990 3991
3 3951 3991 3952
3 3952 3991 3992
3 3952 3992 3953
3 3953 3992 3993
3 3953 3993 3954
3 3954 3993 3994
3 3954 3994 3955
3 3955 3994 3995
3 3955 3995 3956
3 3956 3995 3996
3 3956 3996 3957
3 3957 3996 3997
3 3957 3997 3958
3 3958 3997 3998
3 3958 3998 3959
3 3959 3998 3999
3 3960 4000 3961
3 3961 4000 4001
3 3961 4001 3962
3 3962 4001 4002
3 3962 4002 3963
3 3963 4002 4003
3 3963 4003 3964
3 3964 4003 4004
3 3964 4004 3965
3 3965 4004 4005
3 3965 4005 3966
3 3966 4005 4006
3 3966 4006 3967
3 3967 4006 4007
3 3967 4007 3968
3 3968 4007 4008
3 3968 4008 3969
3 3969 4008 4009
3 3969 4009 3970
3 3970 4009 4010
3 3970 4010 3971
3 3971 4010 4011
3 3971 4011 3972
3 3972 4011 4012
3 3972 4012 3973
3 3973 4012 4013
3 3973 4013 3974
3 3974 4013 4014
3 3974 4014 3975
3 3975 4014 4015
3 3975 4015 3976
3 3976 4015 4016
3 3976 4016 3977
3 3977 4016 4017
3 3977 4017 3978
3 3978 4017 4018
3 3978 4018 3979
3 3979 4018 4019
3 3979 4019 3980
3 3980 4019 4020
3 3980 4020 3981
3 3981 4020 4021
3 3981 4021 3982
3 3982 4021 4022
3 3982 4022 3983
3 3983 4022 4023
3 3983 4023 3984
3 3984 4023 4024
3 3984 4024 3985
3 3985 4024 4025
3 3985 4025 3986
3 3986 4025 4026
3 3986 4026 3987
3 3987 4026 4027
3 3987 4027 3988
3 3988 4027 4028
3 3988 4028 3989
3 3989 4028 4029
3 3989 4029 3990
3 3990 4029 4030
3 3990 4030 3991
3 3991 4030 4031
3 3991 4031 3992
3 3992 4031 4032
3 3992 4032 3993
3 3993 4032 4033
3 3993 4033 3994
3 3994 4033 4034
3 3994 4034 3995
3 3995 4034 4035
3 3995 4035 3996
3 3996 4035 4036
3 3996 4036 3997
3 3997 4036 4037
3 3997 4037 3998
3 3998 4037 4038
3 3998 4038 3999
3 3999 4038 4039
3 4000 4040 4001
3 4001 4040 4041
3 4001 4041 4002
3 4002 4041 4042
3 4002 4042 4003
3 4003 4042 4043
3 4003 4043 4004
3 4004 4043 4044
3 4004 4044 4005
3 4005 4044 4045
3 4005 4045 4006
3 4006 4045 4046
3 4006 4046 4007
3 4007 4046 4047
3 4007 4047 4008
3 4008 4047 4048
3 4008 4048 4009
3 4009 4048 4049
3 4009 4049 4010
3 4010 4049 4050
3 4010 4050 4011
3 4011 4050 4051
3 4011 4051 4012
3 4012 4051 4052
3 4012 4052 4013
3 4013 4052 4053
3 4013 4053 4014
3 4014 4053 4054
3 4014 4054 4015
3 4015 4054 4055
3 4015 4055 4016
3 4016 4055 4056
3 4016 4056 4017
3 4017 4056 4057
3 4017 4057 4018
3 4018 4057 4058
3 4018 4058 4019
3 4019 4058 4059
3 4019 4059 4020
3 4020 4059 4060
3 4020 4060 4021
3 4021 4060 4061
3 4021 4061 4022
3 4022 4061 4062
3 4022 4062 4023
3 4023 4062 4063
3 4023 4063 4024
3 4024 4063 4064
3 4024 4064 4025
3 4025 4064 4065
3 4025 4065 4026
3 4026 4065 4066
3 4026 4066 4027
3 4027 4066 4067
3 4027 4067 4028
3 4028 4067 4068
3 4028 4068 4029
3 4029 4068 4069
3 4029 4069 4030
3 4030 4069 4070
3 4030 4070 4031
3 4031 4070 4071
3 4031 4071 4032
3 4032 4071 4072
3 4032 4072 4033
3 4033 4072 4073
3 4033 4073 4034
3 4034 4073 4074
3 4034 4074 4035
3 4035 4074 4075
3 4035 4075 4036
3 4036 4075 4076
3 4036 4076 4037
3 4037 4076 4077
3 4037 4077 4038
3 4038 4077 4078
3 4038 4078 4039
3 4039 4078 4079
3 4040 4080 4041
3 4041 4080 4081
3 4041 4081 4042
3 4042 4081 4082
3 4042 4082 4043
3 4043 4082 4083
3 4043 4083 4044
3 4044 4083 4084
3 4044 4084 4045
3 4045 4084 4085
3 4045 4085 4046
3 4046 4085 4086
3 4046 4086 4047
3 4047 4086 4087
3 4047 4087 4048
3 4048 4087 4088
3 4048 4088 4049
3 4049 4088 4089
3 4049 4089 4050
3 4050 4089 4090
3 4050 4090 4051
3 4051 4090 4091
3 4051 4091 4052
3 4052 4091 4092
3 4052 4092 4053
3 4053 4092 4093
3 4053 4093 4054
3 4054 4093 4094
3 4054 4094 4055
3 4055 4094 4095
3 4055 4095 4056
3 4056 4095 4096
3 4056 4096 4057
3 4057 4096 4097
3 4057 4097 4058
3 4058 4097 4098
3 4058 4098 4059
3 4059 4098 4099
3 4059 4099 4060
3 4060 4099 4100
3 4060 4100 4061
3 4061 4100 4101
3 4061 4101 4062
3 4062 4101 4102
3 4062 4102 4063
3 4063 4102 4103
3 4063 4103 4064
3 4064 4103 4104
3 4064 4104 4065
3 4065 4104 4105
3 4065 4105 4066
3 4066 4105 4106
3 4066 4106 4067
3 4067 4106 4107
3 4067 4107 4068
3 4068 4107 4108
3 4068 4108 4069
3 4069 4108 4109
3 4069 4109 4070
3 4070 4109 4110
3 4070 4110 4071
3 4071 4110 4111
3 4071 4111 4072
3 4072 4111 4112
3 4072 4112 4073
3 4073 4112 4113
3 4073 4113 4074
3 4074 4113 4114
3 4074 4114 4075
3 4075 4114 4115
3 4075 4115 4076
3 4076 4115 4116
3 4076 4116 4077
3 4077 4116 4117
3 4077 4117 4078
3 4078 4117 4118
3 4078 4118 4079
3 4079 4118 4119
3 4080 4120 4081
3 4081 4120 4121
3 4081 4121 4082
3 4082 4121 4122
3 4082 4122 4083
3 4083 4122 4123
3 4083 4123 4084
3 4084 4123 4124
3 4084 4124 4085
3 4085 4124 4125
3 4085 4125 4086
3 4086 4125 4126
3 4086 4126 4087
3 4087 4126 4127
3 4087 4127 4088
3 4088 4127 4128
3 4088 4128 4089
3 4089 4128 4129
3 4089 4129 4090
3 4090 4129 4130
3 4090 4130 4091
3 4091 4130 4131
3 4091 4131 4092
3 4092 4131 4132
3 4092 4132 4093
3 4093 4132 4133
3 4093 4133 4094
3 4094 4133 4134
3 4094 4134 4095
3 4095 4134 4135
3 4095 4135 4096
3 4096 4135 4136
3 4096 4136 4097
3 4097 4136 4137
3 4097 4137 4098
3 4098 4137 4138
3 4098 4138 4099
3 4099 4138 4139
3 4099 4139 4100
3 4100 4139 4140
3 4100 4140 4101
3 4101 4140 4141
3 4101 4141 4102
3 4102 4141 4142
3 4102 4142 4103
3 4103 4142 4143
3 4103 4143 4104
3 4104 4143 4144
3 4104 4144 4105
3 4105 4144 4145
3 4105 4145 4106
3 4106 4145 4146
3 4106 4146 4107
3 4107 4146 4147
3 4107 4147 4108
3 4108 4147 4148
3 4108 4148 4109
3 4109 4148 4149
3 4109 4149 4110
3 4110 4149 4150
3 4110 4150 4111
3 4111 4150 4151
3 4111 4151 4112
3 4112 4151 4152
3 4112 4152 4113
3 4113 4152 4153
3 4113 4153 4114
3 4114 4153 4154
3 4114 4154 4115
3 4115 4154 4155
3 4115 4155 4116
3 4116 4155 4156
3 4116 4156 4117
3 4117 4156 4157
3 4117 4157 4118
3 4118 4157 4158
3 4118 4158 4119
3 4119 4158 4159
3 4120 4160 4121
3 4121 4160 4161
3 4121 4161 4122
3 4122 4161 4162
3 4122 4162 4123
3 4123 4162 4163
3 4123 4163 4124
3 4124 4163 4164
3 4124 4164 4125
3 4125 4164 4165
3 4125 4165 4126
3 4126 4165 4166
3 4126 4166 4127
3 4127 4166 4167
3 4127 4167 4128
3 4128 4167 4168
3 4128 4168 4129
3 4129 4168 4169
3 4129 4169 4130
3 4130 4169 4170
3 4130 4170 4131
3 4131 4170 4171
3 4131 4171 4132
3 4132 4171 4172
3 4132 4172 4133
3 4133 4172 4173
3 4133 4173 4134
3 4134 4173 4174
3 4134 4174 4135
3 4135 4174 4175
3 4135 4175 4136
3 4136 4175 4176
3 4136 4176 4137
3 4137 4176 4177
3 4137 4177 4138
3 4138 4177 4178
3 4138 4178 4139
3 4139 4178 4179
3 4139 4179 4140
3 4140 4179 4180
3 4140 4180 4141
3 4141 4180 4181
3 4141 4181 4142
3 4142 4181 4182
3 4142 4182 4143
3 4143 4182 4183
3 4143 4183 4144
3 4144 4183 4184
3 4144 4184 4145
3 4145 4184 4185
3 4145 4185 4146
3 4146 4185 4186
3 4146 4186 4147
3 4147 4186 4187
3 4147 4187 4148
3 4148 4187 4188
3 4148 4188 4149
3 4149 4188 4189
3 4149 4189 4150
3 4150 4189 4190
3 4150 4190 4151
3 4151 4190 4191
3 4151 4191 4152
3 4152 4191 4192
3 4152 4192 4153
3 4153 4192 4193
3 4153 4193 4154
3 4154 4193 4194
3 4154 4194 4155
3 4155 4194 4195
3 4155 4195 4156
3 4156 4195 4196
3 4156 4196 4157
3 4157 4196 4197
3 4157 4197 4158
3 4158 4197 4198
3 4158 4198 4159
3 4159 4198 4199
3 4160 4200 4161
3 4161 4200 4201
3 4161 4201 4162
3 4162 4201 4202
3 4162 4202 4163
3 4163 4202 4203
3 4163 4203 4164
3 4164 4203 4204
3 4164 4204 4165
3 4165 4204 4205
3 4165 4205 4166
3 4166 4205 4206
3 4166 4206 4167
3 4167 4206 4207
3 4167 4207 4168
3 4168 4207 4208
3 4168 4208 4169
3 4169 4208 4209
3 4169 4209 4170
3 4170 4209 4210
3 4170 4210 4171
3 4171 4210 4211
3 4171 4211 4172
3 4172 4211 4212
3 4172 4212 4173
3 4173 4212 4213
3 4173 4213 4174
3 4174 4213 4214
3 4174 4214 4175
3 4175 4214 4215
3 4175 4215 4176
3 4176 4215 4216
3 4176 4216 4177
3 4177 4216 4217
3 4177 4217 4178
3 4178 4217 4218
3 4178 4218 4179
3 4179 4218 4219
3 4179 4219 4180
3 4180 4219 4220
3 4180 4220 4181
3 4181 4220 4221
3 4181 4221 4182
3 4182 4221 4222
3 4182 4222 4183
3 4183 4222 4223
3 4183 4223 4184
3 4184 4223 4224
3 4184 4224 4185
3 4185 4224 4225
3 4185 4225 4186
3 4186 4225 4226
3 4186 4226 4187
3 4187 4226 4227
3 4187 4227 4188
3 4188 4227 4228
3 4188 4228 4189
3 4189 4228 4229
3 4189 4229 4190
3 4190 4229 4230
3 4190 4230 4191
3 4191 4230 4231
3 4191 4231 4192
3 4192 4231 4232
3 4192 4232 4193
3 4193 4232 4233
3 4193 4233 4194
3 4194 4233 4234
3 4194 4234 4195
3 4195 4234 4235
3 4195 4235 4196
3 4196 4235 4236
3 4196 4236 4197
3 4197 4236 4237
3 4197 4237 4198
3 4198 4237 4238
3 4198 4238 4199
3 4199 4238 4239
3 4200 4240 4201
3 4201 4240 4241
3 4201 4241 4202
3 4202 4241 4242
3 4202 4242 4203
3 4203 4242 4243
3 4203 4243 4204
3 4204 4243 4244
3 4204 4244 4205
3 4205 4244 4245
3 4205 4245 4206
3 4206 4245 4246
3 4206 4246 4207
3 4207 4246 4247
3 4207 4247 4208
3 4208 4247 4248
3 4208 4248 4209
3 4209 4248 4249
3 4209 4249 4210
3 4210 4249 4250
3 4210 4250 4211
3 4211 4250 4251
3 4211 4251 4212
3 4212 4251 4252
3 4212 4252 4213
3 4213 4252 4253
3 4213 4253 4214
3 4214 4253 4254
3 4214 4254 4215
3 4215 4254 4255
3 4215 4255 4216
3 4216 4255 4256
3 4216 4256 4217
3 4217 4256 4257
3 4217 4257 4218
3 4218 4257 4258
3 4218 4258 4219
3 4219 4258 4259
3 4219 4259 4220
3 4220 4259 4260
3 4220 4260 4221
3 4221 4260 4261
3 4221 4261 4222
3 4222 4261 4262
3 4222 4262 4223
3 4223 4262 4263
3 4223 4263 4224
3 4224 4263 4264
3 4224 4264 4225
3 4225 4264 4265
3 4225 4265 4226
3 4226 4265 4266
3 4226 4266 4227
3 4227 4266 4267
3 4227 4267 4228
3 4228 4267 4268
3 4228 4268 4229
3 4229 4268 4269
3 4229 4269 4230
3 4230 4269 4270
3 4230 4270 4231
3 4231 4270 4271
3 4231 4271 4232
3 4232 4271 4272
3 4232 4272 4233
3 4233 4272 4273
3 4233 4273 4234
3 4234 4273 4274
3 4234 4274 4235
3 4235 4274 4275
3 4235 4275 4236
3 4236 4275 4276
3 4236 4276 4237
3 4237 4276 4277
3 4237 4277 4238
3 4238 4277 4278
3 4238 4278 4239
3 4239 4278 4279
3 4240 4280 4241
3 4241 4280 4281
3 4241 4281 4242
3 4242 4281 4282
3 4242 4282 4243
3 4243 4282 4283
3 4243 4283 4244
3 4244 4283 4284
3 4244 4284 4245
3 4245 4284 4285
3 4245 4285 4246
3 4246 4285 4286
3 4246 4286 4247
3 4247 4286 4287
3 4247 4287 4248
3 4248 4287 4288
3 4248 4288 4249
3 4249 4288 4289
3 4249 4289 4250
3 4250 4289 4290
3 4250 4290 4251
3 4251 4290 4291
3 4251 4291 4252
3 4252 4291 4292
3 4252 4292 4253
3 4253 4292 4293
3 4253 4293 4254
3 4254 4293 4294
3 4254 4294 4255
3 4255 4294 4295
3 4255 4295 4256
3 4256 4295 4296
3 4256 4296 4257
3 4257 4296 4297
3 4257 4297 4258
3 4258 4297 4298
3 4258 4298 4259
3 4259 4298 4299
3 4259 4299 4260
3 4260 4299 4300
3 4260 4300 4261
3 4261 4300 4301
3 4261 4301 4262
3 4262 4301 4302
3 4262 4302 4263
3 4263 4302 4303
3 4263 4303 4264
3 4264 4303 4304
3 4264 4304 4265
3 4265 4304 4305
3 4265 4305 4266
3 4266 4305 4306
3 4266 4306 4267
3 4267 4306 4307
3 4267 4307 4268
3 4268 4307 4308
3 4268 4308 4269
3 4269 4308 4309
3 4269 4309 4270
3 4270 4309 4310
3 4270 4310 4271
3 4271 4310 4311
3 4271 4311 4272
3 4272 4311 4312
3 4272 4312 4273
3 4273 4312 4313
3 4273 4313 4274
3 4274 4313 4314
3 4274 4314 4275
3 4275 4314 4315
3 4275 4315 4276
3 4276 4315 4316
3 4276 4316 4277
3 4277 4316 4317
3 4277 4317 4278
3 4278 4317 4318
3 4278 4318 4279
3 4279 4318 4319
3 4280 4320 4281
3 4281 4320 4321
3 4281 4321 4282
3 4282 4321 4322
3 4282 4322 4283
3 4283 4322 4323
3 4283 4323 4284
3 4284 4323 4324
3 4284 4324 4285
3 4285 4324 4325
3 4285 4325 4286
3 4286 4325 4326
3 4286 4326 4287
3 4287 4326 4327
3 4287 4327 4288
3 4288 4327 4328
3 4288 4328 4289
3 4289 4328 4329
3 4289 4329 4290
3 4290 4329 4330
3 4290 4330 4291
3 4291 4330 4331
3 4291 4331 4292
3 4292 4331 4332
3 4292 4332 4293
3 4293 4332 4333
3 4293 4333 4294
3 4294 4333 4334
3 4294 4334 4295
3 4295 4334 4335
3 4295 4335 4296
3 4296 4335 4336
3 4296 4336 4297
3 4297 4336 4337
3 4297 4337 4298
3 4298 4337 4338
3 4298 4338 4299
3 4299 4338 4339
3 4299 4339 4300
3 4300 4339 4340
3 4300 4340 4301
3 4301 4340 4341
3 4301 4341 4302
3 4302 4341 4342
3 4302 4342 4303
3 4303 4342 4343
3 4303 4343 4304
3 4304 4343 4344
3 4304 4344 4305
3 4305 4344 4345
3 4305 4345 4306
3 4306 4345 4346
3 4306 4346 4307
3 4307 4346 4347
3 4307 4347 4308
3 4308 4347 4348
3 4308 4348 4309
3 4309 4348 4349
3 4309 4349 4310
3 4310 4349 4350
3 4310 4350 4311
3 4311 4350 4351
3 4311 4351 4312
3 4312 4351 4352
3 4312 4352 4313
3 4313 4352 4353
3 4313 4353 4314
3 4314 4353 4354
3 4314 4354 4315
3 4315 4354 4355
3 4315 4355 4316
3 4316 4355 4356
3 4316 4356 4317
3 4317 4356 4357
3 4317 4357 4318
3 4318 4357 4358
3 4318 4358 4319
3 4319 4358 4359
3 4320 4360 4321
3 4321 4360 4361
3 4321 4361 4322
3 4322 4361 4362
3 4322 4362 4323
3 4323 4362 4363
3 4323 4363 4324
3 4324 4363 4364
3 4324 4364 4325
3 4325 4364 4365
3 4325 4365 4326
3 4326 4365 4366
3 4326 4366 4327
3 4327 4366 4367
3 4327 4367 4328
3 4328 4367 4368
3 4328 4368 4329
3 4329 4368 4369
3 4329 4369 4330
3 4330 4369 4370
3 4330 4370 4331
3 4331 4370 4371
3 4331 4371 4332
3 4332 4371 4372
3 4332 4372 4333
3 4333 4372 4373
3 4333 4373 4334
3 4334 4373 4374
3 4334 4374 4335
3 4335 4374 4375
3 4335 4375 4336
3 4336 4375 4376
3 4336 4376 4337
3 4337 4376 4377
3 4337 4377 4338
3 4338 4377 4378
3 4338 4378 4339
3 4339 4378 4379
3 4339 4379 4340
3 4340 4379 4380
3 4340 4380 4341
3 4341 4380 4381
3 4341 4381 4342
3 4342 4381 4382
3 4342 4382 4343
3 4343 4382 4383
3 4343 4383 4344
3 4344 4383 4384
3 4344 4384 4345
3 4345 4384 4385
3 4345 4385 4346
3 4346 4385 4386
3 4346 4386 4347
3 4347 4386 4387
3 4347 4387 4348
3 4348 4387 4388
3 4348 4388 4349
3 4349 4388 4389
3 4349 4389 4350
3 4350 4389 4390
3 4350 4390 4351
3 4351 4390 4391
3 4351 4391 4352
3 4352 4391 4392
3 4352 4392 4353
3 4353 4392 4393
3 4353 4393 4354
3 4354 4393 4394
3 4354 4394 4355
3 4355 4394 4395
3 4355 4395 4356
3 4356 4395 4396
3 4356 4396 4357
3 4357 4396 4397
3 4357 4397 4358
3 4358 4397 4398
3 4358 4398 4359
3 4359 4398 4399
3 4360 4400 4361
3 4361 4400 4401
3 4361 4401 4362
3 4362 4401 4402
3 4362 4402 4363
3 4363 4402 4403
3 4363 4403 4364
3 4364 4403 4404
3 4364 4404 4365
3 4365 4404 4405
3 4365 4405 4366
3 4366 4405 4406
3 4366 4406 4367
3 4367 4406 4407
3 4367 4407 4368
3 4368 4407 4408
3 4368 4408 4369
3 4369 4408 4409
3 4369 4409 4370
3 4370 4409 4410
3 4370 4410 4371
3 4371 4410 4411
3 4371 4411 4372
3 4372 4411 4412
3 4372 4412 4373
3 4373 4412 4413
3 4373 4413 4374
3 4374 4413 4414
3 4374 4414 4375
3 4375 4414 4415
3 4375 4415 4376
3 4376 4415 4416
3 4376 4416 4377
3 4377 4416 4417
3 4377 4417 4378
3 4378 4417 4418
3 4378 4418 4379
3 4379 4418 4419
3 4379 4419 4380
3 4380 4419 4420
3 4380 4420 4381
3 4381 4420 4421
3 4381 4421 4382
3 4382 4421 4422
3 4382 4422 4383
3 4383 4422 4423
3 4383 4423 4384
3 4384 4423 4424
3 4384 4424 4385
3 4385 4424 4425
3 4385 4425 4386
3 4386 4425 4426
3 4386 4426 4387
3 4387 4426 4427
3 4387 4427 4388
3 4388 4427 4428
3 4388 4428 4389
3 4389 4428 4429
3 4389 4429 4390
3 4390 4429 4430
3 4390 4430 4391
3 4391 4430 4431
3 4391 4431 4392
3 4392 4431 4432
3 4392 4432 4393
3 4393 4432 4433
3 4393 4433 4394
3 4394 4433 4434
3 4394 4434 4395
3 4395 4434 4435
3 4395 4435 4396
3 4396 4435 4436
3 4396 4436 4397
3 4397 4436 4437
3 4397 4437 4398
3 4398 4437 4438
3 4398 4438 4399
3 4399 4438 4439
3 4400 4440 4401
3 4401 4440 4441
3 4401 4441 4402
3 4402 4441 4442
3 4402 4442 4403
3 4403 4442 4443
3 4403 4443 4404
3 4404 4443 4444
3 4404 4444 4405
3 4405 4444 4445
3 4405 4445 4406
3 4406 4445 4446
3 4406 4446 4407
3 4407 4446 4447
3 4407 4447 4408
3 4408 4447 4448
3 4408 4448 4409
3 4409 4448 4449
3 4409 4449 4410
3 4410 4449 4450
3 4410 4450 4411
3 4411 4450 4451
3 4411 4451 4412
3 4412 4451 4452
3 4412 4452 4413
3 4413 4452 4453
3 4413 4453 4414
3 4414 4453 4454
3 4414 4454 4415
3 4415 4454 4455
3 4415 4455 4416
3 4416 4455 4456
3 4416 4456 4417
3 4417 4456 4457
3 4417 4457 4418
3 4418 4457 4458
3 4418 4458 4419
3 4419 4458 4459
3 4419 4459 4420
3 4420 4459 4460
3 4420 4460 4421
3 4421 4460 4461
3 4421 4461 4422
3 4422 4461 4462
3 4422 4462 4423
3 4423 4462 4463
3 4423 4463 4424
3 4424 4463 4464
3 4424 4464 4425
3 4425 4464 4465
3 4425 4465 4426
3 4426 4465 4466
3 4426 4466 4427
3 4427 4466 4467
3 4427 4467 4428
3 4428 4467 4468
3 4428 4468 4429
3 4429 4468 4469
3 4429 4469 4430
3 4430 4469 4470
3 4430 4470 4431
3 4431 4470 4471
3 4431 4471 4432
3 4432 4471 4472
3 4432 4472 4433
3 4433 4472 4473
3 4433 4473 4434
3 4434 4473 4474
3 4434 4474 4435
3 4435 4474 4475
3 4435 4475 4436
3 4436 4475 4476
3 4436 4476 4437
3 4437 4476 4477
3 4437 4477 4438
3 4438 4477 4478
3 4438 4478 4439
3 4439 4478 4479
3 4440 4480 4441
3 4441 4480 4481
3 4441 4481 4442
3 4442 4481 4482
3 4442 4482 4443
3 4443 4482 4483
3 4443 4483 4444
3 4444 4483 4484
3 4444 4484 4445
3 4445 4484 4485
3 4445 4485 4446
3 4446 4485 4486
3 4446 4486 4447
3 4447 4486 4487
3 4447 4487 4448
3 4448 4487 4488
3 4448 4488 4449
3 4449 4488 4489
3 4449 4489 4450
3 4450 4489 4490
3 4450 4490 4451
3 4451 4490 4491
3 4451 4491 4452
3 4452 4491 4492
3 4452 4492 4453
3 4453 4492 4493
3 4453 4493 4454
3 4454 4493 4494
3 4454 4494 4455
3 4455 4494 4495
3 4455 4495 4456
3 4456 4495 4496
3 4456 4496 4457
3 4457 4496 4497
3 4457 4497 4458
3 4458 4497 4498
3 4458 4498 4459
3 4459 4498 4499
3 4459 4499 4460
3 4460 4499 4500
3 4460 4500 4461
3 4461 4500 4501
3 4461 4501 4462
3 4462 4501 4502
3 4462 4502 4463
3 4463 4502 4503
3 4463 4503 4464
3 4464 4503 4504
3 4464 4504 4465
3 4465 4504 4505
3 4465 4505 4466
3 4466 4505 4506
3 4466 4506 4467
3 4467 4506 4507
3 4467 4507 4468
3 4468 4507 4508
3 4468 4508 4469
3 4469 4508 4509
3 4469 4509 4470
3 4470 4509 4510
3 4470 4510 4471
3 4471 4510 4511
3 4471 4511 4472
3 4472 4511 4512
3 4472 4512 4473
3 4473 4512 4513
3 4473 4513 4474
3 4474 4513 4514
3 4474 4514 4475
3 4475 4514 4515
3 4475 4515 4476
3 4476 4515 4516
3 4476 4516 4477
3 4477 4516 4517
3 4477 4517 4478
3 4478 4517 4518
3 4478 4518 4479
3 4479 4518 4519
3 4480 4520 4481
3 4481 4520 4521
3 4481 4521 4482
3 4482 4521 4522
3 4482 4522 4483
3 4483 4522 4523
3 4483 4523 4484
3 4484 4523 4524
3 4484 4524 4485
3 4485 4524 4525
3 4485 4525 4486
3 4486 4525 4526
3 4486 4526 4487
3 4487 4526 4527
3 4487 4527 4488
3 4488 4527 4528
3 4488 4528 4489
3 4489 4528 4529
3 4489 4529 4490
3 4490 4529 4530
3 4490 4530 4491
3 4491 4530 4531
3 4491 4531 4492
3 4492 4531 4532
3 4492 4532 4493
3 4493 4532 4533
3 4493 4533 4494
3 4494 4533 4534
3 4494 4534 4495
3 4495 4534 4535
3 4495 4535 4496
3 4496 4535 4536
3 4496 4536 4497
3 4497 4536 4537
3 4497 4537 4498
3 4498 4537 4538
3 4498 4538 4499
3 4499 4538 4539
3 4499 4539 4500
3 4500 4539 4540
3 4500 4540 4501
3 4501 4540 4541
3 4501 4541 4502
3 4502 4541 4542
3 4502 4542 4503
3 4503 4542 4543
3 4503 4543 4504
3 4504 4543 4544
3 4504 4544 4505
3 4505 4544 4545
3 4505 4545 4506
3 4506 4545 4546
3 4506 4546 4507
3 4507 4546 4547
3 4507 4547 4508
3 4508 4547 4548
3 4508 4548 4509
3 4509 4548 4549
3 4509 4549 4510
3 4510 4549 4550
3 4510 4550 4511
3 4511 4550 4551
3 4511 4551 4512
3 4512 4551 4552
3 4512 4552 4513
3 4513 4552 4553
3 4513 4553 4514
3 4514 4553 4554
3 4514 4554 4515
3 4515 4554 4555
3 4515 4555 4516
3 4516 4555 4556
3 4516 4556 4517
3 4517 4556 4557
3 4517 4557 4518
3 4518 4557 4558
3 4518 4558 4519
3 4519 4558 4559
3 4520 4560 4521
3 4521 4560 4561
3 4521 4561 4522
3 4522 4561 4562
3 4522 4562 4523
3 4523 4562 4563
3 4523 4563 4524
3 4524 4563 4564
3 4524 4564 4525
3 4525 4564 4565
3 4525 4565 4526
3 4526 4565 4566
3 4526 4566 4527
3 4527 4566 4567
3 4527 4567 4528
3 4528 4567 4568
3 4528 4568 4529
3 4529 4568 4569
3 4529 4569 4530
3 4530 4569 4570
3 4530 4570 4531
3 4531 4570 4571
3 4531 4571 4532
3 4532 4571 4572
3 4532 4572 4533
3 4533 4572 4573
3 4533 4573 4534
3 4534 4573 4574
3 4534 4574 4535
3 4535 4574 4575
3 4535 4575 4536
3 4536 4575 4576
3 4536 4576 4537
3 4537 4576 4577
3 4537 4577 4538
3 4538 4577 4578
3 4538 4578 4539
3 4539 4578 4579
3 4539 4579 4540
3 4540 4579 4580
3 4540 4580 4541
3 4541 4580 4581
3 4541 4581 4542
3 4542 4581 4582
3 4542 4582 4543
3 4543 4582 4583
3 4543 4583 4544
3 4544 4583 4584
3 4544 4584 4545
3 4545 4584 4585
3 4545 4585 4546
3 4546 4585 4586
3 4546 4586 4547
3 4547 4586 4587
3 4547 4587 4548
3 4548 4587 4588
3 4548 4588 4549
3 4549 4588 4589
3 4549 4589 4550
3 4550 4589 4590
3 4550 4590 4551
3 4551 4590 4591
3 4551 4591 4552
3 4552 4591 4592
3 4552 4592 4553
3 4553 4592 4593
3 4553 4593 4554
3 4554 4593 4594
3 4554 4594 4555
3 4555 4594 4595
3 4555 4595 4556
3 4556 4595 4596
3 4556 4596 4557
3 4557 4596 4597
3 4557 4597 4558
3 4558 4597 4598
3 4558 4598 4559
3 4559 4598 4599
3 4560 4600 4561
3 4561 4600 4601
3 4561 4601 4562
3 4562 4601 4602
3 4562 4602 4563
3 4563 4602 4603
3 4563 4603 4564
3 4564 4603 4604
3 4564 4604 4565
3 4565 4604 4605
3 4565 4605 4566
3 4566 4605 4606
3 4566 4606 4567
3 4567 4606 4607
3 4567 4607 4568
3 4568 4607 4608
3 4568 4608 4569
3 4569 4608 4609
3 4569 4609 4570
3 4570 4609 4610
3 4570 4610 4571
3 4571 4610 4611
3 4571 4611 4572
3 4572 4611 4612
3 4572 4612 4573
3 4573 4612 4613
3 4573 4613 4574
3 4574 4613 4614
3 4574 4614 4575
3 4575 4614 4615
3 4575 4615 4576
3 4576 4615 4616
3 4576 4616 4577
3 4577 4616 4617
3 4577 4617 4578
3 4578 4617 4618
3 4578 4618 4579
3 4579 4618 4619
3 4579 4619 4580
3 4580 4619 4620
3 4580 4620 4581
3 4581 4620 4621
3 4581 4621 4582
3 4582 4621 4622
3 4582 4622 4583
3 4583 4622 4623
3 4583 4623 4584
3 4584 4623 4624
3 4584 4624 4585
3 4585 4624 4625
3 4585 4625 4586
3 4586 4625 4626
3 4586 4626 4587
3 4587 4626 4627
3 4587 4627 4588
3 4588 4627 4628
3 4588 4628 4589
3 4589 4628 4629
3 4589 4629 4590
3 4590 4629 4630
3 4590 4630 4591
3 4591 4630 4631
3 4591 4631 4592
3 4592 4631 4632
3 4592 4632 4593
3 4593 4632 4633
3 4593 4633 4594
3 4594 4633 4634
3 4594 4634 4595
3 4595 4634 4635
3 4595 4635 4596
3 4596 4635 4636
3 4596 4636 4597
3 4597 4636 4637
3 4597 4637 4598
3 4598 4637 4638
3 4598 4638 4599
3 4599 4638 4639
3 4600 4640 4601
3 4601 4640 4641
3 4601 4641 4602
3 4602 4641 4642
3 4602 4642 4603
3 4603 4642 4643
3 4603 4643 4604
3 4604 4643 4644
3 4604 4644 4605
3 4605 4644 4645
3 4605 4645 4606
3 4606 4645 4646
3 4606 4646 4607
3 4607 4646 4647
3 4607 4647 4608
3 4608 4647 4648
3 4608 4648 4609
3 4609 4648 4649
3 4609 4649 4610
3 4610 4649 4650
3 4610 4650 4611
3 4611 4650 4651
3 4611 4651 4612
3 4612 4651 4652
3 4612 4652 4613
3 4613 4652 4653
3 4613 4653 4614
3 4614 4653 4654
3 4614 4654 4615
3 4615 4654 4655
3 4615 4655 4616
3 4616 4655 4656
3 4616 4656 4617
3 4617 4656 4657
3 4617 4657 4618
3 4618 4657 4658
3 4618 4658 4619
3 4619 4658 4659
3 4619 4659 4620
3 4620 4659 4660
3 4620 4660 4621
3 4621 4660 4661
3 4621 4661 4622
3 4622 4661 4662
3 4622 4662 4623
3 4623 4662 4663
3 4623 4663 4624
3 4624 4663 4664
3 4624 4664 4625
3 4625 4664 4665
3 4625 4665 4626
3 4626 4665 4666
3 4626 4666 4627
3 4627 4666 4667
3 4627 4667 4628
3 4628 4667 4668
3 4628 4668 4629
3 4629 4668 4669
3 4629 4669 4630
3 4630 4669 4670
3 4630 4670 4631
3 4631 4670 4671
3 4631 4671 4632
3 4632 4671 4672
3 4632 4672 4633
3 4633 4672 4673
3 4633 4673 4634
3 4634 4673 4674
3 4634 4674 4635
3 4635 4674 4675
3 4635 4675 4636
3 4636 4675 4676
3 4636 4676 4637
3 4637 4676 4677
3 4637 4677 4638
3 4638 4677 4678
3 4638 4678 4639
3 4639 4678 4679
3 4640 4680 4641
3 4641 4680 4681
3 4641 4681 4642
3 4642 4681 4682
3 4642 4682 4643
3 4643 4682 4683
3 4643 4683 4644
3 4644 4683 4684
3 4644 4684 4645
3 4645 4684 4685
3 4645 4685 4646
3 4646 4685 4686
3 4646 4686 4647
3 4647 4686 4687
3 4647 4687 4648
3 4648 4687 4688
3 4648 4688 4649
3 4649 4688 4689
3 4649 4689 4650
3 4650 4689 4690
3 4650 4690 4651
3 4651 4690 4691
3 4651 4691 4652
3 4652 4691 4692
3 4652 4692 4653
3 4653 4692 4693
3 4653 4693 4654
3 4654 4693 4694
3 4654 4694 4655
3 4655 4694 4695
3 4655 4695 4656
3 4656 4695 4696
3 4656 4696 4657
3 4657 4696 4697
3 4657 4697 4658
3 4658 4697 4698
3 4658 4698 4659
3 4659 4698 4699
3 4659 4699 4660
3 4660 4699 4700
3 4660 4700 4661
3 4661 4700 4701
3 4661 4701 4662
3 4662 4701 4702
3 4662 4702 4663
3 4663 4702 4703
3 4663 4703 4664
3 4664 4703 4704
3 4664 4704 4665
3 4665 4704 4705
3 4665 4705 4666
3 4666 4705 4706
3 4666 4706 4667
3 4667 4706 4707
3 4667 4707 4668
3 4668 4707 4708
3 4668 4708 4669
3 4669 4708 4709
3 4669 4709 4670
3 4670 4709 4710
3 4670 4710 4671
3 4671 4710 4711
3 4671 4711 4672
3 4672 4711 4712
3 4672 4712 4673
3 4673 4712 4713
3 4673 4713 4674
3 4674 4713 4714
3 4674 4714 4675
3 4675 4714 4715
3 4675 4715 4676
3 4676 4715 4716
3 4676 4716 4677
3 4677 4716 4717
3 4677 4717 4678
3 4678 4717 4718
3 4678 4718 4679
3 4679 4718 4719
3 4680 4720 4681
3 4681 4720 4721
3 4681 4721 4682
3 4682 4721 4722
3 4682 4722 4683
3 4683 4722 4723
3 4683 4723 4684
3 4684 4723 4724
3 4684 4724 4685
3 4685 4724 4725
3 4685 4725 4686
3 4686 4725 4726
3 4686 4726 4687
3 4687 4726 4727
3 4687 4727 4688
3 4688 4727 4728
3 4688 4728 4689
3 4689 4728 4729
3 4689 4729 4690
3 4690 4729 4730
3 4690 4730 4691
3 4691 4730 4731
3 4691 4731 4692
3 4692 4731 4732
3 4692 4732 4693
3 4693 4732 4733
3 4693 4733 4694
3 4694 4733 4734
3 4694 4734 4695
3 4695 4734 4735
3 4695 4735 4696
3 4696 4735 4736
3 4696 4736 4697
3 4697 4736 4737
3 4697 4737 4698
3 4698 4737 4738
3 4698 4738 4699
3 4699 4738 4739
3 4699 4739 4700
3 4700 4739 4740
3 4700 4740 4701
3 4701 4740 4741
3 4701 4741 4702
3 4702 4741 4742
3 4702 4742 4703
3 4703 4742 4743
3 4703 4743 4704
3 4704 4743 4744
3 4704 4744 4705
3 4705 4744 4745
3 4705 4745 4706
3 4706 4745 4746
3 4706 4746 4707
3 4707 4746 4747
3 4707 4747 4708
3 4708 4747 4748
3 4708 4748 4709
3 4709 4748 4749
3 4709 4749 4710
3 4710 4749 4750
3 4710 4750 4711
3 4711 4750 4751
3 4711 4751 4712
3 4712 4751 4752
3 4712 4752 4713
3 4713 4752 4753
3 4713 4753 4714
3 4714 4753 4754
3 4714 4754 4715
3 4715 4754 4755
3 4715 4755 4716
3 4716 4755 4756
3 4716 4756 4717
3 4717 4756 4757
3 4717 4757 4718
3 4718 4757 4758
3 4718 4758 4719
3 4719 4758 4759
3 4720 4760 4721
3 4721 4760 4761
3 4721 4761 4722
3 4722 4761 4762
3 4722 4762 4723
3 4723 4762 4763
3 4723 4763 4724
3 4724 4763 4764
3 4724 4764 4725
3 4725 4764 4765
3 4725 4765 4726
3 4726 4765 4766
3 4726 4766 4727
3 4727 4766 4767
3 4727 4767 4728
3 4728 4767 4768
3 4728 4768 4729
3 4729 4768 4769
3 4729 4769 4730
3 4730 4769 4770
3 4730 4770 4731
3 4731 4770 4771
3 4731 4771 4732
3 4732 4771 4772
3 4732 4772 4733
3 4733 4772 4773
3 4733 4773 4734
3 4734 4773 4774
3 4734 4774 4735
3 4735 4774 4775
3 4735 4775 4736
3 4736 4775 4776
3 4736 4776 4737
3 4737 4776 4777
3 4737 4777 4738
3 4738 4777 4778
3 4738 4778 4739
3 4739 4778 4779
3 4739 4779 4740
3 4740 4779 4780
3 4740 4780 4741
3 4741 4780 4781
3 4741 4781 4742
3 4742 4781 4782
3 4742 4782 4743
3 4743 4782 4783
3 4743 4783 4744
3 4744 4783 4784
3 4744 4784 4745
3 4745 4784 4785
3 4745 4785 4746
3 4746 4785 4786
3 4746 4786 4747
3 4747 4786 4787
3 4747 4787 4748
3 4748 4787 4788
3 4748 4788 4749
3 4749 4788 4789
3 4749 4789 4750
3 4750 4789 4790
3 4750 4790 4751
3 4751 4790 4791
3 4751 4791 4752
3 4752 4791 4792
3 4752 4792 4753
3 4753 4792 4793
3 4753 4793 4754
3 4754 4793 4794
3 4754 4794 4755
3 4755 4794 4795
3 4755 4795 4756
3 4756 4795 4796
3 4756 4796 4757
3 4757 4796 4797
3 4757 4797 4758
3 4758 4797 4798
3 4758 4798 4759
3 4759 4798 4799
