# vtk DataFile Version 3.0
wing
ASCII
DATASET POLYDATA
POINTS 4800 float
-0.9445106118587344 -0.23459590661520618 -0.22992273633903307
-0.9202923910418438 -0.22858062695840603 -0.22402728156110913
-0.8960741702249532 -0.22256534730160585 -0.2181318267831852
-0.8718559494080625 -0.21655006764480572 -0.2122363720052613
-0.8476377285911719 -0.21053478798800557 -0.20634091722733738
-0.8234195077742813 -0.20451950833120539 -0.20044546244941344
-0.7992012869573907 -0.19850422867440523 -0.19455000767148953
-0.7749830661405 -0.19248894901760508 -0.18865455289356559
-0.7507648453236094 -0.18647366936080492 -0.18275909811564167
-0.7265466245067188 -0.18045838970400477 -0.17686364333771776
-0.7023284036898282 -0.1744431100472046 -0.17096818855979382
-0.6781101828729376 -0.16842783039040443 -0.1650727337818699
-0.6538919620560469 -0.16241255073360428 -0.15917727900394596
-0.6296737412391563 -0.15639727107680415 -0.15328182422602207
-0.6054555204222656 -0.15038199142000394 -0.1473863694480981
-0.5812372996053751 -0.14436671176320381 -0.14149091467017422
-0.5570190787884844 -0.13835143210640366 -0.13559545989225028
-0.5328008579715938 -0.13233615244960348 -0.12970000511432633
-0.5085826371547032 -0.12632087279280335 -0.12380455033640245
-0.48436441633781246 -0.12030559313600316 -0.11790909555847849
-0.46014619552092195 -0.11429031347920303 -0.11201364078055458
-0.4359279747040313 -0.10827503382240286 -0.10611818600263065
-0.41170975388714065 -0.10225975416560269 -0.10022273122470672
-0.38749153307025 -0.09624447450880254 -0.09432727644678279
-0.36327331225335935 -0.09022919485200237 -0.08843182166885886
-0.33905509143646884 -0.08421391519520223 -0.08253636689093496
-0.31483687061957816 -0.07819863553840208 -0.07664091211301104
-0.29061864980268753 -0.07218335588160191 -0.07074545733508711
-0.2664004289857969 -0.06616807622480174 -0.06485000255716317
-0.24218220816890623 -0.06015279656800158 -0.058954547779239246
-0.2179639873520157 -0.054137516911201444 -0.05305909300131534
-0.19374576653512504 -0.04812223725440128 -0.04716363822339141
-0.16952754571823442 -0.042106957597601115 -0.04126818344546748
-0.14530932490134377 -0.036091677940800954 -0.035372728667543554
-0.12109110408445312 -0.03007639828400079 -0.029477273889619623
-0.09687288326756258 -0.024061118627200652 -0.02358181911169572
-0.07265466245067194 -0.01804583897040049 -0.017686364333771788
-0.04843644163378129 -0.012030559313600326 -0.01179090955584786
-0.024218220816890644 -0.006015279656800163 -0.00589545477792393
0.0 0.0 0.0
-0.9445106118587344 -0.21989091301358482 -0.24492660833826138
-0.9202923910418438 -0.21387563335678467 -0.23903115356033744
-0.8960741702249532 -0.20786035369998448 -0.23313569878241353
-0.8718559494080625 -0.20184507404318436 -0.2272402440044896
-0.8476377285911719 -0.1958297943863842 -0.2213447892265657
-0.8234195077742813 -0.18981451472958402 -0.21544933444864175
-0.7992012869573907 -0.18379923507278387 -0.20955387967071784
-0.7749830661405 -0.1777839554159837 -0.2036584248927939
-0.7507648453236094 -0.17176867575918356 -0.19776297011486998
-0.7265466245067188 -0.1657533961023834 -0.19186751533694607
-0.7023284036898282 -0.15973811644558325 -0.18597206055902213
-0.6781101828729376 -0.15372283678878307 -0.18007660578109821
-0.6538919620560469 -0.14770755713198291 -0.17418115100317427
-0.6296737412391563 -0.1416922774751828 -0.1682856962252504
-0.6054555204222656 -0.13567699781838258 -0.16239024144732642
-0.5812372996053751 -0.12966171816158245 -0.15649478666940253
-0.5570190787884844 -0.1236464385047823 -0.1505993318914786
-0.5328008579715938 -0.11763115884798211 -0.14470387711355465
-0.5085826371547032 -0.11161587919118199 -0.13880842233563076
-0.48436441633781246 -0.10560059953438179 -0.1329129675577068
-0.46014619552092195 -0.09958531987758167 -0.12701751277978288
-0.4359279747040313 -0.0935700402207815 -0.12112205800185895
-0.41170975388714065 -0.08755476056398133 -0.11522660322393502
-0.38749153307025 -0.08153948090718117 -0.10933114844601109
-0.36327331225335935 -0.075524201250381 -0.10343569366808716
-0.33905509143646884 -0.06950892159358087 -0.09754023889016326
-0.31483687061957816 -0.06349364193678071 -0.09164478411223934
-0.29061864980268753 -0.05747836227998054 -0.08574932933431541
-0.2664004289857969 -0.05146308262318037 -0.07985387455639147
-0.24218220816890623 -0.04544780296638021 -0.07395841977846755
-0.2179639873520157 -0.039432523309580074 -0.06806296500054364
-0.19374576653512504 -0.03341724365277991 -0.06216751022261972
-0.16952754571823442 -0.027401963995979748 -0.05627205544469579
-0.14530932490134377 -0.021386684339179587 -0.05037660066677186
-0.12109110408445312 -0.015371404682379422 -0.044481145888847926
-0.09687288326756258 -0.009356125025579285 -0.038585691110924025
-0.07265466245067194 -0.003340845368779124 -0.03269023633300009
-0.04843644163378129 0.002674434288021041 -0.026794781555076166
-0.024218220816890644 0.008689713944821204 -0.020899326777152234
0.0 0.014704993601621367 -0.015003871999228306
-0.9445106118587344 -0.20518591941196346 -0.25993048033748967
-0.9202923910418438 -0.1991706397551633 -0.25403502555956575
-0.8960741702249532 -0.19315536009836312 -0.2481395707816418
-0.8718559494080625 -0.187140080441563 -0.2422441160037179
-0.8476377285911719 -0.18112480078476284 -0.23634866122579398
-0.8234195077742813 -0.17510952112796266 -0.23045320644787004
-0.7992012869573907 -0.1690942414711625 -0.22455775166994613
-0.7749830661405 -0.16307896181436235 -0.21866229689202218
-0.7507648453236094 -0.1570636821575622 -0.21276684211409827
-0.7265466245067188 -0.15104840250076204 -0.20687138733617436
-0.7023284036898282 -0.1450331228439619 -0.20097593255825041
-0.6781101828729376 -0.1390178431871617 -0.1950804777803265
-0.6538919620560469 -0.13300256353036155 -0.18918502300240256
-0.6296737412391563 -0.12698728387356142 -0.18328956822447867
-0.6054555204222656 -0.1209720042167612 -0.1773941134465547
-0.5812372996053751 -0.11495672455996107 -0.17149865866863082
-0.5570190787884844 -0.10894144490316092 -0.16560320389070687
-0.5328008579715938 -0.10292616524636074 -0.15970774911278293
-0.5085826371547032 -0.09691088558956061 -0.15381229433485905
-0.48436441633781246 -0.09089560593276041 -0.1479168395569351
-0.46014619552092195 -0.08488032627596029 -0.1420213847790112
-0.4359279747040313 -0.07886504661916012 -0.13612593000108725
-0.41170975388714065 -0.07284976696235995 -0.13023047522316333
-0.38749153307025 -0.0668344873055598 -0.1243350204452394
-0.36327331225335935 -0.060819207648759636 -0.11843956566731548
-0.33905509143646884 -0.054803927991959496 -0.11254411088939158
-0.31483687061957816 -0.04878864833515934 -0.10664865611146765
-0.29061864980268753 -0.042773368678359174 -0.10075320133354372
-0.2664004289857969 -0.036758089021559005 -0.09485774655561978
-0.24218220816890623 -0.030742809364758844 -0.08896229177769585
-0.2179639873520157 -0.02472752970795871 -0.08306683699977195
-0.19374576653512504 -0.01871225005115855 -0.07717138222184802
-0.16952754571823442 -0.012696970394358381 -0.0712759274439241
-0.14530932490134377 -0.00668169073755822 -0.06538047266600017
-0.12109110408445312 -0.0006664110807580551 -0.05948501788807623
-0.09687288326756258 0.005348868576042082 -0.05358956311015233
-0.07265466245067194 0.011364148232842243 -0.047694108332228397
-0.04843644163378129 0.017379427889642408 -0.04179865355430447
-0.024218220816890644 0.023394707546442572 -0.03590319877638054
0.0 0.029409987203242734 -0.030007743998456612
-0.9445106118587344 -0.1904809258103421 -0.274934352336718
-0.9202923910418438 -0.18446564615354194 -0.26903889755879407
-0.8960741702249532 -0.17845036649674176 -0.26314344278087015
-0.8718559494080625 -0.17243508683994163 -0.25724798800294624
-0.8476377285911719 -0.16641980718314148 -0.2513525332250223
-0.8234195077742813 -0.1604045275263413 -0.24545707844709835
-0.7992012869573907 -0.15438924786954114 -0.23956162366917444
-0.7749830661405 -0.148373968212741 -0.2336661688912505
-0.7507648453236094 -0.14235868855594083 -0.22777071411332658
-0.7265466245067188 -0.13634340889914068 -0.22187525933540267
-0.7023284036898282 -0.13032812924234052 -0.21597980455747873
-0.6781101828729376 -0.12431284958554034 -0.2100843497795548
-0.6538919620560469 -0.11829756992874019 -0.20418889500163087
-0.6296737412391563 -0.11228229027194006 -0.19829344022370698
-0.6054555204222656 -0.10626701061513985 -0.19239798544578302
-0.5812372996053751 -0.10025173095833972 -0.18650253066785913
-0.5570190787884844 -0.09423645130153957 -0.1806070758899352
-0.5328008579715938 -0.08822117164473939 -0.17471162111201125
-0.5085826371547032 -0.08220589198793926 -0.16881616633408736
-0.48436441633781246 -0.07619061233113907 -0.16292071155616342
-0.46014619552092195 -0.07017533267433894 -0.1570252567782395
-0.4359279747040313 -0.06416005301753877 -0.15112980200031556
-0.41170975388714065 -0.058144773360738596 -0.14523434722239165
-0.38749153307025 -0.05212949370393844 -0.1393388924444677
-0.36327331225335935 -0.04611421404713827 -0.1334434376665438
-0.33905509143646884 -0.04009893439033813 -0.12754798288861988
-0.31483687061957816 -0.03408365473353798 -0.12165252811069595
-0.29061864980268753 -0.02806837507673781 -0.11575707333277202
-0.2664004289857969 -0.022053095419937642 -0.10986161855484808
-0.24218220816890623 -0.01603781576313748 -0.10396616377692416
-0.2179639873520157 -0.010022536106337349 -0.09807070899900025
-0.19374576653512504 -0.004007256449537187 -0.09217525422107632
-0.16952754571823442 0.002008023207262981 -0.0862797994431524
-0.14530932490134377 0.008023302864063142 -0.08038434466522847
-0.12109110408445312 0.014038582520863306 -0.07448888988730454
-0.09687288326756258 0.020053862177663445 -0.06859343510938064
-0.07265466245067194 0.026069141834463606 -0.0626979803314567
-0.04843644163378129 0.03208442149126377 -0.056802525553532775
-0.024218220816890644 0.038099701148063936 -0.05090707077560884
0.0 0.0441149808048641 -0.04501161599768491
-0.9445106118587344 -0.1757759322087207 -0.2899382243359463
-0.9202923910418438 -0.16976065255192055 -0.2840427695580223
-0.8960741702249532 -0.16374537289512037 -0.2781473147800984
-0.8718559494080625 -0.15773009323832024 -0.2722518600021745
-0.8476377285911719 -0.15171481358152009 -0.2663564052242506
-0.8234195077742813 -0.1456995339247199 -0.26046095044632667
-0.7992012869573907 -0.13968425426791975 -0.25456549566840275
-0.7749830661405 -0.1336689746111196 -0.2486700408904788
-0.7507648453236094 -0.12765369495431944 -0.2427745861125549
-0.7265466245067188 -0.1216384152975193 -0.23687913133463098
-0.7023284036898282 -0.11562313564071915 -0.23098367655670704
-0.6781101828729376 -0.10960785598391896 -0.22508822177878313
-0.6538919620560469 -0.10359257632711881 -0.21919276700085918
-0.6296737412391563 -0.09757729667031868 -0.2132973122229353
-0.6054555204222656 -0.09156201701351847 -0.20740185744501133
-0.5812372996053751 -0.08554673735671835 -0.20150640266708744
-0.5570190787884844 -0.07953145769991819 -0.1956109478891635
-0.5328008579715938 -0.07351617804311801 -0.18971549311123956
-0.5085826371547032 -0.06750089838631788 -0.18382003833331567
-0.48436441633781246 -0.06148561872951769 -0.1779245835553917
-0.46014619552092195 -0.05547033907271756 -0.1720291287774678
-0.4359279747040313 -0.04945505941591739 -0.16613367399954387
-0.41170975388714065 -0.043439779759117225 -0.16023821922161993
-0.38749153307025 -0.03742450010231707 -0.15434276444369602
-0.36327331225335935 -0.0314092204455169 -0.14844730966577208
-0.33905509143646884 -0.025393940788716762 -0.1425518548878482
-0.31483687061957816 -0.019378661131916608 -0.13665640010992425
-0.29061864980268753 -0.01336338147511644 -0.13076094533200033
-0.2664004289857969 -0.007348101818316272 -0.12486549055407639
-0.24218220816890623 -0.0013328221615161102 -0.11897003577615246
-0.2179639873520157 0.004682457495284023 -0.11307458099822856
-0.19374576653512504 0.010697737152084184 -0.10717912622030464
-0.16952754571823442 0.016713016808884353 -0.10128367144238071
-0.14530932490134377 0.022728296465684514 -0.09538821666445678
-0.12109110408445312 0.02874357612248468 -0.08949276188653285
-0.09687288326756258 0.034758855779284815 -0.08359730710860894
-0.07265466245067194 0.04077413543608498 -0.07770185233068501
-0.04843644163378129 0.046789415092885145 -0.07180639755276108
-0.024218220816890644 0.052804694749685306 -0.06591094277483715
0.0 0.05881997440648547 -0.060015487996913225
-0.9445106118587344 -0.16107093860709934 -0.3049420963351746
-0.9202923910418438 -0.15505565895029919 -0.29904664155725064
-0.8960741702249532 -0.149040379293499 -0.2931511867793267
-0.8718559494080625 -0.14302509963669888 -0.2872557320014028
-0.8476377285911719 -0.13700981997989872 -0.2813602772234789
-0.8234195077742813 -0.13099454032309854 -0.275464822445555
-0.7992012869573907 -0.12497926066629839 -0.26956936766763107
-0.7749830661405 -0.11896398100949823 -0.2636739128897071
-0.7507648453236094 -0.11294870135269808 -0.2577784581117832
-0.7265466245067188 -0.10693342169589792 -0.25188300333385927
-0.7023284036898282 -0.10091814203909777 -0.24598754855593535
-0.6781101828729376 -0.09490286238229759 -0.24009209377801144
-0.6538919620560469 -0.08888758272549743 -0.2341966390000875
-0.6296737412391563 -0.0828723030686973 -0.2283011842221636
-0.6054555204222656 -0.0768570234118971 -0.22240572944423964
-0.5812372996053751 -0.07084174375509697 -0.21651027466631576
-0.5570190787884844 -0.06482646409829682 -0.2106148198883918
-0.5328008579715938 -0.05881118444149664 -0.20471936511046787
-0.5085826371547032 -0.052795904784696514 -0.19882391033254398
-0.48436441633781246 -0.04678062512789632 -0.19292845555462002
-0.46014619552092195 -0.04076534547109619 -0.1870330007766961
-0.4359279747040313 -0.03475006581429602 -0.1811375459987722
-0.41170975388714065 -0.028734786157495855 -0.17524209122084825
-0.38749153307025 -0.0227195065006957 -0.16934663644292433
-0.36327331225335935 -0.016704226843895532 -0.1634511816650004
-0.33905509143646884 -0.01068894718709539 -0.1575557268870765
-0.31483687061957816 -0.004673667530295236 -0.15166027210915256
-0.29061864980268753 0.001341612126504932 -0.14576481733122865
-0.2664004289857969 0.0073568917833051 -0.1398693625533047
-0.24218220816890623 0.013372171440105262 -0.1339739077753808
-0.2179639873520157 0.019387451096905393 -0.12807845299745688
-0.19374576653512504 0.025402730753705555 -0.12218299821953295
-0.16952754571823442 0.03141801041050572 -0.11628754344160902
-0.14530932490134377 0.037433290067305884 -0.11039208866368509
-0.12109110408445312 0.04344856972410605 -0.10449663388576116
-0.09687288326756258 0.049463849380906186 -0.09860117910783725
-0.07265466245067194 0.05547912903770635 -0.09270572432991332
-0.04843644163378129 0.061494408694506515 -0.0868102695519894
-0.024218220816890644 0.06750968835130668 -0.08091481477406547
0.0 0.07352496800810684 -0.07501935999614154
-0.9445106118587344 -0.146365945005478 -0.3199459683344029
-0.9202923910418438 -0.14035066534867785 -0.31405051355647895
-0.8960741702249532 -0.13433538569187767 -0.30815505877855504
-0.8718559494080625 -0.12832010603507754 -0.3022596040006311
-0.8476377285911719 -0.12230482637827737 -0.2963641492227072
-0.8234195077742813 -0.11628954672147719 -0.2904686944447833
-0.7992012869573907 -0.11027426706467704 -0.2845732396668594
-0.7749830661405 -0.10425898740787688 -0.2786777848889354
-0.7507648453236094 -0.09824370775107673 -0.2727823301110115
-0.7265466245067188 -0.09222842809427657 -0.2668868753330876
-0.7023284036898282 -0.08621314843747642 -0.26099142055516367
-0.6781101828729376 -0.08019786878067624 -0.25509596577723975
-0.6538919620560469 -0.07418258912387608 -0.24920051099931578
-0.6296737412391563 -0.06816730946707596 -0.2433050562213919
-0.6054555204222656 -0.06215202981027575 -0.23740960144346793
-0.5812372996053751 -0.05613675015347562 -0.23151414666554404
-0.5570190787884844 -0.050121470496675466 -0.2256186918876201
-0.5328008579715938 -0.044106190839875284 -0.21972323710969616
-0.5085826371547032 -0.03809091118307516 -0.21382778233177227
-0.48436441633781246 -0.03207563152627496 -0.20793232755384833
-0.46014619552092195 -0.02606035186947484 -0.20203687277592441
-0.4359279747040313 -0.02004507221267467 -0.19614141799800047
-0.41170975388714065 -0.0140297925558745 -0.19024596322007656
-0.38749153307025 -0.008014512899074346 -0.18435050844215262
-0.36327331225335935 -0.0019992332422741786 -0.1784550536642287
-0.33905509143646884 0.004016046414525962 -0.1725595988863048
-0.31483687061957816 0.010031326071326117 -0.16666414410838087
-0.29061864980268753 0.016046605728126283 -0.16076868933045693
-0.2664004289857969 0.02206188538492645 -0.154873234552533
-0.24218220816890623 0.028077165041726613 -0.14897777977460908
-0.2179639873520157 0.03409244469852675 -0.14308232499668516
-0.19374576653512504 0.04010772435532691 -0.13718687021876125
-0.16952754571823442 0.04612300401212708 -0.1312914154408373
-0.14530932490134377 0.05213828366892724 -0.1253959606629134
-0.12109110408445312 0.0581535633257274 -0.11950050588498945
-0.09687288326756258 0.06416884298252754 -0.11360505110706555
-0.07265466245067194 0.0701841226393277 -0.10770959632914161
-0.04843644163378129 0.07619940229612787 -0.10181414155121768
-0.024218220816890644 0.08221468195292803 -0.09591868677329375
0.0 0.0882299616097282 -0.09002323199536982
-0.9445106118587344 -0.1316609514038566 -0.33494984033363123
-0.9202923910418438 -0.12564567174705646 -0.32905438555570726
-0.8960741702249532 -0.11963039209025629 -0.32315893077778335
-0.8718559494080625 -0.11361511243345616 -0.31726347599985943
-0.8476377285911719 -0.10759983277665601 -0.3113680212219355
-0.8234195077742813 -0.10158455311985583 -0.3054725664440116
-0.7992012869573907 -0.09556927346305567 -0.2995771116660877
-0.7749830661405 -0.08955399380625552 -0.2936816568881637
-0.7507648453236094 -0.08353871414945536 -0.2877862021102398
-0.7265466245067188 -0.07752343449265521 -0.2818907473323159
-0.7023284036898282 -0.07150815483585506 -0.275995292554392
-0.6781101828729376 -0.06549287517905487 -0.27009983777646807
-0.6538919620560469 -0.05947759552225471 -0.2642043829985441
-0.6296737412391563 -0.053462315865454586 -0.25830892822062024
-0.6054555204222656 -0.047447036208654376 -0.25241347344269627
-0.5812372996053751 -0.04143175655185425 -0.24651801866477235
-0.5570190787884844 -0.035416476895054096 -0.2406225638868484
-0.5328008579715938 -0.029401197238253914 -0.23472710910892447
-0.5085826371547032 -0.023385917581453787 -0.22883165433100058
-0.48436441633781246 -0.01737063792465359 -0.22293619955307664
-0.46014619552092195 -0.011355358267853466 -0.21704074477515273
-0.4359279747040313 -0.005340078611053297 -0.21114528999722879
-0.41170975388714065 0.0006752010457468708 -0.20524983521930487
-0.38749153307025 0.006690480702547025 -0.19935438044138093
-0.36327331225335935 0.012705760359347193 -0.19345892566345702
-0.33905509143646884 0.018721040016147335 -0.1875634708855331
-0.31483687061957816 0.02473631967294749 -0.1816680161076092
-0.29061864980268753 0.030751599329747657 -0.17577256132968525
-0.2664004289857969 0.036766878986547825 -0.1698771065517613
-0.24218220816890623 0.04278215864334799 -0.1639816517738374
-0.2179639873520157 0.04879743830014812 -0.15808619699591347
-0.19374576653512504 0.05481271795694828 -0.15219074221798956
-0.16952754571823442 0.06082799761374845 -0.14629528744006562
-0.14530932490134377 0.0668432772705486 -0.1403998326621417
-0.12109110408445312 0.07285855692734877 -0.13450437788421776
-0.09687288326756258 0.07887383658414891 -0.12860892310629385
-0.07265466245067194 0.08488911624094907 -0.12271346832836992
-0.04843644163378129 0.09090439589774924 -0.11681801355044599
-0.024218220816890644 0.0969196755545494 -0.11092255877252206
0.0 0.10293495521134956 -0.10502710399459814
-0.9445106118587344 -0.11695595780223525 -0.3499537123328595
-0.9202923910418438 -0.1109406781454351 -0.3440582575549356
-0.8960741702249532 -0.10492539848863491 -0.33816280277701166
-0.8718559494080625 -0.09891011883183479 -0.33226734799908775
-0.8476377285911719 -0.09289483917503463 -0.32637189322116383
-0.8234195077742813 -0.08687955951823445 -0.32047643844323986
-0.7992012869573907 -0.0808642798614343 -0.31458098366531595
-0.7749830661405 -0.07484900020463414 -0.30868552888739204
-0.7507648453236094 -0.06883372054783399 -0.3027900741094681
-0.7265466245067188 -0.06281844089103383 -0.2968946193315442
-0.7023284036898282 -0.05680316123423368 -0.29099916455362024
-0.6781101828729376 -0.0507878815774335 -0.2851037097756963
-0.6538919620560469 -0.04477260192063334 -0.2792082549977724
-0.6296737412391563 -0.038757322263833216 -0.2733128002198485
-0.6054555204222656 -0.032742042607033006 -0.2674173454419245
-0.5812372996053751 -0.02672676295023288 -0.26152189066400067
-0.5570190787884844 -0.020711483293432725 -0.2556264358860767
-0.5328008579715938 -0.014696203636632543 -0.24973098110815278
-0.5085826371547032 -0.008680923979832417 -0.2438355263302289
-0.48436441633781246 -0.0026656443230322203 -0.23794007155230493
-0.46014619552092195 0.0033496353337679062 -0.232044616774381
-0.4359279747040313 0.009364914990568074 -0.2261491619964571
-0.41170975388714065 0.015380194647368242 -0.22025370721853316
-0.38749153307025 0.021395474304168396 -0.21435825244060924
-0.36327331225335935 0.027410753960968565 -0.2084627976626853
-0.33905509143646884 0.033426033617768705 -0.20256734288476141
-0.31483687061957816 0.03944131327456886 -0.19667188810683747
-0.29061864980268753 0.04545659293136903 -0.19077643332891356
-0.2664004289857969 0.051471872588169196 -0.18488097855098962
-0.24218220816890623 0.05748715224496936 -0.1789855237730657
-0.2179639873520157 0.06350243190176949 -0.1730900689951418
-0.19374576653512504 0.06951771155856966 -0.16719461421721785
-0.16952754571823442 0.07553299121536983 -0.16129915943929393
-0.14530932490134377 0.08154827087216998 -0.15540370466137
-0.12109110408445312 0.08756355052897015 -0.14950824988344608
-0.09687288326756258 0.09357883018577029 -0.14361279510552216
-0.07265466245067194 0.09959410984257044 -0.13771734032759825
-0.04843644163378129 0.10560938949937061 -0.1318218855496743
-0.024218220816890644 0.11162466915617077 -0.12592643077175036
0.0 0.11763994881297093 -0.12003097599382645
-0.9445106118587344 -0.10225096420061387 -0.3649575843320878
-0.9202923910418438 -0.09623568454381372 -0.3590621295541639
-0.8960741702249532 -0.09022040488701354 -0.35316667477624
-0.8718559494080625 -0.08420512523021341 -0.34727121999831606
-0.8476377285911719 -0.07818984557341326 -0.34137576522039215
-0.8234195077742813 -0.07217456591661307 -0.3354803104424682
-0.7992012869573907 -0.06615928625981292 -0.32958485566454426
-0.7749830661405 -0.06014400660301277 -0.32368940088662035
-0.7507648453236094 -0.05412872694621262 -0.31779394610869643
-0.7265466245067188 -0.04811344728941246 -0.3118984913307725
-0.7023284036898282 -0.04209816763261231 -0.30600303655284855
-0.6781101828729376 -0.03608288797581213 -0.30010758177492464
-0.6538919620560469 -0.03006760831901197 -0.2942121269970007
-0.6296737412391563 -0.024052328662211842 -0.2883166722190768
-0.6054555204222656 -0.018037049005411632 -0.28242121744115284
-0.5812372996053751 -0.012021769348611508 -0.276525762663229
-0.5570190787884844 -0.006006489691811353 -0.270630307885305
-0.5328008579715938 8.789964988828865e-06 -0.2647348531073811
-0.5085826371547032 0.006024069621788955 -0.2588393983294572
-0.48436441633781246 0.012039349278589151 -0.25294394355153327
-0.46014619552092195 0.01805462893538928 -0.24704848877360933
-0.4359279747040313 0.024069908592189448 -0.2411530339956854
-0.41170975388714065 0.030085188248989616 -0.23525757921776147
-0.38749153307025 0.03610046790578977 -0.22936212443983756
-0.36327331225335935 0.042115747562589935 -0.22346666966191361
-0.33905509143646884 0.048131027219390075 -0.21757121488398973
-0.31483687061957816 0.05414630687619023 -0.21167576010606579
-0.29061864980268753 0.0601615865329904 -0.20578030532814187
-0.2664004289857969 0.06617686618979057 -0.19988485055021793
-0.24218220816890623 0.07219214584659073 -0.19398939577229402
-0.2179639873520157 0.07820742550339087 -0.1880939409943701
-0.19374576653512504 0.08422270516019102 -0.18219848621644616
-0.16952754571823442 0.09023798481699119 -0.17630303143852225
-0.14530932490134377 0.09625326447379136 -0.1704075766605983
-0.12109110408445312 0.10226854413059151 -0.1645121218826744
-0.09687288326756258 0.10828382378739165 -0.15861666710475048
-0.07265466245067194 0.11429910344419182 -0.15272121232682653
-0.04843644163378129 0.12031438310099198 -0.14682575754890262
-0.024218220816890644 0.12632966275779214 -0.14093030277097868
0.0 0.1323449424145923 -0.13503484799305476
-0.9445106118587344 -0.08754597059899251 -0.3799614563313161
-0.9202923910418438 -0.08153069094219235 -0.3740660015533922
-0.8960741702249532 -0.07551541128539217 -0.3681705467754683
-0.8718559494080625 -0.06950013162859205 -0.3622750919975444
-0.8476377285911719 -0.06348485197179189 -0.35637963721962046
-0.8234195077742813 -0.05746957231499171 -0.3504841824416965
-0.7992012869573907 -0.051454292658191556 -0.3445887276637726
-0.7749830661405 -0.0454390130013914 -0.33869327288584866
-0.7507648453236094 -0.03942373334459125 -0.33279781810792475
-0.7265466245067188 -0.03340845368779109 -0.32690236333000083
-0.7023284036898282 -0.027393174030990935 -0.32100690855207686
-0.6781101828729376 -0.021377894374190753 -0.31511145377415295
-0.6538919620560469 -0.015362614717390598 -0.30921599899622904
-0.6296737412391563 -0.009347335060590472 -0.3033205442183051
-0.6054555204222656 -0.0033320554037902625 -0.29742508944038115
-0.5812372996053751 0.002683224253009864 -0.2915296346624573
-0.5570190787884844 0.008698503909810019 -0.2856341798845333
-0.5328008579715938 0.0147137835666102 -0.2797387251066094
-0.5085826371547032 0.020729063223410327 -0.2738432703286855
-0.48436441633781246 0.026744342880210523 -0.2679478155507616
-0.46014619552092195 0.032759622537010646 -0.26205236077283767
-0.4359279747040313 0.038774902193810815 -0.2561569059949137
-0.41170975388714065 0.04479018185061098 -0.2502614512169898
-0.38749153307025 0.05080546150741114 -0.24436599643906587
-0.36327331225335935 0.056820741164211305 -0.23847054166114193
-0.33905509143646884 0.06283602082101145 -0.23257508688321804
-0.31483687061957816 0.0688513004778116 -0.2266796321052941
-0.29061864980268753 0.07486658013461177 -0.22078417732737018
-0.2664004289857969 0.08088185979141194 -0.21488872254944624
-0.24218220816890623 0.0868971394482121 -0.20899326777152233
-0.2179639873520157 0.09291241910501223 -0.20309781299359841
-0.19374576653512504 0.0989276987618124 -0.19720235821567447
-0.16952754571823442 0.10494297841861257 -0.19130690343775056
-0.14530932490134377 0.11095825807541272 -0.18541144865982662
-0.12109110408445312 0.11697353773221289 -0.1795159938819027
-0.09687288326756258 0.12298881738901303 -0.1736205391039788
-0.07265466245067194 0.1290040970458132 -0.16772508432605485
-0.04843644163378129 0.13501937670261335 -0.16182962954813093
-0.024218220816890644 0.1410346563594135 -0.155934174770207
0.0 0.1470499360162137 -0.15003871999228308
-0.9445106118587344 -0.07284097699737116 -0.39496532833054443
-0.9202923910418438 -0.066825697340571 -0.38906987355262046
-0.8960741702249532 -0.060810417683770816 -0.38317441877469655
-0.8718559494080625 -0.05479513802697069 -0.37727896399677263
-0.8476377285911719 -0.048779858370170535 -0.3713835092188487
-0.8234195077742813 -0.04276457871337035 -0.3654880544409248
-0.7992012869573907 -0.0367492990565702 -0.3595925996630009
-0.7749830661405 -0.030734019399770045 -0.3536971448850769
-0.7507648453236094 -0.02471873974296989 -0.347801690107153
-0.7265466245067188 -0.018703460086169736 -0.3419062353292291
-0.7023284036898282 -0.012688180429369584 -0.3360107805513052
-0.6781101828729376 -0.006672900772569401 -0.33011532577338126
-0.6538919620560469 -0.0006576211157692463 -0.3242198709954573
-0.6296737412391563 0.00535765854103088 -0.31832441621753343
-0.6054555204222656 0.01137293819783109 -0.31242896143960946
-0.5812372996053751 0.017388217854631217 -0.30653350666168555
-0.5570190787884844 0.023403497511431372 -0.30063805188376164
-0.5328008579715938 0.029418777168231554 -0.29474259710583767
-0.5085826371547032 0.03543405682503168 -0.2888471423279138
-0.48436441633781246 0.041449336481831876 -0.28295168754998984
-0.46014619552092195 0.047464616138632 -0.2770562327720659
-0.4359279747040313 0.05347989579543217 -0.271160777994142
-0.41170975388714065 0.05949517545223234 -0.2652653232162181
-0.38749153307025 0.06551045510903249 -0.2593698684382941
-0.36327331225335935 0.07152573476583265 -0.2534744136603702
-0.33905509143646884 0.0775410144226328 -0.24757895888244633
-0.31483687061957816 0.08355629407943295 -0.24168350410452238
-0.29061864980268753 0.08957157373623312 -0.23578804932659847
-0.2664004289857969 0.09558685339303329 -0.22989259454867453
-0.24218220816890623 0.10160213304983345 -0.22399713977075061
-0.2179639873520157 0.10761741270663358 -0.2181016849928267
-0.19374576653512504 0.11363269236343375 -0.21220623021490276
-0.16952754571823442 0.11964797202023392 -0.20631077543697884
-0.14530932490134377 0.12566325167703407 -0.2004153206590549
-0.12109110408445312 0.13167853133383425 -0.194519865881131
-0.09687288326756258 0.13769381099063438 -0.18862441110320707
-0.07265466245067194 0.14370909064743453 -0.18272895632528316
-0.04843644163378129 0.14972437030423472 -0.17683350154735922
-0.024218220816890644 0.15573964996103487 -0.1709380467694353
0.0 0.16175492961783502 -0.16504259199151136
-0.9445106118587344 -0.0581359833957498 -0.40996920032977274
-0.9202923910418438 -0.05212070373894965 -0.4040737455518488
-0.8960741702249532 -0.04610542408214947 -0.39817829077392486
-0.8718559494080625 -0.04009014442534934 -0.39228283599600094
-0.8476377285911719 -0.034074864768549186 -0.38638738121807703
-0.8234195077742813 -0.028059585111749 -0.3804919264401531
-0.7992012869573907 -0.022044305454948846 -0.3745964716622292
-0.7749830661405 -0.016029025798148692 -0.36870101688430523
-0.7507648453236094 -0.01001374614134854 -0.3628055621063813
-0.7265466245067188 -0.003998466484548385 -0.3569101073284574
-0.7023284036898282 0.0020168131722517694 -0.3510146525505335
-0.6781101828729376 0.008032092829051951 -0.3451191977726096
-0.6538919620560469 0.014047372485852106 -0.3392237429946856
-0.6296737412391563 0.020062652142652234 -0.33332828821676175
-0.6054555204222656 0.026077931799452444 -0.3274328334388378
-0.5812372996053751 0.03209321145625257 -0.32153737866091386
-0.5570190787884844 0.03810849111305272 -0.31564192388298995
-0.5328008579715938 0.0441237707698529 -0.309746469105066
-0.5085826371547032 0.05013905042665303 -0.3038510143271421
-0.48436441633781246 0.056154330083453226 -0.29795555954921815
-0.46014619552092195 0.06216960974025335 -0.29206010477129424
-0.4359279747040313 0.06818488939705353 -0.2861646499933703
-0.41170975388714065 0.0742001690538537 -0.28026919521544635
-0.38749153307025 0.08021544871065385 -0.27437374043752244
-0.36327331225335935 0.08623072836745402 -0.2684782856595985
-0.33905509143646884 0.09224600802425416 -0.2625828308816746
-0.31483687061957816 0.09826128768105431 -0.2566873761037507
-0.29061864980268753 0.10427656733785448 -0.2507919213258268
-0.2664004289857969 0.11029184699465465 -0.2448964665479028
-0.24218220816890623 0.1163071266514548 -0.2390010117699789
-0.2179639873520157 0.12232240630825494 -0.23310555699205499
-0.19374576653512504 0.1283376859650551 -0.22721010221413107
-0.16952754571823442 0.13435296562185528 -0.22131464743620713
-0.14530932490134377 0.14036824527865543 -0.21541919265828322
-0.12109110408445312 0.1463835249354556 -0.20952373788035927
-0.09687288326756258 0.15239880459225574 -0.20362828310243536
-0.07265466245067194 0.1584140842490559 -0.19773282832451144
-0.04843644163378129 0.16442936390585605 -0.1918373735465875
-0.024218220816890644 0.17044464356265623 -0.1859419187686636
0.0 0.1764599232194564 -0.18004646399073965
-0.9445106118587344 -0.04343098979412841 -0.42497307232900106
-0.9202923910418438 -0.03741571013732826 -0.4190776175510771
-0.8960741702249532 -0.031400430480528076 -0.41318216277315317
-0.8718559494080625 -0.025385150823727946 -0.40728670799522926
-0.8476377285911719 -0.01936987116692779 -0.40139125321730534
-0.8234195077742813 -0.013354591510127611 -0.39549579843938143
-0.7992012869573907 -0.007339311853327457 -0.3896003436614575
-0.7749830661405 -0.0013240321965273022 -0.38370488888353355
-0.7507648453236094 0.004691247460272852 -0.37780943410560963
-0.7265466245067188 0.010706527117073006 -0.3719139793276857
-0.7023284036898282 0.016721806773873162 -0.3660185245497618
-0.6781101828729376 0.022737086430673344 -0.3601230697718379
-0.6538919620560469 0.0287523660874735 -0.3542276149939139
-0.6296737412391563 0.03476764574427362 -0.34833216021599006
-0.6054555204222656 0.04078292540107383 -0.3424367054380661
-0.5812372996053751 0.04679820505787396 -0.3365412506601422
-0.5570190787884844 0.05281348471467411 -0.33064579588221826
-0.5328008579715938 0.058828764371474294 -0.3247503411042943
-0.5085826371547032 0.06484404402827443 -0.31885488632637043
-0.48436441633781246 0.07085932368507462 -0.31295943154844647
-0.46014619552092195 0.07687460334187475 -0.30706397677052255
-0.4359279747040313 0.08288988299867492 -0.30116852199259864
-0.41170975388714065 0.08890516265547509 -0.2952730672146747
-0.38749153307025 0.09492044231227524 -0.28937761243675075
-0.36327331225335935 0.10093572196907541 -0.28348215765882684
-0.33905509143646884 0.10695100162587555 -0.2775867028809029
-0.31483687061957816 0.1129662812826757 -0.271691248102979
-0.29061864980268753 0.11898156093947587 -0.2657957933250551
-0.2664004289857969 0.12499684059627604 -0.2599003385471311
-0.24218220816890623 0.1310121202530762 -0.2540048837692072
-0.2179639873520157 0.13702739990987634 -0.24810942899128333
-0.19374576653512504 0.1430426795666765 -0.24221397421335938
-0.16952754571823442 0.14905795922347667 -0.23631851943543547
-0.14530932490134377 0.15507323888027683 -0.23042306465751153
-0.12109110408445312 0.16108851853707698 -0.22452760987958761
-0.09687288326756258 0.16710379819387713 -0.2186321551016637
-0.07265466245067194 0.1731190778506773 -0.21273670032373976
-0.04843644163378129 0.17913435750747744 -0.20684124554581584
-0.024218220816890644 0.18514963716427763 -0.2009457907678919
0.0 0.19116491682107778 -0.195050335989968
-0.9445106118587344 -0.02872599619250706 -0.43997694432822937
-0.9202923910418438 -0.022710716535706905 -0.4340814895503054
-0.8960741702249532 -0.016695436878906723 -0.4281860347723815
-0.8718559494080625 -0.010680157222106594 -0.42229057999445757
-0.8476377285911719 -0.00466487756530644 -0.41639512521653366
-0.8234195077742813 0.0013504020914937415 -0.41049967043860974
-0.7992012869573907 0.007365681748293896 -0.40460421566068583
-0.7749830661405 0.01338096140509405 -0.39870876088276186
-0.7507648453236094 0.019396241061894203 -0.39281330610483794
-0.7265466245067188 0.025411520718694357 -0.38691785132691403
-0.7023284036898282 0.031426800375494515 -0.3810223965489901
-0.6781101828729376 0.0374420800322947 -0.3751269417710662
-0.6538919620560469 0.04345735968909485 -0.36923148699314223
-0.6296737412391563 0.04947263934589498 -0.3633360322152184
-0.6054555204222656 0.05548791900269519 -0.3574405774372944
-0.5812372996053751 0.061503198659495315 -0.3515451226593705
-0.5570190787884844 0.06751847831629547 -0.3456496678814466
-0.5328008579715938 0.07353375797309565 -0.3397542131035226
-0.5085826371547032 0.07954903762989578 -0.33385875832559875
-0.48436441633781246 0.08556431728669597 -0.3279633035476748
-0.46014619552092195 0.0915795969434961 -0.32206784876975086
-0.4359279747040313 0.09759487660029627 -0.31617239399182695
-0.41170975388714065 0.10361015625709644 -0.310276939213903
-0.38749153307025 0.10962543591389659 -0.30438148443597907
-0.36327331225335935 0.11564071557069676 -0.29848602965805515
-0.33905509143646884 0.1216559952274969 -0.29259057488013124
-0.31483687061957816 0.12767127488429705 -0.2866951201022073
-0.29061864980268753 0.1336865545410972 -0.2807996653242834
-0.2664004289857969 0.1397018341978974 -0.27490421054635944
-0.24218220816890623 0.14571711385469754 -0.2690087557684355
-0.2179639873520157 0.15173239351149767 -0.2631133009905116
-0.19374576653512504 0.15774767316829785 -0.2572178462125877
-0.16952754571823442 0.163762952825098 -0.2513223914346638
-0.14530932490134377 0.16977823248189816 -0.24542693665673984
-0.12109110408445312 0.17579351213869834 -0.2395314818788159
-0.09687288326756258 0.18180879179549847 -0.23363602710089199
-0.07265466245067194 0.18782407145229862 -0.22774057232296807
-0.04843644163378129 0.1938393511090988 -0.22184511754504413
-0.024218220816890644 0.19985463076589896 -0.21594966276712022
0.0 0.20586991042269912 -0.21005420798919627
-0.9445106118587344 -0.014021002590885666 -0.4549808163274577
-0.9202923910418438 -0.008005722934085512 -0.4490853615495337
-0.8960741702249532 -0.0019904432772853303 -0.4431899067716098
-0.8718559494080625 0.004024836379514797 -0.4372944519936859
-0.8476377285911719 0.010040116036314951 -0.43139899721576197
-0.8234195077742813 0.01605539569311513 -0.42550354243783806
-0.7992012869573907 0.022070675349915286 -0.41960808765991414
-0.7749830661405 0.02808595500671544 -0.41371263288199017
-0.7507648453236094 0.0341012346635156 -0.40781717810406626
-0.7265466245067188 0.04011651432031575 -0.40192172332614234
-0.7023284036898282 0.046131793977115906 -0.39602626854821843
-0.6781101828729376 0.05214707363391609 -0.3901308137702945
-0.6538919620560469 0.05816235329071624 -0.38423535899237055
-0.6296737412391563 0.06417763294751637 -0.3783399042144467
-0.6054555204222656 0.07019291260431658 -0.3724444494365227
-0.5812372996053751 0.0762081922611167 -0.3665489946585988
-0.5570190787884844 0.08222347191791686 -0.3606535398806749
-0.5328008579715938 0.08823875157471704 -0.3547580851027509
-0.5085826371547032 0.09425403123151717 -0.34886263032482706
-0.48436441633781246 0.10026931088831736 -0.3429671755469031
-0.46014619552092195 0.10628459054511749 -0.3370717207689792
-0.4359279747040313 0.11229987020191766 -0.33117626599105526
-0.41170975388714065 0.11831514985871783 -0.32528081121313135
-0.38749153307025 0.12433042951551798 -0.3193853564352074
-0.36327331225335935 0.13034570917231814 -0.31348990165728347
-0.33905509143646884 0.1363609888291183 -0.30759444687935955
-0.31483687061957816 0.14237626848591844 -0.30169899210143564
-0.29061864980268753 0.1483915481427186 -0.2958035373235117
-0.2664004289857969 0.15440682779951878 -0.28990808254558775
-0.24218220816890623 0.16042210745631894 -0.28401262776766384
-0.2179639873520157 0.16643738711311906 -0.2781171729897399
-0.19374576653512504 0.17245266676991924 -0.272221718211816
-0.16952754571823442 0.1784679464267194 -0.2663262634338921
-0.14530932490134377 0.18448322608351955 -0.2604308086559682
-0.12109110408445312 0.19049850574031973 -0.2545353538780442
-0.09687288326756258 0.19651378539711986 -0.24863989910012033
-0.07265466245067194 0.20252906505392002 -0.24274444432219638
-0.04843644163378129 0.2085443447107202 -0.23684898954427247
-0.024218220816890644 0.21455962436752035 -0.23095353476634853
0.0 0.2205749040243205 -0.22505807998842461
-0.9445106118587344 0.0006839910107356858 -0.46998468832668594
-0.9202923910418438 0.00669927066753584 -0.464089233548762
-0.8960741702249532 0.012714550324336021 -0.4581937787708381
-0.8718559494080625 0.018729829981136148 -0.4522983239929142
-0.8476377285911719 0.024745109637936302 -0.4464028692149903
-0.8234195077742813 0.030760389294736484 -0.4405074144370663
-0.7992012869573907 0.03677566895153664 -0.4346119596591424
-0.7749830661405 0.04279094860833679 -0.4287165048812185
-0.7507648453236094 0.04880622826513695 -0.42282105010329457
-0.7265466245067188 0.0548215079219371 -0.41692559532537066
-0.7023284036898282 0.060836787578737256 -0.4110301405474467
-0.6781101828729376 0.06685206723553744 -0.4051346857695228
-0.6538919620560469 0.07286734689233759 -0.39923923099159886
-0.6296737412391563 0.07888262654913772 -0.39334377621367494
-0.6054555204222656 0.08489790620593793 -0.387448321435751
-0.5812372996053751 0.09091318586273806 -0.3815528666578271
-0.5570190787884844 0.09692846551953821 -0.37565741187990315
-0.5328008579715938 0.10294374517633839 -0.36976195710197923
-0.5085826371547032 0.10895902483313852 -0.3638665023240553
-0.48436441633781246 0.11497430448993871 -0.3579710475461314
-0.46014619552092195 0.12098958414673884 -0.3520755927682075
-0.4359279747040313 0.127004863803539 -0.3461801379902835
-0.41170975388714065 0.1330201434603392 -0.3402846832123596
-0.38749153307025 0.13903542311713935 -0.3343892284344357
-0.36327331225335935 0.1450507027739395 -0.3284937736565118
-0.33905509143646884 0.15106598243073965 -0.32259831887858786
-0.31483687061957816 0.1570812620875398 -0.31670286410066395
-0.29061864980268753 0.16309654174433996 -0.31080740932274
-0.2664004289857969 0.16911182140114014 -0.30491195454481607
-0.24218220816890623 0.1751271010579403 -0.29901649976689215
-0.2179639873520157 0.18114238071474043 -0.29312104498896824
-0.19374576653512504 0.18715766037154058 -0.2872255902110443
-0.16952754571823442 0.19317294002834076 -0.28133013543312035
-0.14530932490134377 0.19918821968514092 -0.27543468065519644
-0.12109110408445312 0.20520349934194107 -0.2695392258772725
-0.09687288326756258 0.21121877899874122 -0.2636437710993486
-0.07265466245067194 0.21723405865554138 -0.2577483163214247
-0.04843644163378129 0.22324933831234153 -0.25185286154350073
-0.024218220816890644 0.22926461796914172 -0.2459574067655768
0.0 0.23527989762594187 -0.2400619519876529
-0.9445106118587344 0.015388984612357038 -0.48498856032591425
-0.9202923910418438 0.021404264269157192 -0.47909310554799034
-0.8960741702249532 0.027419543925957374 -0.4731976507700664
-0.8718559494080625 0.033434823582757504 -0.4673021959921425
-0.8476377285911719 0.03945010323955766 -0.4614067412142186
-0.8234195077742813 0.04546538289635784 -0.4555112864362946
-0.7992012869573907 0.051480662553157995 -0.4496158316583707
-0.7749830661405 0.05749594220995815 -0.4437203768804468
-0.7507648453236094 0.0635112218667583 -0.4378249221025229
-0.7265466245067188 0.06952650152355845 -0.43192946732459897
-0.7023284036898282 0.0755417811803586 -0.426034012546675
-0.6781101828729376 0.08155706083715879 -0.4201385577687511
-0.6538919620560469 0.08757234049395894 -0.41424310299082717
-0.6296737412391563 0.09358762015075907 -0.40834764821290326
-0.6054555204222656 0.09960289980755928 -0.4024521934349793
-0.5812372996053751 0.1056181794643594 -0.39655673865705543
-0.5570190787884844 0.11163345912115956 -0.39066128387913146
-0.5328008579715938 0.11764873877795974 -0.38476582910120755
-0.5085826371547032 0.12366401843475987 -0.37887037432328363
-0.48436441633781246 0.12967929809156006 -0.37297491954535966
-0.46014619552092195 0.1356945777483602 -0.36707946476743575
-0.4359279747040313 0.14170985740516037 -0.36118400998951183
-0.41170975388714065 0.14772513706196053 -0.3552885552115879
-0.38749153307025 0.15374041671876068 -0.349393100433664
-0.36327331225335935 0.15975569637556086 -0.34349764565574004
-0.33905509143646884 0.165770976032361 -0.3376021908778162
-0.31483687061957816 0.17178625568916114 -0.3317067360998922
-0.29061864980268753 0.17780153534596133 -0.3258112813219683
-0.2664004289857969 0.18381681500276148 -0.3199158265440444
-0.24218220816890623 0.18983209465956163 -0.3140203717661204
-0.2179639873520157 0.1958473743163618 -0.30812491698819655
-0.19374576653512504 0.20186265397316194 -0.3022294622102726
-0.16952754571823442 0.2078779336299621 -0.29633400743234867
-0.14530932490134377 0.21389321328676228 -0.29043855265442475
-0.12109110408445312 0.21990849294356243 -0.2845430978765008
-0.09687288326756258 0.22592377260036256 -0.2786476430985769
-0.07265466245067194 0.23193905225716274 -0.27275218832065296
-0.04843644163378129 0.2379543319139629 -0.26685673354272904
-0.024218220816890644 0.24396961157076305 -0.2609612787648051
0.0 0.24998489122756323 -0.2550658239868812
-0.9445106118587344 0.03009397821397843 -0.49999243232514257
-0.9202923910418438 0.03610925787077859 -0.49409697754721865
-0.8960741702249532 0.04212453752757877 -0.48820152276929474
-0.8718559494080625 0.048139817184378896 -0.4823060679913708
-0.8476377285911719 0.05415509684117905 -0.4764106132134469
-0.8234195077742813 0.06017037649797923 -0.47051515843552294
-0.7992012869573907 0.06618565615477938 -0.464619703657599
-0.7749830661405 0.07220093581157953 -0.4587242488796751
-0.7507648453236094 0.07821621546837969 -0.4528287941017512
-0.7265466245067188 0.08423149512517984 -0.4469333393238273
-0.7023284036898282 0.09024677478198 -0.4410378845459033
-0.6781101828729376 0.09626205443878018 -0.4351424297679794
-0.6538919620560469 0.10227733409558033 -0.4292469749900555
-0.6296737412391563 0.10829261375238046 -0.42335152021213157
-0.6054555204222656 0.11430789340918067 -0.4174560654342076
-0.5812372996053751 0.1203231730659808 -0.41156061065628374
-0.5570190787884844 0.12633845272278096 -0.4056651558783598
-0.5328008579715938 0.13235373237958115 -0.39976970110043586
-0.5085826371547032 0.13836901203638127 -0.39387424632251195
-0.48436441633781246 0.14438429169318145 -0.38797879154458803
-0.46014619552092195 0.15039957134998158 -0.3820833367666641
-0.4359279747040313 0.15641485100678176 -0.37618788198874015
-0.41170975388714065 0.16243013066358192 -0.37029242721081623
-0.38749153307025 0.16844541032038207 -0.3643969724328923
-0.36327331225335935 0.17446068997718225 -0.3585015176549684
-0.33905509143646884 0.18047596963398238 -0.3526060628770445
-0.31483687061957816 0.18649124929078253 -0.3467106080991206
-0.29061864980268753 0.19250652894758272 -0.3408151533211966
-0.2664004289857969 0.19852180860438287 -0.3349196985432727
-0.24218220816890623 0.20453708826118303 -0.3290242437653488
-0.2179639873520157 0.21055236791798318 -0.32312878898742486
-0.19374576653512504 0.21656764757478333 -0.31723333420950095
-0.16952754571823442 0.2225829272315835 -0.311337879431577
-0.14530932490134377 0.22859820688838367 -0.30544242465365307
-0.12109110408445312 0.23461348654518382 -0.29954696987572915
-0.09687288326756258 0.24062876620198395 -0.29365151509780524
-0.07265466245067194 0.24664404585878413 -0.2877560603198813
-0.04843644163378129 0.2526593255155843 -0.28186060554195735
-0.024218220816890644 0.25867460517238444 -0.27596515076403344
0.0 0.2646898848291846 -0.2700696959861095
-0.9445106118587344 0.04479897181559978 -0.5149963043243708
-0.9202923910418438 0.050814251472399936 -0.509100849546447
-0.8960741702249532 0.05682953112920012 -0.503205394768523
-0.8718559494080625 0.06284481078600024 -0.4973099399905991
-0.8476377285911719 0.06886009044280039 -0.49141448521267517
-0.8234195077742813 0.07487537009960057 -0.48551903043475125
-0.7992012869573907 0.08089064975640073 -0.47962357565682734
-0.7749830661405 0.08690592941320088 -0.47372812087890337
-0.7507648453236094 0.09292120907000104 -0.46783266610097946
-0.7265466245067188 0.09893648872680119 -0.46193721132305554
-0.7023284036898282 0.10495176838360135 -0.4560417565451316
-0.6781101828729376 0.11096704804040153 -0.4501463017672077
-0.6538919620560469 0.11698232769720168 -0.44425084698928374
-0.6296737412391563 0.12299760735400181 -0.4383553922113599
-0.6054555204222656 0.12901288701080202 -0.4324599374334359
-0.5812372996053751 0.13502816666760215 -0.426564482655512
-0.5570190787884844 0.1410434463244023 -0.4206690278775881
-0.5328008579715938 0.14705872598120248 -0.4147735730996641
-0.5085826371547032 0.1530740056380026 -0.40887811832174026
-0.48436441633781246 0.15908928529480282 -0.4029826635438163
-0.46014619552092195 0.16510456495160294 -0.3970872087658924
-0.4359279747040313 0.1711198446084031 -0.39119175398796846
-0.41170975388714065 0.17713512426520328 -0.38529629921004455
-0.38749153307025 0.18315040392200344 -0.3794008444321206
-0.36327331225335935 0.1891656835788036 -0.37350538965419666
-0.33905509143646884 0.19518096323560374 -0.36760993487627275
-0.31483687061957816 0.2011962428924039 -0.36171448009834883
-0.29061864980268753 0.20721152254920405 -0.3558190253204249
-0.2664004289857969 0.21322680220600423 -0.34992357054250095
-0.24218220816890623 0.2192420818628044 -0.34402811576457704
-0.2179639873520157 0.22525736151960452 -0.3381326609866531
-0.19374576653512504 0.23127264117640467 -0.3322372062087292
-0.16952754571823442 0.23728792083320485 -0.3263417514308053
-0.14530932490134377 0.243303200490005 -0.3204462966528814
-0.12109110408445312 0.2493184801468052 -0.3145508418749574
-0.09687288326756258 0.2553337598036053 -0.30865538709703355
-0.07265466245067194 0.2613490394604055 -0.3027599323191096
-0.04843644163378129 0.26736431911720565 -0.29686447754118567
-0.024218220816890644 0.2733795987740058 -0.29096902276326175
0.0 0.27939487843080596 -0.2850735679853378
-0.9445106118587344 0.05950396541722117 -0.5300001763235992
-0.9202923910418438 0.06551924507402132 -0.5241047215456752
-0.8960741702249532 0.0715345247308215 -0.5182092667677514
-0.8718559494080625 0.07754980438762163 -0.5123138119898274
-0.8476377285911719 0.08356508404442178 -0.5064183572119035
-0.8234195077742813 0.08958036370122197 -0.5005229024339796
-0.7992012869573907 0.09559564335802212 -0.49462744765605565
-0.7749830661405 0.10161092301482227 -0.48873199287813174
-0.7507648453236094 0.10762620267162243 -0.4828365381002078
-0.7265466245067188 0.11364148232842258 -0.4769410833222839
-0.7023284036898282 0.11965676198522274 -0.47104562854435994
-0.6781101828729376 0.12567204164202292 -0.465150173766436
-0.6538919620560469 0.13168732129882307 -0.4592547189885121
-0.6296737412391563 0.1377026009556232 -0.4533592642105882
-0.6054555204222656 0.1437178806124234 -0.44746380943266423
-0.5812372996053751 0.14973316026922354 -0.44156835465474037
-0.5570190787884844 0.1557484399260237 -0.4356728998768164
-0.5328008579715938 0.16176371958282387 -0.4297774450988925
-0.5085826371547032 0.167778999239624 -0.42388199032096857
-0.48436441633781246 0.1737942788964242 -0.41798653554304466
-0.46014619552092195 0.17980955855322434 -0.41209108076512074
-0.4359279747040313 0.1858248382100245 -0.4061956259871968
-0.41170975388714065 0.19184011786682467 -0.40030017120927286
-0.38749153307025 0.19785539752362483 -0.39440471643134895
-0.36327331225335935 0.20387067718042498 -0.38850926165342503
-0.33905509143646884 0.20988595683722513 -0.3826138068755011
-0.31483687061957816 0.2159012364940253 -0.3767183520975772
-0.29061864980268753 0.22191651615082544 -0.37082289731965323
-0.2664004289857969 0.22793179580762563 -0.3649274425417293
-0.24218220816890623 0.23394707546442578 -0.3590319877638054
-0.2179639873520157 0.2399623551212259 -0.3531365329858815
-0.19374576653512504 0.24597763477802606 -0.3472410782079576
-0.16952754571823442 0.25199291443482624 -0.3413456234300336
-0.14530932490134377 0.2580081940916264 -0.3354501686521097
-0.12109110408445312 0.26402347374842655 -0.3295547138741858
-0.09687288326756258 0.2700387534052267 -0.32365925909626186
-0.07265466245067194 0.27605403306202686 -0.31776380431833795
-0.04843644163378129 0.282069312718827 -0.311868349540414
-0.024218220816890644 0.28808459237562717 -0.30597289476249007
0.0 0.2940998720324274 -0.30007743998456615
-0.9445106118587344 0.07420895901884253 -0.5450040483228275
-0.9202923910418438 0.08022423867564268 -0.5391085935449036
-0.8960741702249532 0.08623951833244287 -0.5332131387669796
-0.8718559494080625 0.09225479798924299 -0.5273176839890558
-0.8476377285911719 0.09827007764604315 -0.5214222292111318
-0.8234195077742813 0.10428535730284333 -0.5155267744332078
-0.7992012869573907 0.11030063695964348 -0.509631319655284
-0.7749830661405 0.11631591661644364 -0.50373586487736
-0.7507648453236094 0.12233119627324379 -0.4978404100994361
-0.7265466245067188 0.12834647593004395 -0.49194495532151217
-0.7023284036898282 0.1343617555868441 -0.48604950054358825
-0.6781101828729376 0.14037703524364428 -0.48015404576566434
-0.6538919620560469 0.14639231490044444 -0.47425859098774037
-0.6296737412391563 0.15240759455724456 -0.4683631362098165
-0.6054555204222656 0.15842287421404477 -0.46246768143189254
-0.5812372996053751 0.1644381538708449 -0.4565722266539686
-0.5570190787884844 0.17045343352764505 -0.4506767718760447
-0.5328008579715938 0.17646871318444524 -0.44478131709812074
-0.5085826371547032 0.18248399284124536 -0.4388858623201969
-0.48436441633781246 0.18849927249804554 -0.4329904075422729
-0.46014619552092195 0.19451455215484567 -0.427094952764349
-0.4359279747040313 0.20052983181164585 -0.4211994979864251
-0.41170975388714065 0.206545111468446 -0.4153040432085012
-0.38749153307025 0.21256039112524616 -0.4094085884305772
-0.36327331225335935 0.21857567078204634 -0.4035131336526533
-0.33905509143646884 0.22459095043884647 -0.3976176788747294
-0.31483687061957816 0.23060623009564662 -0.39172222409680546
-0.29061864980268753 0.2366215097524468 -0.38582676931888155
-0.2664004289857969 0.24263678940924696 -0.3799313145409576
-0.24218220816890623 0.24865206906604714 -0.37403585976303366
-0.2179639873520157 0.25466734872284724 -0.36814040498510975
-0.19374576653512504 0.26068262837964745 -0.36224495020718583
-0.16952754571823442 0.2666979080364476 -0.3563494954292619
-0.14530932490134377 0.27271318769324776 -0.350454040651338
-0.12109110408445312 0.2787284673500479 -0.34455858587341404
-0.09687288326756258 0.28474374700684807 -0.3386631310954901
-0.07265466245067194 0.2907590266636482 -0.3327676763175662
-0.04843644163378129 0.2967743063204484 -0.3268722215396423
-0.024218220816890644 0.30278958597724853 -0.3209767667617184
0.0 0.3088048656340487 -0.3150813119837944
-0.9445106118587344 0.08891395262046388 -0.5600079203220558
-0.9202923910418438 0.09492923227726403 -0.5541124655441318
-0.8960741702249532 0.10094451193406422 -0.5482170107662079
-0.8718559494080625 0.10695979159086434 -0.542321555988284
-0.8476377285911719 0.1129750712476645 -0.53642610121036
-0.8234195077742813 0.11899035090446468 -0.5305306464324362
-0.7992012869573907 0.12500563056126482 -0.5246351916545122
-0.7749830661405 0.13102091021806497 -0.5187397368765883
-0.7507648453236094 0.13703618987486513 -0.5128442820986644
-0.7265466245067188 0.14305146953166528 -0.5069488273207404
-0.7023284036898282 0.14906674918846544 -0.5010533725428166
-0.6781101828729376 0.15508202884526562 -0.4951579177648926
-0.6538919620560469 0.16109730850206577 -0.4892624629869687
-0.6296737412391563 0.1671125881588659 -0.48336700820904477
-0.6054555204222656 0.1731278678156661 -0.4774715534311208
-0.5812372996053751 0.17914314747246624 -0.47157609865319694
-0.5570190787884844 0.1851584271292664 -0.46568064387527297
-0.5328008579715938 0.19117370678606657 -0.45978518909734906
-0.5085826371547032 0.1971889864428667 -0.45388973431942514
-0.48436441633781246 0.2032042660996669 -0.44799427954150123
-0.46014619552092195 0.20921954575646703 -0.4420988247635773
-0.4359279747040313 0.2152348254132672 -0.43620336998565334
-0.41170975388714065 0.22125010507006737 -0.43030791520772943
-0.38749153307025 0.22726538472686753 -0.4244124604298055
-0.36327331225335935 0.23328066438366768 -0.4185170056518816
-0.33905509143646884 0.23929594404046783 -0.4126215508739577
-0.31483687061957816 0.245311223697268 -0.4067260960960338
-0.29061864980268753 0.25132650335406814 -0.4008306413181098
-0.2664004289857969 0.2573417830108683 -0.3949351865401859
-0.24218220816890623 0.2633570626676685 -0.389039731762262
-0.2179639873520157 0.2693723423244686 -0.38314427698433806
-0.19374576653512504 0.27538762198126876 -0.37724882220641415
-0.16952754571823442 0.28140290163806897 -0.3713533674284902
-0.14530932490134377 0.2874181812948691 -0.36545791265056626
-0.12109110408445312 0.2934334609516693 -0.35956245787264235
-0.09687288326756258 0.29944874060846943 -0.35366700309471844
-0.07265466245067194 0.3054640202652696 -0.3477715483167945
-0.04843644163378129 0.31147929992206974 -0.3418760935388706
-0.024218220816890644 0.3174945795788699 -0.33598063876094664
0.0 0.32350985923567005 -0.3300851839830227
-0.9445106118587344 0.10361894622208527 -0.5750117923212841
-0.9202923910418438 0.10963422587888542 -0.5691163375433602
-0.8960741702249532 0.1156495055356856 -0.5632208827654362
-0.8718559494080625 0.12166478519248573 -0.5573254279875124
-0.8476377285911719 0.12768006484928587 -0.5514299732095884
-0.8234195077742813 0.13369534450608606 -0.5455345184316645
-0.7992012869573907 0.1397106241628862 -0.5396390636537406
-0.7749830661405 0.14572590381968636 -0.5337436088758166
-0.7507648453236094 0.15174118347648652 -0.5278481540978928
-0.7265466245067188 0.15775646313328667 -0.5219526993199688
-0.7023284036898282 0.16377174279008683 -0.5160572445420448
-0.6781101828729376 0.169787022446887 -0.510161789764121
-0.6538919620560469 0.17580230210368716 -0.504266334986197
-0.6296737412391563 0.1818175817604873 -0.49837088020827314
-0.6054555204222656 0.1878328614172875 -0.49247542543034917
-0.5812372996053751 0.19384814107408763 -0.48657997065242525
-0.5570190787884844 0.19986342073088778 -0.48068451587450134
-0.5328008579715938 0.20587870038768796 -0.47478906109657737
-0.5085826371547032 0.2118939800444881 -0.4688936063186535
-0.48436441633781246 0.2179092597012883 -0.46299815154072954
-0.46014619552092195 0.22392453935808843 -0.4571026967628056
-0.4359279747040313 0.22993981901488858 -0.4512072419848817
-0.41170975388714065 0.23595509867168876 -0.4453117872069578
-0.38749153307025 0.24197037832848892 -0.43941633242903383
-0.36327331225335935 0.24798565798528907 -0.4335208776511099
-0.33905509143646884 0.2540009376420892 -0.427625422873186
-0.31483687061957816 0.26001621729888935 -0.4217299680952621
-0.29061864980268753 0.26603149695568956 -0.4158345133173382
-0.2664004289857969 0.2720467766124897 -0.4099390585394142
-0.24218220816890623 0.27806205626928987 -0.4040436037614903
-0.2179639873520157 0.28407733592609 -0.3981481489835664
-0.19374576653512504 0.2900926155828902 -0.39225269420564246
-0.16952754571823442 0.29610789523969033 -0.38635723942771855
-0.14530932490134377 0.3021231748964905 -0.38046178464979463
-0.12109110408445312 0.30813845455329064 -0.37456632987187066
-0.09687288326756258 0.3141537342100908 -0.36867087509394675
-0.07265466245067194 0.32016901386689095 -0.36277542031602283
-0.04843644163378129 0.3261842935236911 -0.3568799655380989
-0.024218220816890644 0.3321995731804913 -0.350984510760175
0.0 0.33821485283729147 -0.34508905598225104
-0.9445106118587344 0.11832393982370658 -0.5900156643205123
-0.9202923910418438 0.12433921948050673 -0.5841202095425885
-0.8960741702249532 0.13035449913730693 -0.5782247547646645
-0.8718559494080625 0.13636977879410705 -0.5723292999867406
-0.8476377285911719 0.1423850584509072 -0.5664338452088167
-0.8234195077742813 0.1484003381077074 -0.5605383904308927
-0.7992012869573907 0.15441561776450755 -0.5546429356529688
-0.7749830661405 0.1604308974213077 -0.5487474808750449
-0.7507648453236094 0.16644617707810785 -0.542852026097121
-0.7265466245067188 0.172461456734908 -0.536956571319197
-0.7023284036898282 0.17847673639170816 -0.5310611165412731
-0.6781101828729376 0.18449201604850834 -0.5251656617633492
-0.6538919620560469 0.1905072957053085 -0.5192702069854253
-0.6296737412391563 0.19652257536210863 -0.5133747522075014
-0.6054555204222656 0.20253785501890884 -0.5074792974295774
-0.5812372996053751 0.20855313467570896 -0.5015838426516536
-0.5570190787884844 0.21456841433250912 -0.4956883878737296
-0.5328008579715938 0.2205836939893093 -0.4897929330958056
-0.5085826371547032 0.22659897364610943 -0.48389747831788177
-0.48436441633781246 0.2326142533029096 -0.4780020235399578
-0.46014619552092195 0.23862953295970973 -0.4721065687620339
-0.4359279747040313 0.24464481261650992 -0.46621111398410997
-0.41170975388714065 0.2506600922733101 -0.460315659206186
-0.38749153307025 0.25667537193011025 -0.4544202044282621
-0.36327331225335935 0.2626906515869104 -0.4485247496503382
-0.33905509143646884 0.26870593124371056 -0.44262929487241426
-0.31483687061957816 0.2747212109005107 -0.43673384009449034
-0.29061864980268753 0.28073649055731087 -0.43083838531656643
-0.2664004289857969 0.286751770214111 -0.42494293053864246
-0.24218220816890623 0.2927670498709112 -0.41904747576071855
-0.2179639873520157 0.29878232952771133 -0.41315202098279463
-0.19374576653512504 0.3047976091845115 -0.4072565662048707
-0.16952754571823442 0.31081288884131164 -0.4013611114269468
-0.14530932490134377 0.3168281684981118 -0.39546565664902283
-0.12109110408445312 0.322843448154912 -0.3895702018710989
-0.09687288326756258 0.3288587278117121 -0.383674747093175
-0.07265466245067194 0.33487400746851226 -0.3777792923152511
-0.04843644163378129 0.34088928712531247 -0.3718838375373272
-0.024218220816890644 0.3469045667821126 -0.3659883827594032
0.0 0.3529198464389128 -0.3600929279814793
-0.9445106118587344 0.13302893342532798 -0.6050195363197407
-0.9202923910418438 0.13904421308212814 -0.5991240815418167
-0.8960741702249532 0.14505949273892832 -0.5932286267638929
-0.8718559494080625 0.15107477239572845 -0.5873331719859689
-0.8476377285911719 0.1570900520525286 -0.581437717208045
-0.8234195077742813 0.16310533170932878 -0.5755422624301211
-0.7992012869573907 0.16912061136612894 -0.5696468076521971
-0.7749830661405 0.1751358910229291 -0.5637513528742732
-0.7507648453236094 0.18115117067972925 -0.5578558980963493
-0.7265466245067188 0.1871664503365294 -0.5519604433184254
-0.7023284036898282 0.19318172999332955 -0.5460649885405015
-0.6781101828729376 0.19919700965012974 -0.5401695337625775
-0.6538919620560469 0.2052122893069299 -0.5342740789846536
-0.6296737412391563 0.21122756896373002 -0.5283786242067297
-0.6054555204222656 0.21724284862053023 -0.5224831694288057
-0.5812372996053751 0.22325812827733035 -0.5165877146508818
-0.5570190787884844 0.2292734079341305 -0.5106922598729579
-0.5328008579715938 0.2352886875909307 -0.504796805095034
-0.5085826371547032 0.24130396724773082 -0.4989013503171101
-0.48436441633781246 0.247319246904531 -0.4930058955391861
-0.46014619552092195 0.25333452656133115 -0.4871104407612622
-0.4359279747040313 0.2593498062181313 -0.4812149859833383
-0.41170975388714065 0.26536508587493146 -0.47531953120541437
-0.38749153307025 0.2713803655317316 -0.4694240764274904
-0.36327331225335935 0.27739564518853177 -0.4635286216495665
-0.33905509143646884 0.2834109248453319 -0.45763316687164257
-0.31483687061957816 0.2894262045021321 -0.45173771209371866
-0.29061864980268753 0.29544148415893223 -0.44584225731579474
-0.2664004289857969 0.30145676381573244 -0.4399468025378708
-0.24218220816890623 0.3074720434725326 -0.43405134775994686
-0.2179639873520157 0.3134873231293327 -0.42815589298202295
-0.19374576653512504 0.31950260278613285 -0.42226043820409903
-0.16952754571823442 0.32551788244293306 -0.4163649834261751
-0.14530932490134377 0.3315331620997332 -0.4104695286482512
-0.12109110408445312 0.33754844175653337 -0.40457407387032723
-0.09687288326756258 0.3435637214133335 -0.3986786190924034
-0.07265466245067194 0.3495790010701337 -0.3927831643144794
-0.04843644163378129 0.35559428072693383 -0.3868877095365555
-0.024218220816890644 0.361609560383734 -0.3809922547586316
0.0 0.36762484004053414 -0.3750967999807076
-0.9445106118587344 0.14773392702694937 -0.6200234083189691
-0.9202923910418438 0.15374920668374953 -0.6141279535410451
-0.8960741702249532 0.1597644863405497 -0.6082324987631211
-0.8718559494080625 0.16577976599734984 -0.6023370439851973
-0.8476377285911719 0.17179504565415 -0.5964415892072733
-0.8234195077742813 0.17781032531095017 -0.5905461344293494
-0.7992012869573907 0.18382560496775033 -0.5846506796514255
-0.7749830661405 0.18984088462455048 -0.5787552248735015
-0.7507648453236094 0.19585616428135064 -0.5728597700955776
-0.7265466245067188 0.2018714439381508 -0.5669643153176537
-0.7023284036898282 0.20788672359495095 -0.5610688605397298
-0.6781101828729376 0.21390200325175113 -0.5551734057618058
-0.6538919620560469 0.21991728290855128 -0.5492779509838819
-0.6296737412391563 0.2259325625653514 -0.543382496205958
-0.6054555204222656 0.23194784222215162 -0.537487041428034
-0.5812372996053751 0.23796312187895174 -0.5315915866501102
-0.5570190787884844 0.2439784015357519 -0.5256961318721862
-0.5328008579715938 0.24999368119255208 -0.5198006770942623
-0.5085826371547032 0.2560089608493522 -0.5139052223163384
-0.48436441633781246 0.2620242405061524 -0.5080097675384144
-0.46014619552092195 0.2680395201629525 -0.5021143127604906
-0.4359279747040313 0.27405479981975267 -0.4962188579825666
-0.41170975388714065 0.2800700794765529 -0.4903234032046427
-0.38749153307025 0.28608535913335303 -0.48442794842671877
-0.36327331225335935 0.2921006387901532 -0.47853249364879485
-0.33905509143646884 0.29811591844695334 -0.47263703887087094
-0.31483687061957816 0.3041311981037535 -0.466741584092947
-0.29061864980268753 0.31014647776055365 -0.46084612931502306
-0.2664004289857969 0.3161617574173538 -0.45495067453709914
-0.24218220816890623 0.32217703707415396 -0.44905521975917523
-0.2179639873520157 0.3281923167309541 -0.4431597649812513
-0.19374576653512504 0.33420759638775427 -0.4372643102033274
-0.16952754571823442 0.3402228760445544 -0.43136885542540343
-0.14530932490134377 0.3462381557013546 -0.4254734006474795
-0.12109110408445312 0.3522534353581548 -0.4195779458695556
-0.09687288326756258 0.3582687150149549 -0.4136824910916317
-0.07265466245067194 0.36428399467175504 -0.4077870363137078
-0.04843644163378129 0.37029927432855525 -0.4018915815357838
-0.024218220816890644 0.3763145539853554 -0.3959961267578599
0.0 0.38232983364215556 -0.390100671979936
-0.9445106118587344 0.16243892062857077 -0.6350272803181973
-0.9202923910418438 0.16845420028537092 -0.6291318255402735
-0.8960741702249532 0.1744694799421711 -0.6232363707623495
-0.8718559494080625 0.18048475959897123 -0.6173409159844256
-0.8476377285911719 0.18650003925577138 -0.6114454612065017
-0.8234195077742813 0.19251531891257156 -0.6055500064285777
-0.7992012869573907 0.19853059856937172 -0.5996545516506538
-0.7749830661405 0.20454587822617187 -0.5937590968727299
-0.7507648453236094 0.21056115788297203 -0.587863642094806
-0.7265466245067188 0.21657643753977218 -0.581968187316882
-0.7023284036898282 0.22259171719657234 -0.5760727325389581
-0.6781101828729376 0.22860699685337252 -0.5701772777610342
-0.6538919620560469 0.23462227651017267 -0.5642818229831102
-0.6296737412391563 0.2406375561669728 -0.5583863682051864
-0.6054555204222656 0.246652835823773 -0.5524909134272624
-0.5812372996053751 0.2526681154805731 -0.5465954586493386
-0.5570190787884844 0.25868339513737326 -0.5407000038714146
-0.5328008579715938 0.26469867479417347 -0.5348045490934906
-0.5085826371547032 0.27071395445097357 -0.5289090943155668
-0.48436441633781246 0.2767292341077738 -0.5230136395376428
-0.46014619552092195 0.28274451376457393 -0.5171181847597188
-0.4359279747040313 0.2887597934213741 -0.511222729981795
-0.41170975388714065 0.29477507307817424 -0.505327275203871
-0.38749153307025 0.3007903527349744 -0.4994318204259471
-0.36327331225335935 0.30680563239177455 -0.49353636564802317
-0.33905509143646884 0.3128209120485747 -0.48764091087009925
-0.31483687061957816 0.31883619170537486 -0.48174545609217534
-0.29061864980268753 0.324851471362175 -0.4758500013142514
-0.2664004289857969 0.3308667510189752 -0.46995454653632746
-0.24218220816890623 0.3368820306757754 -0.46405909175840354
-0.2179639873520157 0.3428973103325755 -0.4581636369804796
-0.19374576653512504 0.34891258998937563 -0.4522681822025557
-0.16952754571823442 0.35492786964617584 -0.4463727274246318
-0.14530932490134377 0.360943149302976 -0.44047727264670783
-0.12109110408445312 0.36695842895977615 -0.4345818178687839
-0.09687288326756258 0.3729737086165763 -0.42868636309086
-0.07265466245067194 0.37898898827337646 -0.4227909083129361
-0.04843644163378129 0.3850042679301766 -0.4168954535350122
-0.024218220816890644 0.39101954758697677 -0.4109999987570882
0.0 0.3970348272437769 -0.4051045439791643
-0.9445106118587344 0.17714391423019207 -0.6500311523174256
-0.9202923910418438 0.18315919388699223 -0.6441356975395017
-0.8960741702249532 0.1891744735437924 -0.6382402427615778
-0.8718559494080625 0.19518975320059254 -0.6323447879836539
-0.8476377285911719 0.2012050328573927 -0.6264493332057299
-0.8234195077742813 0.20722031251419287 -0.620553878427806
-0.7992012869573907 0.21323559217099303 -0.6146584236498821
-0.7749830661405 0.21925087182779318 -0.6087629688719581
-0.7507648453236094 0.22526615148459334 -0.6028675140940343
-0.7265466245067188 0.2312814311413935 -0.5969720593161103
-0.7023284036898282 0.23729671079819364 -0.5910766045381863
-0.6781101828729376 0.24331199045499383 -0.5851811497602625
-0.6538919620560469 0.24932727011179398 -0.5792856949823385
-0.6296737412391563 0.2553425497685941 -0.5733902402044146
-0.6054555204222656 0.2613578294253943 -0.5674947854264907
-0.5812372996053751 0.2673731090821944 -0.5615993306485668
-0.5570190787884844 0.27338838873899457 -0.5557038758706428
-0.5328008579715938 0.2794036683957948 -0.5498084210927189
-0.5085826371547032 0.2854189480525949 -0.543912966314795
-0.48436441633781246 0.2914342277093951 -0.538017511536871
-0.46014619552092195 0.29744950736619524 -0.5321220567589471
-0.4359279747040313 0.3034647870229954 -0.5262266019810232
-0.41170975388714065 0.30948006667979555 -0.5203311472030993
-0.38749153307025 0.3154953463365957 -0.5144356924251754
-0.36327331225335935 0.32151062599339586 -0.5085402376472514
-0.33905509143646884 0.327525905650196 -0.5026447828693276
-0.31483687061957816 0.33354118530699617 -0.4967493280914036
-0.29061864980268753 0.3395564649637963 -0.4908538733134797
-0.2664004289857969 0.34557174462059653 -0.4849584185355557
-0.24218220816890623 0.3515870242773967 -0.4790629637576318
-0.2179639873520157 0.3576023039341968 -0.4731675089797079
-0.19374576653512504 0.363617583590997 -0.46727205420178397
-0.16952754571823442 0.36963286324779715 -0.46137659942386006
-0.14530932490134377 0.3756481429045973 -0.4554811446459361
-0.12109110408445312 0.38166342256139746 -0.4495856898680122
-0.09687288326756258 0.3876787022181976 -0.44369023509008826
-0.07265466245067194 0.39369398187499777 -0.43779478031216434
-0.04843644163378129 0.3997092615317979 -0.43189932553424043
-0.024218220816890644 0.4057245411885981 -0.42600387075631646
0.0 0.41173982084539823 -0.42010841597839255
-0.9445106118587344 0.19184890783181346 -0.665035024316654
-0.9202923910418438 0.19786418748861362 -0.65913956953873
-0.8960741702249532 0.2038794671454138 -0.6532441147608061
-0.8718559494080625 0.20989474680221393 -0.6473486599828822
-0.8476377285911719 0.21591002645901408 -0.6414532052049583
-0.8234195077742813 0.22192530611581426 -0.6355577504270343
-0.7992012869573907 0.22794058577261442 -0.6296622956491104
-0.7749830661405 0.23395586542941457 -0.6237668408711865
-0.7507648453236094 0.23997114508621473 -0.6178713860932625
-0.7265466245067188 0.24598642474301488 -0.6119759313153387
-0.7023284036898282 0.252001704399815 -0.6060804765374147
-0.6781101828729376 0.2580169840566152 -0.6001850217594907
-0.6538919620560469 0.26403226371341537 -0.5942895669815669
-0.6296737412391563 0.27004754337021547 -0.5883941122036429
-0.6054555204222656 0.2760628230270157 -0.5824986574257189
-0.5812372996053751 0.28207810268381583 -0.5766032026477951
-0.5570190787884844 0.288093382340616 -0.5707077478698711
-0.5328008579715938 0.29410866199741614 -0.5648122930919472
-0.5085826371547032 0.3001239416542163 -0.5589168383140233
-0.48436441633781246 0.3061392213110165 -0.5530213835360994
-0.46014619552092195 0.3121545009678166 -0.5471259287581755
-0.4359279747040313 0.31816978062461676 -0.5412304739802515
-0.41170975388714065 0.32418506028141697 -0.5353350192023276
-0.38749153307025 0.3302003399382171 -0.5294395644244037
-0.36327331225335935 0.3362156195950173 -0.5235441096464798
-0.33905509143646884 0.34223089925181743 -0.5176486548685558
-0.31483687061957816 0.3482461789086176 -0.511753200090632
-0.29061864980268753 0.35426145856541774 -0.505857745312708
-0.2664004289857969 0.3602767382222179 -0.499962290534784
-0.24218220816890623 0.36629201787901805 -0.4940668357568601
-0.2179639873520157 0.3723072975358182 -0.4881713809789362
-0.19374576653512504 0.37832257719261836 -0.4822759262010123
-0.16952754571823442 0.3843378568494185 -0.47638047142308837
-0.14530932490134377 0.39035313650621867 -0.47048501664516446
-0.12109110408445312 0.3963684161630189 -0.4645895618672405
-0.09687288326756258 0.402383695819819 -0.45869410708931657
-0.07265466245067194 0.40839897547661913 -0.45279865231139266
-0.04843644163378129 0.41441425513341934 -0.44690319753346874
-0.024218220816890644 0.4204295347902195 -0.44100774275554483
0.0 0.42644481444701965 -0.43511228797762086
-0.9445106118587344 0.20655390143343486 -0.6800388963158823
-0.9202923910418438 0.212569181090235 -0.6741434415379584
-0.8960741702249532 0.2185844607470352 -0.6682479867600344
-0.8718559494080625 0.22459974040383532 -0.6623525319821105
-0.8476377285911719 0.23061502006063547 -0.6564570772041866
-0.8234195077742813 0.23663029971743565 -0.6505616224262627
-0.7992012869573907 0.2426455793742358 -0.6446661676483387
-0.7749830661405 0.24866085903103596 -0.6387707128704148
-0.7507648453236094 0.2546761386878361 -0.6328752580924909
-0.7265466245067188 0.26069141834463627 -0.6269798033145669
-0.7023284036898282 0.2667066980014364 -0.6210843485366431
-0.6781101828729376 0.2727219776582366 -0.6151888937587191
-0.6538919620560469 0.27873725731503673 -0.6092934389807951
-0.6296737412391563 0.2847525369718369 -0.6033979842028713
-0.6054555204222656 0.2907678166286371 -0.5975025294249473
-0.5812372996053751 0.2967830962854372 -0.5916070746470234
-0.5570190787884844 0.30279837594223735 -0.5857116198690995
-0.5328008579715938 0.30881365559903756 -0.5798161650911755
-0.5085826371547032 0.31482893525583766 -0.5739207103132516
-0.48436441633781246 0.32084421491263787 -0.5680252555353277
-0.46014619552092195 0.326859494569438 -0.5621298007574038
-0.4359279747040313 0.3328747742262382 -0.5562343459794798
-0.41170975388714065 0.33889005388303833 -0.5503388912015559
-0.38749153307025 0.3449053335398385 -0.544443436423632
-0.36327331225335935 0.35092061319663864 -0.538547981645708
-0.33905509143646884 0.3569358928534388 -0.5326525268677842
-0.31483687061957816 0.36295117251023895 -0.5267570720898602
-0.29061864980268753 0.3689664521670391 -0.5208616173119364
-0.2664004289857969 0.3749817318238393 -0.5149661625340124
-0.24218220816890623 0.38099701148063947 -0.5090707077560884
-0.2179639873520157 0.38701229113743957 -0.5031752529781646
-0.19374576653512504 0.3930275707942398 -0.4972797982002406
-0.16952754571823442 0.39904285045103993 -0.4913843434223167
-0.14530932490134377 0.4050581301078401 -0.48548888864439277
-0.12109110408445312 0.41107340976464024 -0.47959343386646885
-0.09687288326756258 0.4170886894214404 -0.47369797908854494
-0.07265466245067194 0.42310396907824055 -0.46780252431062097
-0.04843644163378129 0.4291192487350407 -0.46190706953269706
-0.024218220816890644 0.43513452839184086 -0.45601161475477314
0.0 0.441149808048641 -0.45011615997684923
-0.9445106118587344 0.22125889503505616 -0.6950427683151106
-0.9202923910418438 0.22727417469185632 -0.6891473135371866
-0.8960741702249532 0.2332894543486565 -0.6832518587592626
-0.8718559494080625 0.23930473400545663 -0.6773564039813388
-0.8476377285911719 0.24532001366225678 -0.6714609492034148
-0.8234195077742813 0.25133529331905696 -0.665565494425491
-0.7992012869573907 0.2573505729758571 -0.659670039647567
-0.7749830661405 0.26336585263265727 -0.653774584869643
-0.7507648453236094 0.2693811322894574 -0.6478791300917192
-0.7265466245067188 0.2753964119462576 -0.6419836753137952
-0.7023284036898282 0.28141169160305773 -0.6360882205358713
-0.6781101828729376 0.28742697125985794 -0.6301927657579474
-0.6538919620560469 0.2934422509166581 -0.6242973109800234
-0.6296737412391563 0.2994575305734582 -0.6184018562020995
-0.6054555204222656 0.3054728102302584 -0.6125064014241756
-0.5812372996053751 0.31148808988705856 -0.6066109466462517
-0.5570190787884844 0.3175033695438587 -0.6007154918683277
-0.5328008579715938 0.32351864920065887 -0.5948200370904038
-0.5085826371547032 0.329533928857459 -0.5889245823124799
-0.48436441633781246 0.3355492085142592 -0.5830291275345559
-0.46014619552092195 0.34156448817105933 -0.5771336727566321
-0.4359279747040313 0.3475797678278595 -0.5712382179787081
-0.41170975388714065 0.35359504748465964 -0.5653427632007841
-0.38749153307025 0.3596103271414598 -0.5594473084228603
-0.36327331225335935 0.36562560679826 -0.5535518536449363
-0.33905509143646884 0.3716408864550601 -0.5476563988670125
-0.31483687061957816 0.37765616611186026 -0.5417609440890885
-0.29061864980268753 0.38367144576866047 -0.5358654893111646
-0.2664004289857969 0.3896867254254606 -0.5299700345332407
-0.24218220816890623 0.3957020050822608 -0.5240745797553167
-0.2179639873520157 0.40171728473906093 -0.5181791249773928
-0.19374576653512504 0.4077325643958611 -0.5122836701994689
-0.16952754571823442 0.41374784405266124 -0.506388215421545
-0.14530932490134377 0.4197631237094614 -0.500492760643621
-0.12109110408445312 0.42577840336626155 -0.49459730586569706
-0.09687288326756258 0.4317936830230617 -0.4887018510877732
-0.07265466245067194 0.43780896267986186 -0.48280639630984923
-0.04843644163378129 0.443824242336662 -0.4769109415319253
-0.024218220816890644 0.44983952199346217 -0.4710154867540014
0.0 0.4558548016502624 -0.4651200319760775
-0.9445106118587344 0.23596388863667755 -0.7100466403143388
-0.9202923910418438 0.2419791682934777 -0.7041511855364149
-0.8960741702249532 0.2479944479502779 -0.698255730758491
-0.8718559494080625 0.254009727607078 -0.692360275980567
-0.8476377285911719 0.26002500726387817 -0.6864648212026432
-0.8234195077742813 0.2660402869206784 -0.6805693664247192
-0.7992012869573907 0.27205556657747854 -0.6746739116467954
-0.7749830661405 0.2780708462342787 -0.6687784568688714
-0.7507648453236094 0.28408612589107884 -0.6628830020909474
-0.7265466245067188 0.290101405547879 -0.6569875473130236
-0.7023284036898282 0.29611668520467915 -0.6510920925350996
-0.6781101828729376 0.3021319648614793 -0.6451966377571757
-0.6538919620560469 0.30814724451827946 -0.6393011829792518
-0.6296737412391563 0.3141625241750796 -0.6334057282013279
-0.6054555204222656 0.3201778038318798 -0.6275102734234039
-0.5812372996053751 0.3261930834886799 -0.62161481864548
-0.5570190787884844 0.3322083631454801 -0.6157193638675561
-0.5328008579715938 0.3382236428022803 -0.6098239090896321
-0.5085826371547032 0.3442389224590804 -0.6039284543117083
-0.48436441633781246 0.3502542021158806 -0.5980329995337843
-0.46014619552092195 0.3562694817726807 -0.5921375447558603
-0.4359279747040313 0.3622847614294809 -0.5862420899779365
-0.41170975388714065 0.36830004108628106 -0.5803466352000125
-0.38749153307025 0.3743153207430812 -0.5744511804220885
-0.36327331225335935 0.38033060039988137 -0.5685557256441647
-0.33905509143646884 0.3863458800566815 -0.5626602708662407
-0.31483687061957816 0.3923611597134817 -0.5567648160883168
-0.29061864980268753 0.39837643937028183 -0.5508693613103929
-0.2664004289857969 0.404391719027082 -0.5449739065324689
-0.24218220816890623 0.41040699868388214 -0.539078451754545
-0.2179639873520157 0.4164222783406823 -0.5331829969766211
-0.19374576653512504 0.42243755799748245 -0.5272875421986972
-0.16952754571823442 0.4284528376542826 -0.5213920874207733
-0.14530932490134377 0.4344681173110828 -0.5154966326428494
-0.12109110408445312 0.44048339696788297 -0.5096011778649254
-0.09687288326756258 0.44649867662468307 -0.5037057230870015
-0.07265466245067194 0.4525139562814833 -0.4978102683090776
-0.04843644163378129 0.45852923593828343 -0.4919148135311536
-0.024218220816890644 0.4645445155950836 -0.4860193587532297
0.0 0.47055979525188374 -0.4801239039753058
-0.9445106118587344 0.250668882238299 -0.7250505123135672
-0.9202923910418438 0.2566841618950991 -0.7191550575356432
-0.8960741702249532 0.2626994415518993 -0.7132596027577194
-0.8718559494080625 0.26871472120869944 -0.7073641479797954
-0.8476377285911719 0.2747300008654996 -0.7014686932018716
-0.8234195077742813 0.28074528052229974 -0.6955732384239476
-0.7992012869573907 0.2867605601790999 -0.6896777836460236
-0.7749830661405 0.29277583983590005 -0.6837823288680998
-0.7507648453236094 0.2987911194927002 -0.6778868740901758
-0.7265466245067188 0.30480639914950036 -0.6719914193122519
-0.7023284036898282 0.3108216788063005 -0.666095964534328
-0.6781101828729376 0.3168369584631007 -0.660200509756404
-0.6538919620560469 0.3228522381199009 -0.6543050549784801
-0.6296737412391563 0.328867517776701 -0.6484096002005562
-0.6054555204222656 0.3348827974335012 -0.6425141454226322
-0.5812372996053751 0.34089807709030134 -0.6366186906447083
-0.5570190787884844 0.3469133567471015 -0.6307232358667844
-0.5328008579715938 0.35292863640390165 -0.6248277810888605
-0.5085826371547032 0.3589439160607018 -0.6189323263109365
-0.48436441633781246 0.36495919571750196 -0.6130368715330126
-0.46014619552092195 0.3709744753743021 -0.6071414167550887
-0.4359279747040313 0.37698975503110227 -0.6012459619771647
-0.41170975388714065 0.3830050346879024 -0.5953505071992409
-0.38749153307025 0.3890203143447026 -0.5894550524213169
-0.36327331225335935 0.3950355940015028 -0.5835595976433929
-0.33905509143646884 0.4010508736583029 -0.5776641428654691
-0.31483687061957816 0.40706615331510304 -0.5717686880875451
-0.29061864980268753 0.41308143297190325 -0.5658732333096212
-0.2664004289857969 0.4190967126287034 -0.5599777785316973
-0.24218220816890623 0.42511199228550356 -0.5540823237537734
-0.2179639873520157 0.4311272719423037 -0.5481868689758495
-0.19374576653512504 0.43714255159910387 -0.5422914141979255
-0.16952754571823442 0.443157831255904 -0.5363959594200016
-0.14530932490134377 0.4491731109127042 -0.5305005046420777
-0.12109110408445312 0.45518839056950433 -0.5246050498641538
-0.09687288326756258 0.4612036702263045 -0.5187095950862298
-0.07265466245067194 0.46721894988310464 -0.5128141403083059
-0.04843644163378129 0.4732342295399048 -0.506918685530382
-0.024218220816890644 0.47924950919670495 -0.501023230752458
0.0 0.48526478885350516 -0.4951277759745341
-0.9445106118587344 0.2653738758399203 -0.7400543843127955
-0.9202923910418438 0.27138915549672044 -0.7341589295348715
-0.8960741702249532 0.2774044351535206 -0.7282634747569476
-0.8718559494080625 0.28341971481032074 -0.7223680199790237
-0.8476377285911719 0.2894349944671209 -0.7164725652010998
-0.8234195077742813 0.29545027412392105 -0.7105771104231758
-0.7992012869573907 0.3014655537807212 -0.7046816556452519
-0.7749830661405 0.30748083343752136 -0.698786200867328
-0.7507648453236094 0.3134961130943215 -0.692890746089404
-0.7265466245067188 0.31951139275112167 -0.6869952913114802
-0.7023284036898282 0.3255266724079218 -0.6810998365335562
-0.6781101828729376 0.33154195206472203 -0.6752043817556322
-0.6538919620560469 0.3375572317215222 -0.6693089269777084
-0.6296737412391563 0.3435725113783223 -0.6634134721997844
-0.6054555204222656 0.3495877910351225 -0.6575180174218604
-0.5812372996053751 0.35560307069192265 -0.6516225626439366
-0.5570190787884844 0.3616183503487228 -0.6457271078660126
-0.5328008579715938 0.36763363000552296 -0.6398316530880888
-0.5085826371547032 0.3736489096623231 -0.6339361983101648
-0.48436441633781246 0.37966418931912327 -0.6280407435322408
-0.46014619552092195 0.3856794689759234 -0.622145288754317
-0.4359279747040313 0.3916947486327236 -0.616249833976393
-0.41170975388714065 0.39771002828952373 -0.6103543791984691
-0.38749153307025 0.4037253079463239 -0.6044589244205452
-0.36327331225335935 0.4097405876031241 -0.5985634696426212
-0.33905509143646884 0.4157558672599242 -0.5926680148646973
-0.31483687061957816 0.42177114691672435 -0.5867725600867734
-0.29061864980268753 0.42778642657352456 -0.5808771053088495
-0.2664004289857969 0.4338017062303247 -0.5749816505309255
-0.24218220816890623 0.43981698588712487 -0.5690861957530016
-0.2179639873520157 0.445832265543925 -0.5631907409750777
-0.19374576653512504 0.4518475452007252 -0.5572952861971537
-0.16952754571823442 0.45786282485752533 -0.5513998314192299
-0.14530932490134377 0.4638781045143255 -0.5455043766413059
-0.12109110408445312 0.46989338417112564 -0.5396089218633819
-0.09687288326756258 0.4759086638279258 -0.5337134670854581
-0.07265466245067194 0.48192394348472595 -0.5278180123075341
-0.04843644163378129 0.4879392231415261 -0.5219225575296103
-0.024218220816890644 0.49395450279832626 -0.5160271027516863
0.0 0.49996978245512647 -0.5101316479737624
-0.9445106118587344 0.28007886944154164 -0.7550582563120237
-0.9202923910418438 0.2860941490983418 -0.7491628015340999
-0.8960741702249532 0.292109428755142 -0.7432673467561759
-0.8718559494080625 0.2981247084119421 -0.737371891978252
-0.8476377285911719 0.30413998806874226 -0.7314764372003281
-0.8234195077742813 0.31015526772554247 -0.7255809824224041
-0.7992012869573907 0.3161705473823426 -0.7196855276444802
-0.7749830661405 0.3221858270391428 -0.7137900728665563
-0.7507648453236094 0.32820110669594293 -0.7078946180886324
-0.7265466245067188 0.3342163863527431 -0.7019991633107084
-0.7023284036898282 0.34023166600954324 -0.6961037085327845
-0.6781101828729376 0.3462469456663434 -0.6902082537548606
-0.6538919620560469 0.35226222532314355 -0.6843127989769366
-0.6296737412391563 0.3582775049799437 -0.6784173441990128
-0.6054555204222656 0.3642927846367439 -0.6725218894210888
-0.5812372996053751 0.370308064293544 -0.666626434643165
-0.5570190787884844 0.37632334395034417 -0.660730979865241
-0.5328008579715938 0.3823386236071444 -0.654835525087317
-0.5085826371547032 0.3883539032639445 -0.6489400703093932
-0.48436441633781246 0.3943691829207447 -0.6430446155314692
-0.46014619552092195 0.4003844625775448 -0.6371491607535453
-0.4359279747040313 0.406399742234345 -0.6312537059756214
-0.41170975388714065 0.41241502189114515 -0.6253582511976974
-0.38749153307025 0.4184303015479453 -0.6194627964197735
-0.36327331225335935 0.42444558120474546 -0.6135673416418496
-0.33905509143646884 0.4304608608615456 -0.6076718868639257
-0.31483687061957816 0.43647614051834577 -0.6017764320860017
-0.29061864980268753 0.4424914201751459 -0.5958809773080778
-0.2664004289857969 0.4485066998319461 -0.5899855225301539
-0.24218220816890623 0.4545219794887463 -0.5840900677522299
-0.2179639873520157 0.4605372591455464 -0.5781946129743061
-0.19374576653512504 0.46655253880234654 -0.5722991581963821
-0.16952754571823442 0.47256781845914675 -0.5664037034184581
-0.14530932490134377 0.4785830981159469 -0.5605082486405343
-0.12109110408445312 0.48459837777274706 -0.5546127938626103
-0.09687288326756258 0.4906136574295472 -0.5487173390846865
-0.07265466245067194 0.49662893708634737 -0.5428218843067625
-0.04843644163378129 0.5026442167431475 -0.5369264295288385
-0.024218220816890644 0.5086594963999477 -0.5310309747509147
0.0 0.5146747760567478 -0.5251355199729907
-0.9445106118587344 0.29478386304316306 -0.7700621283112521
-0.9202923910418438 0.3007991426999632 -0.7641666735333281
-0.8960741702249532 0.30681442235676337 -0.7582712187554043
-0.8718559494080625 0.3128297020135635 -0.7523757639774803
-0.8476377285911719 0.3188449816703637 -0.7464803091995564
-0.8234195077742813 0.32486026132716384 -0.7405848544216325
-0.7992012869573907 0.330875540983964 -0.7346893996437086
-0.7749830661405 0.33689082064076414 -0.7287939448657846
-0.7507648453236094 0.3429061002975643 -0.7228984900878607
-0.7265466245067188 0.34892137995436445 -0.7170030353099368
-0.7023284036898282 0.3549366596111646 -0.7111075805320128
-0.6781101828729376 0.3609519392679648 -0.705212125754089
-0.6538919620560469 0.36696721892476497 -0.699316670976165
-0.6296737412391563 0.37298249858156507 -0.6934212161982412
-0.6054555204222656 0.3789977782383653 -0.6875257614203172
-0.5812372996053751 0.38501305789516543 -0.6816303066423932
-0.5570190787884844 0.3910283375519656 -0.6757348518644694
-0.5328008579715938 0.39704361720876574 -0.6698393970865454
-0.5085826371547032 0.4030588968655659 -0.6639439423086215
-0.48436441633781246 0.40907417652236605 -0.6580484875306976
-0.46014619552092195 0.4150894561791662 -0.6521530327527736
-0.4359279747040313 0.42110473583596636 -0.6462575779748497
-0.41170975388714065 0.4271200154927665 -0.6403621231969258
-0.38749153307025 0.43313529514956667 -0.6344666684190018
-0.36327331225335935 0.4391505748063669 -0.6285712136410779
-0.33905509143646884 0.445165854463167 -0.622675758863154
-0.31483687061957816 0.45118113411996713 -0.6167803040852301
-0.29061864980268753 0.45719641377676734 -0.6108848493073061
-0.2664004289857969 0.4632116934335675 -0.6049893945293822
-0.24218220816890623 0.46922697309036765 -0.5990939397514583
-0.2179639873520157 0.4752422527471678 -0.5931984849735343
-0.19374576653512504 0.48125753240396796 -0.5873030301956105
-0.16952754571823442 0.4872728120607681 -0.5814075754176865
-0.14530932490134377 0.49328809171756827 -0.5755121206397625
-0.12109110408445312 0.4993033713743684 -0.5696166658618387
-0.09687288326756258 0.5053186510311686 -0.5637212110839147
-0.07265466245067194 0.5113339306879687 -0.5578257563059908
-0.04843644163378129 0.5173492103447689 -0.5519303015280669
-0.024218220816890644 0.523364490001569 -0.5460348467501429
0.0 0.5293797696583692 -0.540139391972219
-0.9445106118587344 0.30948885664478437 -0.7850660003104803
-0.9202923910418438 0.3155041363015845 -0.7791705455325564
-0.8960741702249532 0.3215194159583847 -0.7732750907546325
-0.8718559494080625 0.32753469561518483 -0.7673796359767086
-0.8476377285911719 0.333549975271985 -0.7614841811987847
-0.8234195077742813 0.33956525492878514 -0.7555887264208607
-0.7992012869573907 0.3455805345855853 -0.7496932716429369
-0.7749830661405 0.35159581424238545 -0.7437978168650129
-0.7507648453236094 0.3576110938991856 -0.7379023620870889
-0.7265466245067188 0.36362637355598576 -0.7320069073091651
-0.7023284036898282 0.3696416532127859 -0.7261114525312411
-0.6781101828729376 0.3756569328695861 -0.7202159977533172
-0.6538919620560469 0.3816722125263863 -0.7143205429753933
-0.6296737412391563 0.3876874921831864 -0.7084250881974694
-0.6054555204222656 0.3937027718399866 -0.7025296334195454
-0.5812372996053751 0.39971805149678674 -0.6966341786416215
-0.5570190787884844 0.4057333311535869 -0.6907387238636976
-0.5328008579715938 0.41174861081038705 -0.6848432690857736
-0.5085826371547032 0.4177638904671872 -0.6789478143078498
-0.48436441633781246 0.42377917012398736 -0.6730523595299258
-0.46014619552092195 0.4297944497807875 -0.6671569047520018
-0.4359279747040313 0.43580972943758767 -0.661261449974078
-0.41170975388714065 0.4418250090943878 -0.655365995196154
-0.38749153307025 0.447840288751188 -0.64947054041823
-0.36327331225335935 0.4538555684079882 -0.6435750856403062
-0.33905509143646884 0.4598708480647883 -0.6376796308623822
-0.31483687061957816 0.46588612772158844 -0.6317841760844584
-0.29061864980268753 0.47190140737838865 -0.6258887213065344
-0.2664004289857969 0.4779166870351888 -0.6199932665286104
-0.24218220816890623 0.48393196669198896 -0.6140978117506866
-0.2179639873520157 0.4899472463487891 -0.6082023569727626
-0.19374576653512504 0.49596252600558927 -0.6023069021948387
-0.16952754571823442 0.5019778056623895 -0.5964114474169148
-0.14530932490134377 0.5079930853191896 -0.5905159926389908
-0.12109110408445312 0.5140083649759898 -0.5846205378610669
-0.09687288326756258 0.5200236446327899 -0.578725083083143
-0.07265466245067194 0.5260389242895901 -0.5728296283052191
-0.04843644163378129 0.5320542039463902 -0.5669341735272951
-0.024218220816890644 0.5380694836031904 -0.5610387187493712
0.0 0.5440847632599906 -0.5551432639714473
-0.9445106118587344 0.32419385024640573 -0.8000698723097087
-0.9202923910418438 0.3302091299032059 -0.7941744175317847
-0.8960741702249532 0.3362244095600061 -0.7882789627538608
-0.8718559494080625 0.3422396892168062 -0.7823835079759369
-0.8476377285911719 0.34825496887360635 -0.776488053198013
-0.8234195077742813 0.35427024853040656 -0.7705925984200891
-0.7992012869573907 0.3602855281872067 -0.7646971436421651
-0.7749830661405 0.36630080784400687 -0.7588016888642412
-0.7507648453236094 0.372316087500807 -0.7529062340863173
-0.7265466245067188 0.3783313671576072 -0.7470107793083933
-0.7023284036898282 0.38434664681440733 -0.7411153245304695
-0.6781101828729376 0.3903619264712075 -0.7352198697525455
-0.6538919620560469 0.39637720612800764 -0.7293244149746215
-0.6296737412391563 0.4023924857848078 -0.7234289601966977
-0.6054555204222656 0.408407765441608 -0.7175335054187737
-0.5812372996053751 0.4144230450984081 -0.7116380506408498
-0.5570190787884844 0.42043832475520826 -0.7057425958629259
-0.5328008579715938 0.42645360441200847 -0.6998471410850019
-0.5085826371547032 0.43246888406880857 -0.693951686307078
-0.48436441633781246 0.4384841637256088 -0.6880562315291541
-0.46014619552092195 0.4444994433824089 -0.6821607767512302
-0.4359279747040313 0.4505147230392091 -0.6762653219733062
-0.41170975388714065 0.45653000269600924 -0.6703698671953824
-0.38749153307025 0.4625452823528094 -0.6644744124174584
-0.36327331225335935 0.46856056200960955 -0.6585789576395344
-0.33905509143646884 0.4745758416664097 -0.6526835028616106
-0.31483687061957816 0.48059112132320986 -0.6467880480836866
-0.29061864980268753 0.48660640098001 -0.6408925933057628
-0.2664004289857969 0.49262168063681017 -0.6349971385278388
-0.24218220816890623 0.4986369602936104 -0.6291016837499148
-0.2179639873520157 0.5046522399504105 -0.623206228971991
-0.19374576653512504 0.5106675196072107 -0.617310774194067
-0.16952754571823442 0.5166827992640108 -0.6114153194161431
-0.14530932490134377 0.522698078920811 -0.6055198646382192
-0.12109110408445312 0.5287133585776111 -0.5996244098602952
-0.09687288326756258 0.5347286382344113 -0.5937289550823713
-0.07265466245067194 0.5407439178912115 -0.5878335003044474
-0.04843644163378129 0.5467591975480116 -0.5819380455265235
-0.024218220816890644 0.5527744772048118 -0.5760425907485995
0.0 0.5587897568616119 -0.5701471359706756
-0.9445106118587344 0.33889884384802715 -0.815073744308937
-0.9202923910418438 0.3449141235048273 -0.8091782895310131
-0.8960741702249532 0.35092940316162746 -0.8032828347530891
-0.8718559494080625 0.3569446828184276 -0.7973873799751653
-0.8476377285911719 0.36295996247522777 -0.7914919251972413
-0.8234195077742813 0.3689752421320279 -0.7855964704193173
-0.7992012869573907 0.3749905217888281 -0.7797010156413935
-0.7749830661405 0.38100580144562823 -0.7738055608634695
-0.7507648453236094 0.3870210811024284 -0.7679101060855457
-0.7265466245067188 0.39303636075922854 -0.7620146513076217
-0.7023284036898282 0.3990516404160287 -0.7561191965296977
-0.6781101828729376 0.4050669200728289 -0.7502237417517739
-0.6538919620560469 0.41108219972962906 -0.7443282869738499
-0.6296737412391563 0.41709747938642916 -0.738432832195926
-0.6054555204222656 0.42311275904322937 -0.7325373774180021
-0.5812372996053751 0.4291280387000295 -0.7266419226400782
-0.5570190787884844 0.4351433183568297 -0.7207464678621542
-0.5328008579715938 0.44115859801362983 -0.7148510130842303
-0.5085826371547032 0.44717387767043 -0.7089555583063064
-0.48436441633781246 0.45318915732723014 -0.7030601035283824
-0.46014619552092195 0.4592044369840303 -0.6971646487504585
-0.4359279747040313 0.46521971664083045 -0.6912691939725346
-0.41170975388714065 0.4712349962976306 -0.6853737391946106
-0.38749153307025 0.47725027595443076 -0.6794782844166868
-0.36327331225335935 0.48326555561123097 -0.6735828296387628
-0.33905509143646884 0.48928083526803107 -0.667687374860839
-0.31483687061957816 0.4952961149248312 -0.661791920082915
-0.29061864980268753 0.5013113945816314 -0.655896465304991
-0.2664004289857969 0.5073266742384316 -0.6500010105270672
-0.24218220816890623 0.5133419538952317 -0.6441055557491432
-0.2179639873520157 0.5193572335520319 -0.6382101009712193
-0.19374576653512504 0.525372513208832 -0.6323146461932954
-0.16952754571823442 0.5313877928656322 -0.6264191914153714
-0.14530932490134377 0.5374030725224324 -0.6205237366374475
-0.12109110408445312 0.5434183521792325 -0.6146282818595236
-0.09687288326756258 0.5494336318360327 -0.6087328270815997
-0.07265466245067194 0.5554489114928328 -0.6028373723036757
-0.04843644163378129 0.561464191149633 -0.5969419175257518
-0.024218220816890644 0.5674794708064331 -0.5910464627478279
0.0 0.5734947504632333 -0.5851510079699039
-0.9445106118587344 0.3536038374496485 -0.8300776163081653
-0.9202923910418438 0.35961911710644867 -0.8241821615302414
-0.8960741702249532 0.3656343967632489 -0.8182867067523175
-0.8718559494080625 0.371649676420049 -0.8123912519743935
-0.8476377285911719 0.37766495607684913 -0.8064957971964697
-0.8234195077742813 0.38368023573364934 -0.8006003424185457
-0.7992012869573907 0.3896955153904495 -0.7947048876406219
-0.7749830661405 0.39571079504724965 -0.7888094328626979
-0.7507648453236094 0.4017260747040498 -0.7829139780847739
-0.7265466245067188 0.40774135436084996 -0.7770185233068501
-0.7023284036898282 0.4137566340176501 -0.7711230685289261
-0.6781101828729376 0.41977191367445027 -0.7652276137510022
-0.6538919620560469 0.4257871933312504 -0.7593321589730783
-0.6296737412391563 0.4318024729880506 -0.7534367041951544
-0.6054555204222656 0.4378177526448508 -0.7475412494172304
-0.5812372996053751 0.4438330323016509 -0.7416457946393065
-0.5570190787884844 0.44984831195845104 -0.7357503398613826
-0.5328008579715938 0.45586359161525125 -0.7298548850834586
-0.5085826371547032 0.46187887127205135 -0.7239594303055348
-0.48436441633781246 0.46789415092885156 -0.7180639755276108
-0.46014619552092195 0.47390943058565166 -0.7121685207496868
-0.4359279747040313 0.47992471024245187 -0.706273065971763
-0.41170975388714065 0.485939989899252 -0.700377611193839
-0.38749153307025 0.4919552695560522 -0.694482156415915
-0.36327331225335935 0.49797054921285233 -0.6885867016379912
-0.33905509143646884 0.5039858288696525 -0.6826912468600672
-0.31483687061957816 0.5100011085264526 -0.6767957920821434
-0.29061864980268753 0.5160163881832528 -0.6709003373042194
-0.2664004289857969 0.522031667840053 -0.6650048825262954
-0.24218220816890623 0.5280469474968531 -0.6591094277483716
-0.2179639873520157 0.5340622271536533 -0.6532139729704476
-0.19374576653512504 0.5400775068104534 -0.6473185181925237
-0.16952754571823442 0.5460927864672536 -0.6414230634145998
-0.14530932490134377 0.5521080661240537 -0.6355276086366758
-0.12109110408445312 0.5581233457808539 -0.6296321538587519
-0.09687288326756258 0.564138625437654 -0.623736699080828
-0.07265466245067194 0.5701539050944542 -0.6178412443029041
-0.04843644163378129 0.5761691847512543 -0.6119457895249801
-0.024218220816890644 0.5821844644080546 -0.6060503347470562
0.0 0.5881997440648548 -0.6001548799691323
-0.9445106118587344 0.3683088310512698 -0.8450814883073936
-0.9202923910418438 0.37432411070807 -0.8391860335294696
-0.8960741702249532 0.3803393903648702 -0.8332905787515458
-0.8718559494080625 0.3863546700216703 -0.8273951239736218
-0.8476377285911719 0.39236994967847044 -0.821499669195698
-0.8234195077742813 0.39838522933527065 -0.815604214417774
-0.7992012869573907 0.4044005089920708 -0.80970875963985
-0.7749830661405 0.41041578864887096 -0.8038133048619261
-0.7507648453236094 0.4164310683056711 -0.7979178500840022
-0.7265466245067188 0.42244634796247127 -0.7920223953060783
-0.7023284036898282 0.4284616276192714 -0.7861269405281543
-0.6781101828729376 0.4344769072760716 -0.7802314857502304
-0.6538919620560469 0.44049218693287173 -0.7743360309723065
-0.6296737412391563 0.4465074665896719 -0.7684405761943826
-0.6054555204222656 0.4525227462464721 -0.7625451214164586
-0.5812372996053751 0.4585380259032722 -0.7566496666385347
-0.5570190787884844 0.46455330556007235 -0.7507542118606108
-0.5328008579715938 0.47056858521687256 -0.7448587570826869
-0.5085826371547032 0.47658386487367266 -0.7389633023047629
-0.48436441633781246 0.48259914453047287 -0.7330678475268391
-0.46014619552092195 0.488614424187273 -0.7271723927489151
-0.4359279747040313 0.4946297038440732 -0.7212769379709911
-0.41170975388714065 0.5006449835008734 -0.7153814831930673
-0.38749153307025 0.5066602631576735 -0.7094860284151433
-0.36327331225335935 0.5126755428144737 -0.7035905736372194
-0.33905509143646884 0.5186908224712738 -0.6976951188592955
-0.31483687061957816 0.524706102128074 -0.6917996640813716
-0.29061864980268753 0.5307213817848742 -0.6859042093034476
-0.2664004289857969 0.5367366614416743 -0.6800087545255237
-0.24218220816890623 0.5427519410984745 -0.6741132997475998
-0.2179639873520157 0.5487672207552746 -0.6682178449696758
-0.19374576653512504 0.5547825004120748 -0.662322390191752
-0.16952754571823442 0.5607977800688749 -0.656426935413828
-0.14530932490134377 0.5668130597256751 -0.650531480635904
-0.12109110408445312 0.5728283393824752 -0.6446360258579802
-0.09687288326756258 0.5788436190392754 -0.6387405710800562
-0.07265466245067194 0.5848588986960755 -0.6328451163021324
-0.04843644163378129 0.5908741783528757 -0.6269496615242084
-0.024218220816890644 0.5968894580096759 -0.6210542067462844
0.0 0.602904737666476 -0.6151587519683606
-0.9445106118587344 0.38301382465289124 -0.860085360306622
-0.9202923910418438 0.3890291043096914 -0.854189905528698
-0.8960741702249532 0.39504438396649155 -0.848294450750774
-0.8718559494080625 0.4010596636232917 -0.8423989959728502
-0.8476377285911719 0.40707494328009186 -0.8365035411949262
-0.8234195077742813 0.413090222936892 -0.8306080864170023
-0.7992012869573907 0.41910550259369217 -0.8247126316390784
-0.7749830661405 0.4251207822504923 -0.8188171768611544
-0.7507648453236094 0.4311360619072925 -0.8129217220832305
-0.7265466245067188 0.43715134156409263 -0.8070262673053066
-0.7023284036898282 0.4431666212208928 -0.8011308125273827
-0.6781101828729376 0.449181900877693 -0.7952353577494587
-0.6538919620560469 0.45519718053449315 -0.7893399029715348
-0.6296737412391563 0.46121246019129325 -0.7834444481936109
-0.6054555204222656 0.46722773984809346 -0.777548993415687
-0.5812372996053751 0.4732430195048936 -0.7716535386377631
-0.5570190787884844 0.47925829916169377 -0.7657580838598391
-0.5328008579715938 0.4852735788184939 -0.7598626290819152
-0.5085826371547032 0.4912888584752941 -0.7539671743039913
-0.48436441633781246 0.4973041381320943 -0.7480717195260673
-0.46014619552092195 0.5033194177888944 -0.7421762647481435
-0.4359279747040313 0.5093346974456946 -0.7362808099702195
-0.41170975388714065 0.5153499771024947 -0.7303853551922955
-0.38749153307025 0.5213652567592949 -0.7244899004143717
-0.36327331225335935 0.5273805364160951 -0.7185944456364477
-0.33905509143646884 0.5333958160728952 -0.7126989908585238
-0.31483687061957816 0.5394110957296954 -0.7068035360805999
-0.29061864980268753 0.5454263753864955 -0.700908081302676
-0.2664004289857969 0.5514416550432957 -0.695012626524752
-0.24218220816890623 0.5574569347000958 -0.6891171717468281
-0.2179639873520157 0.563472214356896 -0.6832217169689042
-0.19374576653512504 0.5694874940136961 -0.6773262621909802
-0.16952754571823442 0.5755027736704963 -0.6714308074130564
-0.14530932490134377 0.5815180533272964 -0.6655353526351324
-0.12109110408445312 0.5875333329840966 -0.6596398978572084
-0.09687288326756258 0.5935486126408968 -0.6537444430792846
-0.07265466245067194 0.5995638922976969 -0.6478489883013606
-0.04843644163378129 0.6055791719544971 -0.6419535335234368
-0.024218220816890644 0.6115944516112972 -0.6360580787455128
0.0 0.6176097312680974 -0.6301626239675888
-0.9445106118587344 0.3977188182545126 -0.8750892323058502
-0.9202923910418438 0.40373409791131276 -0.8691937775279264
-0.8960741702249532 0.40974937756811297 -0.8632983227500024
-0.8718559494080625 0.41576465722491307 -0.8574028679720785
-0.8476377285911719 0.4217799368817132 -0.8515074131941546
-0.8234195077742813 0.42779521653851343 -0.8456119584162306
-0.7992012869573907 0.4338104961953136 -0.8397165036383067
-0.7749830661405 0.43982577585211374 -0.8338210488603828
-0.7507648453236094 0.4458410555089139 -0.8279255940824589
-0.7265466245067188 0.45185633516571405 -0.822030139304535
-0.7023284036898282 0.4578716148225142 -0.816134684526611
-0.6781101828729376 0.46388689447931436 -0.8102392297486871
-0.6538919620560469 0.4699021741361145 -0.8043437749707631
-0.6296737412391563 0.47591745379291467 -0.7984483201928393
-0.6054555204222656 0.4819327334497149 -0.7925528654149153
-0.5812372996053751 0.487948013106515 -0.7866574106369915
-0.5570190787884844 0.49396329276331513 -0.7807619558590675
-0.5328008579715938 0.49997857242011534 -0.7748665010811435
-0.5085826371547032 0.5059938520769155 -0.7689710463032197
-0.48436441633781246 0.5120091317337157 -0.7630755915252957
-0.46014619552092195 0.5180244113905158 -0.7571801367473717
-0.4359279747040313 0.524039691047316 -0.7512846819694479
-0.41170975388714065 0.5300549707041161 -0.7453892271915239
-0.38749153307025 0.5360702503609163 -0.7394937724136
-0.36327331225335935 0.5420855300177164 -0.7335983176356761
-0.33905509143646884 0.5481008096745166 -0.7277028628577522
-0.31483687061957816 0.5541160893313167 -0.7218074080798282
-0.29061864980268753 0.5601313689881169 -0.7159119533019043
-0.2664004289857969 0.566146648644917 -0.7100164985239804
-0.24218220816890623 0.5721619283017172 -0.7041210437460564
-0.2179639873520157 0.5781772079585173 -0.6982255889681326
-0.19374576653512504 0.5841924876153175 -0.6923301341902086
-0.16952754571823442 0.5902077672721177 -0.6864346794122846
-0.14530932490134377 0.5962230469289178 -0.6805392246343608
-0.12109110408445312 0.6022383265857181 -0.6746437698564368
-0.09687288326756258 0.6082536062425181 -0.668748315078513
-0.07265466245067194 0.6142688858993183 -0.662852860300589
-0.04843644163378129 0.6202841655561185 -0.656957405522665
-0.024218220816890644 0.6262994452129187 -0.6510619507447412
0.0 0.6323147248697188 -0.6451664959668172
-0.9445106118587344 0.4124238118561339 -0.8900931043050785
-0.9202923910418438 0.41843909151293407 -0.8841976495271545
-0.8960741702249532 0.4244543711697343 -0.8783021947492307
-0.8718559494080625 0.4304696508265344 -0.8724067399713067
-0.8476377285911719 0.43648493048333453 -0.8665112851933828
-0.8234195077742813 0.44250021014013474 -0.8606158304154589
-0.7992012869573907 0.4485154897969349 -0.854720375637535
-0.7749830661405 0.45453076945373505 -0.848824920859611
-0.7507648453236094 0.4605460491105352 -0.8429294660816871
-0.7265466245067188 0.46656132876733536 -0.8370340113037632
-0.7023284036898282 0.4725766084241355 -0.8311385565258392
-0.6781101828729376 0.47859188808093567 -0.8252431017479154
-0.6538919620560469 0.4846071677377358 -0.8193476469699914
-0.6296737412391563 0.490622447394536 -0.8134521921920675
-0.6054555204222656 0.4966377270513362 -0.8075567374141436
-0.5812372996053751 0.5026530067081363 -0.8016612826362196
-0.5570190787884844 0.5086682863649364 -0.7957658278582957
-0.5328008579715938 0.5146835660217366 -0.7898703730803718
-0.5085826371547032 0.5206988456785367 -0.7839749183024479
-0.48436441633781246 0.526714125335337 -0.778079463524524
-0.46014619552092195 0.5327294049921371 -0.7721840087466
-0.4359279747040313 0.5387446846489372 -0.7662885539686761
-0.41170975388714065 0.5447599643057375 -0.7603930991907522
-0.38749153307025 0.5507752439625376 -0.7544976444128282
-0.36327331225335935 0.5567905236193378 -0.7486021896349043
-0.33905509143646884 0.5628058032761379 -0.7427067348569804
-0.31483687061957816 0.5688210829329381 -0.7368112800790565
-0.29061864980268753 0.5748363625897382 -0.7309158253011325
-0.2664004289857969 0.5808516422465384 -0.7250203705232086
-0.24218220816890623 0.5868669219033386 -0.7191249157452847
-0.2179639873520157 0.5928822015601387 -0.7132294609673607
-0.19374576653512504 0.5988974812169389 -0.7073340061894369
-0.16952754571823442 0.604912760873739 -0.7014385514115129
-0.14530932490134377 0.6109280405305392 -0.695543096633589
-0.12109110408445312 0.6169433201873393 -0.6896476418556651
-0.09687288326756258 0.6229585998441395 -0.6837521870777412
-0.07265466245067194 0.6289738795009396 -0.6778567322998172
-0.04843644163378129 0.6349891591577398 -0.6719612775218933
-0.024218220816890644 0.64100443881454 -0.6660658227439694
0.0 0.6470197184713401 -0.6601703679660454
-0.9445106118587344 0.42712880545775533 -0.9050969763043069
-0.9202923910418438 0.4331440851145555 -0.8992015215263829
-0.8960741702249532 0.43915936477135564 -0.893306066748459
-0.8718559494080625 0.4451746444281558 -0.8874106119705351
-0.8476377285911719 0.45118992408495595 -0.8815151571926112
-0.8234195077742813 0.4572052037417561 -0.8756197024146872
-0.7992012869573907 0.46322048339855626 -0.8697242476367633
-0.7749830661405 0.4692357630553564 -0.8638287928588394
-0.7507648453236094 0.47525104271215657 -0.8579333380809154
-0.7265466245067188 0.4812663223689567 -0.8520378833029916
-0.7023284036898282 0.4872816020257569 -0.8461424285250676
-0.6781101828729376 0.4932968816825571 -0.8402469737471436
-0.6538919620560469 0.49931216133935724 -0.8343515189692198
-0.6296737412391563 0.5053274409961573 -0.8284560641912958
-0.6054555204222656 0.5113427206529576 -0.8225606094133718
-0.5812372996053751 0.5173580003097576 -0.816665154635448
-0.5570190787884844 0.5233732799665578 -0.810769699857524
-0.5328008579715938 0.5293885596233581 -0.8048742450796001
-0.5085826371547032 0.5354038392801581 -0.7989787903016762
-0.48436441633781246 0.5414191189369584 -0.7930833355237523
-0.46014619552092195 0.5474343985937585 -0.7871878807458284
-0.4359279747040313 0.5534496782505587 -0.7812924259679044
-0.41170975388714065 0.5594649579073588 -0.7753969711899805
-0.38749153307025 0.565480237564159 -0.7695015164120566
-0.36327331225335935 0.5714955172209591 -0.7636060616341327
-0.33905509143646884 0.5775107968777593 -0.7577106068562087
-0.31483687061957816 0.5835260765345595 -0.7518151520782849
-0.29061864980268753 0.5895413561913596 -0.7459196973003609
-0.2664004289857969 0.5955566358481598 -0.7400242425224369
-0.24218220816890623 0.6015719155049599 -0.7341287877445131
-0.2179639873520157 0.6075871951617601 -0.7282333329665891
-0.19374576653512504 0.6136024748185602 -0.7223378781886652
-0.16952754571823442 0.6196177544753604 -0.7164424234107413
-0.14530932490134377 0.6256330341321605 -0.7105469686328173
-0.12109110408445312 0.6316483137889607 -0.7046515138548934
-0.09687288326756258 0.6376635934457608 -0.6987560590769695
-0.07265466245067194 0.643678873102561 -0.6928606042990456
-0.04843644163378129 0.6496941527593612 -0.6869651495211216
-0.024218220816890644 0.6557094324161613 -0.6810696947431977
0.0 0.6617247120729615 -0.6751742399652738
-0.9445106118587344 0.4418337990593767 -0.9201008483035352
-0.9202923910418438 0.44784907871617685 -0.9142053935256113
-0.8960741702249532 0.45386435837297706 -0.9083099387476873
-0.8718559494080625 0.45987963802977716 -0.9024144839697634
-0.8476377285911719 0.4658949176865773 -0.8965190291918395
-0.8234195077742813 0.4719101973433775 -0.8906235744139156
-0.7992012869573907 0.4779254770001777 -0.8847281196359916
-0.7749830661405 0.48394075665697783 -0.8788326648580677
-0.7507648453236094 0.489956036313778 -0.8729372100801438
-0.7265466245067188 0.49597131597057814 -0.8670417553022198
-0.7023284036898282 0.5019865956273782 -0.861146300524296
-0.6781101828729376 0.5080018752841785 -0.855250845746372
-0.6538919620560469 0.5140171549409787 -0.849355390968448
-0.6296737412391563 0.5200324345977787 -0.8434599361905242
-0.6054555204222656 0.526047714254579 -0.8375644814126002
-0.5812372996053751 0.5320629939113791 -0.8316690266346763
-0.5570190787884844 0.5380782735681793 -0.8257735718567524
-0.5328008579715938 0.5440935532249794 -0.8198781170788284
-0.5085826371547032 0.5501088328817796 -0.8139826623009045
-0.48436441633781246 0.5561241125385797 -0.8080872075229806
-0.46014619552092195 0.5621393921953799 -0.8021917527450567
-0.4359279747040313 0.56815467185218 -0.7962962979671327
-0.41170975388714065 0.5741699515089802 -0.7904008431892088
-0.38749153307025 0.5801852311657804 -0.7845053884112849
-0.36327331225335935 0.5862005108225805 -0.778609933633361
-0.33905509143646884 0.5922157904793807 -0.7727144788554371
-0.31483687061957816 0.5982310701361808 -0.7668190240775131
-0.29061864980268753 0.604246349792981 -0.7609235692995893
-0.2664004289857969 0.6102616294497811 -0.7550281145216653
-0.24218220816890623 0.6162769091065813 -0.7491326597437413
-0.2179639873520157 0.6222921887633814 -0.7432372049658175
-0.19374576653512504 0.6283074684201816 -0.7373417501878935
-0.16952754571823442 0.6343227480769817 -0.7314462954099696
-0.14530932490134377 0.6403380277337819 -0.7255508406320457
-0.12109110408445312 0.6463533073905822 -0.7196553858541217
-0.09687288326756258 0.6523685870473822 -0.7137599310761978
-0.07265466245067194 0.6583838667041824 -0.7078644762982739
-0.04843644163378129 0.6643991463609826 -0.70196902152035
-0.024218220816890644 0.6704144260177828 -0.696073566742426
0.0 0.6764297056745829 -0.6901781119645021
-0.9445106118587344 0.45653879266099806 -0.9351047203027634
-0.9202923910418438 0.4625540723177982 -0.9292092655248395
-0.8960741702249532 0.46856935197459837 -0.9233138107469155
-0.8718559494080625 0.4745846316313985 -0.9174183559689917
-0.8476377285911719 0.4805999112881987 -0.9115229011910677
-0.8234195077742813 0.48661519094499883 -0.9056274464131437
-0.7992012869573907 0.492630470601799 -0.8997319916352199
-0.7749830661405 0.49864575025859914 -0.8938365368572959
-0.7507648453236094 0.5046610299153993 -0.8879410820793721
-0.7265466245067188 0.5106763095721994 -0.8820456273014481
-0.7023284036898282 0.5166915892289996 -0.8761501725235241
-0.6781101828729376 0.5227068688857998 -0.8702547177456003
-0.6538919620560469 0.5287221485425999 -0.8643592629676763
-0.6296737412391563 0.5347374281994001 -0.8584638081897524
-0.6054555204222656 0.5407527078562003 -0.8525683534118285
-0.5812372996053751 0.5467679875130004 -0.8466728986339046
-0.5570190787884844 0.5527832671698005 -0.8407774438559806
-0.5328008579715938 0.5587985468266008 -0.8348819890780567
-0.5085826371547032 0.5648138264834008 -0.8289865343001328
-0.48436441633781246 0.5708291061402011 -0.8230910795222088
-0.46014619552092195 0.5768443857970011 -0.817195624744285
-0.4359279747040313 0.5828596654538014 -0.811300169966361
-0.41170975388714065 0.5888749451106016 -0.805404715188437
-0.38749153307025 0.5948902247674017 -0.7995092604105132
-0.36327331225335935 0.6009055044242019 -0.7936138056325892
-0.33905509143646884 0.606920784081002 -0.7877183508546654
-0.31483687061957816 0.6129360637378022 -0.7818228960767414
-0.29061864980268753 0.6189513433946023 -0.7759274412988174
-0.2664004289857969 0.6249666230514025 -0.7700319865208936
-0.24218220816890623 0.6309819027082026 -0.7641365317429696
-0.2179639873520157 0.6369971823650028 -0.7582410769650457
-0.19374576653512504 0.643012462021803 -0.7523456221871218
-0.16952754571823442 0.6490277416786031 -0.7464501674091978
-0.14530932490134377 0.6550430213354033 -0.7405547126312739
-0.12109110408445312 0.6610583009922034 -0.73465925785335
-0.09687288326756258 0.6670735806490036 -0.7287638030754261
-0.07265466245067194 0.6730888603058037 -0.7228683482975021
-0.04843644163378129 0.6791041399626039 -0.7169728935195783
-0.024218220816890644 0.685119419619404 -0.7110774387416543
0.0 0.6911346992762042 -0.7051819839637303
-0.9445106118587344 0.47124378626261937 -0.9501085923019916
-0.9202923910418438 0.4772590659194195 -0.9442131375240678
-0.8960741702249532 0.4832743455762197 -0.9383176827461438
-0.8718559494080625 0.48928962523301983 -0.9324222279682199
-0.8476377285911719 0.49530490488982 -0.926526773190296
-0.8234195077742813 0.5013201845466202 -0.920631318412372
-0.7992012869573907 0.5073354642034203 -0.9147358636344481
-0.7749830661405 0.5133507438602205 -0.9088404088565242
-0.7507648453236094 0.5193660235170207 -0.9029449540786003
-0.7265466245067188 0.5253813031738208 -0.8970494993006763
-0.7023284036898282 0.531396582830621 -0.8911540445227524
-0.6781101828729376 0.5374118624874211 -0.8852585897448285
-0.6538919620560469 0.5434271421442213 -0.8793631349669045
-0.6296737412391563 0.5494424218010214 -0.8734676801889807
-0.6054555204222656 0.5554577014578216 -0.8675722254110567
-0.5812372996053751 0.5614729811146217 -0.8616767706331329
-0.5570190787884844 0.5674882607714219 -0.8557813158552089
-0.5328008579715938 0.573503540428222 -0.8498858610772849
-0.5085826371547032 0.5795188200850222 -0.8439904062993611
-0.48436441633781246 0.5855340997418224 -0.8380949515214371
-0.46014619552092195 0.5915493793986225 -0.8321994967435132
-0.4359279747040313 0.5975646590554227 -0.8263040419655893
-0.41170975388714065 0.6035799387122228 -0.8204085871876653
-0.38749153307025 0.609595218369023 -0.8145131324097414
-0.36327331225335935 0.6156104980258231 -0.8086176776318175
-0.33905509143646884 0.6216257776826233 -0.8027222228538936
-0.31483687061957816 0.6276410573394234 -0.7968267680759696
-0.29061864980268753 0.6336563369962236 -0.7909313132980457
-0.2664004289857969 0.6396716166530237 -0.7850358585201218
-0.24218220816890623 0.645686896309824 -0.7791404037421978
-0.2179639873520157 0.651702175966624 -0.773244948964274
-0.19374576653512504 0.6577174556234242 -0.76734949418635
-0.16952754571823442 0.6637327352802245 -0.761454039408426
-0.14530932490134377 0.6697480149370246 -0.7555585846305022
-0.12109110408445312 0.6757632945938248 -0.7496631298525782
-0.09687288326756258 0.6817785742506249 -0.7437676750746544
-0.07265466245067194 0.6877938539074251 -0.7378722202967304
-0.04843644163378129 0.6938091335642252 -0.7319767655188064
-0.024218220816890644 0.6998244132210254 -0.7260813107408826
0.0 0.7058396928778256 -0.7201858559629586
-0.9445106118587344 0.48594877986424084 -0.9651124643012201
-0.9202923910418438 0.491964059521041 -0.9592170095232961
-0.8960741702249532 0.49797933917784115 -0.9533215547453723
-0.8718559494080625 0.5039946188346413 -0.9474260999674483
-0.8476377285911719 0.5100098984914414 -0.9415306451895245
-0.8234195077742813 0.5160251781482417 -0.9356351904116005
-0.7992012869573907 0.5220404578050418 -0.9297397356336765
-0.7749830661405 0.528055737461842 -0.9238442808557527
-0.7507648453236094 0.5340710171186421 -0.9179488260778287
-0.7265466245067188 0.5400862967754423 -0.9120533712999048
-0.7023284036898282 0.5461015764322424 -0.9061579165219809
-0.6781101828729376 0.5521168560890426 -0.9002624617440569
-0.6538919620560469 0.5581321357458428 -0.894367006966133
-0.6296737412391563 0.5641474154026429 -0.8884715521882091
-0.6054555204222656 0.5701626950594431 -0.8825760974102851
-0.5812372996053751 0.5761779747162432 -0.8766806426323612
-0.5570190787884844 0.5821932543730434 -0.8707851878544373
-0.5328008579715938 0.5882085340298435 -0.8648897330765134
-0.5085826371547032 0.5942238136866437 -0.8589942782985894
-0.48436441633781246 0.6002390933434438 -0.8530988235206655
-0.46014619552092195 0.606254373000244 -0.8472033687427416
-0.4359279747040313 0.6122696526570441 -0.8413079139648176
-0.41170975388714065 0.6182849323138443 -0.8354124591868938
-0.38749153307025 0.6243002119706444 -0.8295170044089698
-0.36327331225335935 0.6303154916274446 -0.8236215496310458
-0.33905509143646884 0.6363307712842448 -0.817726094853122
-0.31483687061957816 0.6423460509410449 -0.811830640075198
-0.29061864980268753 0.6483613305978451 -0.8059351852972741
-0.2664004289857969 0.6543766102546452 -0.8000397305193502
-0.24218220816890623 0.6603918899114454 -0.7941442757414262
-0.2179639873520157 0.6664071695682455 -0.7882488209635024
-0.19374576653512504 0.6724224492250457 -0.7823533661855784
-0.16952754571823442 0.6784377288818458 -0.7764579114076545
-0.14530932490134377 0.6844530085386461 -0.7705624566297306
-0.12109110408445312 0.6904682881954463 -0.7646670018518067
-0.09687288326756258 0.6964835678522463 -0.7587715470738827
-0.07265466245067194 0.7024988475090466 -0.7528760922959588
-0.04843644163378129 0.7085141271658467 -0.7469806375180349
-0.024218220816890644 0.7145294068226469 -0.7410851827401109
0.0 0.720544686479447 -0.7351897279621871
-0.9445106118587344 0.5006537734658622 -0.9801163363004484
-0.9202923910418438 0.5066690531226623 -0.9742208815225244
-0.8960741702249532 0.5126843327794625 -0.9683254267446004
-0.8718559494080625 0.5186996124362626 -0.9624299719666766
-0.8476377285911719 0.5247148920930628 -0.9565345171887526
-0.8234195077742813 0.5307301717498629 -0.9506390624108287
-0.7992012869573907 0.5367454514066631 -0.9447436076329048
-0.7749830661405 0.5427607310634632 -0.9388481528549808
-0.7507648453236094 0.5487760107202634 -0.9329526980770569
-0.7265466245067188 0.5547912903770635 -0.927057243299133
-0.7023284036898282 0.5608065700338637 -0.9211617885212091
-0.6781101828729376 0.5668218496906638 -0.9152663337432851
-0.6538919620560469 0.572837129347464 -0.9093708789653612
-0.6296737412391563 0.5788524090042642 -0.9034754241874373
-0.6054555204222656 0.5848676886610644 -0.8975799694095133
-0.5812372996053751 0.5908829683178645 -0.8916845146315895
-0.5570190787884844 0.5968982479746646 -0.8857890598536655
-0.5328008579715938 0.6029135276314649 -0.8798936050757415
-0.5085826371547032 0.6089288072882649 -0.8739981502978177
-0.48436441633781246 0.6149440869450652 -0.8681026955198937
-0.46014619552092195 0.6209593666018652 -0.8622072407419699
-0.4359279747040313 0.6269746462586655 -0.8563117859640459
-0.41170975388714065 0.6329899259154657 -0.850416331186122
-0.38749153307025 0.6390052055722658 -0.8445208764081981
-0.36327331225335935 0.645020485229066 -0.8386254216302741
-0.33905509143646884 0.6510357648858661 -0.8327299668523502
-0.31483687061957816 0.6570510445426663 -0.8268345120744263
-0.29061864980268753 0.6630663241994664 -0.8209390572965024
-0.2664004289857969 0.6690816038562666 -0.8150436025185784
-0.24218220816890623 0.6750968835130667 -0.8091481477406545
-0.2179639873520157 0.6811121631698669 -0.8032526929627306
-0.19374576653512504 0.687127442826667 -0.7973572381848066
-0.16952754571823442 0.6931427224834672 -0.7914617834068828
-0.14530932490134377 0.6991580021402674 -0.7855663286289588
-0.12109110408445312 0.7051732817970675 -0.7796708738510348
-0.09687288326756258 0.7111885614538677 -0.773775419073111
-0.07265466245067194 0.7172038411106678 -0.767879964295187
-0.04843644163378129 0.723219120767468 -0.7619845095172632
-0.024218220816890644 0.7292344004242681 -0.7560890547393392
0.0 0.7352496800810683 -0.7501935999614152
-0.9445106118587344 0.5153587670674836 -0.9951202082996767
-0.9202923910418438 0.5213740467242838 -0.9892247535217528
-0.8960741702249532 0.5273893263810839 -0.9833292987438289
-0.8718559494080625 0.5334046060378841 -0.9774338439659049
-0.8476377285911719 0.5394198856946842 -0.9715383891879811
-0.8234195077742813 0.5454351653514844 -0.9656429344100571
-0.7992012869573907 0.5514504450082846 -0.9597474796321332
-0.7749830661405 0.5574657246650847 -0.9538520248542093
-0.7507648453236094 0.5634810043218849 -0.9479565700762853
-0.7265466245067188 0.569496283978685 -0.9420611152983615
-0.7023284036898282 0.5755115636354852 -0.9361656605204375
-0.6781101828729376 0.5815268432922853 -0.9302702057425136
-0.6538919620560469 0.5875421229490855 -0.9243747509645897
-0.6296737412391563 0.5935574026058856 -0.9184792961866658
-0.6054555204222656 0.5995726822626859 -0.9125838414087418
-0.5812372996053751 0.6055879619194859 -0.9066883866308179
-0.5570190787884844 0.6116032415762861 -0.900792931852894
-0.5328008579715938 0.6176185212330864 -0.89489747707497
-0.5085826371547032 0.6236338008898864 -0.8890020222970462
-0.48436441633781246 0.6296490805466867 -0.8831065675191222
-0.46014619552092195 0.6356643602034867 -0.8772111127411982
-0.4359279747040313 0.641679639860287 -0.8713156579632744
-0.41170975388714065 0.6476949195170871 -0.8654202031853504
-0.38749153307025 0.6537101991738873 -0.8595247484074264
-0.36327331225335935 0.6597254788306874 -0.8536292936295026
-0.33905509143646884 0.6657407584874876 -0.8477338388515786
-0.31483687061957816 0.6717560381442877 -0.8418383840736547
-0.29061864980268753 0.6777713178010879 -0.8359429292957308
-0.2664004289857969 0.6837865974578881 -0.8300474745178068
-0.24218220816890623 0.6898018771146882 -0.824152019739883
-0.2179639873520157 0.6958171567714884 -0.818256564961959
-0.19374576653512504 0.7018324364282885 -0.8123611101840351
-0.16952754571823442 0.7078477160850887 -0.8064656554061111
-0.14530932490134377 0.7138629957418888 -0.8005702006281872
-0.12109110408445312 0.719878275398689 -0.7946747458502633
-0.09687288326756258 0.7258935550554891 -0.7887792910723394
-0.07265466245067194 0.7319088347122893 -0.7828838362944155
-0.04843644163378129 0.7379241143690894 -0.7769883815164915
-0.024218220816890644 0.7439393940258896 -0.7710929267385677
0.0 0.7499546736826898 -0.7651974719606437
-0.9445106118587344 0.5300637606691049 -1.010124080298905
-0.9202923910418438 0.536079040325905 -1.0042286255209811
-0.8960741702249532 0.5420943199827053 -0.9983331707430572
-0.8718559494080625 0.5481095996395053 -0.9924377159651332
-0.8476377285911719 0.5541248792963055 -0.9865422611872093
-0.8234195077742813 0.5601401589531058 -0.9806468064092854
-0.7992012869573907 0.5661554386099059 -0.9747513516313615
-0.7749830661405 0.5721707182667061 -0.9688558968534375
-0.7507648453236094 0.5781859979235062 -0.9629604420755136
-0.7265466245067188 0.5842012775803064 -0.9570649872975897
-0.7023284036898282 0.5902165572371065 -0.9511695325196657
-0.6781101828729376 0.5962318368939067 -0.9452740777417419
-0.6538919620560469 0.6022471165507068 -0.9393786229638179
-0.6296737412391563 0.608262396207507 -0.933483168185894
-0.6054555204222656 0.6142776758643071 -0.9275877134079701
-0.5812372996053751 0.6202929555211073 -0.9216922586300461
-0.5570190787884844 0.6263082351779075 -0.9157968038521223
-0.5328008579715938 0.6323235148347076 -0.9099013490741983
-0.5085826371547032 0.6383387944915078 -0.9040058942962744
-0.48436441633781246 0.6443540741483079 -0.8981104395183505
-0.46014619552092195 0.6503693538051081 -0.8922149847404265
-0.4359279747040313 0.6563846334619082 -0.8863195299625026
-0.41170975388714065 0.6623999131187084 -0.8804240751845787
-0.38749153307025 0.6684151927755085 -0.8745286204066547
-0.36327331225335935 0.6744304724323087 -0.8686331656287308
-0.33905509143646884 0.6804457520891088 -0.8627377108508069
-0.31483687061957816 0.686461031745909 -0.856842256072883
-0.29061864980268753 0.6924763114027092 -0.850946801294959
-0.2664004289857969 0.6984915910595093 -0.8450513465170351
-0.24218220816890623 0.7045068707163096 -0.8391558917391112
-0.2179639873520157 0.7105221503731096 -0.8332604369611872
-0.19374576653512504 0.7165374300299098 -0.8273649821832634
-0.16952754571823442 0.72255270968671 -0.8214695274053394
-0.14530932490134377 0.7285679893435102 -0.8155740726274154
-0.12109110408445312 0.7345832690003103 -0.8096786178494916
-0.09687288326756258 0.7405985486571105 -0.8037831630715676
-0.07265466245067194 0.7466138283139107 -0.7978877082936437
-0.04843644163378129 0.7526291079707108 -0.7919922535157198
-0.024218220816890644 0.758644387627511 -0.7860967987377958
0.0 0.7646596672843111 -0.780201343959872
-0.9445106118587344 0.5447687542707262 -1.0251279522981334
-0.9202923910418438 0.5507840339275264 -1.0192324975202094
-0.8960741702249532 0.5567993135843265 -1.0133370427422854
-0.8718559494080625 0.5628145932411267 -1.0074415879643615
-0.8476377285911719 0.5688298728979269 -1.0015461331864375
-0.8234195077742813 0.574845152554727 -0.9956506784085136
-0.7992012869573907 0.5808604322115272 -0.9897552236305898
-0.7749830661405 0.5868757118683273 -0.9838597688526658
-0.7507648453236094 0.5928909915251275 -0.9779643140747418
-0.7265466245067188 0.5989062711819276 -0.972068859296818
-0.7023284036898282 0.6049215508387278 -0.966173404518894
-0.6781101828729376 0.6109368304955279 -0.9602779497409701
-0.6538919620560469 0.6169521101523281 -0.9543824949630462
-0.6296737412391563 0.6229673898091282 -0.9484870401851223
-0.6054555204222656 0.6289826694659285 -0.9425915854071983
-0.5812372996053751 0.6349979491227286 -0.9366961306292744
-0.5570190787884844 0.6410132287795287 -0.9308006758513505
-0.5328008579715938 0.647028508436329 -0.9249052210734265
-0.5085826371547032 0.653043788093129 -0.9190097662955027
-0.48436441633781246 0.6590590677499293 -0.9131143115175787
-0.46014619552092195 0.6650743474067293 -0.9072188567396547
-0.4359279747040313 0.6710896270635296 -0.9013234019617309
-0.41170975388714065 0.6771049067203297 -0.8954279471838069
-0.38749153307025 0.6831201863771299 -0.889532492405883
-0.36327331225335935 0.68913546603393 -0.8836370376279591
-0.33905509143646884 0.6951507456907302 -0.8777415828500351
-0.31483687061957816 0.7011660253475304 -0.8718461280721113
-0.29061864980268753 0.7071813050043305 -0.8659506732941873
-0.2664004289857969 0.7131965846611307 -0.8600552185162633
-0.24218220816890623 0.7192118643179308 -0.8541597637383395
-0.2179639873520157 0.725227143974731 -0.8482643089604155
-0.19374576653512504 0.7312424236315311 -0.8423688541824916
-0.16952754571823442 0.7372577032883313 -0.8364733994045677
-0.14530932490134377 0.7432729829451314 -0.8305779446266437
-0.12109110408445312 0.7492882626019316 -0.8246824898487198
-0.09687288326756258 0.7553035422587318 -0.8187870350707959
-0.07265466245067194 0.7613188219155319 -0.812891580292872
-0.04843644163378129 0.7673341015723321 -0.806996125514948
-0.024218220816890644 0.7733493812291322 -0.8011006707370241
0.0 0.7793646608859324 -0.7952052159591002
-0.9445106118587344 0.5594737478723477 -1.0401318242973616
-0.9202923910418438 0.5654890275291479 -1.0342363695194376
-0.8960741702249532 0.571504307185948 -1.028340914741514
-0.8718559494080625 0.5775195868427482 -1.02244545996359
-0.8476377285911719 0.5835348664995483 -1.016550005185666
-0.8234195077742813 0.5895501461563485 -1.010654550407742
-0.7992012869573907 0.5955654258131486 -1.004759095629818
-0.7749830661405 0.6015807054699488 -0.9988636408518942
-0.7507648453236094 0.607595985126749 -0.9929681860739703
-0.7265466245067188 0.6136112647835491 -0.9870727312960463
-0.7023284036898282 0.6196265444403493 -0.9811772765181224
-0.6781101828729376 0.6256418240971494 -0.9752818217401985
-0.6538919620560469 0.6316571037539496 -0.9693863669622745
-0.6296737412391563 0.6376723834107497 -0.9634909121843507
-0.6054555204222656 0.64368766306755 -0.9575954574064267
-0.5812372996053751 0.64970294272435 -0.9517000026285029
-0.5570190787884844 0.6557182223811502 -0.9458045478505789
-0.5328008579715938 0.6617335020379504 -0.9399090930726549
-0.5085826371547032 0.6677487816947505 -0.934013638294731
-0.48436441633781246 0.6737640613515508 -0.9281181835168071
-0.46014619552092195 0.6797793410083508 -0.9222227287388832
-0.4359279747040313 0.6857946206651511 -0.9163272739609593
-0.41170975388714065 0.6918099003219512 -0.9104318191830353
-0.38749153307025 0.6978251799787514 -0.9045363644051114
-0.36327331225335935 0.7038404596355515 -0.8986409096271875
-0.33905509143646884 0.7098557392923517 -0.8927454548492636
-0.31483687061957816 0.7158710189491518 -0.8868500000713396
-0.29061864980268753 0.721886298605952 -0.8809545452934157
-0.2664004289857969 0.7279015782627521 -0.8750590905154918
-0.24218220816890623 0.7339168579195523 -0.8691636357375678
-0.2179639873520157 0.7399321375763525 -0.863268180959644
-0.19374576653512504 0.7459474172331526 -0.85737272618172
-0.16952754571823442 0.7519626968899528 -0.851477271403796
-0.14530932490134377 0.7579779765467529 -0.8455818166258722
-0.12109110408445312 0.7639932562035531 -0.8396863618479482
-0.09687288326756258 0.7700085358603532 -0.8337909070700243
-0.07265466245067194 0.7760238155171534 -0.8278954522921004
-0.04843644163378129 0.7820390951739535 -0.8219999975141764
-0.024218220816890644 0.7880543748307537 -0.8161045427362525
0.0 0.7940696544875538 -0.8102090879583286
-0.9445106118587344 0.574178741473969 -1.0551356962965899
-0.9202923910418438 0.5801940211307691 -1.049240241518666
-0.8960741702249532 0.5862093007875694 -1.0433447867407422
-0.8718559494080625 0.5922245804443694 -1.0374493319628182
-0.8476377285911719 0.5982398601011696 -1.0315538771848942
-0.8234195077742813 0.6042551397579699 -1.0256584224069702
-0.7992012869573907 0.61027041941477 -1.0197629676290463
-0.7749830661405 0.6162856990715702 -1.0138675128511225
-0.7507648453236094 0.6223009787283703 -1.0079720580731986
-0.7265466245067188 0.6283162583851705 -1.0020766032952746
-0.7023284036898282 0.6343315380419706 -0.9961811485173506
-0.6781101828729376 0.6403468176987708 -0.9902856937394268
-0.6538919620560469 0.6463620973555709 -0.9843902389615028
-0.6296737412391563 0.6523773770123711 -0.9784947841835789
-0.6054555204222656 0.6583926566691712 -0.972599329405655
-0.5812372996053751 0.6644079363259714 -0.9667038746277311
-0.5570190787884844 0.6704232159827715 -0.9608084198498071
-0.5328008579715938 0.6764384956395717 -0.9549129650718832
-0.5085826371547032 0.6824537752963719 -0.9490175102939593
-0.48436441633781246 0.688469054953172 -0.9431220555160353
-0.46014619552092195 0.6944843346099722 -0.9372266007381114
-0.4359279747040313 0.7004996142667723 -0.9313311459601875
-0.41170975388714065 0.7065148939235725 -0.9254356911822635
-0.38749153307025 0.7125301735803726 -0.9195402364043397
-0.36327331225335935 0.7185454532371728 -0.9136447816264157
-0.33905509143646884 0.7245607328939729 -0.9077493268484919
-0.31483687061957816 0.7305760125507731 -0.9018538720705679
-0.29061864980268753 0.7365912922075732 -0.8959584172926439
-0.2664004289857969 0.7426065718643734 -0.8900629625147201
-0.24218220816890623 0.7486218515211737 -0.8841675077367961
-0.2179639873520157 0.7546371311779737 -0.8782720529588722
-0.19374576653512504 0.7606524108347739 -0.8723765981809483
-0.16952754571823442 0.7666676904915741 -0.8664811434030243
-0.14530932490134377 0.7726829701483743 -0.8605856886251004
-0.12109110408445312 0.7786982498051744 -0.8546902338471765
-0.09687288326756258 0.7847135294619746 -0.8487947790692526
-0.07265466245067194 0.7907288091187747 -0.8428993242913286
-0.04843644163378129 0.7967440887755749 -0.8370038695134047
-0.024218220816890644 0.802759368432375 -0.8311084147354808
0.0 0.8087746480891752 -0.8252129599575568
-0.9445106118587344 0.5888837350755903 -1.0701395682958181
-0.9202923910418438 0.5948990147323905 -1.0642441135178942
-0.8960741702249532 0.6009142943891906 -1.0583486587399704
-0.8718559494080625 0.6069295740459908 -1.0524532039620464
-0.8476377285911719 0.612944853702791 -1.0465577491841225
-0.8234195077742813 0.6189601333595911 -1.0406622944061985
-0.7992012869573907 0.6249754130163913 -1.0347668396282745
-0.7749830661405 0.6309906926731914 -1.0288713848503508
-0.7507648453236094 0.6370059723299916 -1.0229759300724268
-0.7265466245067188 0.6430212519867917 -1.0170804752945029
-0.7023284036898282 0.6490365316435919 -1.0111850205165789
-0.6781101828729376 0.655051811300392 -1.005289565738655
-0.6538919620560469 0.6610670909571922 -0.999394110960731
-0.6296737412391563 0.6670823706139923 -0.9934986561828072
-0.6054555204222656 0.6730976502707926 -0.9876032014048832
-0.5812372996053751 0.6791129299275926 -0.9817077466269594
-0.5570190787884844 0.6851282095843928 -0.9758122918490354
-0.5328008579715938 0.6911434892411931 -0.9699168370711114
-0.5085826371547032 0.6971587688979931 -0.9640213822931876
-0.48436441633781246 0.7031740485547934 -0.9581259275152636
-0.46014619552092195 0.7091893282115935 -0.9522304727373396
-0.4359279747040313 0.7152046078683937 -0.9463350179594158
-0.41170975388714065 0.7212198875251938 -0.9404395631814918
-0.38749153307025 0.727235167181994 -0.9345441084035679
-0.36327331225335935 0.7332504468387941 -0.928648653625644
-0.33905509143646884 0.7392657264955943 -0.9227531988477201
-0.31483687061957816 0.7452810061523945 -0.9168577440697961
-0.29061864980268753 0.7512962858091946 -0.9109622892918722
-0.2664004289857969 0.7573115654659948 -0.9050668345139483
-0.24218220816890623 0.7633268451227949 -0.8991713797360243
-0.2179639873520157 0.7693421247795951 -0.8932759249581005
-0.19374576653512504 0.7753574044363952 -0.8873804701801765
-0.16952754571823442 0.7813726840931954 -0.8814850154022525
-0.14530932490134377 0.7873879637499955 -0.8755895606243287
-0.12109110408445312 0.7934032434067957 -0.8696941058464047
-0.09687288326756258 0.7994185230635958 -0.8637986510684809
-0.07265466245067194 0.805433802720396 -0.8579031962905569
-0.04843644163378129 0.8114490823771962 -0.8520077415126329
-0.024218220816890644 0.8174643620339963 -0.8461122867347091
0.0 0.8234796416907965 -0.8402168319567851
-0.9445106118587344 0.6035887286772118 -1.0851434402950466
-0.9202923910418438 0.609604008334012 -1.0792479855171226
-0.8960741702249532 0.6156192879908121 -1.0733525307391987
-0.8718559494080625 0.6216345676476123 -1.0674570759612747
-0.8476377285911719 0.6276498473044124 -1.061561621183351
-0.8234195077742813 0.6336651269612126 -1.055666166405427
-0.7992012869573907 0.6396804066180127 -1.049770711627503
-0.7749830661405 0.6456956862748129 -1.043875256849579
-0.7507648453236094 0.651710965931613 -1.037979802071655
-0.7265466245067188 0.6577262455884132 -1.0320843472937313
-0.7023284036898282 0.6637415252452133 -1.0261888925158074
-0.6781101828729376 0.6697568049020135 -1.0202934377378834
-0.6538919620560469 0.6757720845588137 -1.0143979829599594
-0.6296737412391563 0.6817873642156138 -1.0085025281820357
-0.6054555204222656 0.6878026438724141 -1.0026070734041117
-0.5812372996053751 0.6938179235292141 -0.9967116186261877
-0.5570190787884844 0.6998332031860143 -0.9908161638482638
-0.5328008579715938 0.7058484828428145 -0.9849207090703398
-0.5085826371547032 0.7118637624996146 -0.9790252542924159
-0.48436441633781246 0.7178790421564148 -0.973129799514492
-0.46014619552092195 0.7238943218132149 -0.9672343447365681
-0.4359279747040313 0.7299096014700152 -0.9613388899586441
-0.41170975388714065 0.7359248811268153 -0.9554434351807203
-0.38749153307025 0.7419401607836155 -0.9495479804027963
-0.36327331225335935 0.7479554404404156 -0.9436525256248723
-0.33905509143646884 0.7539707200972158 -0.9377570708469485
-0.31483687061957816 0.7599859997540159 -0.9318616160690245
-0.29061864980268753 0.7660012794108161 -0.9259661612911007
-0.2664004289857969 0.7720165590676162 -0.9200707065131767
-0.24218220816890623 0.7780318387244164 -0.9141752517352527
-0.2179639873520157 0.7840471183812165 -0.9082797969573289
-0.19374576653512504 0.7900623980380167 -0.9023843421794049
-0.16952754571823442 0.7960776776948169 -0.896488887401481
-0.14530932490134377 0.802092957351617 -0.8905934326235571
-0.12109110408445312 0.8081082370084172 -0.8846979778456331
-0.09687288326756258 0.8141235166652173 -0.8788025230677092
-0.07265466245067194 0.8201387963220175 -0.8729070682897853
-0.04843644163378129 0.8261540759788176 -0.8670116135118614
-0.024218220816890644 0.8321693556356178 -0.8611161587339374
0.0 0.8381846352924179 -0.8552207039560135
-0.9445106118587344 0.6182937222788331 -1.1001473122942749
-0.9202923910418438 0.6243090019356332 -1.094251857516351
-0.8960741702249532 0.6303242815924335 -1.088356402738427
-0.8718559494080625 0.6363395612492335 -1.082460947960503
-0.8476377285911719 0.6423548409060337 -1.0765654931825792
-0.8234195077742813 0.6483701205628339 -1.0706700384046552
-0.7992012869573907 0.6543854002196341 -1.0647745836267313
-0.7749830661405 0.6604006798764342 -1.0588791288488073
-0.7507648453236094 0.6664159595332344 -1.0529836740708833
-0.7265466245067188 0.6724312391900346 -1.0470882192929596
-0.7023284036898282 0.6784465188468347 -1.0411927645150356
-0.6781101828729376 0.6844617985036349 -1.0352973097371116
-0.6538919620560469 0.690477078160435 -1.0294018549591877
-0.6296737412391563 0.6964923578172352 -1.023506400181264
-0.6054555204222656 0.7025076374740353 -1.01761094540334
-0.5812372996053751 0.7085229171308355 -1.011715490625416
-0.5570190787884844 0.7145381967876356 -1.005820035847492
-0.5328008579715938 0.7205534764444358 -0.999924581069568
-0.5085826371547032 0.726568756101236 -0.9940291262916442
-0.48436441633781246 0.7325840357580361 -0.9881336715137202
-0.46014619552092195 0.7385993154148363 -0.9822382167357964
-0.4359279747040313 0.7446145950716364 -0.9763427619578724
-0.41170975388714065 0.7506298747284366 -0.9704473071799484
-0.38749153307025 0.7566451543852367 -0.9645518524020246
-0.36327331225335935 0.7626604340420369 -0.9586563976241006
-0.33905509143646884 0.768675713698837 -0.9527609428461767
-0.31483687061957816 0.7746909933556372 -0.9468654880682528
-0.29061864980268753 0.7807062730124373 -0.9409700332903289
-0.2664004289857969 0.7867215526692376 -0.9350745785124049
-0.24218220816890623 0.7927368323260378 -0.929179123734481
-0.2179639873520157 0.7987521119828378 -0.9232836689565571
-0.19374576653512504 0.804767391639638 -0.9173882141786331
-0.16952754571823442 0.8107826712964382 -0.9114927594007093
-0.14530932490134377 0.8167979509532384 -0.9055973046227853
-0.12109110408445312 0.8228132306100385 -0.8997018498448613
-0.09687288326756258 0.8288285102668387 -0.8938063950669375
-0.07265466245067194 0.8348437899236388 -0.8879109402890135
-0.04843644163378129 0.840859069580439 -0.8820154855110897
-0.024218220816890644 0.8468743492372391 -0.8761200307331657
0.0 0.8528896288940393 -0.8702245759552417
-0.9445106118587344 0.6329987158804544 -1.1151511842935031
-0.9202923910418438 0.6390139955372546 -1.1092557295155792
-0.8960741702249532 0.6450292751940547 -1.1033602747376552
-0.8718559494080625 0.6510445548508549 -1.0974648199597312
-0.8476377285911719 0.657059834507655 -1.0915693651818075
-0.8234195077742813 0.6630751141644552 -1.0856739104038835
-0.7992012869573907 0.6690903938212553 -1.0797784556259595
-0.7749830661405 0.6751056734780555 -1.0738830008480356
-0.7507648453236094 0.6811209531348557 -1.0679875460701116
-0.7265466245067188 0.6871362327916558 -1.0620920912921878
-0.7023284036898282 0.693151512448456 -1.0561966365142639
-0.6781101828729376 0.6991667921052561 -1.05030118173634
-0.6538919620560469 0.7051820717620563 -1.044405726958416
-0.6296737412391563 0.7111973514188564 -1.0385102721804922
-0.6054555204222656 0.7172126310756567 -1.0326148174025682
-0.5812372996053751 0.7232279107324567 -1.0267193626246442
-0.5570190787884844 0.7292431903892569 -1.0208239078467203
-0.5328008579715938 0.7352584700460572 -1.0149284530687963
-0.5085826371547032 0.7412737497028572 -1.0090329982908726
-0.48436441633781246 0.7472890293596575 -1.0031375435129486
-0.46014619552092195 0.7533043090164576 -0.9972420887350246
-0.4359279747040313 0.7593195886732578 -0.9913466339571007
-0.41170975388714065 0.7653348683300579 -0.9854511791791767
-0.38749153307025 0.7713501479868581 -0.9795557244012528
-0.36327331225335935 0.7773654276436582 -0.9736602696233289
-0.33905509143646884 0.7833807073004584 -0.967764814845405
-0.31483687061957816 0.7893959869572585 -0.961869360067481
-0.29061864980268753 0.7954112666140587 -0.9559739052895572
-0.2664004289857969 0.8014265462708589 -0.9500784505116332
-0.24218220816890623 0.807441825927659 -0.9441829957337092
-0.2179639873520157 0.8134571055844592 -0.9382875409557854
-0.19374576653512504 0.8194723852412593 -0.9323920861778614
-0.16952754571823442 0.8254876648980595 -0.9264966313999375
-0.14530932490134377 0.8315029445548596 -0.9206011766220136
-0.12109110408445312 0.8375182242116598 -0.9147057218440896
-0.09687288326756258 0.8435335038684599 -0.9088102670661657
-0.07265466245067194 0.8495487835252601 -0.9029148122882418
-0.04843644163378129 0.8555640631820602 -0.8970193575103179
-0.024218220816890644 0.8615793428388604 -0.891123902732394
0.0 0.8675946224956606 -0.88522844795447
-0.9445106118587344 0.6477037094820759 -1.1301550562927314
-0.9202923910418438 0.653718989138876 -1.1242596015148076
-0.8960741702249532 0.6597342687956762 -1.1183641467368837
-0.8718559494080625 0.6657495484524764 -1.1124686919589597
-0.8476377285911719 0.6717648281092765 -1.1065732371810357
-0.8234195077742813 0.6777801077660767 -1.1006777824031118
-0.7992012869573907 0.6837953874228768 -1.094782327625188
-0.7749830661405 0.689810667079677 -1.088886872847264
-0.7507648453236094 0.6958259467364771 -1.08299141806934
-0.7265466245067188 0.7018412263932773 -1.077095963291416
-0.7023284036898282 0.7078565060500774 -1.0712005085134921
-0.6781101828729376 0.7138717857068776 -1.0653050537355684
-0.6538919620560469 0.7198870653636777 -1.0594095989576444
-0.6296737412391563 0.7259023450204779 -1.0535141441797204
-0.6054555204222656 0.7319176246772782 -1.0476186894017965
-0.5812372996053751 0.7379329043340782 -1.0417232346238727
-0.5570190787884844 0.7439481839908784 -1.0358277798459488
-0.5328008579715938 0.7499634636476786 -1.0299323250680248
-0.5085826371547032 0.7559787433044787 -1.0240368702901008
-0.48436441633781246 0.7619940229612789 -1.0181414155121769
-0.46014619552092195 0.7680093026180791 -1.012245960734253
-0.4359279747040313 0.7740245822748792 -1.0063505059563291
-0.41170975388714065 0.7800398619316794 -1.0004550511784052
-0.38749153307025 0.7860551415884796 -0.9945595964004812
-0.36327331225335935 0.7920704212452797 -0.9886641416225573
-0.33905509143646884 0.7980857009020799 -0.9827686868446334
-0.31483687061957816 0.80410098055888 -0.9768732320667095
-0.29061864980268753 0.8101162602156802 -0.9709777772887855
-0.2664004289857969 0.8161315398724803 -0.9650823225108616
-0.24218220816890623 0.8221468195292805 -0.9591868677329377
-0.2179639873520157 0.8281620991860806 -0.9532914129550137
-0.19374576653512504 0.8341773788428808 -0.9473959581770899
-0.16952754571823442 0.8401926584996809 -0.9415005033991659
-0.14530932490134377 0.8462079381564811 -0.9356050486212419
-0.12109110408445312 0.8522232178132813 -0.9297095938433181
-0.09687288326756258 0.8582384974700814 -0.9238141390653941
-0.07265466245067194 0.8642537771268816 -0.9179186842874703
-0.04843644163378129 0.8702690567836817 -0.9120232295095463
-0.024218220816890644 0.8762843364404819 -0.9061277747316223
0.0 0.882299616097282 -0.9002323199536985
-0.9445106118587344 0.6624087030836971 -1.1451589282919596
-0.9202923910418438 0.6684239827404973 -1.139263473514036
-0.8960741702249532 0.6744392623972976 -1.133368018736112
-0.8718559494080625 0.6804545420540976 -1.127472563958188
-0.8476377285911719 0.6864698217108978 -1.121577109180264
-0.8234195077742813 0.692485101367698 -1.11568165440234
-0.7992012869573907 0.6985003810244982 -1.1097861996244163
-0.7749830661405 0.7045156606812983 -1.1038907448464923
-0.7507648453236094 0.7105309403380985 -1.0979952900685683
-0.7265466245067188 0.7165462199948986 -1.0920998352906444
-0.7023284036898282 0.7225614996516988 -1.0862043805127204
-0.6781101828729376 0.728576779308499 -1.0803089257347966
-0.6538919620560469 0.7345920589652991 -1.0744134709568727
-0.6296737412391563 0.7406073386220993 -1.0685180161789487
-0.6054555204222656 0.7466226182788994 -1.0626225614010247
-0.5812372996053751 0.7526378979356996 -1.056727106623101
-0.5570190787884844 0.7586531775924997 -1.050831651845177
-0.5328008579715938 0.7646684572492999 -1.044936197067253
-0.5085826371547032 0.7706837369061 -1.039040742289329
-0.48436441633781246 0.7766990165629002 -1.033145287511405
-0.46014619552092195 0.7827142962197003 -1.0272498327334811
-0.4359279747040313 0.7887295758765005 -1.0213543779555574
-0.41170975388714065 0.7947448555333007 -1.0154589231776334
-0.38749153307025 0.8007601351901008 -1.0095634683997095
-0.36327331225335935 0.806775414846901 -1.0036680136217855
-0.33905509143646884 0.8127906945037011 -0.9977725588438616
-0.31483687061957816 0.8188059741605013 -0.9918771040659377
-0.29061864980268753 0.8248212538173014 -0.9859816492880138
-0.2664004289857969 0.8308365334741017 -0.9800861945100898
-0.24218220816890623 0.8368518131309018 -0.974190739732166
-0.2179639873520157 0.8428670927877019 -0.968295284954242
-0.19374576653512504 0.8488823724445022 -0.962399830176318
-0.16952754571823442 0.8548976521013023 -0.9565043753983942
-0.14530932490134377 0.8609129317581025 -0.9506089206204702
-0.12109110408445312 0.8669282114149026 -0.9447134658425463
-0.09687288326756258 0.8729434910717028 -0.9388180110646224
-0.07265466245067194 0.8789587707285029 -0.9329225562866985
-0.04843644163378129 0.8849740503853031 -0.9270271015087745
-0.024218220816890644 0.8909893300421032 -0.9211316467308506
0.0 0.8970046096989034 -0.9152361919529267
-0.9445106118587344 0.6771136966853185 -1.160162800291188
-0.9202923910418438 0.6831289763421187 -1.1542673455132642
-0.8960741702249532 0.6891442559989188 -1.1483718907353402
-0.8718559494080625 0.695159535655719 -1.1424764359574162
-0.8476377285911719 0.7011748153125191 -1.1365809811794922
-0.8234195077742813 0.7071900949693193 -1.1306855264015683
-0.7992012869573907 0.7132053746261194 -1.1247900716236445
-0.7749830661405 0.7192206542829196 -1.1188946168457206
-0.7507648453236094 0.7252359339397197 -1.1129991620677966
-0.7265466245067188 0.7312512135965199 -1.1071037072898726
-0.7023284036898282 0.73726649325332 -1.1012082525119486
-0.6781101828729376 0.7432817729101203 -1.095312797734025
-0.6538919620560469 0.7492970525669205 -1.089417342956101
-0.6296737412391563 0.7553123322237205 -1.083521888178177
-0.6054555204222656 0.7613276118805208 -1.077626433400253
-0.5812372996053751 0.7673428915373209 -1.0717309786223292
-0.5570190787884844 0.7733581711941211 -1.0658355238444053
-0.5328008579715938 0.7793734508509212 -1.0599400690664813
-0.5085826371547032 0.7853887305077214 -1.0540446142885573
-0.48436441633781246 0.7914040101645216 -1.0481491595106334
-0.46014619552092195 0.7974192898213217 -1.0422537047327094
-0.4359279747040313 0.8034345694781219 -1.0363582499547856
-0.41170975388714065 0.809449849134922 -1.0304627951768617
-0.38749153307025 0.8154651287917222 -1.0245673403989377
-0.36327331225335935 0.8214804084485223 -1.0186718856210137
-0.33905509143646884 0.8274956881053225 -1.01277643084309
-0.31483687061957816 0.8335109677621226 -1.006880976065166
-0.29061864980268753 0.8395262474189228 -1.000985521287242
-0.2664004289857969 0.8455415270757229 -0.9950900665093181
-0.24218220816890623 0.8515568067325231 -0.9891946117313941
-0.2179639873520157 0.8575720863893233 -0.9832991569534703
-0.19374576653512504 0.8635873660461234 -0.9774037021755463
-0.16952754571823442 0.8696026457029236 -0.9715082473976224
-0.14530932490134377 0.8756179253597237 -0.9656127926196985
-0.12109110408445312 0.8816332050165239 -0.9597173378417746
-0.09687288326756258 0.887648484673324 -0.9538218830638506
-0.07265466245067194 0.8936637643301242 -0.9479264282859267
-0.04843644163378129 0.8996790439869243 -0.9420309735080028
-0.024218220816890644 0.9056943236437245 -0.9361355187300788
0.0 0.9117096033005248 -0.930240063952155
-0.9445106118587344 0.69181869028694 -1.1751666722904164
-0.9202923910418438 0.6978339699437401 -1.1692712175124924
-0.8960741702249532 0.7038492496005403 -1.1633757627345684
-0.8718559494080625 0.7098645292573404 -1.1574803079566447
-0.8476377285911719 0.7158798089141406 -1.1515848531787207
-0.8234195077742813 0.7218950885709408 -1.1456893984007968
-0.7992012869573907 0.7279103682277409 -1.1397939436228728
-0.7749830661405 0.7339256478845411 -1.1338984888449488
-0.7507648453236094 0.7399409275413412 -1.128003034067025
-0.7265466245067188 0.7459562071981414 -1.122107579289101
-0.7023284036898282 0.7519714868549415 -1.1162121245111771
-0.6781101828729376 0.7579867665117417 -1.1103166697332532
-0.6538919620560469 0.7640020461685418 -1.1044212149553292
-0.6296737412391563 0.770017325825342 -1.0985257601774054
-0.6054555204222656 0.7760326054821423 -1.0926303053994815
-0.5812372996053751 0.7820478851389423 -1.0867348506215575
-0.5570190787884844 0.7880631647957425 -1.0808393958436335
-0.5328008579715938 0.7940784444525427 -1.0749439410657096
-0.5085826371547032 0.8000937241093428 -1.0690484862877858
-0.48436441633781246 0.806109003766143 -1.0631530315098618
-0.46014619552092195 0.8121242834229432 -1.0572575767319379
-0.4359279747040313 0.8181395630797433 -1.051362121954014
-0.41170975388714065 0.8241548427365435 -1.0454666671760902
-0.38749153307025 0.8301701223933436 -1.0395712123981662
-0.36327331225335935 0.8361854020501438 -1.0336757576202422
-0.33905509143646884 0.842200681706944 -1.0277803028423182
-0.31483687061957816 0.8482159613637441 -1.0218848480643943
-0.29061864980268753 0.8542312410205443 -1.0159893932864705
-0.2664004289857969 0.8602465206773444 -1.0100939385085466
-0.24218220816890623 0.8662618003341446 -1.0041984837306226
-0.2179639873520157 0.8722770799909447 -0.9983030289526986
-0.19374576653512504 0.8782923596477449 -0.9924075741747748
-0.16952754571823442 0.884307639304545 -0.9865121193968508
-0.14530932490134377 0.8903229189613452 -0.9806166646189269
-0.12109110408445312 0.8963381986181453 -0.974721209841003
-0.09687288326756258 0.9023534782749455 -0.968825755063079
-0.07265466245067194 0.9083687579317457 -0.9629303002851551
-0.04843644163378129 0.9143840375885458 -0.9570348455072312
-0.024218220816890644 0.920399317245346 -0.9511393907293073
0.0 0.9264145969021461 -0.9452439359513833
-0.9445106118587344 0.7065236838885613 -1.1901705442896446
-0.9202923910418438 0.7125389635453615 -1.1842750895117207
-0.8960741702249532 0.7185542432021617 -1.1783796347337967
-0.8718559494080625 0.7245695228589618 -1.172484179955873
-0.8476377285911719 0.730584802515762 -1.166588725177949
-0.8234195077742813 0.7366000821725621 -1.160693270400025
-0.7992012869573907 0.7426153618293623 -1.154797815622101
-0.7749830661405 0.7486306414861624 -1.148902360844177
-0.7507648453236094 0.7546459211429626 -1.1430069060662533
-0.7265466245067188 0.7606612007997627 -1.1371114512883294
-0.7023284036898282 0.7666764804565629 -1.1312159965104054
-0.6781101828729376 0.772691760113363 -1.1253205417324814
-0.6538919620560469 0.7787070397701632 -1.1194250869545574
-0.6296737412391563 0.7847223194269634 -1.1135296321766337
-0.6054555204222656 0.7907375990837635 -1.1076341773987097
-0.5812372996053751 0.7967528787405637 -1.1017387226207858
-0.5570190787884844 0.8027681583973638 -1.0958432678428618
-0.5328008579715938 0.808783438054164 -1.0899478130649378
-0.5085826371547032 0.8147987177109641 -1.084052358287014
-0.48436441633781246 0.8208139973677643 -1.07815690350909
-0.46014619552092195 0.8268292770245644 -1.0722614487311661
-0.4359279747040313 0.8328445566813646 -1.0663659939532422
-0.41170975388714065 0.8388598363381647 -1.0604705391753182
-0.38749153307025 0.8448751159949649 -1.0545750843973944
-0.36327331225335935 0.8508903956517652 -1.0486796296194705
-0.33905509143646884 0.8569056753085652 -1.0427841748415465
-0.31483687061957816 0.8629209549653654 -1.0368887200636225
-0.29061864980268753 0.8689362346221656 -1.0309932652856988
-0.2664004289857969 0.8749515142789658 -1.0250978105077748
-0.24218220816890623 0.8809667939357659 -1.0192023557298509
-0.2179639873520157 0.8869820735925661 -1.0133069009519269
-0.19374576653512504 0.8929973532493662 -1.007411446174003
-0.16952754571823442 0.8990126329061664 -1.0015159913960792
-0.14530932490134377 0.9050279125629666 -0.9956205366181551
-0.12109110408445312 0.9110431922197667 -0.9897250818402312
-0.09687288326756258 0.9170584718765669 -0.9838296270623073
-0.07265466245067194 0.923073751533367 -0.9779341722843834
-0.04843644163378129 0.9290890311901672 -0.9720387175064594
-0.024218220816890644 0.9351043108469673 -0.9661432627285355
0.0 0.9411195905037675 -0.9602478079506116
-0.9445106118587344 0.7212286774901826 -1.205174416288873
-0.9202923910418438 0.7272439571469828 -1.199278961510949
-0.8960741702249532 0.7332592368037829 -1.193383506733025
-0.8718559494080625 0.7392745164605831 -1.1874880519551012
-0.8476377285911719 0.7452897961173832 -1.1815925971771772
-0.8234195077742813 0.7513050757741834 -1.1756971423992533
-0.7992012869573907 0.7573203554309835 -1.1698016876213293
-0.7749830661405 0.7633356350877837 -1.1639062328434053
-0.7507648453236094 0.7693509147445838 -1.1580107780654816
-0.7265466245067188 0.775366194401384 -1.1521153232875576
-0.7023284036898282 0.7813814740581841 -1.1462198685096336
-0.6781101828729376 0.7873967537149844 -1.1403244137317097
-0.6538919620560469 0.7934120333717846 -1.1344289589537857
-0.6296737412391563 0.7994273130285846 -1.128533504175862
-0.6054555204222656 0.8054425926853849 -1.122638049397938
-0.5812372996053751 0.811457872342185 -1.116742594620014
-0.5570190787884844 0.8174731519989852 -1.11084713984209
-0.5328008579715938 0.8234884316557853 -1.104951685064166
-0.5085826371547032 0.8295037113125855 -1.0990562302862423
-0.48436441633781246 0.8355189909693856 -1.0931607755083184
-0.46014619552092195 0.8415342706261858 -1.0872653207303944
-0.4359279747040313 0.847549550282986 -1.0813698659524704
-0.41170975388714065 0.8535648299397861 -1.0754744111745465
-0.38749153307025 0.8595801095965863 -1.0695789563966227
-0.36327331225335935 0.8655953892533864 -1.0636835016186987
-0.33905509143646884 0.8716106689101866 -1.0577880468407748
-0.31483687061957816 0.8776259485669867 -1.0518925920628508
-0.29061864980268753 0.8836412282237869 -1.045997137284927
-0.2664004289857969 0.889656507880587 -1.040101682507003
-0.24218220816890623 0.8956717875373872 -1.034206227729079
-0.2179639873520157 0.9016870671941873 -1.0283107729511551
-0.19374576653512504 0.9077023468509875 -1.0224153181732312
-0.16952754571823442 0.9137176265077877 -1.0165198633953074
-0.14530932490134377 0.9197329061645878 -1.0106244086173835
-0.12109110408445312 0.925748185821388 -1.0047289538394595
-0.09687288326756258 0.9317634654781881 -0.9988334990615355
-0.07265466245067194 0.9377787451349883 -0.9929380442836117
-0.04843644163378129 0.9437940247917884 -0.9870425895056877
-0.024218220816890644 0.9498093044485886 -0.9811471347277637
0.0 0.9558245841053888 -0.9752516799498399
-0.9445106118587344 0.7359336710918041 -1.2201782882881014
-0.9202923910418438 0.7419489507486042 -1.2142828335101774
-0.8960741702249532 0.7479642304054044 -1.2083873787322534
-0.8718559494080625 0.7539795100622045 -1.2024919239543295
-0.8476377285911719 0.7599947897190047 -1.1965964691764057
-0.8234195077742813 0.7660100693758048 -1.1907010143984817
-0.7992012869573907 0.772025349032605 -1.1848055596205578
-0.7749830661405 0.7780406286894052 -1.1789101048426338
-0.7507648453236094 0.7840559083462053 -1.1730146500647098
-0.7265466245067188 0.7900711880030055 -1.167119195286786
-0.7023284036898282 0.7960864676598056 -1.1612237405088621
-0.6781101828729376 0.8021017473166059 -1.1553282857309382
-0.6538919620560469 0.808117026973406 -1.1494328309530142
-0.6296737412391563 0.8141323066302061 -1.1435373761750902
-0.6054555204222656 0.8201475862870063 -1.1376419213971662
-0.5812372996053751 0.8261628659438065 -1.1317464666192425
-0.5570190787884844 0.8321781456006067 -1.1258510118413185
-0.5328008579715938 0.8381934252574068 -1.1199555570633946
-0.5085826371547032 0.844208704914207 -1.1140601022854706
-0.48436441633781246 0.8502239845710071 -1.1081646475075468
-0.46014619552092195 0.8562392642278073 -1.1022691927296229
-0.4359279747040313 0.8622545438846074 -1.096373737951699
-0.41170975388714065 0.8682698235414076 -1.090478283173775
-0.38749153307025 0.8742851031982077 -1.084582828395851
-0.36327331225335935 0.8803003828550079 -1.0786873736179272
-0.33905509143646884 0.886315662511808 -1.0727919188400032
-0.31483687061957816 0.8923309421686082 -1.0668964640620793
-0.29061864980268753 0.8983462218254084 -1.0610010092841553
-0.2664004289857969 0.9043615014822085 -1.0551055545062313
-0.24218220816890623 0.9103767811390087 -1.0492100997283076
-0.2179639873520157 0.9163920607958088 -1.0433146449503836
-0.19374576653512504 0.922407340452609 -1.0374191901724596
-0.16952754571823442 0.9284226201094091 -1.0315237353945357
-0.14530932490134377 0.9344378997662093 -1.0256282806166117
-0.12109110408445312 0.9404531794230094 -1.019732825838688
-0.09687288326756258 0.9464684590798096 -1.013837371060764
-0.07265466245067194 0.9524837387366097 -1.00794191628284
-0.04843644163378129 0.9584990183934099 -1.002046461504916
-0.024218220816890644 0.96451429805021 -0.9961510067269922
0.0 0.9705295777070103 -0.9902555519490682
-0.9445106118587344 0.7506386646934254 -1.2351821602873296
-0.9202923910418438 0.7566539443502256 -1.2292867055094057
-0.8960741702249532 0.7626692240070257 -1.2233912507314817
-0.8718559494080625 0.7686845036638259 -1.2174957959535577
-0.8476377285911719 0.7746997833206261 -1.211600341175634
-0.8234195077742813 0.7807150629774262 -1.20570488639771
-0.7992012869573907 0.7867303426342264 -1.199809431619786
-0.7749830661405 0.7927456222910265 -1.193913976841862
-0.7507648453236094 0.7987609019478267 -1.188018522063938
-0.7265466245067188 0.8047761816046268 -1.1821230672860144
-0.7023284036898282 0.810791461261427 -1.1762276125080904
-0.6781101828729376 0.8168067409182271 -1.1703321577301664
-0.6538919620560469 0.8228220205750273 -1.1644367029522424
-0.6296737412391563 0.8288373002318274 -1.1585412481743185
-0.6054555204222656 0.8348525798886276 -1.1526457933963945
-0.5812372996053751 0.8408678595454278 -1.1467503386184708
-0.5570190787884844 0.8468831392022279 -1.1408548838405468
-0.5328008579715938 0.8528984188590281 -1.1349594290626228
-0.5085826371547032 0.8589136985158282 -1.1290639742846988
-0.48436441633781246 0.8649289781726284 -1.1231685195067749
-0.46014619552092195 0.8709442578294285 -1.1172730647288511
-0.4359279747040313 0.8769595374862287 -1.1113776099509272
-0.41170975388714065 0.8829748171430288 -1.1054821551730032
-0.38749153307025 0.888990096799829 -1.0995867003950792
-0.36327331225335935 0.8950053764566293 -1.0936912456171552
-0.33905509143646884 0.9010206561134293 -1.0877957908392315
-0.31483687061957816 0.9070359357702295 -1.0819003360613075
-0.29061864980268753 0.9130512154270297 -1.0760048812833836
-0.2664004289857969 0.9190664950838299 -1.0701094265054596
-0.24218220816890623 0.92508177474063 -1.0642139717275358
-0.2179639873520157 0.9310970543974302 -1.0583185169496119
-0.19374576653512504 0.9371123340542303 -1.052423062171688
-0.16952754571823442 0.9431276137110305 -1.046527607393764
-0.14530932490134377 0.9491428933678306 -1.04063215261584
-0.12109110408445312 0.9551581730246308 -1.0347366978379162
-0.09687288326756258 0.961173452681431 -1.0288412430599922
-0.07265466245067194 0.9671887323382311 -1.0229457882820683
-0.04843644163378129 0.9732040119950313 -1.0170503335041443
-0.024218220816890644 0.9792192916518314 -1.0111548787262203
0.0 0.9852345713086316 -1.0052594239482966
-0.9445106118587344 0.7653436582950467 -1.250186032286558
-0.9202923910418438 0.7713589379518468 -1.244290577508634
-0.8960741702249532 0.777374217608647 -1.23839512273071
-0.8718559494080625 0.7833894972654472 -1.232499667952786
-0.8476377285911719 0.7894047769222473 -1.2266042131748622
-0.8234195077742813 0.7954200565790475 -1.2207087583969383
-0.7992012869573907 0.8014353362358476 -1.2148133036190143
-0.7749830661405 0.8074506158926478 -1.2089178488410903
-0.7507648453236094 0.8134658955494479 -1.2030223940631664
-0.7265466245067188 0.8194811752062481 -1.1971269392852426
-0.7023284036898282 0.8254964548630482 -1.1912314845073186
-0.6781101828729376 0.8315117345198485 -1.1853360297293947
-0.6538919620560469 0.8375270141766487 -1.1794405749514707
-0.6296737412391563 0.8435422938334487 -1.1735451201735467
-0.6054555204222656 0.849557573490249 -1.1676496653956228
-0.5812372996053751 0.8555728531470491 -1.161754210617699
-0.5570190787884844 0.8615881328038493 -1.155858755839775
-0.5328008579715938 0.8676034124606494 -1.149963301061851
-0.5085826371547032 0.8736186921174496 -1.144067846283927
-0.48436441633781246 0.8796339717742497 -1.1381723915060031
-0.46014619552092195 0.8856492514310499 -1.1322769367280794
-0.4359279747040313 0.89166453108785 -1.1263814819501554
-0.41170975388714065 0.8976798107446502 -1.1204860271722314
-0.38749153307025 0.9036950904014504 -1.1145905723943075
-0.36327331225335935 0.9097103700582505 -1.1086951176163835
-0.33905509143646884 0.9157256497150507 -1.1027996628384598
-0.31483687061957816 0.9217409293718508 -1.0969042080605358
-0.29061864980268753 0.927756209028651 -1.0910087532826118
-0.2664004289857969 0.9337714886854511 -1.0851132985046879
-0.24218220816890623 0.9397867683422513 -1.0792178437267639
-0.2179639873520157 0.9458020479990514 -1.0733223889488401
-0.19374576653512504 0.9518173276558516 -1.0674269341709162
-0.16952754571823442 0.9578326073126517 -1.0615314793929922
-0.14530932490134377 0.9638478869694519 -1.0556360246150682
-0.12109110408445312 0.969863166626252 -1.0497405698371445
-0.09687288326756258 0.9758784462830522 -1.0438451150592205
-0.07265466245067194 0.9818937259398524 -1.0379496602812965
-0.04843644163378129 0.9879090055966525 -1.0320542055033726
-0.024218220816890644 0.9939242852534528 -1.0261587507254486
0.0 0.9999395649102529 -1.0202632959475249
-0.9445106118587344 0.7800486518966682 -1.2651899042857861
-0.9202923910418438 0.7860639315534683 -1.2592944495078622
-0.8960741702249532 0.7920792112102685 -1.2533989947299384
-0.8718559494080625 0.7980944908670686 -1.2475035399520145
-0.8476377285911719 0.8041097705238688 -1.2416080851740905
-0.8234195077742813 0.8101250501806689 -1.2357126303961665
-0.7992012869573907 0.8161403298374691 -1.2298171756182428
-0.7749830661405 0.8221556094942692 -1.2239217208403188
-0.7507648453236094 0.8281708891510694 -1.2180262660623948
-0.7265466245067188 0.8341861688078696 -1.2121308112844709
-0.7023284036898282 0.8402014484646697 -1.206235356506547
-0.6781101828729376 0.84621672812147 -1.2003399017286231
-0.6538919620560469 0.8522320077782701 -1.1944444469506992
-0.6296737412391563 0.8582472874350702 -1.1885489921727752
-0.6054555204222656 0.8642625670918704 -1.1826535373948512
-0.5812372996053751 0.8702778467486706 -1.1767580826169273
-0.5570190787884844 0.8762931264054707 -1.1708626278390035
-0.5328008579715938 0.8823084060622709 -1.1649671730610796
-0.5085826371547032 0.888323685719071 -1.1590717182831556
-0.48436441633781246 0.8943389653758712 -1.1531762635052316
-0.46014619552092195 0.9003542450326714 -1.1472808087273076
-0.4359279747040313 0.9063695246894715 -1.141385353949384
-0.41170975388714065 0.9123848043462717 -1.13548989917146
-0.38749153307025 0.9184000840030718 -1.129594444393536
-0.36327331225335935 0.924415363659872 -1.123698989615612
-0.33905509143646884 0.9304306433166721 -1.117803534837688
-0.31483687061957816 0.9364459229734723 -1.1119080800597643
-0.29061864980268753 0.9424612026302724 -1.1060126252818403
-0.2664004289857969 0.9484764822870726 -1.1001171705039163
-0.24218220816890623 0.9544917619438728 -1.0942217157259924
-0.2179639873520157 0.9605070416006729 -1.0883262609480684
-0.19374576653512504 0.9665223212574731 -1.0824308061701446
-0.16952754571823442 0.9725376009142732 -1.0765353513922207
-0.14530932490134377 0.9785528805710734 -1.0706398966142967
-0.12109110408445312 0.9845681602278735 -1.0647444418363727
-0.09687288326756258 0.9905834398846737 -1.0588489870584488
-0.07265466245067194 0.9965987195414738 -1.052953532280525
-0.04843644163378129 1.002613999198274 -1.047058077502601
-0.024218220816890644 1.0086292788550741 -1.041162622724677
0.0 1.0146445585118744 -1.035267167946753
-0.9445106118587344 0.7947536454982895 -1.2801937762850144
-0.9202923910418438 0.8007689251550897 -1.2742983215070904
-0.8960741702249532 0.8067842048118898 -1.2684028667291667
-0.8718559494080625 0.81279948446869 -1.2625074119512427
-0.8476377285911719 0.8188147641254901 -1.2566119571733187
-0.8234195077742813 0.8248300437822903 -1.2507165023953948
-0.7992012869573907 0.8308453234390905 -1.244821047617471
-0.7749830661405 0.8368606030958906 -1.238925592839547
-0.7507648453236094 0.8428758827526908 -1.233030138061623
-0.7265466245067188 0.8488911624094909 -1.2271346832836991
-0.7023284036898282 0.8549064420662911 -1.2212392285057752
-0.6781101828729376 0.8609217217230912 -1.2153437737278514
-0.6538919620560469 0.8669370013798914 -1.2094483189499274
-0.6296737412391563 0.8729522810366915 -1.2035528641720035
-0.6054555204222656 0.8789675606934917 -1.1976574093940795
-0.5812372996053751 0.8849828403502918 -1.1917619546161555
-0.5570190787884844 0.890998120007092 -1.1858664998382318
-0.5328008579715938 0.8970133996638922 -1.1799710450603078
-0.5085826371547032 0.9030286793206923 -1.1740755902823838
-0.48436441633781246 0.9090439589774926 -1.1681801355044599
-0.46014619552092195 0.9150592386342926 -1.162284680726536
-0.4359279747040313 0.9210745182910928 -1.1563892259486122
-0.41170975388714065 0.927089797947893 -1.1504937711706882
-0.38749153307025 0.9331050776046932 -1.1445983163927642
-0.36327331225335935 0.9391203572614933 -1.1387028616148402
-0.33905509143646884 0.9451356369182935 -1.1328074068369163
-0.31483687061957816 0.9511509165750937 -1.1269119520589925
-0.29061864980268753 0.9571661962318938 -1.1210164972810686
-0.2664004289857969 0.963181475888694 -1.1151210425031446
-0.24218220816890623 0.9691967555454941 -1.1092255877252206
-0.2179639873520157 0.9752120352022943 -1.1033301329472966
-0.19374576653512504 0.9812273148590944 -1.097434678169373
-0.16952754571823442 0.9872425945158946 -1.091539223391449
-0.14530932490134377 0.9932578741726947 -1.085643768613525
-0.12109110408445312 0.9992731538294949 -1.079748313835601
-0.09687288326756258 1.005288433486295 -1.073852859057677
-0.07265466245067194 1.011303713143095 -1.0679574042797533
-0.04843644163378129 1.0173189927998953 -1.0620619495018293
-0.024218220816890644 1.0233342724566956 -1.0561664947239053
0.0 1.0293495521134957 -1.0502710399459814
-0.9445106118587344 0.8094586390999108 -1.2951976482842427
-0.9202923910418438 0.8154739187567109 -1.2893021935063187
-0.8960741702249532 0.8214891984135111 -1.283406738728395
-0.8718559494080625 0.8275044780703112 -1.277511283950471
-0.8476377285911719 0.8335197577271114 -1.271615829172547
-0.8234195077742813 0.8395350373839116 -1.265720374394623
-0.7992012869573907 0.8455503170407117 -1.2598249196166993
-0.7749830661405 0.8515655966975119 -1.2539294648387753
-0.7507648453236094 0.857580876354312 -1.2480340100608514
-0.7265466245067188 0.8635961560111122 -1.2421385552829274
-0.7023284036898282 0.8696114356679123 -1.2362431005050034
-0.6781101828729376 0.8756267153247126 -1.2303476457270797
-0.6538919620560469 0.8816419949815127 -1.2244521909491557
-0.6296737412391563 0.8876572746383128 -1.2185567361712317
-0.6054555204222656 0.893672554295113 -1.2126612813933078
-0.5812372996053751 0.8996878339519132 -1.2067658266153838
-0.5570190787884844 0.9057031136087134 -1.20087037183746
-0.5328008579715938 0.9117183932655135 -1.194974917059536
-0.5085826371547032 0.9177336729223137 -1.189079462281612
-0.48436441633781246 0.9237489525791138 -1.1831840075036881
-0.46014619552092195 0.929764232235914 -1.1772885527257642
-0.4359279747040313 0.9357795118927141 -1.1713930979478404
-0.41170975388714065 0.9417947915495143 -1.1654976431699164
-0.38749153307025 0.9478100712063144 -1.1596021883919925
-0.36327331225335935 0.9538253508631146 -1.1537067336140685
-0.33905509143646884 0.9598406305199148 -1.1478112788361445
-0.31483687061957816 0.9658559101767149 -1.1419158240582208
-0.29061864980268753 0.9718711898335151 -1.1360203692802968
-0.2664004289857969 0.9778864694903152 -1.1301249145023728
-0.24218220816890623 0.9839017491471154 -1.1242294597244489
-0.2179639873520157 0.9899170288039155 -1.118334004946525
-0.19374576653512504 0.9959323084607157 -1.1124385501686012
-0.16952754571823442 1.001947588117516 -1.1065430953906772
-0.14530932490134377 1.007962867774316 -1.1006476406127532
-0.12109110408445312 1.0139781474311163 -1.0947521858348293
-0.09687288326756258 1.0199934270879163 -1.0888567310569053
-0.07265466245067194 1.0260087067447166 -1.0829612762789815
-0.04843644163378129 1.0320239864015166 -1.0770658215010576
-0.024218220816890644 1.0380392660583169 -1.0711703667231336
0.0 1.044054545715117 -1.0652749119452096
-0.9445106118587344 0.8241636327015323 -1.3102015202834711
-0.9202923910418438 0.8301789123583324 -1.3043060655055472
-0.8960741702249532 0.8361941920151326 -1.2984106107276232
-0.8718559494080625 0.8422094716719327 -1.2925151559496995
-0.8476377285911719 0.8482247513287329 -1.2866197011717755
-0.8234195077742813 0.854240030985533 -1.2807242463938515
-0.7992012869573907 0.8602553106423332 -1.2748287916159275
-0.7749830661405 0.8662705902991333 -1.2689333368380036
-0.7507648453236094 0.8722858699559335 -1.2630378820600798
-0.7265466245067188 0.8783011496127336 -1.2571424272821559
-0.7023284036898282 0.8843164292695338 -1.251246972504232
-0.6781101828729376 0.8903317089263341 -1.245351517726308
-0.6538919620560469 0.8963469885831342 -1.239456062948384
-0.6296737412391563 0.9023622682399343 -1.2335606081704602
-0.6054555204222656 0.9083775478967345 -1.2276651533925362
-0.5812372996053751 0.9143928275535347 -1.2217696986146123
-0.5570190787884844 0.9204081072103348 -1.2158742438366883
-0.5328008579715938 0.926423386867135 -1.2099787890587643
-0.5085826371547032 0.9324386665239351 -1.2040833342808406
-0.48436441633781246 0.9384539461807353 -1.1981878795029166
-0.46014619552092195 0.9444692258375355 -1.1922924247249926
-0.4359279747040313 0.9504845054943356 -1.1863969699470687
-0.41170975388714065 0.9564997851511358 -1.1805015151691447
-0.38749153307025 0.9625150648079359 -1.174606060391221
-0.36327331225335935 0.9685303444647361 -1.168710605613297
-0.33905509143646884 0.9745456241215362 -1.162815150835373
-0.31483687061957816 0.9805609037783364 -1.156919696057449
-0.29061864980268753 0.9865761834351365 -1.151024241279525
-0.2664004289857969 0.9925914630919367 -1.1451287865016013
-0.24218220816890623 0.9986067427487368 -1.1392333317236774
-0.2179639873520157 1.004622022405537 -1.1333378769457534
-0.19374576653512504 1.0106373020623372 -1.1274424221678294
-0.16952754571823442 1.0166525817191374 -1.1215469673899054
-0.14530932490134377 1.0226678613759375 -1.1156515126119817
-0.12109110408445312 1.0286831410327377 -1.1097560578340577
-0.09687288326756258 1.0346984206895378 -1.1038606030561338
-0.07265466245067194 1.040713700346338 -1.0979651482782098
-0.04843644163378129 1.046728980003138 -1.0920696935002858
-0.024218220816890644 1.0527442596599383 -1.086174238722362
0.0 1.0587595393167384 -1.080278783944438
-0.9445106118587344 0.8388686263031536 -1.3252053922826994
-0.9202923910418438 0.8448839059599538 -1.3193099375047754
-0.8960741702249532 0.8508991856167539 -1.3134144827268515
-0.8718559494080625 0.8569144652735541 -1.3075190279489277
-0.8476377285911719 0.8629297449303542 -1.3016235731710037
-0.8234195077742813 0.8689450245871544 -1.2957281183930798
-0.7992012869573907 0.8749603042439545 -1.2898326636151558
-0.7749830661405 0.8809755839007547 -1.2839372088372318
-0.7507648453236094 0.8869908635575549 -1.278041754059308
-0.7265466245067188 0.893006143214355 -1.2721462992813841
-0.7023284036898282 0.8990214228711552 -1.2662508445034601
-0.6781101828729376 0.9050367025279553 -1.2603553897255362
-0.6538919620560469 0.9110519821847555 -1.2544599349476122
-0.6296737412391563 0.9170672618415556 -1.2485644801696885
-0.6054555204222656 0.9230825414983558 -1.2426690253917645
-0.5812372996053751 0.9290978211551559 -1.2367735706138405
-0.5570190787884844 0.9351131008119561 -1.2308781158359166
-0.5328008579715938 0.9411283804687562 -1.2249826610579926
-0.5085826371547032 0.9471436601255564 -1.2190872062800688
-0.48436441633781246 0.9531589397823567 -1.2131917515021449
-0.46014619552092195 0.9591742194391567 -1.207296296724221
-0.4359279747040313 0.9651894990959569 -1.201400841946297
-0.41170975388714065 0.9712047787527571 -1.195505387168373
-0.38749153307025 0.9772200584095573 -1.1896099323904492
-0.36327331225335935 0.9832353380663574 -1.1837144776125252
-0.33905509143646884 0.9892506177231576 -1.1778190228346013
-0.31483687061957816 0.9952658973799577 -1.1719235680566773
-0.29061864980268753 1.0012811770367578 -1.1660281132787533
-0.2664004289857969 1.007296456693558 -1.1601326585008296
-0.24218220816890623 1.013311736350358 -1.1542372037229056
-0.2179639873520157 1.0193270160071584 -1.1483417489449816
-0.19374576653512504 1.0253422956639584 -1.1424462941670577
-0.16952754571823442 1.0313575753207587 -1.1365508393891337
-0.14530932490134377 1.0373728549775587 -1.13065538461121
-0.12109110408445312 1.043388134634359 -1.124759929833286
-0.09687288326756258 1.049403414291159 -1.118864475055362
-0.07265466245067194 1.0554186939479593 -1.112969020277438
-0.04843644163378129 1.0614339736047596 -1.107073565499514
-0.024218220816890644 1.0674492532615596 -1.1011781107215903
0.0 1.0734645329183599 -1.0952826559436664
-0.9445106118587344 0.8535736199047749 -1.3402092642819277
-0.9202923910418438 0.859588899561575 -1.3343138095040037
-0.8960741702249532 0.8656041792183752 -1.3284183547260797
-0.8718559494080625 0.8716194588751753 -1.322522899948156
-0.8476377285911719 0.8776347385319755 -1.316627445170232
-0.8234195077742813 0.8836500181887756 -1.310731990392308
-0.7992012869573907 0.8896652978455758 -1.304836535614384
-0.7749830661405 0.895680577502376 -1.29894108083646
-0.7507648453236094 0.9016958571591761 -1.2930456260585363
-0.7265466245067188 0.9077111368159763 -1.2871501712806124
-0.7023284036898282 0.9137264164727764 -1.2812547165026884
-0.6781101828729376 0.9197416961295767 -1.2753592617247644
-0.6538919620560469 0.9257569757863768 -1.2694638069468405
-0.6296737412391563 0.9317722554431769 -1.2635683521689167
-0.6054555204222656 0.9377875350999771 -1.2576728973909928
-0.5812372996053751 0.9438028147567773 -1.2517774426130688
-0.5570190787884844 0.9498180944135775 -1.2458819878351448
-0.5328008579715938 0.9558333740703776 -1.2399865330572208
-0.5085826371547032 0.9618486537271778 -1.234091078279297
-0.48436441633781246 0.9678639333839779 -1.2281956235013731
-0.46014619552092195 0.9738792130407781 -1.2223001687234492
-0.4359279747040313 0.9798944926975782 -1.2164047139455252
-0.41170975388714065 0.9859097723543784 -1.2105092591676012
-0.38749153307025 0.9919250520111785 -1.2046138043896775
-0.36327331225335935 0.9979403316679787 -1.1987183496117535
-0.33905509143646884 1.003955611324779 -1.1928228948338295
-0.31483687061957816 1.009970890981579 -1.1869274400559056
-0.29061864980268753 1.0159861706383793 -1.1810319852779816
-0.2664004289857969 1.0220014502951793 -1.1751365305000578
-0.24218220816890623 1.0280167299519796 -1.1692410757221339
-0.2179639873520157 1.0340320096087796 -1.16334562094421
-0.19374576653512504 1.0400472892655799 -1.157450166166286
-0.16952754571823442 1.04606256892238 -1.151554711388362
-0.14530932490134377 1.0520778485791802 -1.1456592566104382
-0.12109110408445312 1.0580931282359802 -1.1397638018325142
-0.09687288326756258 1.0641084078927805 -1.1338683470545903
-0.07265466245067194 1.0701236875495805 -1.1279728922766663
-0.04843644163378129 1.0761389672063808 -1.1220774374987423
-0.024218220816890644 1.0821542468631808 -1.1161819827208186
0.0 1.0881695265199811 -1.1102865279428946
-0.9445106118587344 0.8682786135063963 -1.3552131362811561
-0.9202923910418438 0.8742938931631965 -1.3493176815032322
-0.8960741702249532 0.8803091728199967 -1.3434222267253082
-0.8718559494080625 0.8863244524767968 -1.3375267719473842
-0.8476377285911719 0.892339732133597 -1.3316313171694603
-0.8234195077742813 0.8983550117903971 -1.3257358623915365
-0.7992012869573907 0.9043702914471973 -1.3198404076136125
-0.7749830661405 0.9103855711039974 -1.3139449528356886
-0.7507648453236094 0.9164008507607976 -1.3080494980577646
-0.7265466245067188 0.9224161304175977 -1.3021540432798406
-0.7023284036898282 0.9284314100743979 -1.2962585885019169
-0.6781101828729376 0.9344466897311982 -1.290363133723993
-0.6538919620560469 0.9404619693879983 -1.284467678946069
-0.6296737412391563 0.9464772490447984 -1.278572224168145
-0.6054555204222656 0.9524925287015986 -1.272676769390221
-0.5812372996053751 0.9585078083583988 -1.2667813146122973
-0.5570190787884844 0.9645230880151989 -1.2608858598343733
-0.5328008579715938 0.9705383676719991 -1.2549904050564493
-0.5085826371547032 0.9765536473287992 -1.2490949502785254
-0.48436441633781246 0.9825689269855994 -1.2431994955006014
-0.46014619552092195 0.9885842066423995 -1.2373040407226776
-0.4359279747040313 0.9945994862991997 -1.2314085859447537
-0.41170975388714065 1.0006147659559999 -1.2255131311668297
-0.38749153307025 1.0066300456128001 -1.2196176763889057
-0.36327331225335935 1.0126453252696002 -1.2137222216109818
-0.33905509143646884 1.0186606049264004 -1.207826766833058
-0.31483687061957816 1.0246758845832005 -1.201931312055134
-0.29061864980268753 1.0306911642400007 -1.19603585727721
-0.2664004289857969 1.0367064438968008 -1.190140402499286
-0.24218220816890623 1.042721723553601 -1.1842449477213621
-0.2179639873520157 1.048737003210401 -1.1783494929434384
-0.19374576653512504 1.0547522828672014 -1.1724540381655144
-0.16952754571823442 1.0607675625240014 -1.1665585833875904
-0.14530932490134377 1.0667828421808017 -1.1606631286096665
-0.12109110408445312 1.0727981218376017 -1.1547676738317425
-0.09687288326756258 1.078813401494402 -1.1488722190538188
-0.07265466245067194 1.084828681151202 -1.1429767642758948
-0.04843644163378129 1.0908439608080023 -1.1370813094979708
-0.024218220816890644 1.0968592404648023 -1.1311858547200468
0.0 1.1028745201216026 -1.1252903999421229
-0.9445106118587344 0.8829836071080177 -1.3702170082803844
-0.9202923910418438 0.8889988867648179 -1.3643215535024604
-0.8960741702249532 0.895014166421618 -1.3584260987245365
-0.8718559494080625 0.9010294460784182 -1.3525306439466125
-0.8476377285911719 0.9070447257352183 -1.3466351891686885
-0.8234195077742813 0.9130600053920185 -1.3407397343907648
-0.7992012869573907 0.9190752850488186 -1.3348442796128408
-0.7749830661405 0.9250905647056188 -1.3289488248349168
-0.7507648453236094 0.9311058443624189 -1.3230533700569929
-0.7265466245067188 0.9371211240192191 -1.317157915279069
-0.7023284036898282 0.9431364036760193 -1.3112624605011451
-0.6781101828729376 0.9491516833328194 -1.3053670057232212
-0.6538919620560469 0.9551669629896196 -1.2994715509452972
-0.6296737412391563 0.9611822426464197 -1.2935760961673732
-0.6054555204222656 0.9671975223032199 -1.2876806413894493
-0.5812372996053751 0.97321280196002 -1.2817851866115255
-0.5570190787884844 0.9792280816168202 -1.2758897318336015
-0.5328008579715938 0.9852433612736203 -1.2699942770556776
-0.5085826371547032 0.9912586409304205 -1.2640988222777536
-0.48436441633781246 0.9972739205872208 -1.2582033674998296
-0.46014619552092195 1.0032892002440208 -1.252307912721906
-0.4359279747040313 1.009304479900821 -1.246412457943982
-0.41170975388714065 1.015319759557621 -1.240517003166058
-0.38749153307025 1.0213350392144214 -1.234621548388134
-0.36327331225335935 1.0273503188712214 -1.22872609361021
-0.33905509143646884 1.0333655985280217 -1.2228306388322863
-0.31483687061957816 1.0393808781848217 -1.2169351840543623
-0.29061864980268753 1.045396157841622 -1.2110397292764383
-0.2664004289857969 1.051411437498422 -1.2051442744985144
-0.24218220816890623 1.0574267171552223 -1.1992488197205904
-0.2179639873520157 1.0634419968120223 -1.1933533649426666
-0.19374576653512504 1.0694572764688226 -1.1874579101647427
-0.16952754571823442 1.0754725561256226 -1.1815624553868187
-0.14530932490134377 1.081487835782423 -1.1756670006088947
-0.12109110408445312 1.0875031154392232 -1.1697715458309708
-0.09687288326756258 1.0935183950960232 -1.163876091053047
-0.07265466245067194 1.0995336747528233 -1.157980636275123
-0.04843644163378129 1.1055489544096235 -1.152085181497199
-0.024218220816890644 1.1115642340664238 -1.146189726719275
0.0 1.1175795137232238 -1.1402942719413511
-0.9445106118587344 0.897688600709639 -1.3852208802796127
-0.9202923910418438 0.9037038803664391 -1.3793254255016887
-0.8960741702249532 0.9097191600232394 -1.3734299707237647
-0.8718559494080625 0.9157344396800394 -1.3675345159458407
-0.8476377285911719 0.9217497193368396 -1.3616390611679168
-0.8234195077742813 0.9277649989936398 -1.355743606389993
-0.7992012869573907 0.93378027865044 -1.349848151612069
-0.7749830661405 0.9397955583072402 -1.343952696834145
-0.7507648453236094 0.9458108379640403 -1.3380572420562211
-0.7265466245067188 0.9518261176208405 -1.3321617872782971
-0.7023284036898282 0.9578413972776406 -1.3262663325003734
-0.6781101828729376 0.9638566769344408 -1.3203708777224494
-0.6538919620560469 0.9698719565912409 -1.3144754229445255
-0.6296737412391563 0.9758872362480411 -1.3085799681666015
-0.6054555204222656 0.9819025159048412 -1.3026845133886775
-0.5812372996053751 0.9879177955616414 -1.2967890586107538
-0.5570190787884844 0.9939330752184415 -1.2908936038328298
-0.5328008579715938 0.9999483548752417 -1.2849981490549058
-0.5085826371547032 1.0059636345320417 -1.2791026942769819
-0.48436441633781246 1.011978914188842 -1.273207239499058
-0.46014619552092195 1.017994193845642 -1.2673117847211341
-0.4359279747040313 1.0240094735024423 -1.2614163299432102
-0.41170975388714065 1.0300247531592426 -1.2555208751652862
-0.38749153307025 1.0360400328160426 -1.2496254203873622
-0.36327331225335935 1.0420553124728429 -1.2437299656094383
-0.33905509143646884 1.048070592129643 -1.2378345108315145
-0.31483687061957816 1.0540858717864432 -1.2319390560535906
-0.29061864980268753 1.0601011514432432 -1.2260436012756666
-0.2664004289857969 1.0661164311000435 -1.2201481464977426
-0.24218220816890623 1.0721317107568435 -1.2142526917198186
-0.2179639873520157 1.0781469904136438 -1.208357236941895
-0.19374576653512504 1.0841622700704439 -1.202461782163971
-0.16952754571823442 1.0901775497272441 -1.196566327386047
-0.14530932490134377 1.0961928293840442 -1.190670872608123
-0.12109110408445312 1.1022081090408444 -1.184775417830199
-0.09687288326756258 1.1082233886976445 -1.1788799630522753
-0.07265466245067194 1.1142386683544447 -1.1729845082743513
-0.04843644163378129 1.1202539480112448 -1.1670890534964273
-0.024218220816890644 1.126269227668045 -1.1611935987185034
0.0 1.132284507324845 -1.1552981439405794
-0.9445106118587344 0.9123935943112604 -1.400224752278841
-0.9202923910418438 0.9184088739680606 -1.394329297500917
-0.8960741702249532 0.9244241536248607 -1.3884338427229932
-0.8718559494080625 0.9304394332816609 -1.3825383879450692
-0.8476377285911719 0.936454712938461 -1.3766429331671453
-0.8234195077742813 0.9424699925952612 -1.3707474783892213
-0.7992012869573907 0.9484852722520614 -1.3648520236112973
-0.7749830661405 0.9545005519088615 -1.3589565688333736
-0.7507648453236094 0.9605158315656617 -1.3530611140554496
-0.7265466245067188 0.9665311112224618 -1.3471656592775256
-0.7023284036898282 0.972546390879262 -1.3412702044996017
-0.6781101828729376 0.9785616705360622 -1.3353747497216777
-0.6538919620560469 0.9845769501928624 -1.329479294943754
-0.6296737412391563 0.9905922298496624 -1.32358384016583
-0.6054555204222656 0.9966075095064627 -1.317688385387906
-0.5812372996053751 1.0026227891632629 -1.311792930609982
-0.5570190787884844 1.008638068820063 -1.305897475832058
-0.5328008579715938 1.0146533484768632 -1.3000020210541343
-0.5085826371547032 1.0206686281336632 -1.2941065662762103
-0.48436441633781246 1.0266839077904635 -1.2882111114982864
-0.46014619552092195 1.0326991874472635 -1.2823156567203624
-0.4359279747040313 1.0387144671040638 -1.2764202019424384
-0.41170975388714065 1.044729746760864 -1.2705247471645147
-0.38749153307025 1.050745026417664 -1.2646292923865907
-0.36327331225335935 1.0567603060744644 -1.2587338376086668
-0.33905509143646884 1.0627755857312644 -1.2528383828307428
-0.31483687061957816 1.0687908653880647 -1.246942928052819
-0.29061864980268753 1.0748061450448647 -1.241047473274895
-0.2664004289857969 1.080821424701665 -1.235152018496971
-0.24218220816890623 1.086836704358465 -1.2292565637190471
-0.2179639873520157 1.0928519840152653 -1.2233611089411232
-0.19374576653512504 1.0988672636720653 -1.2174656541631994
-0.16952754571823442 1.1048825433288656 -1.2115701993852754
-0.14530932490134377 1.1108978229856656 -1.2056747446073515
-0.12109110408445312 1.116913102642466 -1.1997792898294275
-0.09687288326756258 1.122928382299266 -1.1938838350515035
-0.07265466245067194 1.1289436619560662 -1.1879883802735798
-0.04843644163378129 1.1349589416128663 -1.1820929254956558
-0.024218220816890644 1.1409742212696665 -1.1761974707177318
0.0 1.1469895009264666 -1.1703020159398079
-0.9445106118587344 0.9270985879128818 -1.4152286242780692
-0.9202923910418438 0.933113867569682 -1.4093331695001452
-0.8960741702249532 0.9391291472264821 -1.4034377147222215
-0.8718559494080625 0.9451444268832823 -1.3975422599442975
-0.8476377285911719 0.9511597065400824 -1.3916468051663735
-0.8234195077742813 0.9571749861968826 -1.3857513503884495
-0.7992012869573907 0.9631902658536827 -1.3798558956105256
-0.7749830661405 0.9692055455104829 -1.3739604408326018
-0.7507648453236094 0.975220825167283 -1.3680649860546779
-0.7265466245067188 0.9812361048240832 -1.3621695312767539
-0.7023284036898282 0.9872513844808833 -1.35627407649883
-0.6781101828729376 0.9932666641376835 -1.350378621720906
-0.6538919620560469 0.9992819437944837 -1.3444831669429822
-0.6296737412391563 1.0052972234512838 -1.3385877121650582
-0.6054555204222656 1.011312503108084 -1.3326922573871343
-0.5812372996053751 1.0173277827648841 -1.3267968026092103
-0.5570190787884844 1.0233430624216844 -1.3209013478312863
-0.5328008579715938 1.0293583420784844 -1.3150058930533626
-0.5085826371547032 1.0353736217352847 -1.3091104382754386
-0.48436441633781246 1.0413889013920847 -1.3032149834975146
-0.46014619552092195 1.047404181048885 -1.2973195287195907
-0.4359279747040313 1.053419460705685 -1.2914240739416667
-0.41170975388714065 1.0594347403624853 -1.285528619163743
-0.38749153307025 1.0654500200192853 -1.279633164385819
-0.36327331225335935 1.0714652996760856 -1.273737709607895
-0.33905509143646884 1.0774805793328857 -1.267842254829971
-0.31483687061957816 1.083495858989686 -1.2619468000520473
-0.29061864980268753 1.089511138646486 -1.2560513452741233
-0.2664004289857969 1.0955264183032862 -1.2501558904961994
-0.24218220816890623 1.1015416979600863 -1.2442604357182754
-0.2179639873520157 1.1075569776168865 -1.2383649809403514
-0.19374576653512504 1.1135722572736866 -1.2324695261624277
-0.16952754571823442 1.1195875369304868 -1.2265740713845037
-0.14530932490134377 1.1256028165872871 -1.2206786166065797
-0.12109110408445312 1.1316180962440872 -1.2147831618286558
-0.09687288326756258 1.1376333759008872 -1.2088877070507318
-0.07265466245067194 1.1436486555576875 -1.202992252272808
-0.04843644163378129 1.1496639352144877 -1.197096797494884
-0.024218220816890644 1.1556792148712878 -1.19120134271696
0.0 1.161694494528088 -1.1853058879390361
-0.9445106118587344 0.9418035815145033 -1.4302324962772976
-0.9202923910418438 0.9478188611713034 -1.4243370414993737
-0.8960741702249532 0.9538341408281036 -1.4184415867214497
-0.8718559494080625 0.9598494204849037 -1.412546131943526
-0.8476377285911719 0.9658647001417039 -1.406650677165602
-0.8234195077742813 0.971879979798504 -1.400755222387678
-0.7992012869573907 0.9778952594553042 -1.394859767609754
-0.7749830661405 0.9839105391121044 -1.38896431283183
-0.7507648453236094 0.9899258187689045 -1.3830688580539063
-0.7265466245067188 0.9959410984257047 -1.3771734032759824
-0.7023284036898282 1.0019563780825047 -1.3712779484980584
-0.6781101828729376 1.007971657739305 -1.3653824937201344
-0.6538919620560469 1.0139869373961052 -1.3594870389422105
-0.6296737412391563 1.0200022170529053 -1.3535915841642867
-0.6054555204222656 1.0260174967097055 -1.3476961293863627
-0.5812372996053751 1.0320327763665056 -1.3418006746084388
-0.5570190787884844 1.0380480560233059 -1.3359052198305148
-0.5328008579715938 1.044063335680106 -1.3300097650525908
-0.5085826371547032 1.0500786153369062 -1.324114310274667
-0.48436441633781246 1.0560938949937062 -1.3182188554967431
-0.46014619552092195 1.0621091746505065 -1.3123234007188191
-0.4359279747040313 1.0681244543073065 -1.3064279459408952
-0.41170975388714065 1.0741397339641068 -1.3005324911629712
-0.38749153307025 1.0801550136209068 -1.2946370363850475
-0.36327331225335935 1.086170293277707 -1.2887415816071235
-0.33905509143646884 1.0921855729345071 -1.2828461268291995
-0.31483687061957816 1.0982008525913074 -1.2769506720512755
-0.29061864980268753 1.1042161322481074 -1.2710552172733516
-0.2664004289857969 1.1102314119049077 -1.2651597624954278
-0.24218220816890623 1.1162466915617077 -1.2592643077175039
-0.2179639873520157 1.122261971218508 -1.25336885293958
-0.19374576653512504 1.128277250875308 -1.247473398161656
-0.16952754571823442 1.1342925305321083 -1.241577943383732
-0.14530932490134377 1.1403078101889084 -1.2356824886058082
-0.12109110408445312 1.1463230898457086 -1.2297870338278842
-0.09687288326756258 1.1523383695025087 -1.2238915790499603
-0.07265466245067194 1.158353649159309 -1.2179961242720363
-0.04843644163378129 1.1643689288161092 -1.2121006694941123
-0.024218220816890644 1.1703842084729092 -1.2062052147161886
0.0 1.1763994881297095 -1.2003097599382646
-0.9445106118587344 0.9565085751161245 -1.445236368276526
-0.9202923910418438 0.9625238547729247 -1.439340913498602
-0.8960741702249532 0.968539134429725 -1.433445458720678
-0.8718559494080625 0.974554414086525 -1.427550003942754
-0.8476377285911719 0.9805696937433251 -1.4216545491648303
-0.8234195077742813 0.9865849734001254 -1.4157590943869063
-0.7992012869573907 0.9926002530569256 -1.4098636396089823
-0.7749830661405 0.9986155327137257 -1.4039681848310583
-0.7507648453236094 1.0046308123705259 -1.3980727300531344
-0.7265466245067188 1.010646092027326 -1.3921772752752106
-0.7023284036898282 1.0166613716841262 -1.3862818204972867
-0.6781101828729376 1.0226766513409262 -1.3803863657193627
-0.6538919620560469 1.0286919309977265 -1.3744909109414387
-0.6296737412391563 1.0347072106545265 -1.368595456163515
-0.6054555204222656 1.0407224903113268 -1.362700001385591
-0.5812372996053751 1.0467377699681268 -1.356804546607667
-0.5570190787884844 1.052753049624927 -1.350909091829743
-0.5328008579715938 1.0587683292817274 -1.345013637051819
-0.5085826371547032 1.0647836089385274 -1.3391181822738953
-0.48436441633781246 1.0707988885953277 -1.3332227274959714
-0.46014619552092195 1.0768141682521277 -1.3273272727180474
-0.4359279747040313 1.082829447908928 -1.3214318179401234
-0.41170975388714065 1.088844727565728 -1.3155363631621995
-0.38749153307025 1.0948600072225283 -1.3096409083842755
-0.36327331225335935 1.1008752868793283 -1.3037454536063517
-0.33905509143646884 1.1068905665361286 -1.2978499988284278
-0.31483687061957816 1.1129058461929286 -1.2919545440505038
-0.29061864980268753 1.118921125849729 -1.2860590892725798
-0.2664004289857969 1.124936405506529 -1.2801636344946559
-0.24218220816890623 1.1309516851633292 -1.2742681797167321
-0.2179639873520157 1.1369669648201293 -1.2683727249388081
-0.19374576653512504 1.1429822444769295 -1.2624772701608842
-0.16952754571823442 1.1489975241337296 -1.2565818153829602
-0.14530932490134377 1.1550128037905298 -1.2506863606050365
-0.12109110408445312 1.1610280834473299 -1.2447909058271125
-0.09687288326756258 1.1670433631041301 -1.2388954510491885
-0.07265466245067194 1.1730586427609302 -1.2329999962712646
-0.04843644163378129 1.1790739224177305 -1.2271045414933406
-0.024218220816890644 1.1850892020745305 -1.2212090867154168
0.0 1.1911044817313308 -1.2153136319374929
-0.9445106118587344 0.9712135687177459 -1.4602402402757542
-0.9202923910418438 0.977228848374546 -1.4543447854978302
-0.8960741702249532 0.9832441280313462 -1.4484493307199062
-0.8718559494080625 0.9892594076881464 -1.4425538759419823
-0.8476377285911719 0.9952746873449465 -1.4366584211640585
-0.8234195077742813 1.0012899670017468 -1.4307629663861345
-0.7992012869573907 1.0073052466585468 -1.4248675116082106
-0.7749830661405 1.013320526315347 -1.4189720568302866
-0.7507648453236094 1.0193358059721471 -1.4130766020523626
-0.7265466245067188 1.0253510856289474 -1.4071811472744389
-0.7023284036898282 1.0313663652857474 -1.401285692496515
-0.6781101828729376 1.0373816449425477 -1.395390237718591
-0.6538919620560469 1.0433969245993477 -1.389494782940667
-0.6296737412391563 1.049412204256148 -1.3835993281627432
-0.6054555204222656 1.055427483912948 -1.3777038733848193
-0.5812372996053751 1.0614427635697483 -1.3718084186068953
-0.5570190787884844 1.0674580432265484 -1.3659129638289713
-0.5328008579715938 1.0734733228833486 -1.3600175090510473
-0.5085826371547032 1.0794886025401487 -1.3541220542731236
-0.48436441633781246 1.085503882196949 -1.3482265994951996
-0.46014619552092195 1.091519161853749 -1.3423311447172757
-0.4359279747040313 1.0975344415105492 -1.3364356899393517
-0.41170975388714065 1.1035497211673493 -1.3305402351614277
-0.38749153307025 1.1095650008241495 -1.3246447803835038
-0.36327331225335935 1.1155802804809496 -1.31874932560558
-0.33905509143646884 1.1215955601377499 -1.312853870827656
-0.31483687061957816 1.12761083979455 -1.306958416049732
-0.29061864980268753 1.1336261194513502 -1.301062961271808
-0.2664004289857969 1.1396413991081502 -1.2951675064938841
-0.24218220816890623 1.1456566787649505 -1.2892720517159604
-0.2179639873520157 1.1516719584217505 -1.2833765969380364
-0.19374576653512504 1.1576872380785508 -1.2774811421601124
-0.16952754571823442 1.163702517735351 -1.2715856873821885
-0.14530932490134377 1.169717797392151 -1.2656902326042647
-0.12109110408445312 1.1757330770489514 -1.2597947778263408
-0.09687288326756258 1.1817483567057514 -1.2538993230484168
-0.07265466245067194 1.1877636363625517 -1.2480038682704928
-0.04843644163378129 1.1937789160193517 -1.2421084134925688
-0.024218220816890644 1.199794195676152 -1.236212958714645
0.0 1.205809475332952 -1.2303175039367211
-0.9445106118587344 0.9859185623193674 -1.4752441122749826
-0.9202923910418438 0.9919338419761675 -1.4693486574970587
-0.8960741702249532 0.9979491216329677 -1.4634532027191347
-0.8718559494080625 1.0039644012897677 -1.4575577479412107
-0.8476377285911719 1.009979680946568 -1.4516622931632868
-0.8234195077742813 1.0159949606033682 -1.445766838385363
-0.7992012869573907 1.0220102402601683 -1.439871383607439
-0.7749830661405 1.0280255199169686 -1.433975928829515
-0.7507648453236094 1.0340407995737686 -1.428080474051591
-0.7265466245067188 1.0400560792305689 -1.4221850192736671
-0.7023284036898282 1.046071358887369 -1.4162895644957434
-0.6781101828729376 1.0520866385441692 -1.4103941097178194
-0.6538919620560469 1.0581019182009692 -1.4044986549398955
-0.6296737412391563 1.0641171978577695 -1.3986032001619715
-0.6054555204222656 1.0701324775145695 -1.3927077453840475
-0.5812372996053751 1.0761477571713698 -1.3868122906061238
-0.5570190787884844 1.0821630368281698 -1.3809168358281998
-0.5328008579715938 1.08817831648497 -1.3750213810502758
-0.5085826371547032 1.0941935961417701 -1.3691259262723519
-0.48436441633781246 1.1002088757985704 -1.3632304714944279
-0.46014619552092195 1.1062241554553705 -1.3573350167165041
-0.4359279747040313 1.1122394351121707 -1.3514395619385802
-0.41170975388714065 1.1182547147689708 -1.3455441071606562
-0.38749153307025 1.124269994425771 -1.3396486523827322
-0.36327331225335935 1.130285274082571 -1.3337531976048083
-0.33905509143646884 1.1363005537393713 -1.3278577428268845
-0.31483687061957816 1.1423158333961714 -1.3219622880489605
-0.29061864980268753 1.1483311130529716 -1.3160668332710366
-0.2664004289857969 1.1543463927097717 -1.3101713784931126
-0.24218220816890623 1.160361672366572 -1.3042759237151886
-0.2179639873520157 1.166376952023372 -1.2983804689372649
-0.19374576653512504 1.1723922316801723 -1.292485014159341
-0.16952754571823442 1.1784075113369723 -1.286589559381417
-0.14530932490134377 1.1844227909937726 -1.280694104603493
-0.12109110408445312 1.1904380706505728 -1.274798649825569
-0.09687288326756258 1.1964533503073729 -1.2689031950476453
-0.07265466245067194 1.2024686299641731 -1.2630077402697213
-0.04843644163378129 1.2084839096209732 -1.2571122854917973
-0.024218220816890644 1.2144991892777734 -1.2512168307138734
0.0 1.2205144689345735 -1.2453213759359494
-0.9445106118587344 1.0006235559209886 -1.4902479842742107
-0.9202923910418438 1.0066388355777889 -1.484352529496287
-0.8960741702249532 1.012654115234589 -1.478457074718363
-0.8718559494080625 1.0186693948913892 -1.472561619940439
-0.8476377285911719 1.0246846745481892 -1.466666165162515
-0.8234195077742813 1.0306999542049895 -1.460770710384591
-0.7992012869573907 1.0367152338617895 -1.4548752556066673
-0.7749830661405 1.0427305135185898 -1.4489798008287433
-0.7507648453236094 1.0487457931753899 -1.4430843460508194
-0.7265466245067188 1.0547610728321901 -1.4371888912728954
-0.7023284036898282 1.0607763524889902 -1.4312934364949714
-0.6781101828729376 1.0667916321457904 -1.4253979817170477
-0.6538919620560469 1.0728069118025905 -1.4195025269391237
-0.6296737412391563 1.0788221914593907 -1.4136070721611997
-0.6054555204222656 1.084837471116191 -1.4077116173832758
-0.5812372996053751 1.090852750772991 -1.401816162605352
-0.5570190787884844 1.096868030429791 -1.395920707827428
-0.5328008579715938 1.1028833100865914 -1.390025253049504
-0.5085826371547032 1.1088985897433914 -1.3841297982715801
-0.48436441633781246 1.1149138694001917 -1.3782343434936561
-0.46014619552092195 1.1209291490569917 -1.3723388887157324
-0.4359279747040313 1.126944428713792 -1.3664434339378084
-0.41170975388714065 1.1329597083705922 -1.3605479791598845
-0.38749153307025 1.1389749880273923 -1.3546525243819605
-0.36327331225335935 1.1449902676841925 -1.3487570696040365
-0.33905509143646884 1.1510055473409926 -1.3428616148261128
-0.31483687061957816 1.1570208269977929 -1.3369661600481888
-0.29061864980268753 1.163036106654593 -1.3310707052702648
-0.2664004289857969 1.1690513863113932 -1.3251752504923409
-0.24218220816890623 1.1750666659681932 -1.319279795714417
-0.2179639873520157 1.1810819456249935 -1.3133843409364931
-0.19374576653512504 1.1870972252817935 -1.3074888861585692
-0.16952754571823442 1.1931125049385938 -1.3015934313806452
-0.14530932490134377 1.1991277845953938 -1.2956979766027212
-0.12109110408445312 1.205143064252194 -1.2898025218247973
-0.09687288326756258 1.2111583439089941 -1.2839070670468735
-0.07265466245067194 1.2171736235657944 -1.2780116122689495
-0.04843644163378129 1.2231889032225944 -1.2721161574910256
-0.024218220816890644 1.2292041828793947 -1.2662207027131016
0.0 1.2352194625361947 -1.2603252479351776
-0.9445106118587344 1.0153285495226099 -1.505251856273439
-0.9202923910418438 1.0213438291794101 -1.4993564014955152
-0.8960741702249532 1.0273591088362104 -1.4934609467175912
-0.8718559494080625 1.0333743884930104 -1.4875654919396673
-0.8476377285911719 1.0393896681498105 -1.4816700371617433
-0.8234195077742813 1.0454049478066108 -1.4757745823838193
-0.7992012869573907 1.051420227463411 -1.4698791276058956
-0.7749830661405 1.057435507120211 -1.4639836728279716
-0.7507648453236094 1.0634507867770113 -1.4580882180500476
-0.7265466245067188 1.0694660664338114 -1.4521927632721237
-0.7023284036898282 1.0754813460906116 -1.4462973084941997
-0.6781101828729376 1.0814966257474117 -1.440401853716276
-0.6538919620560469 1.087511905404212 -1.434506398938352
-0.6296737412391563 1.093527185061012 -1.428610944160428
-0.6054555204222656 1.0995424647178123 -1.422715489382504
-0.5812372996053751 1.1055577443746123 -1.4168200346045803
-0.5570190787884844 1.1115730240314126 -1.4109245798266563
-0.5328008579715938 1.1175883036882126 -1.4050291250487323
-0.5085826371547032 1.1236035833450129 -1.3991336702708084
-0.48436441633781246 1.129618863001813 -1.3932382154928844
-0.46014619552092195 1.1356341426586132 -1.3873427607149607
-0.4359279747040313 1.1416494223154132 -1.3814473059370367
-0.41170975388714065 1.1476647019722135 -1.3755518511591127
-0.38749153307025 1.1536799816290135 -1.3696563963811887
-0.36327331225335935 1.1596952612858138 -1.3637609416032648
-0.33905509143646884 1.1657105409426138 -1.357865486825341
-0.31483687061957816 1.171725820599414 -1.351970032047417
-0.29061864980268753 1.1777411002562141 -1.346074577269493
-0.2664004289857969 1.1837563799130144 -1.3401791224915691
-0.24218220816890623 1.1897716595698147 -1.3342836677136451
-0.2179639873520157 1.1957869392266147 -1.3283882129357214
-0.19374576653512504 1.2018022188834148 -1.3224927581577974
-0.16952754571823442 1.207817498540215 -1.3165973033798735
-0.14530932490134377 1.2138327781970153 -1.3107018486019495
-0.12109110408445312 1.2198480578538153 -1.3048063938240255
-0.09687288326756258 1.2258633375106156 -1.2989109390461018
-0.07265466245067194 1.2318786171674156 -1.2930154842681778
-0.04843644163378129 1.237893896824216 -1.2871200294902538
-0.024218220816890644 1.243909176481016 -1.2812245747123299
0.0 1.2499244561378162 -1.275329119934406
-0.9445106118587344 1.0300335431242313 -1.5202557282726674
-0.9202923910418438 1.0360488227810316 -1.5143602734947434
-0.8960741702249532 1.0420641024378319 -1.5084648187168197
-0.8718559494080625 1.048079382094632 -1.5025693639388957
-0.8476377285911719 1.054094661751432 -1.4966739091609718
-0.8234195077742813 1.0601099414082322 -1.4907784543830478
-0.7992012869573907 1.0661252210650325 -1.4848829996051238
-0.7749830661405 1.0721405007218325 -1.4789875448272
-0.7507648453236094 1.0781557803786328 -1.473092090049276
-0.7265466245067188 1.0841710600354328 -1.4671966352713521
-0.7023284036898282 1.090186339692233 -1.4613011804934282
-0.6781101828729376 1.0962016193490332 -1.4554057257155042
-0.6538919620560469 1.1022168990058334 -1.4495102709375804
-0.6296737412391563 1.1082321786626335 -1.4436148161596565
-0.6054555204222656 1.1142474583194337 -1.4377193613817325
-0.5812372996053751 1.1202627379762338 -1.4318239066038085
-0.5570190787884844 1.126278017633034 -1.4259284518258846
-0.5328008579715938 1.132293297289834 -1.4200329970479608
-0.5085826371547032 1.1383085769466343 -1.4141375422700369
-0.48436441633781246 1.1443238566034344 -1.4082420874921129
-0.46014619552092195 1.1503391362602347 -1.402346632714189
-0.4359279747040313 1.1563544159170347 -1.396451177936265
-0.41170975388714065 1.162369695573835 -1.3905557231583412
-0.38749153307025 1.168384975230635 -1.3846602683804172
-0.36327331225335935 1.1744002548874353 -1.3787648136024933
-0.33905509143646884 1.1804155345442353 -1.3728693588245693
-0.31483687061957816 1.1864308142010356 -1.3669739040466453
-0.29061864980268753 1.1924460938578356 -1.3610784492687216
-0.2664004289857969 1.1984613735146359 -1.3551829944907976
-0.24218220816890623 1.2044766531714362 -1.3492875397128736
-0.2179639873520157 1.2104919328282362 -1.3433920849349497
-0.19374576653512504 1.2165072124850362 -1.3374966301570257
-0.16952754571823442 1.2225224921418365 -1.331601175379102
-0.14530932490134377 1.2285377717986368 -1.325705720601178
-0.12109110408445312 1.2345530514554368 -1.319810265823254
-0.09687288326756258 1.240568331112237 -1.31391481104533
-0.07265466245067194 1.2465836107690371 -1.308019356267406
-0.04843644163378129 1.2525988904258374 -1.3021239014894823
-0.024218220816890644 1.2586141700826374 -1.2962284467115583
0.0 1.2646294497394377 -1.2903329919336344
-0.9445106118587344 1.0447385367258528 -1.5352596002718957
-0.9202923910418438 1.0507538163826529 -1.5293641454939717
-0.8960741702249532 1.0567690960394531 -1.523468690716048
-0.8718559494080625 1.0627843756962532 -1.517573235938124
-0.8476377285911719 1.0687996553530534 -1.5116777811602
-0.8234195077742813 1.0748149350098535 -1.505782326382276
-0.7992012869573907 1.0808302146666537 -1.499886871604352
-0.7749830661405 1.0868454943234538 -1.4939914168264283
-0.7507648453236094 1.092860773980254 -1.4880959620485044
-0.7265466245067188 1.098876053637054 -1.4822005072705804
-0.7023284036898282 1.1048913332938544 -1.4763050524926564
-0.6781101828729376 1.1109066129506544 -1.4704095977147325
-0.6538919620560469 1.1169218926074547 -1.4645141429368087
-0.6296737412391563 1.1229371722642547 -1.4586186881588847
-0.6054555204222656 1.128952451921055 -1.4527232333809608
-0.5812372996053751 1.134967731577855 -1.4468277786030368
-0.5570190787884844 1.1409830112346553 -1.4409323238251128
-0.5328008579715938 1.1469982908914556 -1.435036869047189
-0.5085826371547032 1.1530135705482556 -1.429141414269265
-0.48436441633781246 1.1590288502050559 -1.4232459594913411
-0.46014619552092195 1.165044129861856 -1.4173505047134172
-0.4359279747040313 1.1710594095186562 -1.4114550499354932
-0.41170975388714065 1.1770746891754562 -1.4055595951575695
-0.38749153307025 1.1830899688322565 -1.3996641403796455
-0.36327331225335935 1.1891052484890565 -1.3937686856017215
-0.33905509143646884 1.1951205281458568 -1.3878732308237975
-0.31483687061957816 1.2011358078026568 -1.3819777760458736
-0.29061864980268753 1.207151087459457 -1.3760823212679498
-0.2664004289857969 1.2131663671162571 -1.3701868664900259
-0.24218220816890623 1.2191816467730574 -1.3642914117121019
-0.2179639873520157 1.2251969264298574 -1.358395956934178
-0.19374576653512504 1.2312122060866577 -1.352500502156254
-0.16952754571823442 1.2372274857434578 -1.3466050473783302
-0.14530932490134377 1.243242765400258 -1.3407095926004062
-0.12109110408445312 1.249258045057058 -1.3348141378224823
-0.09687288326756258 1.2552733247138583 -1.3289186830445583
-0.07265466245067194 1.2612886043706584 -1.3230232282666343
-0.04843644163378129 1.2673038840274586 -1.3171277734887106
-0.024218220816890644 1.2733191636842587 -1.3112323187107866
0.0 1.279334443341059 -1.3053368639328626
-0.9445106118587344 1.059443530327474 -1.550263472271124
-0.9202923910418438 1.0654588099842741 -1.5443680174932
-0.8960741702249532 1.0714740896410744 -1.538472562715276
-0.8718559494080625 1.0774893692978744 -1.5325771079373522
-0.8476377285911719 1.0835046489546747 -1.5266816531594283
-0.8234195077742813 1.089519928611475 -1.5207861983815043
-0.7992012869573907 1.095535208268275 -1.5148907436035803
-0.7749830661405 1.1015504879250753 -1.5089952888256564
-0.7507648453236094 1.1075657675818753 -1.5030998340477326
-0.7265466245067188 1.1135810472386756 -1.4972043792698086
-0.7023284036898282 1.1195963268954756 -1.4913089244918847
-0.6781101828729376 1.1256116065522759 -1.4854134697139607
-0.6538919620560469 1.131626886209076 -1.4795180149360367
-0.6296737412391563 1.1376421658658762 -1.473622560158113
-0.6054555204222656 1.1436574455226762 -1.467727105380189
-0.5812372996053751 1.1496727251794765 -1.461831650602265
-0.5570190787884844 1.1556880048362765 -1.455936195824341
-0.5328008579715938 1.1617032844930768 -1.4500407410464171
-0.5085826371547032 1.1677185641498768 -1.4441452862684934
-0.48436441633781246 1.1737338438066771 -1.4382498314905694
-0.46014619552092195 1.1797491234634772 -1.4323543767126454
-0.4359279747040313 1.1857644031202774 -1.4264589219347215
-0.41170975388714065 1.1917796827770775 -1.4205634671567977
-0.38749153307025 1.1977949624338777 -1.4146680123788737
-0.36327331225335935 1.2038102420906778 -1.4087725576009498
-0.33905509143646884 1.209825521747478 -1.4028771028230258
-0.31483687061957816 1.215840801404278 -1.3969816480451018
-0.29061864980268753 1.2218560810610783 -1.391086193267178
-0.2664004289857969 1.2278713607178786 -1.3851907384892541
-0.24218220816890623 1.2338866403746787 -1.3792952837113301
-0.2179639873520157 1.2399019200314787 -1.3733998289334062
-0.19374576653512504 1.245917199688279 -1.3675043741554822
-0.16952754571823442 1.2519324793450792 -1.3616089193775585
-0.14530932490134377 1.2579477590018793 -1.3557134645996345
-0.12109110408445312 1.2639630386586795 -1.3498180098217105
-0.09687288326756258 1.2699783183154796 -1.3439225550437865
-0.07265466245067194 1.2759935979722798 -1.3380271002658626
-0.04843644163378129 1.28200887762908 -1.3321316454879388
-0.024218220816890644 1.2880241572858802 -1.3262361907100149
0.0 1.2940394369426802 -1.320340735932091
-0.9445106118587344 1.0741485239290955 -1.5652673442703524
-0.9202923910418438 1.0801638035858956 -1.5593718894924284
-0.8960741702249532 1.0861790832426959 -1.5534764347145045
-0.8718559494080625 1.092194362899496 -1.5475809799365805
-0.8476377285911719 1.0982096425562962 -1.5416855251586568
-0.8234195077742813 1.1042249222130964 -1.5357900703807328
-0.7992012869573907 1.1102402018698965 -1.5298946156028088
-0.7749830661405 1.1162554815266967 -1.5239991608248848
-0.7507648453236094 1.1222707611834968 -1.5181037060469609
-0.7265466245067188 1.128286040840297 -1.5122082512690371
-0.7023284036898282 1.134301320497097 -1.5063127964911132
-0.6781101828729376 1.1403166001538974 -1.5004173417131892
-0.6538919620560469 1.1463318798106974 -1.4945218869352652
-0.6296737412391563 1.1523471594674977 -1.4886264321573415
-0.6054555204222656 1.1583624391242977 -1.4827309773794175
-0.5812372996053751 1.164377718781098 -1.4768355226014935
-0.5570190787884844 1.170392998437898 -1.4709400678235696
-0.5328008579715938 1.1764082780946983 -1.4650446130456456
-0.5085826371547032 1.1824235577514983 -1.4591491582677218
-0.48436441633781246 1.1884388374082986 -1.4532537034897979
-0.46014619552092195 1.1944541170650986 -1.447358248711874
-0.4359279747040313 1.200469396721899 -1.44146279393395
-0.41170975388714065 1.206484676378699 -1.435567339156026
-0.38749153307025 1.2124999560354992 -1.429671884378102
-0.36327331225335935 1.2185152356922992 -1.4237764296001783
-0.33905509143646884 1.2245305153490995 -1.4178809748222543
-0.31483687061957816 1.2305457950058996 -1.4119855200443303
-0.29061864980268753 1.2365610746626998 -1.4060900652664063
-0.2664004289857969 1.2425763543195 -1.4001946104884824
-0.24218220816890623 1.2485916339763001 -1.3942991557105586
-0.2179639873520157 1.2546069136331002 -1.3884037009326347
-0.19374576653512504 1.2606221932899004 -1.3825082461547107
-0.16952754571823442 1.2666374729467007 -1.3766127913767867
-0.14530932490134377 1.2726527526035007 -1.3707173365988627
-0.12109110408445312 1.278668032260301 -1.364821881820939
-0.09687288326756258 1.284683311917101 -1.358926427043015
-0.07265466245067194 1.2906985915739013 -1.353030972265091
-0.04843644163378129 1.2967138712307014 -1.347135517487167
-0.024218220816890644 1.3027291508875016 -1.3412400627092431
0.0 1.3087444305443017 -1.3353446079313194
-0.9445106118587344 1.0888535175307168 -1.5802712162695807
-0.9202923910418438 1.094868797187517 -1.5743757614916567
-0.8960741702249532 1.100884076844317 -1.5684803067137327
-0.8718559494080625 1.1068993565011174 -1.5625848519358088
-0.8476377285911719 1.1129146361579174 -1.556689397157885
-0.8234195077742813 1.1189299158147177 -1.550793942379961
-0.7992012869573907 1.1249451954715177 -1.544898487602037
-0.7749830661405 1.130960475128318 -1.539003032824113
-0.7507648453236094 1.136975754785118 -1.5331075780461891
-0.7265466245067188 1.1429910344419183 -1.5272121232682654
-0.7023284036898282 1.1490063140987183 -1.5213166684903414
-0.6781101828729376 1.1550215937555186 -1.5154212137124174
-0.6538919620560469 1.1610368734123186 -1.5095257589344935
-0.6296737412391563 1.167052153069119 -1.5036303041565697
-0.6054555204222656 1.1730674327259192 -1.4977348493786458
-0.5812372996053751 1.1790827123827192 -1.4918393946007218
-0.5570190787884844 1.1850979920395193 -1.4859439398227978
-0.5328008579715938 1.1911132716963195 -1.4800484850448739
-0.5085826371547032 1.1971285513531196 -1.47415303026695
-0.48436441633781246 1.2031438310099198 -1.4682575754890261
-0.46014619552092195 1.20915911066672 -1.4623621207111022
-0.4359279747040313 1.2151743903235201 -1.4564666659331782
-0.41170975388714065 1.2211896699803204 -1.4505712111552542
-0.38749153307025 1.2272049496371205 -1.4446757563773303
-0.36327331225335935 1.2332202292939207 -1.4387803015994065
-0.33905509143646884 1.2392355089507208 -1.4328848468214825
-0.31483687061957816 1.245250788607521 -1.4269893920435586
-0.29061864980268753 1.251266068264321 -1.4210939372656346
-0.2664004289857969 1.2572813479211213 -1.4151984824877106
-0.24218220816890623 1.2632966275779214 -1.4093030277097869
-0.2179639873520157 1.2693119072347216 -1.403407572931863
-0.19374576653512504 1.2753271868915217 -1.397512118153939
-0.16952754571823442 1.281342466548322 -1.391616663376015
-0.14530932490134377 1.287357746205122 -1.385721208598091
-0.12109110408445312 1.2933730258619223 -1.3798257538201673
-0.09687288326756258 1.2993883055187223 -1.3739302990422433
-0.07265466245067194 1.3054035851755226 -1.3680348442643193
-0.04843644163378129 1.3114188648323226 -1.3621393894863953
-0.024218220816890644 1.3174341444891229 -1.3562439347084714
0.0 1.323449424145923 -1.3503484799305476
-0.9445106118587344 1.103558511132338 -1.595275088268809
-0.9202923910418438 1.1095737907891383 -1.589379633490885
-0.8960741702249532 1.1155890704459386 -1.583484178712961
-0.8718559494080625 1.1216043501027386 -1.577588723935037
-0.8476377285911719 1.1276196297595387 -1.5716932691571133
-0.8234195077742813 1.133634909416339 -1.5657978143791893
-0.7992012869573907 1.1396501890731392 -1.5599023596012653
-0.7749830661405 1.1456654687299392 -1.5540069048233414
-0.7507648453236094 1.1516807483867395 -1.5481114500454174
-0.7265466245067188 1.1576960280435395 -1.5422159952674936
-0.7023284036898282 1.1637113077003398 -1.5363205404895697
-0.6781101828729376 1.1697265873571399 -1.5304250857116457
-0.6538919620560469 1.1757418670139401 -1.5245296309337217
-0.6296737412391563 1.1817571466707402 -1.5186341761557978
-0.6054555204222656 1.1877724263275404 -1.5127387213778738
-0.5812372996053751 1.1937877059843405 -1.50684326659995
-0.5570190787884844 1.1998029856411407 -1.500947811822026
-0.5328008579715938 1.2058182652979408 -1.495052357044102
-0.5085826371547032 1.211833544954741 -1.4891569022661781
-0.48436441633781246 1.217848824611541 -1.4832614474882544
-0.46014619552092195 1.2238641042683414 -1.4773659927103304
-0.4359279747040313 1.2298793839251414 -1.4714705379324065
-0.41170975388714065 1.2358946635819417 -1.4655750831544825
-0.38749153307025 1.2419099432387417 -1.4596796283765585
-0.36327331225335935 1.247925222895542 -1.4537841735986348
-0.33905509143646884 1.253940502552342 -1.4478887188207108
-0.31483687061957816 1.2599557822091423 -1.4419932640427868
-0.29061864980268753 1.2659710618659423 -1.4360978092648629
-0.2664004289857969 1.2719863415227426 -1.4302023544869389
-0.24218220816890623 1.2780016211795429 -1.4243068997090151
-0.2179639873520157 1.284016900836343 -1.4184114449310912
-0.19374576653512504 1.2900321804931432 -1.4125159901531672
-0.16952754571823442 1.2960474601499432 -1.4066205353752432
-0.14530932490134377 1.3020627398067435 -1.4007250805973193
-0.12109110408445312 1.3080780194635435 -1.3948296258193955
-0.09687288326756258 1.3140932991203438 -1.3889341710414715
-0.07265466245067194 1.3201085787771438 -1.3830387162635476
-0.04843644163378129 1.326123858433944 -1.3771432614856236
-0.024218220816890644 1.3321391380907441 -1.3712478067076996
0.0 1.3381544177475444 -1.3653523519297759
-0.9445106118587344 1.1182635047339595 -1.6102789602680372
-0.9202923910418438 1.1242787843907598 -1.6043835054901134
-0.8960741702249532 1.13029406404756 -1.5984880507121895
-0.8718559494080625 1.13630934370436 -1.5925925959342655
-0.8476377285911719 1.1423246233611601 -1.5866971411563415
-0.8234195077742813 1.1483399030179604 -1.5808016863784176
-0.7992012869573907 1.1543551826747607 -1.5749062316004938
-0.7749830661405 1.1603704623315607 -1.5690107768225698
-0.7507648453236094 1.166385741988361 -1.5631153220446459
-0.7265466245067188 1.172401021645161 -1.557219867266722
-0.7023284036898282 1.1784163013019613 -1.551324412488798
-0.6781101828729376 1.1844315809587613 -1.5454289577108742
-0.6538919620560469 1.1904468606155616 -1.5395335029329502
-0.6296737412391563 1.1964621402723616 -1.5336380481550262
-0.6054555204222656 1.202477419929162 -1.5277425933771023
-0.5812372996053751 1.208492699585962 -1.5218471385991785
-0.5570190787884844 1.2145079792427622 -1.5159516838212546
-0.5328008579715938 1.2205232588995623 -1.5100562290433306
-0.5085826371547032 1.2265385385563625 -1.5041607742654066
-0.48436441633781246 1.2325538182131626 -1.4982653194874826
-0.46014619552092195 1.2385690978699628 -1.4923698647095587
-0.4359279747040313 1.2445843775267629 -1.486474409931635
-0.41170975388714065 1.2505996571835631 -1.480578955153711
-0.38749153307025 1.2566149368403632 -1.474683500375787
-0.36327331225335935 1.2626302164971634 -1.468788045597863
-0.33905509143646884 1.2686454961539635 -1.4628925908199393
-0.31483687061957816 1.2746607758107638 -1.4569971360420153
-0.29061864980268753 1.2806760554675638 -1.4511016812640913
-0.2664004289857969 1.286691335124364 -1.4452062264861674
-0.24218220816890623 1.2927066147811643 -1.4393107717082434
-0.2179639873520157 1.2987218944379644 -1.4334153169303196
-0.19374576653512504 1.3047371740947646 -1.4275198621523957
-0.16952754571823442 1.3107524537515647 -1.4216244073744717
-0.14530932490134377 1.316767733408365 -1.4157289525965477
-0.12109110408445312 1.322783013065165 -1.4098334978186238
-0.09687288326756258 1.3287982927219653 -1.4039380430407
-0.07265466245067194 1.3348135723787653 -1.398042588262776
-0.04843644163378129 1.3408288520355656 -1.392147133484852
-0.024218220816890644 1.3468441316923656 -1.3862516787069281
0.0 1.3528594113491659 -1.3803562239290041
-0.9445106118587344 1.132968498335581 -1.6252828322672654
-0.9202923910418438 1.138983777992381 -1.6193873774893417
-0.8960741702249532 1.1449990576491813 -1.6134919227114177
-0.8718559494080625 1.1510143373059813 -1.6075964679334938
-0.8476377285911719 1.1570296169627816 -1.6017010131555698
-0.8234195077742813 1.1630448966195817 -1.5958055583776458
-0.7992012869573907 1.169060176276382 -1.589910103599722
-0.7749830661405 1.175075455933182 -1.584014648821798
-0.7507648453236094 1.1810907355899822 -1.5781191940438741
-0.7265466245067188 1.1871060152467823 -1.5722237392659502
-0.7023284036898282 1.1931212949035825 -1.5663282844880262
-0.6781101828729376 1.1991365745603826 -1.5604328297101024
-0.6538919620560469 1.2051518542171828 -1.5545373749321785
-0.6296737412391563 1.211167133873983 -1.5486419201542545
-0.6054555204222656 1.2171824135307832 -1.5427464653763305
-0.5812372996053751 1.2231976931875832 -1.5368510105984068
-0.5570190787884844 1.2292129728443835 -1.5309555558204828
-0.5328008579715938 1.2352282525011837 -1.5250601010425588
-0.5085826371547032 1.2412435321579838 -1.5191646462646349
-0.48436441633781246 1.247258811814784 -1.513269191486711
-0.46014619552092195 1.253274091471584 -1.507373736708787
-0.4359279747040313 1.2592893711283843 -1.5014782819308632
-0.41170975388714065 1.2653046507851844 -1.4955828271529392
-0.38749153307025 1.2713199304419847 -1.4896873723750153
-0.36327331225335935 1.2773352100987847 -1.4837919175970913
-0.33905509143646884 1.283350489755585 -1.4778964628191675
-0.31483687061957816 1.289365769412385 -1.4720010080412436
-0.29061864980268753 1.2953810490691853 -1.4661055532633196
-0.2664004289857969 1.3013963287259853 -1.4602100984853956
-0.24218220816890623 1.3074116083827856 -1.4543146437074717
-0.2179639873520157 1.3134268880395856 -1.448419188929548
-0.19374576653512504 1.319442167696386 -1.442523734151624
-0.16952754571823442 1.325457447353186 -1.4366282793737
-0.14530932490134377 1.3314727270099862 -1.430732824595776
-0.12109110408445312 1.3374880066667862 -1.424837369817852
-0.09687288326756258 1.3435032863235865 -1.4189419150399283
-0.07265466245067194 1.3495185659803866 -1.4130464602620043
-0.04843644163378129 1.3555338456371868 -1.4071510054840803
-0.024218220816890644 1.3615491252939869 -1.4012555507061564
0.0 1.3675644049507871 -1.3953600959282324
-0.9445106118587344 1.1476734919372023 -1.6402867042664937
-0.9202923910418438 1.1536887715940025 -1.6343912494885697
-0.8960741702249532 1.1597040512508026 -1.628495794710646
-0.8718559494080625 1.1657193309076028 -1.622600339932722
-0.8476377285911719 1.1717346105644029 -1.616704885154798
-0.8234195077742813 1.1777498902212031 -1.610809430376874
-0.7992012869573907 1.1837651698780032 -1.6049139755989503
-0.7749830661405 1.1897804495348034 -1.5990185208210264
-0.7507648453236094 1.1957957291916035 -1.5931230660431024
-0.7265466245067188 1.2018110088484038 -1.5872276112651784
-0.7023284036898282 1.2078262885052038 -1.5813321564872544
-0.6781101828729376 1.213841568162004 -1.5754367017093307
-0.6538919620560469 1.219856847818804 -1.5695412469314067
-0.6296737412391563 1.2258721274756044 -1.5636457921534828
-0.6054555204222656 1.2318874071324044 -1.5577503373755588
-0.5812372996053751 1.2379026867892047 -1.5518548825976348
-0.5570190787884844 1.2439179664460047 -1.545959427819711
-0.5328008579715938 1.249933246102805 -1.540063973041787
-0.5085826371547032 1.255948525759605 -1.5341685182638631
-0.48436441633781246 1.2619638054164053 -1.5282730634859392
-0.46014619552092195 1.2679790850732053 -1.5223776087080152
-0.4359279747040313 1.2739943647300056 -1.5164821539300914
-0.41170975388714065 1.2800096443868056 -1.5105866991521675
-0.38749153307025 1.286024924043606 -1.5046912443742435
-0.36327331225335935 1.2920402037004062 -1.4987957895963195
-0.33905509143646884 1.2980554833572062 -1.4929003348183956
-0.31483687061957816 1.3040707630140063 -1.4870048800404718
-0.29061864980268753 1.3100860426708065 -1.4811094252625479
-0.2664004289857969 1.3161013223276068 -1.4752139704846239
-0.24218220816890623 1.3221166019844068 -1.4693185157067
-0.2179639873520157 1.328131881641207 -1.463423060928776
-0.19374576653512504 1.3341471612980071 -1.4575276061508522
-0.16952754571823442 1.3401624409548074 -1.4516321513729282
-0.14530932490134377 1.3461777206116075 -1.4457366965950043
-0.12109110408445312 1.3521930002684077 -1.4398412418170803
-0.09687288326756258 1.3582082799252078 -1.4339457870391565
-0.07265466245067194 1.364223559582008 -1.4280503322612326
-0.04843644163378129 1.370238839238808 -1.4221548774833086
-0.024218220816890644 1.3762541188956083 -1.4162594227053846
0.0 1.3822693985524084 -1.4103639679274607
-0.9445106118587344 1.1623784855388237 -1.6552905762657222
-0.9202923910418438 1.1683937651956238 -1.6493951214877982
-0.8960741702249532 1.174409044852424 -1.6434996667098742
-0.8718559494080625 1.180424324509224 -1.6376042119319505
-0.8476377285911719 1.1864396041660243 -1.6317087571540265
-0.8234195077742813 1.1924548838228246 -1.6258133023761026
-0.7992012869573907 1.1984701634796247 -1.6199178475981786
-0.7749830661405 1.204485443136425 -1.6140223928202546
-0.7507648453236094 1.210500722793225 -1.6081269380423309
-0.7265466245067188 1.2165160024500252 -1.602231483264407
-0.7023284036898282 1.2225312821068253 -1.596336028486483
-0.6781101828729376 1.2285465617636255 -1.590440573708559
-0.6538919620560469 1.2345618414204256 -1.584545118930635
-0.6296737412391563 1.2405771210772258 -1.5786496641527112
-0.6054555204222656 1.2465924007340259 -1.5727542093747873
-0.5812372996053751 1.2526076803908262 -1.5668587545968633
-0.5570190787884844 1.2586229600476262 -1.5609632998189393
-0.5328008579715938 1.2646382397044265 -1.5550678450410154
-0.5085826371547032 1.2706535193612265 -1.5491723902630916
-0.48436441633781246 1.2766687990180268 -1.5432769354851676
-0.46014619552092195 1.2826840786748268 -1.5373814807072437
-0.4359279747040313 1.288699358331627 -1.5314860259293197
-0.41170975388714065 1.2947146379884271 -1.5255905711513957
-0.38749153307025 1.3007299176452274 -1.519695116373472
-0.36327331225335935 1.3067451973020274 -1.513799661595548
-0.33905509143646884 1.3127604769588277 -1.507904206817624
-0.31483687061957816 1.3187757566156277 -1.5020087520397
-0.29061864980268753 1.324791036272428 -1.4961132972617763
-0.2664004289857969 1.3308063159292283 -1.4902178424838524
-0.24218220816890623 1.3368215955860283 -1.4843223877059284
-0.2179639873520157 1.3428368752428284 -1.4784269329280044
-0.19374576653512504 1.3488521548996286 -1.4725314781500805
-0.16952754571823442 1.3548674345564289 -1.4666360233721567
-0.14530932490134377 1.360882714213229 -1.4607405685942327
-0.12109110408445312 1.3668979938700292 -1.4548451138163088
-0.09687288326756258 1.3729132735268292 -1.4489496590383848
-0.07265466245067194 1.3789285531836295 -1.4430542042604608
-0.04843644163378129 1.3849438328404295 -1.437158749482537
-0.024218220816890644 1.3909591124972298 -1.431263294704613
0.0 1.3969743921540299 -1.4253678399266891
-0.9445106118587344 1.177083479140445 -1.6702944482649502
-0.9202923910418438 1.183098758797245 -1.6643989934870262
-0.8960741702249532 1.1891140384540453 -1.6585035387091025
-0.8718559494080625 1.1951293181108453 -1.6526080839311785
-0.8476377285911719 1.2011445977676456 -1.6467126291532546
-0.8234195077742813 1.2071598774244456 -1.6408171743753306
-0.7992012869573907 1.213175157081246 -1.6349217195974068
-0.7749830661405 1.219190436738046 -1.6290262648194829
-0.7507648453236094 1.2252057163948462 -1.623130810041559
-0.7265466245067188 1.2312209960516463 -1.617235355263635
-0.7023284036898282 1.2372362757084465 -1.611339900485711
-0.6781101828729376 1.2432515553652466 -1.6054444457077872
-0.6538919620560469 1.2492668350220468 -1.5995489909298632
-0.6296737412391563 1.2552821146788469 -1.5936535361519393
-0.6054555204222656 1.2612973943356471 -1.5877580813740153
-0.5812372996053751 1.2673126739924472 -1.5818626265960913
-0.5570190787884844 1.2733279536492474 -1.5759671718181676
-0.5328008579715938 1.2793432333060475 -1.5700717170402436
-0.5085826371547032 1.2853585129628478 -1.5641762622623196
-0.48436441633781246 1.291373792619648 -1.5582808074843957
-0.46014619552092195 1.297389072276448 -1.5523853527064717
-0.4359279747040313 1.303404351933248 -1.546489897928548
-0.41170975388714065 1.3094196315900484 -1.540594443150624
-0.38749153307025 1.3154349112468486 -1.5346989883727
-0.36327331225335935 1.3214501909036487 -1.528803533594776
-0.33905509143646884 1.327465470560449 -1.522908078816852
-0.31483687061957816 1.333480750217249 -1.5170126240389283
-0.29061864980268753 1.3394960298740493 -1.5111171692610044
-0.2664004289857969 1.3455113095308493 -1.5052217144830804
-0.24218220816890623 1.3515265891876496 -1.4993262597051564
-0.2179639873520157 1.3575418688444496 -1.4934308049272325
-0.19374576653512504 1.3635571485012499 -1.4875353501493087
-0.16952754571823442 1.36957242815805 -1.4816398953713847
-0.14530932490134377 1.3755877078148502 -1.4757444405934608
-0.12109110408445312 1.3816029874716502 -1.4698489858155368
-0.09687288326756258 1.3876182671284505 -1.4639535310376128
-0.07265466245067194 1.3936335467852505 -1.458058076259689
-0.04843644163378129 1.3996488264420508 -1.4521626214817651
-0.024218220816890644 1.4056641060988508 -1.4462671667038411
0.0 1.411679385755651 -1.4403717119259172
-0.9445106118587344 1.1917884727420665 -1.685298320264179
-0.9202923910418438 1.1978037523988667 -1.679402865486255
-0.8960741702249532 1.2038190320556668 -1.673507410708331
-0.8718559494080625 1.209834311712467 -1.667611955930407
-0.8476377285911719 1.215849591369267 -1.6617165011524833
-0.8234195077742813 1.2218648710260673 -1.6558210463745593
-0.7992012869573907 1.2278801506828674 -1.6499255915966353
-0.7749830661405 1.2338954303396676 -1.6440301368187114
-0.7507648453236094 1.2399107099964677 -1.6381346820407874
-0.7265466245067188 1.245925989653268 -1.6322392272628636
-0.7023284036898282 1.251941269310068 -1.6263437724849397
-0.6781101828729376 1.2579565489668683 -1.6204483177070157
-0.6538919620560469 1.2639718286236683 -1.6145528629290917
-0.6296737412391563 1.2699871082804686 -1.6086574081511678
-0.6054555204222656 1.2760023879372688 -1.6027619533732438
-0.5812372996053751 1.2820176675940689 -1.59686649859532
-0.5570190787884844 1.288032947250869 -1.590971043817396
-0.5328008579715938 1.2940482269076692 -1.585075589039472
-0.5085826371547032 1.3000635065644692 -1.5791801342615481
-0.48436441633781246 1.3060787862212695 -1.5732846794836244
-0.46014619552092195 1.3120940658780698 -1.5673892247057004
-0.4359279747040313 1.3181093455348698 -1.5614937699277764
-0.41170975388714065 1.32412462519167 -1.5555983151498525
-0.38749153307025 1.3301399048484701 -1.5497028603719285
-0.36327331225335935 1.3361551845052704 -1.5438074055940048
-0.33905509143646884 1.3421704641620704 -1.5379119508160808
-0.31483687061957816 1.3481857438188707 -1.5320164960381568
-0.29061864980268753 1.3542010234756707 -1.5261210412602328
-0.2664004289857969 1.360216303132471 -1.5202255864823089
-0.24218220816890623 1.366231582789271 -1.5143301317043851
-0.2179639873520157 1.3722468624460713 -1.5084346769264612
-0.19374576653512504 1.3782621421028713 -1.5025392221485372
-0.16952754571823442 1.3842774217596716 -1.4966437673706132
-0.14530932490134377 1.3902927014164717 -1.4907483125926893
-0.12109110408445312 1.396307981073272 -1.4848528578147655
-0.09687288326756258 1.402323260730072 -1.4789574030368415
-0.07265466245067194 1.4083385403868722 -1.4730619482589176
-0.04843644163378129 1.4143538200436723 -1.4671664934809936
-0.024218220816890644 1.4203690997004725 -1.4612710387030696
0.0 1.4263843793572726 -1.4553755839251459
-0.9445106118587344 1.206493466343688 -1.7003021922634072
-0.9202923910418438 1.212508746000488 -1.6944067374854832
-0.8960741702249532 1.2185240256572882 -1.6885112827075592
-0.8718559494080625 1.2245393053140883 -1.6826158279296353
-0.8476377285911719 1.2305545849708885 -1.6767203731517115
-0.8234195077742813 1.2365698646276886 -1.6708249183737875
-0.7992012869573907 1.2425851442844889 -1.6649294635958636
-0.7749830661405 1.248600423941289 -1.6590340088179396
-0.7507648453236094 1.2546157035980892 -1.6531385540400156
-0.7265466245067188 1.2606309832548892 -1.647243099262092
-0.7023284036898282 1.2666462629116895 -1.641347644484168
-0.6781101828729376 1.2726615425684895 -1.635452189706244
-0.6538919620560469 1.2786768222252898 -1.62955673492832
-0.6296737412391563 1.2846921018820898 -1.623661280150396
-0.6054555204222656 1.29070738153889 -1.617765825372472
-0.5812372996053751 1.2967226611956901 -1.6118703705945483
-0.5570190787884844 1.3027379408524904 -1.6059749158166243
-0.5328008579715938 1.3087532205092904 -1.6000794610387004
-0.5085826371547032 1.3147685001660907 -1.5941840062607764
-0.48436441633781246 1.3207837798228907 -1.5882885514828524
-0.46014619552092195 1.326799059479691 -1.5823930967049287
-0.4359279747040313 1.332814339136491 -1.5764976419270047
-0.41170975388714065 1.3388296187932913 -1.5706021871490807
-0.38749153307025 1.3448448984500914 -1.5647067323711568
-0.36327331225335935 1.3508601781068916 -1.5588112775932328
-0.33905509143646884 1.3568754577636917 -1.552915822815309
-0.31483687061957816 1.362890737420492 -1.547020368037385
-0.29061864980268753 1.3689060170772922 -1.541124913259461
-0.2664004289857969 1.3749212967340922 -1.5352294584815371
-0.24218220816890623 1.3809365763908925 -1.5293340037036134
-0.2179639873520157 1.3869518560476926 -1.5234385489256894
-0.19374576653512504 1.3929671357044928 -1.5175430941477654
-0.16952754571823442 1.3989824153612929 -1.5116476393698415
-0.14530932490134377 1.4049976950180931 -1.5057521845919175
-0.12109110408445312 1.4110129746748932 -1.4998567298139938
-0.09687288326756258 1.4170282543316934 -1.4939612750360698
-0.07265466245067194 1.4230435339884935 -1.4880658202581458
-0.04843644163378129 1.4290588136452937 -1.4821703654802219
-0.024218220816890644 1.4350740933020938 -1.4762749107022979
0.0 1.441089372958894 -1.4703794559243741
-0.9445106118587344 1.2211984599453092 -1.7153060642626354
-0.9202923910418438 1.2272137396021092 -1.7094106094847115
-0.8960741702249532 1.2332290192589095 -1.7035151547067875
-0.8718559494080625 1.2392442989157095 -1.6976196999288635
-0.8476377285911719 1.2452595785725098 -1.6917242451509398
-0.8234195077742813 1.2512748582293098 -1.6858287903730158
-0.7992012869573907 1.25729013788611 -1.6799333355950918
-0.7749830661405 1.2633054175429101 -1.6740378808171679
-0.7507648453236094 1.2693206971997104 -1.668142426039244
-0.7265466245067188 1.2753359768565105 -1.6622469712613201
-0.7023284036898282 1.2813512565133107 -1.6563515164833962
-0.6781101828729376 1.287366536170111 -1.6504560617054722
-0.6538919620560469 1.293381815826911 -1.6445606069275482
-0.6296737412391563 1.299397095483711 -1.6386651521496243
-0.6054555204222656 1.3054123751405113 -1.6327696973717003
-0.5812372996053751 1.3114276547973116 -1.6268742425937766
-0.5570190787884844 1.3174429344541116 -1.6209787878158526
-0.5328008579715938 1.323458214110912 -1.6150833330379286
-0.5085826371547032 1.329473493767712 -1.6091878782600046
-0.48436441633781246 1.3354887734245122 -1.6032924234820807
-0.46014619552092195 1.3415040530813123 -1.597396968704157
-0.4359279747040313 1.3475193327381125 -1.591501513926233
-0.41170975388714065 1.3535346123949126 -1.585606059148309
-0.38749153307025 1.3595498920517128 -1.579710604370385
-0.36327331225335935 1.3655651717085129 -1.573815149592461
-0.33905509143646884 1.3715804513653131 -1.5679196948145373
-0.31483687061957816 1.3775957310221132 -1.5620242400366133
-0.29061864980268753 1.3836110106789135 -1.5561287852586894
-0.2664004289857969 1.3896262903357135 -1.5502333304807654
-0.24218220816890623 1.3956415699925138 -1.5443378757028414
-0.2179639873520157 1.4016568496493138 -1.5384424209249177
-0.19374576653512504 1.407672129306114 -1.5325469661469937
-0.16952754571823442 1.4136874089629141 -1.5266515113690697
-0.14530932490134377 1.4197026886197144 -1.5207560565911458
-0.12109110408445312 1.4257179682765144 -1.514860601813222
-0.09687288326756258 1.4317332479333147 -1.508965147035298
-0.07265466245067194 1.4377485275901147 -1.503069692257374
-0.04843644163378129 1.443763807246915 -1.49717423747945
-0.024218220816890644 1.4497790869037153 -1.4912787827015261
0.0 1.4557943665605153 -1.4853833279236024
-0.9445106118587344 1.2359034535469304 -1.7303099362618637
-0.9202923910418438 1.2419187332037307 -1.7244144814839397
-0.8960741702249532 1.2479340128605307 -1.7185190267060158
-0.8718559494080625 1.253949292517331 -1.7126235719280918
-0.8476377285911719 1.259964572174131 -1.7067281171501678
-0.8234195077742813 1.2659798518309313 -1.700832662372244
-0.7992012869573907 1.2719951314877314 -1.69493720759432
-0.7749830661405 1.2780104111445316 -1.6890417528163961
-0.7507648453236094 1.2840256908013317 -1.6831462980384722
-0.7265466245067188 1.290040970458132 -1.6772508432605482
-0.7023284036898282 1.296056250114932 -1.6713553884826244
-0.6781101828729376 1.3020715297717322 -1.6654599337047005
-0.6538919620560469 1.3080868094285323 -1.6595644789267765
-0.6296737412391563 1.3141020890853325 -1.6536690241488525
-0.6054555204222656 1.3201173687421326 -1.6477735693709286
-0.5812372996053751 1.3261326483989329 -1.6418781145930048
-0.5570190787884844 1.332147928055733 -1.6359826598150808
-0.5328008579715938 1.3381632077125332 -1.6300872050371569
-0.5085826371547032 1.3441784873693332 -1.624191750259233
-0.48436441633781246 1.3501937670261335 -1.618296295481309
-0.46014619552092195 1.3562090466829335 -1.6124008407033852
-0.4359279747040313 1.3622243263397338 -1.6065053859254612
-0.41170975388714065 1.368239605996534 -1.6006099311475372
-0.38749153307025 1.374254885653334 -1.5947144763696133
-0.36327331225335935 1.3802701653101344 -1.5888190215916893
-0.33905509143646884 1.3862854449669344 -1.5829235668137656
-0.31483687061957816 1.3923007246237347 -1.5770281120358416
-0.29061864980268753 1.3983160042805347 -1.5711326572579176
-0.2664004289857969 1.404331283937335 -1.5652372024799937
-0.24218220816890623 1.410346563594135 -1.5593417477020697
-0.2179639873520157 1.4163618432509353 -1.553446292924146
-0.19374576653512504 1.4223771229077353 -1.547550838146222
-0.16952754571823442 1.4283924025645356 -1.541655383368298
-0.14530932490134377 1.4344076822213356 -1.535759928590374
-0.12109110408445312 1.440422961878136 -1.52986447381245
-0.09687288326756258 1.446438241534936 -1.5239690190345263
-0.07265466245067194 1.4524535211917362 -1.5180735642566023
-0.04843644163378129 1.4584688008485363 -1.5121781094786784
-0.024218220816890644 1.4644840805053365 -1.5062826547007544
0.0 1.4704993601621366 -1.5003871999228304
-0.9445106118587344 1.2506084471485517 -1.745313808261092
-0.9202923910418438 1.256623726805352 -1.739418353483168
-0.8960741702249532 1.262639006462152 -1.733522898705244
-0.8718559494080625 1.2686542861189523 -1.72762744392732
-0.8476377285911719 1.2746695657757523 -1.721731989149396
-0.8234195077742813 1.2806848454325526 -1.7158365343714723
-0.7992012869573907 1.2867001250893526 -1.7099410795935484
-0.7749830661405 1.2927154047461529 -1.7040456248156244
-0.7507648453236094 1.298730684402953 -1.6981501700377004
-0.7265466245067188 1.3047459640597532 -1.6922547152597764
-0.7023284036898282 1.3107612437165532 -1.6863592604818527
-0.6781101828729376 1.3167765233733535 -1.6804638057039287
-0.6538919620560469 1.3227918030301538 -1.6745683509260048
-0.6296737412391563 1.3288070826869538 -1.6686728961480808
-0.6054555204222656 1.334822362343754 -1.6627774413701568
-0.5812372996053751 1.340837642000554 -1.656881986592233
-0.5570190787884844 1.3468529216573544 -1.650986531814309
-0.5328008579715938 1.3528682013141544 -1.6450910770363851
-0.5085826371547032 1.3588834809709547 -1.6391956222584612
-0.48436441633781246 1.3648987606277547 -1.6333001674805372
-0.46014619552092195 1.370914040284555 -1.6274047127026134
-0.4359279747040313 1.376929319941355 -1.6215092579246895
-0.41170975388714065 1.3829445995981553 -1.6156138031467655
-0.38749153307025 1.3889598792549553 -1.6097183483688415
-0.36327331225335935 1.3949751589117556 -1.6038228935909176
-0.33905509143646884 1.4009904385685557 -1.5979274388129938
-0.31483687061957816 1.407005718225356 -1.5920319840350698
-0.29061864980268753 1.413020997882156 -1.5861365292571459
-0.2664004289857969 1.4190362775389562 -1.580241074479222
-0.24218220816890623 1.4250515571957563 -1.574345619701298
-0.2179639873520157 1.4310668368525565 -1.5684501649233742
-0.19374576653512504 1.4370821165093566 -1.5625547101454502
-0.16952754571823442 1.4430973961661568 -1.5566592553675263
-0.14530932490134377 1.4491126758229569 -1.5507638005896023
-0.12109110408445312 1.4551279554797572 -1.5448683458116783
-0.09687288326756258 1.4611432351365572 -1.5389728910337546
-0.07265466245067194 1.4671585147933575 -1.5330774362558306
-0.04843644163378129 1.4731737944501577 -1.5271819814779066
-0.024218220816890644 1.4791890741069578 -1.5212865266999827
0.0 1.485204353763758 -1.5153910719220587
-0.9445106118587344 1.2653134407501734 -1.7603176802603204
-0.9202923910418438 1.2713287204069736 -1.7544222254823965
-0.8960741702249532 1.2773440000637737 -1.7485267707044725
-0.8718559494080625 1.283359279720574 -1.7426313159265487
-0.8476377285911719 1.289374559377374 -1.7367358611486248
-0.8234195077742813 1.2953898390341743 -1.7308404063707008
-0.7992012869573907 1.3014051186909743 -1.7249449515927768
-0.7749830661405 1.3074203983477746 -1.7190494968148529
-0.7507648453236094 1.3134356780045746 -1.7131540420369291
-0.7265466245067188 1.3194509576613749 -1.7072585872590051
-0.7023284036898282 1.325466237318175 -1.7013631324810812
-0.6781101828729376 1.3314815169749752 -1.6954676777031572
-0.6538919620560469 1.3374967966317752 -1.6895722229252332
-0.6296737412391563 1.3435120762885755 -1.6836767681473095
-0.6054555204222656 1.3495273559453755 -1.6777813133693855
-0.5812372996053751 1.3555426356021758 -1.6718858585914615
-0.5570190787884844 1.3615579152589758 -1.6659904038135376
-0.5328008579715938 1.3675731949157761 -1.6600949490356136
-0.5085826371547032 1.3735884745725762 -1.6541994942576899
-0.48436441633781246 1.3796037542293764 -1.648304039479766
-0.46014619552092195 1.3856190338861765 -1.642408584701842
-0.4359279747040313 1.3916343135429767 -1.636513129923918
-0.41170975388714065 1.3976495931997768 -1.630617675145994
-0.38749153307025 1.403664872856577 -1.6247222203680702
-0.36327331225335935 1.4096801525133773 -1.6188267655901463
-0.33905509143646884 1.4156954321701773 -1.6129313108122223
-0.31483687061957816 1.4217107118269774 -1.6070358560342983
-0.29061864980268753 1.4277259914837777 -1.6011404012563744
-0.2664004289857969 1.433741271140578 -1.5952449464784506
-0.24218220816890623 1.439756550797378 -1.5893494917005266
-0.2179639873520157 1.4457718304541782 -1.5834540369226027
-0.19374576653512504 1.4517871101109783 -1.5775585821446787
-0.16952754571823442 1.4578023897677785 -1.5716631273667547
-0.14530932490134377 1.4638176694245786 -1.565767672588831
-0.12109110408445312 1.4698329490813788 -1.559872217810907
-0.09687288326756258 1.475848228738179 -1.553976763032983
-0.07265466245067194 1.4818635083949792 -1.548081308255059
-0.04843644163378129 1.4878787880517792 -1.5421858534771353
-0.024218220816890644 1.4938940677085795 -1.5362903986992114
0.0 1.4999093473653795 -1.5303949439212874
-0.9445106118587344 1.2800184343517946 -1.7753215522595487
-0.9202923910418438 1.286033714008595 -1.7694260974816247
-0.8960741702249532 1.292048993665395 -1.7635306427037007
-0.8718559494080625 1.2980642733221952 -1.757635187925777
-0.8476377285911719 1.3040795529789952 -1.751739733147853
-0.8234195077742813 1.3100948326357955 -1.745844278369929
-0.7992012869573907 1.3161101122925956 -1.739948823592005
-0.7749830661405 1.3221253919493958 -1.7340533688140811
-0.7507648453236094 1.3281406716061959 -1.7281579140361574
-0.7265466245067188 1.3341559512629961 -1.7222624592582334
-0.7023284036898282 1.3401712309197962 -1.7163670044803094
-0.6781101828729376 1.3461865105765964 -1.7104715497023855
-0.6538919620560469 1.3522017902333967 -1.7045760949244615
-0.6296737412391563 1.3582170698901967 -1.6986806401465377
-0.6054555204222656 1.364232349546997 -1.6927851853686138
-0.5812372996053751 1.370247629203797 -1.6868897305906898
-0.5570190787884844 1.3762629088605973 -1.6809942758127658
-0.5328008579715938 1.3822781885173974 -1.6750988210348419
-0.5085826371547032 1.3882934681741976 -1.6692033662569181
-0.48436441633781246 1.3943087478309977 -1.6633079114789941
-0.46014619552092195 1.400324027487798 -1.6574124567010702
-0.4359279747040313 1.406339307144598 -1.6515170019231462
-0.41170975388714065 1.4123545868013982 -1.6456215471452222
-0.38749153307025 1.4183698664581983 -1.6397260923672985
-0.36327331225335935 1.4243851461149986 -1.6338306375893745
-0.33905509143646884 1.4304004257717986 -1.6279351828114506
-0.31483687061957816 1.4364157054285989 -1.6220397280335266
-0.29061864980268753 1.442430985085399 -1.6161442732556026
-0.2664004289857969 1.4484462647421992 -1.6102488184776789
-0.24218220816890623 1.4544615443989992 -1.604353363699755
-0.2179639873520157 1.4604768240557995 -1.598457908921831
-0.19374576653512504 1.4664921037125995 -1.592562454143907
-0.16952754571823442 1.4725073833693998 -1.586666999365983
-0.14530932490134377 1.4785226630261998 -1.5807715445880592
-0.12109110408445312 1.484537942683 -1.5748760898101353
-0.09687288326756258 1.4905532223398001 -1.5689806350322113
-0.07265466245067194 1.4965685019966004 -1.5630851802542873
-0.04843644163378129 1.5025837816534005 -1.5571897254763634
-0.024218220816890644 1.5085990613102007 -1.5512942706984396
0.0 1.514614340967001 -1.5453988159205156
-0.9445106118587344 1.294723427953416 -1.790325424258777
-0.9202923910418438 1.3007387076102161 -1.784429969480853
-0.8960741702249532 1.3067539872670164 -1.778534514702929
-0.8718559494080625 1.3127692669238165 -1.7726390599250053
-0.8476377285911719 1.3187845465806167 -1.7667436051470813
-0.8234195077742813 1.3247998262374168 -1.7608481503691573
-0.7992012869573907 1.330815105894217 -1.7549526955912333
-0.7749830661405 1.336830385551017 -1.7490572408133094
-0.7507648453236094 1.3428456652078173 -1.7431617860353856
-0.7265466245067188 1.3488609448646174 -1.7372663312574617
-0.7023284036898282 1.3548762245214176 -1.7313708764795377
-0.6781101828729376 1.3608915041782177 -1.7254754217016137
-0.6538919620560469 1.366906783835018 -1.7195799669236898
-0.6296737412391563 1.372922063491818 -1.713684512145766
-0.6054555204222656 1.3789373431486183 -1.707789057367842
-0.5812372996053751 1.3849526228054183 -1.701893602589918
-0.5570190787884844 1.3909679024622186 -1.695998147811994
-0.5328008579715938 1.3969831821190186 -1.6901026930340701
-0.5085826371547032 1.4029984617758189 -1.6842072382561464
-0.48436441633781246 1.4090137414326191 -1.6783117834782224
-0.46014619552092195 1.4150290210894192 -1.6724163287002984
-0.4359279747040313 1.4210443007462192 -1.6665208739223745
-0.41170975388714065 1.4270595804030195 -1.6606254191444505
-0.38749153307025 1.4330748600598198 -1.6547299643665268
-0.36327331225335935 1.4390901397166198 -1.6488345095886028
-0.33905509143646884 1.44510541937342 -1.6429390548106788
-0.31483687061957816 1.4511206990302201 -1.6370436000327548
-0.29061864980268753 1.4571359786870204 -1.6311481452548309
-0.2664004289857969 1.4631512583438204 -1.6252526904769071
-0.24218220816890623 1.4691665380006207 -1.6193572356989832
-0.2179639873520157 1.4751818176574207 -1.6134617809210592
-0.19374576653512504 1.481197097314221 -1.6075663261431352
-0.16952754571823442 1.487212376971021 -1.6016708713652112
-0.14530932490134377 1.4932276566278213 -1.5957754165872875
-0.12109110408445312 1.4992429362846214 -1.5898799618093635
-0.09687288326756258 1.5052582159414216 -1.5839845070314396
-0.07265466245067194 1.5112734955982217 -1.5780890522535156
-0.04843644163378129 1.517288775255022 -1.5721935974755916
-0.024218220816890644 1.523304054911822 -1.5662981426976679
0.0 1.5293193345686222 -1.560402687919744
-0.9445106118587344 1.3094284215550374 -1.8053292962580052
-0.9202923910418438 1.3154437012118374 -1.7994338414800812
-0.8960741702249532 1.3214589808686377 -1.7935383867021573
-0.8718559494080625 1.3274742605254377 -1.7876429319242335
-0.8476377285911719 1.333489540182238 -1.7817474771463095
-0.8234195077742813 1.339504819839038 -1.7758520223683856
-0.7992012869573907 1.3455200994958383 -1.7699565675904616
-0.7749830661405 1.3515353791526383 -1.7640611128125376
-0.7507648453236094 1.3575506588094386 -1.7581656580346139
-0.7265466245067188 1.3635659384662386 -1.75227020325669
-0.7023284036898282 1.369581218123039 -1.746374748478766
-0.6781101828729376 1.3755964977798392 -1.740479293700842
-0.6538919620560469 1.3816117774366392 -1.734583838922918
-0.6296737412391563 1.3876270570934393 -1.7286883841449943
-0.6054555204222656 1.3936423367502395 -1.7227929293670703
-0.5812372996053751 1.3996576164070398 -1.7168974745891463
-0.5570190787884844 1.4056728960638398 -1.7110020198112224
-0.5328008579715938 1.41168817572064 -1.7051065650332984
-0.5085826371547032 1.4177034553774401 -1.6992111102553746
-0.48436441633781246 1.4237187350342404 -1.6933156554774507
-0.46014619552092195 1.4297340146910404 -1.6874202006995267
-0.4359279747040313 1.4357492943478407 -1.6815247459216027
-0.41170975388714065 1.4417645740046408 -1.6756292911436788
-0.38749153307025 1.447779853661441 -1.669733836365755
-0.36327331225335935 1.453795133318241 -1.663838381587831
-0.33905509143646884 1.4598104129750413 -1.657942926809907
-0.31483687061957816 1.4658256926318414 -1.652047472031983
-0.29061864980268753 1.4718409722886416 -1.6461520172540591
-0.2664004289857969 1.4778562519454417 -1.6402565624761354
-0.24218220816890623 1.483871531602242 -1.6343611076982114
-0.2179639873520157 1.489886811259042 -1.6284656529202874
-0.19374576653512504 1.4959020909158423 -1.6225701981423635
-0.16952754571823442 1.5019173705726423 -1.6166747433644395
-0.14530932490134377 1.5079326502294426 -1.6107792885865158
-0.12109110408445312 1.5139479298862428 -1.6048838338085918
-0.09687288326756258 1.5199632095430429 -1.5989883790306678
-0.07265466245067194 1.525978489199843 -1.5930929242527438
-0.04843644163378129 1.5319937688566432 -1.5871974694748199
-0.024218220816890644 1.5380090485134434 -1.5813020146968961
0.0 1.5440243281702435 -1.5754065599189722
-0.9445106118587344 1.3241334151566586 -1.8203331682572335
-0.9202923910418438 1.3301486948134589 -1.8144377134793095
-0.8960741702249532 1.336163974470259 -1.8085422587013855
-0.8718559494080625 1.3421792541270592 -1.8026468039234618
-0.8476377285911719 1.3481945337838592 -1.7967513491455378
-0.8234195077742813 1.3542098134406595 -1.7908558943676138
-0.7992012869573907 1.3602250930974595 -1.7849604395896899
-0.7749830661405 1.3662403727542598 -1.779064984811766
-0.7507648453236094 1.3722556524110598 -1.7731695300338421
-0.7265466245067188 1.37827093206786 -1.7672740752559182
-0.7023284036898282 1.3842862117246602 -1.7613786204779942
-0.6781101828729376 1.3903014913814604 -1.7554831657000702
-0.6538919620560469 1.3963167710382605 -1.7495877109221463
-0.6296737412391563 1.4023320506950607 -1.7436922561442225
-0.6054555204222656 1.4083473303518608 -1.7377968013662985
-0.5812372996053751 1.414362610008661 -1.7319013465883746
-0.5570190787884844 1.420377889665461 -1.7260058918104506
-0.5328008579715938 1.4263931693222613 -1.7201104370325266
-0.5085826371547032 1.4324084489790614 -1.714214982254603
-0.48436441633781246 1.4384237286358617 -1.708319527476679
-0.46014619552092195 1.4444390082926617 -1.702424072698755
-0.4359279747040313 1.450454287949462 -1.696528617920831
-0.41170975388714065 1.4564695676062622 -1.690633163142907
-0.38749153307025 1.4624848472630623 -1.6847377083649833
-0.36327331225335935 1.4685001269198625 -1.6788422535870593
-0.33905509143646884 1.4745154065766626 -1.6729467988091353
-0.31483687061957816 1.4805306862334628 -1.6670513440312114
-0.29061864980268753 1.4865459658902629 -1.6611558892532874
-0.2664004289857969 1.4925612455470632 -1.6552604344753636
-0.24218220816890623 1.4985765252038632 -1.6493649796974397
-0.2179639873520157 1.5045918048606635 -1.6434695249195157
-0.19374576653512504 1.5106070845174635 -1.6375740701415917
-0.16952754571823442 1.5166223641742638 -1.6316786153636678
-0.14530932490134377 1.5226376438310638 -1.625783160585744
-0.12109110408445312 1.528652923487864 -1.61988770580782
-0.09687288326756258 1.5346682031446641 -1.613992251029896
-0.07265466245067194 1.5406834828014644 -1.608096796251972
-0.04843644163378129 1.5466987624582644 -1.6022013414740481
-0.024218220816890644 1.5527140421150647 -1.5963058866961244
0.0 1.5587293217718647 -1.5904104319182004
-0.9445106118587344 1.3388384087582799 -1.8353370402564617
-0.9202923910418438 1.3448536884150801 -1.8294415854785377
-0.8960741702249532 1.3508689680718804 -1.8235461307006138
-0.8718559494080625 1.3568842477286804 -1.8176506759226898
-0.8476377285911719 1.3628995273854805 -1.811755221144766
-0.8234195077742813 1.3689148070422807 -1.805859766366842
-0.7992012869573907 1.374930086699081 -1.7999643115889181
-0.7749830661405 1.380945366355881 -1.7940688568109942
-0.7507648453236094 1.3869606460126813 -1.7881734020330702
-0.7265466245067188 1.3929759256694814 -1.7822779472551464
-0.7023284036898282 1.3989912053262816 -1.7763824924772225
-0.6781101828729376 1.4050064849830817 -1.7704870376992985
-0.6538919620560469 1.411021764639882 -1.7645915829213745
-0.6296737412391563 1.417037044296682 -1.7586961281434508
-0.6054555204222656 1.4230523239534822 -1.7528006733655268
-0.5812372996053751 1.4290676036102823 -1.7469052185876028
-0.5570190787884844 1.4350828832670826 -1.7410097638096789
-0.5328008579715938 1.4410981629238826 -1.735114309031755
-0.5085826371547032 1.4471134425806829 -1.7292188542538312
-0.48436441633781246 1.453128722237483 -1.7233233994759072
-0.46014619552092195 1.4591440018942832 -1.7174279446979832
-0.4359279747040313 1.4651592815510832 -1.7115324899200592
-0.41170975388714065 1.4711745612078835 -1.7056370351421353
-0.38749153307025 1.4771898408646835 -1.6997415803642113
-0.36327331225335935 1.4832051205214838 -1.6938461255862876
-0.33905509143646884 1.4892204001782838 -1.6879506708083636
-0.31483687061957816 1.495235679835084 -1.6820552160304396
-0.29061864980268753 1.5012509594918841 -1.6761597612525156
-0.2664004289857969 1.5072662391486844 -1.6702643064745917
-0.24218220816890623 1.5132815188054844 -1.664368851696668
-0.2179639873520157 1.5192967984622847 -1.658473396918744
-0.19374576653512504 1.5253120781190848 -1.65257794214082
-0.16952754571823442 1.531327357775885 -1.646682487362896
-0.14530932490134377 1.5373426374326853 -1.6407870325849723
-0.12109110408445312 1.5433579170894853 -1.6348915778070483
-0.09687288326756258 1.5493731967462854 -1.6289961230291243
-0.07265466245067194 1.5553884764030856 -1.6231006682512004
-0.04843644163378129 1.561403756059886 -1.6172052134732764
-0.024218220816890644 1.567419035716686 -1.6113097586953526
0.0 1.5734343153734862 -1.6054143039174287
-0.9445106118587344 1.3535434023599016 -1.8503409122556902
-0.9202923910418438 1.3595586820167018 -1.8444454574777662
-0.8960741702249532 1.3655739616735019 -1.8385500026998425
-0.8718559494080625 1.3715892413303021 -1.8326545479219185
-0.8476377285911719 1.3776045209871022 -1.8267590931439945
-0.8234195077742813 1.3836198006439024 -1.8208636383660706
-0.7992012869573907 1.3896350803007025 -1.8149681835881468
-0.7749830661405 1.3956503599575028 -1.8090727288102229
-0.7507648453236094 1.4016656396143028 -1.8031772740322989
-0.7265466245067188 1.407680919271103 -1.797281819254375
-0.7023284036898282 1.413696198927903 -1.791386364476451
-0.6781101828729376 1.4197114785847034 -1.7854909096985272
-0.6538919620560469 1.4257267582415034 -1.7795954549206032
-0.6296737412391563 1.4317420378983037 -1.7737000001426793
-0.6054555204222656 1.4377573175551037 -1.7678045453647553
-0.5812372996053751 1.443772597211904 -1.7619090905868313
-0.5570190787884844 1.449787876868704 -1.7560136358089076
-0.5328008579715938 1.4558031565255043 -1.7501181810309836
-0.5085826371547032 1.4618184361823043 -1.7442227262530596
-0.48436441633781246 1.4678337158391046 -1.7383272714751357
-0.46014619552092195 1.4738489954959046 -1.7324318166972117
-0.4359279747040313 1.479864275152705 -1.726536361919288
-0.41170975388714065 1.4858795548095052 -1.720640907141364
-0.38749153307025 1.4918948344663052 -1.71474545236344
-0.36327331225335935 1.4979101141231055 -1.708849997585516
-0.33905509143646884 1.5039253937799055 -1.702954542807592
-0.31483687061957816 1.5099406734367058 -1.6970590880296683
-0.29061864980268753 1.5159559530935058 -1.6911636332517443
-0.2664004289857969 1.521971232750306 -1.6852681784738204
-0.24218220816890623 1.5279865124071061 -1.6793727236958964
-0.2179639873520157 1.5340017920639064 -1.6734772689179724
-0.19374576653512504 1.5400170717207065 -1.6675818141400487
-0.16952754571823442 1.5460323513775067 -1.6616863593621247
-0.14530932490134377 1.5520476310343068 -1.6557909045842008
-0.12109110408445312 1.558062910691107 -1.6498954498062768
-0.09687288326756258 1.564078190347907 -1.6439999950283528
-0.07265466245067194 1.5700934700047073 -1.638104540250429
-0.04843644163378129 1.5761087496615074 -1.632209085472505
-0.024218220816890644 1.5821240293183076 -1.6263136306945811
0.0 1.5881393089751077 -1.6204181759166572
-0.9445106118587344 1.3682483959615228 -1.8653447842549185
-0.9202923910418438 1.374263675618323 -1.8594493294769945
-0.8960741702249532 1.3802789552751231 -1.8535538746990707
-0.8718559494080625 1.3862942349319234 -1.8476584199211468
-0.8476377285911719 1.3923095145887234 -1.8417629651432228
-0.8234195077742813 1.3983247942455237 -1.8358675103652988
-0.7992012869573907 1.4043400739023237 -1.8299720555873749
-0.7749830661405 1.410355353559124 -1.824076600809451
-0.7507648453236094 1.416370633215924 -1.8181811460315271
-0.7265466245067188 1.4223859128727243 -1.8122856912536032
-0.7023284036898282 1.4284011925295244 -1.8063902364756792
-0.6781101828729376 1.4344164721863246 -1.8004947816977552
-0.6538919620560469 1.4404317518431249 -1.7945993269198315
-0.6296737412391563 1.446447031499925 -1.7887038721419075
-0.6054555204222656 1.4524623111567252 -1.7828084173639835
-0.5812372996053751 1.4584775908135252 -1.7769129625860596
-0.5570190787884844 1.4644928704703255 -1.7710175078081356
-0.5328008579715938 1.4705081501271255 -1.7651220530302119
-0.5085826371547032 1.4765234297839258 -1.7592265982522879
-0.48436441633781246 1.4825387094407259 -1.753331143474364
-0.46014619552092195 1.4885539890975261 -1.74743568869644
-0.4359279747040313 1.4945692687543262 -1.741540233918516
-0.41170975388714065 1.5005845484111264 -1.7356447791405922
-0.38749153307025 1.5065998280679265 -1.7297493243626683
-0.36327331225335935 1.5126151077247267 -1.7238538695847443
-0.33905509143646884 1.5186303873815268 -1.7179584148068203
-0.31483687061957816 1.524645667038327 -1.7120629600288966
-0.29061864980268753 1.530660946695127 -1.7061675052509726
-0.2664004289857969 1.5366762263519274 -1.7002720504730486
-0.24218220816890623 1.5426915060087274 -1.6943765956951247
-0.2179639873520157 1.5487067856655277 -1.6884811409172007
-0.19374576653512504 1.5547220653223277 -1.682585686139277
-0.16952754571823442 1.560737344979128 -1.676690231361353
-0.14530932490134377 1.566752624635928 -1.670794776583429
-0.12109110408445312 1.5727679042927283 -1.664899321805505
-0.09687288326756258 1.5787831839495283 -1.659003867027581
-0.07265466245067194 1.5847984636063286 -1.6531084122496573
-0.04843644163378129 1.5908137432631289 -1.6472129574717334
-0.024218220816890644 1.596829022919929 -1.6413175026938094
0.0 1.6028443025767292 -1.6354220479158854
-0.9445106118587344 1.3829533895631443 -1.8803486562541467
-0.9202923910418438 1.3889686692199443 -1.8744532014762227
-0.8960741702249532 1.3949839488767446 -1.868557746698299
-0.8718559494080625 1.4009992285335446 -1.862662291920375
-0.8476377285911719 1.407014508190345 -1.856766837142451
-0.8234195077742813 1.413029787847145 -1.850871382364527
-0.7992012869573907 1.4190450675039452 -1.8449759275866031
-0.7749830661405 1.4250603471607453 -1.8390804728086794
-0.7507648453236094 1.4310756268175455 -1.8331850180307554
-0.7265466245067188 1.4370909064743456 -1.8272895632528314
-0.7023284036898282 1.4431061861311458 -1.8213941084749075
-0.6781101828729376 1.4491214657879459 -1.8154986536969835
-0.6538919620560469 1.4551367454447461 -1.8096031989190597
-0.6296737412391563 1.4611520251015462 -1.8037077441411358
-0.6054555204222656 1.4671673047583464 -1.7978122893632118
-0.5812372996053751 1.4731825844151465 -1.7919168345852878
-0.5570190787884844 1.4791978640719468 -1.7860213798073639
-0.5328008579715938 1.4852131437287468 -1.7801259250294401
-0.5085826371547032 1.491228423385547 -1.7742304702515161
-0.48436441633781246 1.4972437030423473 -1.7683350154735922
-0.46014619552092195 1.5032589826991474 -1.7624395606956682
-0.4359279747040313 1.5092742623559474 -1.7565441059177442
-0.41170975388714065 1.5152895420127477 -1.7506486511398205
-0.38749153307025 1.521304821669548 -1.7447531963618965
-0.36327331225335935 1.527320101326348 -1.7388577415839725
-0.33905509143646884 1.5333353809831483 -1.7329622868060486
-0.31483687061957816 1.5393506606399483 -1.7270668320281248
-0.29061864980268753 1.5453659402967486 -1.7211713772502009
-0.2664004289857969 1.5513812199535486 -1.715275922472277
-0.24218220816890623 1.5573964996103489 -1.709380467694353
-0.2179639873520157 1.563411779267149 -1.703485012916429
-0.19374576653512504 1.5694270589239492 -1.6975895581385052
-0.16952754571823442 1.5754423385807492 -1.6916941033605812
-0.14530932490134377 1.5814576182375495 -1.6857986485826573
-0.12109110408445312 1.5874728978943495 -1.6799031938047333
-0.09687288326756258 1.5934881775511498 -1.6740077390268093
-0.07265466245067194 1.5995034572079498 -1.6681122842488856
-0.04843644163378129 1.60551873686475 -1.6622168294709616
-0.024218220816890644 1.6115340165215502 -1.6563213746930376
0.0 1.6175492961783504 -1.6504259199151137
-0.9445106118587344 1.3976583831647655 -1.895352528253375
-0.9202923910418438 1.4036736628215656 -1.889457073475451
-0.8960741702249532 1.4096889424783658 -1.8835616186975273
-0.8718559494080625 1.415704222135166 -1.8776661639196033
-0.8476377285911719 1.4217195017919662 -1.8717707091416793
-0.8234195077742813 1.4277347814487664 -1.8658752543637553
-0.7992012869573907 1.4337500611055665 -1.8599797995858314
-0.7749830661405 1.4397653407623667 -1.8540843448079076
-0.7507648453236094 1.4457806204191668 -1.8481888900299837
-0.7265466245067188 1.451795900075967 -1.8422934352520597
-0.7023284036898282 1.457811179732767 -1.8363979804741357
-0.6781101828729376 1.4638264593895673 -1.8305025256962117
-0.6538919620560469 1.4698417390463674 -1.824607070918288
-0.6296737412391563 1.4758570187031677 -1.818711616140364
-0.6054555204222656 1.4818722983599677 -1.81281616136244
-0.5812372996053751 1.487887578016768 -1.806920706584516
-0.5570190787884844 1.493902857673568 -1.8010252518065921
-0.5328008579715938 1.4999181373303683 -1.7951297970286684
-0.5085826371547032 1.5059334169871683 -1.7892343422507444
-0.48436441633781246 1.5119486966439686 -1.7833388874728204
-0.46014619552092195 1.5179639763007686 -1.7774434326948965
-0.4359279747040313 1.523979255957569 -1.7715479779169725
-0.41170975388714065 1.529994535614369 -1.7656525231390487
-0.38749153307025 1.5360098152711692 -1.7597570683611248
-0.36327331225335935 1.5420250949279692 -1.7538616135832008
-0.33905509143646884 1.5480403745847695 -1.7479661588052768
-0.31483687061957816 1.5540556542415696 -1.7420707040273529
-0.29061864980268753 1.5600709338983698 -1.7361752492494291
-0.2664004289857969 1.5660862135551699 -1.7302797944715052
-0.24218220816890623 1.5721014932119701 -1.7243843396935812
-0.2179639873520157 1.5781167728687702 -1.7184888849156572
-0.19374576653512504 1.5841320525255704 -1.7125934301377332
-0.16952754571823442 1.5901473321823705 -1.7066979753598095
-0.14530932490134377 1.5961626118391707 -1.7008025205818855
-0.12109110408445312 1.602177891495971 -1.6949070658039616
-0.09687288326756258 1.608193171152771 -1.6890116110260376
-0.07265466245067194 1.6142084508095713 -1.6831161562481136
-0.04843644163378129 1.6202237304663714 -1.6772207014701899
-0.024218220816890644 1.6262390101231716 -1.671325246692266
0.0 1.6322542897799717 -1.665429791914342
-0.9445106118587344 1.4123633767663868 -1.9103564002526032
-0.9202923910418438 1.418378656423187 -1.9044609454746793
-0.8960741702249532 1.424393936079987 -1.8985654906967555
-0.8718559494080625 1.4304092157367874 -1.8926700359188315
-0.8476377285911719 1.4364244953935874 -1.8867745811409076
-0.8234195077742813 1.4424397750503877 -1.8808791263629836
-0.7992012869573907 1.4484550547071877 -1.8749836715850596
-0.7749830661405 1.454470334363988 -1.8690882168071359
-0.7507648453236094 1.460485614020788 -1.863192762029212
-0.7265466245067188 1.4665008936775883 -1.857297307251288
-0.7023284036898282 1.4725161733343883 -1.851401852473364
-0.6781101828729376 1.4785314529911886 -1.84550639769544
-0.6538919620560469 1.4845467326479886 -1.8396109429175163
-0.6296737412391563 1.490562012304789 -1.8337154881395923
-0.6054555204222656 1.4965772919615892 -1.8278200333616683
-0.5812372996053751 1.5025925716183892 -1.8219245785837443
-0.5570190787884844 1.5086078512751893 -1.8160291238058204
-0.5328008579715938 1.5146231309319895 -1.8101336690278966
-0.5085826371547032 1.5206384105887896 -1.8042382142499727
-0.48436441633781246 1.5266536902455898 -1.7983427594720487
-0.46014619552092195 1.5326689699023899 -1.7924473046941247
-0.4359279747040313 1.5386842495591901 -1.7865518499162008
-0.41170975388714065 1.5446995292159904 -1.780656395138277
-0.38749153307025 1.5507148088727905 -1.774760940360353
-0.36327331225335935 1.5567300885295907 -1.768865485582429
-0.33905509143646884 1.5627453681863908 -1.762970030804505
-0.31483687061957816 1.568760647843191 -1.7570745760265811
-0.29061864980268753 1.574775927499991 -1.7511791212486574
-0.2664004289857969 1.5807912071567913 -1.7452836664707334
-0.24218220816890623 1.5868064868135914 -1.7393882116928094
-0.2179639873520157 1.5928217664703916 -1.7334927569148855
-0.19374576653512504 1.5988370461271917 -1.7275973021369615
-0.16952754571823442 1.604852325783992 -1.7217018473590378
-0.14530932490134377 1.610867605440792 -1.7158063925811138
-0.12109110408445312 1.6168828850975923 -1.7099109378031898
-0.09687288326756258 1.6228981647543923 -1.7040154830252658
-0.07265466245067194 1.6289134444111926 -1.6981200282473419
-0.04843644163378129 1.6349287240679926 -1.6922245734694181
-0.024218220816890644 1.6409440037247929 -1.6863291186914942
0.0 1.646959283381593 -1.6804336639135702
-0.9445106118587344 1.427068370368008 -1.9253602722518315
-0.9202923910418438 1.4330836500248083 -1.9194648174739075
-0.8960741702249532 1.4390989296816086 -1.9135693626959835
-0.8718559494080625 1.4451142093384086 -1.9076739079180598
-0.8476377285911719 1.4511294889952087 -1.9017784531401358
-0.8234195077742813 1.457144768652009 -1.8958829983622119
-0.7992012869573907 1.4631600483088092 -1.8899875435842879
-0.7749830661405 1.4691753279656092 -1.884092088806364
-0.7507648453236094 1.4751906076224095 -1.8781966340284402
-0.7265466245067188 1.4812058872792095 -1.8723011792505162
-0.7023284036898282 1.4872211669360098 -1.8664057244725922
-0.6781101828729376 1.4932364465928099 -1.8605102696946683
-0.6538919620560469 1.4992517262496101 -1.8546148149167443
-0.6296737412391563 1.5052670059064102 -1.8487193601388205
-0.6054555204222656 1.5112822855632104 -1.8428239053608966
-0.5812372996053751 1.5172975652200105 -1.8369284505829726
-0.5570190787884844 1.5233128448768107 -1.8310329958050486
-0.5328008579715938 1.5293281245336108 -1.8251375410271247
-0.5085826371547032 1.535343404190411 -1.819242086249201
-0.48436441633781246 1.541358683847211 -1.813346631471277
-0.46014619552092195 1.5473739635040114 -1.807451176693353
-0.4359279747040313 1.5533892431608114 -1.801555721915429
-0.41170975388714065 1.5594045228176117 -1.7956602671375053
-0.38749153307025 1.5654198024744117 -1.7897648123595813
-0.36327331225335935 1.571435082131212 -1.7838693575816573
-0.33905509143646884 1.577450361788012 -1.7779739028037334
-0.31483687061957816 1.5834656414448123 -1.7720784480258094
-0.29061864980268753 1.5894809211016123 -1.7661829932478856
-0.2664004289857969 1.5954962007584126 -1.7602875384699617
-0.24218220816890623 1.6015114804152129 -1.7543920836920377
-0.2179639873520157 1.607526760072013 -1.7484966289141137
-0.19374576653512504 1.613542039728813 -1.7426011741361898
-0.16952754571823442 1.6195573193856132 -1.736705719358266
-0.14530932490134377 1.6255725990424135 -1.730810264580342
-0.12109110408445312 1.6315878786992135 -1.724914809802418
-0.09687288326756258 1.6376031583560138 -1.719019355024494
-0.07265466245067194 1.6436184380128138 -1.7131239002465701
-0.04843644163378129 1.649633717669614 -1.7072284454686464
-0.024218220816890644 1.6556489973264141 -1.7013329906907224
0.0 1.6616642769832144 -1.6954375359127984
-0.9445106118587344 1.4417733639696297 -1.9403641442510602
-0.9202923910418438 1.44778864362643 -1.9344686894731362
-0.8960741702249532 1.45380392328323 -1.9285732346952122
-0.8718559494080625 1.4598192029400303 -1.9226777799172883
-0.8476377285911719 1.4658344825968304 -1.9167823251393643
-0.8234195077742813 1.4718497622536306 -1.9108868703614406
-0.7992012869573907 1.4778650419104307 -1.9049914155835166
-0.7749830661405 1.483880321567231 -1.8990959608055926
-0.7507648453236094 1.489895601224031 -1.8932005060276687
-0.7265466245067188 1.4959108808808312 -1.8873050512497447
-0.7023284036898282 1.5019261605376313 -1.881409596471821
-0.6781101828729376 1.5079414401944315 -1.875514141693897
-0.6538919620560469 1.5139567198512316 -1.869618686915973
-0.6296737412391563 1.5199719995080319 -1.863723232138049
-0.6054555204222656 1.525987279164832 -1.857827777360125
-0.5812372996053751 1.5320025588216322 -1.8519323225822013
-0.5570190787884844 1.5380178384784322 -1.8460368678042773
-0.5328008579715938 1.5440331181352325 -1.8401414130263534
-0.5085826371547032 1.5500483977920325 -1.8342459582484294
-0.48436441633781246 1.5560636774488328 -1.8283505034705054
-0.46014619552092195 1.5620789571056328 -1.8224550486925817
-0.4359279747040313 1.568094236762433 -1.8165595939146577
-0.41170975388714065 1.5741095164192334 -1.8106641391367337
-0.38749153307025 1.5801247960760334 -1.8047686843588098
-0.36327331225335935 1.5861400757328337 -1.7988732295808858
-0.33905509143646884 1.5921553553896337 -1.792977774802962
-0.31483687061957816 1.598170635046434 -1.787082320025038
-0.29061864980268753 1.604185914703234 -1.7811868652471141
-0.2664004289857969 1.6102011943600343 -1.7752914104691901
-0.24218220816890623 1.6162164740168343 -1.7693959556912662
-0.2179639873520157 1.6222317536736346 -1.7635005009133424
-0.19374576653512504 1.6282470333304346 -1.7576050461354185
-0.16952754571823442 1.634262312987235 -1.7517095913574945
-0.14530932490134377 1.640277592644035 -1.7458141365795705
-0.12109110408445312 1.6462928723008352 -1.7399186818016465
-0.09687288326756258 1.6523081519576353 -1.7340232270237228
-0.07265466245067194 1.6583234316144355 -1.7281277722457988
-0.04843644163378129 1.6643387112712356 -1.7222323174678749
-0.024218220816890644 1.6703539909280358 -1.716336862689951
0.0 1.6763692705848359 -1.710441407912027
-0.9445106118587344 1.456478357571251 -1.9553680162502882
-0.9202923910418438 1.4624936372280513 -1.9494725614723645
-0.8960741702249532 1.4685089168848515 -1.9435771066944405
-0.8718559494080625 1.4745241965416516 -1.9376816519165165
-0.8476377285911719 1.4805394761984516 -1.9317861971385926
-0.8234195077742813 1.4865547558552519 -1.9258907423606686
-0.7992012869573907 1.4925700355120521 -1.9199952875827448
-0.7749830661405 1.4985853151688522 -1.9140998328048209
-0.7507648453236094 1.5046005948256524 -1.908204378026897
-0.7265466245067188 1.5106158744824525 -1.902308923248973
-0.7023284036898282 1.5166311541392528 -1.896413468471049
-0.6781101828729376 1.5226464337960528 -1.8905180136931252
-0.6538919620560469 1.528661713452853 -1.8846225589152013
-0.6296737412391563 1.534676993109653 -1.8787271041372773
-0.6054555204222656 1.5406922727664534 -1.8728316493593533
-0.5812372996053751 1.5467075524232534 -1.8669361945814296
-0.5570190787884844 1.5527228320800537 -1.8610407398035056
-0.5328008579715938 1.5587381117368537 -1.8551452850255816
-0.5085826371547032 1.564753391393654 -1.8492498302476577
-0.48436441633781246 1.570768671050454 -1.8433543754697337
-0.46014619552092195 1.5767839507072543 -1.83745892069181
-0.4359279747040313 1.5827992303640543 -1.831563465913886
-0.41170975388714065 1.5888145100208546 -1.825668011135962
-0.38749153307025 1.5948297896776547 -1.819772556358038
-0.36327331225335935 1.600845069334455 -1.813877101580114
-0.33905509143646884 1.606860348991255 -1.8079816468021903
-0.31483687061957816 1.6128756286480552 -1.8020861920242663
-0.29061864980268753 1.6188909083048553 -1.7961907372463424
-0.2664004289857969 1.6249061879616555 -1.7902952824684184
-0.24218220816890623 1.6309214676184556 -1.7843998276904944
-0.2179639873520157 1.6369367472752558 -1.7785043729125707
-0.19374576653512504 1.6429520269320559 -1.7726089181346467
-0.16952754571823442 1.6489673065888562 -1.7667134633567227
-0.14530932490134377 1.6549825862456564 -1.7608180085787988
-0.12109110408445312 1.6609978659024565 -1.7549225538008748
-0.09687288326756258 1.6670131455592565 -1.749027099022951
-0.07265466245067194 1.6730284252160568 -1.743131644245027
-0.04843644163378129 1.679043704872857 -1.7372361894671031
-0.024218220816890644 1.685058984529657 -1.7313407346891792
0.0 1.6910742641864573 -1.7254452799112552
-0.9445106118587344 1.4711833511728725 -1.9703718882495165
-0.9202923910418438 1.4771986308296725 -1.9644764334715927
-0.8960741702249532 1.4832139104864728 -1.9585809786936688
-0.8718559494080625 1.4892291901432728 -1.9526855239157448
-0.8476377285911719 1.495244469800073 -1.9467900691378208
-0.8234195077742813 1.5012597494568731 -1.9408946143598969
-0.7992012869573907 1.5072750291136734 -1.934999159581973
-0.7749830661405 1.5132903087704734 -1.9291037048040491
-0.7507648453236094 1.5193055884272737 -1.9232082500261252
-0.7265466245067188 1.5253208680840737 -1.9173127952482012
-0.7023284036898282 1.531336147740874 -1.9114173404702772
-0.6781101828729376 1.537351427397674 -1.9055218856923535
-0.6538919620560469 1.5433667070544743 -1.8996264309144295
-0.6296737412391563 1.5493819867112744 -1.8937309761365055
-0.6054555204222656 1.5553972663680746 -1.8878355213585816
-0.5812372996053751 1.5614125460248747 -1.8819400665806578
-0.5570190787884844 1.567427825681675 -1.8760446118027339
-0.5328008579715938 1.5734431053384752 -1.8701491570248099
-0.5085826371547032 1.5794583849952752 -1.864253702246886
-0.48436441633781246 1.5854736646520755 -1.858358247468962
-0.46014619552092195 1.5914889443088756 -1.8524627926910382
-0.4359279747040313 1.5975042239656758 -1.8465673379131142
-0.41170975388714065 1.6035195036224759 -1.8406718831351903
-0.38749153307025 1.6095347832792761 -1.8347764283572663
-0.36327331225335935 1.6155500629360762 -1.8288809735793423
-0.33905509143646884 1.6215653425928764 -1.8229855188014186
-0.31483687061957816 1.6275806222496765 -1.8170900640234946
-0.29061864980268753 1.6335959019064767 -1.8111946092455706
-0.2664004289857969 1.6396111815632768 -1.8052991544676467
-0.24218220816890623 1.645626461220077 -1.7994036996897227
-0.2179639873520157 1.651641740876877 -1.793508244911799
-0.19374576653512504 1.6576570205336774 -1.787612790133875
-0.16952754571823442 1.6636723001904774 -1.781717335355951
-0.14530932490134377 1.6696875798472777 -1.775821880578027
-0.12109110408445312 1.6757028595040777 -1.769926425800103
-0.09687288326756258 1.681718139160878 -1.7640309710221793
-0.07265466245067194 1.687733418817678 -1.7581355162442553
-0.04843644163378129 1.6937486984744783 -1.7522400614663314
-0.024218220816890644 1.6997639781312783 -1.7463446066884074
0.0 1.7057792577880786 -1.7404491519104834
-0.9445106118587344 1.4858883447744937 -1.9853757602487447
-0.9202923910418438 1.4919036244312938 -1.979480305470821
-0.8960741702249532 1.497918904088094 -1.973584850692897
-0.8718559494080625 1.503934183744894 -1.967689395914973
-0.8476377285911719 1.5099494634016943 -1.961793941137049
-0.8234195077742813 1.5159647430584946 -1.955898486359125
-0.7992012869573907 1.5219800227152946 -1.9500030315812014
-0.7749830661405 1.527995302372095 -1.9441075768032774
-0.7507648453236094 1.534010582028895 -1.9382121220253534
-0.7265466245067188 1.5400258616856952 -1.9323166672474295
-0.7023284036898282 1.5460411413424953 -1.9264212124695055
-0.6781101828729376 1.5520564209992955 -1.9205257576915817
-0.6538919620560469 1.5580717006560956 -1.9146303029136578
-0.6296737412391563 1.5640869803128958 -1.9087348481357338
-0.6054555204222656 1.5701022599696959 -1.9028393933578098
-0.5812372996053751 1.5761175396264961 -1.896943938579886
-0.5570190787884844 1.5821328192832962 -1.891048483801962
-0.5328008579715938 1.5881480989400965 -1.8851530290240381
-0.5085826371547032 1.5941633785968965 -1.8792575742461142
-0.48436441633781246 1.6001786582536968 -1.8733621194681902
-0.46014619552092195 1.6061939379104968 -1.8674666646902662
-0.4359279747040313 1.612209217567297 -1.8615712099123425
-0.41170975388714065 1.6182244972240971 -1.8556757551344185
-0.38749153307025 1.6242397768808974 -1.8497803003564945
-0.36327331225335935 1.6302550565376974 -1.8438848455785706
-0.33905509143646884 1.6362703361944977 -1.8379893908006468
-0.31483687061957816 1.6422856158512977 -1.8320939360227229
-0.29061864980268753 1.648300895508098 -1.8261984812447989
-0.2664004289857969 1.6543161751648983 -1.820303026466875
-0.24218220816890623 1.6603314548216983 -1.814407571688951
-0.2179639873520157 1.6663467344784983 -1.8085121169110272
-0.19374576653512504 1.6723620141352986 -1.8026166621331032
-0.16952754571823442 1.6783772937920989 -1.7967212073551793
-0.14530932490134377 1.684392573448899 -1.7908257525772553
-0.12109110408445312 1.6904078531056992 -1.7849302977993313
-0.09687288326756258 1.6964231327624992 -1.7790348430214076
-0.07265466245067194 1.7024384124192995 -1.7731393882434836
-0.04843644163378129 1.7084536920760995 -1.7672439334655596
-0.024218220816890644 1.7144689717328998 -1.7613484786876357
0.0 1.7204842513896998 -1.7554530239097117
-0.9445106118587344 1.500593338376115 -2.000379632247973
-0.9202923910418438 1.5066086180329152 -1.9944841774700492
-0.8960741702249532 1.5126238976897153 -1.9885887226921253
-0.8718559494080625 1.5186391773465155 -1.9826932679142013
-0.8476377285911719 1.5246544570033156 -1.9767978131362773
-0.8234195077742813 1.5306697366601159 -1.9709023583583534
-0.7992012869573907 1.536685016316916 -1.9650069035804296
-0.7749830661405 1.5427002959737162 -1.9591114488025057
-0.7507648453236094 1.5487155756305162 -1.9532159940245817
-0.7265466245067188 1.5547308552873165 -1.9473205392466577
-0.7023284036898282 1.5607461349441165 -1.9414250844687337
-0.6781101828729376 1.5667614146009168 -1.93552962969081
-0.6538919620560469 1.5727766942577168 -1.929634174912886
-0.6296737412391563 1.578791973914517 -1.923738720134962
-0.6054555204222656 1.5848072535713174 -1.917843265357038
-0.5812372996053751 1.5908225332281174 -1.9119478105791143
-0.5570190787884844 1.5968378128849174 -1.9060523558011904
-0.5328008579715938 1.6028530925417177 -1.9001569010232664
-0.5085826371547032 1.6088683721985177 -1.8942614462453424
-0.48436441633781246 1.614883651855318 -1.8883659914674185
-0.46014619552092195 1.6208989315121183 -1.8824705366894945
-0.4359279747040313 1.6269142111689183 -1.8765750819115707
-0.41170975388714065 1.6329294908257186 -1.8706796271336468
-0.38749153307025 1.6389447704825186 -1.8647841723557228
-0.36327331225335935 1.644960050139319 -1.8588887175777988
-0.33905509143646884 1.650975329796119 -1.852993262799875
-0.31483687061957816 1.6569906094529192 -1.8470978080219511
-0.29061864980268753 1.6630058891097192 -1.8412023532440271
-0.2664004289857969 1.6690211687665195 -1.8353068984661032
-0.24218220816890623 1.6750364484233196 -1.8294114436881792
-0.2179639873520157 1.6810517280801198 -1.8235159889102555
-0.19374576653512504 1.6870670077369199 -1.8176205341323315
-0.16952754571823442 1.6930822873937201 -1.8117250793544075
-0.14530932490134377 1.6990975670505202 -1.8058296245764835
-0.12109110408445312 1.7051128467073204 -1.7999341697985596
-0.09687288326756258 1.7111281263641205 -1.7940387150206358
-0.07265466245067194 1.7171434060209207 -1.7881432602427119
-0.04843644163378129 1.7231586856777208 -1.782247805464788
-0.024218220816890644 1.729173965334521 -1.776352350686864
0.0 1.735189244991321 -1.77045689590894
-0.9445106118587344 1.5152983319777364 -2.0153835042472013
-0.9202923910418438 1.5213136116345365 -2.0094880494692773
-0.8960741702249532 1.5273288912913368 -2.0035925946913533
-0.8718559494080625 1.5333441709481368 -1.9976971399134296
-0.8476377285911719 1.539359450604937 -1.9918016851355056
-0.8234195077742813 1.545374730261737 -1.9859062303575816
-0.7992012869573907 1.5513900099185374 -1.9800107755796579
-0.7749830661405 1.5574052895753374 -1.974115320801734
-0.7507648453236094 1.5634205692321377 -1.96821986602381
-0.7265466245067188 1.5694358488889377 -1.962324411245886
-0.7023284036898282 1.575451128545738 -1.956428956467962
-0.6781101828729376 1.581466408202538 -1.9505335016900383
-0.6538919620560469 1.5874816878593383 -1.9446380469121143
-0.6296737412391563 1.5934969675161383 -1.9387425921341903
-0.6054555204222656 1.5995122471729386 -1.9328471373562663
-0.5812372996053751 1.6055275268297386 -1.9269516825783426
-0.5570190787884844 1.611542806486539 -1.9210562278004186
-0.5328008579715938 1.617558086143339 -1.9151607730224947
-0.5085826371547032 1.6235733658001392 -1.9092653182445707
-0.48436441633781246 1.6295886454569393 -1.9033698634666467
-0.46014619552092195 1.6356039251137395 -1.8974744086887227
-0.4359279747040313 1.6416192047705396 -1.891578953910799
-0.41170975388714065 1.6476344844273398 -1.885683499132875
-0.38749153307025 1.6536497640841399 -1.879788044354951
-0.36327331225335935 1.6596650437409401 -1.873892589577027
-0.33905509143646884 1.6656803233977402 -1.8679971347991033
-0.31483687061957816 1.6716956030545405 -1.8621016800211794
-0.29061864980268753 1.6777108827113407 -1.8562062252432554
-0.2664004289857969 1.6837261623681408 -1.8503107704653314
-0.24218220816890623 1.689741442024941 -1.8444153156874075
-0.2179639873520157 1.695756721681741 -1.8385198609094835
-0.19374576653512504 1.7017720013385413 -1.8326244061315597
-0.16952754571823442 1.7077872809953414 -1.8267289513536358
-0.14530932490134377 1.7138025606521416 -1.8208334965757118
-0.12109110408445312 1.7198178403089417 -1.8149380417977878
-0.09687288326756258 1.725833119965742 -1.809042587019864
-0.07265466245067194 1.731848399622542 -1.8031471322419401
-0.04843644163378129 1.7378636792793423 -1.7972516774640162
-0.024218220816890644 1.7438789589361423 -1.7913562226860922
0.0 1.7498942385929426 -1.7854607679081682
POLYGONS 9282 37128
3 0 40 1
3 1 40 41
3 1 41 2
3 2 41 42
3 2 42 3
3 3 42 43
3 3 43 4
3 4 43 44
3 4 44 5
3 5 44 45
3 5 45 6
3 6 45 46
3 6 46 7
3 7 46 47
3 7 47 8
3 8 47 48
3 8 48 9
3 9 48 49
3 9 49 10
3 10 49 50
3 10 50 11
3 11 50 51
3 11 51 12
3 12 51 52
3 12 52 13
3 13 52 53
3 13 53 14
3 14 53 54
3 14 54 15
3 15 54 55
3 15 55 16
3 16 55 56
3 16 56 17
3 17 56 57
3 17 57 18
3 18 57 58
3 18 58 19
3 19 58 59
3 19 59 20
3 20 59 60
3 20 60 21
3 21 60 61
3 21 61 22
3 22 61 62
3 22 62 23
3 23 62 63
3 23 63 24
3 24 63 64
3 24 64 25
3 25 64 65
3 25 65 26
3 26 65 66
3 26 66 27
3 27 66 67
3 27 67 28
3 28 67 68
3 28 68 29
3 29 68 69
3 29 69 30
3 30 69 70
3 30 70 31
3 31 70 71
3 31 71 32
3 32 71 72
3 32 72 33
3 33 72 73
3 33 73 34
3 34 73 74
3 34 74 35
3 35 74 75
3 35 75 36
3 36 75 76
3 36 76 37
3 37 76 77
3 37 77 38
3 38 77 78
3 38 78 39
3 39 78 79
3 40 80 41
3 41 80 81
3 41 81 42
3 42 81 82
3 42 82 43
3 43 82 83
3 43 83 44
3 44 83 84
3 44 84 45
3 45 84 85
3 45 85 46
3 46 85 86
3 46 86 47
3 47 86 87
3 47 87 48
3 48 87 88
3 48 88 49
3 49 88 89
3 49 89 50
3 50 89 90
3 50 90 51
3 51 90 91
3 51 91 52
3 52 91 92
3 52 92 53
3 53 92 93
3 53 93 54
3 54 93 94
3 54 94 55
3 55 94 95
3 55 95 56
3 56 95 96
3 56 96 57
3 57 96 97
3 57 97 58
3 58 97 98
3 58 98 59
3 59 98 99
3 59 99 60
3 60 99 100
3 60 100 61
3 61 100 101
3 61 101 62
3 62 101 102
3 62 102 63
3 63 102 103
3 63 103 64
3 64 103 104
3 64 104 65
3 65 104 105
3 65 105 66
3 66 105 106
3 66 106 67
3 67 106 107
3 67 107 68
3 68 107 108
3 68 108 69
3 69 108 109
3 69 109 70
3 70 109 110
3 70 110 71
3 71 110 111
3 71 111 72
3 72 111 112
3 72 112 73
3 73 112 113
3 73 113 74
3 74 113 114
3 74 114 75
3 75 114 115
3 75 115 76
3 76 115 116
3 76 116 77
3 77 116 117
3 77 117 78
3 78 117 118
3 78 118 79
3 79 118 119
3 80 120 81
3 81 120 121
3 81 121 82
3 82 121 122
3 82 122 83
3 83 122 123
3 83 123 84
3 84 123 124
3 84 124 85
3 85 124 125
3 85 125 86
3 86 125 126
3 86 126 87
3 87 126 127
3 87 127 88
3 88 127 128
3 88 128 89
3 89 128 129
3 89 129 90
3 90 129 130
3 90 130 91
3 91 130 131
3 91 131 92
3 92 131 132
3 92 132 93
3 93 132 133
3 93 133 94
3 94 133 134
3 94 134 95
3 95 134 135
3 95 135 96
3 96 135 136
3 96 136 97
3 97 136 137
3 97 137 98
3 98 137 138
3 98 138 99
3 99 138 139
3 99 139 100
3 100 139 140
3 100 140 101
3 101 140 141
3 101 141 102
3 102 141 142
3 102 142 103
3 103 142 143
3 103 143 104
3 104 143 144
3 104 144 105
3 105 144 145
3 105 145 106
3 106 145 146
3 106 146 107
3 107 146 147
3 107 147 108
3 108 147 148
3 108 148 109
3 109 148 149
3 109 149 110
3 110 149 150
3 110 150 111
3 111 150 151
3 111 151 112
3 112 151 152
3 112 152 113
3 113 152 153
3 113 153 114
3 114 153 154
3 114 154 115
3 115 154 155
3 115 155 116
3 116 155 156
3 116 156 117
3 117 156 157
3 117 157 118
3 118 157 158
3 118 158 119
3 119 158 159
3 120 160 121
3 121 160 161
3 121 161 122
3 122 161 162
3 122 162 123
3 123 162 163
3 123 163 124
3 124 163 164
3 124 164 125
3 125 164 165
3 125 165 126
3 126 165 166
3 126 166 127
3 127 166 167
3 127 167 128
3 128 167 168
3 128 168 129
3 129 168 169
3 129 169 130
3 130 169 170
3 130 170 131
3 131 170 171
3 131 171 132
3 132 171 172
3 132 172 133
3 133 172 173
3 133 173 134
3 134 173 174
3 134 174 135
3 135 174 175
3 135 175 136
3 136 175 176
3 136 176 137
3 137 176 177
3 137 177 138
3 138 177 178
3 138 178 139
3 139 178 179
3 139 179 140
3 140 179 180
3 140 180 141
3 141 180 181
3 141 181 142
3 142 181 182
3 142 182 143
3 143 182 183
3 143 183 144
3 144 183 184
3 144 184 145
3 145 184 185
3 145 185 146
3 146 185 186
3 146 186 147
3 147 186 187
3 147 187 148
3 148 187 188
3 148 188 149
3 149 188 189
3 149 189 150
3 150 189 190
3 150 190 151
3 151 190 191
3 151 191 152
3 152 191 192
3 152 192 153
3 153 192 193
3 153 193 154
3 154 193 194
3 154 194 155
3 155 194 195
3 155 195 156
3 156 195 196
3 156 196 157
3 157 196 197
3 157 197 158
3 158 197 198
3 158 198 159
3 159 198 199
3 160 200 161
3 161 200 201
3 161 201 162
3 162 201 202
3 162 202 163
3 163 202 203
3 163 203 164
3 164 203 204
3 164 204 165
3 165 204 205
3 165 205 166
3 166 205 206
3 166 206 167
3 167 206 207
3 167 207 168
3 168 207 208
3 168 208 169
3 169 208 209
3 169 209 170
3 170 209 210
3 170 210 171
3 171 210 211
3 171 211 172
3 172 211 212
3 172 212 173
3 173 212 213
3 173 213 174
3 174 213 214
3 174 214 175
3 175 214 215
3 175 215 176
3 176 215 216
3 176 216 177
3 177 216 217
3 177 217 178
3 178 217 218
3 178 218 179
3 179 218 219
3 179 219 180
3 180 219 220
3 180 220 181
3 181 220 221
3 181 221 182
3 182 221 222
3 182 222 183
3 183 222 223
3 183 223 184
3 184 223 224
3 184 224 185
3 185 224 225
3 185 225 186
3 186 225 226
3 186 226 187
3 187 226 227
3 187 227 188
3 188 227 228
3 188 228 189
3 189 228 229
3 189 229 190
3 190 229 230
3 190 230 191
3 191 230 231
3 191 231 192
3 192 231 232
3 192 232 193
3 193 232 233
3 193 233 194
3 194 233 234
3 194 234 195
3 195 234 235
3 195 235 196
3 196 235 236
3 196 236 197
3 197 236 237
3 197 237 198
3 198 237 238
3 198 238 199
3 199 238 239
3 200 240 201
3 201 240 241
3 201 241 202
3 202 241 242
3 202 242 203
3 203 242 243
3 203 243 204
3 204 243 244
3 204 244 205
3 205 244 245
3 205 245 206
3 206 245 246
3 206 246 207
3 207 246 247
3 207 247 208
3 208 247 248
3 208 248 209
3 209 248 249
3 209 249 210
3 210 249 250
3 210 250 211
3 211 250 251
3 211 251 212
3 212 251 252
3 212 252 213
3 213 252 253
3 213 253 214
3 214 253 254
3 214 254 215
3 215 254 255
3 215 255 216
3 216 255 256
3 216 256 217
3 217 256 257
3 217 257 218
3 218 257 258
3 218 258 219
3 219 258 259
3 219 259 220
3 220 259 260
3 220 260 221
3 221 260 261
3 221 261 222
3 222 261 262
3 222 262 223
3 223 262 263
3 223 263 224
3 224 263 264
3 224 264 225
3 225 264 265
3 225 265 226
3 226 265 266
3 226 266 227
3 227 266 267
3 227 267 228
3 228 267 268
3 228 268 229
3 229 268 269
3 229 269 230
3 230 269 270
3 230 270 231
3 231 270 271
3 231 271 232
3 232 271 272
3 232 272 233
3 233 272 273
3 233 273 234
3 234 273 274
3 234 274 235
3 235 274 275
3 235 275 236
3 236 275 276
3 236 276 237
3 237 276 277
3 237 277 238
3 238 277 278
3 238 278 239
3 239 278 279
3 240 280 241
3 241 280 281
3 241 281 242
3 242 281 282
3 242 282 243
3 243 282 283
3 243 283 244
3 244 283 284
3 244 284 245
3 245 284 285
3 245 285 246
3 246 285 286
3 246 286 247
3 247 286 287
3 247 287 248
3 248 287 288
3 248 288 249
3 249 288 289
3 249 289 250
3 250 289 290
3 250 290 251
3 251 290 291
3 251 291 252
3 252 291 292
3 252 292 253
3 253 292 293
3 253 293 254
3 254 293 294
3 254 294 255
3 255 294 295
3 255 295 256
3 256 295 296
3 256 296 257
3 257 296 297
3 257 297 258
3 258 297 298
3 258 298 259
3 259 298 299
3 259 299 260
3 260 299 300
3 260 300 261
3 261 300 301
3 261 301 262
3 262 301 302
3 262 302 263
3 263 302 303
3 263 303 264
3 264 303 304
3 264 304 265
3 265 304 305
3 265 305 266
3 266 305 306
3 266 306 267
3 267 306 307
3 267 307 268
3 268 307 308
3 268 308 269
3 269 308 309
3 269 309 270
3 270 309 310
3 270 310 271
3 271 310 311
3 271 311 272
3 272 311 312
3 272 312 273
3 273 312 313
3 273 313 274
3 274 313 314
3 274 314 275
3 275 314 315
3 275 315 276
3 276 315 316
3 276 316 277
3 277 316 317
3 277 317 278
3 278 317 318
3 278 318 279
3 279 318 319
3 280 320 281
3 281 320 321
3 281 321 282
3 282 321 322
3 282 322 283
3 283 322 323
3 283 323 284
3 284 323 324
3 284 324 285
3 285 324 325
3 285 325 286
3 286 325 326
3 286 326 287
3 287 326 327
3 287 327 288
3 288 327 328
3 288 328 289
3 289 328 329
3 289 329 290
3 290 329 330
3 290 330 291
3 291 330 331
3 291 331 292
3 292 331 332
3 292 332 293
3 293 332 333
3 293 333 294
3 294 333 334
3 294 334 295
3 295 334 335
3 295 335 296
3 296 335 336
3 296 336 297
3 297 336 337
3 297 337 298
3 298 337 338
3 298 338 299
3 299 338 339
3 299 339 300
3 300 339 340
3 300 340 301
3 301 340 341
3 301 341 302
3 302 341 342
3 302 342 303
3 303 342 343
3 303 343 304
3 304 343 344
3 304 344 305
3 305 344 345
3 305 345 306
3 306 345 346
3 306 346 307
3 307 346 347
3 307 347 308
3 308 347 348
3 308 348 309
3 309 348 349
3 309 349 310
3 310 349 350
3 310 350 311
3 311 350 351
3 311 351 312
3 312 351 352
3 312 352 313
3 313 352 353
3 313 353 314
3 314 353 354
3 314 354 315
3 315 354 355
3 315 355 316
3 316 355 356
3 316 356 317
3 317 356 357
3 317 357 318
3 318 357 358
3 318 358 319
3 319 358 359
3 320 360 321
3 321 360 361
3 321 361 322
3 322 361 362
3 322 362 323
3 323 362 363
3 323 363 324
3 324 363 364
3 324 364 325
3 325 364 365
3 325 365 326
3 326 365 366
3 326 366 327
3 327 366 367
3 327 367 328
3 328 367 368
3 328 368 329
3 329 368 369
3 329 369 330
3 330 369 370
3 330 370 331
3 331 370 371
3 331 371 332
3 332 371 372
3 332 372 333
3 333 372 373
3 333 373 334
3 334 373 374
3 334 374 335
3 335 374 375
3 335 375 336
3 336 375 376
3 336 376 337
3 337 376 377
3 337 377 338
3 338 377 378
3 338 378 339
3 339 378 379
3 339 379 340
3 340 379 380
3 340 380 341
3 341 380 381
3 341 381 342
3 342 381 382
3 342 382 343
3 343 382 383
3 343 383 344
3 344 383 384
3 344 384 345
3 345 384 385
3 345 385 346
3 346 385 386
3 346 386 347
3 347 386 387
3 347 387 348
3 348 387 388
3 348 388 349
3 349 388 389
3 349 389 350
3 350 389 390
3 350 390 351
3 351 390 391
3 351 391 352
3 352 391 392
3 352 392 353
3 353 392 393
3 353 393 354
3 354 393 394
3 354 394 355
3 355 394 395
3 355 395 356
3 356 395 396
3 356 396 357
3 357 396 397
3 357 397 358
3 358 397 398
3 358 398 359
3 359 398 399
3 360 400 361
3 361 400 401
3 361 401 362
3 362 401 402
3 362 402 363
3 363 402 403
3 363 403 364
3 364 403 404
3 364 404 365
3 365 404 405
3 365 405 366
3 366 405 406
3 366 406 367
3 367 406 407
3 367 407 368
3 368 407 408
3 368 408 369
3 369 408 409
3 369 409 370
3 370 409 410
3 370 410 371
3 371 410 411
3 371 411 372
3 372 411 412
3 372 412 373
3 373 412 413
3 373 413 374
3 374 413 414
3 374 414 375
3 375 414 415
3 375 415 376
3 376 415 416
3 376 416 377
3 377 416 417
3 377 417 378
3 378 417 418
3 378 418 379
3 379 418 419
3 379 419 380
3 380 419 420
3 380 420 381
3 381 420 421
3 381 421 382
3 382 421 422
3 382 422 383
3 383 422 423
3 383 423 384
3 384 423 424
3 384 424 385
3 385 424 425
3 385 425 386
3 386 425 426
3 386 426 387
3 387 426 427
3 387 427 388
3 388 427 428
3 388 428 389
3 389 428 429
3 389 429 390
3 390 429 430
3 390 430 391
3 391 430 431
3 391 431 392
3 392 431 432
3 392 432 393
3 393 432 433
3 393 433 394
3 394 433 434
3 394 434 395
3 395 434 435
3 395 435 396
3 396 435 436
3 396 436 397
3 397 436 437
3 397 437 398
3 398 437 438
3 398 438 399
3 399 438 439
3 400 440 401
3 401 440 441
3 401 441 402
3 402 441 442
3 402 442 403
3 403 442 443
3 403 443 404
3 404 443 444
3 404 444 405
3 405 444 445
3 405 445 406
3 406 445 446
3 406 446 407
3 407 446 447
3 407 447 408
3 408 447 448
3 408 448 409
3 409 448 449
3 409 449 410
3 410 449 450
3 410 450 411
3 411 450 451
3 411 451 412
3 412 451 452
3 412 452 413
3 413 452 453
3 413 453 414
3 414 453 454
3 414 454 415
3 415 454 455
3 415 455 416
3 416 455 456
3 416 456 417
3 417 456 457
3 417 457 418
3 418 457 458
3 418 458 419
3 419 458 459
3 419 459 420
3 420 459 460
3 420 460 421
3 421 460 461
3 421 461 422
3 422 461 462
3 422 462 423
3 423 462 463
3 423 463 424
3 424 463 464
3 424 464 425
3 425 464 465
3 425 465 426
3 426 465 466
3 426 466 427
3 427 466 467
3 427 467 428
3 428 467 468
3 428 468 429
3 429 468 469
3 429 469 430
3 430 469 470
3 430 470 431
3 431 470 471
3 431 471 432
3 432 471 472
3 432 472 433
3 433 472 473
3 433 473 434
3 434 473 474
3 434 474 435
3 435 474 475
3 435 475 436
3 436 475 476
3 436 476 437
3 437 476 477
3 437 477 438
3 438 477 478
3 438 478 439
3 439 478 479
3 440 480 441
3 441 480 481
3 441 481 442
3 442 481 482
3 442 482 443
3 443 482 483
3 443 483 444
3 444 483 484
3 444 484 445
3 445 484 485
3 445 485 446
3 446 485 486
3 446 486 447
3 447 486 487
3 447 487 448
3 448 487 488
3 448 488 449
3 449 488 489
3 449 489 450
3 450 489 490
3 450 490 451
3 451 490 491
3 451 491 452
3 452 491 492
3 452 492 453
3 453 492 493
3 453 493 454
3 454 493 494
3 454 494 455
3 455 494 495
3 455 495 456
3 456 495 496
3 456 496 457
3 457 496 497
3 457 497 458
3 458 497 498
3 458 498 459
3 459 498 499
3 459 499 460
3 460 499 500
3 460 500 461
3 461 500 501
3 461 501 462
3 462 501 502
3 462 502 463
3 463 502 503
3 463 503 464
3 464 503 504
3 464 504 465
3 465 504 505
3 465 505 466
3 466 505 506
3 466 506 467
3 467 506 507
3 467 507 468
3 468 507 508
3 468 508 469
3 469 508 509
3 469 509 470
3 470 509 510
3 470 510 471
3 471 510 511
3 471 511 472
3 472 511 512
3 472 512 473
3 473 512 513
3 473 513 474
3 474 513 514
3 474 514 475
3 475 514 515
3 475 515 476
3 476 515 516
3 476 516 477
3 477 516 517
3 477 517 478
3 478 517 518
3 478 518 479
3 479 518 519
3 480 520 481
3 481 520 521
3 481 521 482
3 482 521 522
3 482 522 483
3 483 522 523
3 483 523 484
3 484 523 524
3 484 524 485
3 485 524 525
3 485 525 486
3 486 525 526
3 486 526 487
3 487 526 527
3 487 527 488
3 488 527 528
3 488 528 489
3 489 528 529
3 489 529 490
3 490 529 530
3 490 530 491
3 491 530 531
3 491 531 492
3 492 531 532
3 492 532 493
3 493 532 533
3 493 533 494
3 494 533 534
3 494 534 495
3 495 534 535
3 495 535 496
3 496 535 536
3 496 536 497
3 497 536 537
3 497 537 498
3 498 537 538
3 498 538 499
3 499 538 539
3 499 539 500
3 500 539 540
3 500 540 501
3 501 540 541
3 501 541 502
3 502 541 542
3 502 542 503
3 503 542 543
3 503 543 504
3 504 543 544
3 504 544 505
3 505 544 545
3 505 545 506
3 506 545 546
3 506 546 507
3 507 546 547
3 507 547 508
3 508 547 548
3 508 548 509
3 509 548 549
3 509 549 510
3 510 549 550
3 510 550 511
3 511 550 551
3 511 551 512
3 512 551 552
3 512 552 513
3 513 552 553
3 513 553 514
3 514 553 554
3 514 554 515
3 515 554 555
3 515 555 516
3 516 555 556
3 516 556 517
3 517 556 557
3 517 557 518
3 518 557 558
3 518 558 519
3 519 558 559
3 520 560 521
3 521 560 561
3 521 561 522
3 522 561 562
3 522 562 523
3 523 562 563
3 523 563 524
3 524 563 564
3 524 564 525
3 525 564 565
3 525 565 526
3 526 565 566
3 526 566 527
3 527 566 567
3 527 567 528
3 528 567 568
3 528 568 529
3 529 568 569
3 529 569 530
3 530 569 570
3 530 570 531
3 531 570 571
3 531 571 532
3 532 571 572
3 532 572 533
3 533 572 573
3 533 573 534
3 534 573 574
3 534 574 535
3 535 574 575
3 535 575 536
3 536 575 576
3 536 576 537
3 537 576 577
3 537 577 538
3 538 577 578
3 538 578 539
3 539 578 579
3 539 579 540
3 540 579 580
3 540 580 541
3 541 580 581
3 541 581 542
3 542 581 582
3 542 582 543
3 543 582 583
3 543 583 544
3 544 583 584
3 544 584 545
3 545 584 585
3 545 585 546
3 546 585 586
3 546 586 547
3 547 586 587
3 547 587 548
3 548 587 588
3 548 588 549
3 549 588 589
3 549 589 550
3 550 589 590
3 550 590 551
3 551 590 591
3 551 591 552
3 552 591 592
3 552 592 553
3 553 592 593
3 553 593 554
3 554 593 594
3 554 594 555
3 555 594 595
3 555 595 556
3 556 595 596
3 556 596 557
3 557 596 597
3 557 597 558
3 558 597 598
3 558 598 559
3 559 598 599
3 560 600 561
3 561 600 601
3 561 601 562
3 562 601 602
3 562 602 563
3 563 602 603
3 563 603 564
3 564 603 604
3 564 604 565
3 565 604 605
3 565 605 566
3 566 605 606
3 566 606 567
3 567 606 607
3 567 607 568
3 568 607 608
3 568 608 569
3 569 608 609
3 569 609 570
3 570 609 610
3 570 610 571
3 571 610 611
3 571 611 572
3 572 611 612
3 572 612 573
3 573 612 613
3 573 613 574
3 574 613 614
3 574 614 575
3 575 614 615
3 575 615 576
3 576 615 616
3 576 616 577
3 577 616 617
3 577 617 578
3 578 617 618
3 578 618 579
3 579 618 619
3 579 619 580
3 580 619 620
3 580 620 581
3 581 620 621
3 581 621 582
3 582 621 622
3 582 622 583
3 583 622 623
3 583 623 584
3 584 623 624
3 584 624 585
3 585 624 625
3 585 625 586
3 586 625 626
3 586 626 587
3 587 626 627
3 587 627 588
3 588 627 628
3 588 628 589
3 589 628 629
3 589 629 590
3 590 629 630
3 590 630 591
3 591 630 631
3 591 631 592
3 592 631 632
3 592 632 593
3 593 632 633
3 593 633 594
3 594 633 634
3 594 634 595
3 595 634 635
3 595 635 596
3 596 635 636
3 596 636 597
3 597 636 637
3 597 637 598
3 598 637 638
3 598 638 599
3 599 638 639
3 600 640 601
3 601 640 641
3 601 641 602
3 602 641 642
3 602 642 603
3 603 642 643
3 603 643 604
3 604 643 644
3 604 644 605
3 605 644 645
3 605 645 606
3 606 645 646
3 606 646 607
3 607 646 647
3 607 647 608
3 608 647 648
3 608 648 609
3 609 648 649
3 609 649 610
3 610 649 650
3 610 650 611
3 611 650 651
3 611 651 612
3 612 651 652
3 612 652 613
3 613 652 653
3 613 653 614
3 614 653 654
3 614 654 615
3 615 654 655
3 615 655 616
3 616 655 656
3 616 656 617
3 617 656 657
3 617 657 618
3 618 657 658
3 618 658 619
3 619 658 659
3 619 659 620
3 620 659 660
3 620 660 621
3 621 660 661
3 621 661 622
3 622 661 662
3 622 662 623
3 623 662 663
3 623 663 624
3 624 663 664
3 624 664 625
3 625 664 665
3 625 665 626
3 626 665 666
3 626 666 627
3 627 666 667
3 627 667 628
3 628 667 668
3 628 668 629
3 629 668 669
3 629 669 630
3 630 669 670
3 630 670 631
3 631 670 671
3 631 671 632
3 632 671 672
3 632 672 633
3 633 672 673
3 633 673 634
3 634 673 674
3 634 674 635
3 635 674 675
3 635 675 636
3 636 675 676
3 636 676 637
3 637 676 677
3 637 677 638
3 638 677 678
3 638 678 639
3 639 678 679
3 640 680 641
3 641 680 681
3 641 681 642
3 642 681 682
3 642 682 643
3 643 682 683
3 643 683 644
3 644 683 684
3 644 684 645
3 645 684 685
3 645 685 646
3 646 685 686
3 646 686 647
3 647 686 687
3 647 687 648
3 648 687 688
3 648 688 649
3 649 688 689
3 649 689 650
3 650 689 690
3 650 690 651
3 651 690 691
3 651 691 652
3 652 691 692
3 652 692 653
3 653 692 693
3 653 693 654
3 654 693 694
3 654 694 655
3 655 694 695
3 655 695 656
3 656 695 696
3 656 696 657
3 657 696 697
3 657 697 658
3 658 697 698
3 658 698 659
3 659 698 699
3 659 699 660
3 660 699 700
3 660 700 661
3 661 700 701
3 661 701 662
3 662 701 702
3 662 702 663
3 663 702 703
3 663 703 664
3 664 703 704
3 664 704 665
3 665 704 705
3 665 705 666
3 666 705 706
3 666 706 667
3 667 706 707
3 667 707 668
3 668 707 708
3 668 708 669
3 669 708 709
3 669 709 670
3 670 709 710
3 670 710 671
3 671 710 711
3 671 711 672
3 672 711 712
3 672 712 673
3 673 712 713
3 673 713 674
3 674 713 714
3 674 714 675
3 675 714 715
3 675 715 676
3 676 715 716
3 676 716 677
3 677 716 717
3 677 717 678
3 678 717 718
3 678 718 679
3 679 718 719
3 680 720 681
3 681 720 721
3 681 721 682
3 682 721 722
3 682 722 683
3 683 722 723
3 683 723 684
3 684 723 724
3 684 724 685
3 685 724 725
3 685 725 686
3 686 725 726
3 686 726 687
3 687 726 727
3 687 727 688
3 688 727 728
3 688 728 689
3 689 728 729
3 689 729 690
3 690 729 730
3 690 730 691
3 691 730 731
3 691 731 692
3 692 731 732
3 692 732 693
3 693 732 733
3 693 733 694
3 694 733 734
3 694 734 695
3 695 734 735
3 695 735 696
3 696 735 736
3 696 736 697
3 697 736 737
3 697 737 698
3 698 737 738
3 698 738 699
3 699 738 739
3 699 739 700
3 700 739 740
3 700 740 701
3 701 740 741
3 701 741 702
3 702 741 742
3 702 742 703
3 703 742 743
3 703 743 704
3 704 743 744
3 704 744 705
3 705 744 745
3 705 745 706
3 706 745 746
3 706 746 707
3 707 746 747
3 707 747 708
3 708 747 748
3 708 748 709
3 709 748 749
3 709 749 710
3 710 749 750
3 710 750 711
3 711 750 751
3 711 751 712
3 712 751 752
3 712 752 713
3 713 752 753
3 713 753 714
3 714 753 754
3 714 754 715
3 715 754 755
3 715 755 716
3 716 755 756
3 716 756 717
3 717 756 757
3 717 757 718
3 718 757 758
3 718 758 719
3 719 758 759
3 720 760 721
3 721 760 761
3 721 761 722
3 722 761 762
3 722 762 723
3 723 762 763
3 723 763 724
3 724 763 764
3 724 764 725
3 725 764 765
3 725 765 726
3 726 765 766
3 726 766 727
3 727 766 767
3 727 767 728
3 728 767 768
3 728 768 729
3 729 768 769
3 729 769 730
3 730 769 770
3 730 770 731
3 731 770 771
3 731 771 732
3 732 771 772
3 732 772 733
3 733 772 773
3 733 773 734
3 734 773 774
3 734 774 735
3 735 774 775
3 735 775 736
3 736 775 776
3 736 776 737
3 737 776 777
3 737 777 738
3 738 777 778
3 738 778 739
3 739 778 779
3 739 779 740
3 740 779 780
3 740 780 741
3 741 780 781
3 741 781 742
3 742 781 782
3 742 782 743
3 743 782 783
3 743 783 744
3 744 783 784
3 744 784 745
3 745 784 785
3 745 785 746
3 746 785 786
3 746 786 747
3 747 786 787
3 747 787 748
3 748 787 788
3 748 788 749
3 749 788 789
3 749 789 750
3 750 789 790
3 750 790 751
3 751 790 791
3 751 791 752
3 752 791 792
3 752 792 753
3 753 792 793
3 753 793 754
3 754 793 794
3 754 794 755
3 755 794 795
3 755 795 756
3 756 795 796
3 756 796 757
3 757 796 797
3 757 797 758
3 758 797 798
3 758 798 759
3 759 798 799
3 760 800 761
3 761 800 801
3 761 801 762
3 762 801 802
3 762 802 763
3 763 802 803
3 763 803 764
3 764 803 804
3 764 804 765
3 765 804 805
3 765 805 766
3 766 805 806
3 766 806 767
3 767 806 807
3 767 807 768
3 768 807 808
3 768 808 769
3 769 808 809
3 769 809 770
3 770 809 810
3 770 810 771
3 771 810 811
3 771 811 772
3 772 811 812
3 772 812 773
3 773 812 813
3 773 813 774
3 774 813 814
3 774 814 775
3 775 814 815
3 775 815 776
3 776 815 816
3 776 816 777
3 777 816 817
3 777 817 778
3 778 817 818
3 778 818 779
3 779 818 819
3 779 819 780
3 780 819 820
3 780 820 781
3 781 820 821
3 781 821 782
3 782 821 822
3 782 822 783
3 783 822 823
3 783 823 784
3 784 823 824
3 784 824 785
3 785 824 825
3 785 825 786
3 786 825 826
3 786 826 787
3 787 826 827
3 787 827 788
3 788 827 828
3 788 828 789
3 789 828 829
3 789 829 790
3 790 829 830
3 790 830 791
3 791 830 831
3 791 831 792
3 792 831 832
3 792 832 793
3 793 832 833
3 793 833 794
3 794 833 834
3 794 834 795
3 795 834 835
3 795 835 796
3 796 835 836
3 796 836 797
3 797 836 837
3 797 837 798
3 798 837 838
3 798 838 799
3 799 838 839
3 800 840 801
3 801 840 841
3 801 841 802
3 802 841 842
3 802 842 803
3 803 842 843
3 803 843 804
3 804 843 844
3 804 844 805
3 805 844 845
3 805 845 806
3 806 845 846
3 806 846 807
3 807 846 847
3 807 847 808
3 808 847 848
3 808 848 809
3 809 848 849
3 809 849 810
3 810 849 850
3 810 850 811
3 811 850 851
3 811 851 812
3 812 851 852
3 812 852 813
3 813 852 853
3 813 853 814
3 814 853 854
3 814 854 815
3 815 854 855
3 815 855 816
3 816 855 856
3 816 856 817
3 817 856 857
3 817 857 818
3 818 857 858
3 818 858 819
3 819 858 859
3 819 859 820
3 820 859 860
3 820 860 821
3 821 860 861
3 821 861 822
3 822 861 862
3 822 862 823
3 823 862 863
3 823 863 824
3 824 863 864
3 824 864 825
3 825 864 865
3 825 865 826
3 826 865 866
3 826 866 827
3 827 866 867
3 827 867 828
3 828 867 868
3 828 868 829
3 829 868 869
3 829 869 830
3 830 869 870
3 830 870 831
3 831 870 871
3 831 871 832
3 832 871 872
3 832 872 833
3 833 872 873
3 833 873 834
3 834 873 874
3 834 874 835
3 835 874 875
3 835 875 836
3 836 875 876
3 836 876 837
3 837 876 877
3 837 877 838
3 838 877 878
3 838 878 839
3 839 878 879
3 840 880 841
3 841 880 881
3 841 881 842
3 842 881 882
3 842 882 843
3 843 882 883
3 843 883 844
3 844 883 884
3 844 884 845
3 845 884 885
3 845 885 846
3 846 885 886
3 846 886 847
3 847 886 887
3 847 887 848
3 848 887 888
3 848 888 849
3 849 888 889
3 849 889 850
3 850 889 890
3 850 890 851
3 851 890 891
3 851 891 852
3 852 891 892
3 852 892 853
3 853 892 893
3 853 893 854
3 854 893 894
3 854 894 855
3 855 894 895
3 855 895 856
3 856 895 896
3 856 896 857
3 857 896 897
3 857 897 858
3 858 897 898
3 858 898 859
3 859 898 899
3 859 899 860
3 860 899 900
3 860 900 861
3 861 900 901
3 861 901 862
3 862 901 902
3 862 902 863
3 863 902 903
3 863 903 864
3 864 903 904
3 864 904 865
3 865 904 905
3 865 905 866
3 866 905 906
3 866 906 867
3 867 906 907
3 867 907 868
3 868 907 908
3 868 908 869
3 869 908 909
3 869 909 870
3 870 909 910
3 870 910 871
3 871 910 911
3 871 911 872
3 872 911 912
3 872 912 873
3 873 912 913
3 873 913 874
3 874 913 914
3 874 914 875
3 875 914 915
3 875 915 876
3 876 915 916
3 876 916 877
3 877 916 917
3 877 917 878
3 878 917 918
3 878 918 879
3 879 918 919
3 880 920 881
3 881 920 921
3 881 921 882
3 882 921 922
3 882 922 883
3 883 922 923
3 883 923 884
3 884 923 924
3 884 924 885
3 885 924 925
3 885 925 886
3 886 925 926
3 886 926 887
3 887 926 927
3 887 927 888
3 888 927 928
3 888 928 889
3 889 928 929
3 889 929 890
3 890 929 930
3 890 930 891
3 891 930 931
3 891 931 892
3 892 931 932
3 892 932 893
3 893 932 933
3 893 933 894
3 894 933 934
3 894 934 895
3 895 934 935
3 895 935 896
3 896 935 936
3 896 936 897
3 897 936 937
3 897 937 898
3 898 937 938
3 898 938 899
3 899 938 939
3 899 939 900
3 900 939 940
3 900 940 901
3 901 940 941
3 901 941 902
3 902 941 942
3 902 942 903
3 903 942 943
3 903 943 904
3 904 943 944
3 904 944 905
3 905 944 945
3 905 945 906
3 906 945 946
3 906 946 907
3 907 946 947
3 907 947 908
3 908 947 948
3 908 948 909
3 909 948 949
3 909 949 910
3 910 949 950
3 910 950 911
3 911 950 951
3 911 951 912
3 912 951 952
3 912 952 913
3 913 952 953
3 913 953 914
3 914 953 954
3 914 954 915
3 915 954 955
3 915 955 916
3 916 955 956
3 916 956 917
3 917 956 957
3 917 957 918
3 918 957 958
3 918 958 919
3 919 958 959
3 920 960 921
3 921 960 961
3 921 961 922
3 922 961 962
3 922 962 923
3 923 962 963
3 923 963 924
3 924 963 964
3 924 964 925
3 925 964 965
3 925 965 926
3 926 965 966
3 926 966 927
3 927 966 967
3 927 967 928
3 928 967 968
3 928 968 929
3 929 968 969
3 929 969 930
3 930 969 970
3 930 970 931
3 931 970 971
3 931 971 932
3 932 971 972
3 932 972 933
3 933 972 973
3 933 973 934
3 934 973 974
3 934 974 935
3 935 974 975
3 935 975 936
3 936 975 976
3 936 976 937
3 937 976 977
3 937 977 938
3 938 977 978
3 938 978 939
3 939 978 979
3 939 979 940
3 940 979 980
3 940 980 941
3 941 980 981
3 941 981 942
3 942 981 982
3 942 982 943
3 943 982 983
3 943 983 944
3 944 983 984
3 944 984 945
3 945 984 985
3 945 985 946
3 946 985 986
3 946 986 947
3 947 986 987
3 947 987 948
3 948 987 988
3 948 988 949
3 949 988 989
3 949 989 950
3 950 989 990
3 950 990 951
3 951 990 991
3 951 991 952
3 952 991 992
3 952 992 953
3 953 992 993
3 953 993 954
3 954 993 994
3 954 994 955
3 955 994 995
3 955 995 956
3 956 995 996
3 956 996 957
3 957 996 997
3 957 997 958
3 958 997 998
3 958 998 959
3 959 998 999
3 960 1000 961
3 961 1000 1001
3 961 1001 962
3 962 1001 1002
3 962 1002 963
3 963 1002 1003
3 963 1003 964
3 964 1003 1004
3 964 1004 965
3 965 1004 1005
3 965 1005 966
3 966 1005 1006
3 966 1006 967
3 967 1006 1007
3 967 1007 968
3 968 1007 1008
3 968 1008 969
3 969 1008 1009
3 969 1009 970
3 970 1009 1010
3 970 1010 971
3 971 1010 1011
3 971 1011 972
3 972 1011 1012
3 972 1012 973
3 973 1012 1013
3 973 1013 974
3 974 1013 1014
3 974 1014 975
3 975 1014 1015
3 975 1015 976
3 976 1015 1016
3 976 1016 977
3 977 1016 1017
3 977 1017 978
3 978 1017 1018
3 978 1018 979
3 979 1018 1019
3 979 1019 980
3 980 1019 1020
3 980 1020 981
3 981 1020 1021
3 981 1021 982
3 982 1021 1022
3 982 1022 983
3 983 1022 1023
3 983 1023 984
3 984 1023 1024
3 984 1024 985
3 985 1024 1025
3 985 1025 986
3 986 1025 1026
3 986 1026 987
3 987 1026 1027
3 987 1027 988
3 988 1027 1028
3 988 1028 989
3 989 1028 1029
3 989 1029 990
3 990 1029 1030
3 990 1030 991
3 991 1030 1031
3 991 1031 992
3 992 1031 1032
3 992 1032 993
3 993 1032 1033
3 993 1033 994
3 994 1033 1034
3 994 1034 995
3 995 1034 1035
3 995 1035 996
3 996 1035 1036
3 996 1036 997
3 997 1036 1037
3 997 1037 998
3 998 1037 1038
3 998 1038 999
3 999 1038 1039
3 1000 1040 1001
3 1001 1040 1041
3 1001 1041 1002
3 1002 1041 1042
3 1002 1042 1003
3 1003 1042 1043
3 1003 1043 1004
3 1004 1043 1044
3 1004 1044 1005
3 1005 1044 1045
3 1005 1045 1006
3 1006 1045 1046
3 1006 1046 1007
3 1007 1046 1047
3 1007 1047 1008
3 1008 1047 1048
3 1008 1048 1009
3 1009 1048 1049
3 1009 1049 1010
3 1010 1049 1050
3 1010 1050 1011
3 1011 1050 1051
3 1011 1051 1012
3 1012 1051 1052
3 1012 1052 1013
3 1013 1052 1053
3 1013 1053 1014
3 1014 1053 1054
3 1014 1054 1015
3 1015 1054 1055
3 1015 1055 1016
3 1016 1055 1056
3 1016 1056 1017
3 1017 1056 1057
3 1017 1057 1018
3 1018 1057 1058
3 1018 1058 1019
3 1019 1058 1059
3 1019 1059 1020
3 1020 1059 1060
3 1020 1060 1021
3 1021 1060 1061
3 1021 1061 1022
3 1022 1061 1062
3 1022 1062 1023
3 1023 1062 1063
3 1023 1063 1024
3 1024 1063 1064
3 1024 1064 1025
3 1025 1064 1065
3 1025 1065 1026
3 1026 1065 1066
3 1026 1066 1027
3 1027 1066 1067
3 1027 1067 1028
3 1028 1067 1068
3 1028 1068 1029
3 1029 1068 1069
3 1029 1069 1030
3 1030 1069 1070
3 1030 1070 1031
3 1031 1070 1071
3 1031 1071 1032
3 1032 1071 1072
3 1032 1072 1033
3 1033 1072 1073
3 1033 1073 1034
3 1034 1073 1074
3 1034 1074 1035
3 1035 1074 1075
3 1035 1075 1036
3 1036 1075 1076
3 1036 1076 1037
3 1037 1076 1077
3 1037 1077 1038
3 1038 1077 1078
3 1038 1078 1039
3 1039 1078 1079
3 1040 1080 1041
3 1041 1080 1081
3 1041 1081 1042
3 1042 1081 1082
3 1042 1082 1043
3 1043 1082 1083
3 1043 1083 1044
3 1044 1083 1084
3 1044 1084 1045
3 1045 1084 1085
3 1045 1085 1046
3 1046 1085 1086
3 1046 1086 1047
3 1047 1086 1087
3 1047 1087 1048
3 1048 1087 1088
3 1048 1088 1049
3 1049 1088 1089
3 1049 1089 1050
3 1050 1089 1090
3 1050 1090 1051
3 1051 1090 1091
3 1051 1091 1052
3 1052 1091 1092
3 1052 1092 1053
3 1053 1092 1093
3 1053 1093 1054
3 1054 1093 1094
3 1054 1094 1055
3 1055 1094 1095
3 1055 1095 1056
3 1056 1095 1096
3 1056 1096 1057
3 1057 1096 1097
3 1057 1097 1058
3 1058 1097 1098
3 1058 1098 1059
3 1059 1098 1099
3 1059 1099 1060
3 1060 1099 1100
3 1060 1100 1061
3 1061 1100 1101
3 1061 1101 1062
3 1062 1101 1102
3 1062 1102 1063
3 1063 1102 1103
3 1063 1103 1064
3 1064 1103 1104
3 1064 1104 1065
3 1065 1104 1105
3 1065 1105 1066
3 1066 1105 1106
3 1066 1106 1067
3 1067 1106 1107
3 1067 1107 1068
3 1068 1107 1108
3 1068 1108 1069
3 1069 1108 1109
3 1069 1109 1070
3 1070 1109 1110
3 1070 1110 1071
3 1071 1110 1111
3 1071 1111 1072
3 1072 1111 1112
3 1072 1112 1073
3 1073 1112 1113
3 1073 1113 1074
3 1074 1113 1114
3 1074 1114 1075
3 1075 1114 1115
3 1075 1115 1076
3 1076 1115 1116
3 1076 1116 1077
3 1077 1116 1117
3 1077 1117 1078
3 1078 1117 1118
3 1078 1118 1079
3 1079 1118 1119
3 1080 1120 1081
3 1081 1120 1121
3 1081 1121 1082
3 1082 1121 1122
3 1082 1122 1083
3 1083 1122 1123
3 1083 1123 1084
3 1084 1123 1124
3 1084 1124 1085
3 1085 1124 1125
3 1085 1125 1086
3 1086 1125 1126
3 1086 1126 1087
3 1087 1126 1127
3 1087 1127 1088
3 1088 1127 1128
3 1088 1128 1089
3 1089 1128 1129
3 1089 1129 1090
3 1090 1129 1130
3 1090 1130 1091
3 1091 1130 1131
3 1091 1131 1092
3 1092 1131 1132
3 1092 1132 1093
3 1093 1132 1133
3 1093 1133 1094
3 1094 1133 1134
3 1094 1134 1095
3 1095 1134 1135
3 1095 1135 1096
3 1096 1135 1136
3 1096 1136 1097
3 1097 1136 1137
3 1097 1137 1098
3 1098 1137 1138
3 1098 1138 1099
3 1099 1138 1139
3 1099 1139 1100
3 1100 1139 1140
3 1100 1140 1101
3 1101 1140 1141
3 1101 1141 1102
3 1102 1141 1142
3 1102 1142 1103
3 1103 1142 1143
3 1103 1143 1104
3 1104 1143 1144
3 1104 1144 1105
3 1105 1144 1145
3 1105 1145 1106
3 1106 1145 1146
3 1106 1146 1107
3 1107 1146 1147
3 1107 1147 1108
3 1108 1147 1148
3 1108 1148 1109
3 1109 1148 1149
3 1109 1149 1110
3 1110 1149 1150
3 1110 1150 1111
3 1111 1150 1151
3 1111 1151 1112
3 1112 1151 1152
3 1112 1152 1113
3 1113 1152 1153
3 1113 1153 1114
3 1114 1153 1154
3 1114 1154 1115
3 1115 1154 1155
3 1115 1155 1116
3 1116 1155 1156
3 1116 1156 1117
3 1117 1156 1157
3 1117 1157 1118
3 1118 1157 1158
3 1118 1158 1119
3 1119 1158 1159
3 1120 1160 1121
3 1121 1160 1161
3 1121 1161 1122
3 1122 1161 1162
3 1122 1162 1123
3 1123 1162 1163
3 1123 1163 1124
3 1124 1163 1164
3 1124 1164 1125
3 1125 1164 1165
3 1125 1165 1126
3 1126 1165 1166
3 1126 1166 1127
3 1127 1166 1167
3 1127 1167 1128
3 1128 1167 1168
3 1128 1168 1129
3 1129 1168 1169
3 1129 1169 1130
3 1130 1169 1170
3 1130 1170 1131
3 1131 1170 1171
3 1131 1171 1132
3 1132 1171 1172
3 1132 1172 1133
3 1133 1172 1173
3 1133 1173 1134
3 1134 1173 1174
3 1134 1174 1135
3 1135 1174 1175
3 1135 1175 1136
3 1136 1175 1176
3 1136 1176 1137
3 1137 1176 1177
3 1137 1177 1138
3 1138 1177 1178
3 1138 1178 1139
3 1139 1178 1179
3 1139 1179 1140
3 1140 1179 1180
3 1140 1180 1141
3 1141 1180 1181
3 1141 1181 1142
3 1142 1181 1182
3 1142 1182 1143
3 1143 1182 1183
3 1143 1183 1144
3 1144 1183 1184
3 1144 1184 1145
3 1145 1184 1185
3 1145 1185 1146
3 1146 1185 1186
3 1146 1186 1147
3 1147 1186 1187
3 1147 1187 1148
3 1148 1187 1188
3 1148 1188 1149
3 1149 1188 1189
3 1149 1189 1150
3 1150 1189 1190
3 1150 1190 1151
3 1151 1190 1191
3 1151 1191 1152
3 1152 1191 1192
3 1152 1192 1153
3 1153 1192 1193
3 1153 1193 1154
3 1154 1193 1194
3 1154 1194 1155
3 1155 1194 1195
3 1155 1195 1156
3 1156 1195 1196
3 1156 1196 1157
3 1157 1196 1197
3 1157 1197 1158
3 1158 1197 1198
3 1158 1198 1159
3 1159 1198 1199
3 1160 1200 1161
3 1161 1200 1201
3 1161 1201 1162
3 1162 1201 1202
3 1162 1202 1163
3 1163 1202 1203
3 1163 1203 1164
3 1164 1203 1204
3 1164 1204 1165
3 1165 1204 1205
3 1165 1205 1166
3 1166 1205 1206
3 1166 1206 1167
3 1167 1206 1207
3 1167 1207 1168
3 1168 1207 1208
3 1168 1208 1169
3 1169 1208 1209
3 1169 1209 1170
3 1170 1209 1210
3 1170 1210 1171
3 1171 1210 1211
3 1171 1211 1172
3 1172 1211 1212
3 1172 1212 1173
3 1173 1212 1213
3 1173 1213 1174
3 1174 1213 1214
3 1174 1214 1175
3 1175 1214 1215
3 1175 1215 1176
3 1176 1215 1216
3 1176 1216 1177
3 1177 1216 1217
3 1177 1217 1178
3 1178 1217 1218
3 1178 1218 1179
3 1179 1218 1219
3 1179 1219 1180
3 1180 1219 1220
3 1180 1220 1181
3 1181 1220 1221
3 1181 1221 1182
3 1182 1221 1222
3 1182 1222 1183
3 1183 1222 1223
3 1183 1223 1184
3 1184 1223 1224
3 1184 1224 1185
3 1185 1224 1225
3 1185 1225 1186
3 1186 1225 1226
3 1186 1226 1187
3 1187 1226 1227
3 1187 1227 1188
3 1188 1227 1228
3 1188 1228 1189
3 1189 1228 1229
3 1189 1229 1190
3 1190 1229 1230
3 1190 1230 1191
3 1191 1230 1231
3 1191 1231 1192
3 1192 1231 1232
3 1192 1232 1193
3 1193 1232 1233
3 1193 1233 1194
3 1194 1233 1234
3 1194 1234 1195
3 1195 1234 1235
3 1195 1235 1196
3 1196 1235 1236
3 1196 1236 1197
3 1197 1236 1237
3 1197 1237 1198
3 1198 1237 1238
3 1198 1238 1199
3 1199 1238 1239
3 1200 1240 1201
3 1201 1240 1241
3 1201 1241 1202
3 1202 1241 1242
3 1202 1242 1203
3 1203 1242 1243
3 1203 1243 1204
3 1204 1243 1244
3 1204 1244 1205
3 1205 1244 1245
3 1205 1245 1206
3 1206 1245 1246
3 1206 1246 1207
3 1207 1246 1247
3 1207 1247 1208
3 1208 1247 1248
3 1208 1248 1209
3 1209 1248 1249
3 1209 1249 1210
3 1210 1249 1250
3 1210 1250 1211
3 1211 1250 1251
3 1211 1251 1212
3 1212 1251 1252
3 1212 1252 1213
3 1213 1252 1253
3 1213 1253 1214
3 1214 1253 1254
3 1214 1254 1215
3 1215 1254 1255
3 1215 1255 1216
3 1216 1255 1256
3 1216 1256 1217
3 1217 1256 1257
3 1217 1257 1218
3 1218 1257 1258
3 1218 1258 1219
3 1219 1258 1259
3 1219 1259 1220
3 1220 1259 1260
3 1220 1260 1221
3 1221 1260 1261
3 1221 1261 1222
3 1222 1261 1262
3 1222 1262 1223
3 1223 1262 1263
3 1223 1263 1224
3 1224 1263 1264
3 1224 1264 1225
3 1225 1264 1265
3 1225 1265 1226
3 1226 1265 1266
3 1226 1266 1227
3 1227 1266 1267
3 1227 1267 1228
3 1228 1267 1268
3 1228 1268 1229
3 1229 1268 1269
3 1229 1269 1230
3 1230 1269 1270
3 1230 1270 1231
3 1231 1270 1271
3 1231 1271 1232
3 1232 1271 1272
3 1232 1272 1233
3 1233 1272 1273
3 1233 1273 1234
3 1234 1273 1274
3 1234 1274 1235
3 1235 1274 1275
3 1235 1275 1236
3 1236 1275 1276
3 1236 1276 1237
3 1237 1276 1277
3 1237 1277 1238
3 1238 1277 1278
3 1238 1278 1239
3 1239 1278 1279
3 1240 1280 1241
3 1241 1280 1281
3 1241 1281 1242
3 1242 1281 1282
3 1242 1282 1243
3 1243 1282 1283
3 1243 1283 1244
3 1244 1283 1284
3 1244 1284 1245
3 1245 1284 1285
3 1245 1285 1246
3 1246 1285 1286
3 1246 1286 1247
3 1247 1286 1287
3 1247 1287 1248
3 1248 1287 1288
3 1248 1288 1249
3 1249 1288 1289
3 1249 1289 1250
3 1250 1289 1290
3 1250 1290 1251
3 1251 1290 1291
3 1251 1291 1252
3 1252 1291 1292
3 1252 1292 1253
3 1253 1292 1293
3 1253 1293 1254
3 1254 1293 1294
3 1254 1294 1255
3 1255 1294 1295
3 1255 1295 1256
3 1256 1295 1296
3 1256 1296 1257
3 1257 1296 1297
3 1257 1297 1258
3 1258 1297 1298
3 1258 1298 1259
3 1259 1298 1299
3 1259 1299 1260
3 1260 1299 1300
3 1260 1300 1261
3 1261 1300 1301
3 1261 1301 1262
3 1262 1301 1302
3 1262 1302 1263
3 1263 1302 1303
3 1263 1303 1264
3 1264 1303 1304
3 1264 1304 1265
3 1265 1304 1305
3 1265 1305 1266
3 1266 1305 1306
3 1266 1306 1267
3 1267 1306 1307
3 1267 1307 1268
3 1268 1307 1308
3 1268 1308 1269
3 1269 1308 1309
3 1269 1309 1270
3 1270 1309 1310
3 1270 1310 1271
3 1271 1310 1311
3 1271 1311 1272
3 1272 1311 1312
3 1272 1312 1273
3 1273 1312 1313
3 1273 1313 1274
3 1274 1313 1314
3 1274 1314 1275
3 1275 1314 1315
3 1275 1315 1276
3 1276 1315 1316
3 1276 1316 1277
3 1277 1316 1317
3 1277 1317 1278
3 1278 1317 1318
3 1278 1318 1279
3 1279 1318 1319
3 1280 1320 1281
3 1281 1320 1321
3 1281 1321 1282
3 1282 1321 1322
3 1282 1322 1283
3 1283 1322 1323
3 1283 1323 1284
3 1284 1323 1324
3 1284 1324 1285
3 1285 1324 1325
3 1285 1325 1286
3 1286 1325 1326
3 1286 1326 1287
3 1287 1326 1327
3 1287 1327 1288
3 1288 1327 1328
3 1288 1328 1289
3 1289 1328 1329
3 1289 1329 1290
3 1290 1329 1330
3 1290 1330 1291
3 1291 1330 1331
3 1291 1331 1292
3 1292 1331 1332
3 1292 1332 1293
3 1293 1332 1333
3 1293 1333 1294
3 1294 1333 1334
3 1294 1334 1295
3 1295 1334 1335
3 1295 1335 1296
3 1296 1335 1336
3 1296 1336 1297
3 1297 1336 1337
3 1297 1337 1298
3 1298 1337 1338
3 1298 1338 1299
3 1299 1338 1339
3 1299 1339 1300
3 1300 1339 1340
3 1300 1340 1301
3 1301 1340 1341
3 1301 1341 1302
3 1302 1341 1342
3 1302 1342 1303
3 1303 1342 1343
3 1303 1343 1304
3 1304 1343 1344
3 1304 1344 1305
3 1305 1344 1345
3 1305 1345 1306
3 1306 1345 1346
3 1306 1346 1307
3 1307 1346 1347
3 1307 1347 1308
3 1308 1347 1348
3 1308 1348 1309
3 1309 1348 1349
3 1309 1349 1310
3 1310 1349 1350
3 1310 1350 1311
3 1311 1350 1351
3 1311 1351 1312
3 1312 1351 1352
3 1312 1352 1313
3 1313 1352 1353
3 1313 1353 1314
3 1314 1353 1354
3 1314 1354 1315
3 1315 1354 1355
3 1315 1355 1316
3 1316 1355 1356
3 1316 1356 1317
3 1317 1356 1357
3 1317 1357 1318
3 1318 1357 1358
3 1318 1358 1319
3 1319 1358 1359
3 1320 1360 1321
3 1321 1360 1361
3 1321 1361 1322
3 1322 1361 1362
3 1322 1362 1323
3 1323 1362 1363
3 1323 1363 1324
3 1324 1363 1364
3 1324 1364 1325
3 1325 1364 1365
3 1325 1365 1326
3 1326 1365 1366
3 1326 1366 1327
3 1327 1366 1367
3 1327 1367 1328
3 1328 1367 1368
3 1328 1368 1329
3 1329 1368 1369
3 1329 1369 1330
3 1330 1369 1370
3 1330 1370 1331
3 1331 1370 1371
3 1331 1371 1332
3 1332 1371 1372
3 1332 1372 1333
3 1333 1372 1373
3 1333 1373 1334
3 1334 1373 1374
3 1334 1374 1335
3 1335 1374 1375
3 1335 1375 1336
3 1336 1375 1376
3 1336 1376 1337
3 1337 1376 1377
3 1337 1377 1338
3 1338 1377 1378
3 1338 1378 1339
3 1339 1378 1379
3 1339 1379 1340
3 1340 1379 1380
3 1340 1380 1341
3 1341 1380 1381
3 1341 1381 1342
3 1342 1381 1382
3 1342 1382 1343
3 1343 1382 1383
3 1343 1383 1344
3 1344 1383 1384
3 1344 1384 1345
3 1345 1384 1385
3 1345 1385 1346
3 1346 1385 1386
3 1346 1386 1347
3 1347 1386 1387
3 1347 1387 1348
3 1348 1387 1388
3 1348 1388 1349
3 1349 1388 1389
3 1349 1389 1350
3 1350 1389 1390
3 1350 1390 1351
3 1351 1390 1391
3 1351 1391 1352
3 1352 1391 1392
3 1352 1392 1353
3 1353 1392 1393
3 1353 1393 1354
3 1354 1393 1394
3 1354 1394 1355
3 1355 1394 1395
3 1355 1395 1356
3 1356 1395 1396
3 1356 1396 1357
3 1357 1396 1397
3 1357 1397 1358
3 1358 1397 1398
3 1358 1398 1359
3 1359 1398 1399
3 1360 1400 1361
3 1361 1400 1401
3 1361 1401 1362
3 1362 1401 1402
3 1362 1402 1363
3 1363 1402 1403
3 1363 1403 1364
3 1364 1403 1404
3 1364 1404 1365
3 1365 1404 1405
3 1365 1405 1366
3 1366 1405 1406
3 1366 1406 1367
3 1367 1406 1407
3 1367 1407 1368
3 1368 1407 1408
3 1368 1408 1369
3 1369 1408 1409
3 1369 1409 1370
3 1370 1409 1410
3 1370 1410 1371
3 1371 1410 1411
3 1371 1411 1372
3 1372 1411 1412
3 1372 1412 1373
3 1373 1412 1413
3 1373 1413 1374
3 1374 1413 1414
3 1374 1414 1375
3 1375 1414 1415
3 1375 1415 1376
3 1376 1415 1416
3 1376 1416 1377
3 1377 1416 1417
3 1377 1417 1378
3 1378 1417 1418
3 1378 1418 1379
3 1379 1418 1419
3 1379 1419 1380
3 1380 1419 1420
3 1380 1420 1381
3 1381 1420 1421
3 1381 1421 1382
3 1382 1421 1422
3 1382 1422 1383
3 1383 1422 1423
3 1383 1423 1384
3 1384 1423 1424
3 1384 1424 1385
3 1385 1424 1425
3 1385 1425 1386
3 1386 1425 1426
3 1386 1426 1387
3 1387 1426 1427
3 1387 1427 1388
3 1388 1427 1428
3 1388 1428 1389
3 1389 1428 1429
3 1389 1429 1390
3 1390 1429 1430
3 1390 1430 1391
3 1391 1430 1431
3 1391 1431 1392
3 1392 1431 1432
3 1392 1432 1393
3 1393 1432 1433
3 1393 1433 1394
3 1394 1433 1434
3 1394 1434 1395
3 1395 1434 1435
3 1395 1435 1396
3 1396 1435 1436
3 1396 1436 1397
3 1397 1436 1437
3 1397 1437 1398
3 1398 1437 1438
3 1398 1438 1399
3 1399 1438 1439
3 1400 1440 1401
3 1401 1440 1441
3 1401 1441 1402
3 1402 1441 1442
3 1402 1442 1403
3 1403 1442 1443
3 1403 1443 1404
3 1404 1443 1444
3 1404 1444 1405
3 1405 1444 1445
3 1405 1445 1406
3 1406 1445 1446
3 1406 1446 1407
3 1407 1446 1447
3 1407 1447 1408
3 1408 1447 1448
3 1408 1448 1409
3 1409 1448 1449
3 1409 1449 1410
3 1410 1449 1450
3 1410 1450 1411
3 1411 1450 1451
3 1411 1451 1412
3 1412 1451 1452
3 1412 1452 1413
3 1413 1452 1453
3 1413 1453 1414
3 1414 1453 1454
3 1414 1454 1415
3 1415 1454 1455
3 1415 1455 1416
3 1416 1455 1456
3 1416 1456 1417
3 1417 1456 1457
3 1417 1457 1418
3 1418 1457 1458
3 1418 1458 1419
3 1419 1458 1459
3 1419 1459 1420
3 1420 1459 1460
3 1420 1460 1421
3 1421 1460 1461
3 1421 1461 1422
3 1422 1461 1462
3 1422 1462 1423
3 1423 1462 1463
3 1423 1463 1424
3 1424 1463 1464
3 1424 1464 1425
3 1425 1464 1465
3 1425 1465 1426
3 1426 1465 1466
3 1426 1466 1427
3 1427 1466 1467
3 1427 1467 1428
3 1428 1467 1468
3 1428 1468 1429
3 1429 1468 1469
3 1429 1469 1430
3 1430 1469 1470
3 1430 1470 1431
3 1431 1470 1471
3 1431 1471 1432
3 1432 1471 1472
3 1432 1472 1433
3 1433 1472 1473
3 1433 1473 1434
3 1434 1473 1474
3 1434 1474 1435
3 1435 1474 1475
3 1435 1475 1436
3 1436 1475 1476
3 1436 1476 1437
3 1437 1476 1477
3 1437 1477 1438
3 1438 1477 1478
3 1438 1478 1439
3 1439 1478 1479
3 1440 1480 1441
3 1441 1480 1481
3 1441 1481 1442
3 1442 1481 1482
3 1442 1482 1443
3 1443 1482 1483
3 1443 1483 1444
3 1444 1483 1484
3 1444 1484 1445
3 1445 1484 1485
3 1445 1485 1446
3 1446 1485 1486
3 1446 1486 1447
3 1447 1486 1487
3 1447 1487 1448
3 1448 1487 1488
3 1448 1488 1449
3 1449 1488 1489
3 1449 1489 1450
3 1450 1489 1490
3 1450 1490 1451
3 1451 1490 1491
3 1451 1491 1452
3 1452 1491 1492
3 1452 1492 1453
3 1453 1492 1493
3 1453 1493 1454
3 1454 1493 1494
3 1454 1494 1455
3 1455 1494 1495
3 1455 1495 1456
3 1456 1495 1496
3 1456 1496 1457
3 1457 1496 1497
3 1457 1497 1458
3 1458 1497 1498
3 1458 1498 1459
3 1459 1498 1499
3 1459 1499 1460
3 1460 1499 1500
3 1460 1500 1461
3 1461 1500 1501
3 1461 1501 1462
3 1462 1501 1502
3 1462 1502 1463
3 1463 1502 1503
3 1463 1503 1464
3 1464 1503 1504
3 1464 1504 1465
3 1465 1504 1505
3 1465 1505 1466
3 1466 1505 1506
3 1466 1506 1467
3 1467 1506 1507
3 1467 1507 1468
3 1468 1507 1508
3 1468 1508 1469
3 1469 1508 1509
3 1469 1509 1470
3 1470 1509 1510
3 1470 1510 1471
3 1471 1510 1511
3 1471 1511 1472
3 1472 1511 1512
3 1472 1512 1473
3 1473 1512 1513
3 1473 1513 1474
3 1474 1513 1514
3 1474 1514 1475
3 1475 1514 1515
3 1475 1515 1476
3 1476 1515 1516
3 1476 1516 1477
3 1477 1516 1517
3 1477 1517 1478
3 1478 1517 1518
3 1478 1518 1479
3 1479 1518 1519
3 1480 1520 1481
3 1481 1520 1521
3 1481 1521 1482
3 1482 1521 1522
3 1482 1522 1483
3 1483 1522 1523
3 1483 1523 1484
3 1484 1523 1524
3 1484 1524 1485
3 1485 1524 1525
3 1485 1525 1486
3 1486 1525 1526
3 1486 1526 1487
3 1487 1526 1527
3 1487 1527 1488
3 1488 1527 1528
3 1488 1528 1489
3 1489 1528 1529
3 1489 1529 1490
3 1490 1529 1530
3 1490 1530 1491
3 1491 1530 1531
3 1491 1531 1492
3 1492 1531 1532
3 1492 1532 1493
3 1493 1532 1533
3 1493 1533 1494
3 1494 1533 1534
3 1494 1534 1495
3 1495 1534 1535
3 1495 1535 1496
3 1496 1535 1536
3 1496 1536 1497
3 1497 1536 1537
3 1497 1537 1498
3 1498 1537 1538
3 1498 1538 1499
3 1499 1538 1539
3 1499 1539 1500
3 1500 1539 1540
3 1500 1540 1501
3 1501 1540 1541
3 1501 1541 1502
3 1502 1541 1542
3 1502 1542 1503
3 1503 1542 1543
3 1503 1543 1504
3 1504 1543 1544
3 1504 1544 1505
3 1505 1544 1545
3 1505 1545 1506
3 1506 1545 1546
3 1506 1546 1507
3 1507 1546 1547
3 1507 1547 1508
3 1508 1547 1548
3 1508 1548 1509
3 1509 1548 1549
3 1509 1549 1510
3 1510 1549 1550
3 1510 1550 1511
3 1511 1550 1551
3 1511 1551 1512
3 1512 1551 1552
3 1512 1552 1513
3 1513 1552 1553
3 1513 1553 1514
3 1514 1553 1554
3 1514 1554 1515
3 1515 1554 1555
3 1515 1555 1516
3 1516 1555 1556
3 1516 1556 1517
3 1517 1556 1557
3 1517 1557 1518
3 1518 1557 1558
3 1518 1558 1519
3 1519 1558 1559
3 1520 1560 1521
3 1521 1560 1561
3 1521 1561 1522
3 1522 1561 1562
3 1522 1562 1523
3 1523 1562 1563
3 1523 1563 1524
3 1524 1563 1564
3 1524 1564 1525
3 1525 1564 1565
3 1525 1565 1526
3 1526 1565 1566
3 1526 1566 1527
3 1527 1566 1567
3 1527 1567 1528
3 1528 1567 1568
3 1528 1568 1529
3 1529 1568 1569
3 1529 1569 1530
3 1530 1569 1570
3 1530 1570 1531
3 1531 1570 1571
3 1531 1571 1532
3 1532 1571 1572
3 1532 1572 1533
3 1533 1572 1573
3 1533 1573 1534
3 1534 1573 1574
3 1534 1574 1535
3 1535 1574 1575
3 1535 1575 1536
3 1536 1575 1576
3 1536 1576 1537
3 1537 1576 1577
3 1537 1577 1538
3 1538 1577 1578
3 1538 1578 1539
3 1539 1578 1579
3 1539 1579 1540
3 1540 1579 1580
3 1540 1580 1541
3 1541 1580 1581
3 1541 1581 1542
3 1542 1581 1582
3 1542 1582 1543
3 1543 1582 1583
3 1543 1583 1544
3 1544 1583 1584
3 1544 1584 1545
3 1545 1584 1585
3 1545 1585 1546
3 1546 1585 1586
3 1546 1586 1547
3 1547 1586 1587
3 1547 1587 1548
3 1548 1587 1588
3 1548 1588 1549
3 1549 1588 1589
3 1549 1589 1550
3 1550 1589 1590
3 1550 1590 1551
3 1551 1590 1591
3 1551 1591 1552
3 1552 1591 1592
3 1552 1592 1553
3 1553 1592 1593
3 1553 1593 1554
3 1554 1593 1594
3 1554 1594 1555
3 1555 1594 1595
3 1555 1595 1556
3 1556 1595 1596
3 1556 1596 1557
3 1557 1596 1597
3 1557 1597 1558
3 1558 1597 1598
3 1558 1598 1559
3 1559 1598 1599
3 1560 1600 1561
3 1561 1600 1601
3 1561 1601 1562
3 1562 1601 1602
3 1562 1602 1563
3 1563 1602 1603
3 1563 1603 1564
3 1564 1603 1604
3 1564 1604 1565
3 1565 1604 1605
3 1565 1605 1566
3 1566 1605 1606
3 1566 1606 1567
3 1567 1606 1607
3 1567 1607 1568
3 1568 1607 1608
3 1568 1608 1569
3 1569 1608 1609
3 1569 1609 1570
3 1570 1609 1610
3 1570 1610 1571
3 1571 1610 1611
3 1571 1611 1572
3 1572 1611 1612
3 1572 1612 1573
3 1573 1612 1613
3 1573 1613 1574
3 1574 1613 1614
3 1574 1614 1575
3 1575 1614 1615
3 1575 1615 1576
3 1576 1615 1616
3 1576 1616 1577
3 1577 1616 1617
3 1577 1617 1578
3 1578 1617 1618
3 1578 1618 1579
3 1579 1618 1619
3 1579 1619 1580
3 1580 1619 1620
3 1580 1620 1581
3 1581 1620 1621
3 1581 1621 1582
3 1582 1621 1622
3 1582 1622 1583
3 1583 1622 1623
3 1583 1623 1584
3 1584 1623 1624
3 1584 1624 1585
3 1585 1624 1625
3 1585 1625 1586
3 1586 1625 1626
3 1586 1626 1587
3 1587 1626 1627
3 1587 1627 1588
3 1588 1627 1628
3 1588 1628 1589
3 1589 1628 1629
3 1589 1629 1590
3 1590 1629 1630
3 1590 1630 1591
3 1591 1630 1631
3 1591 1631 1592
3 1592 1631 1632
3 1592 1632 1593
3 1593 1632 1633
3 1593 1633 1594
3 1594 1633 1634
3 1594 1634 1595
3 1595 1634 1635
3 1595 1635 1596
3 1596 1635 1636
3 1596 1636 1597
3 1597 1636 1637
3 1597 1637 1598
3 1598 1637 1638
3 1598 1638 1599
3 1599 1638 1639
3 1600 1640 1601
3 1601 1640 1641
3 1601 1641 1602
3 1602 1641 1642
3 1602 1642 1603
3 1603 1642 1643
3 1603 1643 1604
3 1604 1643 1644
3 1604 1644 1605
3 1605 1644 1645
3 1605 1645 1606
3 1606 1645 1646
3 1606 1646 1607
3 1607 1646 1647
3 1607 1647 1608
3 1608 1647 1648
3 1608 1648 1609
3 1609 1648 1649
3 1609 1649 1610
3 1610 1649 1650
3 1610 1650 1611
3 1611 1650 1651
3 1611 1651 1612
3 1612 1651 1652
3 1612 1652 1613
3 1613 1652 1653
3 1613 1653 1614
3 1614 1653 1654
3 1614 1654 1615
3 1615 1654 1655
3 1615 1655 1616
3 1616 1655 1656
3 1616 1656 1617
3 1617 1656 1657
3 1617 1657 1618
3 1618 1657 1658
3 1618 1658 1619
3 1619 1658 1659
3 1619 1659 1620
3 1620 1659 1660
3 1620 1660 1621
3 1621 1660 1661
3 1621 1661 1622
3 1622 1661 1662
3 1622 1662 1623
3 1623 1662 1663
3 1623 1663 1624
3 1624 1663 1664
3 1624 1664 1625
3 1625 1664 1665
3 1625 1665 1626
3 1626 1665 1666
3 1626 1666 1627
3 1627 1666 1667
3 1627 1667 1628
3 1628 1667 1668
3 1628 1668 1629
3 1629 1668 1669
3 1629 1669 1630
3 1630 1669 1670
3 1630 1670 1631
3 1631 1670 1671
3 1631 1671 1632
3 1632 1671 1672
3 1632 1672 1633
3 1633 1672 1673
3 1633 1673 1634
3 1634 1673 1674
3 1634 1674 1635
3 1635 1674 1675
3 1635 1675 1636
3 1636 1675 1676
3 1636 1676 1637
3 1637 1676 1677
3 1637 1677 1638
3 1638 1677 1678
3 1638 1678 1639
3 1639 1678 1679
3 1640 1680 1641
3 1641 1680 1681
3 1641 1681 1642
3 1642 1681 1682
3 1642 1682 1643
3 1643 1682 1683
3 1643 1683 1644
3 1644 1683 1684
3 1644 1684 1645
3 1645 1684 1685
3 1645 1685 1646
3 1646 1685 1686
3 1646 1686 1647
3 1647 1686 1687
3 1647 1687 1648
3 1648 1687 1688
3 1648 1688 1649
3 1649 1688 1689
3 1649 1689 1650
3 1650 1689 1690
3 1650 1690 1651
3 1651 1690 1691
3 1651 1691 1652
3 1652 1691 1692
3 1652 1692 1653
3 1653 1692 1693
3 1653 1693 1654
3 1654 1693 1694
3 1654 1694 1655
3 1655 1694 1695
3 1655 1695 1656
3 1656 1695 1696
3 1656 1696 1657
3 1657 1696 1697
3 1657 1697 1658
3 1658 1697 1698
3 1658 1698 1659
3 1659 1698 1699
3 1659 1699 1660
3 1660 1699 1700
3 1660 1700 1661
3 1661 1700 1701
3 1661 1701 1662
3 1662 1701 1702
3 1662 1702 1663
3 1663 1702 1703
3 1663 1703 1664
3 1664 1703 1704
3 1664 1704 1665
3 1665 1704 1705
3 1665 1705 1666
3 1666 1705 1706
3 1666 1706 1667
3 1667 1706 1707
3 1667 1707 1668
3 1668 1707 1708
3 1668 1708 1669
3 1669 1708 1709
3 1669 1709 1670
3 1670 1709 1710
3 1670 1710 1671
3 1671 1710 1711
3 1671 1711 1672
3 1672 1711 1712
3 1672 1712 1673
3 1673 1712 1713
3 1673 1713 1674
3 1674 1713 1714
3 1674 1714 1675
3 1675 1714 1715
3 1675 1715 1676
3 1676 1715 1716
3 1676 1716 1677
3 1677 1716 1717
3 1677 1717 1678
3 1678 1717 1718
3 1678 1718 1679
3 1679 1718 1719
3 1680 1720 1681
3 1681 1720 1721
3 1681 1721 1682
3 1682 1721 1722
3 1682 1722 1683
3 1683 1722 1723
3 1683 1723 1684
3 1684 1723 1724
3 1684 1724 1685
3 1685 1724 1725
3 1685 1725 1686
3 1686 1725 1726
3 1686 1726 1687
3 1687 1726 1727
3 1687 1727 1688
3 1688 1727 1728
3 1688 1728 1689
3 1689 1728 1729
3 1689 1729 1690
3 1690 1729 1730
3 1690 1730 1691
3 1691 1730 1731
3 1691 1731 1692
3 1692 1731 1732
3 1692 1732 1693
3 1693 1732 1733
3 1693 1733 1694
3 1694 1733 1734
3 1694 1734 1695
3 1695 1734 1735
3 1695 1735 1696
3 1696 1735 1736
3 1696 1736 1697
3 1697 1736 1737
3 1697 1737 1698
3 1698 1737 1738
3 1698 1738 1699
3 1699 1738 1739
3 1699 1739 1700
3 1700 1739 1740
3 1700 1740 1701
3 1701 1740 1741
3 1701 1741 1702
3 1702 1741 1742
3 1702 1742 1703
3 1703 1742 1743
3 1703 1743 1704
3 1704 1743 1744
3 1704 1744 1705
3 1705 1744 1745
3 1705 1745 1706
3 1706 1745 1746
3 1706 1746 1707
3 1707 1746 1747
3 1707 1747 1708
3 1708 1747 1748
3 1708 1748 1709
3 1709 1748 1749
3 1709 1749 1710
3 1710 1749 1750
3 1710 1750 1711
3 1711 1750 1751
3 1711 1751 1712
3 1712 1751 1752
3 1712 1752 1713
3 1713 1752 1753
3 1713 1753 1714
3 1714 1753 1754
3 1714 1754 1715
3 1715 1754 1755
3 1715 1755 1716
3 1716 1755 1756
3 1716 1756 1717
3 1717 1756 1757
3 1717 1757 1718
3 1718 1757 1758
3 1718 1758 1719
3 1719 1758 1759
3 1720 1760 1721
3 1721 1760 1761
3 1721 1761 1722
3 1722 1761 1762
3 1722 1762 1723
3 1723 1762 1763
3 1723 1763 1724
3 1724 1763 1764
3 1724 1764 1725
3 1725 1764 1765
3 1725 1765 1726
3 1726 1765 1766
3 1726 1766 1727
3 1727 1766 1767
3 1727 1767 1728
3 1728 1767 1768
3 1728 1768 1729
3 1729 1768 1769
3 1729 1769 1730
3 1730 1769 1770
3 1730 1770 1731
3 1731 1770 1771
3 1731 1771 1732
3 1732 1771 1772
3 1732 1772 1733
3 1733 1772 1773
3 1733 1773 1734
3 1734 1773 1774
3 1734 1774 1735
3 1735 1774 1775
3 1735 1775 1736
3 1736 1775 1776
3 1736 1776 1737
3 1737 1776 1777
3 1737 1777 1738
3 1738 1777 1778
3 1738 1778 1739
3 1739 1778 1779
3 1739 1779 1740
3 1740 1779 1780
3 1740 1780 1741
3 1741 1780 1781
3 1741 1781 1742
3 1742 1781 1782
3 1742 1782 1743
3 1743 1782 1783
3 1743 1783 1744
3 1744 1783 1784
3 1744 1784 1745
3 1745 1784 1785
3 1745 1785 1746
3 1746 1785 1786
3 1746 1786 1747
3 1747 1786 1787
3 1747 1787 1748
3 1748 1787 1788
3 1748 1788 1749
3 1749 1788 1789
3 1749 1789 1750
3 1750 1789 1790
3 1750 1790 1751
3 1751 1790 1791
3 1751 1791 1752
3 1752 1791 1792
3 1752 1792 1753
3 1753 1792 1793
3 1753 1793 1754
3 1754 1793 1794
3 1754 1794 1755
3 1755 1794 1795
3 1755 1795 1756
3 1756 1795 1796
3 1756 1796 1757
3 1757 1796 1797
3 1757 1797 1758
3 1758 1797 1798
3 1758 1798 1759
3 1759 1798 1799
3 1760 1800 1761
3 1761 1800 1801
3 1761 1801 1762
3 1762 1801 1802
3 1762 1802 1763
3 1763 1802 1803
3 1763 1803 1764
3 1764 1803 1804
3 1764 1804 1765
3 1765 1804 1805
3 1765 1805 1766
3 1766 1805 1806
3 1766 1806 1767
3 1767 1806 1807
3 1767 1807 1768
3 1768 1807 1808
3 1768 1808 1769
3 1769 1808 1809
3 1769 1809 1770
3 1770 1809 1810
3 1770 1810 1771
3 1771 1810 1811
3 1771 1811 1772
3 1772 1811 1812
3 1772 1812 1773
3 1773 1812 1813
3 1773 1813 1774
3 1774 1813 1814
3 1774 1814 1775
3 1775 1814 1815
3 1775 1815 1776
3 1776 1815 1816
3 1776 1816 1777
3 1777 1816 1817
3 1777 1817 1778
3 1778 1817 1818
3 1778 1818 1779
3 1779 1818 1819
3 1779 1819 1780
3 1780 1819 1820
3 1780 1820 1781
3 1781 1820 1821
3 1781 1821 1782
3 1782 1821 1822
3 1782 1822 1783
3 1783 1822 1823
3 1783 1823 1784
3 1784 1823 1824
3 1784 1824 1785
3 1785 1824 1825
3 1785 1825 1786
3 1786 1825 1826
3 1786 1826 1787
3 1787 1826 1827
3 1787 1827 1788
3 1788 1827 1828
3 1788 1828 1789
3 1789 1828 1829
3 1789 1829 1790
3 1790 1829 1830
3 1790 1830 1791
3 1791 1830 1831
3 1791 1831 1792
3 1792 1831 1832
3 1792 1832 1793
3 1793 1832 1833
3 1793 1833 1794
3 1794 1833 1834
3 1794 1834 1795
3 1795 1834 1835
3 1795 1835 1796
3 1796 1835 1836
3 1796 1836 1797
3 1797 1836 1837
3 1797 1837 1798
3 1798 1837 1838
3 1798 1838 1799
3 1799 1838 1839
3 1800 1840 1801
3 1801 1840 1841
3 1801 1841 1802
3 1802 1841 1842
3 1802 1842 1803
3 1803 1842 1843
3 1803 1843 1804
3 1804 1843 1844
3 1804 1844 1805
3 1805 1844 1845
3 1805 1845 1806
3 1806 1845 1846
3 1806 1846 1807
3 1807 1846 1847
3 1807 1847 1808
3 1808 1847 1848
3 1808 1848 1809
3 1809 1848 1849
3 1809 1849 1810
3 1810 1849 1850
3 1810 1850 1811
3 1811 1850 1851
3 1811 1851 1812
3 1812 1851 1852
3 1812 1852 1813
3 1813 1852 1853
3 1813 1853 1814
3 1814 1853 1854
3 1814 1854 1815
3 1815 1854 1855
3 1815 1855 1816
3 1816 1855 1856
3 1816 1856 1817
3 1817 1856 1857
3 1817 1857 1818
3 1818 1857 1858
3 1818 1858 1819
3 1819 1858 1859
3 1819 1859 1820
3 1820 1859 1860
3 1820 1860 1821
3 1821 1860 1861
3 1821 1861 1822
3 1822 1861 1862
3 1822 1862 1823
3 1823 1862 1863
3 1823 1863 1824
3 1824 1863 1864
3 1824 1864 1825
3 1825 1864 1865
3 1825 1865 1826
3 1826 1865 1866
3 1826 1866 1827
3 1827 1866 1867
3 1827 1867 1828
3 1828 1867 1868
3 1828 1868 1829
3 1829 1868 1869
3 1829 1869 1830
3 1830 1869 1870
3 1830 1870 1831
3 1831 1870 1871
3 1831 1871 1832
3 1832 1871 1872
3 1832 1872 1833
3 1833 1872 1873
3 1833 1873 1834
3 1834 1873 1874
3 1834 1874 1835
3 1835 1874 1875
3 1835 1875 1836
3 1836 1875 1876
3 1836 1876 1837
3 1837 1876 1877
3 1837 1877 1838
3 1838 1877 1878
3 1838 1878 1839
3 1839 1878 1879
3 1840 1880 1841
3 1841 1880 1881
3 1841 1881 1842
3 1842 1881 1882
3 1842 1882 1843
3 1843 1882 1883
3 1843 1883 1844
3 1844 1883 1884
3 1844 1884 1845
3 1845 1884 1885
3 1845 1885 1846
3 1846 1885 1886
3 1846 1886 1847
3 1847 1886 1887
3 1847 1887 1848
3 1848 1887 1888
3 1848 1888 1849
3 1849 1888 1889
3 1849 1889 1850
3 1850 1889 1890
3 1850 1890 1851
3 1851 1890 1891
3 1851 1891 1852
3 1852 1891 1892
3 1852 1892 1853
3 1853 1892 1893
3 1853 1893 1854
3 1854 1893 1894
3 1854 1894 1855
3 1855 1894 1895
3 1855 1895 1856
3 1856 1895 1896
3 1856 1896 1857
3 1857 1896 1897
3 1857 1897 1858
3 1858 1897 1898
3 1858 1898 1859
3 1859 1898 1899
3 1859 1899 1860
3 1860 1899 1900
3 1860 1900 1861
3 1861 1900 1901
3 1861 1901 1862
3 1862 1901 1902
3 1862 1902 1863
3 1863 1902 1903
3 1863 1903 1864
3 1864 1903 1904
3 1864 1904 1865
3 1865 1904 1905
3 1865 1905 1866
3 1866 1905 1906
3 1866 1906 1867
3 1867 1906 1907
3 1867 1907 1868
3 1868 1907 1908
3 1868 1908 1869
3 1869 1908 1909
3 1869 1909 1870
3 1870 1909 1910
3 1870 1910 1871
3 1871 1910 1911
3 1871 1911 1872
3 1872 1911 1912
3 1872 1912 1873
3 1873 1912 1913
3 1873 1913 1874
3 1874 1913 1914
3 1874 1914 1875
3 1875 1914 1915
3 1875 1915 1876
3 1876 1915 1916
3 1876 1916 1877
3 1877 1916 1917
3 1877 1917 1878
3 1878 1917 1918
3 1878 1918 1879
3 1879 1918 1919
3 1880 1920 1881
3 1881 1920 1921
3 1881 1921 1882
3 1882 1921 1922
3 1882 1922 1883
3 1883 1922 1923
3 1883 1923 1884
3 1884 1923 1924
3 1884 1924 1885
3 1885 1924 1925
3 1885 1925 1886
3 1886 1925 1926
3 1886 1926 1887
3 1887 1926 1927
3 1887 1927 1888
3 1888 1927 1928
3 1888 1928 1889
3 1889 1928 1929
3 1889 1929 1890
3 1890 1929 1930
3 1890 1930 1891
3 1891 1930 1931
3 1891 1931 1892
3 1892 1931 1932
3 1892 1932 1893
3 1893 1932 1933
3 1893 1933 1894
3 1894 1933 1934
3 1894 1934 1895
3 1895 1934 1935
3 1895 1935 1896
3 1896 1935 1936
3 1896 1936 1897
3 1897 1936 1937
3 1897 1937 1898
3 1898 1937 1938
3 1898 1938 1899
3 1899 1938 1939
3 1899 1939 1900
3 1900 1939 1940
3 1900 1940 1901
3 1901 1940 1941
3 1901 1941 1902
3 1902 1941 1942
3 1902 1942 1903
3 1903 1942 1943
3 1903 1943 1904
3 1904 1943 1944
3 1904 1944 1905
3 1905 1944 1945
3 1905 1945 1906
3 1906 1945 1946
3 1906 1946 1907
3 1907 1946 1947
3 1907 1947 1908
3 1908 1947 1948
3 1908 1948 1909
3 1909 1948 1949
3 1909 1949 1910
3 1910 1949 1950
3 1910 1950 1911
3 1911 1950 1951
3 1911 1951 1912
3 1912 1951 1952
3 1912 1952 1913
3 1913 1952 1953
3 1913 1953 1914
3 1914 1953 1954
3 1914 1954 1915
3 1915 1954 1955
3 1915 1955 1916
3 1916 1955 1956
3 1916 1956 1917
3 1917 1956 1957
3 1917 1957 1918
3 1918 1957 1958
3 1918 1958 1919
3 1919 1958 1959
3 1920 1960 1921
3 1921 1960 1961
3 1921 1961 1922
3 1922 1961 1962
3 1922 1962 1923
3 1923 1962 1963
3 1923 1963 1924
3 1924 1963 1964
3 1924 1964 1925
3 1925 1964 1965
3 1925 1965 1926
3 1926 1965 1966
3 1926 1966 1927
3 1927 1966 1967
3 1927 1967 1928
3 1928 1967 1968
3 1928 1968 1929
3 1929 1968 1969
3 1929 1969 1930
3 1930 1969 1970
3 1930 1970 1931
3 1931 1970 1971
3 1931 1971 1932
3 1932 1971 1972
3 1932 1972 1933
3 1933 1972 1973
3 1933 1973 1934
3 1934 1973 1974
3 1934 1974 1935
3 1935 1974 1975
3 1935 1975 1936
3 1936 1975 1976
3 1936 1976 1937
3 1937 1976 1977
3 1937 1977 1938
3 1938 1977 1978
3 1938 1978 1939
3 1939 1978 1979
3 1939 1979 1940
3 1940 1979 1980
3 1940 1980 1941
3 1941 1980 1981
3 1941 1981 1942
3 1942 1981 1982
3 1942 1982 1943
3 1943 1982 1983
3 1943 1983 1944
3 1944 1983 1984
3 1944 1984 1945
3 1945 1984 1985
3 1945 1985 1946
3 1946 1985 1986
3 1946 1986 1947
3 1947 1986 1987
3 1947 1987 1948
3 1948 1987 1988
3 1948 1988 1949
3 1949 1988 1989
3 1949 1989 1950
3 1950 1989 1990
3 1950 1990 1951
3 1951 1990 1991
3 1951 1991 1952
3 1952 1991 1992
3 1952 1992 1953
3 1953 1992 1993
3 1953 1993 1954
3 1954 1993 1994
3 1954 1994 1955
3 1955 1994 1995
3 1955 1995 1956
3 1956 1995 1996
3 1956 1996 1957
3 1957 1996 1997
3 1957 1997 1958
3 1958 1997 1998
3 1958 1998 1959
3 1959 1998 1999
3 1960 2000 1961
3 1961 2000 2001
3 1961 2001 1962
3 1962 2001 2002
3 1962 2002 1963
3 1963 2002 2003
3 1963 2003 1964
3 1964 2003 2004
3 1964 2004 1965
3 1965 2004 2005
3 1965 2005 1966
3 1966 2005 2006
3 1966 2006 1967
3 1967 2006 2007
3 1967 2007 1968
3 1968 2007 2008
3 1968 2008 1969
3 1969 2008 2009
3 1969 2009 1970
3 1970 2009 2010
3 1970 2010 1971
3 1971 2010 2011
3 1971 2011 1972
3 1972 2011 2012
3 1972 2012 1973
3 1973 2012 2013
3 1973 2013 1974
3 1974 2013 2014
3 1974 2014 1975
3 1975 2014 2015
3 1975 2015 1976
3 1976 2015 2016
3 1976 2016 1977
3 1977 2016 2017
3 1977 2017 1978
3 1978 2017 2018
3 1978 2018 1979
3 1979 2018 2019
3 1979 2019 1980
3 1980 2019 2020
3 1980 2020 1981
3 1981 2020 2021
3 1981 2021 1982
3 1982 2021 2022
3 1982 2022 1983
3 1983 2022 2023
3 1983 2023 1984
3 1984 2023 2024
3 1984 2024 1985
3 1985 2024 2025
3 1985 2025 1986
3 1986 2025 2026
3 1986 2026 1987
3 1987 2026 2027
3 1987 2027 1988
3 1988 2027 2028
3 1988 2028 1989
3 1989 2028 2029
3 1989 2029 1990
3 1990 2029 2030
3 1990 2030 1991
3 1991 2030 2031
3 1991 2031 1992
3 1992 2031 2032
3 1992 2032 1993
3 1993 2032 2033
3 1993 2033 1994
3 1994 2033 2034
3 1994 2034 1995
3 1995 2034 2035
3 1995 2035 1996
3 1996 2035 2036
3 1996 2036 1997
3 1997 2036 2037
3 1997 2037 1998
3 1998 2037 2038
3 1998 2038 1999
3 1999 2038 2039
3 2000 2040 2001
3 2001 2040 2041
3 2001 2041 2002
3 2002 2041 2042
3 2002 2042 2003
3 2003 2042 2043
3 2003 2043 2004
3 2004 2043 2044
3 2004 2044 2005
3 2005 2044 2045
3 2005 2045 2006
3 2006 2045 2046
3 2006 2046 2007
3 2007 2046 2047
3 2007 2047 2008
3 2008 2047 2048
3 2008 2048 2009
3 2009 2048 2049
3 2009 2049 2010
3 2010 2049 2050
3 2010 2050 2011
3 2011 2050 2051
3 2011 2051 2012
3 2012 2051 2052
3 2012 2052 2013
3 2013 2052 2053
3 2013 2053 2014
3 2014 2053 2054
3 2014 2054 2015
3 2015 2054 2055
3 2015 2055 2016
3 2016 2055 2056
3 2016 2056 2017
3 2017 2056 2057
3 2017 2057 2018
3 2018 2057 2058
3 2018 2058 2019
3 2019 2058 2059
3 2019 2059 2020
3 2020 2059 2060
3 2020 2060 2021
3 2021 2060 2061
3 2021 2061 2022
3 2022 2061 2062
3 2022 2062 2023
3 2023 2062 2063
3 2023 2063 2024
3 2024 2063 2064
3 2024 2064 2025
3 2025 2064 2065
3 2025 2065 2026
3 2026 2065 2066
3 2026 2066 2027
3 2027 2066 2067
3 2027 2067 2028
3 2028 2067 2068
3 2028 2068 2029
3 2029 2068 2069
3 2029 2069 2030
3 2030 2069 2070
3 2030 2070 2031
3 2031 2070 2071
3 2031 2071 2032
3 2032 2071 2072
3 2032 2072 2033
3 2033 2072 2073
3 2033 2073 2034
3 2034 2073 2074
3 2034 2074 2035
3 2035 2074 2075
3 2035 2075 2036
3 2036 2075 2076
3 2036 2076 2037
3 2037 2076 2077
3 2037 2077 2038
3 2038 2077 2078
3 2038 2078 2039
3 2039 2078 2079
3 2040 2080 2041
3 2041 2080 2081
3 2041 2081 2042
3 2042 2081 2082
3 2042 2082 2043
3 2043 2082 2083
3 2043 2083 2044
3 2044 2083 2084
3 2044 2084 2045
3 2045 2084 2085
3 2045 2085 2046
3 2046 2085 2086
3 2046 2086 2047
3 2047 2086 2087
3 2047 2087 2048
3 2048 2087 2088
3 2048 2088 2049
3 2049 2088 2089
3 2049 2089 2050
3 2050 2089 2090
3 2050 2090 2051
3 2051 2090 2091
3 2051 2091 2052
3 2052 2091 2092
3 2052 2092 2053
3 2053 2092 2093
3 2053 2093 2054
3 2054 2093 2094
3 2054 2094 2055
3 2055 2094 2095
3 2055 2095 2056
3 2056 2095 2096
3 2056 2096 2057
3 2057 2096 2097
3 2057 2097 2058
3 2058 2097 2098
3 2058 2098 2059
3 2059 2098 2099
3 2059 2099 2060
3 2060 2099 2100
3 2060 2100 2061
3 2061 2100 2101
3 2061 2101 2062
3 2062 2101 2102
3 2062 2102 2063
3 2063 2102 2103
3 2063 2103 2064
3 2064 2103 2104
3 2064 2104 2065
3 2065 2104 2105
3 2065 2105 2066
3 2066 2105 2106
3 2066 2106 2067
3 2067 2106 2107
3 2067 2107 2068
3 2068 2107 2108
3 2068 2108 2069
3 2069 2108 2109
3 2069 2109 2070
3 2070 2109 2110
3 2070 2110 2071
3 2071 2110 2111
3 2071 2111 2072
3 2072 2111 2112
3 2072 2112 2073
3 2073 2112 2113
3 2073 2113 2074
3 2074 2113 2114
3 2074 2114 2075
3 2075 2114 2115
3 2075 2115 2076
3 2076 2115 2116
3 2076 2116 2077
3 2077 2116 2117
3 2077 2117 2078
3 2078 2117 2118
3 2078 2118 2079
3 2079 2118 2119
3 2080 2120 2081
3 2081 2120 2121
3 2081 2121 2082
3 2082 2121 2122
3 2082 2122 2083
3 2083 2122 2123
3 2083 2123 2084
3 2084 2123 2124
3 2084 2124 2085
3 2085 2124 2125
3 2085 2125 2086
3 2086 2125 2126
3 2086 2126 2087
3 2087 2126 2127
3 2087 2127 2088
3 2088 2127 2128
3 2088 2128 2089
3 2089 2128 2129
3 2089 2129 2090
3 2090 2129 2130
3 2090 2130 2091
3 2091 2130 2131
3 2091 2131 2092
3 2092 2131 2132
3 2092 2132 2093
3 2093 2132 2133
3 2093 2133 2094
3 2094 2133 2134
3 2094 2134 2095
3 2095 2134 2135
3 2095 2135 2096
3 2096 2135 2136
3 2096 2136 2097
3 2097 2136 2137
3 2097 2137 2098
3 2098 2137 2138
3 2098 2138 2099
3 2099 2138 2139
3 2099 2139 2100
3 2100 2139 2140
3 2100 2140 2101
3 2101 2140 2141
3 2101 2141 2102
3 2102 2141 2142
3 2102 2142 2103
3 2103 2142 2143
3 2103 2143 2104
3 2104 2143 2144
3 2104 2144 2105
3 2105 2144 2145
3 2105 2145 2106
3 2106 2145 2146
3 2106 2146 2107
3 2107 2146 2147
3 2107 2147 2108
3 2108 2147 2148
3 2108 2148 2109
3 2109 2148 2149
3 2109 2149 2110
3 2110 2149 2150
3 2110 2150 2111
3 2111 2150 2151
3 2111 2151 2112
3 2112 2151 2152
3 2112 2152 2113
3 2113 2152 2153
3 2113 2153 2114
3 2114 2153 2154
3 2114 2154 2115
3 2115 2154 2155
3 2115 2155 2116
3 2116 2155 2156
3 2116 2156 2117
3 2117 2156 2157
3 2117 2157 2118
3 2118 2157 2158
3 2118 2158 2119
3 2119 2158 2159
3 2120 2160 2121
3 2121 2160 2161
3 2121 2161 2122
3 2122 2161 2162
3 2122 2162 2123
3 2123 2162 2163
3 2123 2163 2124
3 2124 2163 2164
3 2124 2164 2125
3 2125 2164 2165
3 2125 2165 2126
3 2126 2165 2166
3 2126 2166 2127
3 2127 2166 2167
3 2127 2167 2128
3 2128 2167 2168
3 2128 2168 2129
3 2129 2168 2169
3 2129 2169 2130
3 2130 2169 2170
3 2130 2170 2131
3 2131 2170 2171
3 2131 2171 2132
3 2132 2171 2172
3 2132 2172 2133
3 2133 2172 2173
3 2133 2173 2134
3 2134 2173 2174
3 2134 2174 2135
3 2135 2174 2175
3 2135 2175 2136
3 2136 2175 2176
3 2136 2176 2137
3 2137 2176 2177
3 2137 2177 2138
3 2138 2177 2178
3 2138 2178 2139
3 2139 2178 2179
3 2139 2179 2140
3 2140 2179 2180
3 2140 2180 2141
3 2141 2180 2181
3 2141 2181 2142
3 2142 2181 2182
3 2142 2182 2143
3 2143 2182 2183
3 2143 2183 2144
3 2144 2183 2184
3 2144 2184 2145
3 2145 2184 2185
3 2145 2185 2146
3 2146 2185 2186
3 2146 2186 2147
3 2147 2186 2187
3 2147 2187 2148
3 2148 2187 2188
3 2148 2188 2149
3 2149 2188 2189
3 2149 2189 2150
3 2150 2189 2190
3 2150 2190 2151
3 2151 2190 2191
3 2151 2191 2152
3 2152 2191 2192
3 2152 2192 2153
3 2153 2192 2193
3 2153 2193 2154
3 2154 2193 2194
3 2154 2194 2155
3 2155 2194 2195
3 2155 2195 2156
3 2156 2195 2196
3 2156 2196 2157
3 2157 2196 2197
3 2157 2197 2158
3 2158 2197 2198
3 2158 2198 2159
3 2159 2198 2199
3 2160 2200 2161
3 2161 2200 2201
3 2161 2201 2162
3 2162 2201 2202
3 2162 2202 2163
3 2163 2202 2203
3 2163 2203 2164
3 2164 2203 2204
3 2164 2204 2165
3 2165 2204 2205
3 2165 2205 2166
3 2166 2205 2206
3 2166 2206 2167
3 2167 2206 2207
3 2167 2207 2168
3 2168 2207 2208
3 2168 2208 2169
3 2169 2208 2209
3 2169 2209 2170
3 2170 2209 2210
3 2170 2210 2171
3 2171 2210 2211
3 2171 2211 2172
3 2172 2211 2212
3 2172 2212 2173
3 2173 2212 2213
3 2173 2213 2174
3 2174 2213 2214
3 2174 2214 2175
3 2175 2214 2215
3 2175 2215 2176
3 2176 2215 2216
3 2176 2216 2177
3 2177 2216 2217
3 2177 2217 2178
3 2178 2217 2218
3 2178 2218 2179
3 2179 2218 2219
3 2179 2219 2180
3 2180 2219 2220
3 2180 2220 2181
3 2181 2220 2221
3 2181 2221 2182
3 2182 2221 2222
3 2182 2222 2183
3 2183 2222 2223
3 2183 2223 2184
3 2184 2223 2224
3 2184 2224 2185
3 2185 2224 2225
3 2185 2225 2186
3 2186 2225 2226
3 2186 2226 2187
3 2187 2226 2227
3 2187 2227 2188
3 2188 2227 2228
3 2188 2228 2189
3 2189 2228 2229
3 2189 2229 2190
3 2190 2229 2230
3 2190 2230 2191
3 2191 2230 2231
3 2191 2231 2192
3 2192 2231 2232
3 2192 2232 2193
3 2193 2232 2233
3 2193 2233 2194
3 2194 2233 2234
3 2194 2234 2195
3 2195 2234 2235
3 2195 2235 2196
3 2196 2235 2236
3 2196 2236 2197
3 2197 2236 2237
3 2197 2237 2198
3 2198 2237 2238
3 2198 2238 2199
3 2199 2238 2239
3 2200 2240 2201
3 2201 2240 2241
3 2201 2241 2202
3 2202 2241 2242
3 2202 2242 2203
3 2203 2242 2243
3 2203 2243 2204
3 2204 2243 2244
3 2204 2244 2205
3 2205 2244 2245
3 2205 2245 2206
3 2206 2245 2246
3 2206 2246 2207
3 2207 2246 2247
3 2207 2247 2208
3 2208 2247 2248
3 2208 2248 2209
3 2209 2248 2249
3 2209 2249 2210
3 2210 2249 2250
3 2210 2250 2211
3 2211 2250 2251
3 2211 2251 2212
3 2212 2251 2252
3 2212 2252 2213
3 2213 2252 2253
3 2213 2253 2214
3 2214 2253 2254
3 2214 2254 2215
3 2215 2254 2255
3 2215 2255 2216
3 2216 2255 2256
3 2216 2256 2217
3 2217 2256 2257
3 2217 2257 2218
3 2218 2257 2258
3 2218 2258 2219
3 2219 2258 2259
3 2219 2259 2220
3 2220 2259 2260
3 2220 2260 2221
3 2221 2260 2261
3 2221 2261 2222
3 2222 2261 2262
3 2222 2262 2223
3 2223 2262 2263
3 2223 2263 2224
3 2224 2263 2264
3 2224 2264 2225
3 2225 2264 2265
3 2225 2265 2226
3 2226 2265 2266
3 2226 2266 2227
3 2227 2266 2267
3 2227 2267 2228
3 2228 2267 2268
3 2228 2268 2229
3 2229 2268 2269
3 2229 2269 2230
3 2230 2269 2270
3 2230 2270 2231
3 2231 2270 2271
3 2231 2271 2232
3 2232 2271 2272
3 2232 2272 2233
3 2233 2272 2273
3 2233 2273 2234
3 2234 2273 2274
3 2234 2274 2235
3 2235 2274 2275
3 2235 2275 2236
3 2236 2275 2276
3 2236 2276 2237
3 2237 2276 2277
3 2237 2277 2238
3 2238 2277 2278
3 2238 2278 2239
3 2239 2278 2279
3 2240 2280 2241
3 2241 2280 2281
3 2241 2281 2242
3 2242 2281 2282
3 2242 2282 2243
3 2243 2282 2283
3 2243 2283 2244
3 2244 2283 2284
3 2244 2284 2245
3 2245 2284 2285
3 2245 2285 2246
3 2246 2285 2286
3 2246 2286 2247
3 2247 2286 2287
3 2247 2287 2248
3 2248 2287 2288
3 2248 2288 2249
3 2249 2288 2289
3 2249 2289 2250
3 2250 2289 2290
3 2250 2290 2251
3 2251 2290 2291
3 2251 2291 2252
3 2252 2291 2292
3 2252 2292 2253
3 2253 2292 2293
3 2253 2293 2254
3 2254 2293 2294
3 2254 2294 2255
3 2255 2294 2295
3 2255 2295 2256
3 2256 2295 2296
3 2256 2296 2257
3 2257 2296 2297
3 2257 2297 2258
3 2258 2297 2298
3 2258 2298 2259
3 2259 2298 2299
3 2259 2299 2260
3 2260 2299 2300
3 2260 2300 2261
3 2261 2300 2301
3 2261 2301 2262
3 2262 2301 2302
3 2262 2302 2263
3 2263 2302 2303
3 2263 2303 2264
3 2264 2303 2304
3 2264 2304 2265
3 2265 2304 2305
3 2265 2305 2266
3 2266 2305 2306
3 2266 2306 2267
3 2267 2306 2307
3 2267 2307 2268
3 2268 2307 2308
3 2268 2308 2269
3 2269 2308 2309
3 2269 2309 2270
3 2270 2309 2310
3 2270 2310 2271
3 2271 2310 2311
3 2271 2311 2272
3 2272 2311 2312
3 2272 2312 2273
3 2273 2312 2313
3 2273 2313 2274
3 2274 2313 2314
3 2274 2314 2275
3 2275 2314 2315
3 2275 2315 2276
3 2276 2315 2316
3 2276 2316 2277
3 2277 2316 2317
3 2277 2317 2278
3 2278 2317 2318
3 2278 2318 2279
3 2279 2318 2319
3 2280 2320 2281
3 2281 2320 2321
3 2281 2321 2282
3 2282 2321 2322
3 2282 2322 2283
3 2283 2322 2323
3 2283 2323 2284
3 2284 2323 2324
3 2284 2324 2285
3 2285 2324 2325
3 2285 2325 2286
3 2286 2325 2326
3 2286 2326 2287
3 2287 2326 2327
3 2287 2327 2288
3 2288 2327 2328
3 2288 2328 2289
3 2289 2328 2329
3 2289 2329 2290
3 2290 2329 2330
3 2290 2330 2291
3 2291 2330 2331
3 2291 2331 2292
3 2292 2331 2332
3 2292 2332 2293
3 2293 2332 2333
3 2293 2333 2294
3 2294 2333 2334
3 2294 2334 2295
3 2295 2334 2335
3 2295 2335 2296
3 2296 2335 2336
3 2296 2336 2297
3 2297 2336 2337
3 2297 2337 2298
3 2298 2337 2338
3 2298 2338 2299
3 2299 2338 2339
3 2299 2339 2300
3 2300 2339 2340
3 2300 2340 2301
3 2301 2340 2341
3 2301 2341 2302
3 2302 2341 2342
3 2302 2342 2303
3 2303 2342 2343
3 2303 2343 2304
3 2304 2343 2344
3 2304 2344 2305
3 2305 2344 2345
3 2305 2345 2306
3 2306 2345 2346
3 2306 2346 2307
3 2307 2346 2347
3 2307 2347 2308
3 2308 2347 2348
3 2308 2348 2309
3 2309 2348 2349
3 2309 2349 2310
3 2310 2349 2350
3 2310 2350 2311
3 2311 2350 2351
3 2311 2351 2312
3 2312 2351 2352
3 2312 2352 2313
3 2313 2352 2353
3 2313 2353 2314
3 2314 2353 2354
3 2314 2354 2315
3 2315 2354 2355
3 2315 2355 2316
3 2316 2355 2356
3 2316 2356 2317
3 2317 2356 2357
3 2317 2357 2318
3 2318 2357 2358
3 2318 2358 2319
3 2319 2358 2359
3 2320 2360 2321
3 2321 2360 2361
3 2321 2361 2322
3 2322 2361 2362
3 2322 2362 2323
3 2323 2362 2363
3 2323 2363 2324
3 2324 2363 2364
3 2324 2364 2325
3 2325 2364 2365
3 2325 2365 2326
3 2326 2365 2366
3 2326 2366 2327
3 2327 2366 2367
3 2327 2367 2328
3 2328 2367 2368
3 2328 2368 2329
3 2329 2368 2369
3 2329 2369 2330
3 2330 2369 2370
3 2330 2370 2331
3 2331 2370 2371
3 2331 2371 2332
3 2332 2371 2372
3 2332 2372 2333
3 2333 2372 2373
3 2333 2373 2334
3 2334 2373 2374
3 2334 2374 2335
3 2335 2374 2375
3 2335 2375 2336
3 2336 2375 2376
3 2336 2376 2337
3 2337 2376 2377
3 2337 2377 2338
3 2338 2377 2378
3 2338 2378 2339
3 2339 2378 2379
3 2339 2379 2340
3 2340 2379 2380
3 2340 2380 2341
3 2341 2380 2381
3 2341 2381 2342
3 2342 2381 2382
3 2342 2382 2343
3 2343 2382 2383
3 2343 2383 2344
3 2344 2383 2384
3 2344 2384 2345
3 2345 2384 2385
3 2345 2385 2346
3 2346 2385 2386
3 2346 2386 2347
3 2347 2386 2387
3 2347 2387 2348
3 2348 2387 2388
3 2348 2388 2349
3 2349 2388 2389
3 2349 2389 2350
3 2350 2389 2390
3 2350 2390 2351
3 2351 2390 2391
3 2351 2391 2352
3 2352 2391 2392
3 2352 2392 2353
3 2353 2392 2393
3 2353 2393 2354
3 2354 2393 2394
3 2354 2394 2355
3 2355 2394 2395
3 2355 2395 2356
3 2356 2395 2396
3 2356 2396 2357
3 2357 2396 2397
3 2357 2397 2358
3 2358 2397 2398
3 2358 2398 2359
3 2359 2398 2399
3 2360 2400 2361
3 2361 2400 2401
3 2361 2401 2362
3 2362 2401 2402
3 2362 2402 2363
3 2363 2402 2403
3 2363 2403 2364
3 2364 2403 2404
3 2364 2404 2365
3 2365 2404 2405
3 2365 2405 2366
3 2366 2405 2406
3 2366 2406 2367
3 2367 2406 2407
3 2367 2407 2368
3 2368 2407 2408
3 2368 2408 2369
3 2369 2408 2409
3 2369 2409 2370
3 2370 2409 2410
3 2370 2410 2371
3 2371 2410 2411
3 2371 2411 2372
3 2372 2411 2412
3 2372 2412 2373
3 2373 2412 2413
3 2373 2413 2374
3 2374 2413 2414
3 2374 2414 2375
3 2375 2414 2415
3 2375 2415 2376
3 2376 2415 2416
3 2376 2416 2377
3 2377 2416 2417
3 2377 2417 2378
3 2378 2417 2418
3 2378 2418 2379
3 2379 2418 2419
3 2379 2419 2380
3 2380 2419 2420
3 2380 2420 2381
3 2381 2420 2421
3 2381 2421 2382
3 2382 2421 2422
3 2382 2422 2383
3 2383 2422 2423
3 2383 2423 2384
3 2384 2423 2424
3 2384 2424 2385
3 2385 2424 2425
3 2385 2425 2386
3 2386 2425 2426
3 2386 2426 2387
3 2387 2426 2427
3 2387 2427 2388
3 2388 2427 2428
3 2388 2428 2389
3 2389 2428 2429
3 2389 2429 2390
3 2390 2429 2430
3 2390 2430 2391
3 2391 2430 2431
3 2391 2431 2392
3 2392 2431 2432
3 2392 2432 2393
3 2393 2432 2433
3 2393 2433 2394
3 2394 2433 2434
3 2394 2434 2395
3 2395 2434 2435
3 2395 2435 2396
3 2396 2435 2436
3 2396 2436 2397
3 2397 2436 2437
3 2397 2437 2398
3 2398 2437 2438
3 2398 2438 2399
3 2399 2438 2439
3 2400 2440 2401
3 2401 2440 2441
3 2401 2441 2402
3 2402 2441 2442
3 2402 2442 2403
3 2403 2442 2443
3 2403 2443 2404
3 2404 2443 2444
3 2404 2444 2405
3 2405 2444 2445
3 2405 2445 2406
3 2406 2445 2446
3 2406 2446 2407
3 2407 2446 2447
3 2407 2447 2408
3 2408 2447 2448
3 2408 2448 2409
3 2409 2448 2449
3 2409 2449 2410
3 2410 2449 2450
3 2410 2450 2411
3 2411 2450 2451
3 2411 2451 2412
3 2412 2451 2452
3 2412 2452 2413
3 2413 2452 2453
3 2413 2453 2414
3 2414 2453 2454
3 2414 2454 2415
3 2415 2454 2455
3 2415 2455 2416
3 2416 2455 2456
3 2416 2456 2417
3 2417 2456 2457
3 2417 2457 2418
3 2418 2457 2458
3 2418 2458 2419
3 2419 2458 2459
3 2419 2459 2420
3 2420 2459 2460
3 2420 2460 2421
3 2421 2460 2461
3 2421 2461 2422
3 2422 2461 2462
3 2422 2462 2423
3 2423 2462 2463
3 2423 2463 2424
3 2424 2463 2464
3 2424 2464 2425
3 2425 2464 2465
3 2425 2465 2426
3 2426 2465 2466
3 2426 2466 2427
3 2427 2466 2467
3 2427 2467 2428
3 2428 2467 2468
3 2428 2468 2429
3 2429 2468 2469
3 2429 2469 2430
3 2430 2469 2470
3 2430 2470 2431
3 2431 2470 2471
3 2431 2471 2432
3 2432 2471 2472
3 2432 2472 2433
3 2433 2472 2473
3 2433 2473 2434
3 2434 2473 2474
3 2434 2474 2435
3 2435 2474 2475
3 2435 2475 2436
3 2436 2475 2476
3 2436 2476 2437
3 2437 2476 2477
3 2437 2477 2438
3 2438 2477 2478
3 2438 2478 2439
3 2439 2478 2479
3 2440 2480 2441
3 2441 2480 2481
3 2441 2481 2442
3 2442 2481 2482
3 2442 2482 2443
3 2443 2482 2483
3 2443 2483 2444
3 2444 2483 2484
3 2444 2484 2445
3 2445 2484 2485
3 2445 2485 2446
3 2446 2485 2486
3 2446 2486 2447
3 2447 2486 2487
3 2447 2487 2448
3 2448 2487 2488
3 2448 2488 2449
3 2449 2488 2489
3 2449 2489 2450
3 2450 2489 2490
3 2450 2490 2451
3 2451 2490 2491
3 2451 2491 2452
3 2452 2491 2492
3 2452 2492 2453
3 2453 2492 2493
3 2453 2493 2454
3 2454 2493 2494
3 2454 2494 2455
3 2455 2494 2495
3 2455 2495 2456
3 2456 2495 2496
3 2456 2496 2457
3 2457 2496 2497
3 2457 2497 2458
3 2458 2497 2498
3 2458 2498 2459
3 2459 2498 2499
3 2459 2499 2460
3 2460 2499 2500
3 2460 2500 2461
3 2461 2500 2501
3 2461 2501 2462
3 2462 2501 2502
3 2462 2502 2463
3 2463 2502 2503
3 2463 2503 2464
3 2464 2503 2504
3 2464 2504 2465
3 2465 2504 2505
3 2465 2505 2466
3 2466 2505 2506
3 2466 2506 2467
3 2467 2506 2507
3 2467 2507 2468
3 2468 2507 2508
3 2468 2508 2469
3 2469 2508 2509
3 2469 2509 2470
3 2470 2509 2510
3 2470 2510 2471
3 2471 2510 2511
3 2471 2511 2472
3 2472 2511 2512
3 2472 2512 2473
3 2473 2512 2513
3 2473 2513 2474
3 2474 2513 2514
3 2474 2514 2475
3 2475 2514 2515
3 2475 2515 2476
3 2476 2515 2516
3 2476 2516 2477
3 2477 2516 2517
3 2477 2517 2478
3 2478 2517 2518
3 2478 2518 2479
3 2479 2518 2519
3 2480 2520 2481
3 2481 2520 2521
3 2481 2521 2482
3 2482 2521 2522
3 2482 2522 2483
3 2483 2522 2523
3 2483 2523 2484
3 2484 2523 2524
3 2484 2524 2485
3 2485 2524 2525
3 2485 2525 2486
3 2486 2525 2526
3 2486 2526 2487
3 2487 2526 2527
3 2487 2527 2488
3 2488 2527 2528
3 2488 2528 2489
3 2489 2528 2529
3 2489 2529 2490
3 2490 2529 2530
3 2490 2530 2491
3 2491 2530 2531
3 2491 2531 2492
3 2492 2531 2532
3 2492 2532 2493
3 2493 2532 2533
3 2493 2533 2494
3 2494 2533 2534
3 2494 2534 2495
3 2495 2534 2535
3 2495 2535 2496
3 2496 2535 2536
3 2496 2536 2497
3 2497 2536 2537
3 2497 2537 2498
3 2498 2537 2538
3 2498 2538 2499
3 2499 2538 2539
3 2499 2539 2500
3 2500 2539 2540
3 2500 2540 2501
3 2501 2540 2541
3 2501 2541 2502
3 2502 2541 2542
3 2502 2542 2503
3 2503 2542 2543
3 2503 2543 2504
3 2504 2543 2544
3 2504 2544 2505
3 2505 2544 2545
3 2505 2545 2506
3 2506 2545 2546
3 2506 2546 2507
3 2507 2546 2547
3 2507 2547 2508
3 2508 2547 2548
3 2508 2548 2509
3 2509 2548 2549
3 2509 2549 2510
3 2510 2549 2550
3 2510 2550 2511
3 2511 2550 2551
3 2511 2551 2512
3 2512 2551 2552
3 2512 2552 2513
3 2513 2552 2553
3 2513 2553 2514
3 2514 2553 2554
3 2514 2554 2515
3 2515 2554 2555
3 2515 2555 2516
3 2516 2555 2556
3 2516 2556 2517
3 2517 2556 2557
3 2517 2557 2518
3 2518 2557 2558
3 2518 2558 2519
3 2519 2558 2559
3 2520 2560 2521
3 2521 2560 2561
3 2521 2561 2522
3 2522 2561 2562
3 2522 2562 2523
3 2523 2562 2563
3 2523 2563 2524
3 2524 2563 2564
3 2524 2564 2525
3 2525 2564 2565
3 2525 2565 2526
3 2526 2565 2566
3 2526 2566 2527
3 2527 2566 2567
3 2527 2567 2528
3 2528 2567 2568
3 2528 2568 2529
3 2529 2568 2569
3 2529 2569 2530
3 2530 2569 2570
3 2530 2570 2531
3 2531 2570 2571
3 2531 2571 2532
3 2532 2571 2572
3 2532 2572 2533
3 2533 2572 2573
3 2533 2573 2534
3 2534 2573 2574
3 2534 2574 2535
3 2535 2574 2575
3 2535 2575 2536
3 2536 2575 2576
3 2536 2576 2537
3 2537 2576 2577
3 2537 2577 2538
3 2538 2577 2578
3 2538 2578 2539
3 2539 2578 2579
3 2539 2579 2540
3 2540 2579 2580
3 2540 2580 2541
3 2541 2580 2581
3 2541 2581 2542
3 2542 2581 2582
3 2542 2582 2543
3 2543 2582 2583
3 2543 2583 2544
3 2544 2583 2584
3 2544 2584 2545
3 2545 2584 2585
3 2545 2585 2546
3 2546 2585 2586
3 2546 2586 2547
3 2547 2586 2587
3 2547 2587 2548
3 2548 2587 2588
3 2548 2588 2549
3 2549 2588 2589
3 2549 2589 2550
3 2550 2589 2590
3 2550 2590 2551
3 2551 2590 2591
3 2551 2591 2552
3 2552 2591 2592
3 2552 2592 2553
3 2553 2592 2593
3 2553 2593 2554
3 2554 2593 2594
3 2554 2594 2555
3 2555 2594 2595
3 2555 2595 2556
3 2556 2595 2596
3 2556 2596 2557
3 2557 2596 2597
3 2557 2597 2558
3 2558 2597 2598
3 2558 2598 2559
3 2559 2598 2599
3 2560 2600 2561
3 2561 2600 2601
3 2561 2601 2562
3 2562 2601 2602
3 2562 2602 2563
3 2563 2602 2603
3 2563 2603 2564
3 2564 2603 2604
3 2564 2604 2565
3 2565 2604 2605
3 2565 2605 2566
3 2566 2605 2606
3 2566 2606 2567
3 2567 2606 2607
3 2567 2607 2568
3 2568 2607 2608
3 2568 2608 2569
3 2569 2608 2609
3 2569 2609 2570
3 2570 2609 2610
3 2570 2610 2571
3 2571 2610 2611
3 2571 2611 2572
3 2572 2611 2612
3 2572 2612 2573
3 2573 2612 2613
3 2573 2613 2574
3 2574 2613 2614
3 2574 2614 2575
3 2575 2614 2615
3 2575 2615 2576
3 2576 2615 2616
3 2576 2616 2577
3 2577 2616 2617
3 2577 2617 2578
3 2578 2617 2618
3 2578 2618 2579
3 2579 2618 2619
3 2579 2619 2580
3 2580 2619 2620
3 2580 2620 2581
3 2581 2620 2621
3 2581 2621 2582
3 2582 2621 2622
3 2582 2622 2583
3 2583 2622 2623
3 2583 2623 2584
3 2584 2623 2624
3 2584 2624 2585
3 2585 2624 2625
3 2585 2625 2586
3 2586 2625 2626
3 2586 2626 2587
3 2587 2626 2627
3 2587 2627 2588
3 2588 2627 2628
3 2588 2628 2589
3 2589 2628 2629
3 2589 2629 2590
3 2590 2629 2630
3 2590 2630 2591
3 2591 2630 2631
3 2591 2631 2592
3 2592 2631 2632
3 2592 2632 2593
3 2593 2632 2633
3 2593 2633 2594
3 2594 2633 2634
3 2594 2634 2595
3 2595 2634 2635
3 2595 2635 2596
3 2596 2635 2636
3 2596 2636 2597
3 2597 2636 2637
3 2597 2637 2598
3 2598 2637 2638
3 2598 2638 2599
3 2599 2638 2639
3 2600 2640 2601
3 2601 2640 2641
3 2601 2641 2602
3 2602 2641 2642
3 2602 2642 2603
3 2603 2642 2643
3 2603 2643 2604
3 2604 2643 2644
3 2604 2644 2605
3 2605 2644 2645
3 2605 2645 2606
3 2606 2645 2646
3 2606 2646 2607
3 2607 2646 2647
3 2607 2647 2608
3 2608 2647 2648
3 2608 2648 2609
3 2609 2648 2649
3 2609 2649 2610
3 2610 2649 2650
3 2610 2650 2611
3 2611 2650 2651
3 2611 2651 2612
3 2612 2651 2652
3 2612 2652 2613
3 2613 2652 2653
3 2613 2653 2614
3 2614 2653 2654
3 2614 2654 2615
3 2615 2654 2655
3 2615 2655 2616
3 2616 2655 2656
3 2616 2656 2617
3 2617 2656 2657
3 2617 2657 2618
3 2618 2657 2658
3 2618 2658 2619
3 2619 2658 2659
3 2619 2659 2620
3 2620 2659 2660
3 2620 2660 2621
3 2621 2660 2661
3 2621 2661 2622
3 2622 2661 2662
3 2622 2662 2623
3 2623 2662 2663
3 2623 2663 2624
3 2624 2663 2664
3 2624 2664 2625
3 2625 2664 2665
3 2625 2665 2626
3 2626 2665 2666
3 2626 2666 2627
3 2627 2666 2667
3 2627 2667 2628
3 2628 2667 2668
3 2628 2668 2629
3 2629 2668 2669
3 2629 2669 2630
3 2630 2669 2670
3 2630 2670 2631
3 2631 2670 2671
3 2631 2671 2632
3 2632 2671 2672
3 2632 2672 2633
3 2633 2672 2673
3 2633 2673 2634
3 2634 2673 2674
3 2634 2674 2635
3 2635 2674 2675
3 2635 2675 2636
3 2636 2675 2676
3 2636 2676 2637
3 2637 2676 2677
3 2637 2677 2638
3 2638 2677 2678
3 2638 2678 2639
3 2639 2678 2679
3 2640 2680 2641
3 2641 2680 2681
3 2641 2681 2642
3 2642 2681 2682
3 2642 2682 2643
3 2643 2682 2683
3 2643 2683 2644
3 2644 2683 2684
3 2644 2684 2645
3 2645 2684 2685
3 2645 2685 2646
3 2646 2685 2686
3 2646 2686 2647
3 2647 2686 2687
3 2647 2687 2648
3 2648 2687 2688
3 2648 2688 2649
3 2649 2688 2689
3 2649 2689 2650
3 2650 2689 2690
3 2650 2690 2651
3 2651 2690 2691
3 2651 2691 2652
3 2652 2691 2692
3 2652 2692 2653
3 2653 2692 2693
3 2653 2693 2654
3 2654 2693 2694
3 2654 2694 2655
3 2655 2694 2695
3 2655 2695 2656
3 2656 2695 2696
3 2656 2696 2657
3 2657 2696 2697
3 2657 2697 2658
3 2658 2697 2698
3 2658 2698 2659
3 2659 2698 2699
3 2659 2699 2660
3 2660 2699 2700
3 2660 2700 2661
3 2661 2700 2701
3 2661 2701 2662
3 2662 2701 2702
3 2662 2702 2663
3 2663 2702 2703
3 2663 2703 2664
3 2664 2703 2704
3 2664 2704 2665
3 2665 2704 2705
3 2665 2705 2666
3 2666 2705 2706
3 2666 2706 2667
3 2667 2706 2707
3 2667 2707 2668
3 2668 2707 2708
3 2668 2708 2669
3 2669 2708 2709
3 2669 2709 2670
3 2670 2709 2710
3 2670 2710 2671
3 2671 2710 2711
3 2671 2711 2672
3 2672 2711 2712
3 2672 2712 2673
3 2673 2712 2713
3 2673 2713 2674
3 2674 2713 2714
3 2674 2714 2675
3 2675 2714 2715
3 2675 2715 2676
3 2676 2715 2716
3 2676 2716 2677
3 2677 2716 2717
3 2677 2717 2678
3 2678 2717 2718
3 2678 2718 2679
3 2679 2718 2719
3 2680 2720 2681
3 2681 2720 2721
3 2681 2721 2682
3 2682 2721 2722
3 2682 2722 2683
3 2683 2722 2723
3 2683 2723 2684
3 2684 2723 2724
3 2684 2724 2685
3 2685 2724 2725
3 2685 2725 2686
3 2686 2725 2726
3 2686 2726 2687
3 2687 2726 2727
3 2687 2727 2688
3 2688 2727 2728
3 2688 2728 2689
3 2689 2728 2729
3 2689 2729 2690
3 2690 2729 2730
3 2690 2730 2691
3 2691 2730 2731
3 2691 2731 2692
3 2692 2731 2732
3 2692 2732 2693
3 2693 2732 2733
3 2693 2733 2694
3 2694 2733 2734
3 2694 2734 2695
3 2695 2734 2735
3 2695 2735 2696
3 2696 2735 2736
3 2696 2736 2697
3 2697 2736 2737
3 2697 2737 2698
3 2698 2737 2738
3 2698 2738 2699
3 2699 2738 2739
3 2699 2739 2700
3 2700 2739 2740
3 2700 2740 2701
3 2701 2740 2741
3 2701 2741 2702
3 2702 2741 2742
3 2702 2742 2703
3 2703 2742 2743
3 2703 2743 2704
3 2704 2743 2744
3 2704 2744 2705
3 2705 2744 2745
3 2705 2745 2706
3 2706 2745 2746
3 2706 2746 2707
3 2707 2746 2747
3 2707 2747 2708
3 2708 2747 2748
3 2708 2748 2709
3 2709 2748 2749
3 2709 2749 2710
3 2710 2749 2750
3 2710 2750 2711
3 2711 2750 2751
3 2711 2751 2712
3 2712 2751 2752
3 2712 2752 2713
3 2713 2752 2753
3 2713 2753 2714
3 2714 2753 2754
3 2714 2754 2715
3 2715 2754 2755
3 2715 2755 2716
3 2716 2755 2756
3 2716 2756 2717
3 2717 2756 2757
3 2717 2757 2718
3 2718 2757 2758
3 2718 2758 2719
3 2719 2758 2759
3 2720 2760 2721
3 2721 2760 2761
3 2721 2761 2722
3 2722 2761 2762
3 2722 2762 2723
3 2723 2762 2763
3 2723 2763 2724
3 2724 2763 2764
3 2724 2764 2725
3 2725 2764 2765
3 2725 2765 2726
3 2726 2765 2766
3 2726 2766 2727
3 2727 2766 2767
3 2727 2767 2728
3 2728 2767 2768
3 2728 2768 2729
3 2729 2768 2769
3 2729 2769 2730
3 2730 2769 2770
3 2730 2770 2731
3 2731 2770 2771
3 2731 2771 2732
3 2732 2771 2772
3 2732 2772 2733
3 2733 2772 2773
3 2733 2773 2734
3 2734 2773 2774
3 2734 2774 2735
3 2735 2774 2775
3 2735 2775 2736
3 2736 2775 2776
3 2736 2776 2737
3 2737 2776 2777
3 2737 2777 2738
3 2738 2777 2778
3 2738 2778 2739
3 2739 2778 2779
3 2739 2779 2740
3 2740 2779 2780
3 2740 2780 2741
3 2741 2780 2781
3 2741 2781 2742
3 2742 2781 2782
3 2742 2782 2743
3 2743 2782 2783
3 2743 2783 2744
3 2744 2783 2784
3 2744 2784 2745
3 2745 2784 2785
3 2745 2785 2746
3 2746 2785 2786
3 2746 2786 2747
3 2747 2786 2787
3 2747 2787 2748
3 2748 2787 2788
3 2748 2788 2749
3 2749 2788 2789
3 2749 2789 2750
3 2750 2789 2790
3 2750 2790 2751
3 2751 2790 2791
3 2751 2791 2752
3 2752 2791 2792
3 2752 2792 2753
3 2753 2792 2793
3 2753 2793 2754
3 2754 2793 2794
3 2754 2794 2755
3 2755 2794 2795
3 2755 2795 2756
3 2756 2795 2796
3 2756 2796 2757
3 2757 2796 2797
3 2757 2797 2758
3 2758 2797 2798
3 2758 2798 2759
3 2759 2798 2799
3 2760 2800 2761
3 2761 2800 2801
3 2761 2801 2762
3 2762 2801 2802
3 2762 2802 2763
3 2763 2802 2803
3 2763 2803 2764
3 2764 2803 2804
3 2764 2804 2765
3 2765 2804 2805
3 2765 2805 2766
3 2766 2805 2806
3 2766 2806 2767
3 2767 2806 2807
3 2767 2807 2768
3 2768 2807 2808
3 2768 2808 2769
3 2769 2808 2809
3 2769 2809 2770
3 2770 2809 2810
3 2770 2810 2771
3 2771 2810 2811
3 2771 2811 2772
3 2772 2811 2812
3 2772 2812 2773
3 2773 2812 2813
3 2773 2813 2774
3 2774 2813 2814
3 2774 2814 2775
3 2775 2814 2815
3 2775 2815 2776
3 2776 2815 2816
3 2776 2816 2777
3 2777 2816 2817
3 2777 2817 2778
3 2778 2817 2818
3 2778 2818 2779
3 2779 2818 2819
3 2779 2819 2780
3 2780 2819 2820
3 2780 2820 2781
3 2781 2820 2821
3 2781 2821 2782
3 2782 2821 2822
3 2782 2822 2783
3 2783 2822 2823
3 2783 2823 2784
3 2784 2823 2824
3 2784 2824 2785
3 2785 2824 2825
3 2785 2825 2786
3 2786 2825 2826
3 2786 2826 2787
3 2787 2826 2827
3 2787 2827 2788
3 2788 2827 2828
3 2788 2828 2789
3 2789 2828 2829
3 2789 2829 2790
3 2790 2829 2830
3 2790 2830 2791
3 2791 2830 2831
3 2791 2831 2792
3 2792 2831 2832
3 2792 2832 2793
3 2793 2832 2833
3 2793 2833 2794
3 2794 2833 2834
3 2794 2834 2795
3 2795 2834 2835
3 2795 2835 2796
3 2796 2835 2836
3 2796 2836 2797
3 2797 2836 2837
3 2797 2837 2798
3 2798 2837 2838
3 2798 2838 2799
3 2799 2838 2839
3 2800 2840 2801
3 2801 2840 2841
3 2801 2841 2802
3 2802 2841 2842
3 2802 2842 2803
3 2803 2842 2843
3 2803 2843 2804
3 2804 2843 2844
3 2804 2844 2805
3 2805 2844 2845
3 2805 2845 2806
3 2806 2845 2846
3 2806 2846 2807
3 2807 2846 2847
3 2807 2847 2808
3 2808 2847 2848
3 2808 2848 2809
3 2809 2848 2849
3 2809 2849 2810
3 2810 2849 2850
3 2810 2850 2811
3 2811 2850 2851
3 2811 2851 2812
3 2812 2851 2852
3 2812 2852 2813
3 2813 2852 2853
3 2813 2853 2814
3 2814 2853 2854
3 2814 2854 2815
3 2815 2854 2855
3 2815 2855 2816
3 2816 2855 2856
3 2816 2856 2817
3 2817 2856 2857
3 2817 2857 2818
3 2818 2857 2858
3 2818 2858 2819
3 2819 2858 2859
3 2819 2859 2820
3 2820 2859 2860
3 2820 2860 2821
3 2821 2860 2861
3 2821 2861 2822
3 2822 2861 2862
3 2822 2862 2823
3 2823 2862 2863
3 2823 2863 2824
3 2824 2863 2864
3 2824 2864 2825
3 2825 2864 2865
3 2825 2865 2826
3 2826 2865 2866
3 2826 2866 2827
3 2827 2866 2867
3 2827 2867 2828
3 2828 2867 2868
3 2828 2868 2829
3 2829 2868 2869
3 2829 2869 2830
3 2830 2869 2870
3 2830 2870 2831
3 2831 2870 2871
3 2831 2871 2832
3 2832 2871 2872
3 2832 2872 2833
3 2833 2872 2873
3 2833 2873 2834
3 2834 2873 2874
3 2834 2874 2835
3 2835 2874 2875
3 2835 2875 2836
3 2836 2875 2876
3 2836 2876 2837
3 2837 2876 2877
3 2837 2877 2838
3 2838 2877 2878
3 2838 2878 2839
3 2839 2878 2879
3 2840 2880 2841
3 2841 2880 2881
3 2841 2881 2842
3 2842 2881 2882
3 2842 2882 2843
3 2843 2882 2883
3 2843 2883 2844
3 2844 2883 2884
3 2844 2884 2845
3 2845 2884 2885
3 2845 2885 2846
3 2846 2885 2886
3 2846 2886 2847
3 2847 2886 2887
3 2847 2887 2848
3 2848 2887 2888
3 2848 2888 2849
3 2849 2888 2889
3 2849 2889 2850
3 2850 2889 2890
3 2850 2890 2851
3 2851 2890 2891
3 2851 2891 2852
3 2852 2891 2892
3 2852 2892 2853
3 2853 2892 2893
3 2853 2893 2854
3 2854 2893 2894
3 2854 2894 2855
3 2855 2894 2895
3 2855 2895 2856
3 2856 2895 2896
3 2856 2896 2857
3 2857 2896 2897
3 2857 2897 2858
3 2858 2897 2898
3 2858 2898 2859
3 2859 2898 2899
3 2859 2899 2860
3 2860 2899 2900
3 2860 2900 2861
3 2861 2900 2901
3 2861 2901 2862
3 2862 2901 2902
3 2862 2902 2863
3 2863 2902 2903
3 2863 2903 2864
3 2864 2903 2904
3 2864 2904 2865
3 2865 2904 2905
3 2865 2905 2866
3 2866 2905 2906
3 2866 2906 2867
3 2867 2906 2907
3 2867 2907 2868
3 2868 2907 2908
3 2868 2908 2869
3 2869 2908 2909
3 2869 2909 2870
3 2870 2909 2910
3 2870 2910 2871
3 2871 2910 2911
3 2871 2911 2872
3 2872 2911 2912
3 2872 2912 2873
3 2873 2912 2913
3 2873 2913 2874
3 2874 2913 2914
3 2874 2914 2875
3 2875 2914 2915
3 2875 2915 2876
3 2876 2915 2916
3 2876 2916 2877
3 2877 2916 2917
3 2877 2917 2878
3 2878 2917 2918
3 2878 2918 2879
3 2879 2918 2919
3 2880 2920 2881
3 2881 2920 2921
3 2881 2921 2882
3 2882 2921 2922
3 2882 2922 2883
3 2883 2922 2923
3 2883 2923 2884
3 2884 2923 2924
3 2884 2924 2885
3 2885 2924 2925
3 2885 2925 2886
3 2886 2925 2926
3 2886 2926 2887
3 2887 2926 2927
3 2887 2927 2888
3 2888 2927 2928
3 2888 2928 2889
3 2889 2928 2929
3 2889 2929 2890
3 2890 2929 2930
3 2890 2930 2891
3 2891 2930 2931
3 2891 2931 2892
3 2892 2931 2932
3 2892 2932 2893
3 2893 2932 2933
3 2893 2933 2894
3 2894 2933 2934
3 2894 2934 2895
3 2895 2934 2935
3 2895 2935 2896
3 2896 2935 2936
3 2896 2936 2897
3 2897 2936 2937
3 2897 2937 2898
3 2898 2937 2938
3 2898 2938 2899
3 2899 2938 2939
3 2899 2939 2900
3 2900 2939 2940
3 2900 2940 2901
3 2901 2940 2941
3 2901 2941 2902
3 2902 2941 2942
3 2902 2942 2903
3 2903 2942 2943
3 2903 2943 2904
3 2904 2943 2944
3 2904 2944 2905
3 2905 2944 2945
3 2905 2945 2906
3 2906 2945 2946
3 2906 2946 2907
3 2907 2946 2947
3 2907 2947 2908
3 2908 2947 2948
3 2908 2948 2909
3 2909 2948 2949
3 2909 2949 2910
3 2910 2949 2950
3 2910 2950 2911
3 2911 2950 2951
3 2911 2951 2912
3 2912 2951 2952
3 2912 2952 2913
3 2913 2952 2953
3 2913 2953 2914
3 2914 2953 2954
3 2914 2954 2915
3 2915 2954 2955
3 2915 2955 2916
3 2916 2955 2956
3 2916 2956 2917
3 2917 2956 2957
3 2917 2957 2918
3 2918 2957 2958
3 2918 2958 2919
3 2919 2958 2959
3 2920 2960 2921
3 2921 2960 2961
3 2921 2961 2922
3 2922 2961 2962
3 2922 2962 2923
3 2923 2962 2963
3 2923 2963 2924
3 2924 2963 2964
3 2924 2964 2925
3 2925 2964 2965
3 2925 2965 2926
3 2926 2965 2966
3 2926 2966 2927
3 2927 2966 2967
3 2927 2967 2928
3 2928 2967 2968
3 2928 2968 2929
3 2929 2968 2969
3 2929 2969 2930
3 2930 2969 2970
3 2930 2970 2931
3 2931 2970 2971
3 2931 2971 2932
3 2932 2971 2972
3 2932 2972 2933
3 2933 2972 2973
3 2933 2973 2934
3 2934 2973 2974
3 2934 2974 2935
3 2935 2974 2975
3 2935 2975 2936
3 2936 2975 2976
3 2936 2976 2937
3 2937 2976 2977
3 2937 2977 2938
3 2938 2977 2978
3 2938 2978 2939
3 2939 2978 2979
3 2939 2979 2940
3 2940 2979 2980
3 2940 2980 2941
3 2941 2980 2981
3 2941 2981 2942
3 2942 2981 2982
3 2942 2982 2943
3 2943 2982 2983
3 2943 2983 2944
3 2944 2983 2984
3 2944 2984 2945
3 2945 2984 2985
3 2945 2985 2946
3 2946 2985 2986
3 2946 2986 2947
3 2947 2986 2987
3 2947 2987 2948
3 2948 2987 2988
3 2948 2988 2949
3 2949 2988 2989
3 2949 2989 2950
3 2950 2989 2990
3 2950 2990 2951
3 2951 2990 2991
3 2951 2991 2952
3 2952 2991 2992
3 2952 2992 2953
3 2953 2992 2993
3 2953 2993 2954
3 2954 2993 2994
3 2954 2994 2955
3 2955 2994 2995
3 2955 2995 2956
3 2956 2995 2996
3 2956 2996 2957
3 2957 2996 2997
3 2957 2997 2958
3 2958 2997 2998
3 2958 2998 2959
3 2959 2998 2999
3 2960 3000 2961
3 2961 3000 3001
3 2961 3001 2962
3 2962 3001 3002
3 2962 3002 2963
3 2963 3002 3003
3 2963 3003 2964
3 2964 3003 3004
3 2964 3004 2965
3 2965 3004 3005
3 2965 3005 2966
3 2966 3005 3006
3 2966 3006 2967
3 2967 3006 3007
3 2967 3007 2968
3 2968 3007 3008
3 2968 3008 2969
3 2969 3008 3009
3 2969 3009 2970
3 2970 3009 3010
3 2970 3010 2971
3 2971 3010 3011
3 2971 3011 2972
3 2972 3011 3012
3 2972 3012 2973
3 2973 3012 3013
3 2973 3013 2974
3 2974 3013 3014
3 2974 3014 2975
3 2975 3014 3015
3 2975 3015 2976
3 2976 3015 3016
3 2976 3016 2977
3 2977 3016 3017
3 2977 3017 2978
3 2978 3017 3018
3 2978 3018 2979
3 2979 3018 3019
3 2979 3019 2980
3 2980 3019 3020
3 2980 3020 2981
3 2981 3020 3021
3 2981 3021 2982
3 2982 3021 3022
3 2982 3022 2983
3 2983 3022 3023
3 2983 3023 2984
3 2984 3023 3024
3 2984 3024 2985
3 2985 3024 3025
3 2985 3025 2986
3 2986 3025 3026
3 2986 3026 2987
3 2987 3026 3027
3 2987 3027 2988
3 2988 3027 3028
3 2988 3028 2989
3 2989 3028 3029
3 2989 3029 2990
3 2990 3029 3030
3 2990 3030 2991
3 2991 3030 3031
3 2991 3031 2992
3 2992 3031 3032
3 2992 3032 2993
3 2993 3032 3033
3 2993 3033 2994
3 2994 3033 3034
3 2994 3034 2995
3 2995 3034 3035
3 2995 3035 2996
3 2996 3035 3036
3 2996 3036 2997
3 2997 3036 3037
3 2997 3037 2998
3 2998 3037 3038
3 2998 3038 2999
3 2999 3038 3039
3 3000 3040 3001
3 3001 3040 3041
3 3001 3041 3002
3 3002 3041 3042
3 3002 3042 3003
3 3003 3042 3043
3 3003 3043 3004
3 3004 3043 3044
3 3004 3044 3005
3 3005 3044 3045
3 3005 3045 3006
3 3006 3045 3046
3 3006 3046 3007
3 3007 3046 3047
3 3007 3047 3008
3 3008 3047 3048
3 3008 3048 3009
3 3009 3048 3049
3 3009 3049 3010
3 3010 3049 3050
3 3010 3050 3011
3 3011 3050 3051
3 3011 3051 3012
3 3012 3051 3052
3 3012 3052 3013
3 3013 3052 3053
3 3013 3053 3014
3 3014 3053 3054
3 3014 3054 3015
3 3015 3054 3055
3 3015 3055 3016
3 3016 3055 3056
3 3016 3056 3017
3 3017 3056 3057
3 3017 3057 3018
3 3018 3057 3058
3 3018 3058 3019
3 3019 3058 3059
3 3019 3059 3020
3 3020 3059 3060
3 3020 3060 3021
3 3021 3060 3061
3 3021 3061 3022
3 3022 3061 3062
3 3022 3062 3023
3 3023 3062 3063
3 3023 3063 3024
3 3024 3063 3064
3 3024 3064 3025
3 3025 3064 3065
3 3025 3065 3026
3 3026 3065 3066
3 3026 3066 3027
3 3027 3066 3067
3 3027 3067 3028
3 3028 3067 3068
3 3028 3068 3029
3 3029 3068 3069
3 3029 3069 3030
3 3030 3069 3070
3 3030 3070 3031
3 3031 3070 3071
3 3031 3071 3032
3 3032 3071 3072
3 3032 3072 3033
3 3033 3072 3073
3 3033 3073 3034
3 3034 3073 3074
3 3034 3074 3035
3 3035 3074 3075
3 3035 3075 3036
3 3036 3075 3076
3 3036 3076 3037
3 3037 3076 3077
3 3037 3077 3038
3 3038 3077 3078
3 3038 3078 3039
3 3039 3078 3079
3 3040 3080 3041
3 3041 3080 3081
3 3041 3081 3042
3 3042 3081 3082
3 3042 3082 3043
3 3043 3082 3083
3 3043 3083 3044
3 3044 3083 3084
3 3044 3084 3045
3 3045 3084 3085
3 3045 3085 3046
3 3046 3085 3086
3 3046 3086 3047
3 3047 3086 3087
3 3047 3087 3048
3 3048 3087 3088
3 3048 3088 3049
3 3049 3088 3089
3 3049 3089 3050
3 3050 3089 3090
3 3050 3090 3051
3 3051 3090 3091
3 3051 3091 3052
3 3052 3091 3092
3 3052 3092 3053
3 3053 3092 3093
3 3053 3093 3054
3 3054 3093 3094
3 3054 3094 3055
3 3055 3094 3095
3 3055 3095 3056
3 3056 3095 3096
3 3056 3096 3057
3 3057 3096 3097
3 3057 3097 3058
3 3058 3097 3098
3 3058 3098 3059
3 3059 3098 3099
3 3059 3099 3060
3 3060 3099 3100
3 3060 3100 3061
3 3061 3100 3101
3 3061 3101 3062
3 3062 3101 3102
3 3062 3102 3063
3 3063 3102 3103
3 3063 3103 3064
3 3064 3103 3104
3 3064 3104 3065
3 3065 3104 3105
3 3065 3105 3066
3 3066 3105 3106
3 3066 3106 3067
3 3067 3106 3107
3 3067 3107 3068
3 3068 3107 3108
3 3068 3108 3069
3 3069 3108 3109
3 3069 3109 3070
3 3070 3109 3110
3 3070 3110 3071
3 3071 3110 3111
3 3071 3111 3072
3 3072 3111 3112
3 3072 3112 3073
3 3073 3112 3113
3 3073 3113 3074
3 3074 3113 3114
3 3074 3114 3075
3 3075 3114 3115
3 3075 3115 3076
3 3076 3115 3116
3 3076 3116 3077
3 3077 3116 3117
3 3077 3117 3078
3 3078 3117 3118
3 3078 3118 3079
3 3079 3118 3119
3 3080 3120 3081
3 3081 3120 3121
3 3081 3121 3082
3 3082 3121 3122
3 3082 3122 3083
3 3083 3122 3123
3 3083 3123 3084
3 3084 3123 3124
3 3084 3124 3085
3 3085 3124 3125
3 3085 3125 3086
3 3086 3125 3126
3 3086 3126 3087
3 3087 3126 3127
3 3087 3127 3088
3 3088 3127 3128
3 3088 3128 3089
3 3089 3128 3129
3 3089 3129 3090
3 3090 3129 3130
3 3090 3130 3091
3 3091 3130 3131
3 3091 3131 3092
3 3092 3131 3132
3 3092 3132 3093
3 3093 3132 3133
3 3093 3133 3094
3 3094 3133 3134
3 3094 3134 3095
3 3095 3134 3135
3 3095 3135 3096
3 3096 3135 3136
3 3096 3136 3097
3 3097 3136 3137
3 3097 3137 3098
3 3098 3137 3138
3 3098 3138 3099
3 3099 3138 3139
3 3099 3139 3100
3 3100 3139 3140
3 3100 3140 3101
3 3101 3140 3141
3 3101 3141 3102
3 3102 3141 3142
3 3102 3142 3103
3 3103 3142 3143
3 3103 3143 3104
3 3104 3143 3144
3 3104 3144 3105
3 3105 3144 3145
3 3105 3145 3106
3 3106 3145 3146
3 3106 3146 3107
3 3107 3146 3147
3 3107 3147 3108
3 3108 3147 3148
3 3108 3148 3109
3 3109 3148 3149
3 3109 3149 3110
3 3110 3149 3150
3 3110 3150 3111
3 3111 3150 3151
3 3111 3151 3112
3 3112 3151 3152
3 3112 3152 3113
3 3113 3152 3153
3 3113 3153 3114
3 3114 3153 3154
3 3114 3154 3115
3 3115 3154 3155
3 3115 3155 3116
3 3116 3155 3156
3 3116 3156 3117
3 3117 3156 3157
3 3117 3157 3118
3 3118 3157 3158
3 3118 3158 3119
3 3119 3158 3159
3 3120 3160 3121
3 3121 3160 3161
3 3121 3161 3122
3 3122 3161 3162
3 3122 3162 3123
3 3123 3162 3163
3 3123 3163 3124
3 3124 3163 3164
3 3124 3164 3125
3 3125 3164 3165
3 3125 3165 3126
3 3126 3165 3166
3 3126 3166 3127
3 3127 3166 3167
3 3127 3167 3128
3 3128 3167 3168
3 3128 3168 3129
3 3129 3168 3169
3 3129 3169 3130
3 3130 3169 3170
3 3130 3170 3131
3 3131 3170 3171
3 3131 3171 3132
3 3132 3171 3172
3 3132 3172 3133
3 3133 3172 3173
3 3133 3173 3134
3 3134 3173 3174
3 3134 3174 3135
3 3135 3174 3175
3 3135 3175 3136
3 3136 3175 3176
3 3136 3176 3137
3 3137 3176 3177
3 3137 3177 3138
3 3138 3177 3178
3 3138 3178 3139
3 3139 3178 3179
3 3139 3179 3140
3 3140 3179 3180
3 3140 3180 3141
3 3141 3180 3181
3 3141 3181 3142
3 3142 3181 3182
3 3142 3182 3143
3 3143 3182 3183
3 3143 3183 3144
3 3144 3183 3184
3 3144 3184 3145
3 3145 3184 3185
3 3145 3185 3146
3 3146 3185 3186
3 3146 3186 3147
3 3147 3186 3187
3 3147 3187 3148
3 3148 3187 3188
3 3148 3188 3149
3 3149 3188 3189
3 3149 3189 3150
3 3150 3189 3190
3 3150 3190 3151
3 3151 3190 3191
3 3151 3191 3152
3 3152 3191 3192
3 3152 3192 3153
3 3153 3192 3193
3 3153 3193 3154
3 3154 3193 3194
3 3154 3194 3155
3 3155 3194 3195
3 3155 3195 3156
3 3156 3195 3196
3 3156 3196 3157
3 3157 3196 3197
3 3157 3197 3158
3 3158 3197 3198
3 3158 3198 3159
3 3159 3198 3199
3 3160 3200 3161
3 3161 3200 3201
3 3161 3201 3162
3 3162 3201 3202
3 3162 3202 3163
3 3163 3202 3203
3 3163 3203 3164
3 3164 3203 3204
3 3164 3204 3165
3 3165 3204 3205
3 3165 3205 3166
3 3166 3205 3206
3 3166 3206 3167
3 3167 3206 3207
3 3167 3207 3168
3 3168 3207 3208
3 3168 3208 3169
3 3169 3208 3209
3 3169 3209 3170
3 3170 3209 3210
3 3170 3210 3171
3 3171 3210 3211
3 3171 3211 3172
3 3172 3211 3212
3 3172 3212 3173
3 3173 3212 3213
3 3173 3213 3174
3 3174 3213 3214
3 3174 3214 3175
3 3175 3214 3215
3 3175 3215 3176
3 3176 3215 3216
3 3176 3216 3177
3 3177 3216 3217
3 3177 3217 3178
3 3178 3217 3218
3 3178 3218 3179
3 3179 3218 3219
3 3179 3219 3180
3 3180 3219 3220
3 3180 3220 3181
3 3181 3220 3221
3 3181 3221 3182
3 3182 3221 3222
3 3182 3222 3183
3 3183 3222 3223
3 3183 3223 3184
3 3184 3223 3224
3 3184 3224 3185
3 3185 3224 3225
3 3185 3225 3186
3 3186 3225 3226
3 3186 3226 3187
3 3187 3226 3227
3 3187 3227 3188
3 3188 3227 3228
3 3188 3228 3189
3 3189 3228 3229
3 3189 3229 3190
3 3190 3229 3230
3 3190 3230 3191
3 3191 3230 3231
3 3191 3231 3192
3 3192 3231 3232
3 3192 3232 3193
3 3193 3232 3233
3 3193 3233 3194
3 3194 3233 3234
3 3194 3234 3195
3 3195 3234 3235
3 3195 3235 3196
3 3196 3235 3236
3 3196 3236 3197
3 3197 3236 3237
3 3197 3237 3198
3 3198 3237 3238
3 3198 3238 3199
3 3199 3238 3239
3 3200 3240 3201
3 3201 3240 3241
3 3201 3241 3202
3 3202 3241 3242
3 3202 3242 3203
3 3203 3242 3243
3 3203 3243 3204
3 3204 3243 3244
3 3204 3244 3205
3 3205 3244 3245
3 3205 3245 3206
3 3206 3245 3246
3 3206 3246 3207
3 3207 3246 3247
3 3207 3247 3208
3 3208 3247 3248
3 3208 3248 3209
3 3209 3248 3249
3 3209 3249 3210
3 3210 3249 3250
3 3210 3250 3211
3 3211 3250 3251
3 3211 3251 3212
3 3212 3251 3252
3 3212 3252 3213
3 3213 3252 3253
3 3213 3253 3214
3 3214 3253 3254
3 3214 3254 3215
3 3215 3254 3255
3 3215 3255 3216
3 3216 3255 3256
3 3216 3256 3217
3 3217 3256 3257
3 3217 3257 3218
3 3218 3257 3258
3 3218 3258 3219
3 3219 3258 3259
3 3219 3259 3220
3 3220 3259 3260
3 3220 3260 3221
3 3221 3260 3261
3 3221 3261 3222
3 3222 3261 3262
3 3222 3262 3223
3 3223 3262 3263
3 3223 3263 3224
3 3224 3263 3264
3 3224 3264 3225
3 3225 3264 3265
3 3225 3265 3226
3 3226 3265 3266
3 3226 3266 3227
3 3227 3266 3267
3 3227 3267 3228
3 3228 3267 3268
3 3228 3268 3229
3 3229 3268 3269
3 3229 3269 3230
3 3230 3269 3270
3 3230 3270 3231
3 3231 3270 3271
3 3231 3271 3232
3 3232 3271 3272
3 3232 3272 3233
3 3233 3272 3273
3 3233 3273 3234
3 3234 3273 3274
3 3234 3274 3235
3 3235 3274 3275
3 3235 3275 3236
3 3236 3275 3276
3 3236 3276 3237
3 3237 3276 3277
3 3237 3277 3238
3 3238 3277 3278
3 3238 3278 3239
3 3239 3278 3279
3 3240 3280 3241
3 3241 3280 3281
3 3241 3281 3242
3 3242 3281 3282
3 3242 3282 3243
3 3243 3282 3283
3 3243 3283 3244
3 3244 3283 3284
3 3244 3284 3245
3 3245 3284 3285
3 3245 3285 3246
3 3246 3285 3286
3 3246 3286 3247
3 3247 3286 3287
3 3247 3287 3248
3 3248 3287 3288
3 3248 3288 3249
3 3249 3288 3289
3 3249 3289 3250
3 3250 3289 3290
3 3250 3290 3251
3 3251 3290 3291
3 3251 3291 3252
3 3252 3291 3292
3 3252 3292 3253
3 3253 3292 3293
3 3253 3293 3254
3 3254 3293 3294
3 3254 3294 3255
3 3255 3294 3295
3 3255 3295 3256
3 3256 3295 3296
3 3256 3296 3257
3 3257 3296 3297
3 3257 3297 3258
3 3258 3297 3298
3 3258 3298 3259
3 3259 3298 3299
3 3259 3299 3260
3 3260 3299 3300
3 3260 3300 3261
3 3261 3300 3301
3 3261 3301 3262
3 3262 3301 3302
3 3262 3302 3263
3 3263 3302 3303
3 3263 3303 3264
3 3264 3303 3304
3 3264 3304 3265
3 3265 3304 3305
3 3265 3305 3266
3 3266 3305 3306
3 3266 3306 3267
3 3267 3306 3307
3 3267 3307 3268
3 3268 3307 3308
3 3268 3308 3269
3 3269 3308 3309
3 3269 3309 3270
3 3270 3309 3310
3 3270 3310 3271
3 3271 3310 3311
3 3271 3311 3272
3 3272 3311 3312
3 3272 3312 3273
3 3273 3312 3313
3 3273 3313 3274
3 3274 3313 3314
3 3274 3314 3275
3 3275 3314 3315
3 3275 3315 3276
3 3276 3315 3316
3 3276 3316 3277
3 3277 3316 3317
3 3277 3317 3278
3 3278 3317 3318
3 3278 3318 3279
3 3279 3318 3319
3 3280 3320 3281
3 3281 3320 3321
3 3281 3321 3282
3 3282 3321 3322
3 3282 3322 3283
3 3283 3322 3323
3 3283 3323 3284
3 3284 3323 3324
3 3284 3324 3285
3 3285 3324 3325
3 3285 3325 3286
3 3286 3325 3326
3 3286 3326 3287
3 3287 3326 3327
3 3287 3327 3288
3 3288 3327 3328
3 3288 3328 3289
3 3289 3328 3329
3 3289 3329 3290
3 3290 3329 3330
3 3290 3330 3291
3 3291 3330 3331
3 3291 3331 3292
3 3292 3331 3332
3 3292 3332 3293
3 3293 3332 3333
3 3293 3333 3294
3 3294 3333 3334
3 3294 3334 3295
3 3295 3334 3335
3 3295 3335 3296
3 3296 3335 3336
3 3296 3336 3297
3 3297 3336 3337
3 3297 3337 3298
3 3298 3337 3338
3 3298 3338 3299
3 3299 3338 3339
3 3299 3339 3300
3 3300 3339 3340
3 3300 3340 3301
3 3301 3340 3341
3 3301 3341 3302
3 3302 3341 3342
3 3302 3342 3303
3 3303 3342 3343
3 3303 3343 3304
3 3304 3343 3344
3 3304 3344 3305
3 3305 3344 3345
3 3305 3345 3306
3 3306 3345 3346
3 3306 3346 3307
3 3307 3346 3347
3 3307 3347 3308
3 3308 3347 3348
3 3308 3348 3309
3 3309 3348 3349
3 3309 3349 3310
3 3310 3349 3350
3 3310 3350 3311
3 3311 3350 3351
3 3311 3351 3312
3 3312 3351 3352
3 3312 3352 3313
3 3313 3352 3353
3 3313 3353 3314
3 3314 3353 3354
3 3314 3354 3315
3 3315 3354 3355
3 3315 3355 3316
3 3316 3355 3356
3 3316 3356 3317
3 3317 3356 3357
3 3317 3357 3318
3 3318 3357 3358
3 3318 3358 3319
3 3319 3358 3359
3 3320 3360 3321
3 3321 3360 3361
3 3321 3361 3322
3 3322 3361 3362
3 3322 3362 3323
3 3323 3362 3363
3 3323 3363 3324
3 3324 3363 3364
3 3324 3364 3325
3 3325 3364 3365
3 3325 3365 3326
3 3326 3365 3366
3 3326 3366 3327
3 3327 3366 3367
3 3327 3367 3328
3 3328 3367 3368
3 3328 3368 3329
3 3329 3368 3369
3 3329 3369 3330
3 3330 3369 3370
3 3330 3370 3331
3 3331 3370 3371
3 3331 3371 3332
3 3332 3371 3372
3 3332 3372 3333
3 3333 3372 3373
3 3333 3373 3334
3 3334 3373 3374
3 3334 3374 3335
3 3335 3374 3375
3 3335 3375 3336
3 3336 3375 3376
3 3336 3376 3337
3 3337 3376 3377
3 3337 3377 3338
3 3338 3377 3378
3 3338 3378 3339
3 3339 3378 3379
3 3339 3379 3340
3 3340 3379 3380
3 3340 3380 3341
3 3341 3380 3381
3 3341 3381 3342
3 3342 3381 3382
3 3342 3382 3343
3 3343 3382 3383
3 3343 3383 3344
3 3344 3383 3384
3 3344 3384 3345
3 3345 3384 3385
3 3345 3385 3346
3 3346 3385 3386
3 3346 3386 3347
3 3347 3386 3387
3 3347 3387 3348
3 3348 3387 3388
3 3348 3388 3349
3 3349 3388 3389
3 3349 3389 3350
3 3350 3389 3390
3 3350 3390 3351
3 3351 3390 3391
3 3351 3391 3352
3 3352 3391 3392
3 3352 3392 3353
3 3353 3392 3393
3 3353 3393 3354
3 3354 3393 3394
3 3354 3394 3355
3 3355 3394 3395
3 3355 3395 3356
3 3356 3395 3396
3 3356 3396 3357
3 3357 3396 3397
3 3357 3397 3358
3 3358 3397 3398
3 3358 3398 3359
3 3359 3398 3399
3 3360 3400 3361
3 3361 3400 3401
3 3361 3401 3362
3 3362 3401 3402
3 3362 3402 3363
3 3363 3402 3403
3 3363 3403 3364
3 3364 3403 3404
3 3364 3404 3365
3 3365 3404 3405
3 3365 3405 3366
3 3366 3405 3406
3 3366 3406 3367
3 3367 3406 3407
3 3367 3407 3368
3 3368 3407 3408
3 3368 3408 3369
3 3369 3408 3409
3 3369 3409 3370
3 3370 3409 3410
3 3370 3410 3371
3 3371 3410 3411
3 3371 3411 3372
3 3372 3411 3412
3 3372 3412 3373
3 3373 3412 3413
3 3373 3413 3374
3 3374 3413 3414
3 3374 3414 3375
3 3375 3414 3415
3 3375 3415 3376
3 3376 3415 3416
3 3376 3416 3377
3 3377 3416 3417
3 3377 3417 3378
3 3378 3417 3418
3 3378 3418 3379
3 3379 3418 3419
3 3379 3419 3380
3 3380 3419 3420
3 3380 3420 3381
3 3381 3420 3421
3 3381 3421 3382
3 3382 3421 3422
3 3382 3422 3383
3 3383 3422 3423
3 3383 3423 3384
3 3384 3423 3424
3 3384 3424 3385
3 3385 3424 3425
3 3385 3425 3386
3 3386 3425 3426
3 3386 3426 3387
3 3387 3426 3427
3 3387 3427 3388
3 3388 3427 3428
3 3388 3428 3389
3 3389 3428 3429
3 3389 3429 3390
3 3390 3429 3430
3 3390 3430 3391
3 3391 3430 3431
3 3391 3431 3392
3 3392 3431 3432
3 3392 3432 3393
3 3393 3432 3433
3 3393 3433 3394
3 3394 3433 3434
3 3394 3434 3395
3 3395 3434 3435
3 3395 3435 3396
3 3396 3435 3436
3 3396 3436 3397
3 3397 3436 3437
3 3397 3437 3398
3 3398 3437 3438
3 3398 3438 3399
3 3399 3438 3439
3 3400 3440 3401
3 3401 3440 3441
3 3401 3441 3402
3 3402 3441 3442
3 3402 3442 3403
3 3403 3442 3443
3 3403 3443 3404
3 3404 3443 3444
3 3404 3444 3405
3 3405 3444 3445
3 3405 3445 3406
3 3406 3445 3446
3 3406 3446 3407
3 3407 3446 3447
3 3407 3447 3408
3 3408 3447 3448
3 3408 3448 3409
3 3409 3448 3449
3 3409 3449 3410
3 3410 3449 3450
3 3410 3450 3411
3 3411 3450 3451
3 3411 3451 3412
3 3412 3451 3452
3 3412 3452 3413
3 3413 3452 3453
3 3413 3453 3414
3 3414 3453 3454
3 3414 3454 3415
3 3415 3454 3455
3 3415 3455 3416
3 3416 3455 3456
3 3416 3456 3417
3 3417 3456 3457
3 3417 3457 3418
3 3418 3457 3458
3 3418 3458 3419
3 3419 3458 3459
3 3419 3459 3420
3 3420 3459 3460
3 3420 3460 3421
3 3421 3460 3461
3 3421 3461 3422
3 3422 3461 3462
3 3422 3462 3423
3 3423 3462 3463
3 3423 3463 3424
3 3424 3463 3464
3 3424 3464 3425
3 3425 3464 3465
3 3425 3465 3426
3 3426 3465 3466
3 3426 3466 3427
3 3427 3466 3467
3 3427 3467 3428
3 3428 3467 3468
3 3428 3468 3429
3 3429 3468 3469
3 3429 3469 3430
3 3430 3469 3470
3 3430 3470 3431
3 3431 3470 3471
3 3431 3471 3432
3 3432 3471 3472
3 3432 3472 3433
3 3433 3472 3473
3 3433 3473 3434
3 3434 3473 3474
3 3434 3474 3435
3 3435 3474 3475
3 3435 3475 3436
3 3436 3475 3476
3 3436 3476 3437
3 3437 3476 3477
3 3437 3477 3438
3 3438 3477 3478
3 3438 3478 3439
3 3439 3478 3479
3 3440 3480 3441
3 3441 3480 3481
3 3441 3481 3442
3 3442 3481 3482
3 3442 3482 3443
3 3443 3482 3483
3 3443 3483 3444
3 3444 3483 3484
3 3444 3484 3445
3 3445 3484 3485
3 3445 3485 3446
3 3446 3485 3486
3 3446 3486 3447
3 3447 3486 3487
3 3447 3487 3448
3 3448 3487 3488
3 3448 3488 3449
3 3449 3488 3489
3 3449 3489 3450
3 3450 3489 3490
3 3450 3490 3451
3 3451 3490 3491
3 3451 3491 3452
3 3452 3491 3492
3 3452 3492 3453
3 3453 3492 3493
3 3453 3493 3454
3 3454 3493 3494
3 3454 3494 3455
3 3455 3494 3495
3 3455 3495 3456
3 3456 3495 3496
3 3456 3496 3457
3 3457 3496 3497
3 3457 3497 3458
3 3458 3497 3498
3 3458 3498 3459
3 3459 3498 3499
3 3459 3499 3460
3 3460 3499 3500
3 3460 3500 3461
3 3461 3500 3501
3 3461 3501 3462
3 3462 3501 3502
3 3462 3502 3463
3 3463 3502 3503
3 3463 3503 3464
3 3464 3503 3504
3 3464 3504 3465
3 3465 3504 3505
3 3465 3505 3466
3 3466 3505 3506
3 3466 3506 3467
3 3467 3506 3507
3 3467 3507 3468
3 3468 3507 3508
3 3468 3508 3469
3 3469 3508 3509
3 3469 3509 3470
3 3470 3509 3510
3 3470 3510 3471
3 3471 3510 3511
3 3471 3511 3472
3 3472 3511 3512
3 3472 3512 3473
3 3473 3512 3513
3 3473 3513 3474
3 3474 3513 3514
3 3474 3514 3475
3 3475 3514 3515
3 3475 3515 3476
3 3476 3515 3516
3 3476 3516 3477
3 3477 3516 3517
3 3477 3517 3478
3 3478 3517 3518
3 3478 3518 3479
3 3479 3518 3519
3 3480 3520 3481
3 3481 3520 3521
3 3481 3521 3482
3 3482 3521 3522
3 3482 3522 3483
3 3483 3522 3523
3 3483 3523 3484
3 3484 3523 3524
3 3484 3524 3485
3 3485 3524 3525
3 3485 3525 3486
3 3486 3525 3526
3 3486 3526 3487
3 3487 3526 3527
3 3487 3527 3488
3 3488 3527 3528
3 3488 3528 3489
3 3489 3528 3529
3 3489 3529 3490
3 3490 3529 3530
3 3490 3530 3491
3 3491 3530 3531
3 3491 3531 3492
3 3492 3531 3532
3 3492 3532 3493
3 3493 3532 3533
3 3493 3533 3494
3 3494 3533 3534
3 3494 3534 3495
3 3495 3534 3535
3 3495 3535 3496
3 3496 3535 3536
3 3496 3536 3497
3 3497 3536 3537
3 3497 3537 3498
3 3498 3537 3538
3 3498 3538 3499
3 3499 3538 3539
3 3499 3539 3500
3 3500 3539 3540
3 3500 3540 3501
3 3501 3540 3541
3 3501 3541 3502
3 3502 3541 3542
3 3502 3542 3503
3 3503 3542 3543
3 3503 3543 3504
3 3504 3543 3544
3 3504 3544 3505
3 3505 3544 3545
3 3505 3545 3506
3 3506 3545 3546
3 3506 3546 3507
3 3507 3546 3547
3 3507 3547 3508
3 3508 3547 3548
3 3508 3548 3509
3 3509 3548 3549
3 3509 3549 3510
3 3510 3549 3550
3 3510 3550 3511
3 3511 3550 3551
3 3511 3551 3512
3 3512 3551 3552
3 3512 3552 3513
3 3513 3552 3553
3 3513 3553 3514
3 3514 3553 3554
3 3514 3554 3515
3 3515 3554 3555
3 3515 3555 3516
3 3516 3555 3556
3 3516 3556 3517
3 3517 3556 3557
3 3517 3557 3518
3 3518 3557 3558
3 3518 3558 3519
3 3519 3558 3559
3 3520 3560 3521
3 3521 3560 3561
3 3521 3561 3522
3 3522 3561 3562
3 3522 3562 3523
3 3523 3562 3563
3 3523 3563 3524
3 3524 3563 3564
3 3524 3564 3525
3 3525 3564 3565
3 3525 3565 3526
3 3526 3565 3566
3 3526 3566 3527
3 3527 3566 3567
3 3527 3567 3528
3 3528 3567 3568
3 3528 3568 3529
3 3529 3568 3569
3 3529 3569 3530
3 3530 3569 3570
3 3530 3570 3531
3 3531 3570 3571
3 3531 3571 3532
3 3532 3571 3572
3 3532 3572 3533
3 3533 3572 3573
3 3533 3573 3534
3 3534 3573 3574
3 3534 3574 3535
3 3535 3574 3575
3 3535 3575 3536
3 3536 3575 3576
3 3536 3576 3537
3 3537 3576 3577
3 3537 3577 3538
3 3538 3577 3578
3 3538 3578 3539
3 3539 3578 3579
3 3539 3579 3540
3 3540 3579 3580
3 3540 3580 3541
3 3541 3580 3581
3 3541 3581 3542
3 3542 3581 3582
3 3542 3582 3543
3 3543 3582 3583
3 3543 3583 3544
3 3544 3583 3584
3 3544 3584 3545
3 3545 3584 3585
3 3545 3585 3546
3 3546 3585 3586
3 3546 3586 3547
3 3547 3586 3587
3 3547 3587 3548
3 3548 3587 3588
3 3548 3588 3549
3 3549 3588 3589
3 3549 3589 3550
3 3550 3589 3590
3 3550 3590 3551
3 3551 3590 3591
3 3551 3591 3552
3 3552 3591 3592
3 3552 3592 3553
3 3553 3592 3593
3 3553 3593 3554
3 3554 3593 3594
3 3554 3594 3555
3 3555 3594 3595
3 3555 3595 3556
3 3556 3595 3596
3 3556 3596 3557
3 3557 3596 3597
3 3557 3597 3558
3 3558 3597 3598
3 3558 3598 3559
3 3559 3598 3599
3 3560 3600 3561
3 3561 3600 3601
3 3561 3601 3562
3 3562 3601 3602
3 3562 3602 3563
3 3563 3602 3603
3 3563 3603 3564
3 3564 3603 3604
3 3564 3604 3565
3 3565 3604 3605
3 3565 3605 3566
3 3566 3605 3606
3 3566 3606 3567
3 3567 3606 3607
3 3567 3607 3568
3 3568 3607 3608
3 3568 3608 3569
3 3569 3608 3609
3 3569 3609 3570
3 3570 3609 3610
3 3570 3610 3571
3 3571 3610 3611
3 3571 3611 3572
3 3572 3611 3612
3 3572 3612 3573
3 3573 3612 3613
3 3573 3613 3574
3 3574 3613 3614
3 3574 3614 3575
3 3575 3614 3615
3 3575 3615 3576
3 3576 3615 3616
3 3576 3616 3577
3 3577 3616 3617
3 3577 3617 3578
3 3578 3617 3618
3 3578 3618 3579
3 3579 3618 3619
3 3579 3619 3580
3 3580 3619 3620
3 3580 3620 3581
3 3581 3620 3621
3 3581 3621 3582
3 3582 3621 3622
3 3582 3622 3583
3 3583 3622 3623
3 3583 3623 3584
3 3584 3623 3624
3 3584 3624 3585
3 3585 3624 3625
3 3585 3625 3586
3 3586 3625 3626
3 3586 3626 3587
3 3587 3626 3627
3 3587 3627 3588
3 3588 3627 3628
3 3588 3628 3589
3 3589 3628 3629
3 3589 3629 3590
3 3590 3629 3630
3 3590 3630 3591
3 3591 3630 3631
3 3591 3631 3592
3 3592 3631 3632
3 3592 3632 3593
3 3593 3632 3633
3 3593 3633 3594
3 3594 3633 3634
3 3594 3634 3595
3 3595 3634 3635
3 3595 3635 3596
3 3596 3635 3636
3 3596 3636 3597
3 3597 3636 3637
3 3597 3637 3598
3 3598 3637 3638
3 3598 3638 3599
3 3599 3638 3639
3 3600 3640 3601
3 3601 3640 3641
3 3601 3641 3602
3 3602 3641 3642
3 3602 3642 3603
3 3603 3642 3643
3 3603 3643 3604
3 3604 3643 3644
3 3604 3644 3605
3 3605 3644 3645
3 3605 3645 3606
3 3606 3645 3646
3 3606 3646 3607
3 3607 3646 3647
3 3607 3647 3608
3 3608 3647 3648
3 3608 3648 3609
3 3609 3648 3649
3 3609 3649 3610
3 3610 3649 3650
3 3610 3650 3611
3 3611 3650 3651
3 3611 3651 3612
3 3612 3651 3652
3 3612 3652 3613
3 3613 3652 3653
3 3613 3653 3614
3 3614 3653 3654
3 3614 3654 3615
3 3615 3654 3655
3 3615 3655 3616
3 3616 3655 3656
3 3616 3656 3617
3 3617 3656 3657
3 3617 3657 3618
3 3618 3657 3658
3 3618 3658 3619
3 3619 3658 3659
3 3619 3659 3620
3 3620 3659 3660
3 3620 3660 3621
3 3621 3660 3661
3 3621 3661 3622
3 3622 3661 3662
3 3622 3662 3623
3 3623 3662 3663
3 3623 3663 3624
3 3624 3663 3664
3 3624 3664 3625
3 3625 3664 3665
3 3625 3665 3626
3 3626 3665 3666
3 3626 3666 3627
3 3627 3666 3667
3 3627 3667 3628
3 3628 3667 3668
3 3628 3668 3629
3 3629 3668 3669
3 3629 3669 3630
3 3630 3669 3670
3 3630 3670 3631
3 3631 3670 3671
3 3631 3671 3632
3 3632 3671 3672
3 3632 3672 3633
3 3633 3672 3673
3 3633 3673 3634
3 3634 3673 3674
3 3634 3674 3635
3 3635 3674 3675
3 3635 3675 3636
3 3636 3675 3676
3 3636 3676 3637
3 3637 3676 3677
3 3637 3677 3638
3 3638 3677 3678
3 3638 3678 3639
3 3639 3678 3679
3 3640 3680 3641
3 3641 3680 3681
3 3641 3681 3642
3 3642 3681 3682
3 3642 3682 3643
3 3643 3682 3683
3 3643 3683 3644
3 3644 3683 3684
3 3644 3684 3645
3 3645 3684 3685
3 3645 3685 3646
3 3646 3685 3686
3 3646 3686 3647
3 3647 3686 3687
3 3647 3687 3648
3 3648 3687 3688
3 3648 3688 3649
3 3649 3688 3689
3 3649 3689 3650
3 3650 3689 3690
3 3650 3690 3651
3 3651 3690 3691
3 3651 3691 3652
3 3652 3691 3692
3 3652 3692 3653
3 3653 3692 3693
3 3653 3693 3654
3 3654 3693 3694
3 3654 3694 3655
3 3655 3694 3695
3 3655 3695 3656
3 3656 3695 3696
3 3656 3696 3657
3 3657 3696 3697
3 3657 3697 3658
3 3658 3697 3698
3 3658 3698 3659
3 3659 3698 3699
3 3659 3699 3660
3 3660 3699 3700
3 3660 3700 3661
3 3661 3700 3701
3 3661 3701 3662
3 3662 3701 3702
3 3662 3702 3663
3 3663 3702 3703
3 3663 3703 3664
3 3664 3703 3704
3 3664 3704 3665
3 3665 3704 3705
3 3665 3705 3666
3 3666 3705 3706
3 3666 3706 3667
3 3667 3706 3707
3 3667 3707 3668
3 3668 3707 3708
3 3668 3708 3669
3 3669 3708 3709
3 3669 3709 3670
3 3670 3709 3710
3 3670 3710 3671
3 3671 3710 3711
3 3671 3711 3672
3 3672 3711 3712
3 3672 3712 3673
3 3673 3712 3713
3 3673 3713 3674
3 3674 3713 3714
3 3674 3714 3675
3 3675 3714 3715
3 3675 3715 3676
3 3676 3715 3716
3 3676 3716 3677
3 3677 3716 3717
3 3677 3717 3678
3 3678 3717 3718
3 3678 3718 3679
3 3679 3718 3719
3 3680 3720 3681
3 3681 3720 3721
3 3681 3721 3682
3 3682 3721 3722
3 3682 3722 3683
3 3683 3722 3723
3 3683 3723 3684
3 3684 3723 3724
3 3684 3724 3685
3 3685 3724 3725
3 3685 3725 3686
3 3686 3725 3726
3 3686 3726 3687
3 3687 3726 3727
3 3687 3727 3688
3 3688 3727 3728
3 3688 3728 3689
3 3689 3728 3729
3 3689 3729 3690
3 3690 3729 3730
3 3690 3730 3691
3 3691 3730 3731
3 3691 3731 3692
3 3692 3731 3732
3 3692 3732 3693
3 3693 3732 3733
3 3693 3733 3694
3 3694 3733 3734
3 3694 3734 3695
3 3695 3734 3735
3 3695 3735 3696
3 3696 3735 3736
3 3696 3736 3697
3 3697 3736 3737
3 3697 3737 3698
3 3698 3737 3738
3 3698 3738 3699
3 3699 3738 3739
3 3699 3739 3700
3 3700 3739 3740
3 3700 3740 3701
3 3701 3740 3741
3 3701 3741 3702
3 3702 3741 3742
3 3702 3742 3703
3 3703 3742 3743
3 3703 3743 3704
3 3704 3743 3744
3 3704 3744 3705
3 3705 3744 3745
3 3705 3745 3706
3 3706 3745 3746
3 3706 3746 3707
3 3707 3746 3747
3 3707 3747 3708
3 3708 3747 3748
3 3708 3748 3709
3 3709 3748 3749
3 3709 3749 3710
3 3710 3749 3750
3 3710 3750 3711
3 3711 3750 3751
3 3711 3751 3712
3 3712 3751 3752
3 3712 3752 3713
3 3713 3752 3753
3 3713 3753 3714
3 3714 3753 3754
3 3714 3754 3715
3 3715 3754 3755
3 3715 3755 3716
3 3716 3755 3756
3 3716 3756 3717
3 3717 3756 3757
3 3717 3757 3718
3 3718 3757 3758
3 3718 3758 3719
3 3719 3758 3759
3 3720 3760 3721
3 3721 3760 3761
3 3721 3761 3722
3 3722 3761 3762
3 3722 3762 3723
3 3723 3762 3763
3 3723 3763 3724
3 3724 3763 3764
3 3724 3764 3725
3 3725 3764 3765
3 3725 3765 3726
3 3726 3765 3766
3 3726 3766 3727
3 3727 3766 3767
3 3727 3767 3728
3 3728 3767 3768
3 3728 3768 3729
3 3729 3768 3769
3 3729 3769 3730
3 3730 3769 3770
3 3730 3770 3731
3 3731 3770 3771
3 3731 3771 3732
3 3732 3771 3772
3 3732 3772 3733
3 3733 3772 3773
3 3733 3773 3734
3 3734 3773 3774
3 3734 3774 3735
3 3735 3774 3775
3 3735 3775 3736
3 3736 3775 3776
3 3736 3776 3737
3 3737 3776 3777
3 3737 3777 3738
3 3738 3777 3778
3 3738 3778 3739
3 3739 3778 3779
3 3739 3779 3740
3 3740 3779 3780
3 3740 3780 3741
3 3741 3780 3781
3 3741 3781 3742
3 3742 3781 3782
3 3742 3782 3743
3 3743 3782 3783
3 3743 3783 3744
3 3744 3783 3784
3 3744 3784 3745
3 3745 3784 3785
3 3745 3785 3746
3 3746 3785 3786
3 3746 3786 3747
3 3747 3786 3787
3 3747 3787 3748
3 3748 3787 3788
3 3748 3788 3749
3 3749 3788 3789
3 3749 3789 3750
3 3750 3789 3790
3 3750 3790 3751
3 3751 3790 3791
3 3751 3791 3752
3 3752 3791 3792
3 3752 3792 3753
3 3753 3792 3793
3 3753 3793 3754
3 3754 3793 3794
3 3754 3794 3755
3 3755 3794 3795
3 3755 3795 3756
3 3756 3795 3796
3 3756 3796 3757
3 3757 3796 3797
3 3757 3797 3758
3 3758 3797 3798
3 3758 3798 3759
3 3759 3798 3799
3 3760 3800 3761
3 3761 3800 3801
3 3761 3801 3762
3 3762 3801 3802
3 3762 3802 3763
3 3763 3802 3803
3 3763 3803 3764
3 3764 3803 3804
3 3764 3804 3765
3 3765 3804 3805
3 3765 3805 3766
3 3766 3805 3806
3 3766 3806 3767
3 3767 3806 3807
3 3767 3807 3768
3 3768 3807 3808
3 3768 3808 3769
3 3769 3808 3809
3 3769 3809 3770
3 3770 3809 3810
3 3770 3810 3771
3 3771 3810 3811
3 3771 3811 3772
3 3772 3811 3812
3 3772 3812 3773
3 3773 3812 3813
3 3773 3813 3774
3 3774 3813 3814
3 3774 3814 3775
3 3775 3814 3815
3 3775 3815 3776
3 3776 3815 3816
3 3776 3816 3777
3 3777 3816 3817
3 3777 3817 3778
3 3778 3817 3818
3 3778 3818 3779
3 3779 3818 3819
3 3779 3819 3780
3 3780 3819 3820
3 3780 3820 3781
3 3781 3820 3821
3 3781 3821 3782
3 3782 3821 3822
3 3782 3822 3783
3 3783 3822 3823
3 3783 3823 3784
3 3784 3823 3824
3 3784 3824 3785
3 3785 3824 3825
3 3785 3825 3786
3 3786 3825 3826
3 3786 3826 3787
3 3787 3826 3827
3 3787 3827 3788
3 3788 3827 3828
3 3788 3828 3789
3 3789 3828 3829
3 3789 3829 3790
3 3790 3829 3830
3 3790 3830 3791
3 3791 3830 3831
3 3791 3831 3792
3 3792 3831 3832
3 3792 3832 3793
3 3793 3832 3833
3 3793 3833 3794
3 3794 3833 3834
3 3794 3834 3795
3 3795 3834 3835
3 3795 3835 3796
3 3796 3835 3836
3 3796 3836 3797
3 3797 3836 3837
3 3797 3837 3798
3 3798 3837 3838
3 3798 3838 3799
3 3799 3838 3839
3 3800 3840 3801
3 3801 3840 3841
3 3801 3841 3802
3 3802 3841 3842
3 3802 3842 3803
3 3803 3842 3843
3 3803 3843 3804
3 3804 3843 3844
3 3804 3844 3805
3 3805 3844 3845
3 3805 3845 3806
3 3806 3845 3846
3 3806 3846 3807
3 3807 3846 3847
3 3807 3847 3808
3 3808 3847 3848
3 3808 3848 3809
3 3809 3848 3849
3 3809 3849 3810
3 3810 3849 3850
3 3810 3850 3811
3 3811 3850 3851
3 3811 3851 3812
3 3812 3851 3852
3 3812 3852 3813
3 3813 3852 3853
3 3813 3853 3814
3 3814 3853 3854
3 3814 3854 3815
3 3815 3854 3855
3 3815 3855 3816
3 3816 3855 3856
3 3816 3856 3817
3 3817 3856 3857
3 3817 3857 3818
3 3818 3857 3858
3 3818 3858 3819
3 3819 3858 3859
3 3819 3859 3820
3 3820 3859 3860
3 3820 3860 3821
3 3821 3860 3861
3 3821 3861 3822
3 3822 3861 3862
3 3822 3862 3823
3 3823 3862 3863
3 3823 3863 3824
3 3824 3863 3864
3 3824 3864 3825
3 3825 3864 3865
3 3825 3865 3826
3 3826 3865 3866
3 3826 3866 3827
3 3827 3866 3867
3 3827 3867 3828
3 3828 3867 3868
3 3828 3868 3829
3 3829 3868 3869
3 3829 3869 3830
3 3830 3869 3870
3 3830 3870 3831
3 3831 3870 3871
3 3831 3871 3832
3 3832 3871 3872
3 3832 3872 3833
3 3833 3872 3873
3 3833 3873 3834
3 3834 3873 3874
3 3834 3874 3835
3 3835 3874 3875
3 3835 3875 3836
3 3836 3875 3876
3 3836 3876 3837
3 3837 3876 3877
3 3837 3877 3838
3 3838 3877 3878
3 3838 3878 3839
3 3839 3878 3879
3 3840 3880 3841
3 3841 3880 3881
3 3841 3881 3842
3 3842 3881 3882
3 3842 3882 3843
3 3843 3882 3883
3 3843 3883 3844
3 3844 3883 3884
3 3844 3884 3845
3 3845 3884 3885
3 3845 3885 3846
3 3846 3885 3886
3 3846 3886 3847
3 3847 3886 3887
3 3847 3887 3848
3 3848 3887 3888
3 3848 3888 3849
3 3849 3888 3889
3 3849 3889 3850
3 3850 3889 3890
3 3850 3890 3851
3 3851 3890 3891
3 3851 3891 3852
3 3852 3891 3892
3 3852 3892 3853
3 3853 3892 3893
3 3853 3893 3854
3 3854 3893 3894
3 3854 3894 3855
3 3855 3894 3895
3 3855 3895 3856
3 3856 3895 3896
3 3856 3896 3857
3 3857 3896 3897
3 3857 3897 3858
3 3858 3897 3898
3 3858 3898 3859
3 3859 3898 3899
3 3859 3899 3860
3 3860 3899 3900
3 3860 3900 3861
3 3861 3900 3901
3 3861 3901 3862
3 3862 3901 3902
3 3862 3902 3863
3 3863 3902 3903
3 3863 3903 3864
3 3864 3903 3904
3 3864 3904 3865
3 3865 3904 3905
3 3865 3905 3866
3 3866 3905 3906
3 3866 3906 3867
3 3867 3906 3907
3 3867 3907 3868
3 3868 3907 3908
3 3868 3908 3869
3 3869 3908 3909
3 3869 3909 3870
3 3870 3909 3910
3 3870 3910 3871
3 3871 3910 3911
3 3871 3911 3872
3 3872 3911 3912
3 3872 3912 3873
3 3873 3912 3913
3 3873 3913 3874
3 3874 3913 3914
3 3874 3914 3875
3 3875 3914 3915
3 3875 3915 3876
3 3876 3915 3916
3 3876 3916 3877
3 3877 3916 3917
3 3877 3917 3878
3 3878 3917 3918
3 3878 3918 3879
3 3879 3918 3919
3 3880 3920 3881
3 3881 3920 3921
3 3881 3921 3882
3 3882 3921 3922
3 3882 3922 3883
3 3883 3922 3923
3 3883 3923 3884
3 3884 3923 3924
3 3884 3924 3885
3 3885 3924 3925
3 3885 3925 3886
3 3886 3925 3926
3 3886 3926 3887
3 3887 3926 3927
3 3887 3927 3888
3 3888 3927 3928
3 3888 3928 3889
3 3889 3928 3929
3 3889 3929 3890
3 3890 3929 3930
3 3890 3930 3891
3 3891 3930 3931
3 3891 3931 3892
3 3892 3931 3932
3 3892 3932 3893
3 3893 3932 3933
3 3893 3933 3894
3 3894 3933 3934
3 3894 3934 3895
3 3895 3934 3935
3 3895 3935 3896
3 3896 3935 3936
3 3896 3936 3897
3 3897 3936 3937
3 3897 3937 3898
3 3898 3937 3938
3 3898 3938 3899
3 3899 3938 3939
3 3899 3939 3900
3 3900 3939 3940
3 3900 3940 3901
3 3901 3940 3941
3 3901 3941 3902
3 3902 3941 3942
3 3902 3942 3903
3 3903 3942 3943
3 3903 3943 3904
3 3904 3943 3944
3 3904 3944 3905
3 3905 3944 3945
3 3905 3945 3906
3 3906 3945 3946
3 3906 3946 3907
3 3907 3946 3947
3 3907 3947 3908
3 3908 3947 3948
3 3908 3948 3909
3 3909 3948 3949
3 3909 3949 3910
3 3910 3949 3950
3 3910 3950 3911
3 3911 3950 3951
3 3911 3951 3912
3 3912 3951 3952
3 3912 3952 3913
3 3913 3952 3953
3 3913 3953 3914
3 3914 3953 3954
3 3914 3954 3915
3 3915 3954 3955
3 3915 3955 3916
3 3916 3955 3956
3 3916 3956 3917
3 3917 3956 3957
3 3917 3957 3918
3 3918 3957 3958
3 3918 3958 3919
3 3919 3958 3959
3 3920 3960 3921
3 3921 3960 3961
3 3921 3961 3922
3 3922 3961 3962
3 3922 3962 3923
3 3923 3962 3963
3 3923 3963 3924
3 3924 3963 3964
3 3924 3964 3925
3 3925 3964 3965
3 3925 3965 3926
3 3926 3965 3966
3 3926 3966 3927
3 3927 3966 3967
3 3927 3967 3928
3 3928 3967 3968
3 3928 3968 3929
3 3929 3968 3969
3 3929 3969 3930
3 3930 3969 3970
3 3930 3970 3931
3 3931 3970 3971
3 3931 3971 3932
3 3932 3971 3972
3 3932 3972 3933
3 3933 3972 3973
3 3933 3973 3934
3 3934 3973 3974
3 3934 3974 3935
3 3935 3974 3975
3 3935 3975 3936
3 3936 3975 3976
3 3936 3976 3937
3 3937 3976 3977
3 3937 3977 3938
3 3938 3977 3978
3 3938 3978 3939
3 3939 3978 3979
3 3939 3979 3940
3 3940 3979 3980
3 3940 3980 3941
3 3941 3980 3981
3 3941 3981 3942
3 3942 3981 3982
3 3942 3982 3943
3 3943 3982 3983
3 3943 3983 3944
3 3944 3983 3984
3 3944 3984 3945
3 3945 3984 3985
3 3945 3985 3946
3 3946 3985 3986
3 3946 3986 3947
3 3947 3986 3987
3 3947 3987 3948
3 3948 3987 3988
3 3948 3988 3949
3 3949 3988 3989
3 3949 3989 3950
3 3950 3989 3990
3 3950 3990 3951
3 3951 3990 3991
3 3951 3991 3952
3 3952 3991 3992
3 3952 3992 3953
3 3953 3992 3993
3 3953 3993 3954
3 3954 3993 3994
3 3954 3994 3955
3 3955 3994 3995
3 3955 3995 3956
3 3956 3995 3996
3 3956 3996 3957
3 3957 3996 3997
3 3957 3997 3958
3 3958 3997 3998
3 3958 3998 3959
3 3959 3998 3999
3 3960 4000 3961
3 3961 4000 4001
3 3961 4001 3962
3 3962 4001 4002
3 3962 4002 3963
3 3963 4002 4003
3 3963 4003 3964
3 3964 4003 4004
3 3964 4004 3965
3 3965 4004 4005
3 3965 4005 3966
3 3966 4005 4006
3 3966 4006 3967
3 3967 4006 4007
3 3967 4007 3968
3 3968 4007 4008
3 3968 4008 3969
3 3969 4008 4009
3 3969 4009 3970
3 3970 4009 4010
3 3970 4010 3971
3 3971 4010 4011
3 3971 4011 3972
3 3972 4011 4012
3 3972 4012 3973
3 3973 4012 4013
3 3973 4013 3974
3 3974 4013 4014
3 3974 4014 3975
3 3975 4014 4015
3 3975 4015 3976
3 3976 4015 4016
3 3976 4016 3977
3 3977 4016 4017
3 3977 4017 3978
3 3978 4017 4018
3 3978 4018 3979
3 3979 4018 4019
3 3979 4019 3980
3 3980 4019 4020
3 3980 4020 3981
3 3981 4020 4021
3 3981 4021 3982
3 3982 4021 4022
3 3982 4022 3983
3 3983 4022 4023
3 3983 4023 3984
3 3984 4023 4024
3 3984 4024 3985
3 3985 4024 4025
3 3985 4025 3986
3 3986 4025 4026
3 3986 4026 3987
3 3987 4026 4027
3 3987 4027 3988
3 3988 4027 4028
3 3988 4028 3989
3 3989 4028 4029
3 3989 4029 3990
3 3990 4029 4030
3 3990 4030 3991
3 3991 4030 4031
3 3991 4031 3992
3 3992 4031 4032
3 3992 4032 3993
3 3993 4032 4033
3 3993 4033 3994
3 3994 4033 4034
3 3994 4034 3995
3 3995 4034 4035
3 3995 4035 3996
3 3996 4035 4036
3 3996 4036 3997
3 3997 4036 4037
3 3997 4037 3998
3 3998 4037 4038
3 3998 4038 3999
3 3999 4038 4039
3 4000 4040 4001
3 4001 4040 4041
3 4001 4041 4002
3 4002 4041 4042
3 4002 4042 4003
3 4003 4042 4043
3 4003 4043 4004
3 4004 4043 4044
3 4004 4044 4005
3 4005 4044 4045
3 4005 4045 4006
3 4006 4045 4046
3 4006 4046 4007
3 4007 4046 4047
3 4007 4047 4008
3 4008 4047 4048
3 4008 4048 4009
3 4009 4048 4049
3 4009 4049 4010
3 4010 4049 4050
3 4010 4050 4011
3 4011 4050 4051
3 4011 4051 4012
3 4012 4051 4052
3 4012 4052 4013
3 4013 4052 4053
3 4013 4053 4014
3 4014 4053 4054
3 4014 4054 4015
3 4015 4054 4055
3 4015 4055 4016
3 4016 4055 4056
3 4016 4056 4017
3 4017 4056 4057
3 4017 4057 4018
3 4018 4057 4058
3 4018 4058 4019
3 4019 4058 4059
3 4019 4059 4020
3 4020 4059 4060
3 4020 4060 4021
3 4021 4060 4061
3 4021 4061 4022
3 4022 4061 4062
3 4022 4062 4023
3 4023 4062 4063
3 4023 4063 4024
3 4024 4063 4064
3 4024 4064 4025
3 4025 4064 4065
3 4025 4065 4026
3 4026 4065 4066
3 4026 4066 4027
3 4027 4066 4067
3 4027 4067 4028
3 4028 4067 4068
3 4028 4068 4029
3 4029 4068 4069
3 4029 4069 4030
3 4030 4069 4070
3 4030 4070 4031
3 4031 4070 4071
3 4031 4071 4032
3 4032 4071 4072
3 4032 4072 4033
3 4033 4072 4073
3 4033 4073 4034
3 4034 4073 4074
3 4034 4074 4035
3 4035 4074 4075
3 4035 4075 4036
3 4036 4075 4076
3 4036 4076 4037
3 4037 4076 4077
3 4037 4077 4038
3 4038 4077 4078
3 4038 4078 4039
3 4039 4078 4079
3 4040 4080 4041
3 4041 4080 4081
3 4041 4081 4042
3 4042 4081 4082
3 4042 4082 4043
3 4043 4082 4083
3 4043 4083 4044
3 4044 4083 4084
3 4044 4084 4045
3 4045 4084 4085
3 4045 4085 4046
3 4046 4085 4086
3 4046 4086 4047
3 4047 4086 4087
3 4047 4087 4048
3 4048 4087 4088
3 4048 4088 4049
3 4049 4088 4089
3 4049 4089 4050
3 4050 4089 4090
3 4050 4090 4051
3 4051 4090 4091
3 4051 4091 4052
3 4052 4091 4092
3 4052 4092 4053
3 4053 4092 4093
3 4053 4093 4054
3 4054 4093 4094
3 4054 4094 4055
3 4055 4094 4095
3 4055 4095 4056
3 4056 4095 4096
3 4056 4096 4057
3 4057 4096 4097
3 4057 4097 4058
3 4058 4097 4098
3 4058 4098 4059
3 4059 4098 4099
3 4059 4099 4060
3 4060 4099 4100
3 4060 4100 4061
3 4061 4100 4101
3 4061 4101 4062
3 4062 4101 4102
3 4062 4102 4063
3 4063 4102 4103
3 4063 4103 4064
3 4064 4103 4104
3 4064 4104 4065
3 4065 4104 4105
3 4065 4105 4066
3 4066 4105 4106
3 4066 4106 4067
3 4067 4106 4107
3 4067 4107 4068
3 4068 4107 4108
3 4068 4108 4069
3 4069 4108 4109
3 4069 4109 4070
3 4070 4109 4110
3 4070 4110 4071
3 4071 4110 4111
3 4071 4111 4072
3 4072 4111 4112
3 4072 4112 4073
3 4073 4112 4113
3 4073 4113 4074
3 4074 4113 4114
3 4074 4114 4075
3 4075 4114 4115
3 4075 4115 4076
3 4076 4115 4116
3 4076 4116 4077
3 4077 4116 4117
3 4077 4117 4078
3 4078 4117 4118
3 4078 4118 4079
3 4079 4118 4119
3 4080 4120 4081
3 4081 4120 4121
3 4081 4121 4082
3 4082 4121 4122
3 4082 4122 4083
3 4083 4122 4123
3 4083 4123 4084
3 4084 4123 4124
3 4084 4124 4085
3 4085 4124 4125
3 4085 4125 4086
3 4086 4125 4126
3 4086 4126 4087
3 4087 4126 4127
3 4087 4127 4088
3 4088 4127 4128
3 4088 4128 4089
3 4089 4128 4129
3 4089 4129 4090
3 4090 4129 4130
3 4090 4130 4091
3 4091 4130 4131
3 4091 4131 4092
3 4092 4131 4132
3 4092 4132 4093
3 4093 4132 4133
3 4093 4133 4094
3 4094 4133 4134
3 4094 4134 4095
3 4095 4134 4135
3 4095 4135 4096
3 4096 4135 4136
3 4096 4136 4097
3 4097 4136 4137
3 4097 4137 4098
3 4098 4137 4138
3 4098 4138 4099
3 4099 4138 4139
3 4099 4139 4100
3 4100 4139 4140
3 4100 4140 4101
3 4101 4140 4141
3 4101 4141 4102
3 4102 4141 4142
3 4102 4142 4103
3 4103 4142 4143
3 4103 4143 4104
3 4104 4143 4144
3 4104 4144 4105
3 4105 4144 4145
3 4105 4145 4106
3 4106 4145 4146
3 4106 4146 4107
3 4107 4146 4147
3 4107 4147 4108
3 4108 4147 4148
3 4108 4148 4109
3 4109 4148 4149
3 4109 4149 4110
3 4110 4149 4150
3 4110 4150 4111
3 4111 4150 4151
3 4111 4151 4112
3 4112 4151 4152
3 4112 4152 4113
3 4113 4152 4153
3 4113 4153 4114
3 4114 4153 4154
3 4114 4154 4115
3 4115 4154 4155
3 4115 4155 4116
3 4116 4155 4156
3 4116 4156 4117
3 4117 4156 4157
3 4117 4157 4118
3 4118 4157 4158
3 4118 4158 4119
3 4119 4158 4159
3 4120 4160 4121
3 4121 4160 4161
3 4121 4161 4122
3 4122 4161 4162
3 4122 4162 4123
3 4123 4162 4163
3 4123 4163 4124
3 4124 4163 4164
3 4124 4164 4125
3 4125 4164 4165
3 4125 4165 4126
3 4126 4165 4166
3 4126 4166 4127
3 4127 4166 4167
3 4127 4167 4128
3 4128 4167 4168
3 4128 4168 4129
3 4129 4168 4169
3 4129 4169 4130
3 4130 4169 4170
3 4130 4170 4131
3 4131 4170 4171
3 4131 4171 4132
3 4132 4171 4172
3 4132 4172 4133
3 4133 4172 4173
3 4133 4173 4134
3 4134 4173 4174
3 4134 4174 4135
3 4135 4174 4175
3 4135 4175 4136
3 4136 4175 4176
3 4136 4176 4137
3 4137 4176 4177
3 4137 4177 4138
3 4138 4177 4178
3 4138 4178 4139
3 4139 4178 4179
3 4139 4179 4140
3 4140 4179 4180
3 4140 4180 4141
3 4141 4180 4181
3 4141 4181 4142
3 4142 4181 4182
3 4142 4182 4143
3 4143 4182 4183
3 4143 4183 4144
3 4144 4183 4184
3 4144 4184 4145
3 4145 4184 4185
3 4145 4185 4146
3 4146 4185 4186
3 4146 4186 4147
3 4147 4186 4187
3 4147 4187 4148
3 4148 4187 4188
3 4148 4188 4149
3 4149 4188 4189
3 4149 4189 4150
3 4150 4189 4190
3 4150 4190 4151
3 4151 4190 4191
3 4151 4191 4152
3 4152 4191 4192
3 4152 4192 4153
3 4153 4192 4193
3 4153 4193 4154
3 4154 4193 4194
3 4154 4194 4155
3 4155 4194 4195
3 4155 4195 4156
3 4156 4195 4196
3 4156 4196 4157
3 4157 4196 4197
3 4157 4197 4158
3 4158 4197 4198
3 4158 4198 4159
3 4159 4198 4199
3 4160 4200 4161
3 4161 4200 4201
3 4161 4201 4162
3 4162 4201 4202
3 4162 4202 4163
3 4163 4202 4203
3 4163 4203 4164
3 4164 4203 4204
3 4164 4204 4165
3 4165 4204 4205
3 4165 4205 4166
3 4166 4205 4206
3 4166 4206 4167
3 4167 4206 4207
3 4167 4207 4168
3 4168 4207 4208
3 4168 4208 4169
3 4169 4208 4209
3 4169 4209 4170
3 4170 4209 4210
3 4170 4210 4171
3 4171 4210 4211
3 4171 4211 4172
3 4172 4211 4212
3 4172 4212 4173
3 4173 4212 4213
3 4173 4213 4174
3 4174 4213 4214
3 4174 4214 4175
3 4175 4214 4215
3 4175 4215 4176
3 4176 4215 4216
3 4176 4216 4177
3 4177 4216 4217
3 4177 4217 4178
3 4178 4217 4218
3 4178 4218 4179
3 4179 4218 4219
3 4179 4219 4180
3 4180 4219 4220
3 4180 4220 4181
3 4181 4220 4221
3 4181 4221 4182
3 4182 4221 4222
3 4182 4222 4183
3 4183 4222 4223
3 4183 4223 4184
3 4184 4223 4224
3 4184 4224 4185
3 4185 4224 4225
3 4185 4225 4186
3 4186 4225 4226
3 4186 4226 4187
3 4187 4226 4227
3 4187 4227 4188
3 4188 4227 4228
3 4188 4228 4189
3 4189 4228 4229
3 4189 4229 4190
3 4190 4229 4230
3 4190 4230 4191
3 4191 4230 4231
3 4191 4231 4192
3 4192 4231 4232
3 4192 4232 4193
3 4193 4232 4233
3 4193 4233 4194
3 4194 4233 4234
3 4194 4234 4195
3 4195 4234 4235
3 4195 4235 4196
3 4196 4235 4236
3 4196 4236 4197
3 4197 4236 4237
3 4197 4237 4198
3 4198 4237 4238
3 4198 4238 4199
3 4199 4238 4239
3 4200 4240 4201
3 4201 4240 4241
3 4201 4241 4202
3 4202 4241 4242
3 4202 4242 4203
3 4203 4242 4243
3 4203 4243 4204
3 4204 4243 4244
3 4204 4244 4205
3 4205 4244 4245
3 4205 4245 4206
3 4206 4245 4246
3 4206 4246 4207
3 4207 4246 4247
3 4207 4247 4208
3 4208 4247 4248
3 4208 4248 4209
3 4209 4248 4249
3 4209 4249 4210
3 4210 4249 4250
3 4210 4250 4211
3 4211 4250 4251
3 4211 4251 4212
3 4212 4251 4252
3 4212 4252 4213
3 4213 4252 4253
3 4213 4253 4214
3 4214 4253 4254
3 4214 4254 4215
3 4215 4254 4255
3 4215 4255 4216
3 4216 4255 4256
3 4216 4256 4217
3 4217 4256 4257
3 4217 4257 4218
3 4218 4257 4258
3 4218 4258 4219
3 4219 4258 4259
3 4219 4259 4220
3 4220 4259 4260
3 4220 4260 4221
3 4221 4260 4261
3 4221 4261 4222
3 4222 4261 4262
3 4222 4262 4223
3 4223 4262 4263
3 4223 4263 4224
3 4224 4263 4264
3 4224 4264 4225
3 4225 4264 4265
3 4225 4265 4226
3 4226 4265 4266
3 4226 4266 4227
3 4227 4266 4267
3 4227 4267 4228
3 4228 4267 4268
3 4228 4268 4229
3 4229 4268 4269
3 4229 4269 4230
3 4230 4269 4270
3 4230 4270 4231
3 4231 4270 4271
3 4231 4271 4232
3 4232 4271 4272
3 4232 4272 4233
3 4233 4272 4273
3 4233 4273 4234
3 4234 4273 4274
3 4234 4274 4235
3 4235 4274 4275
3 4235 4275 4236
3 4236 4275 4276
3 4236 4276 4237
3 4237 4276 4277
3 4237 4277 4238
3 4238 4277 4278
3 4238 4278 4239
3 4239 4278 4279
3 4240 4280 4241
3 4241 4280 4281
3 4241 4281 4242
3 4242 4281 4282
3 4242 4282 4243
3 4243 4282 4283
3 4243 4283 4244
3 4244 4283 4284
3 4244 4284 4245
3 4245 4284 4285
3 4245 4285 4246
3 4246 4285 4286
3 4246 4286 4247
3 4247 4286 4287
3 4247 4287 4248
3 4248 4287 4288
3 4248 4288 4249
3 4249 4288 4289
3 4249 4289 4250
3 4250 4289 4290
3 4250 4290 4251
3 4251 4290 4291
3 4251 4291 4252
3 4252 4291 4292
3 4252 4292 4253
3 4253 4292 4293
3 4253 4293 4254
3 4254 4293 4294
3 4254 4294 4255
3 4255 4294 4295
3 4255 4295 4256
3 4256 4295 4296
3 4256 4296 4257
3 4257 4296 4297
3 4257 4297 4258
3 4258 4297 4298
3 4258 4298 4259
3 4259 4298 4299
3 4259 4299 4260
3 4260 4299 4300
3 4260 4300 4261
3 4261 4300 4301
3 4261 4301 4262
3 4262 4301 4302
3 4262 4302 4263
3 4263 4302 4303
3 4263 4303 4264
3 4264 4303 4304
3 4264 4304 4265
3 4265 4304 4305
3 4265 4305 4266
3 4266 4305 4306
3 4266 4306 4267
3 4267 4306 4307
3 4267 4307 4268
3 4268 4307 4308
3 4268 4308 4269
3 4269 4308 4309
3 4269 4309 4270
3 4270 4309 4310
3 4270 4310 4271
3 4271 4310 4311
3 4271 4311 4272
3 4272 4311 4312
3 4272 4312 4273
3 4273 4312 4313
3 4273 4313 4274
3 4274 4313 4314
3 4274 4314 4275
3 4275 4314 4315
3 4275 4315 4276
3 4276 4315 4316
3 4276 4316 4277
3 4277 4316 4317
3 4277 4317 4278
3 4278 4317 4318
3 4278 4318 4279
3 4279 4318 4319
3 4280 4320 4281
3 4281 4320 4321
3 4281 4321 4282
3 4282 4321 4322
3 4282 4322 4283
3 4283 4322 4323
3 4283 4323 4284
3 4284 4323 4324
3 4284 4324 4285
3 4285 4324 4325
3 4285 4325 4286
3 4286 4325 4326
3 4286 4326 4287
3 4287 4326 4327
3 4287 4327 4288
3 4288 4327 4328
3 4288 4328 4289
3 4289 4328 4329
3 4289 4329 4290
3 4290 4329 4330
3 4290 4330 4291
3 4291 4330 4331
3 4291 4331 4292
3 4292 4331 4332
3 4292 4332 4293
3 4293 4332 4333
3 4293 4333 4294
3 4294 4333 4334
3 4294 4334 4295
3 4295 4334 4335
3 4295 4335 4296
3 4296 4335 4336
3 4296 4336 4297
3 4297 4336 4337
3 4297 4337 4298
3 4298 4337 4338
3 4298 4338 4299
3 4299 4338 4339
3 4299 4339 4300
3 4300 4339 4340
3 4300 4340 4301
3 4301 4340 4341
3 4301 4341 4302
3 4302 4341 4342
3 4302 4342 4303
3 4303 4342 4343
3 4303 4343 4304
3 4304 4343 4344
3 4304 4344 4305
3 4305 4344 4345
3 4305 4345 4306
3 4306 4345 4346
3 4306 4346 4307
3 4307 4346 4347
3 4307 4347 4308
3 4308 4347 4348
3 4308 4348 4309
3 4309 4348 4349
3 4309 4349 4310
3 4310 4349 4350
3 4310 4350 4311
3 4311 4350 4351
3 4311 4351 4312
3 4312 4351 4352
3 4312 4352 4313
3 4313 4352 4353
3 4313 4353 4314
3 4314 4353 4354
3 4314 4354 4315
3 4315 4354 4355
3 4315 4355 4316
3 4316 4355 4356
3 4316 4356 4317
3 4317 4356 4357
3 4317 4357 4318
3 4318 4357 4358
3 4318 4358 4319
3 4319 4358 4359
3 4320 4360 4321
3 4321 4360 4361
3 4321 4361 4322
3 4322 4361 4362
3 4322 4362 4323
3 4323 4362 4363
3 4323 4363 4324
3 4324 4363 4364
3 4324 4364 4325
3 4325 4364 4365
3 4325 4365 4326
3 4326 4365 4366
3 4326 4366 4327
3 4327 4366 4367
3 4327 4367 4328
3 4328 4367 4368
3 4328 4368 4329
3 4329 4368 4369
3 4329 4369 4330
3 4330 4369 4370
3 4330 4370 4331
3 4331 4370 4371
3 4331 4371 4332
3 4332 4371 4372
3 4332 4372 4333
3 4333 4372 4373
3 4333 4373 4334
3 4334 4373 4374
3 4334 4374 4335
3 4335 4374 4375
3 4335 4375 4336
3 4336 4375 4376
3 4336 4376 4337
3 4337 4376 4377
3 4337 4377 4338
3 4338 4377 4378
3 4338 4378 4339
3 4339 4378 4379
3 4339 4379 4340
3 4340 4379 4380
3 4340 4380 4341
3 4341 4380 4381
3 4341 4381 4342
3 4342 4381 4382
3 4342 4382 4343
3 4343 4382 4383
3 4343 4383 4344
3 4344 4383 4384
3 4344 4384 4345
3 4345 4384 4385
3 4345 4385 4346
3 4346 4385 4386
3 4346 4386 4347
3 4347 4386 4387
3 4347 4387 4348
3 4348 4387 4388
3 4348 4388 4349
3 4349 4388 4389
3 4349 4389 4350
3 4350 4389 4390
3 4350 4390 4351
3 4351 4390 4391
3 4351 4391 4352
3 4352 4391 4392
3 4352 4392 4353
3 4353 4392 4393
3 4353 4393 4354
3 4354 4393 4394
3 4354 4394 4355
3 4355 4394 4395
3 4355 4395 4356
3 4356 4395 4396
3 4356 4396 4357
3 4357 4396 4397
3 4357 4397 4358
3 4358 4397 4398
3 4358 4398 4359
3 4359 4398 4399
3 4360 4400 4361
3 4361 4400 4401
3 4361 4401 4362
3 4362 4401 4402
3 4362 4402 4363
3 4363 4402 4403
3 4363 4403 4364
3 4364 4403 4404
3 4364 4404 4365
3 4365 4404 4405
3 4365 4405 4366
3 4366 4405 4406
3 4366 4406 4367
3 4367 4406 4407
3 4367 4407 4368
3 4368 4407 4408
3 4368 4408 4369
3 4369 4408 4409
3 4369 4409 4370
3 4370 4409 4410
3 4370 4410 4371
3 4371 4410 4411
3 4371 4411 4372
3 4372 4411 4412
3 4372 4412 4373
3 4373 4412 4413
3 4373 4413 4374
3 4374 4413 4414
3 4374 4414 4375
3 4375 4414 4415
3 4375 4415 4376
3 4376 4415 4416
3 4376 4416 4377
3 4377 4416 4417
3 4377 4417 4378
3 4378 4417 4418
3 4378 4418 4379
3 4379 4418 4419
3 4379 4419 4380
3 4380 4419 4420
3 4380 4420 4381
3 4381 4420 4421
3 4381 4421 4382
3 4382 4421 4422
3 4382 4422 4383
3 4383 4422 4423
3 4383 4423 4384
3 4384 4423 4424
3 4384 4424 4385
3 4385 4424 4425
3 4385 4425 4386
3 4386 4425 4426
3 4386 4426 4387
3 4387 4426 4427
3 4387 4427 4388
3 4388 4427 4428
3 4388 4428 4389
3 4389 4428 4429
3 4389 4429 4390
3 4390 4429 4430
3 4390 4430 4391
3 4391 4430 4431
3 4391 4431 4392
3 4392 4431 4432
3 4392 4432 4393
3 4393 4432 4433
3 4393 4433 4394
3 4394 4433 4434
3 4394 4434 4395
3 4395 4434 4435
3 4395 4435 4396
3 4396 4435 4436
3 4396 4436 4397
3 4397 4436 4437
3 4397 4437 4398
3 4398 4437 4438
3 4398 4438 4399
3 4399 4438 4439
3 4400 4440 4401
3 4401 4440 4441
3 4401 4441 4402
3 4402 4441 4442
3 4402 4442 4403
3 4403 4442 4443
3 4403 4443 4404
3 4404 4443 4444
3 4404 4444 4405
3 4405 4444 4445
3 4405 4445 4406
3 4406 4445 4446
3 4406 4446 4407
3 4407 4446 4447
3 4407 4447 4408
3 4408 4447 4448
3 4408 4448 4409
3 4409 4448 4449
3 4409 4449 4410
3 4410 4449 4450
3 4410 4450 4411
3 4411 4450 4451
3 4411 4451 4412
3 4412 4451 4452
3 4412 4452 4413
3 4413 4452 4453
3 4413 4453 4414
3 4414 4453 4454
3 4414 4454 4415
3 4415 4454 4455
3 4415 4455 4416
3 4416 4455 4456
3 4416 4456 4417
3 4417 4456 4457
3 4417 4457 4418
3 4418 4457 4458
3 4418 4458 4419
3 4419 4458 4459
3 4419 4459 4420
3 4420 4459 4460
3 4420 4460 4421
3 4421 4460 4461
3 4421 4461 4422
3 4422 4461 4462
3 4422 4462 4423
3 4423 4462 4463
3 4423 4463 4424
3 4424 4463 4464
3 4424 4464 4425
3 4425 4464 4465
3 4425 4465 4426
3 4426 4465 4466
3 4426 4466 4427
3 4427 4466 4467
3 4427 4467 4428
3 4428 4467 4468
3 4428 4468 4429
3 4429 4468 4469
3 4429 4469 4430
3 4430 4469 4470
3 4430 4470 4431
3 4431 4470 4471
3 4431 4471 4432
3 4432 4471 4472
3 4432 4472 4433
3 4433 4472 4473
3 4433 4473 4434
3 4434 4473 4474
3 4434 4474 4435
3 4435 4474 4475
3 4435 4475 4436
3 4436 4475 4476
3 4436 4476 4437
3 4437 4476 4477
3 4437 4477 4438
3 4438 4477 4478
3 4438 4478 4439
3 4439 4478 4479
3 4440 4480 4441
3 4441 4480 4481
3 4441 4481 4442
3 4442 4481 4482
3 4442 4482 4443
3 4443 4482 4483
3 4443 4483 4444
3 4444 4483 4484
3 4444 4484 4445
3 4445 4484 4485
3 4445 4485 4446
3 4446 4485 4486
3 4446 4486 4447
3 4447 4486 4487
3 4447 4487 4448
3 4448 4487 4488
3 4448 4488 4449
3 4449 4488 4489
3 4449 4489 4450
3 4450 4489 4490
3 4450 4490 4451
3 4451 4490 4491
3 4451 4491 4452
3 4452 4491 4492
3 4452 4492 4453
3 4453 4492 4493
3 4453 4493 4454
3 4454 4493 4494
3 4454 4494 4455
3 4455 4494 4495
3 4455 4495 4456
3 4456 4495 4496
3 4456 4496 4457
3 4457 4496 4497
3 4457 4497 4458
3 4458 4497 4498
3 4458 4498 4459
3 4459 4498 4499
3 4459 4499 4460
3 4460 4499 4500
3 4460 4500 4461
3 4461 4500 4501
3 4461 4501 4462
3 4462 4501 4502
3 4462 4502 4463
3 4463 4502 4503
3 4463 4503 4464
3 4464 4503 4504
3 4464 4504 4465
3 4465 4504 4505
3 4465 4505 4466
3 4466 4505 4506
3 4466 4506 4467
3 4467 4506 4507
3 4467 4507 4468
3 4468 4507 4508
3 4468 4508 4469
3 4469 4508 4509
3 4469 4509 4470
3 4470 4509 4510
3 4470 4510 4471
3 4471 4510 4511
3 4471 4511 4472
3 4472 4511 4512
3 4472 4512 4473
3 4473 4512 4513
3 4473 4513 4474
3 4474 4513 4514
3 4474 4514 4475
3 4475 4514 4515
3 4475 4515 4476
3 4476 4515 4516
3 4476 4516 4477
3 4477 4516 4517
3 4477 4517 4478
3 4478 4517 4518
3 4478 4518 4479
3 4479 4518 4519
3 4480 4520 4481
3 4481 4520 4521
3 4481 4521 4482
3 4482 4521 4522
3 4482 4522 4483
3 4483 4522 4523
3 4483 4523 4484
3 4484 4523 4524
3 4484 4524 4485
3 4485 4524 4525
3 4485 4525 4486
3 4486 4525 4526
3 4486 4526 4487
3 4487 4526 4527
3 4487 4527 4488
3 4488 4527 4528
3 4488 4528 4489
3 4489 4528 4529
3 4489 4529 4490
3 4490 4529 4530
3 4490 4530 4491
3 4491 4530 4531
3 4491 4531 4492
3 4492 4531 4532
3 4492 4532 4493
3 4493 4532 4533
3 4493 4533 4494
3 4494 4533 4534
3 4494 4534 4495
3 4495 4534 4535
3 4495 4535 4496
3 4496 4535 4536
3 4496 4536 4497
3 4497 4536 4537
3 4497 4537 4498
3 4498 4537 4538
3 4498 4538 4499
3 4499 4538 4539
3 4499 4539 4500
3 4500 4539 4540
3 4500 4540 4501
3 4501 4540 4541
3 4501 4541 4502
3 4502 4541 4542
3 4502 4542 4503
3 4503 4542 4543
3 4503 4543 4504
3 4504 4543 4544
3 4504 4544 4505
3 4505 4544 4545
3 4505 4545 4506
3 4506 4545 4546
3 4506 4546 4507
3 4507 4546 4547
3 4507 4547 4508
3 4508 4547 4548
3 4508 4548 4509
3 4509 4548 4549
3 4509 4549 4510
3 4510 4549 4550
3 4510 4550 4511
3 4511 4550 4551
3 4511 4551 4512
3 4512 4551 4552
3 4512 4552 4513
3 4513 4552 4553
3 4513 4553 4514
3 4514 4553 4554
3 4514 4554 4515
3 4515 4554 4555
3 4515 4555 4516
3 4516 4555 4556
3 4516 4556 4517
3 4517 4556 4557
3 4517 4557 4518
3 4518 4557 4558
3 4518 4558 4519
3 4519 4558 4559
3 4520 4560 4521
3 4521 4560 4561
3 4521 4561 4522
3 4522 4561 4562
3 4522 4562 4523
3 4523 4562 4563
3 4523 4563 4524
3 4524 4563 4564
3 4524 4564 4525
3 4525 4564 4565
3 4525 4565 4526
3 4526 4565 4566
3 4526 4566 4527
3 4527 4566 4567
3 4527 4567 4528
3 4528 4567 4568
3 4528 4568 4529
3 4529 4568 4569
3 4529 4569 4530
3 4530 4569 4570
3 4530 4570 4531
3 4531 4570 4571
3 4531 4571 4532
3 4532 4571 4572
3 4532 4572 4533
3 4533 4572 4573
3 4533 4573 4534
3 4534 4573 4574
3 4534 4574 4535
3 4535 4574 4575
3 4535 4575 4536
3 4536 4575 4576
3 4536 4576 4537
3 4537 4576 4577
3 4537 4577 4538
3 4538 4577 4578
3 4538 4578 4539
3 4539 4578 4579
3 4539 4579 4540
3 4540 4579 4580
3 4540 4580 4541
3 4541 4580 4581
3 4541 4581 4542
3 4542 4581 4582
3 4542 4582 4543
3 4543 4582 4583
3 4543 4583 4544
3 4544 4583 4584
3 4544 4584 4545
3 4545 4584 4585
3 4545 4585 4546
3 4546 4585 4586
3 4546 4586 4547
3 4547 4586 4587
3 4547 4587 4548
3 4548 4587 4588
3 4548 4588 4549
3 4549 4588 4589
3 4549 4589 4550
3 4550 4589 4590
3 4550 4590 4551
3 4551 4590 4591
3 4551 4591 4552
3 4552 4591 4592
3 4552 4592 4553
3 4553 4592 4593
3 4553 4593 4554
3 4554 4593 4594
3 4554 4594 4555
3 4555 4594 4595
3 4555 4595 4556
3 4556 4595 4596
3 4556 4596 4557
3 4557 4596 4597
3 4557 4597 4558
3 4558 4597 4598
3 4558 4598 4559
3 4559 4598 4599
3 4560 4600 4561
3 4561 4600 4601
3 4561 4601 4562
3 4562 4601 4602
3 4562 4602 4563
3 4563 4602 4603
3 4563 4603 4564
3 4564 4603 4604
3 4564 4604 4565
3 4565 4604 4605
3 4565 4605 4566
3 4566 4605 4606
3 4566 4606 4567
3 4567 4606 4607
3 4567 4607 4568
3 4568 4607 4608
3 4568 4608 4569
3 4569 4608 4609
3 4569 4609 4570
3 4570 4609 4610
3 4570 4610 4571
3 4571 4610 4611
3 4571 4611 4572
3 4572 4611 4612
3 4572 4612 4573
3 4573 4612 4613
3 4573 4613 4574
3 4574 4613 4614
3 4574 4614 4575
3 4575 4614 4615
3 4575 4615 4576
3 4576 4615 4616
3 4576 4616 4577
3 4577 4616 4617
3 4577 4617 4578
3 4578 4617 4618
3 4578 4618 4579
3 4579 4618 4619
3 4579 4619 4580
3 4580 4619 4620
3 4580 4620 4581
3 4581 4620 4621
3 4581 4621 4582
3 4582 4621 4622
3 4582 4622 4583
3 4583 4622 4623
3 4583 4623 4584
3 4584 4623 4624
3 4584 4624 4585
3 4585 4624 4625
3 4585 4625 4586
3 4586 4625 4626
3 4586 4626 4587
3 4587 4626 4627
3 4587 4627 4588
3 4588 4627 4628
3 4588 4628 4589
3 4589 4628 4629
3 4589 4629 4590
3 4590 4629 4630
3 4590 4630 4591
3 4591 4630 4631
3 4591 4631 4592
3 4592 4631 4632
3 4592 4632 4593
3 4593 4632 4633
3 4593 4633 4594
3 4594 4633 4634
3 4594 4634 4595
3 4595 4634 4635
3 4595 4635 4596
3 4596 4635 4636
3 4596 4636 4597
3 4597 4636 4637
3 4597 4637 4598
3 4598 4637 4638
3 4598 4638 4599
3 4599 4638 4639
3 4600 4640 4601
3 4601 4640 4641
3 4601 4641 4602
3 4602 4641 4642
3 4602 4642 4603
3 4603 4642 4643
3 4603 4643 4604
3 4604 4643 4644
3 4604 4644 4605
3 4605 4644 4645
3 4605 4645 4606
3 4606 4645 4646
3 4606 4646 4607
3 4607 4646 4647
3 4607 4647 4608
3 4608 4647 4648
3 4608 4648 4609
3 4609 4648 4649
3 4609 4649 4610
3 4610 4649 4650
3 4610 4650 4611
3 4611 4650 4651
3 4611 4651 4612
3 4612 4651 4652
3 4612 4652 4613
3 4613 4652 4653
3 4613 4653 4614
3 4614 4653 4654
3 4614 4654 4615
3 4615 4654 4655
3 4615 4655 4616
3 4616 4655 4656
3 4616 4656 4617
3 4617 4656 4657
3 4617 4657 4618
3 4618 4657 4658
3 4618 4658 4619
3 4619 4658 4659
3 4619 4659 4620
3 4620 4659 4660
3 4620 4660 4621
3 4621 4660 4661
3 4621 4661 4622
3 4622 4661 4662
3 4622 4662 4623
3 4623 4662 4663
3 4623 4663 4624
3 4624 4663 4664
3 4624 4664 4625
3 4625 4664 4665
3 4625 4665 4626
3 4626 4665 4666
3 4626 4666 4627
3 4627 4666 4667
3 4627 4667 4628
3 4628 4667 4668
3 4628 4668 4629
3 4629 4668 4669
3 4629 4669 4630
3 4630 4669 4670
3 4630 4670 4631
3 4631 4670 4671
3 4631 4671 4632
3 4632 4671 4672
3 4632 4672 4633
3 4633 4672 4673
3 4633 4673 4634
3 4634 4673 4674
3 4634 4674 4635
3 4635 4674 4675
3 4635 4675 4636
3 4636 4675 4676
3 4636 4676 4637
3 4637 4676 4677
3 4637 4677 4638
3 4638 4677 4678
3 4638 4678 4639
3 4639 4678 4679
3 4640 4680 4641
3 4641 4680 4681
3 4641 4681 4642
3 4642 4681 4682
3 4642 4682 4643
3 4643 4682 4683
3 4643 4683 4644
3 4644 4683 4684
3 4644 4684 4645
3 4645 4684 4685
3 4645 4685 4646
3 4646 4685 4686
3 4646 4686 4647
3 4647 4686 4687
3 4647 4687 4648
3 4648 4687 4688
3 4648 4688 4649
3 4649 4688 4689
3 4649 4689 4650
3 4650 4689 4690
3 4650 4690 4651
3 4651 4690 4691
3 4651 4691 4652
3 4652 4691 4692
3 4652 4692 4653
3 4653 4692 4693
3 4653 4693 4654
3 4654 4693 4694
3 4654 4694 4655
3 4655 4694 4695
3 4655 4695 4656
3 4656 4695 4696
3 4656 4696 4657
3 4657 4696 4697
3 4657 4697 4658
3 4658 4697 4698
3 4658 4698 4659
3 4659 4698 4699
3 4659 4699 4660
3 4660 4699 4700
3 4660 4700 4661
3 4661 4700 4701
3 4661 4701 4662
3 4662 4701 4702
3 4662 4702 4663
3 4663 4702 4703
3 4663 4703 4664
3 4664 4703 4704
3 4664 4704 4665
3 4665 4704 4705
3 4665 4705 4666
3 4666 4705 4706
3 4666 4706 4667
3 4667 4706 4707
3 4667 4707 4668
3 4668 4707 4708
3 4668 4708 4669
3 4669 4708 4709
3 4669 4709 4670
3 4670 4709 4710
3 4670 4710 4671
3 4671 4710 4711
3 4671 4711 4672
3 4672 4711 4712
3 4672 4712 4673
3 4673 4712 4713
3 4673 4713 4674
3 4674 4713 4714
3 4674 4714 4675
3 4675 4714 4715
3 4675 4715 4676
3 4676 4715 4716
3 4676 4716 4677
3 4677 4716 4717
3 4677 4717 4678
3 4678 4717 4718
3 4678 4718 4679
3 4679 4718 4719
3 4680 4720 4681
3 4681 4720 4721
3 4681 4721 4682
3 4682 4721 4722
3 4682 4722 4683
3 4683 4722 4723
3 4683 4723 4684
3 4684 4723 4724
3 4684 4724 4685
3 4685 4724 4725
3 4685 4725 4686
3 4686 4725 4726
3 4686 4726 4687
3 4687 4726 4727
3 4687 4727 4688
3 4688 4727 4728
3 4688 4728 4689
3 4689 4728 4729
3 4689 4729 4690
3 4690 4729 4730
3 4690 4730 4691
3 4691 4730 4731
3 4691 4731 4692
3 4692 4731 4732
3 4692 4732 4693
3 4693 4732 4733
3 4693 4733 4694
3 4694 4733 4734
3 4694 4734 4695
3 4695 4734 4735
3 4695 4735 4696
3 4696 4735 4736
3 4696 4736 4697
3 4697 4736 4737
3 4697 4737 4698
3 4698 4737 4738
3 4698 4738 4699
3 4699 4738 4739
3 4699 4739 4700
3 4700 4739 4740
3 4700 4740 4701
3 4701 4740 4741
3 4701 4741 4702
3 4702 4741 4742
3 4702 4742 4703
3 4703 4742 4743
3 4703 4743 4704
3 4704 4743 4744
3 4704 4744 4705
3 4705 4744 4745
3 4705 4745 4706
3 4706 4745 4746
3 4706 4746 4707
3 4707 4746 4747
3 4707 4747 4708
3 4708 4747 4748
3 4708 4748 4709
3 4709 4748 4749
3 4709 4749 4710
3 4710 4749 4750
3 4710 4750 4711
3 4711 4750 4751
3 4711 4751 4712
3 4712 4751 4752
3 4712 4752 4713
3 4713 4752 4753
3 4713 4753 4714
3 4714 4753 4754
3 4714 4754 4715
3 4715 4754 4755
3 4715 4755 4716
3 4716 4755 4756
3 4716 4756 4717
3 4717 4756 4757
3 4717 4757 4718
3 4718 4757 4758
3 4718 4758 4719
3 4719 4758 4759
3 4720 4760 4721
3 4721 4760 4761
3 4721 4761 4722
3 4722 4761 4762
3 4722 4762 4723
3 4723 4762 4763
3 4723 4763 4724
3 4724 4763 4764
3 4724 4764 4725
3 4725 4764 4765
3 4725 4765 4726
3 4726 4765 4766
3 4726 4766 4727
3 4727 4766 4767
3 4727 4767 4728
3 4728 4767 4768
3 4728 4768 4729
3 4729 4768 4769
3 4729 4769 4730
3 4730 4769 4770
3 4730 4770 4731
3 4731 4770 4771
3 4731 4771 4732
3 4732 4771 4772
3 4732 4772 4733
3 4733 4772 4773
3 4733 4773 4734
3 4734 4773 4774
3 4734 4774 4735
3 4735 4774 4775
3 4735 4775 4736
3 4736 4775 4776
3 4736 4776 4737
3 4737 4776 4777
3 4737 4777 4738
3 4738 4777 4778
3 4738 4778 4739
3 4739 4778 4779
3 4739 4779 4740
3 4740 4779 4780
3 4740 4780 4741
3 4741 4780 4781
3 4741 4781 4742
3 4742 4781 4782
3 4742 4782 4743
3 4743 4782 4783
3 4743 4783 4744
3 4744 4783 4784
3 4744 4784 4745
3 4745 4784 4785
3 4745 4785 4746
3 4746 4785 4786
3 4746 4786 4747
3 4747 4786 4787
3 4747 4787 4748
3 4748 4787 4788
3 4748 4788 4749
3 4749 4788 4789
3 4749 4789 4750
3 4750 4789 4790
3 4750 4790 4751
3 4751 4790 4791
3 4751 4791 4752
3 4752 4791 4792
3 4752 4792 4753
3 4753 4792 4793
3 4753 4793 4754
3 4754 4793 4794
3 4754 4794 4755
3 4755 4794 4795
3 4755 4795 4756
3 4756 4795 4796
3 4756 4796 4757
3 4757 4796 4797
3 4757 4797 4758
3 4758 4797 4798
3 4758 4798 4759
3 4759 4798 4799
