# vtk DataFile Version 3.0
wing
ASCII
DATASET POLYDATA
POINTS 4800 float
-0.9622167742710052 0.25320530447507056 0.10012968139961409
-0.9375445492896973 0.24671286077058158 0.09756225367141885
-0.9128723243083895 0.24022041706609257 0.09499482594322362
-0.8882000993270818 0.2337279733616036 0.09242739821502839
-0.8635278743457739 0.2272355296571146 0.08985997048683315
-0.838855649364466 0.22074308595262562 0.08729254275863793
-0.8141834243831582 0.2142506422481366 0.0847251150304427
-0.7895111994018503 0.20775819854364763 0.08215768730224746
-0.7648389744205426 0.20126575483915868 0.07959025957405223
-0.7401667494392348 0.19477331113466967 0.077022831845857
-0.7154945244579269 0.1882808674301807 0.07445540411766176
-0.6908222994766191 0.18178842372569168 0.07188797638946652
-0.6661500744953113 0.1752959800212027 0.0693205486612713
-0.6414778495140036 0.16880353631671371 0.06675312093307607
-0.6168056245326956 0.1623110926122247 0.06418569320488082
-0.5921333995513878 0.15581864890773572 0.0616182654766856
-0.5674611745700799 0.14932620520324674 0.05905083774849036
-0.5427889495887721 0.14283376149875776 0.056483410020295124
-0.5181167246074644 0.13634131779426878 0.0539159822920999
-0.49344449962615644 0.12984887408977977 0.05134855456390466
-0.4687722746448487 0.1233564303852908 0.04878112683570943
-0.4441000496635409 0.1168639866808018 0.046213699107514196
-0.419427824682233 0.11037154297631281 0.043646271379318965
-0.39475559970092516 0.10387909927182382 0.04107884365112373
-0.37008337471961733 0.09738665556733482 0.03851141592292849
-0.3454111497383096 0.09089421186284585 0.03594398819473327
-0.3207389247570018 0.08440176815835686 0.03337656046653804
-0.2960666997756939 0.07790932445386786 0.0308091327383428
-0.27139447479438605 0.07141688074937888 0.028241705010147562
-0.24672224981307822 0.06492443704488988 0.02567427728195233
-0.2220500248317705 0.05843199334040092 0.023106849553757105
-0.19737779985046264 0.05193954963591192 0.02053942182556187
-0.1727055748691548 0.045447105931422926 0.017971994097366634
-0.14803334988784694 0.03895466222693393 0.0154045663691714
-0.12336112490653911 0.03246221852244494 0.012837138640976164
-0.09868889992523137 0.025969774817955975 0.01026971091278094
-0.07401667494392353 0.019477331113466983 0.007702283184585705
-0.04934444996261569 0.012984887408977987 0.00513485545639047
-0.024672224981307844 0.006492443704488994 0.002567427728195235
0.0 0.0 0.0
-0.9622167742710052 0.2609309161217843 0.08059335788475816
-0.9375445492896973 0.25443847241729534 0.07802593015656292
-0.9128723243083895 0.24794602871280635 0.07545850242836769
-0.8882000993270818 0.2414535850083174 0.07289107470017246
-0.8635278743457739 0.2349611413038284 0.07032364697197722
-0.838855649364466 0.2284686975993394 0.067756219243782
-0.8141834243831582 0.2219762538948504 0.06518879151558676
-0.7895111994018503 0.21548381019036142 0.06262136378739153
-0.7648389744205426 0.20899136648587247 0.060053936059196296
-0.7401667494392348 0.20249892278138346 0.05748650833100106
-0.7154945244579269 0.19600647907689447 0.05491908060280582
-0.6908222994766191 0.18951403537240546 0.052351652874610584
-0.6661500744953113 0.18302159166791648 0.04978422514641536
-0.6414778495140036 0.1765291479634275 0.04721679741822014
-0.6168056245326956 0.1700367042589385 0.044649369690024886
-0.5921333995513878 0.1635442605544495 0.04208194196182966
-0.5674611745700799 0.15705181684996053 0.039514514233634425
-0.5427889495887721 0.15055937314547155 0.03694708650543919
-0.5181167246074644 0.14406692944098257 0.034379658777243964
-0.49344449962615644 0.13757448573649356 0.03181223104904872
-0.4687722746448487 0.13108204203200458 0.029244803320853496
-0.4441000496635409 0.12458959832751558 0.02667737559265826
-0.419427824682233 0.11809715462302658 0.02410994786446303
-0.39475559970092516 0.11160471091853759 0.02154252013626779
-0.37008337471961733 0.1051122672140486 0.018975092408072554
-0.3454111497383096 0.09861982350955963 0.01640766467987733
-0.3207389247570018 0.09212737980507063 0.013840236951682102
-0.2960666997756939 0.08563493610058164 0.011272809223486864
-0.27139447479438605 0.07914249239609265 0.008705381495291627
-0.24672224981307822 0.07265004869160366 0.006137953767096393
-0.2220500248317705 0.06615760498711469 0.0035705260389011693
-0.19737779985046264 0.0596651612826257 0.0010030983107059354
-0.1727055748691548 0.053172717578136706 -0.001564329417489302
-0.14803334988784694 0.04668027387364771 -0.004131757145684535
-0.12336112490653911 0.04018783016915872 -0.006699184873879771
-0.09868889992523137 0.033695386464669755 -0.009266612602074994
-0.07401667494392353 0.02720294276018076 -0.01183404033027023
-0.04934444996261569 0.020710499055691764 -0.014401468058465466
-0.024672224981307844 0.014218055351202772 -0.0169688957866607
0.0 0.007725611646713778 -0.019536323514855937
-0.9622167742710052 0.26865652776849813 0.061057034369902216
-0.9375445492896973 0.26216408406400915 0.05848960664170698
-0.9128723243083895 0.2556716403595201 0.05592217891351174
-0.8882000993270818 0.24917919665503116 0.05335475118531652
-0.8635278743457739 0.24268675295054215 0.05078732345712128
-0.838855649364466 0.23619430924605317 0.04821989572892606
-0.8141834243831582 0.22970186554156416 0.04565246800073082
-0.7895111994018503 0.22320942183707518 0.04308504027253558
-0.7648389744205426 0.21671697813258622 0.04051761254434036
-0.7401667494392348 0.21022453442809722 0.03795018481614512
-0.7154945244579269 0.20373209072360823 0.035382757087949884
-0.6908222994766191 0.19723964701911922 0.03281532935975465
-0.6661500744953113 0.19074720331463024 0.030247901631559427
-0.6414778495140036 0.18425475961014126 0.027680473903364203
-0.6168056245326956 0.17776231590565225 0.025113046175168952
-0.5921333995513878 0.17126987220116327 0.02254561844697373
-0.5674611745700799 0.1647774284966743 0.01997819071877849
-0.5427889495887721 0.1582849847921853 0.017410762990583254
-0.5181167246074644 0.15179254108769633 0.01484333526238803
-0.49344449962615644 0.14530009738320732 0.012275907534192786
-0.4687722746448487 0.13880765367871836 0.009708479805997563
-0.4441000496635409 0.13231520997422935 0.007141052077802325
-0.419427824682233 0.12582276626974037 0.004573624349607094
-0.39475559970092516 0.11933032256525138 0.002006196621411857
-0.37008337471961733 0.11283787886076238 -0.0005612311067833802
-0.3454111497383096 0.10634543515627341 -0.003128658834978604
-0.3207389247570018 0.09985299145178442 -0.005696086563173834
-0.2960666997756939 0.09336054774729542 -0.00826351429136907
-0.27139447479438605 0.08686810404280644 -0.010830942019564308
-0.24672224981307822 0.08037566033831745 -0.013398369747759542
-0.2220500248317705 0.07388321663382848 -0.015965797475954766
-0.19737779985046264 0.06739077292933948 -0.01853322520415
-0.1727055748691548 0.06089832922485048 -0.021100652932345237
-0.14803334988784694 0.054405885520361484 -0.02366808066054047
-0.12336112490653911 0.047913441815872496 -0.026235508388735708
-0.09868889992523137 0.04142099811138353 -0.02880293611693093
-0.07401667494392353 0.03492855440689454 -0.03137036384512617
-0.04934444996261569 0.028436110702405544 -0.0339377915733214
-0.024672224981307844 0.02194366699791655 -0.036505219301516637
0.0 0.015451223293427557 -0.039072647029711874
-0.9622167742710052 0.2763821394152119 0.04152071085504629
-0.9375445492896973 0.2698896957107229 0.038953283126851056
-0.9128723243083895 0.2633972520062339 0.03638585539865582
-0.8882000993270818 0.25690480830174495 0.033818427670460595
-0.8635278743457739 0.2504123645972559 0.03125099994226536
-0.838855649364466 0.24391992089276696 0.02868357221407013
-0.8141834243831582 0.23742747718827795 0.026116144485874893
-0.7895111994018503 0.23093503348378897 0.023548716757679656
-0.7648389744205426 0.2244425897793 0.020981289029484432
-0.7401667494392348 0.217950146074811 0.018413861301289195
-0.7154945244579269 0.21145770237032202 0.015846433573093958
-0.6908222994766191 0.204965258665833 0.01327900584489872
-0.6661500744953113 0.19847281496134403 0.010711578116703497
-0.6414778495140036 0.19198037125685505 0.008144150388508273
-0.6168056245326956 0.18548792755236604 0.005576722660313022
-0.5921333995513878 0.17899548384787706 0.003009294932117799
-0.5674611745700799 0.17250304014338808 0.0004418672039225617
-0.5427889495887721 0.1660105964388991 -0.0021255605242726755
-0.5181167246074644 0.1595181527344101 -0.004692988252467899
-0.49344449962615644 0.1530257090299211 -0.007260415980663144
-0.4687722746448487 0.14653326532543212 -0.009827843708858367
-0.4441000496635409 0.14004082162094314 -0.012395271437053604
-0.419427824682233 0.13354837791645413 -0.014962699165248835
-0.39475559970092516 0.12705593421196515 -0.017530126893444072
-0.37008337471961733 0.12056349050747615 -0.02009755462163931
-0.3454111497383096 0.11407104680298719 -0.022664982349834533
-0.3207389247570018 0.10757860309849819 -0.025232410078029763
-0.2960666997756939 0.1010861593940092 -0.027799837806225
-0.27139447479438605 0.09459371568952021 -0.030367265534420238
-0.24672224981307822 0.08810127198503122 -0.03293469326261547
-0.2220500248317705 0.08160882828054225 -0.035502120990810695
-0.19737779985046264 0.07511638457605326 -0.038069548719005926
-0.1727055748691548 0.06862394087156426 -0.04063697644720116
-0.14803334988784694 0.062131497167075264 -0.0432044041753964
-0.12336112490653911 0.055639053462586276 -0.04577183190359164
-0.09868889992523137 0.04914660975809731 -0.04833925963178686
-0.07401667494392353 0.04265416605360831 -0.05090668735998209
-0.04934444996261569 0.03616172234911932 -0.05347411508817733
-0.024672224981307844 0.029669278644630325 -0.056041542816372567
0.0 0.023176834940141333 -0.0586089705445678
-0.9622167742710052 0.28410775106192565 0.02198438734019035
-0.9375445492896973 0.27761530735743667 0.019416959611995112
-0.9128723243083895 0.2711228636529477 0.016849531883799874
-0.8882000993270818 0.2646304199484587 0.01428210415560465
-0.8635278743457739 0.2581379762439697 0.011714676427409412
-0.838855649364466 0.25164553253948074 0.009147248699214188
-0.8141834243831582 0.24515308883499173 0.006579820971018951
-0.7895111994018503 0.23866064513050275 0.004012393242823714
-0.7648389744205426 0.2321682014260138 0.0014449655146284907
-0.7401667494392348 0.2256757577215248 -0.0011224622135667466
-0.7154945244579269 0.2191833140170358 -0.003689889941761984
-0.6908222994766191 0.2126908703125468 -0.006257317669957222
-0.6661500744953113 0.20619842660805782 -0.008824745398152445
-0.6414778495140036 0.19970598290356883 -0.011392173126347669
-0.6168056245326956 0.19321353919907983 -0.01395960085454292
-0.5921333995513878 0.18672109549459084 -0.01652702858273814
-0.5674611745700799 0.18022865179010186 -0.01909445631093338
-0.5427889495887721 0.17373620808561288 -0.021661884039128616
-0.5181167246074644 0.1672437643811239 -0.02422931176732384
-0.49344449962615644 0.1607513206766349 -0.026796739495519084
-0.4687722746448487 0.1542588769721459 -0.029364167223714308
-0.4441000496635409 0.14776643326765693 -0.031931594951909545
-0.419427824682233 0.14127398956316792 -0.034499022680104775
-0.39475559970092516 0.13478154585867894 -0.03706645040830001
-0.37008337471961733 0.12828910215418993 -0.03963387813649525
-0.3454111497383096 0.12179665844970096 -0.04220130586469047
-0.3207389247570018 0.11530421474521196 -0.044768733592885704
-0.2960666997756939 0.10881177104072297 -0.04733616132108094
-0.27139447479438605 0.10231932733623399 -0.04990358904927618
-0.24672224981307822 0.09582688363174499 -0.052471016777471416
-0.2220500248317705 0.08933443992725602 -0.05503844450566664
-0.19737779985046264 0.08284199622276703 -0.05760587223386187
-0.1727055748691548 0.07634955251827803 -0.06017329996205711
-0.14803334988784694 0.06985710881378904 -0.06274072769025234
-0.12336112490653911 0.06336466510930006 -0.06530815541844757
-0.09868889992523137 0.05687222140481109 -0.0678755831466428
-0.07401667494392353 0.05037977770032209 -0.07044301087483804
-0.04934444996261569 0.0438873339958331 -0.07301043860303327
-0.024672224981307844 0.03739489029134411 -0.07557786633122851
0.0 0.030902446586855113 -0.07814529405942375
-0.9622167742710052 0.29183336270863947 0.0024480638253344057
-0.9375445492896973 0.2853409190041505 -0.00011936390286083148
-0.9128723243083895 0.27884847529966145 -0.002686791631056069
-0.8882000993270818 0.2723560315951725 -0.005254219359251292
-0.8635278743457739 0.2658635878906835 -0.00782164708744653
-0.838855649364466 0.2593711441861945 -0.010389074815641754
-0.8141834243831582 0.2528787004817055 -0.012956502543836991
-0.7895111994018503 0.24638625677721654 -0.015523930272032228
-0.7648389744205426 0.23989381307272759 -0.018091358000227452
-0.7401667494392348 0.23340136936823858 -0.02065878572842269
-0.7154945244579269 0.2269089256637496 -0.023226213456617927
-0.6908222994766191 0.22041648195926059 -0.025793641184813164
-0.6661500744953113 0.2139240382547716 -0.028361068913008387
-0.6414778495140036 0.20743159455028262 -0.03092849664120361
-0.6168056245326956 0.2009391508457936 -0.03349592436939886
-0.5921333995513878 0.19444670714130463 -0.036063352097594085
-0.5674611745700799 0.18795426343681565 -0.03863077982578932
-0.5427889495887721 0.18146181973232667 -0.04119820755398456
-0.5181167246074644 0.1749693760278377 -0.043765635282179784
-0.49344449962615644 0.16847693232334868 -0.04633306301037503
-0.4687722746448487 0.1619844886188597 -0.04890049073857025
-0.4441000496635409 0.15549204491437071 -0.05146791846676549
-0.419427824682233 0.1489996012098817 -0.05403534619496072
-0.39475559970092516 0.14250715750539272 -0.056602773923155957
-0.37008337471961733 0.1360147138009037 -0.059170201651351194
-0.3454111497383096 0.12952227009641476 -0.06173762937954642
-0.3207389247570018 0.12302982639192575 -0.06430505710774165
-0.2960666997756939 0.11653738268743676 -0.06687248483593689
-0.27139447479438605 0.11004493898294777 -0.06943991256413212
-0.24672224981307822 0.10355249527845878 -0.07200734029232736
-0.2220500248317705 0.09706005157396981 -0.07457476802052258
-0.19737779985046264 0.09056760786948082 -0.0771421957487178
-0.1727055748691548 0.08407516416499182 -0.07970962347691304
-0.14803334988784694 0.07758272046050282 -0.08227705120510828
-0.12336112490653911 0.07109027675601384 -0.08484447893330352
-0.09868889992523137 0.06459783305152487 -0.08741190666149874
-0.07401667494392353 0.05810538934703588 -0.08997933438969398
-0.04934444996261569 0.051612945642546884 -0.09254676211788922
-0.024672224981307844 0.04512050193805789 -0.09511418984608445
0.0 0.03862805823356889 -0.09768161757427968
-0.9622167742710052 0.2995589743553532 -0.01708825968952151
-0.9375445492896973 0.29306653065086424 -0.019655687417716748
-0.9128723243083895 0.2865740869463752 -0.022223115145911986
-0.8882000993270818 0.2800816432418863 -0.02479054287410721
-0.8635278743457739 0.27358919953739724 -0.027357970602302446
-0.838855649364466 0.26709675583290826 -0.02992539833049767
-0.8141834243831582 0.2606043121284193 -0.03249282605869291
-0.7895111994018503 0.2541118684239303 -0.035060253786888144
-0.7648389744205426 0.24761942471944134 -0.03762768151508337
-0.7401667494392348 0.24112698101495234 -0.040195109243278605
-0.7154945244579269 0.23463453731046335 -0.04276253697147384
-0.6908222994766191 0.22814209360597434 -0.04532996469966908
-0.6661500744953113 0.22164964990148536 -0.0478973924278643
-0.6414778495140036 0.21515720619699638 -0.05046482015605953
-0.6168056245326956 0.20866476249250737 -0.05303224788425478
-0.5921333995513878 0.2021723187880184 -0.05559967561245
-0.5674611745700799 0.1956798750835294 -0.05816710334064524
-0.5427889495887721 0.18918743137904043 -0.060734531068840476
-0.5181167246074644 0.18269498767455145 -0.06330195879703569
-0.49344449962615644 0.17620254397006244 -0.06586938652523094
-0.4687722746448487 0.16971010026557345 -0.06843681425342617
-0.4441000496635409 0.16321765656108447 -0.0710042419816214
-0.419427824682233 0.15672521285659546 -0.07357166970981663
-0.39475559970092516 0.15023276915210648 -0.07613909743801187
-0.37008337471961733 0.14374032544761747 -0.0787065251662071
-0.3454111497383096 0.13724788174312852 -0.08127395289440233
-0.3207389247570018 0.1307554380386395 -0.08384138062259756
-0.2960666997756939 0.12426299433415053 -0.0864088083507928
-0.27139447479438605 0.11777055062966155 -0.08897623607898804
-0.24672224981307822 0.11127810692517255 -0.09154366380718328
-0.2220500248317705 0.10478566322068358 -0.0941110915353785
-0.19737779985046264 0.09829321951619459 -0.09667851926357372
-0.1727055748691548 0.09180077581170559 -0.09924594699176896
-0.14803334988784694 0.0853083321072166 -0.1018133747199642
-0.12336112490653911 0.0788158884027276 -0.10438080244815943
-0.09868889992523137 0.07232344469823863 -0.10694823017635466
-0.07401667494392353 0.06583100099374965 -0.1095156579045499
-0.04934444996261569 0.05933855728926065 -0.11208308563274513
-0.024672224981307844 0.052846113584771655 -0.11465051336094037
0.0 0.046353669880282666 -0.1172179410891356
-0.9622167742710052 0.307284586002067 -0.036624583204377455
-0.9375445492896973 0.300792142297578 -0.03919201093257269
-0.9128723243083895 0.294299698593089 -0.04175943866076793
-0.8882000993270818 0.28780725488860004 -0.04432686638896315
-0.8635278743457739 0.28131481118411106 -0.04689429411715839
-0.838855649364466 0.2748223674796221 -0.049461721845353614
-0.8141834243831582 0.26832992377513304 -0.05202914957354885
-0.7895111994018503 0.26183748007064406 -0.05459657730174409
-0.7648389744205426 0.25534503636615513 -0.05716400502993931
-0.7401667494392348 0.24885259266166612 -0.05973143275813455
-0.7154945244579269 0.24236014895717714 -0.062298860486329787
-0.6908222994766191 0.23586770525268813 -0.06486628821452502
-0.6661500744953113 0.22937526154819915 -0.06743371594272024
-0.6414778495140036 0.22288281784371017 -0.07000114367091546
-0.6168056245326956 0.21639037413922116 -0.07256857139911072
-0.5921333995513878 0.20989793043473218 -0.07513599912730594
-0.5674611745700799 0.2034054867302432 -0.07770342685550118
-0.5427889495887721 0.19691304302575421 -0.08027085458369641
-0.5181167246074644 0.19042059932126523 -0.08283828231189164
-0.49344449962615644 0.18392815561677622 -0.08540571004008689
-0.4687722746448487 0.17743571191228724 -0.08797313776828211
-0.4441000496635409 0.17094326820779826 -0.09054056549647735
-0.419427824682233 0.16445082450330925 -0.09310799322467257
-0.39475559970092516 0.15795838079882027 -0.09567542095286781
-0.37008337471961733 0.15146593709433126 -0.09824284868106305
-0.3454111497383096 0.1449734933898423 -0.10081027640925827
-0.3207389247570018 0.1384810496853533 -0.10337770413745351
-0.2960666997756939 0.13198860598086432 -0.10594513186564875
-0.27139447479438605 0.12549616227637533 -0.10851255959384398
-0.24672224981307822 0.11900371857188632 -0.11107998732203922
-0.2220500248317705 0.11251127486739736 -0.11364741505023444
-0.19737779985046264 0.10601883116290836 -0.11621484277842967
-0.1727055748691548 0.09952638745841937 -0.1187822705066249
-0.14803334988784694 0.09303394375393037 -0.12134969823482014
-0.12336112490653911 0.08654150004944139 -0.12391712596301538
-0.09868889992523137 0.08004905634495242 -0.1264845536912106
-0.07401667494392353 0.07355661264046343 -0.12905198141940583
-0.04934444996261569 0.06706416893597443 -0.13161940914760106
-0.024672224981307844 0.06057172523148544 -0.1341868368757963
0.0 0.054079281526996446 -0.13675426460399154
-0.9622167742710052 0.3150101976487808 -0.05616090671923339
-0.9375445492896973 0.3085177539442918 -0.05872833444742863
-0.9128723243083895 0.3020253102398028 -0.061295762175623866
-0.8882000993270818 0.29553286653531385 -0.06386318990381909
-0.8635278743457739 0.2890404228308248 -0.06643061763201433
-0.838855649364466 0.28254797912633584 -0.06899804536020955
-0.8141834243831582 0.27605553542184685 -0.07156547308840479
-0.7895111994018503 0.26956309171735787 -0.07413290081660003
-0.7648389744205426 0.2630706480128689 -0.07670032854479525
-0.7401667494392348 0.2565782043083799 -0.07926775627299049
-0.7154945244579269 0.2500857606038909 -0.08183518400118572
-0.6908222994766191 0.2435933168994019 -0.08440261172938096
-0.6661500744953113 0.2371008731949129 -0.08697003945757618
-0.6414778495140036 0.23060842949042393 -0.08953746718577141
-0.6168056245326956 0.22411598578593492 -0.09210489491396666
-0.5921333995513878 0.21762354208144594 -0.09467232264216188
-0.5674611745700799 0.21113109837695695 -0.09723975037035712
-0.5427889495887721 0.20463865467246797 -0.09980717809855236
-0.5181167246074644 0.198146210967979 -0.10237460582674758
-0.49344449962615644 0.19165376726348998 -0.10494203355494283
-0.4687722746448487 0.18516132355900103 -0.10750946128313806
-0.4441000496635409 0.17866887985451202 -0.11007688901133329
-0.419427824682233 0.17217643615002304 -0.11264431673952852
-0.39475559970092516 0.16568399244553403 -0.11521174446772375
-0.37008337471961733 0.15919154874104505 -0.11777917219591899
-0.3454111497383096 0.15269910503655607 -0.12034659992411421
-0.3207389247570018 0.14620666133206708 -0.12291402765230945
-0.2960666997756939 0.13971421762757807 -0.12548145538050468
-0.27139447479438605 0.1332217739230891 -0.1280488831086999
-0.24672224981307822 0.1267293302186001 -0.13061631083689515
-0.2220500248317705 0.12023688651411114 -0.1331837385650904
-0.19737779985046264 0.11374444280962215 -0.13575116629328562
-0.1727055748691548 0.10725199910513315 -0.13831859402148086
-0.14803334988784694 0.10075955540064416 -0.14088602174967607
-0.12336112490653911 0.09426711169615516 -0.1434534494778713
-0.09868889992523137 0.0877746679916662 -0.14602087720606655
-0.07401667494392353 0.08128222428717721 -0.14858830493426178
-0.04934444996261569 0.07478978058268822 -0.15115573266245702
-0.024672224981307844 0.06829733687819922 -0.15372316039065226
0.0 0.061804893173710226 -0.1562905881188475
-0.9622167742710052 0.32273580929549456 -0.07569723023408934
-0.9375445492896973 0.3162433655910056 -0.07826465796228457
-0.9128723243083895 0.3097509218865166 -0.08083208569047981
-0.8882000993270818 0.3032584781820276 -0.08339951341867503
-0.8635278743457739 0.29676603447753863 -0.08596694114687027
-0.838855649364466 0.29027359077304965 -0.0885343688750655
-0.8141834243831582 0.2837811470685606 -0.09110179660326073
-0.7895111994018503 0.27728870336407163 -0.09366922433145597
-0.7648389744205426 0.2707962596595827 -0.09623665205965119
-0.7401667494392348 0.26430381595509367 -0.09880407978784643
-0.7154945244579269 0.2578113722506047 -0.10137150751604167
-0.6908222994766191 0.2513189285461157 -0.1039389352442369
-0.6661500744953113 0.2448264848416267 -0.10650636297243213
-0.6414778495140036 0.23833404113713771 -0.10907379070062735
-0.6168056245326956 0.2318415974326487 -0.1116412184288226
-0.5921333995513878 0.22534915372815972 -0.11420864615701783
-0.5674611745700799 0.21885671002367074 -0.11677607388521306
-0.5427889495887721 0.21236426631918176 -0.1193435016134083
-0.5181167246074644 0.20587182261469278 -0.12191092934160352
-0.49344449962615644 0.19937937891020377 -0.12447835706979878
-0.4687722746448487 0.19288693520571482 -0.127045784797994
-0.4441000496635409 0.1863944915012258 -0.12961321252618924
-0.419427824682233 0.17990204779673682 -0.13218064025438447
-0.39475559970092516 0.17340960409224782 -0.1347480679825797
-0.37008337471961733 0.16691716038775883 -0.13731549571077495
-0.3454111497383096 0.16042471668326985 -0.13988292343897016
-0.3207389247570018 0.15393227297878087 -0.1424503511671654
-0.2960666997756939 0.14743982927429186 -0.14501777889536063
-0.27139447479438605 0.14094738556980288 -0.14758520662355587
-0.24672224981307822 0.1344549418653139 -0.1501526343517511
-0.2220500248317705 0.12796249816082492 -0.15272006207994632
-0.19737779985046264 0.12147005445633594 -0.15528748980814155
-0.1727055748691548 0.11497761075184694 -0.1578549175363368
-0.14803334988784694 0.10848516704735794 -0.16042234526453203
-0.12336112490653911 0.10199272334286895 -0.16298977299272727
-0.09868889992523137 0.09550027963837998 -0.16555720072092248
-0.07401667494392353 0.08900783593389099 -0.1681246284491177
-0.04934444996261569 0.08251539222940199 -0.17069205617731295
-0.024672224981307844 0.076022948524913 -0.1732594839055082
0.0 0.06953050482042401 -0.17582691163370343
-0.9622167742710052 0.3304614209422084 -0.09523355374894528
-0.9375445492896973 0.3239689772377194 -0.09780098147714052
-0.9128723243083895 0.31747653353323035 -0.10036840920533575
-0.8882000993270818 0.31098408982874143 -0.10293583693353098
-0.8635278743457739 0.3044916461242524 -0.10550326466172621
-0.838855649364466 0.2979992024197634 -0.10807069238992144
-0.8141834243831582 0.2915067587152744 -0.11063812011811668
-0.7895111994018503 0.28501431501078545 -0.11320554784631191
-0.7648389744205426 0.27852187130629646 -0.11577297557450714
-0.7401667494392348 0.2720294276018075 -0.11834040330270237
-0.7154945244579269 0.2655369838973185 -0.12090783103089761
-0.6908222994766191 0.25904454019282946 -0.12347525875909285
-0.6661500744953113 0.2525520964883405 -0.12604268648728806
-0.6414778495140036 0.2460596527838515 -0.1286101142154833
-0.6168056245326956 0.2395672090793625 -0.13117754194367853
-0.5921333995513878 0.2330747653748735 -0.13374496967187377
-0.5674611745700799 0.22658232167038453 -0.136312397400069
-0.5427889495887721 0.22008987796589555 -0.13887982512826424
-0.5181167246074644 0.21359743426140657 -0.14144725285645945
-0.49344449962615644 0.20710499055691756 -0.14401468058465472
-0.4687722746448487 0.2006125468524286 -0.14658210831284993
-0.4441000496635409 0.1941201031479396 -0.14914953604104517
-0.419427824682233 0.1876276594434506 -0.1517169637692404
-0.39475559970092516 0.1811352157389616 -0.15428439149743564
-0.37008337471961733 0.17464277203447262 -0.15685181922563088
-0.3454111497383096 0.16815032832998364 -0.1594192469538261
-0.3207389247570018 0.16165788462549466 -0.16198667468202133
-0.2960666997756939 0.15516544092100565 -0.16455410241021656
-0.27139447479438605 0.14867299721651667 -0.1671215301384118
-0.24672224981307822 0.14218055351202769 -0.16968895786660704
-0.2220500248317705 0.1356881098075387 -0.17225638559480227
-0.19737779985046264 0.12919566610304972 -0.17482381332299748
-0.1727055748691548 0.12270322239856071 -0.17739124105119272
-0.14803334988784694 0.11621077869407172 -0.17995866877938796
-0.12336112490653911 0.10971833498958274 -0.1825260965075832
-0.09868889992523137 0.10322589128509377 -0.18509352423577843
-0.07401667494392353 0.09673344758060477 -0.18766095196397367
-0.04934444996261569 0.09024100387611578 -0.1902283796921689
-0.024672224981307844 0.08374856017162678 -0.19279580742036415
0.0 0.07725611646713779 -0.19536323514855936
-0.9622167742710052 0.33818703258892213 -0.1147698772638012
-0.9375445492896973 0.33169458888443315 -0.11733730499199643
-0.9128723243083895 0.3252021451799441 -0.11990473272019167
-0.8882000993270818 0.3187097014754552 -0.1224721604483869
-0.8635278743457739 0.31221725777096615 -0.12503958817658212
-0.838855649364466 0.30572481406647717 -0.12760701590477735
-0.8141834243831582 0.2992323703619882 -0.1301744436329726
-0.7895111994018503 0.2927399266574992 -0.13274187136116783
-0.7648389744205426 0.2862474829530102 -0.13530929908936304
-0.7401667494392348 0.27975503924852124 -0.13787672681755828
-0.7154945244579269 0.27326259554403226 -0.1404441545457535
-0.6908222994766191 0.2667701518395432 -0.14301158227394875
-0.6661500744953113 0.26027770813505424 -0.145579010002144
-0.6414778495140036 0.25378526443056526 -0.1481464377303392
-0.6168056245326956 0.24729282072607625 -0.15071386545853446
-0.5921333995513878 0.24080037702158727 -0.15328129318672967
-0.5674611745700799 0.2343079333170983 -0.1558487209149249
-0.5427889495887721 0.2278154896126093 -0.15841614864312015
-0.5181167246074644 0.22132304590812032 -0.16098357637131538
-0.49344449962615644 0.21483060220363132 -0.16355100409951062
-0.4687722746448487 0.20833815849914236 -0.16611843182770586
-0.4441000496635409 0.20184571479465335 -0.1686858595559011
-0.419427824682233 0.19535327109016437 -0.1712532872840963
-0.39475559970092516 0.18886082738567536 -0.17382071501229154
-0.37008337471961733 0.18236838368118638 -0.17638814274048678
-0.3454111497383096 0.1758759399766974 -0.17895557046868202
-0.3207389247570018 0.16938349627220842 -0.18152299819687726
-0.2960666997756939 0.1628910525677194 -0.1840904259250725
-0.27139447479438605 0.15639860886323043 -0.18665785365326773
-0.24672224981307822 0.14990616515874144 -0.18922528138146297
-0.2220500248317705 0.14341372145425246 -0.19179270910965818
-0.19737779985046264 0.13692127774976348 -0.19436013683785341
-0.1727055748691548 0.13042883404527447 -0.19692756456604865
-0.14803334988784694 0.12393639034078549 -0.1994949922942439
-0.12336112490653911 0.1174439466362965 -0.20206242002243913
-0.09868889992523137 0.11095150293180753 -0.20462984775063434
-0.07401667494392353 0.10445905922731855 -0.20719727547882957
-0.04934444996261569 0.09796661552282955 -0.2097647032070248
-0.024672224981307844 0.09147417181834055 -0.21233213093522005
0.0 0.08498172811385156 -0.21489955866341529
-0.9622167742710052 0.3459126442356359 -0.1343062007786571
-0.9375445492896973 0.3394202005311469 -0.13687362850685234
-0.9128723243083895 0.3329277568266579 -0.13944105623504757
-0.8882000993270818 0.32643531312216895 -0.1420084839632428
-0.8635278743457739 0.3199428694176799 -0.14457591169143805
-0.838855649364466 0.3134504257131909 -0.14714333941963326
-0.8141834243831582 0.30695798200870195 -0.1497107671478285
-0.7895111994018503 0.30046553830421296 -0.15227819487602373
-0.7648389744205426 0.293973094599724 -0.15484562260421897
-0.7401667494392348 0.287480650895235 -0.1574130503324142
-0.7154945244579269 0.280988207190746 -0.15998047806060944
-0.6908222994766191 0.274495763486257 -0.16254790578880468
-0.6661500744953113 0.268003319781768 -0.1651153335169999
-0.6414778495140036 0.261510876077279 -0.16768276124519513
-0.6168056245326956 0.25501843237279004 -0.17025018897339037
-0.5921333995513878 0.24852598866830106 -0.1728176167015856
-0.5674611745700799 0.24203354496381208 -0.17538504442978084
-0.5427889495887721 0.2355411012593231 -0.17795247215797608
-0.5181167246074644 0.2290486575548341 -0.1805198998861713
-0.49344449962615644 0.2225562138503451 -0.18308732761436655
-0.4687722746448487 0.21606377014585612 -0.18565475534256176
-0.4441000496635409 0.20957132644136714 -0.188222183070757
-0.419427824682233 0.20307888273687813 -0.19078961079895224
-0.39475559970092516 0.19658643903238915 -0.19335703852714747
-0.37008337471961733 0.19009399532790014 -0.1959244662553427
-0.3454111497383096 0.18360155162341119 -0.19849189398353792
-0.3207389247570018 0.17710910791892218 -0.20105932171173316
-0.2960666997756939 0.1706166642144332 -0.2036267494399284
-0.27139447479438605 0.1641242205099442 -0.20619417716812363
-0.24672224981307822 0.1576317768054552 -0.20876160489631887
-0.2220500248317705 0.15113933310096625 -0.2113290326245141
-0.19737779985046264 0.14464688939647724 -0.21389646035270932
-0.1727055748691548 0.13815444569198826 -0.21646388808090455
-0.14803334988784694 0.13166200198749925 -0.2190313158090998
-0.12336112490653911 0.12516955828301027 -0.22159874353729503
-0.09868889992523137 0.1186771145785213 -0.22416617126549027
-0.07401667494392353 0.1121846708740323 -0.2267335989936855
-0.04934444996261569 0.10569222716954331 -0.22930102672188074
-0.024672224981307844 0.09919978346505433 -0.23186845445007598
0.0 0.09270733976056533 -0.2344358821782712
-0.9622167742710052 0.3536382558823497 -0.15384252429351308
-0.9375445492896973 0.3471458121778607 -0.15640995202170832
-0.9128723243083895 0.3406533684733717 -0.15897737974990356
-0.8882000993270818 0.33416092476888276 -0.16154480747809877
-0.8635278743457739 0.3276684810643937 -0.164112235206294
-0.838855649364466 0.32117603735990474 -0.16667966293448924
-0.8141834243831582 0.31468359365541576 -0.16924709066268448
-0.7895111994018503 0.3081911499509268 -0.17181451839087972
-0.7648389744205426 0.3016987062464378 -0.17438194611907493
-0.7401667494392348 0.2952062625419488 -0.17694937384727016
-0.7154945244579269 0.28871381883745983 -0.1795168015754654
-0.6908222994766191 0.2822213751329708 -0.18208422930366064
-0.6661500744953113 0.2757289314284818 -0.18465165703185588
-0.6414778495140036 0.26923648772399283 -0.18721908476005109
-0.6168056245326956 0.26274404401950385 -0.18978651248824635
-0.5921333995513878 0.25625160031501487 -0.19235394021644156
-0.5674611745700799 0.24975915661052586 -0.1949213679446368
-0.5427889495887721 0.24326671290603688 -0.19748879567283203
-0.5181167246074644 0.2367742692015479 -0.20005622340102727
-0.49344449962615644 0.2302818254970589 -0.2026236511292225
-0.4687722746448487 0.22378938179256994 -0.20519107885741775
-0.4441000496635409 0.21729693808808093 -0.20775850658561298
-0.419427824682233 0.21080449438359194 -0.2103259343138082
-0.39475559970092516 0.20431205067910294 -0.21289336204200343
-0.37008337471961733 0.19781960697461395 -0.21546078977019867
-0.3454111497383096 0.19132716327012497 -0.2180282174983939
-0.3207389247570018 0.184834719565636 -0.22059564522658914
-0.2960666997756939 0.17834227586114698 -0.22316307295478438
-0.27139447479438605 0.171849832156658 -0.22573050068297962
-0.24672224981307822 0.16535738845216902 -0.22829792841117483
-0.2220500248317705 0.15886494474768004 -0.23086535613937006
-0.19737779985046264 0.15237250104319106 -0.2334327838675653
-0.1727055748691548 0.14588005733870205 -0.23600021159576054
-0.14803334988784694 0.13938761363421306 -0.23856763932395578
-0.12336112490653911 0.13289516992972406 -0.24113506705215101
-0.09868889992523137 0.1264027262252351 -0.24370249478034622
-0.07401667494392353 0.1199102825207461 -0.24626992250854146
-0.04934444996261569 0.11341783881625711 -0.2488373502367367
-0.024672224981307844 0.10692539511176812 -0.25140477796493194
0.0 0.10043295140727912 -0.2539722056931272
-0.9622167742710052 0.36136386752906346 -0.17337884780836899
-0.9375445492896973 0.3548714238245745 -0.17594627553656422
-0.9128723243083895 0.34837898012008545 -0.17851370326475946
-0.8882000993270818 0.3418865364155965 -0.1810811309929547
-0.8635278743457739 0.3353940927111075 -0.18364855872114993
-0.838855649364466 0.3289016490066185 -0.18621598644934514
-0.8141834243831582 0.3224092053021295 -0.18878341417754038
-0.7895111994018503 0.31591676159764054 -0.19135084190573562
-0.7648389744205426 0.30942431789315156 -0.19391826963393086
-0.7401667494392348 0.3029318741886626 -0.1964856973621261
-0.7154945244579269 0.2964394304841736 -0.19905312509032133
-0.6908222994766191 0.28994698677968456 -0.20162055281851657
-0.6661500744953113 0.2834545430751956 -0.20418798054671178
-0.6414778495140036 0.2769620993707066 -0.20675540827490702
-0.6168056245326956 0.2704696556662176 -0.20932283600310225
-0.5921333995513878 0.26397721196172863 -0.2118902637312975
-0.5674611745700799 0.25748476825723965 -0.21445769145949273
-0.5427889495887721 0.25099232455275067 -0.21702511918768796
-0.5181167246074644 0.24449988084826166 -0.21959254691588317
-0.49344449962615644 0.23800743714377265 -0.22215997464407844
-0.4687722746448487 0.2315149934392837 -0.22472740237227365
-0.4441000496635409 0.22502254973479469 -0.2272948301004689
-0.419427824682233 0.2185301060303057 -0.22986225782866412
-0.39475559970092516 0.2120376623258167 -0.23242968555685936
-0.37008337471961733 0.2055452186213277 -0.2349971132850546
-0.3454111497383096 0.19905277491683873 -0.2375645410132498
-0.3207389247570018 0.19256033121234975 -0.24013196874144505
-0.2960666997756939 0.18606788750786074 -0.24269939646964028
-0.27139447479438605 0.17957544380337176 -0.24526682419783552
-0.24672224981307822 0.17308300009888278 -0.24783425192603076
-0.2220500248317705 0.1665905563943938 -0.250401679654226
-0.19737779985046264 0.16009811268990481 -0.25296910738242123
-0.1727055748691548 0.1536056689854158 -0.25553653511061647
-0.14803334988784694 0.14711322528092682 -0.2581039628388117
-0.12336112490653911 0.14062078157643784 -0.26067139056700694
-0.09868889992523137 0.13412833787194886 -0.2632388182952021
-0.07401667494392353 0.12763589416745988 -0.26580624602339736
-0.04934444996261569 0.12114345046297088 -0.2683736737515926
-0.024672224981307844 0.11465100675848189 -0.27094110147978784
0.0 0.10815856305399289 -0.2735085292079831
-0.9622167742710052 0.3690894791757772 -0.19291517132322497
-0.9375445492896973 0.36259703547128824 -0.1954825990514202
-0.9128723243083895 0.35610459176679926 -0.19805002677961545
-0.8882000993270818 0.3496121480623103 -0.20061745450781066
-0.8635278743457739 0.3431197043578213 -0.2031848822360059
-0.838855649364466 0.3366272606533323 -0.20575230996420113
-0.8141834243831582 0.3301348169488433 -0.20831973769239637
-0.7895111994018503 0.3236423732443543 -0.2108871654205916
-0.7648389744205426 0.31714992953986537 -0.21345459314878681
-0.7401667494392348 0.31065748583537633 -0.21602202087698205
-0.7154945244579269 0.30416504213088735 -0.2185894486051773
-0.6908222994766191 0.29767259842639837 -0.22115687633337253
-0.6661500744953113 0.2911801547219094 -0.22372430406156776
-0.6414778495140036 0.2846877110174204 -0.22629173178976297
-0.6168056245326956 0.27819526731293137 -0.22885915951795824
-0.5921333995513878 0.2717028236084424 -0.23142658724615345
-0.5674611745700799 0.2652103799039534 -0.23399401497434869
-0.5427889495887721 0.2587179361994644 -0.23656144270254392
-0.5181167246074644 0.25222549249497545 -0.23912887043073916
-0.49344449962615644 0.24573304879048646 -0.2416962981589344
-0.4687722746448487 0.23924060508599748 -0.2442637258871296
-0.4441000496635409 0.2327481613815085 -0.24683115361532484
-0.419427824682233 0.2262557176770195 -0.24939858134352008
-0.39475559970092516 0.2197632739725305 -0.25196600907171535
-0.37008337471961733 0.2132708302680415 -0.2545334367999106
-0.3454111497383096 0.20677838656355255 -0.25710086452810577
-0.3207389247570018 0.20028594285906354 -0.259668292256301
-0.2960666997756939 0.19379349915457456 -0.26223571998449624
-0.27139447479438605 0.18730105545008557 -0.2648031477126915
-0.24672224981307822 0.18080861174559656 -0.2673705754408867
-0.2220500248317705 0.1743161680411076 -0.26993800316908195
-0.19737779985046264 0.1678237243366186 -0.2725054308972772
-0.1727055748691548 0.16133128063212962 -0.2750728586254724
-0.14803334988784694 0.1548388369276406 -0.27764028635366766
-0.12336112490653911 0.14834639322315163 -0.2802077140818629
-0.09868889992523137 0.14185394951866265 -0.28277514181005814
-0.07401667494392353 0.13536150581417367 -0.2853425695382533
-0.04934444996261569 0.12886906210968466 -0.28790999726644856
-0.024672224981307844 0.12237661840519568 -0.2904774249946438
0.0 0.11588417470070668 -0.29304485272283903
-0.9622167742710052 0.376815090822491 -0.21245149483808087
-0.9375445492896973 0.370322647118002 -0.2150189225662761
-0.9128723243083895 0.363830203413513 -0.21758635029447135
-0.8882000993270818 0.35733775970902404 -0.22015377802266659
-0.8635278743457739 0.35084531600453506 -0.22272120575086182
-0.838855649364466 0.3443528723000461 -0.22528863347905703
-0.8141834243831582 0.33786042859555704 -0.22785606120725227
-0.7895111994018503 0.33136798489106806 -0.2304234889354475
-0.7648389744205426 0.32487554118657913 -0.23299091666364274
-0.7401667494392348 0.3183830974820901 -0.23555834439183798
-0.7154945244579269 0.3118906537776011 -0.23812577212003322
-0.6908222994766191 0.30539821007311213 -0.24069319984822846
-0.6661500744953113 0.29890576636862315 -0.24326062757642367
-0.6414778495140036 0.29241332266413417 -0.2458280553046189
-0.6168056245326956 0.28592087895964513 -0.24839548303281414
-0.5921333995513878 0.27942843525515615 -0.25096291076100935
-0.5674611745700799 0.27293599155066717 -0.2535303384892046
-0.5427889495887721 0.2664435478461782 -0.2560977662173998
-0.5181167246074644 0.2599511041416892 -0.25866519394559506
-0.49344449962615644 0.2534586604372002 -0.2612326216737903
-0.4687722746448487 0.24696621673271124 -0.26380004940198554
-0.4441000496635409 0.24047377302822226 -0.2663674771301808
-0.419427824682233 0.23398132932373325 -0.268934904858376
-0.39475559970092516 0.22748888561924427 -0.27150233258657125
-0.37008337471961733 0.22099644191475526 -0.2740697603147665
-0.3454111497383096 0.2145039982102663 -0.2766371880429617
-0.3207389247570018 0.2080115545057773 -0.2792046157711569
-0.2960666997756939 0.20151911080128831 -0.28177204349935214
-0.27139447479438605 0.19502666709679933 -0.2843394712275474
-0.24672224981307822 0.18853422339231032 -0.2869068989557426
-0.2220500248317705 0.18204177968782137 -0.28947432668393785
-0.19737779985046264 0.17554933598333236 -0.2920417544121331
-0.1727055748691548 0.16905689227884338 -0.29460918214032833
-0.14803334988784694 0.16256444857435437 -0.29717660986852357
-0.12336112490653911 0.1560720048698654 -0.2997440375967188
-0.09868889992523137 0.14957956116537643 -0.30231146532491404
-0.07401667494392353 0.14308711746088743 -0.3048788930531093
-0.04934444996261569 0.13659467375639844 -0.3074463207813045
-0.024672224981307844 0.13010223005190943 -0.31001374850949975
0.0 0.12360978634742045 -0.312581176237695
-0.9622167742710052 0.3845407024692048 -0.2319878183529368
-0.9375445492896973 0.3780482587647158 -0.23455524608113204
-0.9128723243083895 0.3715558150602268 -0.23712267380932728
-0.8882000993270818 0.36506337135573785 -0.2396901015375225
-0.8635278743457739 0.3585709276512488 -0.24225752926571772
-0.838855649364466 0.35207848394675983 -0.24482495699391296
-0.8141834243831582 0.34558604024227085 -0.2473923847221082
-0.7895111994018503 0.33909359653778187 -0.24995981245030344
-0.7648389744205426 0.3326011528332929 -0.25252724017849865
-0.7401667494392348 0.3261087091288039 -0.2550946679066939
-0.7154945244579269 0.3196162654243149 -0.2576620956348891
-0.6908222994766191 0.3131238217198259 -0.26022952336308436
-0.6661500744953113 0.3066313780153369 -0.2627969510912796
-0.6414778495140036 0.3001389343108479 -0.26536437881947483
-0.6168056245326956 0.29364649060635895 -0.26793180654767007
-0.5921333995513878 0.28715404690186996 -0.2704992342758653
-0.5674611745700799 0.280661603197381 -0.27306666200406055
-0.5427889495887721 0.274169159492892 -0.2756340897322558
-0.5181167246074644 0.267676715788403 -0.27820151746045096
-0.49344449962615644 0.261184272083914 -0.2807689451886462
-0.4687722746448487 0.254691828379425 -0.28333637291684144
-0.4441000496635409 0.24819938467493602 -0.2859038006450367
-0.419427824682233 0.24170694097044704 -0.2884712283732319
-0.39475559970092516 0.23521449726595803 -0.29103865610142715
-0.37008337471961733 0.22872205356146905 -0.2936060838296224
-0.3454111497383096 0.22222960985698006 -0.2961735115578176
-0.3207389247570018 0.21573716615249108 -0.29874093928601286
-0.2960666997756939 0.20924472244800207 -0.3013083670142081
-0.27139447479438605 0.2027522787435131 -0.30387579474240334
-0.24672224981307822 0.1962598350390241 -0.3064432224705986
-0.2220500248317705 0.18976739133453513 -0.30901065019879376
-0.19737779985046264 0.18327494763004615 -0.311578077926989
-0.1727055748691548 0.17678250392555714 -0.31414550565518423
-0.14803334988784694 0.17029006022106816 -0.31671293338337947
-0.12336112490653911 0.16379761651657918 -0.3192803611115747
-0.09868889992523137 0.1573051728120902 -0.32184778883976994
-0.07401667494392353 0.1508127291076012 -0.3244152165679652
-0.04934444996261569 0.1443202854031122 -0.3269826442961604
-0.024672224981307844 0.13782784169862322 -0.32955007202435566
0.0 0.1313353979941342 -0.3321174997525509
-0.9622167742710052 0.39226631411591856 -0.25152414186779276
-0.9375445492896973 0.3857738704114296 -0.254091569595988
-0.9128723243083895 0.3792814267069406 -0.25665899732418324
-0.8882000993270818 0.3727889830024516 -0.2592264250523785
-0.8635278743457739 0.36629653929796263 -0.2617938527805737
-0.838855649364466 0.35980409559347365 -0.26436128050876895
-0.8141834243831582 0.3533116518889846 -0.2669287082369642
-0.7895111994018503 0.34681920818449563 -0.2694961359651594
-0.7648389744205426 0.3403267644800067 -0.2720635636933546
-0.7401667494392348 0.33383432077551767 -0.27463099142154984
-0.7154945244579269 0.3273418770710287 -0.2771984191497451
-0.6908222994766191 0.3208494333665397 -0.2797658468779403
-0.6661500744953113 0.3143569896620507 -0.28233327460613555
-0.6414778495140036 0.30786454595756174 -0.2849007023343308
-0.6168056245326956 0.3013721022530727 -0.28746813006252603
-0.5921333995513878 0.2948796585485837 -0.29003555779072127
-0.5674611745700799 0.28838721484409474 -0.2926029855189165
-0.5427889495887721 0.28189477113960576 -0.29517041324711174
-0.5181167246074644 0.2754023274351168 -0.297737840975307
-0.49344449962615644 0.2689098837306278 -0.3003052687035022
-0.4687722746448487 0.2624174400261388 -0.3028726964316974
-0.4441000496635409 0.25592499632164983 -0.30544012415989263
-0.419427824682233 0.24943255261716082 -0.30800755188808787
-0.39475559970092516 0.24294010891267184 -0.3105749796162831
-0.37008337471961733 0.23644766520818283 -0.31314240734447835
-0.3454111497383096 0.22995522150369388 -0.3157098350726736
-0.3207389247570018 0.22346277779920487 -0.3182772628008688
-0.2960666997756939 0.2169703340947159 -0.32084469052906406
-0.27139447479438605 0.2104778903902269 -0.3234121182572593
-0.24672224981307822 0.2039854466857379 -0.32597954598545453
-0.2220500248317705 0.19749300298124894 -0.32854697371364977
-0.19737779985046264 0.19100055927675993 -0.331114401441845
-0.1727055748691548 0.18450811557227095 -0.33368182917004025
-0.14803334988784694 0.17801567186778194 -0.3362492568982354
-0.12336112490653911 0.17152322816329296 -0.33881668462643066
-0.09868889992523137 0.16503078445880398 -0.3413841123546259
-0.07401667494392353 0.158538340754315 -0.34395154008282114
-0.04934444996261569 0.152045897049826 -0.3465189678110164
-0.024672224981307844 0.145553453345337 -0.3490863955392116
0.0 0.13906100964084803 -0.35165382326740685
-0.9622167742710052 0.3999919257626323 -0.27106046538264866
-0.9375445492896973 0.39349948205814334 -0.2736278931108439
-0.9128723243083895 0.38700703835365435 -0.27619532083903914
-0.8882000993270818 0.38051459464916537 -0.2787627485672344
-0.8635278743457739 0.3740221509446764 -0.2813301762954296
-0.838855649364466 0.3675297072401874 -0.28389760402362485
-0.8141834243831582 0.36103726353569837 -0.2864650317518201
-0.7895111994018503 0.3545448198312094 -0.2890324594800153
-0.7648389744205426 0.34805237612672046 -0.29159988720821056
-0.7401667494392348 0.3415599324222314 -0.2941673149364058
-0.7154945244579269 0.33506748871774245 -0.29673474266460104
-0.6908222994766191 0.32857504501325346 -0.2993021703927963
-0.6661500744953113 0.3220826013087645 -0.30186959812099146
-0.6414778495140036 0.3155901576042755 -0.3044370258491867
-0.6168056245326956 0.30909771389978646 -0.30700445357738193
-0.5921333995513878 0.3026052701952975 -0.30957188130557717
-0.5674611745700799 0.2961128264908085 -0.3121393090337724
-0.5427889495887721 0.2896203827863195 -0.31470673676196764
-0.5181167246074644 0.28312793908183054 -0.3172741644901629
-0.49344449962615644 0.27663549537734156 -0.3198415922183581
-0.4687722746448487 0.2701430516728526 -0.32240901994655335
-0.4441000496635409 0.2636506079683636 -0.3249764476747486
-0.419427824682233 0.2571581642638746 -0.32754387540294383
-0.39475559970092516 0.2506657205593856 -0.33011130313113907
-0.37008337471961733 0.2441732768548966 -0.3326787308593343
-0.3454111497383096 0.23768083315040764 -0.3352461585875295
-0.3207389247570018 0.23118838944591863 -0.3378135863157247
-0.2960666997756939 0.22469594574142965 -0.34038101404391996
-0.27139447479438605 0.21820350203694067 -0.3429484417721152
-0.24672224981307822 0.21171105833245166 -0.34551586950031044
-0.2220500248317705 0.2052186146279627 -0.3480832972285057
-0.19737779985046264 0.1987261709234737 -0.3506507249567009
-0.1727055748691548 0.1922337272189847 -0.35321815268489615
-0.14803334988784694 0.1857412835144957 -0.3557855804130914
-0.12336112490653911 0.17924883981000672 -0.3583530081412866
-0.09868889992523137 0.17275639610551777 -0.3609204358694818
-0.07401667494392353 0.16626395240102876 -0.36348786359767704
-0.04934444996261569 0.15977150869653978 -0.3660552913258723
-0.024672224981307844 0.15327906499205077 -0.3686227190540675
0.0 0.14678662128756179 -0.37119014678226275
-0.9622167742710052 0.40771753740934613 -0.2905967888975046
-0.9375445492896973 0.40122509370485715 -0.29316421662569986
-0.9128723243083895 0.39473265000036817 -0.2957316443538951
-0.8882000993270818 0.3882402062958792 -0.29829907208209033
-0.8635278743457739 0.3817477625913902 -0.30086649981028557
-0.838855649364466 0.3752553188869012 -0.3034339275384808
-0.8141834243831582 0.3687628751824122 -0.30600135526667605
-0.7895111994018503 0.3622704314779232 -0.3085687829948713
-0.7648389744205426 0.3557779877734343 -0.3111362107230665
-0.7401667494392348 0.34928554406894524 -0.31370363845126176
-0.7154945244579269 0.34279310036445626 -0.316271066179457
-0.6908222994766191 0.3363006566599673 -0.31883849390765223
-0.6661500744953113 0.3298082129554783 -0.3214059216358474
-0.6414778495140036 0.3233157692509893 -0.32397334936404265
-0.6168056245326956 0.3168233255465003 -0.3265407770922379
-0.5921333995513878 0.3103308818420113 -0.3291082048204331
-0.5674611745700799 0.3038384381375223 -0.33167563254862836
-0.5427889495887721 0.29734599443303333 -0.3342430602768236
-0.5181167246074644 0.29085355072854435 -0.33681048800501884
-0.49344449962615644 0.28436110702405537 -0.3393779157332141
-0.4687722746448487 0.2778686633195664 -0.3419453434614093
-0.4441000496635409 0.2713762196150774 -0.34451277118960455
-0.419427824682233 0.26488377591058837 -0.3470801989177998
-0.39475559970092516 0.2583913322060994 -0.349647626645995
-0.37008337471961733 0.2518988885016104 -0.35221505437419026
-0.3454111497383096 0.24540644479712143 -0.35478248210238544
-0.3207389247570018 0.23891400109263244 -0.3573499098305807
-0.2960666997756939 0.23242155738814343 -0.3599173375587759
-0.27139447479438605 0.22592911368365445 -0.36248476528697116
-0.24672224981307822 0.21943666997916547 -0.3650521930151664
-0.2220500248317705 0.2129442262746765 -0.36761962074336163
-0.19737779985046264 0.2064517825701875 -0.37018704847155687
-0.1727055748691548 0.1999593388656985 -0.3727544761997521
-0.14803334988784694 0.19346689516120952 -0.37532190392794734
-0.12336112490653911 0.1869744514567205 -0.3778893316561426
-0.09868889992523137 0.18048200775223155 -0.3804567593843378
-0.07401667494392353 0.17398956404774255 -0.38302418711253305
-0.04934444996261569 0.16749712034325356 -0.3855916148407283
-0.024672224981307844 0.16100467663876458 -0.3881590425689235
0.0 0.15451223293427557 -0.3907264702971187
-0.9622167742710052 0.4154431490560599 -0.3101331124123606
-0.9375445492896973 0.4089507053515709 -0.3127005401405558
-0.9128723243083895 0.4024582616470819 -0.31526796786875105
-0.8882000993270818 0.39596581794259295 -0.31783539559694624
-0.8635278743457739 0.38947337423810396 -0.3204028233251415
-0.838855649364466 0.382980930533615 -0.3229702510533367
-0.8141834243831582 0.37648848682912595 -0.32553767878153195
-0.7895111994018503 0.36999604312463696 -0.3281051065097272
-0.7648389744205426 0.36350359942014804 -0.3306725342379224
-0.7401667494392348 0.357011155715659 -0.33323996196611766
-0.7154945244579269 0.35051871201117 -0.3358073896943129
-0.6908222994766191 0.34402626830668104 -0.33837481742250813
-0.6661500744953113 0.33753382460219206 -0.34094224515070337
-0.6414778495140036 0.3310413808977031 -0.34350967287889855
-0.6168056245326956 0.32454893719321404 -0.34607710060709385
-0.5921333995513878 0.31805649348872506 -0.34864452833528903
-0.5674611745700799 0.3115640497842361 -0.35121195606348427
-0.5427889495887721 0.3050716060797471 -0.3537793837916795
-0.5181167246074644 0.2985791623752581 -0.35634681151987474
-0.49344449962615644 0.29208671867076913 -0.35891423924807
-0.4687722746448487 0.28559427496628015 -0.3614816669762652
-0.4441000496635409 0.27910183126179117 -0.36404909470446045
-0.419427824682233 0.2726093875573022 -0.3666165224326557
-0.39475559970092516 0.26611694385281315 -0.3691839501608509
-0.37008337471961733 0.25962450014832417 -0.37175137788904616
-0.3454111497383096 0.2531320564438352 -0.3743188056172414
-0.3207389247570018 0.2466396127393462 -0.37688623334543664
-0.2960666997756939 0.24014716903485722 -0.3794536610736319
-0.27139447479438605 0.23365472533036824 -0.3820210888018271
-0.24672224981307822 0.22716228162587923 -0.38458851653002235
-0.2220500248317705 0.22066983792139028 -0.38715594425821753
-0.19737779985046264 0.21417739421690127 -0.38972337198641277
-0.1727055748691548 0.2076849505124123 -0.392290799714608
-0.14803334988784694 0.20119250680792328 -0.39485822744280324
-0.12336112490653911 0.1947000631034343 -0.3974256551709985
-0.09868889992523137 0.18820761939894531 -0.3999930828991937
-0.07401667494392353 0.18171517569445633 -0.40256051062738896
-0.04934444996261569 0.17522273198996732 -0.4051279383555842
-0.024672224981307844 0.16873028828547834 -0.40769536608377943
0.0 0.16223784458098936 -0.41026279381197467
-0.9622167742710052 0.42316876070277365 -0.3296694359272165
-0.9375445492896973 0.41667631699828467 -0.3322368636554117
-0.9128723243083895 0.4101838732937957 -0.33480429138360696
-0.8882000993270818 0.4036914295893067 -0.3373717191118022
-0.8635278743457739 0.3971989858848177 -0.33993914683999743
-0.838855649364466 0.39070654218032874 -0.3425065745681926
-0.8141834243831582 0.3842140984758397 -0.34507400229638785
-0.7895111994018503 0.3777216547713507 -0.3476414300245831
-0.7648389744205426 0.3712292110668618 -0.3502088577527783
-0.7401667494392348 0.36473676736237276 -0.35277628548097356
-0.7154945244579269 0.3582443236578838 -0.3553437132091688
-0.6908222994766191 0.3517518799533948 -0.35791114093736404
-0.6661500744953113 0.3452594362489058 -0.3604785686655593
-0.6414778495140036 0.33876699254441683 -0.3630459963937545
-0.6168056245326956 0.3322745488399278 -0.36561342412194975
-0.5921333995513878 0.3257821051354388 -0.368180851850145
-0.5674611745700799 0.31928966143094983 -0.3707482795783402
-0.5427889495887721 0.31279721772646085 -0.37331570730653546
-0.5181167246074644 0.30630477402197187 -0.37588313503473064
-0.49344449962615644 0.2998123303174829 -0.37845056276292594
-0.4687722746448487 0.2933198866129939 -0.3810179904911211
-0.4441000496635409 0.2868274429085049 -0.38358541821931635
-0.419427824682233 0.28033499920401594 -0.3861528459475116
-0.39475559970092516 0.2738425554995269 -0.38872027367570683
-0.37008337471961733 0.2673501117950379 -0.39128770140390207
-0.3454111497383096 0.26085766809054894 -0.3938551291320973
-0.3207389247570018 0.25436522438605996 -0.39642255686029254
-0.2960666997756939 0.24787278068157098 -0.3989899845884878
-0.27139447479438605 0.241380336977082 -0.401557412316683
-0.24672224981307822 0.234887893272593 -0.40412484004487825
-0.2220500248317705 0.22839544956810404 -0.4066922677730735
-0.19737779985046264 0.22190300586361503 -0.40925969550126867
-0.1727055748691548 0.21541056215912605 -0.4118271232294639
-0.14803334988784694 0.20891811845463704 -0.41439455095765915
-0.12336112490653911 0.20242567475014805 -0.4169619786858544
-0.09868889992523137 0.1959332310456591 -0.4195294064140496
-0.07401667494392353 0.1894407873411701 -0.42209683414224486
-0.04934444996261569 0.1829483436366811 -0.4246642618704401
-0.024672224981307844 0.1764558999321921 -0.42723168959863533
0.0 0.16996345622770312 -0.42979911732683057
-0.9622167742710052 0.43089437234948746 -0.34920575944207244
-0.9375445492896973 0.4244019286449985 -0.3517731871702677
-0.9128723243083895 0.4179094849405095 -0.3543406148984629
-0.8882000993270818 0.4114170412360205 -0.35690804262665815
-0.8635278743457739 0.40492459753153154 -0.3594754703548534
-0.838855649364466 0.39843215382704256 -0.3620428980830486
-0.8141834243831582 0.3919397101225535 -0.36461032581124386
-0.7895111994018503 0.38544726641806454 -0.3671777535394391
-0.7648389744205426 0.3789548227135756 -0.3697451812676343
-0.7401667494392348 0.3724623790090866 -0.3723126089958295
-0.7154945244579269 0.3659699353045976 -0.37488003672402476
-0.6908222994766191 0.3594774916001086 -0.37744746445222
-0.6661500744953113 0.35298504789561963 -0.38001489218041523
-0.6414778495140036 0.34649260419113065 -0.38258231990861047
-0.6168056245326956 0.3400001604866416 -0.3851497476368057
-0.5921333995513878 0.33350771678215263 -0.38771717536500094
-0.5674611745700799 0.32701527307766365 -0.3902846030931962
-0.5427889495887721 0.32052282937317467 -0.3928520308213914
-0.5181167246074644 0.3140303856686857 -0.39541945854958666
-0.49344449962615644 0.3075379419641967 -0.3979868862777819
-0.4687722746448487 0.3010454982597077 -0.40055431400597713
-0.4441000496635409 0.29455305455521874 -0.40312174173417237
-0.419427824682233 0.2880606108507297 -0.40568916946236755
-0.39475559970092516 0.2815681671462407 -0.4082565971905628
-0.37008337471961733 0.27507572344175174 -0.410824024918758
-0.3454111497383096 0.26858327973726276 -0.41339145264695326
-0.3207389247570018 0.2620908360327738 -0.4159588803751485
-0.2960666997756939 0.2555983923282848 -0.41852630810334374
-0.27139447479438605 0.2491059486237958 -0.421093735831539
-0.24672224981307822 0.2426135049193068 -0.4236611635597342
-0.2220500248317705 0.23612106121481782 -0.42622859128792945
-0.19737779985046264 0.22962861751032884 -0.4287960190161247
-0.1727055748691548 0.22313617380583983 -0.4313634467443199
-0.14803334988784694 0.21664373010135085 -0.43393087447251516
-0.12336112490653911 0.21015128639686184 -0.4364983022007104
-0.09868889992523137 0.2036588426923729 -0.4390657299289056
-0.07401667494392353 0.19716639898788388 -0.4416331576571008
-0.04934444996261569 0.1906739552833949 -0.44420058538529605
-0.024672224981307844 0.1841815115789059 -0.4467680131134913
0.0 0.1776890678744169 -0.44933544084168653
-0.9622167742710052 0.4386199839962012 -0.3687420829569283
-0.9375445492896973 0.43212754029171224 -0.3713095106851235
-0.9128723243083895 0.4256350965872232 -0.37387693841331876
-0.8882000993270818 0.4191426528827343 -0.376444366141514
-0.8635278743457739 0.41265020917824524 -0.37901179386970923
-0.838855649364466 0.40615776547375626 -0.38157922159790447
-0.8141834243831582 0.3996653217692673 -0.3841466493260997
-0.7895111994018503 0.3931728780647783 -0.38671407705429495
-0.7648389744205426 0.3866804343602893 -0.3892815047824902
-0.7401667494392348 0.38018799065580033 -0.3918489325106854
-0.7154945244579269 0.37369554695131135 -0.39441636023888066
-0.6908222994766191 0.3672031032468223 -0.3969837879670759
-0.6661500744953113 0.36071065954233333 -0.3995512156952711
-0.6414778495140036 0.35421821583784435 -0.4021186434234663
-0.6168056245326956 0.34772577213335537 -0.40468607115166155
-0.5921333995513878 0.3412333284288664 -0.4072534988798568
-0.5674611745700799 0.3347408847243774 -0.409820926608052
-0.5427889495887721 0.3282484410198884 -0.41238835433624726
-0.5181167246074644 0.32175599731539944 -0.4149557820644425
-0.49344449962615644 0.3152635536109104 -0.41752320979263774
-0.4687722746448487 0.3087711099064215 -0.420090637520833
-0.4441000496635409 0.30227866620193244 -0.4226580652490282
-0.419427824682233 0.29578622249744346 -0.42522549297722345
-0.39475559970092516 0.2892937787929545 -0.4277929207054187
-0.37008337471961733 0.2828013350884655 -0.4303603484336139
-0.3454111497383096 0.2763088913839765 -0.4329277761618091
-0.3207389247570018 0.26981644767948754 -0.43549520389000435
-0.2960666997756939 0.2633240039749985 -0.4380626316181996
-0.27139447479438605 0.2568315602705095 -0.4406300593463948
-0.24672224981307822 0.25033911656602054 -0.44319748707459006
-0.2220500248317705 0.24384667286153158 -0.4457649148027853
-0.19737779985046264 0.23735422915704257 -0.44833234253098053
-0.1727055748691548 0.2308617854525536 -0.45089977025917577
-0.14803334988784694 0.22436934174806458 -0.453467197987371
-0.12336112490653911 0.2178768980435756 -0.45603462571556624
-0.09868889992523137 0.21138445433908662 -0.4586020534437615
-0.07401667494392353 0.20489201063459764 -0.4611694811719567
-0.04934444996261569 0.19839956693010866 -0.46373690890015196
-0.024672224981307844 0.19190712322561965 -0.4663043366283472
0.0 0.18541467952113067 -0.4688717643565424
-0.9622167742710052 0.446345595642915 -0.3882784064717843
-0.9375445492896973 0.439853151938426 -0.39084583419997954
-0.9128723243083895 0.433360708233937 -0.3934132619281748
-0.8882000993270818 0.42686826452944804 -0.39598068965636996
-0.8635278743457739 0.42037582082495906 -0.3985481173845652
-0.838855649364466 0.4138833771204701 -0.40111554511276043
-0.8141834243831582 0.40739093341598104 -0.40368297284095567
-0.7895111994018503 0.40089848971149206 -0.4062504005691509
-0.7648389744205426 0.39440604600700313 -0.40881782829734614
-0.7401667494392348 0.3879136023025141 -0.4113852560255414
-0.7154945244579269 0.3814211585980251 -0.4139526837537366
-0.6908222994766191 0.37492871489353613 -0.41652011148193185
-0.6661500744953113 0.36843627118904715 -0.4190875392101271
-0.6414778495140036 0.36194382748455817 -0.4216549669383223
-0.6168056245326956 0.35545138378006913 -0.42422239466651757
-0.5921333995513878 0.34895894007558015 -0.42678982239471275
-0.5674611745700799 0.34246649637109117 -0.429357250122908
-0.5427889495887721 0.3359740526666022 -0.4319246778511032
-0.5181167246074644 0.3294816089621132 -0.43449210557929846
-0.49344449962615644 0.3229891652576242 -0.4370595333074937
-0.4687722746448487 0.31649672155313524 -0.43962696103568893
-0.4441000496635409 0.31000427784864626 -0.44219438876388417
-0.419427824682233 0.3035118341441573 -0.4447618164920794
-0.39475559970092516 0.29701939043966824 -0.44732924422027465
-0.37008337471961733 0.29052694673517926 -0.4498966719484699
-0.3454111497383096 0.2840345030306903 -0.4524640996766651
-0.3207389247570018 0.2775420593262013 -0.45503152740486036
-0.2960666997756939 0.2710496156217123 -0.4575989551330556
-0.27139447479438605 0.26455717191722333 -0.46016638286125083
-0.24672224981307822 0.25806472821273435 -0.462733810589446
-0.2220500248317705 0.25157228450824537 -0.46530123831764125
-0.19737779985046264 0.24507984080375636 -0.4678686660458365
-0.1727055748691548 0.23858739709926738 -0.4704360937740317
-0.14803334988784694 0.23209495339477837 -0.47300352150222696
-0.12336112490653911 0.2256025096902894 -0.4755709492304222
-0.09868889992523137 0.21911006598580043 -0.47813837695861744
-0.07401667494392353 0.21261762228131142 -0.4807058046868127
-0.04934444996261569 0.20612517857682244 -0.4832732324150079
-0.024672224981307844 0.19963273487233343 -0.48584066014320315
0.0 0.19314029116784445 -0.4884080878713984
-0.9622167742710052 0.4540712072896288 -0.40781472998664026
-0.9375445492896973 0.4475787635851398 -0.4103821577148355
-0.9128723243083895 0.44108631988065083 -0.41294958544303073
-0.8882000993270818 0.43459387617616185 -0.41551701317122597
-0.8635278743457739 0.42810143247167287 -0.4180844408994212
-0.838855649364466 0.4216089887671839 -0.4206518686276164
-0.8141834243831582 0.41511654506269485 -0.4232192963558116
-0.7895111994018503 0.40862410135820587 -0.42578672408400686
-0.7648389744205426 0.40213165765371695 -0.4283541518122021
-0.7401667494392348 0.3956392139492279 -0.43092157954039734
-0.7154945244579269 0.3891467702447389 -0.4334890072685926
-0.6908222994766191 0.38265432654024994 -0.4360564349967878
-0.6661500744953113 0.37616188283576096 -0.43862386272498305
-0.6414778495140036 0.369669439131272 -0.4411912904531783
-0.6168056245326956 0.36317699542678294 -0.4437587181813735
-0.5921333995513878 0.35668455172229396 -0.44632614590956876
-0.5674611745700799 0.350192108017805 -0.448893573637764
-0.5427889495887721 0.343699664313316 -0.45146100136595924
-0.5181167246074644 0.337207220608827 -0.4540284290941544
-0.49344449962615644 0.33071477690433804 -0.45659585682234965
-0.4687722746448487 0.32422233319984906 -0.4591632845505449
-0.4441000496635409 0.3177298894953601 -0.46173071227874013
-0.419427824682233 0.31123744579087104 -0.46429814000693537
-0.39475559970092516 0.30474500208638206 -0.4668655677351306
-0.37008337471961733 0.2982525583818931 -0.46943299546332584
-0.3454111497383096 0.2917601146774041 -0.4720004231915211
-0.3207389247570018 0.2852676709729151 -0.4745678509197163
-0.2960666997756939 0.27877522726842613 -0.47713527864791155
-0.27139447479438605 0.27228278356393715 -0.4797027063761068
-0.24672224981307822 0.2657903398594481 -0.48227013410430203
-0.2220500248317705 0.2592978961549592 -0.4848375618324972
-0.19737779985046264 0.25280545245047015 -0.48740498956069245
-0.1727055748691548 0.24631300874598117 -0.4899724172888877
-0.14803334988784694 0.23982056504149218 -0.4925398450170829
-0.12336112490653911 0.23332812133700317 -0.49510727274527816
-0.09868889992523137 0.22683567763251422 -0.4976747004734734
-0.07401667494392353 0.2203432339280252 -0.5002421282016686
-0.04934444996261569 0.21385079022353623 -0.5028095559298639
-0.024672224981307844 0.20735834651904722 -0.505376983658059
0.0 0.20086590281455824 -0.5079444113862543
-0.9622167742710052 0.4617968189363426 -0.4273510535014962
-0.9375445492896973 0.45530437523185363 -0.42991848122969145
-0.9128723243083895 0.4488119315273646 -0.4324859089578867
-0.8882000993270818 0.44231948782287567 -0.4350533366860819
-0.8635278743457739 0.43582704411838663 -0.43762076441427716
-0.838855649364466 0.42933460041389765 -0.4401881921424724
-0.8141834243831582 0.42284215670940867 -0.44275561987066764
-0.7895111994018503 0.4163497130049197 -0.4453230475988629
-0.7648389744205426 0.4098572693004307 -0.44789047532705806
-0.7401667494392348 0.4033648255959417 -0.4504579030552533
-0.7154945244579269 0.39687238189145274 -0.45302533078344853
-0.6908222994766191 0.3903799381869637 -0.45559275851164377
-0.6661500744953113 0.3838874944824747 -0.458160186239839
-0.6414778495140036 0.37739505077798574 -0.46072761396803424
-0.6168056245326956 0.37090260707349676 -0.4632950416962295
-0.5921333995513878 0.3644101633690078 -0.4658624694244247
-0.5674611745700799 0.3579177196645188 -0.46842989715261996
-0.5427889495887721 0.3514252759600298 -0.4709973248808152
-0.5181167246074644 0.34493283225554083 -0.47356475260901043
-0.49344449962615644 0.3384403885510518 -0.47613218033720567
-0.4687722746448487 0.3319479448465628 -0.47869960806540085
-0.4441000496635409 0.32545550114207383 -0.4812670357935961
-0.419427824682233 0.31896305743758485 -0.4838344635217913
-0.39475559970092516 0.31247061373309587 -0.48640189124998656
-0.37008337471961733 0.30597817002860683 -0.4889693189781818
-0.3454111497383096 0.2994857263241179 -0.49153674670637704
-0.3207389247570018 0.29299328261962887 -0.4941041744345723
-0.2960666997756939 0.2865008389151399 -0.4966716021627675
-0.27139447479438605 0.2800083952106509 -0.49923902989096275
-0.24672224981307822 0.2735159515061619 -0.501806457619158
-0.2220500248317705 0.26702350780167294 -0.5043738853473532
-0.19737779985046264 0.26053106409718396 -0.5069413130755485
-0.1727055748691548 0.254038620392695 -0.5095087408037436
-0.14803334988784694 0.24754617668820597 -0.5120761685319389
-0.12336112490653911 0.24105373298371696 -0.5146435962601341
-0.09868889992523137 0.234561289279228 -0.5172110239883294
-0.07401667494392353 0.22806884557473903 -0.5197784517165246
-0.04934444996261569 0.22157640187025002 -0.5223458794447199
-0.024672224981307844 0.21508395816576104 -0.5249133071729151
0.0 0.20859151446127203 -0.5274807349011104
-0.9622167742710052 0.4695224305830563 -0.44688737701635206
-0.9375445492896973 0.46302998687856733 -0.4494548047445473
-0.9128723243083895 0.45653754317407835 -0.45202223247274254
-0.8882000993270818 0.45004509946958937 -0.4545896602009378
-0.8635278743457739 0.4435526557651004 -0.457157087929133
-0.838855649364466 0.4370602120606114 -0.45972451565732825
-0.8141834243831582 0.43056776835612237 -0.4622919433855235
-0.7895111994018503 0.4240753246516334 -0.4648593711137187
-0.7648389744205426 0.41758288094714446 -0.46742679884191396
-0.7401667494392348 0.4110904372426554 -0.4699942265701092
-0.7154945244579269 0.40459799353816644 -0.47256165429830443
-0.6908222994766191 0.39810554983367746 -0.47512908202649967
-0.6661500744953113 0.3916131061291885 -0.47769650975469485
-0.6414778495140036 0.3851206624246995 -0.4802639374828901
-0.6168056245326956 0.37862821872021046 -0.48283136521108533
-0.5921333995513878 0.3721357750157215 -0.48539879293928057
-0.5674611745700799 0.3656433313112325 -0.4879662206674758
-0.5427889495887721 0.3591508876067435 -0.49053364839567104
-0.5181167246074644 0.35265844390225454 -0.4931010761238663
-0.49344449962615644 0.34616600019776556 -0.4956685038520615
-0.4687722746448487 0.3396735564932766 -0.49823593158025675
-0.4441000496635409 0.3331811127887876 -0.500803359308452
-0.419427824682233 0.3266886690842986 -0.5033707870366472
-0.39475559970092516 0.3201962253798096 -0.5059382147648425
-0.37008337471961733 0.3137037816753206 -0.5085056424930376
-0.3454111497383096 0.3072113379708316 -0.5110730702212329
-0.3207389247570018 0.30071889426634263 -0.5136404979494281
-0.2960666997756939 0.29422645056185365 -0.5162079256776234
-0.27139447479438605 0.28773400685736467 -0.5187753534058186
-0.24672224981307822 0.2812415631528757 -0.5213427811340139
-0.2220500248317705 0.2747491194483867 -0.5239102088622091
-0.19737779985046264 0.2682566757438977 -0.5264776365904043
-0.1727055748691548 0.2617642320394087 -0.5290450643185995
-0.14803334988784694 0.2552717883349197 -0.5316124920467947
-0.12336112490653911 0.24877934463043072 -0.53417991977499
-0.09868889992523137 0.24228690092594177 -0.5367473475031852
-0.07401667494392353 0.23579445722145276 -0.5393147752313805
-0.04934444996261569 0.22930201351696378 -0.5418822029595757
-0.024672224981307844 0.22280956981247477 -0.544449630687771
0.0 0.21631712610798579 -0.5470170584159662
-0.9622167742710052 0.47724804222977013 -0.4664237005312081
-0.9375445492896973 0.47075559852528115 -0.4689911282594033
-0.9128723243083895 0.4642631548207921 -0.47155855598759855
-0.8882000993270818 0.4577707111163032 -0.47412598371579373
-0.8635278743457739 0.45127826741181415 -0.47669341144398897
-0.838855649364466 0.44478582370732517 -0.4792608391721842
-0.8141834243831582 0.4382933800028362 -0.48182826690037944
-0.7895111994018503 0.4318009362983472 -0.4843956946285747
-0.7648389744205426 0.4253084925938582 -0.4869631223567699
-0.7401667494392348 0.41881604888936924 -0.48953055008496515
-0.7154945244579269 0.41232360518488026 -0.4920979778131604
-0.6908222994766191 0.4058311614803912 -0.49466540554135563
-0.6661500744953113 0.39933871777590224 -0.49723283326955087
-0.6414778495140036 0.39284627407141326 -0.49980026099774605
-0.6168056245326956 0.3863538303669243 -0.5023676887259413
-0.5921333995513878 0.3798613866624353 -0.5049351164541366
-0.5674611745700799 0.3733689429579463 -0.5075025441823318
-0.5427889495887721 0.36687649925345733 -0.510069971910527
-0.5181167246074644 0.36038405554896835 -0.5126373996387222
-0.49344449962615644 0.3538916118444793 -0.5152048273669175
-0.4687722746448487 0.3473991681399904 -0.5177722550951127
-0.4441000496635409 0.34090672443550135 -0.5203396828233079
-0.419427824682233 0.33441428073101237 -0.5229071105515032
-0.39475559970092516 0.3279218370265234 -0.5254745382796984
-0.37008337471961733 0.3214293933220344 -0.5280419660078937
-0.3454111497383096 0.3149369496175454 -0.5306093937360888
-0.3207389247570018 0.30844450591305644 -0.5331768214642841
-0.2960666997756939 0.3019520622085674 -0.5357442491924793
-0.27139447479438605 0.2954596185040784 -0.5383116769206746
-0.24672224981307822 0.28896717479958944 -0.5408791046488698
-0.2220500248317705 0.28247473109510046 -0.5434465323770651
-0.19737779985046264 0.2759822873906115 -0.5460139601052603
-0.1727055748691548 0.2694898436861225 -0.5485813878334556
-0.14803334988784694 0.2629973999816335 -0.5511488155616507
-0.12336112490653911 0.25650495627714454 -0.5537162432898459
-0.09868889992523137 0.25001251257265555 -0.5562836710180412
-0.07401667494392353 0.24352006886816654 -0.5588510987462364
-0.04934444996261569 0.23702762516367756 -0.5614185264744317
-0.024672224981307844 0.23053518145918855 -0.5639859542026269
0.0 0.22404273775469957 -0.5665533819308222
-0.9622167742710052 0.48497365387648395 -0.48596002404606403
-0.9375445492896973 0.47848121017199496 -0.48852745177425927
-0.9128723243083895 0.4719887664675059 -0.4910948795024545
-0.8882000993270818 0.465496322763017 -0.4936623072306497
-0.8635278743457739 0.45900387905852796 -0.4962297349588449
-0.838855649364466 0.452511435354039 -0.49879716268704016
-0.8141834243831582 0.44601899164955 -0.5013645904152354
-0.7895111994018503 0.439526547945061 -0.5039320181434307
-0.7648389744205426 0.43303410424057204 -0.5064994458716259
-0.7401667494392348 0.42654166053608306 -0.5090668735998211
-0.7154945244579269 0.4200492168315941 -0.5116343013280163
-0.6908222994766191 0.41355677312710504 -0.5142017290562115
-0.6661500744953113 0.40706432942261606 -0.5167691567844068
-0.6414778495140036 0.4005718857181271 -0.519336584512602
-0.6168056245326956 0.3940794420136381 -0.5219040122407973
-0.5921333995513878 0.3875869983091491 -0.5244714399689925
-0.5674611745700799 0.38109455460466013 -0.5270388676971878
-0.5427889495887721 0.37460211090017115 -0.529606295425383
-0.5181167246074644 0.36810966719568217 -0.5321737231535782
-0.49344449962615644 0.36161722349119313 -0.5347411508817734
-0.4687722746448487 0.35512477978670415 -0.5373085786099687
-0.4441000496635409 0.34863233608221517 -0.5398760063381639
-0.419427824682233 0.3421398923777262 -0.5424434340663591
-0.39475559970092516 0.3356474486732372 -0.5450108617945544
-0.37008337471961733 0.32915500496874817 -0.5475782895227496
-0.3454111497383096 0.32266256126425924 -0.5501457172509449
-0.3207389247570018 0.3161701175597702 -0.55271314497914
-0.2960666997756939 0.3096776738552812 -0.5552805727073353
-0.27139447479438605 0.30318523015079224 -0.5578480004355305
-0.24672224981307822 0.29669278644630326 -0.5604154281637258
-0.2220500248317705 0.2902003427418143 -0.562982855891921
-0.19737779985046264 0.2837078990373253 -0.5655502836201163
-0.1727055748691548 0.2772154553328363 -0.5681177113483115
-0.14803334988784694 0.2707230116283473 -0.5706851390765068
-0.12336112490653911 0.2642305679238583 -0.5732525668047019
-0.09868889992523137 0.2577381242193693 -0.5758199945328971
-0.07401667494392353 0.25124568051488033 -0.5783874222610924
-0.04934444996261569 0.24475323681039135 -0.5809548499892876
-0.024672224981307844 0.23826079310590237 -0.5835222777174829
0.0 0.23176834940141336 -0.5860897054456781
-0.9622167742710052 0.49269926552319765 -0.5054963475609199
-0.9375445492896973 0.48620682181870867 -0.5080637752891152
-0.9128723243083895 0.4797143781142197 -0.5106312030173104
-0.8882000993270818 0.4732219344097307 -0.5131986307455055
-0.8635278743457739 0.4667294907052417 -0.5157660584737008
-0.838855649364466 0.46023704700075274 -0.518333486201896
-0.8141834243831582 0.4537446032962637 -0.5209009139300913
-0.7895111994018503 0.4472521595917747 -0.5234683416582865
-0.7648389744205426 0.4407597158872858 -0.5260357693864818
-0.7401667494392348 0.43426727218279676 -0.528603197114677
-0.7154945244579269 0.4277748284783078 -0.5311706248428723
-0.6908222994766191 0.4212823847738188 -0.5337380525710674
-0.6661500744953113 0.4147899410693298 -0.5363054802992627
-0.6414778495140036 0.40829749736484083 -0.5388729080274579
-0.6168056245326956 0.4018050536603518 -0.5414403357556532
-0.5921333995513878 0.3953126099558628 -0.5440077634838484
-0.5674611745700799 0.38882016625137383 -0.5465751912120436
-0.5427889495887721 0.38232772254688485 -0.5491426189402389
-0.5181167246074644 0.37583527884239587 -0.551710046668434
-0.49344449962615644 0.3693428351379069 -0.5542774743966293
-0.4687722746448487 0.3628503914334179 -0.5568449021248245
-0.4441000496635409 0.3563579477289289 -0.5594123298530198
-0.419427824682233 0.34986550402443994 -0.561979757581215
-0.39475559970092516 0.3433730603199509 -0.5645471853094103
-0.37008337471961733 0.3368806166154619 -0.5671146130376055
-0.3454111497383096 0.33038817291097294 -0.5696820407658008
-0.3207389247570018 0.32389572920648396 -0.5722494684939959
-0.2960666997756939 0.317403285501995 -0.5748168962221911
-0.27139447479438605 0.310910841797506 -0.5773843239503864
-0.24672224981307822 0.304418398093017 -0.5799517516785816
-0.2220500248317705 0.29792595438852804 -0.5825191794067769
-0.19737779985046264 0.29143351068403905 -0.5850866071349721
-0.1727055748691548 0.28494106697955 -0.5876540348631674
-0.14803334988784694 0.27844862327506104 -0.5902214625913625
-0.12336112490653911 0.27195617957057205 -0.5927888903195578
-0.09868889992523137 0.2654637358660831 -0.595356318047753
-0.07401667494392353 0.2589712921615941 -0.5979237457759483
-0.04934444996261569 0.2524788484571051 -0.6004911735041435
-0.024672224981307844 0.2459864047526161 -0.6030586012323388
0.0 0.23949396104812712 -0.605626028960534
-0.9622167742710052 0.5004248771699115 -0.5250326710757759
-0.9375445492896973 0.4939324334654225 -0.5276000988039711
-0.9128723243083895 0.48743998976093345 -0.5301675265321664
-0.8882000993270818 0.4809475460564445 -0.5327349542603615
-0.8635278743457739 0.4744551023519555 -0.5353023819885567
-0.838855649364466 0.4679626586474665 -0.537869809716752
-0.8141834243831582 0.4614702149429775 -0.5404372374449472
-0.7895111994018503 0.45497777123848854 -0.5430046651731425
-0.7648389744205426 0.44848532753399956 -0.5455720929013377
-0.7401667494392348 0.4419928838295106 -0.548139520629533
-0.7154945244579269 0.4355004401250216 -0.5507069483577282
-0.6908222994766191 0.42900799642053256 -0.5532743760859234
-0.6661500744953113 0.4225155527160436 -0.5558418038141186
-0.6414778495140036 0.4160231090115546 -0.5584092315423138
-0.6168056245326956 0.4095306653070656 -0.5609766592705091
-0.5921333995513878 0.40303822160257663 -0.5635440869987043
-0.5674611745700799 0.39654577789808765 -0.5661115147268996
-0.5427889495887721 0.39005333419359867 -0.5686789424550948
-0.5181167246074644 0.3835608904891097 -0.57124637018329
-0.49344449962615644 0.37706844678462065 -0.5738137979114852
-0.4687722746448487 0.3705760030801317 -0.5763812256396805
-0.4441000496635409 0.3640835593756427 -0.5789486533678757
-0.419427824682233 0.3575911156711537 -0.581516081096071
-0.39475559970092516 0.3510986719666647 -0.5840835088242662
-0.37008337471961733 0.34460622826217574 -0.5866509365524615
-0.3454111497383096 0.33811378455768676 -0.5892183642806567
-0.3207389247570018 0.3316213408531978 -0.591785792008852
-0.2960666997756939 0.32512889714870874 -0.5943532197370471
-0.27139447479438605 0.31863645344421976 -0.5969206474652424
-0.24672224981307822 0.3121440097397308 -0.5994880751934376
-0.2220500248317705 0.3056515660352418 -0.6020555029216328
-0.19737779985046264 0.2991591223307528 -0.6046229306498281
-0.1727055748691548 0.29266667862626383 -0.6071903583780233
-0.14803334988784694 0.28617423492177485 -0.6097577861062186
-0.12336112490653911 0.27968179121728587 -0.6123252138344137
-0.09868889992523137 0.2731893475127969 -0.614892641562609
-0.07401667494392353 0.2666969038083079 -0.6174600692908042
-0.04934444996261569 0.26020446010381887 -0.6200274970189995
-0.024672224981307844 0.2537120163993299 -0.6225949247471947
0.0 0.2472195726948409 -0.62516235247539
-0.9622167742710052 0.5081504888166253 -0.5445689945906318
-0.9375445492896973 0.5016580451121363 -0.5471364223188271
-0.9128723243083895 0.49516560140764726 -0.5497038500470223
-0.8882000993270818 0.48867315770315833 -0.5522712777752176
-0.8635278743457739 0.4821807139986693 -0.5548387055034127
-0.838855649364466 0.4756882702941803 -0.5574061332316079
-0.8141834243831582 0.46919582658969133 -0.5599735609598032
-0.7895111994018503 0.46270338288520235 -0.5625409886879984
-0.7648389744205426 0.45621093918071337 -0.5651084164161937
-0.7401667494392348 0.4497184954762244 -0.5676758441443889
-0.7154945244579269 0.4432260517717354 -0.5702432718725842
-0.6908222994766191 0.43673360806724637 -0.5728106996007793
-0.6661500744953113 0.4302411643627574 -0.5753781273289746
-0.6414778495140036 0.4237487206582684 -0.5779455550571698
-0.6168056245326956 0.4172562769537794 -0.5805129827853651
-0.5921333995513878 0.41076383324929044 -0.5830804105135603
-0.5674611745700799 0.40427138954480146 -0.5856478382417556
-0.5427889495887721 0.3977789458403125 -0.5882152659699508
-0.5181167246074644 0.3912865021358235 -0.590782693698146
-0.49344449962615644 0.38479405843133446 -0.5933501214263412
-0.4687722746448487 0.3783016147268455 -0.5959175491545364
-0.4441000496635409 0.3718091710223565 -0.5984849768827317
-0.419427824682233 0.3653167273178675 -0.6010524046109269
-0.39475559970092516 0.35882428361337854 -0.6036198323391222
-0.37008337471961733 0.3523318399088895 -0.6061872600673174
-0.3454111497383096 0.3458393962044006 -0.6087546877955127
-0.3207389247570018 0.33934695249991154 -0.6113221155237079
-0.2960666997756939 0.33285450879542255 -0.6138895432519031
-0.27139447479438605 0.3263620650909336 -0.6164569709800983
-0.24672224981307822 0.3198696213864446 -0.6190243987082936
-0.2220500248317705 0.3133771776819556 -0.6215918264364888
-0.19737779985046264 0.30688473397746663 -0.624159254164684
-0.1727055748691548 0.30039229027297765 -0.6267266818928793
-0.14803334988784694 0.2938998465684886 -0.6292941096210745
-0.12336112490653911 0.28740740286399963 -0.6318615373492698
-0.09868889992523137 0.28091495915951065 -0.6344289650774649
-0.07401667494392353 0.27442251545502166 -0.6369963928056602
-0.04934444996261569 0.2679300717505327 -0.6395638205338554
-0.024672224981307844 0.2614376280460437 -0.6421312482620507
0.0 0.2549451843415547 -0.6446986759902459
-0.9622167742710052 0.515876100463339 -0.5641053181054877
-0.9375445492896973 0.50938365675885 -0.5666727458336829
-0.9128723243083895 0.502891213054361 -0.5692401735618782
-0.8882000993270818 0.49639876934987204 -0.5718076012900734
-0.8635278743457739 0.48990632564538306 -0.5743750290182686
-0.838855649364466 0.4834138819408941 -0.5769424567464638
-0.8141834243831582 0.47692143823640504 -0.5795098844746591
-0.7895111994018503 0.47042899453191606 -0.5820773122028543
-0.7648389744205426 0.46393655082742713 -0.5846447399310495
-0.7401667494392348 0.4574441071229381 -0.5872121676592448
-0.7154945244579269 0.4509516634184491 -0.58977959538744
-0.6908222994766191 0.44445921971396013 -0.5923470231156353
-0.6661500744953113 0.43796677600947115 -0.5949144508438304
-0.6414778495140036 0.43147433230498217 -0.5974818785720257
-0.6168056245326956 0.42498188860049313 -0.6000493063002209
-0.5921333995513878 0.41848944489600415 -0.6026167340284162
-0.5674611745700799 0.41199700119151517 -0.6051841617566114
-0.5427889495887721 0.4055045574870262 -0.6077515894848067
-0.5181167246074644 0.3990121137825372 -0.6103190172130019
-0.49344449962615644 0.3925196700780482 -0.6128864449411972
-0.4687722746448487 0.38602722637355924 -0.6154538726693923
-0.4441000496635409 0.37953478266907026 -0.6180213003975876
-0.419427824682233 0.3730423389645813 -0.6205887281257828
-0.39475559970092516 0.36654989526009224 -0.623156155853978
-0.37008337471961733 0.36005745155560326 -0.6257235835821733
-0.3454111497383096 0.3535650078511143 -0.6282910113103685
-0.3207389247570018 0.3470725641466253 -0.6308584390385638
-0.2960666997756939 0.3405801204421363 -0.6334258667667589
-0.27139447479438605 0.33408767673764733 -0.6359932944949542
-0.24672224981307822 0.32759523303315835 -0.6385607222231494
-0.2220500248317705 0.32110278932866937 -0.6411281499513447
-0.19737779985046264 0.3146103456241804 -0.6436955776795399
-0.1727055748691548 0.30811790191969135 -0.6462630054077352
-0.14803334988784694 0.30162545821520237 -0.6488304331359304
-0.12336112490653911 0.2951330145107134 -0.6513978608641257
-0.09868889992523137 0.2886405708062244 -0.6539652885923208
-0.07401667494392353 0.2821481271017354 -0.656532716320516
-0.04934444996261569 0.27565568339724644 -0.6591001440487113
-0.024672224981307844 0.26916323969275746 -0.6616675717769065
0.0 0.2626707959882684 -0.6642349995051018
-0.9622167742710052 0.5236017121100528 -0.5836416416203436
-0.9375445492896973 0.5171092684055638 -0.5862090693485389
-0.9128723243083895 0.5106168247010748 -0.5887764970767341
-0.8882000993270818 0.5041243809965859 -0.5913439248049294
-0.8635278743457739 0.4976319372920968 -0.5939113525331245
-0.838855649364466 0.49113949358760783 -0.5964787802613198
-0.8141834243831582 0.48464704988311885 -0.599046207989515
-0.7895111994018503 0.47815460617862987 -0.6016136357177103
-0.7648389744205426 0.4716621624741409 -0.6041810634459055
-0.7401667494392348 0.4651697187696519 -0.6067484911741008
-0.7154945244579269 0.4586772750651629 -0.609315918902296
-0.6908222994766191 0.4521848313606739 -0.6118833466304913
-0.6661500744953113 0.4456923876561849 -0.6144507743586864
-0.6414778495140036 0.4391999439516959 -0.6170182020868816
-0.6168056245326956 0.43270750024720694 -0.6195856298150769
-0.5921333995513878 0.42621505654271796 -0.6221530575432721
-0.5674611745700799 0.419722612838229 -0.6247204852714674
-0.5427889495887721 0.41323016913374 -0.6272879129996626
-0.5181167246074644 0.406737725429251 -0.6298553407278579
-0.49344449962615644 0.400245281724762 -0.632422768456053
-0.4687722746448487 0.39375283802027305 -0.6349901961842483
-0.4441000496635409 0.387260394315784 -0.6375576239124435
-0.419427824682233 0.38076795061129504 -0.6401250516406388
-0.39475559970092516 0.37427550690680605 -0.642692479368834
-0.37008337471961733 0.3677830632023171 -0.6452599070970293
-0.3454111497383096 0.3612906194978281 -0.6478273348252245
-0.3207389247570018 0.3547981757933391 -0.6503947625534197
-0.2960666997756939 0.3483057320888501 -0.652962190281615
-0.27139447479438605 0.3418132883843611 -0.6555296180098101
-0.24672224981307822 0.3353208446798721 -0.6580970457380054
-0.2220500248317705 0.32882840097538313 -0.6606644734662006
-0.19737779985046264 0.32233595727089415 -0.6632319011943959
-0.1727055748691548 0.31584351356640517 -0.6657993289225911
-0.14803334988784694 0.3093510698619162 -0.6683667566507864
-0.12336112490653911 0.3028586261574272 -0.6709341843789816
-0.09868889992523137 0.2963661824529382 -0.6735016121071769
-0.07401667494392353 0.28987373874844924 -0.676069039835372
-0.04934444996261569 0.2833812950439602 -0.6786364675635672
-0.024672224981307844 0.2768888513394712 -0.6812038952917625
0.0 0.27039640763498224 -0.6837713230199577
-0.9622167742710052 0.5313273237567666 -0.6031779651351996
-0.9375445492896973 0.5248348800522776 -0.6057453928633949
-0.9128723243083895 0.5183424363477886 -0.6083128205915901
-0.8882000993270818 0.5118499926432997 -0.6108802483197853
-0.8635278743457739 0.5053575489388107 -0.6134476760479806
-0.838855649364466 0.49886510523432165 -0.6160151037761757
-0.8141834243831582 0.49237266152983267 -0.618582531504371
-0.7895111994018503 0.4858802178253437 -0.6211499592325662
-0.7648389744205426 0.4793877741208547 -0.6237173869607615
-0.7401667494392348 0.4728953304163657 -0.6262848146889567
-0.7154945244579269 0.46640288671187674 -0.628852242417152
-0.6908222994766191 0.4599104430073877 -0.6314196701453472
-0.6661500744953113 0.4534179993028987 -0.6339870978735425
-0.6414778495140036 0.44692555559840974 -0.6365545256017376
-0.6168056245326956 0.44043311189392076 -0.6391219533299329
-0.5921333995513878 0.4339406681894318 -0.6416893810581281
-0.5674611745700799 0.4274482244849428 -0.6442568087863233
-0.5427889495887721 0.4209557807804538 -0.6468242365145186
-0.5181167246074644 0.41446333707596483 -0.6493916642427138
-0.49344449962615644 0.4079708933714758 -0.6519590919709091
-0.4687722746448487 0.4014784496669868 -0.6545265196991042
-0.4441000496635409 0.39498600596249783 -0.6570939474272995
-0.419427824682233 0.38849356225800885 -0.6596613751554947
-0.39475559970092516 0.38200111855351987 -0.66222880288369
-0.37008337471961733 0.37550867484903083 -0.6647962306118852
-0.3454111497383096 0.3690162311445419 -0.6673636583400805
-0.3207389247570018 0.36252378744005287 -0.6699310860682757
-0.2960666997756939 0.3560313437355639 -0.6724985137964709
-0.27139447479438605 0.3495389000310749 -0.6750659415246661
-0.24672224981307822 0.3430464563265859 -0.6776333692528613
-0.2220500248317705 0.33655401262209694 -0.6802007969810566
-0.19737779985046264 0.33006156891760796 -0.6827682247092518
-0.1727055748691548 0.323569125213119 -0.6853356524374471
-0.14803334988784694 0.31707668150862994 -0.6879030801656423
-0.12336112490653911 0.31058423780414096 -0.6904705078938376
-0.09868889992523137 0.304091794099652 -0.6930379356220328
-0.07401667494392353 0.297599350395163 -0.695605363350228
-0.04934444996261569 0.291106906690674 -0.6981727910784232
-0.024672224981307844 0.28461446298618504 -0.7007402188066185
0.0 0.27812201928169605 -0.7033076465348137
-0.9622167742710052 0.5390529354034803 -0.6227142886500555
-0.9375445492896973 0.5325604916989913 -0.6252817163782507
-0.9128723243083895 0.5260680479945024 -0.627849144106446
-0.8882000993270818 0.5195756042900134 -0.6304165718346412
-0.8635278743457739 0.5130831605855244 -0.6329839995628365
-0.838855649364466 0.5065907168810354 -0.6355514272910316
-0.8141834243831582 0.5000982731765464 -0.6381188550192268
-0.7895111994018503 0.4936058294720574 -0.6406862827474221
-0.7648389744205426 0.48711338576756846 -0.6432537104756173
-0.7401667494392348 0.4806209420630794 -0.6458211382038126
-0.7154945244579269 0.47412849835859044 -0.6483885659320078
-0.6908222994766191 0.46763605465410146 -0.6509559936602031
-0.6661500744953113 0.4611436109496125 -0.6535234213883983
-0.6414778495140036 0.4546511672451235 -0.6560908491165935
-0.6168056245326956 0.44815872354063446 -0.6586582768447887
-0.5921333995513878 0.4416662798361455 -0.661225704572984
-0.5674611745700799 0.4351738361316565 -0.6637931323011792
-0.5427889495887721 0.4286813924271675 -0.6663605600293745
-0.5181167246074644 0.42218894872267854 -0.6689279877575697
-0.49344449962615644 0.41569650501818955 -0.671495415485765
-0.4687722746448487 0.4092040613137006 -0.6740628432139602
-0.4441000496635409 0.4027116176092116 -0.6766302709421553
-0.419427824682233 0.3962191739047226 -0.6791976986703506
-0.39475559970092516 0.3897267302002336 -0.6817651263985458
-0.37008337471961733 0.3832342864957446 -0.6843325541267411
-0.3454111497383096 0.3767418427912556 -0.6868999818549363
-0.3207389247570018 0.37024939908676663 -0.6894674095831316
-0.2960666997756939 0.36375695538227765 -0.6920348373113268
-0.27139447479438605 0.35726451167778867 -0.694602265039522
-0.24672224981307822 0.3507720679732997 -0.6971696927677172
-0.2220500248317705 0.3442796242688107 -0.6997371204959124
-0.19737779985046264 0.3377871805643217 -0.7023045482241077
-0.1727055748691548 0.3312947368598327 -0.7048719759523029
-0.14803334988784694 0.3248022931553437 -0.7074394036804982
-0.12336112490653911 0.3183098494508547 -0.7100068314086934
-0.09868889992523137 0.31181740574636574 -0.7125742591368887
-0.07401667494392353 0.30532496204187676 -0.7151416868650838
-0.04934444996261569 0.2988325183373878 -0.7177091145932791
-0.024672224981307844 0.2923400746328988 -0.7202765423214743
0.0 0.28584763092840976 -0.7228439700496696
-0.9622167742710052 0.5467785470501941 -0.6422506121649114
-0.9375445492896973 0.5402861033457051 -0.6448180398931067
-0.9128723243083895 0.5337936596412162 -0.6473854676213019
-0.8882000993270818 0.5273012159367272 -0.6499528953494972
-0.8635278743457739 0.5208087722322382 -0.6525203230776924
-0.838855649364466 0.5143163285277492 -0.6550877508058877
-0.8141834243831582 0.5078238848232601 -0.6576551785340828
-0.7895111994018503 0.5013314411187711 -0.6602226062622781
-0.7648389744205426 0.4948389974142822 -0.6627900339904733
-0.7401667494392348 0.48834655370979324 -0.6653574617186685
-0.7154945244579269 0.48185411000530426 -0.6679248894468638
-0.6908222994766191 0.4753616663008152 -0.670492317175059
-0.6661500744953113 0.46886922259632624 -0.6730597449032543
-0.6414778495140036 0.46237677889183726 -0.6756271726314494
-0.6168056245326956 0.4558843351873483 -0.6781946003596447
-0.5921333995513878 0.4493918914828593 -0.6807620280878399
-0.5674611745700799 0.4428994477783703 -0.6833294558160352
-0.5427889495887721 0.43640700407388133 -0.6858968835442304
-0.5181167246074644 0.42991456036939235 -0.6884643112724257
-0.49344449962615644 0.4234221166649033 -0.6910317390006209
-0.4687722746448487 0.4169296729604144 -0.693599166728816
-0.4441000496635409 0.41043722925592535 -0.6961665944570113
-0.419427824682233 0.40394478555143637 -0.6987340221852065
-0.39475559970092516 0.3974523418469474 -0.7013014499134018
-0.37008337471961733 0.3909598981424584 -0.703868877641597
-0.3454111497383096 0.3844674544379694 -0.7064363053697923
-0.3207389247570018 0.37797501073348044 -0.7090037330979875
-0.2960666997756939 0.3714825670289914 -0.7115711608261828
-0.27139447479438605 0.3649901233245024 -0.714138588554378
-0.24672224981307822 0.35849767962001344 -0.7167060162825732
-0.2220500248317705 0.35200523591552446 -0.7192734440107684
-0.19737779985046264 0.3455127922110355 -0.7218408717389637
-0.1727055748691548 0.3390203485065465 -0.7244082994671589
-0.14803334988784694 0.3325279048020575 -0.7269757271953541
-0.12336112490653911 0.32603546109756854 -0.7295431549235494
-0.09868889992523137 0.31954301739307955 -0.7321105826517446
-0.07401667494392353 0.31305057368859057 -0.7346780103799398
-0.04934444996261569 0.30655812998410154 -0.737245438108135
-0.024672224981307844 0.30006568627961255 -0.7398128658363303
0.0 0.29357324257512357 -0.7423802935645255
-0.9622167742710052 0.554504158696908 -0.6617869356797674
-0.9375445492896973 0.548011714992419 -0.6643543634079626
-0.9128723243083895 0.54151927128793 -0.6669217911361579
-0.8882000993270818 0.535026827583441 -0.6694892188643531
-0.8635278743457739 0.528534383878952 -0.6720566465925484
-0.838855649364466 0.522041940174463 -0.6746240743207436
-0.8141834243831582 0.515549496469974 -0.6771915020489389
-0.7895111994018503 0.509057052765485 -0.679758929777134
-0.7648389744205426 0.5025646090609961 -0.6823263575053292
-0.7401667494392348 0.49607216535650706 -0.6848937852335245
-0.7154945244579269 0.4895797216520181 -0.6874612129617197
-0.6908222994766191 0.48308727794752904 -0.690028640689915
-0.6661500744953113 0.47659483424304006 -0.6925960684181102
-0.6414778495140036 0.4701023905385511 -0.6951634961463055
-0.6168056245326956 0.4636099468340621 -0.6977309238745006
-0.5921333995513878 0.4571175031295731 -0.7002983516026959
-0.5674611745700799 0.45062505942508413 -0.7028657793308911
-0.5427889495887721 0.44413261572059515 -0.7054332070590864
-0.5181167246074644 0.43764017201610617 -0.7080006347872816
-0.49344449962615644 0.43114772831161713 -0.7105680625154769
-0.4687722746448487 0.42465528460712815 -0.7131354902436721
-0.4441000496635409 0.41816284090263917 -0.7157029179718674
-0.419427824682233 0.4116703971981502 -0.7182703457000625
-0.39475559970092516 0.4051779534936612 -0.7208377734282577
-0.37008337471961733 0.39868550978917217 -0.723405201156453
-0.3454111497383096 0.39219306608468324 -0.7259726288846482
-0.3207389247570018 0.3857006223801942 -0.7285400566128435
-0.2960666997756939 0.3792081786757052 -0.7311074843410387
-0.27139447479438605 0.37271573497121624 -0.733674912069234
-0.24672224981307822 0.36622329126672726 -0.7362423397974291
-0.2220500248317705 0.3597308475622383 -0.7388097675256244
-0.19737779985046264 0.3532384038577493 -0.7413771952538196
-0.1727055748691548 0.3467459601532603 -0.7439446229820149
-0.14803334988784694 0.3402535164487713 -0.7465120507102101
-0.12336112490653911 0.3337610727442823 -0.7490794784384054
-0.09868889992523137 0.3272686290397933 -0.7516469061666006
-0.07401667494392353 0.32077618533530433 -0.7542143338947958
-0.04934444996261569 0.31428374163081535 -0.756781761622991
-0.024672224981307844 0.30779129792632637 -0.7593491893511862
0.0 0.3012988542218374 -0.7619166170793815
-0.9622167742710052 0.5622297703436218 -0.6813232591946233
-0.9375445492896973 0.5557373266391328 -0.6838906869228186
-0.9128723243083895 0.5492448829346437 -0.6864581146510138
-0.8882000993270818 0.5427524392301548 -0.6890255423792091
-0.8635278743457739 0.5362599955256657 -0.6915929701074043
-0.838855649364466 0.5297675518211767 -0.6941603978355996
-0.8141834243831582 0.5232751081166878 -0.6967278255637948
-0.7895111994018503 0.5167826644121988 -0.69929525329199
-0.7648389744205426 0.5102902207077098 -0.7018626810201852
-0.7401667494392348 0.5037977770032208 -0.7044301087483805
-0.7154945244579269 0.49730533329873183 -0.7069975364765757
-0.6908222994766191 0.49081288959424285 -0.709564964204771
-0.6661500744953113 0.48432044588975387 -0.7121323919329662
-0.6414778495140036 0.4778280021852649 -0.7146998196611614
-0.6168056245326956 0.47133555848077585 -0.7172672473893567
-0.5921333995513878 0.46484311477628687 -0.7198346751175518
-0.5674611745700799 0.4583506710717979 -0.7224021028457471
-0.5427889495887721 0.4518582273673089 -0.7249695305739423
-0.5181167246074644 0.4453657836628199 -0.7275369583021376
-0.49344449962615644 0.43887333995833094 -0.7301043860303328
-0.4687722746448487 0.43238089625384196 -0.7326718137585281
-0.4441000496635409 0.425888452549353 -0.7352392414867233
-0.419427824682233 0.41939600884486394 -0.7378066692149186
-0.39475559970092516 0.41290356514037496 -0.7403740969431137
-0.37008337471961733 0.406411121435886 -0.742941524671309
-0.3454111497383096 0.399918677731397 -0.7455089523995042
-0.3207389247570018 0.393426234026908 -0.7480763801276994
-0.2960666997756939 0.38693379032241904 -0.7506438078558947
-0.27139447479438605 0.38044134661793005 -0.7532112355840899
-0.24672224981307822 0.373948902913441 -0.7557786633122852
-0.2220500248317705 0.3674564592089521 -0.7583460910404803
-0.19737779985046264 0.36096401550446305 -0.7609135187686756
-0.1727055748691548 0.3544715717999741 -0.7634809464968708
-0.14803334988784694 0.3479791280954851 -0.7660483742250661
-0.12336112490653911 0.3414866843909961 -0.7686158019532613
-0.09868889992523137 0.3349942406865071 -0.7711832296814566
-0.07401667494392353 0.32850179698201815 -0.7737506574096518
-0.04934444996261569 0.32200935327752916 -0.776318085137847
-0.024672224981307844 0.3155169095730401 -0.7788855128660422
0.0 0.30902446586855115 -0.7814529405942374
-0.9622167742710052 0.5699553819903355 -0.7008595827094792
-0.9375445492896973 0.5634629382858465 -0.7034270104376745
-0.9128723243083895 0.5569704945813575 -0.7059944381658697
-0.8882000993270818 0.5504780508768685 -0.7085618658940649
-0.8635278743457739 0.5439856071723795 -0.7111292936222602
-0.838855649364466 0.5374931634678906 -0.7136967213504554
-0.8141834243831582 0.5310007197634015 -0.7162641490786507
-0.7895111994018503 0.5245082760589125 -0.7188315768068458
-0.7648389744205426 0.5180158323544236 -0.7213990045350411
-0.7401667494392348 0.5115233886499345 -0.7239664322632363
-0.7154945244579269 0.5050309449454455 -0.7265338599914316
-0.6908222994766191 0.49853850124095656 -0.7291012877196268
-0.6661500744953113 0.4920460575364676 -0.7316687154478221
-0.6414778495140036 0.4855536138319786 -0.7342361431760173
-0.6168056245326956 0.4790611701274896 -0.7368035709042126
-0.5921333995513878 0.47256872642300063 -0.7393709986324077
-0.5674611745700799 0.46607628271851165 -0.7419384263606029
-0.5427889495887721 0.45958383901402267 -0.7445058540887982
-0.5181167246074644 0.4530913953095337 -0.7470732818169934
-0.49344449962615644 0.44659895160504465 -0.7496407095451887
-0.4687722746448487 0.4401065079005557 -0.7522081372733839
-0.4441000496635409 0.4336140641960667 -0.7547755650015792
-0.419427824682233 0.4271216204915777 -0.7573429927297743
-0.39475559970092516 0.4206291767870887 -0.7599104204579696
-0.37008337471961733 0.41413673308259974 -0.7624778481861648
-0.3454111497383096 0.40764428937811076 -0.7650452759143601
-0.3207389247570018 0.4011518456736218 -0.7676127036425553
-0.2960666997756939 0.39465940196913274 -0.7701801313707506
-0.27139447479438605 0.38816695826464376 -0.7727475590989458
-0.24672224981307822 0.3816745145601548 -0.7753149868271411
-0.2220500248317705 0.3751820708556658 -0.7778824145553362
-0.19737779985046264 0.3686896271511768 -0.7804498422835314
-0.1727055748691548 0.36219718344668783 -0.7830172700117267
-0.14803334988784694 0.35570473974219885 -0.7855846977399219
-0.12336112490653911 0.34921229603770987 -0.7881521254681172
-0.09868889992523137 0.3427198523332209 -0.7907195531963124
-0.07401667494392353 0.3362274086287319 -0.7932869809245077
-0.04934444996261569 0.32973496492424287 -0.7958544086527028
-0.024672224981307844 0.3232425212197539 -0.7984218363808981
0.0 0.3167500775152649 -0.8009892641090933
-0.9622167742710052 0.5776809936370493 -0.7203959062243352
-0.9375445492896973 0.5711885499325603 -0.7229633339525304
-0.9128723243083895 0.5646961062280713 -0.7255307616807257
-0.8882000993270818 0.5582036625235823 -0.7280981894089209
-0.8635278743457739 0.5517112188190934 -0.7306656171371162
-0.838855649364466 0.5452187751146044 -0.7332330448653114
-0.8141834243831582 0.5387263314101153 -0.7358004725935066
-0.7895111994018503 0.5322338877056263 -0.7383679003217019
-0.7648389744205426 0.5257414440011374 -0.740935328049897
-0.7401667494392348 0.5192490002966483 -0.7435027557780923
-0.7154945244579269 0.5127565565921594 -0.7460701835062875
-0.6908222994766191 0.5062641128876704 -0.7486376112344828
-0.6661500744953113 0.4997716691831814 -0.751205038962678
-0.6414778495140036 0.4932792254786924 -0.7537724666908733
-0.6168056245326956 0.4867867817742034 -0.7563398944190685
-0.5921333995513878 0.48029433806971444 -0.7589073221472638
-0.5674611745700799 0.47380189436522546 -0.7614747498754589
-0.5427889495887721 0.4673094506607365 -0.7640421776036542
-0.5181167246074644 0.4608170069562475 -0.7666096053318494
-0.49344449962615644 0.45432456325175846 -0.7691770330600447
-0.4687722746448487 0.4478321195472695 -0.7717444607882399
-0.4441000496635409 0.4413396758427805 -0.7743118885164351
-0.419427824682233 0.4348472321382915 -0.7768793162446304
-0.39475559970092516 0.42835478843380254 -0.7794467439728255
-0.37008337471961733 0.4218623447293135 -0.7820141717010208
-0.3454111497383096 0.4153699010248246 -0.784581599429216
-0.3207389247570018 0.40887745732033554 -0.7871490271574113
-0.2960666997756939 0.40238501361584655 -0.7897164548856065
-0.27139447479438605 0.3958925699113576 -0.7922838826138018
-0.24672224981307822 0.3894001262068686 -0.794851310341997
-0.2220500248317705 0.3829076825023796 -0.7974187380701921
-0.19737779985046264 0.37641523879789063 -0.7999861657983874
-0.1727055748691548 0.36992279509340165 -0.8025535935265826
-0.14803334988784694 0.3634303513889126 -0.8051210212547779
-0.12336112490653911 0.3569379076844236 -0.8076884489829731
-0.09868889992523137 0.35044546397993465 -0.8102558767111684
-0.07401667494392353 0.34395302027544566 -0.8128233044393636
-0.04934444996261569 0.3374605765709567 -0.8153907321675589
-0.024672224981307844 0.3309681328664677 -0.817958159895754
0.0 0.3244756891619787 -0.8205255876239493
-0.9622167742710052 0.5854066052837631 -0.7399322297391911
-0.9375445492896973 0.5789141615792741 -0.7424996574673864
-0.9128723243083895 0.572421717874785 -0.7450670851955816
-0.8882000993270818 0.5659292741702961 -0.7476345129237769
-0.8635278743457739 0.5594368304658071 -0.7502019406519721
-0.838855649364466 0.5529443867613181 -0.7527693683801674
-0.8141834243831582 0.5464519430568291 -0.7553367961083626
-0.7895111994018503 0.5399594993523401 -0.7579042238365579
-0.7648389744205426 0.5334670556478511 -0.760471651564753
-0.7401667494392348 0.5269746119433621 -0.7630390792929482
-0.7154945244579269 0.5204821682388732 -0.7656065070211435
-0.6908222994766191 0.5139897245343842 -0.7681739347493387
-0.6661500744953113 0.5074972808298952 -0.770741362477534
-0.6414778495140036 0.5010048371254062 -0.7733087902057292
-0.6168056245326956 0.4945123934209172 -0.7758762179339245
-0.5921333995513878 0.4880199497164282 -0.7784436456621197
-0.5674611745700799 0.4815275060119392 -0.781011073390315
-0.5427889495887721 0.47503506230745024 -0.7835785011185101
-0.5181167246074644 0.46854261860296126 -0.7861459288467054
-0.49344449962615644 0.4620501748984723 -0.7887133565749006
-0.4687722746448487 0.4555577311939833 -0.7912807843030958
-0.4441000496635409 0.4490652874894943 -0.7938482120312911
-0.419427824682233 0.4425728437850053 -0.7964156397594863
-0.39475559970092516 0.4360804000805163 -0.7989830674876816
-0.37008337471961733 0.4295879563760273 -0.8015504952158767
-0.3454111497383096 0.42309551267153833 -0.804117922944072
-0.3207389247570018 0.41660306896704935 -0.8066853506722672
-0.2960666997756939 0.41011062526256037 -0.8092527784004625
-0.27139447479438605 0.4036181815580714 -0.8118202061286577
-0.24672224981307822 0.39712573785358235 -0.814387633856853
-0.2220500248317705 0.3906332941490934 -0.8169550615850482
-0.19737779985046264 0.3841408504446044 -0.8195224893132435
-0.1727055748691548 0.3776484067401154 -0.8220899170414386
-0.14803334988784694 0.3711559630356264 -0.8246573447696339
-0.12336112490653911 0.36466351933113744 -0.8272247724978291
-0.09868889992523137 0.35817107562664846 -0.8297922002260243
-0.07401667494392353 0.3516786319221595 -0.8323596279542196
-0.04934444996261569 0.3451861882176705 -0.8349270556824148
-0.024672224981307844 0.33869374451318146 -0.8374944834106101
0.0 0.3322013008086925 -0.8400619111388052
-0.9622167742710052 0.5931322169304768 -0.759468553254047
-0.9375445492896973 0.5866397732259878 -0.7620359809822422
-0.9128723243083895 0.5801473295214988 -0.7646034087104375
-0.8882000993270818 0.5736548858170099 -0.7671708364386327
-0.8635278743457739 0.5671624421125209 -0.769738264166828
-0.838855649364466 0.5606699984080319 -0.7723056918950232
-0.8141834243831582 0.5541775547035428 -0.7748731196232185
-0.7895111994018503 0.5476851109990538 -0.7774405473514137
-0.7648389744205426 0.5411926672945649 -0.780007975079609
-0.7401667494392348 0.5347002235900759 -0.7825754028078041
-0.7154945244579269 0.5282077798855869 -0.7851428305359994
-0.6908222994766191 0.5217153361810979 -0.7877102582641946
-0.6661500744953113 0.5152228924766089 -0.7902776859923898
-0.6414778495140036 0.5087304487721199 -0.7928451137205851
-0.6168056245326956 0.5022380050676309 -0.7954125414487803
-0.5921333995513878 0.49574556136314196 -0.7979799691769756
-0.5674611745700799 0.489253117658653 -0.8005473969051707
-0.5427889495887721 0.482760673954164 -0.803114824633366
-0.5181167246074644 0.476268230249675 -0.8056822523615612
-0.49344449962615644 0.469775786545186 -0.8082496800897565
-0.4687722746448487 0.46328334284069705 -0.8108171078179517
-0.4441000496635409 0.456790899136208 -0.813384535546147
-0.419427824682233 0.45029845543171904 -0.8159519632743422
-0.39475559970092516 0.44380601172723005 -0.8185193910025375
-0.37008337471961733 0.4373135680227411 -0.8210868187307326
-0.3454111497383096 0.4308211243182521 -0.8236542464589278
-0.3207389247570018 0.4243286806137631 -0.8262216741871231
-0.2960666997756939 0.4178362369092741 -0.8287891019153183
-0.27139447479438605 0.4113437932047851 -0.8313565296435136
-0.24672224981307822 0.4048513495002961 -0.8339239573717088
-0.2220500248317705 0.39835890579580713 -0.8364913850999041
-0.19737779985046264 0.39186646209131815 -0.8390588128280992
-0.1727055748691548 0.38537401838682916 -0.8416262405562945
-0.14803334988784694 0.3788815746823402 -0.8441936682844897
-0.12336112490653911 0.3723891309778512 -0.846761096012685
-0.09868889992523137 0.3658966872733622 -0.8493285237408802
-0.07401667494392353 0.35940424356887324 -0.8518959514690755
-0.04934444996261569 0.3529117998643842 -0.8544633791972707
-0.024672224981307844 0.3464193561598952 -0.8570308069254658
0.0 0.33992691245540624 -0.8595982346536611
-0.9622167742710052 0.6008578285771906 -0.7790048767689031
-0.9375445492896973 0.5943653848727016 -0.7815723044970982
-0.9128723243083895 0.5878729411682125 -0.7841397322252935
-0.8882000993270818 0.5813804974637237 -0.7867071599534887
-0.8635278743457739 0.5748880537592346 -0.7892745876816839
-0.838855649364466 0.5683956100547456 -0.7918420154098792
-0.8141834243831582 0.5619031663502566 -0.7944094431380744
-0.7895111994018503 0.5554107226457676 -0.7969768708662697
-0.7648389744205426 0.5489182789412786 -0.7995442985944649
-0.7401667494392348 0.5424258352367897 -0.8021117263226601
-0.7154945244579269 0.5359333915323007 -0.8046791540508553
-0.6908222994766191 0.5294409478278117 -0.8072465817790506
-0.6661500744953113 0.5229485041233227 -0.8098140095072458
-0.6414778495140036 0.5164560604188337 -0.812381437235441
-0.6168056245326956 0.5099636167143448 -0.8149488649636363
-0.5921333995513878 0.5034711730098558 -0.8175162926918315
-0.5674611745700799 0.49697872930536674 -0.8200837204200268
-0.5427889495887721 0.49048628560087776 -0.8226511481482219
-0.5181167246074644 0.4839938418963888 -0.8252185758764172
-0.49344449962615644 0.4775013981918998 -0.8277860036046124
-0.4687722746448487 0.4710089544874108 -0.8303534313328077
-0.4441000496635409 0.46451651078292183 -0.8329208590610029
-0.419427824682233 0.45802406707843285 -0.8354882867891982
-0.39475559970092516 0.4515316233739438 -0.8380557145173934
-0.37008337471961733 0.44503917966945483 -0.8406231422455887
-0.3454111497383096 0.43854673596496585 -0.8431905699737838
-0.3207389247570018 0.43205429226047687 -0.845757997701979
-0.2960666997756939 0.4255618485559879 -0.8483254254301743
-0.27139447479438605 0.4190694048514989 -0.8508928531583695
-0.24672224981307822 0.4125769611470099 -0.8534602808865648
-0.2220500248317705 0.40608451744252094 -0.85602770861476
-0.19737779985046264 0.39959207373803196 -0.8585951363429553
-0.1727055748691548 0.3930996300335429 -0.8611625640711504
-0.14803334988784694 0.38660718632905394 -0.8637299917993457
-0.12336112490653911 0.38011474262456496 -0.8662974195275409
-0.09868889992523137 0.373622298920076 -0.8688648472557362
-0.07401667494392353 0.367129855215587 -0.8714322749839314
-0.04934444996261569 0.360637411511098 -0.8739997027121267
-0.024672224981307844 0.35414496780660903 -0.8765671304403219
0.0 0.34765252410212 -0.8791345581685172
-0.9622167742710052 0.6085834402239044 -0.798541200283759
-0.9375445492896973 0.6020909965194154 -0.8011086280119543
-0.9128723243083895 0.5955985528149264 -0.8036760557401494
-0.8882000993270818 0.5891061091104375 -0.8062434834683447
-0.8635278743457739 0.5826136654059484 -0.8088109111965399
-0.838855649364466 0.5761212217014594 -0.8113783389247351
-0.8141834243831582 0.5696287779969704 -0.8139457666529304
-0.7895111994018503 0.5631363342924814 -0.8165131943811256
-0.7648389744205426 0.5566438905879925 -0.8190806221093209
-0.7401667494392348 0.5501514468835035 -0.821648049837516
-0.7154945244579269 0.5436590031790145 -0.8242154775657113
-0.6908222994766191 0.5371665594745255 -0.8267829052939065
-0.6661500744953113 0.5306741157700365 -0.8293503330221018
-0.6414778495140036 0.5241816720655476 -0.831917760750297
-0.6168056245326956 0.5176892283610586 -0.8344851884784923
-0.5921333995513878 0.5111967846565696 -0.8370526162066875
-0.5674611745700799 0.5047043409520806 -0.8396200439348828
-0.5427889495887721 0.4982118972475916 -0.842187471663078
-0.5181167246074644 0.4917194535431026 -0.8447548993912731
-0.49344449962615644 0.4852270098386136 -0.8473223271194684
-0.4687722746448487 0.47873456613412463 -0.8498897548476636
-0.4441000496635409 0.47224212242963565 -0.8524571825758589
-0.419427824682233 0.4657496787251466 -0.8550246103040541
-0.39475559970092516 0.45925723502065763 -0.8575920380322494
-0.37008337471961733 0.45276479131616865 -0.8601594657604446
-0.3454111497383096 0.44627234761167967 -0.8627268934886398
-0.3207389247570018 0.4397799039071907 -0.865294321216835
-0.2960666997756939 0.4332874602027017 -0.8678617489450303
-0.27139447479438605 0.4267950164982127 -0.8704291766732255
-0.24672224981307822 0.4203025727937237 -0.8729966044014208
-0.2220500248317705 0.41381012908923476 -0.875564032129616
-0.19737779985046264 0.4073176853847457 -0.8781314598578112
-0.1727055748691548 0.40082524168025674 -0.8806988875860065
-0.14803334988784694 0.39433279797576776 -0.8832663153142016
-0.12336112490653911 0.3878403542712788 -0.8858337430423969
-0.09868889992523137 0.3813479105667898 -0.8884011707705921
-0.07401667494392353 0.3748554668623008 -0.8909685984987874
-0.04934444996261569 0.3683630231578118 -0.8935360262269826
-0.024672224981307844 0.3618705794533228 -0.8961034539551779
0.0 0.3553781357488338 -0.8986708816833731
-0.9622167742710052 0.6163090518706181 -0.8180775237986149
-0.9375445492896973 0.6098166081661291 -0.82064495152681
-0.9128723243083895 0.6033241644616402 -0.8232123792550053
-0.8882000993270818 0.5968317207571512 -0.8257798069832005
-0.8635278743457739 0.5903392770526622 -0.8283472347113958
-0.838855649364466 0.5838468333481732 -0.830914662439591
-0.8141834243831582 0.5773543896436841 -0.8334820901677863
-0.7895111994018503 0.5708619459391951 -0.8360495178959815
-0.7648389744205426 0.5643695022347063 -0.8386169456241767
-0.7401667494392348 0.5578770585302172 -0.841184373352372
-0.7154945244579269 0.5513846148257282 -0.8437518010805671
-0.6908222994766191 0.5448921711212392 -0.8463192288087624
-0.6661500744953113 0.5383997274167502 -0.8488866565369576
-0.6414778495140036 0.5319072837122613 -0.8514540842651529
-0.6168056245326956 0.5254148400077723 -0.8540215119933481
-0.5921333995513878 0.5189223963032833 -0.8565889397215434
-0.5674611745700799 0.5124299525987943 -0.8591563674497386
-0.5427889495887721 0.5059375088943053 -0.8617237951779338
-0.5181167246074644 0.49944506518981635 -0.864291222906129
-0.49344449962615644 0.4929526214853273 -0.8668586506343243
-0.4687722746448487 0.4864601777808384 -0.8694260783625195
-0.4441000496635409 0.47996773407634935 -0.8719935060907147
-0.419427824682233 0.47347529037186037 -0.87456093381891
-0.39475559970092516 0.4669828466673714 -0.8771283615471052
-0.37008337471961733 0.4604904029628824 -0.8796957892753005
-0.3454111497383096 0.4539979592583934 -0.8822632170034956
-0.3207389247570018 0.44750551555390444 -0.8848306447316909
-0.2960666997756939 0.4410130718494154 -0.8873980724598861
-0.27139447479438605 0.4345206281449264 -0.8899655001880814
-0.24672224981307822 0.42802818444043744 -0.8925329279162766
-0.2220500248317705 0.42153574073594846 -0.8951003556444719
-0.19737779985046264 0.4150432970314595 -0.8976677833726671
-0.1727055748691548 0.4085508533269705 -0.9002352111008624
-0.14803334988784694 0.4020584096224815 -0.9028026388290575
-0.12336112490653911 0.39556596591799253 -0.9053700665572528
-0.09868889992523137 0.38907352221350355 -0.907937494285448
-0.07401667494392353 0.38258107850901457 -0.9105049220136432
-0.04934444996261569 0.37608863480452553 -0.9130723497418385
-0.024672224981307844 0.36959619110003655 -0.9156397774700337
0.0 0.36310374739554757 -0.918207205198229
-0.9622167742710052 0.6240346635173318 -0.8376138473134707
-0.9375445492896973 0.6175422198128429 -0.840181275041666
-0.9128723243083895 0.6110497761083539 -0.8427487027698611
-0.8882000993270818 0.6045573324038649 -0.8453161304980564
-0.8635278743457739 0.5980648886993759 -0.8478835582262516
-0.838855649364466 0.5915724449948869 -0.8504509859544469
-0.8141834243831582 0.5850800012903979 -0.8530184136826421
-0.7895111994018503 0.578587557585909 -0.8555858414108374
-0.7648389744205426 0.57209511388142 -0.8581532691390326
-0.7401667494392348 0.565602670176931 -0.8607206968672279
-0.7154945244579269 0.559110226472442 -0.863288124595423
-0.6908222994766191 0.552617782767953 -0.8658555523236183
-0.6661500744953113 0.546125339063464 -0.8684229800518135
-0.6414778495140036 0.5396328953589751 -0.8709904077800087
-0.6168056245326956 0.533140451654486 -0.873557835508204
-0.5921333995513878 0.526648007949997 -0.8761252632363992
-0.5674611745700799 0.520155564245508 -0.8786926909645945
-0.5427889495887721 0.513663120541019 -0.8812601186927896
-0.5181167246074644 0.50717067683653 -0.8838275464209849
-0.49344449962615644 0.5006782331320411 -0.8863949741491801
-0.4687722746448487 0.4941857894275521 -0.8889624018773754
-0.4441000496635409 0.4876933457230631 -0.8915298296055706
-0.419427824682233 0.48120090201857413 -0.8940972573337659
-0.39475559970092516 0.47470845831408515 -0.8966646850619611
-0.37008337471961733 0.4682160146095961 -0.8992321127901564
-0.3454111497383096 0.4617235709051072 -0.9017995405183515
-0.3207389247570018 0.45523112720061815 -0.9043669682465467
-0.2960666997756939 0.44873868349612916 -0.906934395974742
-0.27139447479438605 0.4422462397916402 -0.9095018237029372
-0.24672224981307822 0.4357537960871512 -0.9120692514311325
-0.2220500248317705 0.4292613523826622 -0.9146366791593277
-0.19737779985046264 0.42276890867817324 -0.917204106887523
-0.1727055748691548 0.41627646497368426 -0.9197715346157181
-0.14803334988784694 0.4097840212691952 -0.9223389623439134
-0.12336112490653911 0.40329157756470624 -0.9249063900721086
-0.09868889992523137 0.3967991338602173 -0.9274738178003039
-0.07401667494392353 0.3903066901557283 -0.9300412455284991
-0.04934444996261569 0.3838142464512393 -0.9326086732566944
-0.024672224981307844 0.3773218027467503 -0.9351761009848896
0.0 0.37082935904226133 -0.9377435287130848
-0.9622167742710052 0.6317602751640458 -0.8571501708283268
-0.9375445492896973 0.6252678314595568 -0.859717598556522
-0.9128723243083895 0.6187753877550677 -0.8622850262847173
-0.8882000993270818 0.6122829440505788 -0.8648524540129124
-0.8635278743457739 0.6057905003460897 -0.8674198817411077
-0.838855649364466 0.5992980566416007 -0.8699873094693029
-0.8141834243831582 0.5928056129371118 -0.8725547371974982
-0.7895111994018503 0.5863131692326228 -0.8751221649256934
-0.7648389744205426 0.5798207255281338 -0.8776895926538887
-0.7401667494392348 0.5733282818236448 -0.8802570203820839
-0.7154945244579269 0.5668358381191558 -0.8828244481102792
-0.6908222994766191 0.5603433944146669 -0.8853918758384743
-0.6661500744953113 0.5538509507101779 -0.8879593035666695
-0.6414778495140036 0.5473585070056889 -0.8905267312948648
-0.6168056245326956 0.5408660633011999 -0.89309415902306
-0.5921333995513878 0.5343736195967109 -0.8956615867512553
-0.5674611745700799 0.5278811758922219 -0.8982290144794505
-0.5427889495887721 0.521388732187733 -0.9007964422076458
-0.5181167246074644 0.514896288483244 -0.903363869935841
-0.49344449962615644 0.5084038447787549 -0.9059312976640362
-0.4687722746448487 0.5019114010742659 -0.9084987253922314
-0.4441000496635409 0.495418957369777 -0.9110661531204267
-0.419427824682233 0.48892651366528794 -0.9136335808486219
-0.39475559970092516 0.48243406996079896 -0.9162010085768172
-0.37008337471961733 0.47594162625631 -0.9187684363050124
-0.3454111497383096 0.469449182551821 -0.9213358640332076
-0.3207389247570018 0.462956738847332 -0.9239032917614028
-0.2960666997756939 0.45646429514284304 -0.926470719489598
-0.27139447479438605 0.44997185143835405 -0.9290381472177933
-0.24672224981307822 0.443479407733865 -0.9316055749459885
-0.2220500248317705 0.4369869640293761 -0.9341730026741838
-0.19737779985046264 0.43049452032488705 -0.936740430402379
-0.1727055748691548 0.42400207662039807 -0.9393078581305743
-0.14803334988784694 0.4175096329159091 -0.9418752858587695
-0.12336112490653911 0.4110171892114201 -0.9444427135869647
-0.09868889992523137 0.4045247455069311 -0.9470101413151599
-0.07401667494392353 0.39803230180244215 -0.9495775690433552
-0.04934444996261569 0.3915398580979531 -0.9521449967715504
-0.024672224981307844 0.3850474143934641 -0.9547124244997457
0.0 0.37855497068897515 -0.9572798522279409
-0.9622167742710052 0.6394858868107595 -0.8766864943431827
-0.9375445492896973 0.6329934431062705 -0.8792539220713779
-0.9128723243083895 0.6265009994017815 -0.8818213497995732
-0.8882000993270818 0.6200085556972925 -0.8843887775277683
-0.8635278743457739 0.6135161119928035 -0.8869562052559636
-0.838855649364466 0.6070236682883146 -0.8895236329841588
-0.8141834243831582 0.6005312245838255 -0.892091060712354
-0.7895111994018503 0.5940387808793365 -0.8946584884405493
-0.7648389744205426 0.5875463371748476 -0.8972259161687445
-0.7401667494392348 0.5810538934703585 -0.8997933438969398
-0.7154945244579269 0.5745614497658695 -0.902360771625135
-0.6908222994766191 0.5680690060613806 -0.9049281993533302
-0.6661500744953113 0.5615765623568916 -0.9074956270815254
-0.6414778495140036 0.5550841186524026 -0.9100630548097207
-0.6168056245326956 0.5485916749479136 -0.9126304825379159
-0.5921333995513878 0.5420992312434246 -0.9151979102661112
-0.5674611745700799 0.5356067875389356 -0.9177653379943064
-0.5427889495887721 0.5291143438344467 -0.9203327657225017
-0.5181167246074644 0.5226219001299577 -0.9229001934506968
-0.49344449962615644 0.5161294564254687 -0.925467621178892
-0.4687722746448487 0.5096370127209797 -0.9280350489070873
-0.4441000496635409 0.5031445690164907 -0.9306024766352825
-0.419427824682233 0.4966521253120017 -0.9331699043634778
-0.39475559970092516 0.4901596816075127 -0.935737332091673
-0.37008337471961733 0.48366723790302374 -0.9383047598198683
-0.3454111497383096 0.47717479419853476 -0.9408721875480635
-0.3207389247570018 0.4706823504940458 -0.9434396152762587
-0.2960666997756939 0.46418990678955674 -0.9460070430044539
-0.27139447479438605 0.45769746308506776 -0.9485744707326492
-0.24672224981307822 0.4512050193805788 -0.9511418984608444
-0.2220500248317705 0.4447125756760898 -0.9537093261890396
-0.19737779985046264 0.4382201319716008 -0.9562767539172349
-0.1727055748691548 0.43172768826711183 -0.9588441816454301
-0.14803334988784694 0.42523524456262285 -0.9614116093736254
-0.12336112490653911 0.41874280085813387 -0.9639790371018205
-0.09868889992523137 0.4122503571536449 -0.9665464648300158
-0.07401667494392353 0.4057579134491559 -0.969113892558211
-0.04934444996261569 0.39926546974466687 -0.9716813202864063
-0.024672224981307844 0.3927730260401779 -0.9742487480146015
0.0 0.3862805823356889 -0.9768161757427968
-0.9622167742710052 0.6472114984574733 -0.8962228178580387
-0.9375445492896973 0.6407190547529843 -0.898790245586234
-0.9128723243083895 0.6342266110484953 -0.9013576733144292
-0.8882000993270818 0.6277341673440063 -0.9039251010426245
-0.8635278743457739 0.6212417236395174 -0.9064925287708196
-0.838855649364466 0.6147492799350284 -0.9090599564990148
-0.8141834243831582 0.6082568362305394 -0.9116273842272101
-0.7895111994018503 0.6017643925260504 -0.9141948119554053
-0.7648389744205426 0.5952719488215614 -0.9167622396836006
-0.7401667494392348 0.5887795051170724 -0.9193296674117958
-0.7154945244579269 0.5822870614125835 -0.9218970951399911
-0.6908222994766191 0.5757946177080944 -0.9244645228681863
-0.6661500744953113 0.5693021740036054 -0.9270319505963815
-0.6414778495140036 0.5628097302991164 -0.9295993783245767
-0.6168056245326956 0.5563172865946274 -0.932166806052772
-0.5921333995513878 0.5498248428901384 -0.9347342337809672
-0.5674611745700799 0.5433323991856495 -0.9373016615091625
-0.5427889495887721 0.5368399554811605 -0.9398690892373577
-0.5181167246074644 0.5303475117766715 -0.9424365169655529
-0.49344449962615644 0.5238550680721825 -0.9450039446937482
-0.4687722746448487 0.5173626243676935 -0.9475713724219433
-0.4441000496635409 0.5108701806632046 -0.9501388001501386
-0.419427824682233 0.5043777369587156 -0.9527062278783338
-0.39475559970092516 0.49788529325422654 -0.9552736556065291
-0.37008337471961733 0.49139284954973755 -0.9578410833347243
-0.3454111497383096 0.48490040584524857 -0.9604085110629196
-0.3207389247570018 0.4784079621407596 -0.9629759387911148
-0.2960666997756939 0.4719155184362706 -0.96554336651931
-0.27139447479438605 0.4654230747317816 -0.9681107942475052
-0.24672224981307822 0.4589306310272926 -0.9706782219757005
-0.2220500248317705 0.45243818732280366 -0.9732456497038957
-0.19737779985046264 0.4459457436183146 -0.9758130774320909
-0.1727055748691548 0.43945329991382565 -0.9783805051602862
-0.14803334988784694 0.43296085620933666 -0.9809479328884814
-0.12336112490653911 0.4264684125048477 -0.9835153606166767
-0.09868889992523137 0.4199759688003587 -0.9860827883448718
-0.07401667494392353 0.4134835250958697 -0.9886502160730671
-0.04934444996261569 0.40699108139138074 -0.9912176438012623
-0.024672224981307844 0.4004986376868917 -0.9937850715294576
0.0 0.3940061939824027 -0.9963524992576528
-0.9622167742710052 0.6549371101041871 -0.9157591413728946
-0.9375445492896973 0.6484446663996981 -0.9183265691010898
-0.9128723243083895 0.641952222695209 -0.9208939968292851
-0.8882000993270818 0.6354597789907201 -0.9234614245574803
-0.8635278743457739 0.628967335286231 -0.9260288522856756
-0.838855649364466 0.6224748915817421 -0.9285962800138707
-0.8141834243831582 0.6159824478772531 -0.931163707742066
-0.7895111994018503 0.6094900041727641 -0.9337311354702612
-0.7648389744205426 0.6029975604682751 -0.9362985631984564
-0.7401667494392348 0.5965051167637861 -0.9388659909266517
-0.7154945244579269 0.5900126730592972 -0.9414334186548469
-0.6908222994766191 0.5835202293548082 -0.9440008463830422
-0.6661500744953113 0.5770277856503192 -0.9465682741112373
-0.6414778495140036 0.5705353419458302 -0.9491357018394326
-0.6168056245326956 0.5640428982413412 -0.9517031295676278
-0.5921333995513878 0.5575504545368523 -0.9542705572958231
-0.5674611745700799 0.5510580108323633 -0.9568379850240183
-0.5427889495887721 0.5445655671278743 -0.9594054127522136
-0.5181167246074644 0.5380731234233853 -0.9619728404804088
-0.49344449962615644 0.5315806797188962 -0.9645402682086041
-0.4687722746448487 0.5250882360144072 -0.9671076959367992
-0.4441000496635409 0.5185957923099183 -0.9696751236649945
-0.419427824682233 0.5121033486054293 -0.9722425513931897
-0.39475559970092516 0.5056109049009403 -0.9748099791213849
-0.37008337471961733 0.4991184611964513 -0.9773774068495802
-0.3454111497383096 0.49262601749196233 -0.9799448345777754
-0.3207389247570018 0.48613357378747335 -0.9825122623059707
-0.2960666997756939 0.47964113008298437 -0.9850796900341658
-0.27139447479438605 0.4731486863784954 -0.9876471177623611
-0.24672224981307822 0.46665624267400635 -0.9902145454905563
-0.2220500248317705 0.4601637989695174 -0.9927819732187516
-0.19737779985046264 0.4536713552650284 -0.9953494009469468
-0.1727055748691548 0.4471789115605394 -0.9979168286751421
-0.14803334988784694 0.4406864678560504 -1.0004842564033374
-0.12336112490653911 0.43419402415156144 -1.0030516841315325
-0.09868889992523137 0.42770158044707246 -1.0056191118597277
-0.07401667494392353 0.4212091367425835 -1.008186539587923
-0.04934444996261569 0.41471669303809444 -1.010753967316118
-0.024672224981307844 0.40822424933360546 -1.0133213950443134
0.0 0.4017318056291165 -1.0158888227725087
-0.9622167742710052 0.6626627217509008 -0.9352954648877504
-0.9375445492896973 0.6561702780464118 -0.9378628926159457
-0.9128723243083895 0.6496778343419228 -0.9404303203441409
-0.8882000993270818 0.6431853906374339 -0.9429977480723362
-0.8635278743457739 0.6366929469329449 -0.9455651758005313
-0.838855649364466 0.6302005032284559 -0.9481326035287266
-0.8141834243831582 0.6237080595239668 -0.9507000312569218
-0.7895111994018503 0.6172156158194778 -0.9532674589851171
-0.7648389744205426 0.6107231721149889 -0.9558348867133123
-0.7401667494392348 0.6042307284104999 -0.9584023144415076
-0.7154945244579269 0.5977382847060109 -0.9609697421697028
-0.6908222994766191 0.5912458410015219 -0.9635371698978981
-0.6661500744953113 0.5847533972970329 -0.9661045976260932
-0.6414778495140036 0.5782609535925439 -0.9686720253542884
-0.6168056245326956 0.5717685098880549 -0.9712394530824837
-0.5921333995513878 0.565276066183566 -0.9738068808106789
-0.5674611745700799 0.558783622479077 -0.9763743085388742
-0.5427889495887721 0.552291178774588 -0.9789417362670694
-0.5181167246074644 0.545798735070099 -0.9815091639952647
-0.49344449962615644 0.53930629136561 -0.9840765917234598
-0.4687722746448487 0.532813847661121 -0.9866440194516551
-0.4441000496635409 0.5263214039566321 -0.9892114471798503
-0.419427824682233 0.5198289602521431 -0.9917788749080456
-0.39475559970092516 0.513336516547654 -0.9943463026362408
-0.37008337471961733 0.506844072843165 -0.9969137303644361
-0.3454111497383096 0.500351629138676 -0.9994811580926313
-0.3207389247570018 0.4938591854341871 -1.0020485858208266
-0.2960666997756939 0.48736674172969807 -1.0046160135490216
-0.27139447479438605 0.4808742980252091 -1.007183441277217
-0.24672224981307822 0.4743818543207201 -1.0097508690054122
-0.2220500248317705 0.4678894106162311 -1.0123182967336075
-0.19737779985046264 0.46139696691174215 -1.0148857244618026
-0.1727055748691548 0.45490452320725316 -1.0174531521899979
-0.14803334988784694 0.4484120795027642 -1.0200205799181932
-0.12336112490653911 0.44191963579827515 -1.0225880076463885
-0.09868889992523137 0.4354271920937862 -1.0251554353745835
-0.07401667494392353 0.42893474838929724 -1.0277228631027788
-0.04934444996261569 0.4224423046848082 -1.0302902908309741
-0.024672224981307844 0.4159498609803192 -1.0328577185591694
0.0 0.40945741727583024 -1.0354251462873645
-0.9622167742710052 0.6703883333976146 -0.9548317884026065
-0.9375445492896973 0.6638958896931256 -0.9573992161308018
-0.9128723243083895 0.6574034459886366 -0.959966643858997
-0.8882000993270818 0.6509110022841477 -0.9625340715871922
-0.8635278743457739 0.6444185585796587 -0.9651014993153875
-0.838855649364466 0.6379261148751697 -0.9676689270435826
-0.8141834243831582 0.6314336711706807 -0.9702363547717779
-0.7895111994018503 0.6249412274661917 -0.9728037824999731
-0.7648389744205426 0.6184487837617028 -0.9753712102281684
-0.7401667494392348 0.6119563400572138 -0.9779386379563636
-0.7154945244579269 0.6054638963527248 -0.9805060656845589
-0.6908222994766191 0.5989714526482357 -0.9830734934127541
-0.6661500744953113 0.5924790089437467 -0.9856409211409494
-0.6414778495140036 0.5859865652392577 -0.9882083488691445
-0.6168056245326956 0.5794941215347688 -0.9907757765973398
-0.5921333995513878 0.5730016778302798 -0.993343204325535
-0.5674611745700799 0.5665092341257908 -0.9959106320537302
-0.5427889495887721 0.5600167904213018 -0.9984780597819255
-0.5181167246074644 0.5535243467168128 -1.0010454875101207
-0.49344449962615644 0.5470319030123239 -1.003612915238316
-0.4687722746448487 0.5405394593078349 -1.0061803429665113
-0.4441000496635409 0.5340470156033459 -1.0087477706947063
-0.419427824682233 0.5275545718988569 -1.0113151984229016
-0.39475559970092516 0.5210621281943679 -1.013882626151097
-0.37008337471961733 0.5145696844898788 -1.0164500538792922
-0.3454111497383096 0.50807724078539 -1.0190174816074873
-0.3207389247570018 0.5015847970809009 -1.0215849093356826
-0.2960666997756939 0.49509235337641194 -1.0241523370638779
-0.27139447479438605 0.48859990967192296 -1.026719764792073
-0.24672224981307822 0.4821074659674339 -1.0292871925202682
-0.2220500248317705 0.475615022262945 -1.0318546202484635
-0.19737779985046264 0.46912257855845596 -1.0344220479766588
-0.1727055748691548 0.462630134853967 -1.036989475704854
-0.14803334988784694 0.456137691149478 -1.0395569034330492
-0.12336112490653911 0.449645247444989 -1.0421243311612445
-0.09868889992523137 0.44315280374050003 -1.0446917588894398
-0.07401667494392353 0.43666036003601105 -1.0472591866176348
-0.04934444996261569 0.43016791633152207 -1.0498266143458301
-0.024672224981307844 0.42367547262703303 -1.0523940420740254
0.0 0.41718302892254405 -1.0549614698022207
-0.9622167742710052 0.6781139450443284 -0.9743681119174624
-0.9375445492896973 0.6716215013398394 -0.9769355396456576
-0.9128723243083895 0.6651290576353504 -0.9795029673738529
-0.8882000993270818 0.6586366139308615 -0.9820703951020481
-0.8635278743457739 0.6521441702263724 -0.9846378228302434
-0.838855649364466 0.6456517265218834 -0.9872052505584386
-0.8141834243831582 0.6391592828173944 -0.9897726782866337
-0.7895111994018503 0.6326668391129054 -0.992340106014829
-0.7648389744205426 0.6261743954084165 -0.9949075337430242
-0.7401667494392348 0.6196819517039275 -0.9974749614712195
-0.7154945244579269 0.6131895079994385 -1.0000423891994148
-0.6908222994766191 0.6066970642949495 -1.0026098169276099
-0.6661500744953113 0.6002046205904605 -1.0051772446558052
-0.6414778495140036 0.5937121768859716 -1.0077446723840005
-0.6168056245326956 0.5872197331814826 -1.0103121001121957
-0.5921333995513878 0.5807272894769936 -1.0128795278403908
-0.5674611745700799 0.5742348457725046 -1.015446955568586
-0.5427889495887721 0.5677424020680156 -1.0180143832967814
-0.5181167246074644 0.5612499583635266 -1.0205818110249765
-0.49344449962615644 0.5547575146590376 -1.0231492387531718
-0.4687722746448487 0.5482650709545486 -1.025716666481367
-0.4441000496635409 0.5417726272500596 -1.0282840942095623
-0.419427824682233 0.5352801835455706 -1.0308515219377574
-0.39475559970092516 0.5287877398410816 -1.0334189496659527
-0.37008337471961733 0.5222952961365926 -1.035986377394148
-0.3454111497383096 0.5158028524321037 -1.0385538051223433
-0.3207389247570018 0.5093104087276147 -1.0411212328505384
-0.2960666997756939 0.5028179650231257 -1.0436886605787337
-0.27139447479438605 0.4963255213186367 -1.046256088306929
-0.24672224981307822 0.4898330776141477 -1.0488235160351242
-0.2220500248317705 0.48334063390965876 -1.0513909437633193
-0.19737779985046264 0.4768481902051697 -1.0539583714915146
-0.1727055748691548 0.47035574650068074 -1.05652579921971
-0.14803334988784694 0.46386330279619176 -1.059093226947905
-0.12336112490653911 0.4573708590917028 -1.0616606546761003
-0.09868889992523137 0.4508784153872138 -1.0642280824042956
-0.07401667494392353 0.4443859716827248 -1.0667955101324909
-0.04934444996261569 0.4378935279782358 -1.069362937860686
-0.024672224981307844 0.4314010842737468 -1.0719303655888812
0.0 0.4249086405692578 -1.0744977933170765
-0.9622167742710052 0.6858395566910421 -0.9939044354323182
-0.9375445492896973 0.6793471129865531 -0.9964718631605135
-0.9128723243083895 0.6728546692820642 -0.9990392908887087
-0.8882000993270818 0.6663622255775752 -1.001606718616904
-0.8635278743457739 0.6598697818730862 -1.0041741463450993
-0.838855649364466 0.6533773381685972 -1.0067415740732943
-0.8141834243831582 0.6468848944641081 -1.0093090018014896
-0.7895111994018503 0.6403924507596191 -1.011876429529685
-0.7648389744205426 0.6339000070551303 -1.01444385725788
-0.7401667494392348 0.6274075633506412 -1.0170112849860753
-0.7154945244579269 0.6209151196461522 -1.0195787127142706
-0.6908222994766191 0.6144226759416632 -1.0221461404424659
-0.6661500744953113 0.6079302322371742 -1.024713568170661
-0.6414778495140036 0.6014377885326853 -1.0272809958988562
-0.6168056245326956 0.5949453448281963 -1.0298484236270515
-0.5921333995513878 0.5884529011237073 -1.0324158513552468
-0.5674611745700799 0.5819604574192183 -1.034983279083442
-0.5427889495887721 0.5754680137147293 -1.0375507068116372
-0.5181167246074644 0.5689755700102404 -1.0401181345398325
-0.49344449962615644 0.5624831263057514 -1.0426855622680278
-0.4687722746448487 0.5559906826012624 -1.0452529899962228
-0.4441000496635409 0.5494982388967734 -1.0478204177244181
-0.419427824682233 0.5430057951922844 -1.0503878454526134
-0.39475559970092516 0.5365133514877953 -1.0529552731808085
-0.37008337471961733 0.5300209077833063 -1.0555227009090038
-0.3454111497383096 0.5235284640788174 -1.058090128637199
-0.3207389247570018 0.5170360203743284 -1.0606575563653944
-0.2960666997756939 0.5105435766698394 -1.0632249840935895
-0.27139447479438605 0.5040511329653504 -1.0657924118217847
-0.24672224981307822 0.49755868926086144 -1.06835983954998
-0.2220500248317705 0.49106624555637246 -1.0709272672781753
-0.19737779985046264 0.4845738018518835 -1.0734946950063704
-0.1727055748691548 0.4780813581473945 -1.0760621227345657
-0.14803334988784694 0.4715889144429055 -1.078629550462761
-0.12336112490653911 0.4650964707384165 -1.0811969781909563
-0.09868889992523137 0.45860402703392755 -1.0837644059191514
-0.07401667494392353 0.45211158332943857 -1.0863318336473466
-0.04934444996261569 0.44561913962494953 -1.088899261375542
-0.024672224981307844 0.43912669592046055 -1.091466689103737
0.0 0.43263425221597157 -1.0940341168319323
-0.9622167742710052 0.6935651683377559 -1.0134407589471743
-0.9375445492896973 0.687072724633267 -1.0160081866753696
-0.9128723243083895 0.680580280928778 -1.0185756144035647
-0.8882000993270818 0.674087837224289 -1.02114304213176
-0.8635278743457739 0.6675953935198 -1.0237104698599553
-0.838855649364466 0.661102949815311 -1.0262778975881506
-0.8141834243831582 0.654610506110822 -1.0288453253163456
-0.7895111994018503 0.6481180624063331 -1.031412753044541
-0.7648389744205426 0.6416256187018441 -1.0339801807727362
-0.7401667494392348 0.6351331749973551 -1.0365476085009313
-0.7154945244579269 0.6286407312928661 -1.0391150362291266
-0.6908222994766191 0.622148287588377 -1.041682463957322
-0.6661500744953113 0.615655843883888 -1.0442498916855172
-0.6414778495140036 0.6091634001793991 -1.0468173194137123
-0.6168056245326956 0.6026709564749101 -1.0493847471419075
-0.5921333995513878 0.5961785127704211 -1.0519521748701028
-0.5674611745700799 0.5896860690659321 -1.0545196025982981
-0.5427889495887721 0.5831936253614431 -1.0570870303264932
-0.5181167246074644 0.5767011816569542 -1.0596544580546885
-0.49344449962615644 0.5702087379524652 -1.0622218857828838
-0.4687722746448487 0.5637162942479762 -1.064789313511079
-0.4441000496635409 0.5572238505434872 -1.0673567412392742
-0.419427824682233 0.5507314068389982 -1.0699241689674694
-0.39475559970092516 0.5442389631345093 -1.0724915966956647
-0.37008337471961733 0.5377465194300202 -1.0750590244238598
-0.3454111497383096 0.5312540757255313 -1.077626452152055
-0.3207389247570018 0.5247616320210422 -1.0801938798802504
-0.2960666997756939 0.5182691883165532 -1.0827613076084457
-0.27139447479438605 0.5117767446120642 -1.0853287353366408
-0.24672224981307822 0.5052843009075753 -1.087896163064836
-0.2220500248317705 0.49879185720308633 -1.0904635907930313
-0.19737779985046264 0.4922994134985973 -1.0930310185212266
-0.1727055748691548 0.4858069697941083 -1.0955984462494217
-0.14803334988784694 0.47931452608961933 -1.098165873977617
-0.12336112490653911 0.47282208238513035 -1.1007333017058123
-0.09868889992523137 0.46632963868064137 -1.1033007294340074
-0.07401667494392353 0.4598371949761524 -1.1058681571622027
-0.04934444996261569 0.4533447512716634 -1.108435584890398
-0.024672224981307844 0.44685230756717437 -1.1110030126185932
0.0 0.4403598638626854 -1.1135704403467883
-0.9622167742710052 0.7012907799844696 -1.0329770824620301
-0.9375445492896973 0.6947983362799807 -1.0355445101902254
-0.9128723243083895 0.6883058925754917 -1.0381119379184207
-0.8882000993270818 0.6818134488710027 -1.0406793656466158
-0.8635278743457739 0.6753210051665137 -1.043246793374811
-0.838855649364466 0.6688285614620247 -1.0458142211030064
-0.8141834243831582 0.6623361177575358 -1.0483816488312017
-0.7895111994018503 0.6558436740530468 -1.0509490765593967
-0.7648389744205426 0.6493512303485578 -1.053516504287592
-0.7401667494392348 0.6428587866440688 -1.0560839320157873
-0.7154945244579269 0.6363663429395798 -1.0586513597439826
-0.6908222994766191 0.6298738992350909 -1.0612187874721777
-0.6661500744953113 0.6233814555306019 -1.063786215200373
-0.6414778495140036 0.6168890118261129 -1.0663536429285683
-0.6168056245326956 0.6103965681216238 -1.0689210706567636
-0.5921333995513878 0.6039041244171348 -1.0714884983849586
-0.5674611745700799 0.5974116807126458 -1.074055926113154
-0.5427889495887721 0.5909192370081569 -1.0766233538413492
-0.5181167246074644 0.5844267933036679 -1.0791907815695443
-0.49344449962615644 0.5779343495991789 -1.0817582092977396
-0.4687722746448487 0.5714419058946899 -1.0843256370259349
-0.4441000496635409 0.5649494621902009 -1.0868930647541302
-0.419427824682233 0.5584570184857119 -1.0894604924823252
-0.39475559970092516 0.551964574781223 -1.0920279202105205
-0.37008337471961733 0.545472131076734 -1.0945953479387158
-0.3454111497383096 0.538979687372245 -1.0971627756669111
-0.3207389247570018 0.532487243667756 -1.0997302033951062
-0.2960666997756939 0.525994799963267 -1.1022976311233015
-0.27139447479438605 0.519502356258778 -1.1048650588514968
-0.24672224981307822 0.5130099125542891 -1.1074324865796918
-0.2220500248317705 0.5065174688498001 -1.1099999143078871
-0.19737779985046264 0.5000250251453111 -1.1125673420360824
-0.1727055748691548 0.49353258144082207 -1.1151347697642777
-0.14803334988784694 0.4870401377363331 -1.1177021974924728
-0.12336112490653911 0.4805476940318441 -1.120269625220668
-0.09868889992523137 0.4740552503273551 -1.1228370529488634
-0.07401667494392353 0.46756280662286615 -1.1254044806770587
-0.04934444996261569 0.4610703629183771 -1.1279719084052537
-0.024672224981307844 0.4545779192138881 -1.130539336133449
0.0 0.44808547550939914 -1.1331067638616443
-0.9622167742710052 0.7090163916311835 -1.0525134059768861
-0.9375445492896973 0.7025239479266945 -1.0550808337050812
-0.9128723243083895 0.6960315042222055 -1.0576482614332765
-0.8882000993270818 0.6895390605177165 -1.0602156891614718
-0.8635278743457739 0.6830466168132275 -1.062783116889667
-0.838855649364466 0.6765541731087386 -1.0653505446178622
-0.8141834243831582 0.6700617294042495 -1.0679179723460575
-0.7895111994018503 0.6635692856997605 -1.0704854000742527
-0.7648389744205426 0.6570768419952716 -1.0730528278024478
-0.7401667494392348 0.6505843982907825 -1.075620255530643
-0.7154945244579269 0.6440919545862935 -1.0781876832588384
-0.6908222994766191 0.6375995108818046 -1.0807551109870337
-0.6661500744953113 0.6311070671773156 -1.0833225387152288
-0.6414778495140036 0.6246146234728266 -1.085889966443424
-0.6168056245326956 0.6181221797683376 -1.0884573941716194
-0.5921333995513878 0.6116297360638486 -1.0910248218998146
-0.5674611745700799 0.6051372923593596 -1.0935922496280097
-0.5427889495887721 0.5986448486548707 -1.096159677356205
-0.5181167246074644 0.5921524049503817 -1.0987271050844003
-0.49344449962615644 0.5856599612458927 -1.1012945328125954
-0.4687722746448487 0.5791675175414037 -1.1038619605407907
-0.4441000496635409 0.5726750738369147 -1.106429388268986
-0.419427824682233 0.5661826301324258 -1.1089968159971813
-0.39475559970092516 0.5596901864279367 -1.1115642437253763
-0.37008337471961733 0.5531977427234477 -1.1141316714535716
-0.3454111497383096 0.5467052990189587 -1.116699099181767
-0.3207389247570018 0.5402128553144697 -1.1192665269099622
-0.2960666997756939 0.5337204116099807 -1.1218339546381573
-0.27139447479438605 0.5272279679054918 -1.1244013823663526
-0.24672224981307822 0.5207355242010028 -1.1269688100945479
-0.2220500248317705 0.5142430804965138 -1.129536237822743
-0.19737779985046264 0.5077506367920248 -1.1321036655509382
-0.1727055748691548 0.5012581930875358 -1.1346710932791335
-0.14803334988784694 0.49476574938304685 -1.1372385210073288
-0.12336112490653911 0.4882733056785578 -1.1398059487355239
-0.09868889992523137 0.4817808619740689 -1.1423733764637192
-0.07401667494392353 0.4752884182695799 -1.1449408041919145
-0.04934444996261569 0.46879597456509087 -1.1475082319201098
-0.024672224981307844 0.4623035308606019 -1.1500756596483048
0.0 0.4558110871561129 -1.1526430873765001
-0.9622167742710052 0.7167420032778973 -1.0720497294917422
-0.9375445492896973 0.7102495595734083 -1.0746171572199374
-0.9128723243083895 0.7037571158689193 -1.0771845849481325
-0.8882000993270818 0.6972646721644303 -1.0797520126763278
-0.8635278743457739 0.6907722284599414 -1.082319440404523
-0.838855649364466 0.6842797847554524 -1.0848868681327182
-0.8141834243831582 0.6777873410509634 -1.0874542958609135
-0.7895111994018503 0.6712948973464744 -1.0900217235891088
-0.7648389744205426 0.6648024536419854 -1.092589151317304
-0.7401667494392348 0.6583100099374964 -1.0951565790454991
-0.7154945244579269 0.6518175662330075 -1.0977240067736944
-0.6908222994766191 0.6453251225285184 -1.1002914345018897
-0.6661500744953113 0.6388326788240294 -1.102858862230085
-0.6414778495140036 0.6323402351195404 -1.10542628995828
-0.6168056245326956 0.6258477914150514 -1.1079937176864754
-0.5921333995513878 0.6193553477105624 -1.1105611454146707
-0.5674611745700799 0.6128629040060735 -1.113128573142866
-0.5427889495887721 0.6063704603015845 -1.115696000871061
-0.5181167246074644 0.5998780165970955 -1.1182634285992563
-0.49344449962615644 0.5933855728926065 -1.1208308563274516
-0.4687722746448487 0.5868931291881175 -1.1233982840556467
-0.4441000496635409 0.5804006854836286 -1.125965711783842
-0.419427824682233 0.5739082417791396 -1.1285331395120373
-0.39475559970092516 0.5674157980746506 -1.1311005672402326
-0.37008337471961733 0.5609233543701615 -1.1336679949684276
-0.3454111497383096 0.5544309106656726 -1.136235422696623
-0.3207389247570018 0.5479384669611835 -1.1388028504248182
-0.2960666997756939 0.5414460232566946 -1.1413702781530135
-0.27139447479438605 0.5349535795522056 -1.1439377058812086
-0.24672224981307822 0.5284611358477166 -1.1465051336094039
-0.2220500248317705 0.5219686921432276 -1.1490725613375992
-0.19737779985046264 0.5154762484387386 -1.1516399890657942
-0.1727055748691548 0.5089838047342496 -1.1542074167939895
-0.14803334988784694 0.5024913610297607 -1.1567748445221848
-0.12336112490653911 0.4959989173252717 -1.1593422722503801
-0.09868889992523137 0.4895064736207827 -1.1619096999785752
-0.07401667494392353 0.4830140299162937 -1.1644771277067705
-0.04934444996261569 0.47652158621180474 -1.1670445554349658
-0.024672224981307844 0.4700291425073157 -1.169611983163161
0.0 0.4635366988028267 -1.1721794108913561
-0.9622167742710052 0.724467614924611 -1.091586053006598
-0.9375445492896973 0.717975171220122 -1.0941534807347932
-0.9128723243083895 0.711482727515633 -1.0967209084629885
-0.8882000993270818 0.704990283811144 -1.0992883361911836
-0.8635278743457739 0.698497840106655 -1.101855763919379
-0.838855649364466 0.6920053964021661 -1.1044231916475742
-0.8141834243831582 0.6855129526976771 -1.1069906193757695
-0.7895111994018503 0.6790205089931881 -1.1095580471039646
-0.7648389744205426 0.6725280652886991 -1.1121254748321598
-0.7401667494392348 0.6660356215842101 -1.1146929025603551
-0.7154945244579269 0.6595431778797212 -1.1172603302885502
-0.6908222994766191 0.6530507341752322 -1.1198277580167455
-0.6661500744953113 0.6465582904707432 -1.1223951857449408
-0.6414778495140036 0.6400658467662542 -1.124962613473136
-0.6168056245326956 0.6335734030617651 -1.1275300412013312
-0.5921333995513878 0.6270809593572761 -1.1300974689295264
-0.5674611745700799 0.6205885156527872 -1.1326648966577217
-0.5427889495887721 0.6140960719482982 -1.135232324385917
-0.5181167246074644 0.6076036282438092 -1.137799752114112
-0.49344449962615644 0.6011111845393202 -1.1403671798423074
-0.4687722746448487 0.5946187408348312 -1.1429346075705027
-0.4441000496635409 0.5881262971303423 -1.145502035298698
-0.419427824682233 0.5816338534258533 -1.148069463026893
-0.39475559970092516 0.5751414097213643 -1.1506368907550883
-0.37008337471961733 0.5686489660168753 -1.1532043184832836
-0.3454111497383096 0.5621565223123863 -1.1557717462114787
-0.3207389247570018 0.5556640786078973 -1.158339173939674
-0.2960666997756939 0.5491716349034084 -1.1609066016678693
-0.27139447479438605 0.5426791911989194 -1.1634740293960646
-0.24672224981307822 0.5361867474944304 -1.1660414571242597
-0.2220500248317705 0.5296943037899414 -1.168608884852455
-0.19737779985046264 0.5232018600854524 -1.1711763125806502
-0.1727055748691548 0.5167094163809633 -1.1737437403088455
-0.14803334988784694 0.5102169726764744 -1.1763111680370406
-0.12336112490653911 0.5037245289719854 -1.178878595765236
-0.09868889992523137 0.49723208526749646 -1.1814460234934312
-0.07401667494392353 0.4907396415630075 -1.1840134512216263
-0.04934444996261569 0.48424719785851844 -1.1865808789498216
-0.024672224981307844 0.47775475415402946 -1.1891483066780169
0.0 0.4712623104495405 -1.1917157344062121
-0.9622167742710052 0.7321932265713248 -1.111122376521454
-0.9375445492896973 0.7257007828668358 -1.113689804249649
-0.9128723243083895 0.7192083391623468 -1.1162572319778443
-0.8882000993270818 0.7127158954578579 -1.1188246597060396
-0.8635278743457739 0.7062234517533689 -1.1213920874342347
-0.838855649364466 0.6997310080488799 -1.12395951516243
-0.8141834243831582 0.6932385643443908 -1.1265269428906253
-0.7895111994018503 0.6867461206399018 -1.1290943706188206
-0.7648389744205426 0.6802536769354129 -1.1316617983470156
-0.7401667494392348 0.6737612332309239 -1.134229226075211
-0.7154945244579269 0.6672687895264349 -1.1367966538034062
-0.6908222994766191 0.6607763458219459 -1.1393640815316015
-0.6661500744953113 0.6542839021174569 -1.1419315092597966
-0.6414778495140036 0.6477914584129679 -1.1444989369879919
-0.6168056245326956 0.6412990147084789 -1.1470663647161872
-0.5921333995513878 0.63480657100399 -1.1496337924443822
-0.5674611745700799 0.628314127299501 -1.1522012201725775
-0.5427889495887721 0.621821683595012 -1.1547686479007728
-0.5181167246074644 0.615329239890523 -1.1573360756289681
-0.49344449962615644 0.608836796186034 -1.1599035033571632
-0.4687722746448487 0.602344352481545 -1.1624709310853585
-0.4441000496635409 0.5958519087770561 -1.1650383588135538
-0.419427824682233 0.5893594650725671 -1.167605786541749
-0.39475559970092516 0.582867021368078 -1.1701732142699441
-0.37008337471961733 0.576374577663589 -1.1727406419981394
-0.3454111497383096 0.5698821339591 -1.1753080697263347
-0.3207389247570018 0.563389690254611 -1.1778754974545298
-0.2960666997756939 0.5568972465501221 -1.180442925182725
-0.27139447479438605 0.5504048028456331 -1.1830103529109204
-0.24672224981307822 0.5439123591411441 -1.1855777806391157
-0.2220500248317705 0.5374199154366551 -1.1881452083673107
-0.19737779985046264 0.5309274717321661 -1.190712636095506
-0.1727055748691548 0.5244350280276772 -1.1932800638237013
-0.14803334988784694 0.5179425843231882 -1.1958474915518966
-0.12336112490653911 0.5114501406186992 -1.1984149192800917
-0.09868889992523137 0.5049576969142102 -1.200982347008287
-0.07401667494392353 0.49846525320972124 -1.2035497747364823
-0.04934444996261569 0.4919728095052322 -1.2061172024646776
-0.024672224981307844 0.4854803658007432 -1.2086846301928726
0.0 0.47898792209625424 -1.211252057921068
-0.9622167742710052 0.7399188382180386 -1.13065870003631
-0.9375445492896973 0.7334263945135496 -1.1332261277645053
-0.9128723243083895 0.7269339508090606 -1.1357935554927003
-0.8882000993270818 0.7204415071045717 -1.1383609832208956
-0.8635278743457739 0.7139490634000827 -1.140928410949091
-0.838855649364466 0.7074566196955937 -1.143495838677286
-0.8141834243831582 0.7009641759911047 -1.1460632664054813
-0.7895111994018503 0.6944717322866157 -1.1486306941336766
-0.7648389744205426 0.6879792885821268 -1.1511981218618719
-0.7401667494392348 0.6814868448776378 -1.153765549590067
-0.7154945244579269 0.6749944011731488 -1.1563329773182622
-0.6908222994766191 0.6685019574686597 -1.1589004050464575
-0.6661500744953113 0.6620095137641707 -1.1614678327746528
-0.6414778495140036 0.6555170700596817 -1.164035260502848
-0.6168056245326956 0.6490246263551928 -1.1666026882310432
-0.5921333995513878 0.6425321826507038 -1.1691701159592385
-0.5674611745700799 0.6360397389462148 -1.1717375436874335
-0.5427889495887721 0.6295472952417258 -1.1743049714156288
-0.5181167246074644 0.6230548515372368 -1.1768723991438241
-0.49344449962615644 0.6165624078327478 -1.1794398268720194
-0.4687722746448487 0.6100699641282589 -1.1820072546002145
-0.4441000496635409 0.6035775204237699 -1.1845746823284098
-0.419427824682233 0.5970850767192809 -1.187142110056605
-0.39475559970092516 0.5905926330147919 -1.1897095377848004
-0.37008337471961733 0.5841001893103028 -1.1922769655129954
-0.3454111497383096 0.577607745605814 -1.1948443932411907
-0.3207389247570018 0.5711153019013249 -1.197411820969386
-0.2960666997756939 0.5646228581968359 -1.199979248697581
-0.27139447479438605 0.5581304144923469 -1.2025466764257764
-0.24672224981307822 0.5516379707878579 -1.2051141041539717
-0.2220500248317705 0.5451455270833689 -1.207681531882167
-0.19737779985046264 0.53865308337888 -1.210248959610362
-0.1727055748691548 0.532160639674391 -1.2128163873385573
-0.14803334988784694 0.525668195969902 -1.2153838150667526
-0.12336112490653911 0.519175752265413 -1.217951242794948
-0.09868889992523137 0.512683308560924 -1.220518670523143
-0.07401667494392353 0.506190864856435 -1.2230860982513383
-0.04934444996261569 0.49969842115194607 -1.2256535259795336
-0.024672224981307844 0.49320597744745703 -1.2282209537077289
0.0 0.48671353374296805 -1.230788381435924
-0.9622167742710052 0.7476444498647523 -1.1501950235511658
-0.9375445492896973 0.7411520061602633 -1.152762451279361
-0.9128723243083895 0.7346595624557744 -1.1553298790075563
-0.8882000993270818 0.7281671187512854 -1.1578973067357514
-0.8635278743457739 0.7216746750467964 -1.1604647344639467
-0.838855649364466 0.7151822313423074 -1.163032162192142
-0.8141834243831582 0.7086897876378184 -1.165599589920337
-0.7895111994018503 0.7021973439333294 -1.1681670176485324
-0.7648389744205426 0.6957049002288405 -1.1707344453767277
-0.7401667494392348 0.6892124565243515 -1.173301873104923
-0.7154945244579269 0.6827200128198625 -1.175869300833118
-0.6908222994766191 0.6762275691153735 -1.1784367285613133
-0.6661500744953113 0.6697351254108845 -1.1810041562895086
-0.6414778495140036 0.6632426817063956 -1.183571584017704
-0.6168056245326956 0.6567502380019065 -1.186139011745899
-0.5921333995513878 0.6502577942974175 -1.1887064394740943
-0.5674611745700799 0.6437653505929285 -1.1912738672022896
-0.5427889495887721 0.6372729068884395 -1.1938412949304849
-0.5181167246074644 0.6307804631839505 -1.19640872265868
-0.49344449962615644 0.6242880194794616 -1.1989761503868752
-0.4687722746448487 0.6177955757749726 -1.2015435781150705
-0.4441000496635409 0.6113031320704836 -1.2041110058432656
-0.419427824682233 0.6048106883659946 -1.2066784335714609
-0.39475559970092516 0.5983182446615056 -1.2092458612996562
-0.37008337471961733 0.5918258009570166 -1.2118132890278515
-0.3454111497383096 0.5853333572525277 -1.2143807167560465
-0.3207389247570018 0.5788409135480387 -1.2169481444842418
-0.2960666997756939 0.5723484698435497 -1.2195155722124371
-0.27139447479438605 0.5658560261390607 -1.2220829999406324
-0.24672224981307822 0.5593635824345717 -1.2246504276688275
-0.2220500248317705 0.5528711387300828 -1.2272178553970228
-0.19737779985046264 0.5463786950255938 -1.229785283125218
-0.1727055748691548 0.5398862513211047 -1.2323527108534131
-0.14803334988784694 0.5333938076166157 -1.2349201385816084
-0.12336112490653911 0.5269013639121267 -1.2374875663098037
-0.09868889992523137 0.5204089202076377 -1.240054994037999
-0.07401667494392353 0.5139164765031488 -1.242622421766194
-0.04934444996261569 0.5074240327986598 -1.2451898494943894
-0.024672224981307844 0.5009315890941708 -1.2477572772225847
0.0 0.4944391453896818 -1.25032470495078
-0.9622167742710052 0.7553700615114661 -1.1697313470660216
-0.9375445492896973 0.7488776178069771 -1.1722987747942168
-0.9128723243083895 0.7423851741024882 -1.1748662025224121
-0.8882000993270818 0.7358927303979992 -1.1774336302506074
-0.8635278743457739 0.7294002866935102 -1.1800010579788025
-0.838855649364466 0.7229078429890212 -1.1825684857069978
-0.8141834243831582 0.7164153992845321 -1.185135913435193
-0.7895111994018503 0.7099229555800431 -1.1877033411633884
-0.7648389744205426 0.7034305118755543 -1.1902707688915835
-0.7401667494392348 0.6969380681710652 -1.1928381966197787
-0.7154945244579269 0.6904456244665762 -1.195405624347974
-0.6908222994766191 0.6839531807620872 -1.197973052076169
-0.6661500744953113 0.6774607370575982 -1.2005404798043644
-0.6414778495140036 0.6709682933531093 -1.2031079075325597
-0.6168056245326956 0.6644758496486203 -1.205675335260755
-0.5921333995513878 0.6579834059441313 -1.20824276298895
-0.5674611745700799 0.6514909622396423 -1.2108101907171454
-0.5427889495887721 0.6449985185351533 -1.2133776184453406
-0.5181167246074644 0.6385060748306643 -1.215945046173536
-0.49344449962615644 0.6320136311261754 -1.218512473901731
-0.4687722746448487 0.6255211874216864 -1.2210799016299263
-0.4441000496635409 0.6190287437171974 -1.2236473293581216
-0.419427824682233 0.6125363000127084 -1.2262147570863167
-0.39475559970092516 0.6060438563082193 -1.228782184814512
-0.37008337471961733 0.5995514126037303 -1.2313496125427073
-0.3454111497383096 0.5930589688992414 -1.2339170402709025
-0.3207389247570018 0.5865665251947524 -1.2364844679990976
-0.2960666997756939 0.5800740814902634 -1.239051895727293
-0.27139447479438605 0.5735816377857744 -1.2416193234554882
-0.24672224981307822 0.5670891940812854 -1.2441867511836835
-0.2220500248317705 0.5605967503767965 -1.2467541789118786
-0.19737779985046264 0.5541043066723075 -1.2493216066400739
-0.1727055748691548 0.5476118629678185 -1.2518890343682691
-0.14803334988784694 0.5411194192633295 -1.2544564620964644
-0.12336112490653911 0.5346269755588405 -1.2570238898246595
-0.09868889992523137 0.5281345318543516 -1.2595913175528548
-0.07401667494392353 0.5216420881498626 -1.26215874528105
-0.04934444996261569 0.5151496444453736 -1.2647261730092452
-0.024672224981307844 0.5086572007408846 -1.2672936007374405
0.0 0.5021647570363955 -1.2698610284656358
-0.9622167742710052 0.7630956731581799 -1.1892676705808778
-0.9375445492896973 0.756603229453691 -1.1918350983090729
-0.9128723243083895 0.750110785749202 -1.1944025260372682
-0.8882000993270818 0.743618342044713 -1.1969699537654634
-0.8635278743457739 0.737125898340224 -1.1995373814936587
-0.838855649364466 0.730633454635735 -1.2021048092218538
-0.8141834243831582 0.724141010931246 -1.204672236950049
-0.7895111994018503 0.7176485672267571 -1.2072396646782444
-0.7648389744205426 0.7111561235222681 -1.2098070924064395
-0.7401667494392348 0.7046636798177791 -1.2123745201346348
-0.7154945244579269 0.6981712361132901 -1.21494194786283
-0.6908222994766191 0.691678792408801 -1.2175093755910253
-0.6661500744953113 0.685186348704312 -1.2200768033192204
-0.6414778495140036 0.6786939049998231 -1.2226442310474157
-0.6168056245326956 0.6722014612953341 -1.225211658775611
-0.5921333995513878 0.6657090175908451 -1.2277790865038063
-0.5674611745700799 0.6592165738863561 -1.2303465142320014
-0.5427889495887721 0.6527241301818671 -1.2329139419601967
-0.5181167246074644 0.6462316864773782 -1.235481369688392
-0.49344449962615644 0.6397392427728892 -1.2380487974165872
-0.4687722746448487 0.6332467990684002 -1.2406162251447823
-0.4441000496635409 0.6267543553639112 -1.2431836528729776
-0.419427824682233 0.6202619116594222 -1.245751080601173
-0.39475559970092516 0.6137694679549333 -1.248318508329368
-0.37008337471961733 0.6072770242504442 -1.2508859360575633
-0.3454111497383096 0.6007845805459553 -1.2534533637857586
-0.3207389247570018 0.5942921368414662 -1.2560207915139538
-0.2960666997756939 0.5877996931369772 -1.258588219242149
-0.27139447479438605 0.5813072494324882 -1.2611556469703442
-0.24672224981307822 0.5748148057279993 -1.2637230746985395
-0.2220500248317705 0.5683223620235103 -1.2662905024267348
-0.19737779985046264 0.5618299183190213 -1.2688579301549299
-0.1727055748691548 0.5553374746145323 -1.2714253578831252
-0.14803334988784694 0.5488450309100433 -1.2739927856113205
-0.12336112490653911 0.5423525872055543 -1.2765602133395157
-0.09868889992523137 0.5358601435010654 -1.2791276410677108
-0.07401667494392353 0.5293676997965764 -1.2816950687959061
-0.04934444996261569 0.5228752560920874 -1.2842624965241014
-0.024672224981307844 0.5163828123875984 -1.2868299242522965
0.0 0.5098903686831094 -1.2893973519804918
-0.9622167742710052 0.7708212848048936 -1.2088039940957336
-0.9375445492896973 0.7643288411004047 -1.2113714218239289
-0.9128723243083895 0.7578363973959157 -1.2139388495521242
-0.8882000993270818 0.7513439536914267 -1.2165062772803192
-0.8635278743457739 0.7448515099869377 -1.2190737050085145
-0.838855649364466 0.7383590662824487 -1.2216411327367098
-0.8141834243831582 0.7318666225779598 -1.224208560464905
-0.7895111994018503 0.7253741788734708 -1.2267759881931002
-0.7648389744205426 0.7188817351689818 -1.2293434159212955
-0.7401667494392348 0.7123892914644928 -1.2319108436494908
-0.7154945244579269 0.7058968477600038 -1.2344782713776858
-0.6908222994766191 0.6994044040555149 -1.2370456991058811
-0.6661500744953113 0.6929119603510259 -1.2396131268340764
-0.6414778495140036 0.6864195166465369 -1.2421805545622715
-0.6168056245326956 0.6799270729420478 -1.2447479822904668
-0.5921333995513878 0.6734346292375588 -1.247315410018662
-0.5674611745700799 0.6669421855330698 -1.2498828377468574
-0.5427889495887721 0.6604497418285808 -1.2524502654750524
-0.5181167246074644 0.6539572981240919 -1.2550176932032477
-0.49344449962615644 0.6474648544196029 -1.257585120931443
-0.4687722746448487 0.6409724107151139 -1.2601525486596383
-0.4441000496635409 0.6344799670106249 -1.2627199763878334
-0.419427824682233 0.6279875233061359 -1.2652874041160287
-0.39475559970092516 0.621495079601647 -1.267854831844224
-0.37008337471961733 0.615002635897158 -1.2704222595724193
-0.3454111497383096 0.608510192192669 -1.2729896873006143
-0.3207389247570018 0.60201774848818 -1.2755571150288096
-0.2960666997756939 0.595525304783691 -1.278124542757005
-0.27139447479438605 0.589032861079202 -1.2806919704852
-0.24672224981307822 0.5825404173747131 -1.2832593982133953
-0.2220500248317705 0.5760479736702241 -1.2858268259415906
-0.19737779985046264 0.5695555299657351 -1.2883942536697859
-0.1727055748691548 0.563063086261246 -1.290961681397981
-0.14803334988784694 0.556570642556757 -1.2935291091261762
-0.12336112490653911 0.550078198852268 -1.2960965368543715
-0.09868889992523137 0.5435857551477791 -1.2986639645825668
-0.07401667494392353 0.5370933114432901 -1.301231392310762
-0.04934444996261569 0.5306008677388011 -1.3037988200389572
-0.024672224981307844 0.5241084240343121 -1.3063662477671525
0.0 0.5176159803298231 -1.3089336754953478
-0.9622167742710052 0.7785468964516075 -1.2283403176105894
-0.9375445492896973 0.7720544527471185 -1.2309077453387847
-0.9128723243083895 0.7655620090426295 -1.23347517306698
-0.8882000993270818 0.7590695653381405 -1.2360426007951753
-0.8635278743457739 0.7525771216336515 -1.2386100285233703
-0.838855649364466 0.7460846779291626 -1.2411774562515656
-0.8141834243831582 0.7395922342246735 -1.243744883979761
-0.7895111994018503 0.7330997905201845 -1.246312311707956
-0.7648389744205426 0.7266073468156956 -1.2488797394361513
-0.7401667494392348 0.7201149031112065 -1.2514471671643466
-0.7154945244579269 0.7136224594067175 -1.2540145948925419
-0.6908222994766191 0.7071300157022286 -1.256582022620737
-0.6661500744953113 0.7006375719977396 -1.2591494503489322
-0.6414778495140036 0.6941451282932506 -1.2617168780771275
-0.6168056245326956 0.6876526845887616 -1.2642843058053228
-0.5921333995513878 0.6811602408842726 -1.2668517335335179
-0.5674611745700799 0.6746677971797836 -1.2694191612617132
-0.5427889495887721 0.6681753534752947 -1.2719865889899085
-0.5181167246074644 0.6616829097708057 -1.2745540167181035
-0.49344449962615644 0.6551904660663167 -1.2771214444462988
-0.4687722746448487 0.6486980223618277 -1.2796888721744941
-0.4441000496635409 0.6422055786573387 -1.2822562999026894
-0.419427824682233 0.6357131349528498 -1.2848237276308845
-0.39475559970092516 0.6292206912483607 -1.2873911553590798
-0.37008337471961733 0.6227282475438717 -1.289958583087275
-0.3454111497383096 0.6162358038393827 -1.2925260108154704
-0.3207389247570018 0.6097433601348937 -1.2950934385436654
-0.2960666997756939 0.6032509164304047 -1.2976608662718607
-0.27139447479438605 0.5967584727259158 -1.300228294000056
-0.24672224981307822 0.5902660290214268 -1.3027957217282513
-0.2220500248317705 0.5837735853169378 -1.3053631494564464
-0.19737779985046264 0.5772811416124488 -1.3079305771846417
-0.1727055748691548 0.5707886979079598 -1.310498004912837
-0.14803334988784694 0.5642962542034708 -1.313065432641032
-0.12336112490653911 0.5578038104989819 -1.3156328603692273
-0.09868889992523137 0.5513113667944929 -1.3182002880974226
-0.07401667494392353 0.5448189230900039 -1.320767715825618
-0.04934444996261569 0.5383264793855149 -1.323335143553813
-0.024672224981307844 0.5318340356810259 -1.3259025712820083
0.0 0.5253415919765368 -1.3284699990102036
-0.9622167742710052 0.7862725080983213 -1.2478766411254456
-0.9375445492896973 0.7797800643938323 -1.2504440688536407
-0.9128723243083895 0.7732876206893433 -1.253011496581836
-0.8882000993270818 0.7667951769848543 -1.2555789243100313
-0.8635278743457739 0.7603027332803654 -1.2581463520382266
-0.838855649364466 0.7538102895758764 -1.2607137797664216
-0.8141834243831582 0.7473178458713874 -1.263281207494617
-0.7895111994018503 0.7408254021668984 -1.2658486352228122
-0.7648389744205426 0.7343329584624094 -1.2684160629510073
-0.7401667494392348 0.7278405147579204 -1.2709834906792026
-0.7154945244579269 0.7213480710534315 -1.2735509184073979
-0.6908222994766191 0.7148556273489424 -1.2761183461355932
-0.6661500744953113 0.7083631836444534 -1.2786857738637882
-0.6414778495140036 0.7018707399399644 -1.2812532015919835
-0.6168056245326956 0.6953782962354754 -1.2838206293201788
-0.5921333995513878 0.6888858525309864 -1.2863880570483741
-0.5674611745700799 0.6823934088264975 -1.2889554847765692
-0.5427889495887721 0.6759009651220085 -1.2915229125047645
-0.5181167246074644 0.6694085214175195 -1.2940903402329598
-0.49344449962615644 0.6629160777130305 -1.296657767961155
-0.4687722746448487 0.6564236340085415 -1.2992251956893501
-0.4441000496635409 0.6499311903040526 -1.3017926234175454
-0.419427824682233 0.6434387465995636 -1.3043600511457407
-0.39475559970092516 0.6369463028950746 -1.3069274788739358
-0.37008337471961733 0.6304538591905855 -1.309494906602131
-0.3454111497383096 0.6239614154860966 -1.3120623343303264
-0.3207389247570018 0.6174689717816075 -1.3146297620585217
-0.2960666997756939 0.6109765280771186 -1.3171971897867167
-0.27139447479438605 0.6044840843726296 -1.319764617514912
-0.24672224981307822 0.5979916406681406 -1.3223320452431073
-0.2220500248317705 0.5914991969636516 -1.3248994729713024
-0.19737779985046264 0.5850067532591626 -1.3274669006994977
-0.1727055748691548 0.5785143095546736 -1.330034328427693
-0.14803334988784694 0.5720218658501847 -1.3326017561558883
-0.12336112490653911 0.5655294221456957 -1.3351691838840833
-0.09868889992523137 0.5590369784412067 -1.3377366116122786
-0.07401667494392353 0.5525445347367177 -1.340304039340474
-0.04934444996261569 0.5460520910322287 -1.3428714670686692
-0.024672224981307844 0.5395596473277398 -1.3454388947968643
0.0 0.5330672036232508 -1.3480063225250596
-0.9622167742710052 0.793998119745035 -1.2674129646403014
-0.9375445492896973 0.787505676040546 -1.2699803923684967
-0.9128723243083895 0.781013232336057 -1.2725478200966918
-0.8882000993270818 0.774520788631568 -1.275115247824887
-0.8635278743457739 0.768028344927079 -1.2776826755530823
-0.838855649364466 0.7615359012225901 -1.2802501032812776
-0.8141834243831582 0.7550434575181011 -1.2828175310094727
-0.7895111994018503 0.7485510138136121 -1.285384958737668
-0.7648389744205426 0.7420585701091231 -1.2879523864658633
-0.7401667494392348 0.7355661264046341 -1.2905198141940586
-0.7154945244579269 0.7290736827001452 -1.2930872419222537
-0.6908222994766191 0.7225812389956562 -1.295654669650449
-0.6661500744953113 0.7160887952911672 -1.2982220973786442
-0.6414778495140036 0.7095963515866782 -1.3007895251068393
-0.6168056245326956 0.7031039078821891 -1.3033569528350346
-0.5921333995513878 0.6966114641777001 -1.30592438056323
-0.5674611745700799 0.6901190204732112 -1.3084918082914252
-0.5427889495887721 0.6836265767687222 -1.3110592360196203
-0.5181167246074644 0.6771341330642332 -1.3136266637478156
-0.49344449962615644 0.6706416893597442 -1.3161940914760109
-0.4687722746448487 0.6641492456552552 -1.3187615192042061
-0.4441000496635409 0.6576568019507663 -1.3213289469324012
-0.419427824682233 0.6511643582462773 -1.3238963746605965
-0.39475559970092516 0.6446719145417883 -1.3264638023887918
-0.37008337471961733 0.6381794708372993 -1.329031230116987
-0.3454111497383096 0.6316870271328103 -1.3315986578451822
-0.3207389247570018 0.6251945834283213 -1.3341660855733775
-0.2960666997756939 0.6187021397238324 -1.3367335133015728
-0.27139447479438605 0.6122096960193434 -1.3393009410297678
-0.24672224981307822 0.6057172523148544 -1.3418683687579631
-0.2220500248317705 0.5992248086103654 -1.3444357964861584
-0.19737779985046264 0.5927323649058764 -1.3470032242143537
-0.1727055748691548 0.5862399212013873 -1.3495706519425488
-0.14803334988784694 0.5797474774968984 -1.352138079670744
-0.12336112490653911 0.5732550337924094 -1.3547055073989394
-0.09868889992523137 0.5667625900879204 -1.3572729351271344
-0.07401667494392353 0.5602701463834314 -1.3598403628553297
-0.04934444996261569 0.5537777026789424 -1.362407790583525
-0.024672224981307844 0.5472852589744535 -1.3649752183117203
0.0 0.5407928152699645 -1.3675426460399154
-0.9622167742710052 0.8017237313917488 -1.2869492881551572
-0.9375445492896973 0.7952312876872598 -1.2895167158833525
-0.9128723243083895 0.7887388439827708 -1.2920841436115478
-0.8882000993270818 0.7822464002782819 -1.2946515713397428
-0.8635278743457739 0.7757539565737929 -1.2972189990679381
-0.838855649364466 0.7692615128693039 -1.2997864267961334
-0.8141834243831582 0.7627690691648148 -1.3023538545243287
-0.7895111994018503 0.7562766254603258 -1.3049212822525238
-0.7648389744205426 0.7497841817558369 -1.307488709980719
-0.7401667494392348 0.7432917380513479 -1.3100561377089144
-0.7154945244579269 0.7367992943468589 -1.3126235654371097
-0.6908222994766191 0.7303068506423699 -1.3151909931653047
-0.6661500744953113 0.7238144069378809 -1.3177584208935
-0.6414778495140036 0.7173219632333919 -1.3203258486216953
-0.6168056245326956 0.7108295195289029 -1.3228932763498906
-0.5921333995513878 0.704337075824414 -1.3254607040780857
-0.5674611745700799 0.697844632119925 -1.328028131806281
-0.5427889495887721 0.691352188415436 -1.3305955595344763
-0.5181167246074644 0.684859744710947 -1.3331629872626714
-0.49344449962615644 0.678367301006458 -1.3357304149908666
-0.4687722746448487 0.671874857301969 -1.338297842719062
-0.4441000496635409 0.6653824135974801 -1.3408652704472572
-0.419427824682233 0.6588899698929911 -1.3434326981754523
-0.39475559970092516 0.652397526188502 -1.3460001259036476
-0.37008337471961733 0.645905082484013 -1.3485675536318429
-0.3454111497383096 0.639412638779524 -1.3511349813600382
-0.3207389247570018 0.632920195075035 -1.3537024090882332
-0.2960666997756939 0.6264277513705461 -1.3562698368164285
-0.27139447479438605 0.6199353076660571 -1.3588372645446238
-0.24672224981307822 0.6134428639615681 -1.361404692272819
-0.2220500248317705 0.6069504202570791 -1.3639721200010142
-0.19737779985046264 0.6004579765525901 -1.3665395477292095
-0.1727055748691548 0.5939655328481012 -1.3691069754574048
-0.14803334988784694 0.5874730891436122 -1.3716744031855999
-0.12336112490653911 0.5809806454391232 -1.3742418309137951
-0.09868889992523137 0.5744882017346342 -1.3768092586419904
-0.07401667494392353 0.5679957580301452 -1.3793766863701857
-0.04934444996261569 0.5615033143256563 -1.3819441140983808
-0.024672224981307844 0.5550108706211672 -1.384511541826576
0.0 0.5485184269166782 -1.3870789695547714
-0.9622167742710052 0.8094493430384626 -1.3064856116700134
-0.9375445492896973 0.8029568993339736 -1.3090530393982085
-0.9128723243083895 0.7964644556294846 -1.3116204671264038
-0.8882000993270818 0.7899720119249957 -1.314187894854599
-0.8635278743457739 0.7834795682205067 -1.3167553225827942
-0.838855649364466 0.7769871245160177 -1.3193227503109894
-0.8141834243831582 0.7704946808115287 -1.3218901780391847
-0.7895111994018503 0.7640022371070397 -1.32445760576738
-0.7648389744205426 0.7575097934025508 -1.327025033495575
-0.7401667494392348 0.7510173496980618 -1.3295924612237704
-0.7154945244579269 0.7445249059935728 -1.3321598889519657
-0.6908222994766191 0.7380324622890837 -1.334727316680161
-0.6661500744953113 0.7315400185845947 -1.337294744408356
-0.6414778495140036 0.7250475748801057 -1.3398621721365513
-0.6168056245326956 0.7185551311756168 -1.3424295998647466
-0.5921333995513878 0.7120626874711278 -1.3449970275929417
-0.5674611745700799 0.7055702437666388 -1.347564455321137
-0.5427889495887721 0.6990778000621498 -1.3501318830493323
-0.5181167246074644 0.6925853563576608 -1.3526993107775276
-0.49344449962615644 0.6860929126531718 -1.3552667385057227
-0.4687722746448487 0.6796004689486829 -1.357834166233918
-0.4441000496635409 0.6731080252441939 -1.3604015939621132
-0.419427824682233 0.6666155815397049 -1.3629690216903085
-0.39475559970092516 0.6601231378352159 -1.3655364494185036
-0.37008337471961733 0.6536306941307268 -1.368103877146699
-0.3454111497383096 0.647138250426238 -1.3706713048748942
-0.3207389247570018 0.6406458067217489 -1.3732387326030893
-0.2960666997756939 0.6341533630172599 -1.3758061603312846
-0.27139447479438605 0.6276609193127709 -1.3783735880594798
-0.24672224981307822 0.6211684756082819 -1.3809410157876751
-0.2220500248317705 0.6146760319037929 -1.3835084435158702
-0.19737779985046264 0.608183588199304 -1.3860758712440655
-0.1727055748691548 0.601691144494815 -1.3886432989722608
-0.14803334988784694 0.595198700790326 -1.391210726700456
-0.12336112490653911 0.588706257085837 -1.3937781544286512
-0.09868889992523137 0.582213813381348 -1.3963455821568465
-0.07401667494392353 0.575721369676859 -1.3989130098850417
-0.04934444996261569 0.5692289259723701 -1.401480437613237
-0.024672224981307844 0.5627364822678811 -1.404047865341432
0.0 0.5562440385633921 -1.4066152930696274
-0.9622167742710052 0.8171749546851763 -1.3260219351848692
-0.9375445492896973 0.8106825109806873 -1.3285893629130645
-0.9128723243083895 0.8041900672761984 -1.3311567906412596
-0.8882000993270818 0.7976976235717094 -1.3337242183694549
-0.8635278743457739 0.7912051798672204 -1.3362916460976502
-0.838855649364466 0.7847127361627314 -1.3388590738258452
-0.8141834243831582 0.7782202924582424 -1.3414265015540405
-0.7895111994018503 0.7717278487537534 -1.3439939292822358
-0.7648389744205426 0.7652354050492645 -1.3465613570104311
-0.7401667494392348 0.7587429613447755 -1.3491287847386262
-0.7154945244579269 0.7522505176402865 -1.3516962124668215
-0.6908222994766191 0.7457580739357975 -1.3542636401950168
-0.6661500744953113 0.7392656302313085 -1.356831067923212
-0.6414778495140036 0.7327731865268196 -1.3593984956514071
-0.6168056245326956 0.7262807428223305 -1.3619659233796024
-0.5921333995513878 0.7197882991178415 -1.3645333511077977
-0.5674611745700799 0.7132958554133525 -1.367100778835993
-0.5427889495887721 0.7068034117088635 -1.369668206564188
-0.5181167246074644 0.7003109680043745 -1.3722356342923834
-0.49344449962615644 0.6938185242998856 -1.3748030620205787
-0.4687722746448487 0.6873260805953966 -1.3773704897487737
-0.4441000496635409 0.6808336368909076 -1.379937917476969
-0.419427824682233 0.6743411931864186 -1.3825053452051643
-0.39475559970092516 0.6678487494819296 -1.3850727729333596
-0.37008337471961733 0.6613563057774406 -1.3876402006615547
-0.3454111497383096 0.6548638620729517 -1.39020762838975
-0.3207389247570018 0.6483714183684627 -1.3927750561179453
-0.2960666997756939 0.6418789746639737 -1.3953424838461406
-0.27139447479438605 0.6353865309594847 -1.3979099115743356
-0.24672224981307822 0.6288940872549957 -1.400477339302531
-0.2220500248317705 0.6224016435505068 -1.4030447670307262
-0.19737779985046264 0.6159091998460178 -1.4056121947589213
-0.1727055748691548 0.6094167561415287 -1.4081796224871166
-0.14803334988784694 0.6029243124370397 -1.4107470502153119
-0.12336112490653911 0.5964318687325507 -1.4133144779435072
-0.09868889992523137 0.5899394250280617 -1.4158819056717022
-0.07401667494392353 0.5834469813235728 -1.4184493333998975
-0.04934444996261569 0.5769545376190838 -1.4210167611280928
-0.024672224981307844 0.5704620939145948 -1.4235841888562881
0.0 0.5639696502101058 -1.4261516165844832
-0.9622167742710052 0.8249005663318901 -1.345558258699725
-0.9375445492896973 0.8184081226274011 -1.3481256864279203
-0.9128723243083895 0.8119156789229122 -1.3506931141561156
-0.8882000993270818 0.8054232352184232 -1.3532605418843107
-0.8635278743457739 0.7989307915139342 -1.355827969612506
-0.838855649364466 0.7924383478094452 -1.3583953973407012
-0.8141834243831582 0.7859459041049561 -1.3609628250688965
-0.7895111994018503 0.7794534604004671 -1.3635302527970916
-0.7648389744205426 0.7729610166959783 -1.366097680525287
-0.7401667494392348 0.7664685729914892 -1.3686651082534822
-0.7154945244579269 0.7599761292870002 -1.3712325359816775
-0.6908222994766191 0.7534836855825112 -1.3737999637098726
-0.6661500744953113 0.7469912418780222 -1.3763673914380679
-0.6414778495140036 0.7404987981735333 -1.3789348191662631
-0.6168056245326956 0.7340063544690443 -1.3815022468944582
-0.5921333995513878 0.7275139107645553 -1.3840696746226535
-0.5674611745700799 0.7210214670600663 -1.3866371023508488
-0.5427889495887721 0.7145290233555773 -1.389204530079044
-0.5181167246074644 0.7080365796510883 -1.3917719578072392
-0.49344449962615644 0.7015441359465994 -1.3943393855354345
-0.4687722746448487 0.6950516922421104 -1.3969068132636298
-0.4441000496635409 0.6885592485376214 -1.399474240991825
-0.419427824682233 0.6820668048331323 -1.4020416687200201
-0.39475559970092516 0.6755743611286433 -1.4046090964482154
-0.37008337471961733 0.6690819174241543 -1.4071765241764107
-0.3454111497383096 0.6625894737196654 -1.4097439519046058
-0.3207389247570018 0.6560970300151764 -1.412311379632801
-0.2960666997756939 0.6496045863106874 -1.4148788073609964
-0.27139447479438605 0.6431121426061984 -1.4174462350891917
-0.24672224981307822 0.6366196989017094 -1.4200136628173867
-0.2220500248317705 0.6301272551972205 -1.422581090545582
-0.19737779985046264 0.6236348114927315 -1.4251485182737773
-0.1727055748691548 0.6171423677882425 -1.4277159460019726
-0.14803334988784694 0.6106499240837535 -1.4302833737301677
-0.12336112490653911 0.6041574803792645 -1.432850801458363
-0.09868889992523137 0.5976650366747756 -1.4354182291865583
-0.07401667494392353 0.5911725929702866 -1.4379856569147533
-0.04934444996261569 0.5846801492657976 -1.4405530846429486
-0.024672224981307844 0.5781877055613085 -1.443120512371144
0.0 0.5716952618568195 -1.4456879400993392
-0.9622167742710052 0.8326261779786039 -1.365094582214581
-0.9375445492896973 0.826133734274115 -1.3676620099427763
-0.9128723243083895 0.819641290569626 -1.3702294376709716
-0.8882000993270818 0.813148846865137 -1.372796865399167
-0.8635278743457739 0.806656403160648 -1.375364293127362
-0.838855649364466 0.800163959456159 -1.3779317208555573
-0.8141834243831582 0.79367151575167 -1.3804991485837526
-0.7895111994018503 0.7871790720471811 -1.3830665763119478
-0.7648389744205426 0.7806866283426921 -1.385634004040143
-0.7401667494392348 0.7741941846382031 -1.3882014317683382
-0.7154945244579269 0.7677017409337141 -1.3907688594965335
-0.6908222994766191 0.761209297229225 -1.3933362872247288
-0.6661500744953113 0.754716853524736 -1.3959037149529239
-0.6414778495140036 0.7482244098202471 -1.3984711426811192
-0.6168056245326956 0.7417319661157581 -1.4010385704093145
-0.5921333995513878 0.7352395224112691 -1.4036059981375095
-0.5674611745700799 0.7287470787067801 -1.4061734258657048
-0.5427889495887721 0.7222546350022911 -1.4087408535939
-0.5181167246074644 0.7157621912978022 -1.4113082813220954
-0.49344449962615644 0.7092697475933132 -1.4138757090502905
-0.4687722746448487 0.7027773038888242 -1.4164431367784858
-0.4441000496635409 0.6962848601843352 -1.419010564506681
-0.419427824682233 0.6897924164798462 -1.4215779922348764
-0.39475559970092516 0.6832999727753573 -1.4241454199630714
-0.37008337471961733 0.6768075290708682 -1.4267128476912667
-0.3454111497383096 0.6703150853663793 -1.429280275419462
-0.3207389247570018 0.6638226416618902 -1.431847703147657
-0.2960666997756939 0.6573301979574012 -1.4344151308758524
-0.27139447479438605 0.6508377542529122 -1.4369825586040477
-0.24672224981307822 0.6443453105484233 -1.439549986332243
-0.2220500248317705 0.6378528668439343 -1.442117414060438
-0.19737779985046264 0.6313604231394453 -1.4446848417886333
-0.1727055748691548 0.6248679794349563 -1.4472522695168286
-0.14803334988784694 0.6183755357304673 -1.449819697245024
-0.12336112490653911 0.6118830920259783 -1.452387124973219
-0.09868889992523137 0.6053906483214894 -1.4549545527014143
-0.07401667494392353 0.5988982046170004 -1.4575219804296096
-0.04934444996261569 0.5924057609125114 -1.4600894081578046
-0.024672224981307844 0.5859133172080224 -1.462656835886
0.0 0.5794208735035334 -1.4652242636141952
-0.9622167742710052 0.8403517896253176 -1.384630905729437
-0.9375445492896973 0.8338593459208287 -1.3871983334576323
-0.9128723243083895 0.8273669022163397 -1.3897657611858274
-0.8882000993270818 0.8208744585118507 -1.3923331889140227
-0.8635278743457739 0.8143820148073617 -1.394900616642218
-0.838855649364466 0.8078895711028727 -1.397468044370413
-0.8141834243831582 0.8013971273983838 -1.4000354720986083
-0.7895111994018503 0.7949046836938948 -1.4026028998268036
-0.7648389744205426 0.7884122399894058 -1.405170327554999
-0.7401667494392348 0.7819197962849168 -1.407737755283194
-0.7154945244579269 0.7754273525804278 -1.4103051830113893
-0.6908222994766191 0.7689349088759388 -1.4128726107395846
-0.6661500744953113 0.7624424651714499 -1.4154400384677799
-0.6414778495140036 0.7559500214669609 -1.418007466195975
-0.6168056245326956 0.7494575777624718 -1.4205748939241702
-0.5921333995513878 0.7429651340579828 -1.4231423216523655
-0.5674611745700799 0.7364726903534938 -1.4257097493805606
-0.5427889495887721 0.7299802466490048 -1.428277177108756
-0.5181167246074644 0.7234878029445159 -1.4308446048369512
-0.49344449962615644 0.7169953592400269 -1.4334120325651465
-0.4687722746448487 0.7105029155355379 -1.4359794602933416
-0.4441000496635409 0.7040104718310489 -1.4385468880215369
-0.419427824682233 0.6975180281265599 -1.4411143157497321
-0.39475559970092516 0.691025584422071 -1.4436817434779274
-0.37008337471961733 0.684533140717582 -1.4462491712061225
-0.3454111497383096 0.678040697013093 -1.4488165989343178
-0.3207389247570018 0.671548253308604 -1.451384026662513
-0.2960666997756939 0.665055809604115 -1.4539514543907082
-0.27139447479438605 0.658563365899626 -1.4565188821189035
-0.24672224981307822 0.6520709221951371 -1.4590863098470988
-0.2220500248317705 0.6455784784906481 -1.461653737575294
-0.19737779985046264 0.6390860347861591 -1.4642211653034891
-0.1727055748691548 0.63259359108167 -1.4667885930316844
-0.14803334988784694 0.626101147377181 -1.4693560207598797
-0.12336112490653911 0.619608703672692 -1.471923448488075
-0.09868889992523137 0.6131162599682031 -1.47449087621627
-0.07401667494392353 0.6066238162637141 -1.4770583039444654
-0.04934444996261569 0.6001313725592251 -1.4796257316726606
-0.024672224981307844 0.5936389288547361 -1.482193159400856
0.0 0.5871464851502471 -1.484760587129051
-0.9622167742710052 0.8480774012720315 -1.4041672292442928
-0.9375445492896973 0.8415849575675425 -1.4067346569724881
-0.9128723243083895 0.8350925138630535 -1.4093020847006834
-0.8882000993270818 0.8286000701585645 -1.4118695124288785
-0.8635278743457739 0.8221076264540755 -1.4144369401570738
-0.838855649364466 0.8156151827495866 -1.417004367885269
-0.8141834243831582 0.8091227390450975 -1.4195717956134641
-0.7895111994018503 0.8026302953406085 -1.4221392233416594
-0.7648389744205426 0.7961378516361196 -1.4247066510698547
-0.7401667494392348 0.7896454079316305 -1.42727407879805
-0.7154945244579269 0.7831529642271415 -1.429841506526245
-0.6908222994766191 0.7766605205226526 -1.4324089342544404
-0.6661500744953113 0.7701680768181636 -1.4349763619826357
-0.6414778495140036 0.7636756331136746 -1.437543789710831
-0.6168056245326956 0.7571831894091856 -1.440111217439026
-0.5921333995513878 0.7506907457046966 -1.4426786451672213
-0.5674611745700799 0.7441983020002076 -1.4452460728954166
-0.5427889495887721 0.7377058582957187 -1.447813500623612
-0.5181167246074644 0.7312134145912297 -1.450380928351807
-0.49344449962615644 0.7247209708867407 -1.4529483560800023
-0.4687722746448487 0.7182285271822517 -1.4555157838081976
-0.4441000496635409 0.7117360834777627 -1.4580832115363926
-0.419427824682233 0.7052436397732736 -1.460650639264588
-0.39475559970092516 0.6987511960687847 -1.4632180669927832
-0.37008337471961733 0.6922587523642957 -1.4657854947209785
-0.3454111497383096 0.6857663086598067 -1.4683529224491736
-0.3207389247570018 0.6792738649553177 -1.4709203501773689
-0.2960666997756939 0.6727814212508287 -1.4734877779055642
-0.27139447479438605 0.6662889775463398 -1.4760552056337595
-0.24672224981307822 0.6597965338418508 -1.4786226333619545
-0.2220500248317705 0.6533040901373618 -1.4811900610901498
-0.19737779985046264 0.6468116464328728 -1.4837574888183451
-0.1727055748691548 0.6403192027283838 -1.4863249165465402
-0.14803334988784694 0.6338267590238948 -1.4888923442747355
-0.12336112490653911 0.6273343153194059 -1.4914597720029308
-0.09868889992523137 0.6208418716149169 -1.494027199731126
-0.07401667494392353 0.6143494279104279 -1.4965946274593211
-0.04934444996261569 0.6078569842059389 -1.4991620551875164
-0.024672224981307844 0.6013645405014498 -1.5017294829157117
0.0 0.5948720967969608 -1.504296910643907
-0.9622167742710052 0.8558030129187453 -1.4237035527591488
-0.9375445492896973 0.8493105692142563 -1.4262709804873441
-0.9128723243083895 0.8428181255097673 -1.4288384082155394
-0.8882000993270818 0.8363256818052783 -1.4314058359437347
-0.8635278743457739 0.8298332381007893 -1.4339732636719298
-0.838855649364466 0.8233407943963004 -1.436540691400125
-0.8141834243831582 0.8168483506918114 -1.4391081191283204
-0.7895111994018503 0.8103559069873224 -1.4416755468565154
-0.7648389744205426 0.8038634632828334 -1.4442429745847107
-0.7401667494392348 0.7973710195783444 -1.446810402312906
-0.7154945244579269 0.7908785758738555 -1.4493778300411013
-0.6908222994766191 0.7843861321693664 -1.4519452577692964
-0.6661500744953113 0.7778936884648774 -1.4545126854974917
-0.6414778495140036 0.7714012447603884 -1.457080113225687
-0.6168056245326956 0.7649088010558994 -1.4596475409538823
-0.5921333995513878 0.7584163573514104 -1.4622149686820773
-0.5674611745700799 0.7519239136469215 -1.4647823964102726
-0.5427889495887721 0.7454314699424325 -1.467349824138468
-0.5181167246074644 0.7389390262379435 -1.469917251866663
-0.49344449962615644 0.7324465825334545 -1.4724846795948583
-0.4687722746448487 0.7259541388289655 -1.4750521073230536
-0.4441000496635409 0.7194616951244766 -1.4776195350512489
-0.419427824682233 0.7129692514199876 -1.480186962779444
-0.39475559970092516 0.7064768077154986 -1.4827543905076392
-0.37008337471961733 0.6999843640110095 -1.4853218182358345
-0.3454111497383096 0.6934919203065206 -1.4878892459640298
-0.3207389247570018 0.6869994766020315 -1.490456673692225
-0.2960666997756939 0.6805070328975426 -1.4930241014204202
-0.27139447479438605 0.6740145891930536 -1.4955915291486155
-0.24672224981307822 0.6675221454885646 -1.4981589568768108
-0.2220500248317705 0.6610297017840756 -1.5007263846050058
-0.19737779985046264 0.6545372580795866 -1.5032938123332011
-0.1727055748691548 0.6480448143750976 -1.5058612400613964
-0.14803334988784694 0.6415523706706087 -1.5084286677895915
-0.12336112490653911 0.6350599269661197 -1.5109960955177868
-0.09868889992523137 0.6285674832616307 -1.513563523245982
-0.07401667494392353 0.6220750395571417 -1.5161309509741774
-0.04934444996261569 0.6155825958526527 -1.5186983787023725
-0.024672224981307844 0.6090901521481638 -1.5212658064305677
0.0 0.6025977084436748 -1.523833234158763
-0.9622167742710052 0.863528624565459 -1.4432398762740049
-0.9375445492896973 0.85703618086097 -1.4458073040022
-0.9128723243083895 0.850543737156481 -1.4483747317303952
-0.8882000993270818 0.844051293451992 -1.4509421594585905
-0.8635278743457739 0.837558849747503 -1.4535095871867858
-0.838855649364466 0.8310664060430141 -1.4560770149149809
-0.8141834243831582 0.8245739623385251 -1.4586444426431762
-0.7895111994018503 0.8180815186340361 -1.4612118703713715
-0.7648389744205426 0.8115890749295471 -1.4637792980995668
-0.7401667494392348 0.8050966312250581 -1.4663467258277618
-0.7154945244579269 0.7986041875205692 -1.4689141535559571
-0.6908222994766191 0.7921117438160802 -1.4714815812841524
-0.6661500744953113 0.7856193001115912 -1.4740490090123475
-0.6414778495140036 0.7791268564071022 -1.4766164367405428
-0.6168056245326956 0.7726344127026131 -1.479183864468738
-0.5921333995513878 0.7661419689981241 -1.4817512921969334
-0.5674611745700799 0.7596495252936352 -1.4843187199251284
-0.5427889495887721 0.7531570815891462 -1.4868861476533237
-0.5181167246074644 0.7466646378846572 -1.489453575381519
-0.49344449962615644 0.7401721941801682 -1.4920210031097143
-0.4687722746448487 0.7336797504756792 -1.4945884308379094
-0.4441000496635409 0.7271873067711903 -1.4971558585661047
-0.419427824682233 0.7206948630667013 -1.4997232862943
-0.39475559970092516 0.7142024193622123 -1.5022907140224953
-0.37008337471961733 0.7077099756577233 -1.5048581417506903
-0.3454111497383096 0.7012175319532343 -1.5074255694788856
-0.3207389247570018 0.6947250882487453 -1.509992997207081
-0.2960666997756939 0.6882326445442564 -1.512560424935276
-0.27139447479438605 0.6817402008397674 -1.5151278526634713
-0.24672224981307822 0.6752477571352784 -1.5176952803916666
-0.2220500248317705 0.6687553134307894 -1.5202627081198619
-0.19737779985046264 0.6622628697263004 -1.522830135848057
-0.1727055748691548 0.6557704260218113 -1.5253975635762522
-0.14803334988784694 0.6492779823173224 -1.5279649913044475
-0.12336112490653911 0.6427855386128334 -1.5305324190326428
-0.09868889992523137 0.6362930949083444 -1.5330998467608379
-0.07401667494392353 0.6298006512038554 -1.5356672744890332
-0.04934444996261569 0.6233082074993664 -1.5382347022172285
-0.024672224981307844 0.6168157637948775 -1.5408021299454235
0.0 0.6103233200903885 -1.5433695576736188
-0.9622167742710052 0.8712542362121729 -1.4627761997888609
-0.9375445492896973 0.8647617925076839 -1.4653436275170562
-0.9128723243083895 0.8582693488031948 -1.4679110552452512
-0.8882000993270818 0.851776905098706 -1.4704784829734465
-0.8635278743457739 0.8452844613942169 -1.4730459107016418
-0.838855649364466 0.8387920176897279 -1.475613338429837
-0.8141834243831582 0.8322995739852389 -1.4781807661580322
-0.7895111994018503 0.8258071302807499 -1.4807481938862275
-0.7648389744205426 0.8193146865762609 -1.4833156216144228
-0.7401667494392348 0.812822242871772 -1.485883049342618
-0.7154945244579269 0.806329799167283 -1.4884504770708131
-0.6908222994766191 0.799837355462794 -1.4910179047990084
-0.6661500744953113 0.793344911758305 -1.4935853325272037
-0.6414778495140036 0.786852468053816 -1.4961527602553988
-0.6168056245326956 0.780360024349327 -1.498720187983594
-0.5921333995513878 0.7738675806448381 -1.5012876157117894
-0.5674611745700799 0.7673751369403491 -1.5038550434399847
-0.5427889495887721 0.7608826932358601 -1.5064224711681797
-0.5181167246074644 0.7543902495313711 -1.508989898896375
-0.49344449962615644 0.747897805826882 -1.5115573266245703
-0.4687722746448487 0.741405362122393 -1.5141247543527656
-0.4441000496635409 0.7349129184179041 -1.5166921820809607
-0.419427824682233 0.7284204747134151 -1.519259609809156
-0.39475559970092516 0.7219280310089261 -1.5218270375373513
-0.37008337471961733 0.7154355873044371 -1.5243944652655466
-0.3454111497383096 0.7089431435999481 -1.5269618929937416
-0.3207389247570018 0.7024506998954592 -1.529529320721937
-0.2960666997756939 0.6959582561909702 -1.5320967484501322
-0.27139447479438605 0.6894658124864812 -1.5346641761783273
-0.24672224981307822 0.6829733687819922 -1.5372316039065226
-0.2220500248317705 0.6764809250775032 -1.5397990316347179
-0.19737779985046264 0.6699884813730143 -1.5423664593629132
-0.1727055748691548 0.6634960376685253 -1.5449338870911082
-0.14803334988784694 0.6570035939640362 -1.5475013148193035
-0.12336112490653911 0.6505111502595472 -1.5500687425474988
-0.09868889992523137 0.6440187065550583 -1.552636170275694
-0.07401667494392353 0.6375262628505692 -1.5552035980038892
-0.04934444996261569 0.6310338191460803 -1.5577710257320845
-0.024672224981307844 0.6245413754415913 -1.5603384534602798
0.0 0.6180489317371023 -1.5629058811884748
-0.9622167742710052 0.8789798478588866 -1.4823125233037167
-0.9375445492896973 0.8724874041543976 -1.484879951031912
-0.9128723243083895 0.8659949604499086 -1.4874473787601072
-0.8882000993270818 0.8595025167454197 -1.4900148064883023
-0.8635278743457739 0.8530100730409307 -1.4925822342164976
-0.838855649364466 0.8465176293364417 -1.495149661944693
-0.8141834243831582 0.8400251856319527 -1.4977170896728882
-0.7895111994018503 0.8335327419274637 -1.5002845174010833
-0.7648389744205426 0.8270402982229748 -1.5028519451292786
-0.7401667494392348 0.8205478545184858 -1.5054193728574738
-0.7154945244579269 0.8140554108139968 -1.5079868005856691
-0.6908222994766191 0.8075629671095077 -1.5105542283138642
-0.6661500744953113 0.8010705234050187 -1.5131216560420595
-0.6414778495140036 0.7945780797005297 -1.5156890837702548
-0.6168056245326956 0.7880856359960408 -1.51825651149845
-0.5921333995513878 0.7815931922915518 -1.5208239392266452
-0.5674611745700799 0.7751007485870628 -1.5233913669548405
-0.5427889495887721 0.7686083048825738 -1.5259587946830357
-0.5181167246074644 0.7621158611780848 -1.5285262224112308
-0.49344449962615644 0.7556234174735958 -1.531093650139426
-0.4687722746448487 0.7491309737691069 -1.5336610778676214
-0.4441000496635409 0.7426385300646179 -1.5362285055958167
-0.419427824682233 0.7361460863601289 -1.5387959333240118
-0.39475559970092516 0.7296536426556399 -1.541363361052207
-0.37008337471961733 0.7231611989511508 -1.5439307887804024
-0.3454111497383096 0.716668755246662 -1.5464982165085976
-0.3207389247570018 0.7101763115421729 -1.5490656442367927
-0.2960666997756939 0.7036838678376839 -1.551633071964988
-0.27139447479438605 0.6971914241331949 -1.5542004996931833
-0.24672224981307822 0.6906989804287059 -1.5567679274213784
-0.2220500248317705 0.6842065367242169 -1.5593353551495737
-0.19737779985046264 0.677714093019728 -1.561902782877769
-0.1727055748691548 0.671221649315239 -1.5644702106059643
-0.14803334988784694 0.66472920561075 -1.5670376383341593
-0.12336112490653911 0.658236761906261 -1.5696050660623546
-0.09868889992523137 0.651744318201772 -1.57217249379055
-0.07401667494392353 0.645251874497283 -1.5747399215187452
-0.04934444996261569 0.6387594307927941 -1.5773073492469403
-0.024672224981307844 0.6322669870883051 -1.5798747769751356
0.0 0.6257745433838161 -1.5824422047033309
-0.9622167742710052 0.8867054595056003 -1.5018488468185727
-0.9375445492896973 0.8802130158011113 -1.5044162745467677
-0.9128723243083895 0.8737205720966223 -1.506983702274963
-0.8882000993270818 0.8672281283921334 -1.5095511300031583
-0.8635278743457739 0.8607356846876444 -1.5121185577313536
-0.838855649364466 0.8542432409831554 -1.5146859854595487
-0.8141834243831582 0.8477507972786664 -1.517253413187744
-0.7895111994018503 0.8412583535741774 -1.5198208409159393
-0.7648389744205426 0.8347659098696885 -1.5223882686441343
-0.7401667494392348 0.8282734661651995 -1.5249556963723296
-0.7154945244579269 0.8217810224607105 -1.527523124100525
-0.6908222994766191 0.8152885787562215 -1.5300905518287202
-0.6661500744953113 0.8087961350517325 -1.5326579795569153
-0.6414778495140036 0.8023036913472436 -1.5352254072851106
-0.6168056245326956 0.7958112476427545 -1.5377928350133059
-0.5921333995513878 0.7893188039382655 -1.5403602627415012
-0.5674611745700799 0.7828263602337765 -1.5429276904696962
-0.5427889495887721 0.7763339165292875 -1.5454951181978915
-0.5181167246074644 0.7698414728247985 -1.5480625459260868
-0.49344449962615644 0.7633490291203096 -1.5506299736542821
-0.4687722746448487 0.7568565854158206 -1.5531974013824772
-0.4441000496635409 0.7503641417113316 -1.5557648291106725
-0.419427824682233 0.7438716980068426 -1.5583322568388678
-0.39475559970092516 0.7373792543023536 -1.5608996845670629
-0.37008337471961733 0.7308868105978646 -1.5634671122952581
-0.3454111497383096 0.7243943668933757 -1.5660345400234534
-0.3207389247570018 0.7179019231888867 -1.5686019677516487
-0.2960666997756939 0.7114094794843977 -1.5711693954798438
-0.27139447479438605 0.7049170357799087 -1.573736823208039
-0.24672224981307822 0.6984245920754197 -1.5763042509362344
-0.2220500248317705 0.6919321483709308 -1.5788716786644297
-0.19737779985046264 0.6854397046664418 -1.5814391063926247
-0.1727055748691548 0.6789472609619527 -1.58400653412082
-0.14803334988784694 0.6724548172574637 -1.5865739618490153
-0.12336112490653911 0.6659623735529747 -1.5891413895772104
-0.09868889992523137 0.6594699298484857 -1.5917088173054057
-0.07401667494392353 0.6529774861439968 -1.594276245033601
-0.04934444996261569 0.6464850424395078 -1.5968436727617963
-0.024672224981307844 0.6399925987350188 -1.5994111004899914
0.0 0.6335001550305298 -1.6019785282181866
-0.9622167742710052 0.8944310711523142 -1.5213851703334287
-0.9375445492896973 0.8879386274478253 -1.523952598061624
-0.9128723243083895 0.8814461837433362 -1.526520025789819
-0.8882000993270818 0.8749537400388473 -1.5290874535180143
-0.8635278743457739 0.8684612963343582 -1.5316548812462096
-0.838855649364466 0.8619688526298692 -1.534222308974405
-0.8141834243831582 0.8554764089253802 -1.5367897367026
-0.7895111994018503 0.8489839652208913 -1.5393571644307953
-0.7648389744205426 0.8424915215164023 -1.5419245921589906
-0.7401667494392348 0.8359990778119133 -1.5444920198871857
-0.7154945244579269 0.8295066341074243 -1.547059447615381
-0.6908222994766191 0.8230141904029353 -1.5496268753435762
-0.6661500744953113 0.8165217466984463 -1.5521943030717715
-0.6414778495140036 0.8100293029939574 -1.5547617307999666
-0.6168056245326956 0.8035368592894684 -1.557329158528162
-0.5921333995513878 0.7970444155849794 -1.5598965862563572
-0.5674611745700799 0.7905519718804904 -1.5624640139845525
-0.5427889495887721 0.7840595281760014 -1.5650314417127476
-0.5181167246074644 0.7775670844715125 -1.5675988694409428
-0.49344449962615644 0.7710746407670234 -1.5701662971691381
-0.4687722746448487 0.7645821970625344 -1.5727337248973332
-0.4441000496635409 0.7580897533580454 -1.5753011526255285
-0.419427824682233 0.7515973096535564 -1.5778685803537238
-0.39475559970092516 0.7451048659490674 -1.580436008081919
-0.37008337471961733 0.7386124222445785 -1.5830034358101142
-0.3454111497383096 0.7321199785400895 -1.5855708635383094
-0.3207389247570018 0.7256275348356005 -1.5881382912665047
-0.2960666997756939 0.7191350911311115 -1.5907057189947
-0.27139447479438605 0.7126426474266225 -1.593273146722895
-0.24672224981307822 0.7061502037221336 -1.5958405744510904
-0.2220500248317705 0.6996577600176446 -1.5984080021792857
-0.19737779985046264 0.6931653163131556 -1.600975429907481
-0.1727055748691548 0.6866728726086666 -1.603542857635676
-0.14803334988784694 0.6801804289041775 -1.6061102853638713
-0.12336112490653911 0.6736879851996885 -1.6086777130920666
-0.09868889992523137 0.6671955414951997 -1.6112451408202617
-0.07401667494392353 0.6607030977907106 -1.613812568548457
-0.04934444996261569 0.6542106540862216 -1.6163799962766523
-0.024672224981307844 0.6477182103817326 -1.6189474240048476
0.0 0.6412257666772436 -1.6215148517330427
-0.9622167742710052 0.9021566827990279 -1.5409214938482845
-0.9375445492896973 0.895664239094539 -1.5434889215764798
-0.9128723243083895 0.88917179539005 -1.546056349304675
-0.8882000993270818 0.882679351685561 -1.5486237770328701
-0.8635278743457739 0.876186907981072 -1.5511912047610654
-0.838855649364466 0.869694464276583 -1.5537586324892607
-0.8141834243831582 0.863202020572094 -1.556326060217456
-0.7895111994018503 0.8567095768676051 -1.558893487945651
-0.7648389744205426 0.8502171331631161 -1.5614609156738464
-0.7401667494392348 0.8437246894586271 -1.5640283434020417
-0.7154945244579269 0.8372322457541381 -1.566595771130237
-0.6908222994766191 0.830739802049649 -1.569163198858432
-0.6661500744953113 0.82424735834516 -1.5717306265866273
-0.6414778495140036 0.8177549146406711 -1.5742980543148226
-0.6168056245326956 0.8112624709361821 -1.5768654820430177
-0.5921333995513878 0.8047700272316931 -1.579432909771213
-0.5674611745700799 0.7982775835272041 -1.5820003374994083
-0.5427889495887721 0.7917851398227151 -1.5845677652276036
-0.5181167246074644 0.7852926961182262 -1.5871351929557986
-0.49344449962615644 0.7788002524137372 -1.589702620683994
-0.4687722746448487 0.7723078087092482 -1.5922700484121892
-0.4441000496635409 0.7658153650047592 -1.5948374761403845
-0.419427824682233 0.7593229213002702 -1.5974049038685796
-0.39475559970092516 0.7528304775957813 -1.5999723315967749
-0.37008337471961733 0.7463380338912922 -1.6025397593249702
-0.3454111497383096 0.7398455901868033 -1.6051071870531652
-0.3207389247570018 0.7333531464823142 -1.6076746147813605
-0.2960666997756939 0.7268607027778252 -1.6102420425095558
-0.27139447479438605 0.7203682590733362 -1.6128094702377511
-0.24672224981307822 0.7138758153688473 -1.6153768979659462
-0.2220500248317705 0.7073833716643583 -1.6179443256941415
-0.19737779985046264 0.7008909279598693 -1.6205117534223368
-0.1727055748691548 0.6943984842553803 -1.623079181150532
-0.14803334988784694 0.6879060405508913 -1.6256466088787271
-0.12336112490653911 0.6814135968464023 -1.6282140366069224
-0.09868889992523137 0.6749211531419134 -1.6307814643351177
-0.07401667494392353 0.6684287094374244 -1.6333488920633128
-0.04934444996261569 0.6619362657329354 -1.635916319791508
-0.024672224981307844 0.6554438220284464 -1.6384837475197034
0.0 0.6489513783239574 -1.6410511752478987
-0.9622167742710052 0.9098822944457416 -1.5604578173631405
-0.9375445492896973 0.9033898507412527 -1.5630252450913356
-0.9128723243083895 0.8968974070367637 -1.5655926728195309
-0.8882000993270818 0.8904049633322747 -1.5681601005477261
-0.8635278743457739 0.8839125196277857 -1.5707275282759212
-0.838855649364466 0.8774200759232967 -1.5732949560041165
-0.8141834243831582 0.8709276322188078 -1.5758623837323118
-0.7895111994018503 0.8644351885143188 -1.578429811460507
-0.7648389744205426 0.8579427448098298 -1.5809972391887022
-0.7401667494392348 0.8514503011053408 -1.5835646669168975
-0.7154945244579269 0.8449578574008518 -1.5861320946450927
-0.6908222994766191 0.8384654136963628 -1.588699522373288
-0.6661500744953113 0.8319729699918739 -1.5912669501014831
-0.6414778495140036 0.8254805262873849 -1.5938343778296784
-0.6168056245326956 0.8189880825828958 -1.5964018055578737
-0.5921333995513878 0.8124956388784068 -1.5989692332860688
-0.5674611745700799 0.8060031951739178 -1.601536661014264
-0.5427889495887721 0.7995107514694288 -1.6041040887424594
-0.5181167246074644 0.7930183077649399 -1.6066715164706546
-0.49344449962615644 0.7865258640604509 -1.6092389441988497
-0.4687722746448487 0.7800334203559619 -1.611806371927045
-0.4441000496635409 0.7735409766514729 -1.6143737996552403
-0.419427824682233 0.7670485329469839 -1.6169412273834356
-0.39475559970092516 0.760556089242495 -1.6195086551116307
-0.37008337471961733 0.754063645538006 -1.622076082839826
-0.3454111497383096 0.747571201833517 -1.6246435105680213
-0.3207389247570018 0.741078758129028 -1.6272109382962165
-0.2960666997756939 0.734586314424539 -1.6297783660244116
-0.27139447479438605 0.72809387072005 -1.632345793752607
-0.24672224981307822 0.7216014270155611 -1.6349132214808022
-0.2220500248317705 0.7151089833110721 -1.6374806492089973
-0.19737779985046264 0.7086165396065831 -1.6400480769371926
-0.1727055748691548 0.702124095902094 -1.6426155046653879
-0.14803334988784694 0.695631652197605 -1.6451829323935832
-0.12336112490653911 0.689139208493116 -1.6477503601217782
-0.09868889992523137 0.6826467647886271 -1.6503177878499735
-0.07401667494392353 0.6761543210841381 -1.6528852155781688
-0.04934444996261569 0.6696618773796491 -1.655452643306364
-0.024672224981307844 0.6631694336751601 -1.6580200710345592
0.0 0.6566769899706711 -1.6605874987627545
-0.9622167742710052 0.9176079060924556 -1.5799941408779965
-0.9375445492896973 0.9111154623879666 -1.5825615686061918
-0.9128723243083895 0.9046230186834775 -1.5851289963343869
-0.8882000993270818 0.8981305749789886 -1.5876964240625822
-0.8635278743457739 0.8916381312744995 -1.5902638517907774
-0.838855649364466 0.8851456875700106 -1.5928312795189725
-0.8141834243831582 0.8786532438655216 -1.5953987072471678
-0.7895111994018503 0.8721608001610326 -1.597966134975363
-0.7648389744205426 0.8656683564565436 -1.6005335627035584
-0.7401667494392348 0.8591759127520546 -1.6031009904317535
-0.7154945244579269 0.8526834690475656 -1.6056684181599488
-0.6908222994766191 0.8461910253430767 -1.608235845888144
-0.6661500744953113 0.8396985816385877 -1.6108032736163393
-0.6414778495140036 0.8332061379340987 -1.6133707013445344
-0.6168056245326956 0.8267136942296097 -1.6159381290727297
-0.5921333995513878 0.8202212505251207 -1.618505556800925
-0.5674611745700799 0.8137288068206318 -1.62107298452912
-0.5427889495887721 0.8072363631161428 -1.6236404122573154
-0.5181167246074644 0.8007439194116538 -1.6262078399855107
-0.49344449962615644 0.7942514757071647 -1.628775267713706
-0.4687722746448487 0.7877590320026757 -1.631342695441901
-0.4441000496635409 0.7812665882981867 -1.6339101231700963
-0.419427824682233 0.7747741445936978 -1.6364775508982916
-0.39475559970092516 0.7682817008892088 -1.639044978626487
-0.37008337471961733 0.7617892571847198 -1.641612406354682
-0.3454111497383096 0.7552968134802308 -1.6441798340828773
-0.3207389247570018 0.7488043697757418 -1.6467472618110726
-0.2960666997756939 0.7423119260712528 -1.6493146895392679
-0.27139447479438605 0.7358194823667639 -1.651882117267463
-0.24672224981307822 0.7293270386622749 -1.6544495449956582
-0.2220500248317705 0.7228345949577859 -1.6570169727238535
-0.19737779985046264 0.7163421512532969 -1.6595844004520486
-0.1727055748691548 0.7098497075488079 -1.6621518281802439
-0.14803334988784694 0.7033572638443188 -1.6647192559084392
-0.12336112490653911 0.6968648201398299 -1.6672866836366345
-0.09868889992523137 0.690372376435341 -1.6698541113648295
-0.07401667494392353 0.6838799327308519 -1.6724215390930248
-0.04934444996261569 0.6773874890263629 -1.6749889668212201
-0.024672224981307844 0.6708950453218739 -1.6775563945494154
0.0 0.664402601617385 -1.6801238222776105
-0.9622167742710052 0.9253335177391693 -1.5995304643928523
-0.9375445492896973 0.9188410740346803 -1.6020978921210476
-0.9128723243083895 0.9123486303301913 -1.6046653198492429
-0.8882000993270818 0.9058561866257023 -1.607232747577438
-0.8635278743457739 0.8993637429212133 -1.6098001753056332
-0.838855649364466 0.8928712992167244 -1.6123676030338285
-0.8141834243831582 0.8863788555122353 -1.6149350307620238
-0.7895111994018503 0.8798864118077463 -1.617502458490219
-0.7648389744205426 0.8733939681032574 -1.6200698862184142
-0.7401667494392348 0.8669015243987683 -1.6226373139466095
-0.7154945244579269 0.8604090806942793 -1.6252047416748046
-0.6908222994766191 0.8539166369897904 -1.6277721694029998
-0.6661500744953113 0.8474241932853014 -1.6303395971311951
-0.6414778495140036 0.8409317495808124 -1.6329070248593904
-0.6168056245326956 0.8344393058763234 -1.6354744525875855
-0.5921333995513878 0.8279468621718344 -1.6380418803157808
-0.5674611745700799 0.8214544184673455 -1.640609308043976
-0.5427889495887721 0.8149619747628565 -1.6431767357721714
-0.5181167246074644 0.8084695310583675 -1.6457441635003665
-0.49344449962615644 0.8019770873538785 -1.6483115912285617
-0.4687722746448487 0.7954846436493895 -1.650879018956757
-0.4441000496635409 0.7889921999449006 -1.653446446684952
-0.419427824682233 0.7824997562404116 -1.6560138744131474
-0.39475559970092516 0.7760073125359225 -1.6585813021413427
-0.37008337471961733 0.7695148688314335 -1.661148729869538
-0.3454111497383096 0.7630224251269445 -1.663716157597733
-0.3207389247570018 0.7565299814224555 -1.6662835853259284
-0.2960666997756939 0.7500375377179666 -1.6688510130541236
-0.27139447479438605 0.7435450940134776 -1.671418440782319
-0.24672224981307822 0.7370526503089886 -1.673985868510514
-0.2220500248317705 0.7305602066044996 -1.6765532962387093
-0.19737779985046264 0.7240677629000106 -1.6791207239669046
-0.1727055748691548 0.7175753191955216 -1.6816881516950999
-0.14803334988784694 0.7110828754910327 -1.684255579423295
-0.12336112490653911 0.7045904317865437 -1.6868230071514903
-0.09868889992523137 0.6980979880820547 -1.6893904348796855
-0.07401667494392353 0.6916055443775657 -1.6919578626078806
-0.04934444996261569 0.6851131006730767 -1.694525290336076
-0.024672224981307844 0.6786206569685878 -1.6970927180642712
0.0 0.6721282132640987 -1.6996601457924665
-0.9622167742710052 0.933059129385883 -1.619066787907708
-0.9375445492896973 0.926566685681394 -1.6216342156359034
-0.9128723243083895 0.920074241976905 -1.6242016433640987
-0.8882000993270818 0.913581798272416 -1.626769071092294
-0.8635278743457739 0.907089354567927 -1.629336498820489
-0.838855649364466 0.9005969108634381 -1.6319039265486843
-0.8141834243831582 0.8941044671589491 -1.6344713542768796
-0.7895111994018503 0.8876120234544601 -1.637038782005075
-0.7648389744205426 0.8811195797499711 -1.63960620973327
-0.7401667494392348 0.8746271360454821 -1.6421736374614653
-0.7154945244579269 0.8681346923409932 -1.6447410651896606
-0.6908222994766191 0.8616422486365042 -1.6473084929178559
-0.6661500744953113 0.8551498049320152 -1.649875920646051
-0.6414778495140036 0.8486573612275262 -1.6524433483742462
-0.6168056245326956 0.8421649175230371 -1.6550107761024415
-0.5921333995513878 0.8356724738185481 -1.6575782038306366
-0.5674611745700799 0.8291800301140592 -1.6601456315588319
-0.5427889495887721 0.8226875864095702 -1.6627130592870272
-0.5181167246074644 0.8161951427050812 -1.6652804870152225
-0.49344449962615644 0.8097026990005922 -1.6678479147434175
-0.4687722746448487 0.8032102552961032 -1.6704153424716128
-0.4441000496635409 0.7967178115916143 -1.6729827701998081
-0.419427824682233 0.7902253678871253 -1.6755501979280034
-0.39475559970092516 0.7837329241826363 -1.6781176256561985
-0.37008337471961733 0.7772404804781473 -1.6806850533843938
-0.3454111497383096 0.7707480367736583 -1.683252481112589
-0.3207389247570018 0.7642555930691693 -1.6858199088407841
-0.2960666997756939 0.7577631493646804 -1.6883873365689794
-0.27139447479438605 0.7512707056601914 -1.6909547642971747
-0.24672224981307822 0.7447782619557024 -1.69352219202537
-0.2220500248317705 0.7382858182512134 -1.696089619753565
-0.19737779985046264 0.7317933745467244 -1.6986570474817604
-0.1727055748691548 0.7253009308422353 -1.7012244752099557
-0.14803334988784694 0.7188084871377464 -1.703791902938151
-0.12336112490653911 0.7123160434332574 -1.706359330666346
-0.09868889992523137 0.7058235997287684 -1.7089267583945413
-0.07401667494392353 0.6993311560242794 -1.7114941861227366
-0.04934444996261569 0.6928387123197904 -1.7140616138509317
-0.024672224981307844 0.6863462686153015 -1.716629041579127
0.0 0.6798538249108125 -1.7191964693073223
-0.9622167742710052 0.9407847410325969 -1.6386031114225643
-0.9375445492896973 0.9342922973281079 -1.6411705391507594
-0.9128723243083895 0.9277998536236188 -1.6437379668789547
-0.8882000993270818 0.92130740991913 -1.64630539460715
-0.8635278743457739 0.9148149662146409 -1.6488728223353453
-0.838855649364466 0.9083225225101519 -1.6514402500635403
-0.8141834243831582 0.9018300788056629 -1.6540076777917356
-0.7895111994018503 0.8953376351011739 -1.656575105519931
-0.7648389744205426 0.8888451913966849 -1.6591425332481262
-0.7401667494392348 0.882352747692196 -1.6617099609763213
-0.7154945244579269 0.875860303987707 -1.6642773887045166
-0.6908222994766191 0.869367860283218 -1.6668448164327119
-0.6661500744953113 0.862875416578729 -1.669412244160907
-0.6414778495140036 0.85638297287424 -1.6719796718891022
-0.6168056245326956 0.849890529169751 -1.6745470996172975
-0.5921333995513878 0.8433980854652621 -1.6771145273454928
-0.5674611745700799 0.8369056417607731 -1.679681955073688
-0.5427889495887721 0.8304131980562841 -1.6822493828018832
-0.5181167246074644 0.8239207543517951 -1.6848168105300785
-0.49344449962615644 0.817428310647306 -1.6873842382582738
-0.4687722746448487 0.810935866942817 -1.6899516659864688
-0.4441000496635409 0.8044434232383281 -1.6925190937146641
-0.419427824682233 0.7979509795338391 -1.6950865214428594
-0.39475559970092516 0.7914585358293501 -1.6976539491710547
-0.37008337471961733 0.7849660921248611 -1.7002213768992498
-0.3454111497383096 0.7784736484203721 -1.702788804627445
-0.3207389247570018 0.7719812047158832 -1.7053562323556404
-0.2960666997756939 0.7654887610113942 -1.7079236600838354
-0.27139447479438605 0.7589963173069052 -1.7104910878120307
-0.24672224981307822 0.7525038736024162 -1.713058515540226
-0.2220500248317705 0.7460114298979272 -1.7156259432684213
-0.19737779985046264 0.7395189861934383 -1.7181933709966164
-0.1727055748691548 0.7330265424889493 -1.7207607987248117
-0.14803334988784694 0.7265340987844602 -1.723328226453007
-0.12336112490653911 0.7200416550799712 -1.7258956541812023
-0.09868889992523137 0.7135492113754823 -1.7284630819093973
-0.07401667494392353 0.7070567676709932 -1.7310305096375926
-0.04934444996261569 0.7005643239665043 -1.733597937365788
-0.024672224981307844 0.6940718802620153 -1.736165365093983
0.0 0.6875794365575263 -1.7387327928221783
-0.9622167742710052 0.9485103526793106 -1.65813943493742
-0.9375445492896973 0.9420179089748216 -1.6607068626656154
-0.9128723243083895 0.9355254652703326 -1.6632742903938107
-0.8882000993270818 0.9290330215658437 -1.6658417181220058
-0.8635278743457739 0.9225405778613547 -1.668409145850201
-0.838855649364466 0.9160481341568657 -1.6709765735783964
-0.8141834243831582 0.9095556904523766 -1.6735440013065914
-0.7895111994018503 0.9030632467478876 -1.6761114290347867
-0.7648389744205426 0.8965708030433988 -1.678678856762982
-0.7401667494392348 0.8900783593389097 -1.6812462844911773
-0.7154945244579269 0.8835859156344207 -1.6838137122193724
-0.6908222994766191 0.8770934719299317 -1.6863811399475677
-0.6661500744953113 0.8706010282254427 -1.688948567675763
-0.6414778495140036 0.8641085845209537 -1.691515995403958
-0.6168056245326956 0.8576161408164648 -1.6940834231321533
-0.5921333995513878 0.8511236971119758 -1.6966508508603486
-0.5674611745700799 0.8446312534074868 -1.699218278588544
-0.5427889495887721 0.8381388097029978 -1.701785706316739
-0.5181167246074644 0.8316463659985088 -1.7043531340449343
-0.49344449962615644 0.8251539222940198 -1.7069205617731296
-0.4687722746448487 0.8186614785895309 -1.7094879895013249
-0.4441000496635409 0.8121690348850419 -1.71205541722952
-0.419427824682233 0.8056765911805529 -1.7146228449577152
-0.39475559970092516 0.7991841474760638 -1.7171902726859105
-0.37008337471961733 0.7926917037715748 -1.7197577004141058
-0.3454111497383096 0.7861992600670858 -1.7223251281423009
-0.3207389247570018 0.7797068163625969 -1.7248925558704962
-0.2960666997756939 0.7732143726581079 -1.7274599835986915
-0.27139447479438605 0.7667219289536189 -1.7300274113268868
-0.24672224981307822 0.7602294852491299 -1.7325948390550818
-0.2220500248317705 0.7537370415446409 -1.7351622667832771
-0.19737779985046264 0.747244597840152 -1.7377296945114724
-0.1727055748691548 0.740752154135663 -1.7402971222396675
-0.14803334988784694 0.734259710431174 -1.7428645499678628
-0.12336112490653911 0.727767266726685 -1.745431977696058
-0.09868889992523137 0.721274823022196 -1.7479994054242534
-0.07401667494392353 0.714782379317707 -1.7505668331524484
-0.04934444996261569 0.7082899356132181 -1.7531342608806437
-0.024672224981307844 0.7017974919087291 -1.755701688608839
0.0 0.69530504820424 -1.7582691163370343
-0.9622167742710052 0.9562359643260243 -1.677675758452276
-0.9375445492896973 0.9497435206215353 -1.6802431861804712
-0.9128723243083895 0.9432510769170463 -1.6828106139086665
-0.8882000993270818 0.9367586332125574 -1.6853780416368618
-0.8635278743457739 0.9302661895080684 -1.6879454693650568
-0.838855649364466 0.9237737458035794 -1.6905128970932521
-0.8141834243831582 0.9172813020990904 -1.6930803248214474
-0.7895111994018503 0.9107888583946014 -1.6956477525496427
-0.7648389744205426 0.9042964146901125 -1.6982151802778378
-0.7401667494392348 0.8978039709856235 -1.700782608006033
-0.7154945244579269 0.8913115272811345 -1.7033500357342284
-0.6908222994766191 0.8848190835766455 -1.7059174634624235
-0.6661500744953113 0.8783266398721565 -1.7084848911906187
-0.6414778495140036 0.8718341961676676 -1.711052318918814
-0.6168056245326956 0.8653417524631785 -1.7136197466470093
-0.5921333995513878 0.8588493087586895 -1.7161871743752044
-0.5674611745700799 0.8523568650542005 -1.7187546021033997
-0.5427889495887721 0.8458644213497115 -1.721322029831595
-0.5181167246074644 0.8393719776452225 -1.7238894575597903
-0.49344449962615644 0.8328795339407336 -1.7264568852879854
-0.4687722746448487 0.8263870902362446 -1.7290243130161806
-0.4441000496635409 0.8198946465317556 -1.731591740744376
-0.419427824682233 0.8134022028272666 -1.734159168472571
-0.39475559970092516 0.8069097591227776 -1.7367265962007663
-0.37008337471961733 0.8004173154182886 -1.7392940239289616
-0.3454111497383096 0.7939248717137997 -1.741861451657157
-0.3207389247570018 0.7874324280093107 -1.744428879385352
-0.2960666997756939 0.7809399843048217 -1.7469963071135473
-0.27139447479438605 0.7744475406003327 -1.7495637348417425
-0.24672224981307822 0.7679550968958437 -1.7521311625699378
-0.2220500248317705 0.7614626531913548 -1.754698590298133
-0.19737779985046264 0.7549702094868658 -1.7572660180263282
-0.1727055748691548 0.7484777657823767 -1.7598334457545235
-0.14803334988784694 0.7419853220778877 -1.7624008734827186
-0.12336112490653911 0.7354928783733987 -1.7649683012109139
-0.09868889992523137 0.7290004346689097 -1.7675357289391092
-0.07401667494392353 0.7225079909644208 -1.7701031566673044
-0.04934444996261569 0.7160155472599318 -1.7726705843954995
-0.024672224981307844 0.7095231035554428 -1.7752380121236948
0.0 0.7030306598509538 -1.77780543985189
-0.9622167742710052 0.9639615759727382 -1.6972120819671321
-0.9375445492896973 0.9574691322682493 -1.6997795096953272
-0.9128723243083895 0.9509766885637602 -1.7023469374235225
-0.8882000993270818 0.9444842448592713 -1.7049143651517178
-0.8635278743457739 0.9379918011547822 -1.707481792879913
-0.838855649364466 0.9314993574502932 -1.7100492206081082
-0.8141834243831582 0.9250069137458042 -1.7126166483363034
-0.7895111994018503 0.9185144700413153 -1.7151840760644987
-0.7648389744205426 0.9120220263368263 -1.7177515037926938
-0.7401667494392348 0.9055295826323373 -1.720318931520889
-0.7154945244579269 0.8990371389278483 -1.7228863592490844
-0.6908222994766191 0.8925446952233593 -1.7254537869772797
-0.6661500744953113 0.8860522515188703 -1.7280212147054748
-0.6414778495140036 0.8795598078143814 -1.73058864243367
-0.6168056245326956 0.8730673641098924 -1.7331560701618653
-0.5921333995513878 0.8665749204054034 -1.7357234978900606
-0.5674611745700799 0.8600824767009144 -1.7382909256182557
-0.5427889495887721 0.8535900329964254 -1.740858353346451
-0.5181167246074644 0.8470975892919365 -1.7434257810746463
-0.49344449962615644 0.8406051455874474 -1.7459932088028416
-0.4687722746448487 0.8341127018829584 -1.7485606365310367
-0.4441000496635409 0.8276202581784694 -1.751128064259232
-0.419427824682233 0.8211278144739804 -1.7536954919874272
-0.39475559970092516 0.8146353707694914 -1.7562629197156223
-0.37008337471961733 0.8081429270650025 -1.7588303474438176
-0.3454111497383096 0.8016504833605135 -1.761397775172013
-0.3207389247570018 0.7951580396560245 -1.7639652029002082
-0.2960666997756939 0.7886655959515355 -1.7665326306284033
-0.27139447479438605 0.7821731522470465 -1.7691000583565986
-0.24672224981307822 0.7756807085425576 -1.7716674860847939
-0.2220500248317705 0.7691882648380686 -1.7742349138129891
-0.19737779985046264 0.7626958211335796 -1.7768023415411842
-0.1727055748691548 0.7562033774290906 -1.7793697692693795
-0.14803334988784694 0.7497109337246015 -1.7819371969975748
-0.12336112490653911 0.7432184900201125 -1.7845046247257699
-0.09868889992523137 0.7367260463156236 -1.7870720524539652
-0.07401667494392353 0.7302336026111346 -1.7896394801821605
-0.04934444996261569 0.7237411589066456 -1.7922069079103558
-0.024672224981307844 0.7172487152021566 -1.7947743356385508
0.0 0.7107562714976676 -1.7973417633667461
-0.9622167742710052 0.9716871876194519 -1.716748405481988
-0.9375445492896973 0.965194743914963 -1.7193158332101832
-0.9128723243083895 0.958702300210474 -1.7218832609383783
-0.8882000993270818 0.952209856505985 -1.7244506886665736
-0.8635278743457739 0.945717412801496 -1.7270181163947689
-0.838855649364466 0.939224969097007 -1.7295855441229642
-0.8141834243831582 0.9327325253925179 -1.7321529718511592
-0.7895111994018503 0.926240081688029 -1.7347203995793545
-0.7648389744205426 0.9197476379835401 -1.7372878273075498
-0.7401667494392348 0.913255194279051 -1.7398552550357451
-0.7154945244579269 0.906762750574562 -1.7424226827639402
-0.6908222994766191 0.900270306870073 -1.7449901104921355
-0.6661500744953113 0.893777863165584 -1.7475575382203308
-0.6414778495140036 0.8872854194610951 -1.7501249659485258
-0.6168056245326956 0.8807929757566061 -1.7526923936767211
-0.5921333995513878 0.8743005320521171 -1.7552598214049164
-0.5674611745700799 0.8678080883476281 -1.7578272491331117
-0.5427889495887721 0.8613156446431391 -1.7603946768613068
-0.5181167246074644 0.8548232009386502 -1.762962104589502
-0.49344449962615644 0.8483307572341612 -1.7655295323176974
-0.4687722746448487 0.8418383135296722 -1.7680969600458927
-0.4441000496635409 0.8353458698251832 -1.7706643877740877
-0.419427824682233 0.8288534261206942 -1.773231815502283
-0.39475559970092516 0.8223609824162051 -1.7757992432304783
-0.37008337471961733 0.8158685387117162 -1.7783666709586736
-0.3454111497383096 0.8093760950072272 -1.7809340986868687
-0.3207389247570018 0.8028836513027382 -1.783501526415064
-0.2960666997756939 0.7963912075982492 -1.7860689541432593
-0.27139447479438605 0.7898987638937602 -1.7886363818714544
-0.24672224981307822 0.7834063201892713 -1.7912038095996496
-0.2220500248317705 0.7769138764847823 -1.793771237327845
-0.19737779985046264 0.7704214327802933 -1.7963386650560402
-0.1727055748691548 0.7639289890758043 -1.7989060927842353
-0.14803334988784694 0.7574365453713153 -1.8014735205124306
-0.12336112490653911 0.7509441016668263 -1.8040409482406259
-0.09868889992523137 0.7444516579623374 -1.8066083759688212
-0.07401667494392353 0.7379592142578484 -1.8091758036970162
-0.04934444996261569 0.7314667705533594 -1.8117432314252115
-0.024672224981307844 0.7249743268488704 -1.8143106591534068
0.0 0.7184818831443813 -1.816878086881602
-0.9622167742710052 0.9794127992661656 -1.7362847289968437
-0.9375445492896973 0.9729203555616767 -1.738852156725039
-0.9128723243083895 0.9664279118571877 -1.7414195844532343
-0.8882000993270818 0.9599354681526987 -1.7439870121814294
-0.8635278743457739 0.9534430244482097 -1.7465544399096247
-0.838855649364466 0.9469505807437207 -1.74912186763782
-0.8141834243831582 0.9404581370392318 -1.7516892953660153
-0.7895111994018503 0.9339656933347428 -1.7542567230942103
-0.7648389744205426 0.9274732496302538 -1.7568241508224056
-0.7401667494392348 0.9209808059257648 -1.759391578550601
-0.7154945244579269 0.9144883622212758 -1.7619590062787962
-0.6908222994766191 0.9079959185167868 -1.7645264340069913
-0.6661500744953113 0.9015034748122979 -1.7670938617351866
-0.6414778495140036 0.8950110311078089 -1.7696612894633819
-0.6168056245326956 0.8885185874033198 -1.7722287171915772
-0.5921333995513878 0.8820261436988308 -1.7747961449197722
-0.5674611745700799 0.8755336999943418 -1.7773635726479675
-0.5427889495887721 0.8690412562898528 -1.7799310003761628
-0.5181167246074644 0.8625488125853639 -1.7824984281043579
-0.49344449962615644 0.8560563688808749 -1.7850658558325532
-0.4687722746448487 0.8495639251763859 -1.7876332835607485
-0.4441000496635409 0.8430714814718969 -1.7902007112889438
-0.419427824682233 0.8365790377674079 -1.7927681390171388
-0.39475559970092516 0.830086594062919 -1.7953355667453341
-0.37008337471961733 0.82359415035843 -1.7979029944735294
-0.3454111497383096 0.817101706653941 -1.8004704222017247
-0.3207389247570018 0.810609262949452 -1.8030378499299198
-0.2960666997756939 0.804116819244963 -1.805605277658115
-0.27139447479438605 0.797624375540474 -1.8081727053863104
-0.24672224981307822 0.7911319318359851 -1.8107401331145057
-0.2220500248317705 0.7846394881314961 -1.8133075608427007
-0.19737779985046264 0.7781470444270071 -1.815874988570896
-0.1727055748691548 0.771654600722518 -1.8184424162990913
-0.14803334988784694 0.765162157018029 -1.8210098440272864
-0.12336112490653911 0.75866971331354 -1.8235772717554817
-0.09868889992523137 0.7521772696090511 -1.826144699483677
-0.07401667494392353 0.7456848259045621 -1.8287121272118723
-0.04934444996261569 0.7391923822000731 -1.8312795549400673
-0.024672224981307844 0.7326999384955841 -1.8338469826682626
0.0 0.7262074947910951 -1.836414410396458
-0.9622167742710052 0.9871384109128796 -1.7558210525117
-0.9375445492896973 0.9806459672083906 -1.758388480239895
-0.9128723243083895 0.9741535235039015 -1.7609559079680903
-0.8882000993270818 0.9676610797994126 -1.7635233356962856
-0.8635278743457739 0.9611686360949235 -1.766090763424481
-0.838855649364466 0.9546761923904346 -1.768658191152676
-0.8141834243831582 0.9481837486859456 -1.7712256188808713
-0.7895111994018503 0.9416913049814566 -1.7737930466090666
-0.7648389744205426 0.9351988612769676 -1.7763604743372616
-0.7401667494392348 0.9287064175724786 -1.778927902065457
-0.7154945244579269 0.9222139738679896 -1.7814953297936522
-0.6908222994766191 0.9157215301635007 -1.7840627575218475
-0.6661500744953113 0.9092290864590117 -1.7866301852500426
-0.6414778495140036 0.9027366427545227 -1.7891976129782379
-0.6168056245326956 0.8962441990500337 -1.7917650407064332
-0.5921333995513878 0.8897517553455447 -1.7943324684346285
-0.5674611745700799 0.8832593116410558 -1.7968998961628235
-0.5427889495887721 0.8767668679365668 -1.7994673238910188
-0.5181167246074644 0.8702744242320778 -1.8020347516192141
-0.49344449962615644 0.8637819805275887 -1.8046021793474092
-0.4687722746448487 0.8572895368230997 -1.8071696070756045
-0.4441000496635409 0.8507970931186107 -1.8097370348037998
-0.419427824682233 0.8443046494141218 -1.812304462531995
-0.39475559970092516 0.8378122057096328 -1.8148718902601901
-0.37008337471961733 0.8313197620051438 -1.8174393179883854
-0.3454111497383096 0.8248273183006548 -1.8200067457165807
-0.3207389247570018 0.8183348745961658 -1.822574173444776
-0.2960666997756939 0.8118424308916768 -1.825141601172971
-0.27139447479438605 0.8053499871871879 -1.8277090289011664
-0.24672224981307822 0.7988575434826989 -1.8302764566293617
-0.2220500248317705 0.7923650997782099 -1.8328438843575567
-0.19737779985046264 0.7858726560737209 -1.835411312085752
-0.1727055748691548 0.7793802123692319 -1.8379787398139473
-0.14803334988784694 0.7728877686647428 -1.8405461675421426
-0.12336112490653911 0.7663953249602539 -1.8431135952703377
-0.09868889992523137 0.7599028812557649 -1.845681022998533
-0.07401667494392353 0.7534104375512759 -1.8482484507267283
-0.04934444996261569 0.7469179938467869 -1.8508158784549236
-0.024672224981307844 0.7404255501422979 -1.8533833061831186
0.0 0.733933106437809 -1.855950733911314
-0.9622167742710052 0.9948640225595932 -1.7753573760265555
-0.9375445492896973 0.9883715788551042 -1.7779248037547508
-0.9128723243083895 0.9818791351506152 -1.7804922314829459
-0.8882000993270818 0.9753866914461262 -1.7830596592111412
-0.8635278743457739 0.9688942477416372 -1.7856270869393365
-0.838855649364466 0.9624018040371483 -1.7881945146675318
-0.8141834243831582 0.9559093603326593 -1.7907619423957268
-0.7895111994018503 0.9494169166281703 -1.7933293701239221
-0.7648389744205426 0.9429244729236813 -1.7958967978521174
-0.7401667494392348 0.9364320292191923 -1.7984642255803127
-0.7154945244579269 0.9299395855147033 -1.8010316533085078
-0.6908222994766191 0.9234471418102143 -1.803599081036703
-0.6661500744953113 0.9169546981057253 -1.8061665087648984
-0.6414778495140036 0.9104622544012363 -1.8087339364930934
-0.6168056245326956 0.9039698106967473 -1.8113013642212887
-0.5921333995513878 0.8974773669922583 -1.813868791949484
-0.5674611745700799 0.8909849232877693 -1.8164362196776793
-0.5427889495887721 0.8844924795832804 -1.8190036474058744
-0.5181167246074644 0.8780000358787914 -1.8215710751340697
-0.49344449962615644 0.8715075921743024 -1.824138502862265
-0.4687722746448487 0.8650151484698134 -1.8267059305904603
-0.4441000496635409 0.8585227047653244 -1.8292733583186553
-0.419427824682233 0.8520302610608355 -1.8318407860468506
-0.39475559970092516 0.8455378173563465 -1.834408213775046
-0.37008337471961733 0.8390453736518575 -1.8369756415032412
-0.3454111497383096 0.8325529299473685 -1.8395430692314363
-0.3207389247570018 0.8260604862428795 -1.8421104969596316
-0.2960666997756939 0.8195680425383904 -1.8446779246878269
-0.27139447479438605 0.8130755988339015 -1.847245352416022
-0.24672224981307822 0.8065831551294125 -1.8498127801442172
-0.2220500248317705 0.8000907114249235 -1.8523802078724125
-0.19737779985046264 0.7935982677204345 -1.8549476356006078
-0.1727055748691548 0.7871058240159455 -1.857515063328803
-0.14803334988784694 0.7806133803114566 -1.8600824910569982
-0.12336112490653911 0.7741209366069676 -1.8626499187851935
-0.09868889992523137 0.7676284929024786 -1.8652173465133888
-0.07401667494392353 0.7611360491979896 -1.8677847742415838
-0.04934444996261569 0.7546436054935006 -1.8703522019697791
-0.024672224981307844 0.7481511617890116 -1.8729196296979744
0.0 0.7416587180845227 -1.8754870574261695
-0.9622167742710052 1.0025896342063072 -1.7948936995414118
-0.9375445492896973 0.9960971905018181 -1.797461127269607
-0.9128723243083895 0.9896047467973291 -1.8000285549978023
-0.8882000993270818 0.9831123030928401 -1.8025959827259974
-0.8635278743457739 0.9766198593883512 -1.8051634104541927
-0.838855649364466 0.9701274156838622 -1.807730838182388
-0.8141834243831582 0.9636349719793732 -1.8102982659105833
-0.7895111994018503 0.9571425282748842 -1.8128656936387784
-0.7648389744205426 0.9506500845703952 -1.8154331213669737
-0.7401667494392348 0.9441576408659063 -1.818000549095169
-0.7154945244579269 0.9376651971614173 -1.820567976823364
-0.6908222994766191 0.9311727534569282 -1.8231354045515593
-0.6661500744953113 0.9246803097524392 -1.8257028322797546
-0.6414778495140036 0.9181878660479502 -1.82827026000795
-0.6168056245326956 0.9116954223434612 -1.830837687736145
-0.5921333995513878 0.9052029786389723 -1.8334051154643403
-0.5674611745700799 0.8987105349344833 -1.8359725431925356
-0.5427889495887721 0.8922180912299943 -1.8385399709207308
-0.5181167246074644 0.8857256475255053 -1.841107398648926
-0.49344449962615644 0.8792332038210163 -1.8436748263771212
-0.4687722746448487 0.8727407601165273 -1.8462422541053165
-0.4441000496635409 0.8662483164120384 -1.8488096818335116
-0.419427824682233 0.8597558727075494 -1.8513771095617069
-0.39475559970092516 0.8532634290030604 -1.8539445372899022
-0.37008337471961733 0.8467709852985713 -1.8565119650180975
-0.3454111497383096 0.8402785415940824 -1.8590793927462925
-0.3207389247570018 0.8337860978895933 -1.8616468204744878
-0.2960666997756939 0.8272936541851044 -1.864214248202683
-0.27139447479438605 0.8208012104806154 -1.8667816759308784
-0.24672224981307822 0.8143087667761264 -1.8693491036590735
-0.2220500248317705 0.8078163230716374 -1.8719165313872688
-0.19737779985046264 0.8013238793671484 -1.874483959115464
-0.1727055748691548 0.7948314356626595 -1.8770513868436594
-0.14803334988784694 0.7883389919581705 -1.8796188145718544
-0.12336112490653911 0.7818465482536815 -1.8821862423000497
-0.09868889992523137 0.7753541045491925 -1.884753670028245
-0.07401667494392353 0.7688616608447035 -1.88732109775644
-0.04934444996261569 0.7623692171402146 -1.8898885254846354
-0.024672224981307844 0.7558767734357256 -1.8924559532128307
0.0 0.7493843297312366 -1.895023380941026
-0.9622167742710052 1.010315245853021 -1.8144300230562675
-0.9375445492896973 1.0038228021485318 -1.8169974507844628
-0.9128723243083895 0.9973303584440428 -1.8195648785126581
-0.8882000993270818 0.990837914739554 -1.8221323062408534
-0.8635278743457739 0.9843454710350649 -1.8246997339690485
-0.838855649364466 0.9778530273305759 -1.8272671616972438
-0.8141834243831582 0.9713605836260869 -1.829834589425439
-0.7895111994018503 0.9648681399215979 -1.8324020171536344
-0.7648389744205426 0.9583756962171089 -1.8349694448818294
-0.7401667494392348 0.95188325251262 -1.8375368726100247
-0.7154945244579269 0.945390808808131 -1.84010430033822
-0.6908222994766191 0.938898365103642 -1.8426717280664153
-0.6661500744953113 0.932405921399153 -1.8452391557946104
-0.6414778495140036 0.925913477694664 -1.8478065835228057
-0.6168056245326956 0.919421033990175 -1.850374011251001
-0.5921333995513878 0.9129285902856861 -1.852941438979196
-0.5674611745700799 0.9064361465811971 -1.8555088667073913
-0.5427889495887721 0.8999437028767081 -1.8580762944355866
-0.5181167246074644 0.8934512591722191 -1.860643722163782
-0.49344449962615644 0.88695881546773 -1.863211149891977
-0.4687722746448487 0.880466371763241 -1.8657785776201723
-0.4441000496635409 0.8739739280587521 -1.8683460053483676
-0.419427824682233 0.8674814843542631 -1.8709134330765629
-0.39475559970092516 0.8609890406497741 -1.873480860804758
-0.37008337471961733 0.8544965969452851 -1.8760482885329532
-0.3454111497383096 0.8480041532407961 -1.8786157162611485
-0.3207389247570018 0.8415117095363072 -1.8811831439893436
-0.2960666997756939 0.8350192658318182 -1.883750571717539
-0.27139447479438605 0.8285268221273292 -1.8863179994457342
-0.24672224981307822 0.8220343784228402 -1.8888854271739295
-0.2220500248317705 0.8155419347183512 -1.8914528549021246
-0.19737779985046264 0.8090494910138623 -1.8940202826303199
-0.1727055748691548 0.8025570473093733 -1.8965877103585151
-0.14803334988784694 0.7960646036048842 -1.8991551380867104
-0.12336112490653911 0.7895721599003952 -1.9017225658149055
-0.09868889992523137 0.7830797161959062 -1.9042899935431008
-0.07401667494392353 0.7765872724914172 -1.906857421271296
-0.04934444996261569 0.7700948287869283 -1.9094248489994914
-0.024672224981307844 0.7636023850824393 -1.9119922767276865
0.0 0.7571099413779503 -1.9145597044558818
-0.9622167742710052 1.0180408574997346 -1.8339663465711236
-0.9375445492896973 1.0115484137952455 -1.8365337742993189
-0.9128723243083895 1.0050559700907566 -1.839101202027514
-0.8882000993270818 0.9985635263862677 -1.8416686297557092
-0.8635278743457739 0.9920710826817787 -1.8442360574839045
-0.838855649364466 0.9855786389772897 -1.8468034852120996
-0.8141834243831582 0.9790861952728006 -1.8493709129402949
-0.7895111994018503 0.9725937515683116 -1.8519383406684902
-0.7648389744205426 0.9661013078638228 -1.8545057683966855
-0.7401667494392348 0.9596088641593337 -1.8570731961248805
-0.7154945244579269 0.9531164204548447 -1.8596406238530758
-0.6908222994766191 0.9466239767503557 -1.8622080515812711
-0.6661500744953113 0.9401315330458667 -1.8647754793094664
-0.6414778495140036 0.9336390893413777 -1.8673429070376615
-0.6168056245326956 0.9271466456368888 -1.8699103347658568
-0.5921333995513878 0.9206542019323998 -1.872477762494052
-0.5674611745700799 0.9141617582279108 -1.8750451902222474
-0.5427889495887721 0.9076693145234218 -1.8776126179504424
-0.5181167246074644 0.9011768708189328 -1.8801800456786377
-0.49344449962615644 0.8946844271144438 -1.882747473406833
-0.4687722746448487 0.8881919834099549 -1.885314901135028
-0.4441000496635409 0.8816995397054659 -1.8878823288632234
-0.419427824682233 0.8752070960009769 -1.8904497565914187
-0.39475559970092516 0.8687146522964878 -1.893017184319614
-0.37008337471961733 0.8622222085919988 -1.895584612047809
-0.3454111497383096 0.8557297648875098 -1.8981520397760043
-0.3207389247570018 0.8492373211830209 -1.9007194675041996
-0.2960666997756939 0.8427448774785319 -1.903286895232395
-0.27139447479438605 0.8362524337740429 -1.90585432296059
-0.24672224981307822 0.8297599900695539 -1.9084217506887853
-0.2220500248317705 0.8232675463650649 -1.9109891784169806
-0.19737779985046264 0.816775102660576 -1.9135566061451756
-0.1727055748691548 0.810282658956087 -1.916124033873371
-0.14803334988784694 0.803790215251598 -1.9186914616015662
-0.12336112490653911 0.797297771547109 -1.9212588893297615
-0.09868889992523137 0.79080532784262 -1.9238263170579566
-0.07401667494392353 0.784312884138131 -1.9263937447861519
-0.04934444996261569 0.7778204404336421 -1.9289611725143472
-0.024672224981307844 0.7713279967291531 -1.9315286002425425
0.0 0.764835553024664 -1.9340960279707375
-0.9622167742710052 1.0257664691464483 -1.8535026700859794
-0.9375445492896973 1.0192740254419594 -1.8560700978141746
-0.9128723243083895 1.0127815817374703 -1.85863752554237
-0.8882000993270818 1.0062891380329815 -1.861204953270565
-0.8635278743457739 0.9997966943284924 -1.8637723809987603
-0.838855649364466 0.9933042506240034 -1.8663398087269556
-0.8141834243831582 0.9868118069195144 -1.8689072364551509
-0.7895111994018503 0.9803193632150254 -1.871474664183346
-0.7648389744205426 0.9738269195105365 -1.8740420919115413
-0.7401667494392348 0.9673344758060475 -1.8766095196397365
-0.7154945244579269 0.9608420321015585 -1.8791769473679316
-0.6908222994766191 0.9543495883970695 -1.881744375096127
-0.6661500744953113 0.9478571446925805 -1.8843118028243222
-0.6414778495140036 0.9413647009880916 -1.8868792305525175
-0.6168056245326956 0.9348722572836025 -1.8894466582807126
-0.5921333995513878 0.9283798135791135 -1.8920140860089079
-0.5674611745700799 0.9218873698746245 -1.8945815137371032
-0.5427889495887721 0.9153949261701355 -1.8971489414652984
-0.5181167246074644 0.9089024824656465 -1.8997163691934935
-0.49344449962615644 0.9024100387611576 -1.9022837969216888
-0.4687722746448487 0.8959175950566686 -1.904851224649884
-0.4441000496635409 0.8894251513521796 -1.9074186523780792
-0.419427824682233 0.8829327076476906 -1.9099860801062745
-0.39475559970092516 0.8764402639432016 -1.9125535078344698
-0.37008337471961733 0.8699478202387126 -1.915120935562665
-0.3454111497383096 0.8634553765342237 -1.9176883632908601
-0.3207389247570018 0.8569629328297347 -1.9202557910190554
-0.2960666997756939 0.8504704891252457 -1.9228232187472507
-0.27139447479438605 0.8439780454207567 -1.925390646475446
-0.24672224981307822 0.8374856017162677 -1.927958074203641
-0.2220500248317705 0.8309931580117788 -1.9305255019318364
-0.19737779985046264 0.8245007143072898 -1.9330929296600317
-0.1727055748691548 0.8180082706028007 -1.935660357388227
-0.14803334988784694 0.8115158268983117 -1.938227785116422
-0.12336112490653911 0.8050233831938227 -1.9407952128446173
-0.09868889992523137 0.7985309394893337 -1.9433626405728126
-0.07401667494392353 0.7920384957848448 -1.9459300683010077
-0.04934444996261569 0.7855460520803558 -1.948497496029203
-0.024672224981307844 0.7790536083758668 -1.9510649237573983
0.0 0.7725611646713778 -1.9536323514855936
-0.9622167742710052 1.033492080793162 -1.8730389936008351
-0.9375445492896973 1.0269996370886731 -1.8756064213290304
-0.9128723243083895 1.020507193384184 -1.8781738490572257
-0.8882000993270818 1.0140147496796952 -1.880741276785421
-0.8635278743457739 1.007522305975206 -1.883308704513616
-0.838855649364466 1.0010298622707172 -1.8858761322418114
-0.8141834243831582 0.9945374185662281 -1.8884435599700067
-0.7895111994018503 0.9880449748617391 -1.891010987698202
-0.7648389744205426 0.9815525311572503 -1.893578415426397
-0.7401667494392348 0.9750600874527612 -1.8961458431545923
-0.7154945244579269 0.9685676437482722 -1.8987132708827876
-0.6908222994766191 0.9620752000437832 -1.901280698610983
-0.6661500744953113 0.9555827563392942 -1.903848126339178
-0.6414778495140036 0.9490903126348053 -1.9064155540673733
-0.6168056245326956 0.9425978689303163 -1.9089829817955686
-0.5921333995513878 0.9361054252258273 -1.9115504095237636
-0.5674611745700799 0.9296129815213383 -1.914117837251959
-0.5427889495887721 0.9231205378168493 -1.9166852649801542
-0.5181167246074644 0.9166280941123603 -1.9192526927083495
-0.49344449962615644 0.9101356504078714 -1.9218201204365446
-0.4687722746448487 0.9036432067033824 -1.92438754816474
-0.4441000496635409 0.8971507629988934 -1.9269549758929352
-0.419427824682233 0.8906583192944043 -1.9295224036211305
-0.39475559970092516 0.8841658755899153 -1.9320898313493255
-0.37008337471961733 0.8776734318854263 -1.9346572590775208
-0.3454111497383096 0.8711809881809374 -1.9372246868057161
-0.3207389247570018 0.8646885444764484 -1.9397921145339112
-0.2960666997756939 0.8581961007719594 -1.9423595422621065
-0.27139447479438605 0.8517036570674704 -1.9449269699903018
-0.24672224981307822 0.8452112133629814 -1.947494397718497
-0.2220500248317705 0.8387187696584925 -1.9500618254466922
-0.19737779985046264 0.8322263259540035 -1.9526292531748874
-0.1727055748691548 0.8257338822495145 -1.9551966809030827
-0.14803334988784694 0.8192414385450255 -1.957764108631278
-0.12336112490653911 0.8127489948405365 -1.960331536359473
-0.09868889992523137 0.8062565511360476 -1.9628989640876684
-0.07401667494392353 0.7997641074315586 -1.9654663918158637
-0.04934444996261569 0.7932716637270696 -1.9680338195440588
-0.024672224981307844 0.7867792200225805 -1.970601247272254
0.0 0.7802867763180915 -1.9731686750004493
-0.9622167742710052 1.041217692439876 -1.8925753171156916
-0.9375445492896973 1.034725248735387 -1.8951427448438867
-0.9128723243083895 1.028232805030898 -1.897710172572082
-0.8882000993270818 1.021740361326409 -1.9002776003002773
-0.8635278743457739 1.01524791762192 -1.9028450280284726
-0.838855649364466 1.0087554739174311 -1.9054124557566676
-0.8141834243831582 1.002263030212942 -1.907979883484863
-0.7895111994018503 0.9957705865084531 -1.9105473112130582
-0.7648389744205426 0.9892781428039641 -1.9131147389412533
-0.7401667494392348 0.9827856990994751 -1.9156821666694486
-0.7154945244579269 0.9762932553949861 -1.9182495943976439
-0.6908222994766191 0.9698008116904971 -1.9208170221258392
-0.6661500744953113 0.9633083679860082 -1.9233844498540342
-0.6414778495140036 0.9568159242815192 -1.9259518775822295
-0.6168056245326956 0.9503234805770302 -1.9285193053104248
-0.5921333995513878 0.9438310368725412 -1.93108673303862
-0.5674611745700799 0.9373385931680522 -1.9336541607668152
-0.5427889495887721 0.9308461494635633 -1.9362215884950105
-0.5181167246074644 0.9243537057590743 -1.9387890162232058
-0.49344449962615644 0.9178612620545852 -1.941356443951401
-0.4687722746448487 0.9113688183500963 -1.9439238716795961
-0.4441000496635409 0.9048763746456072 -1.9464912994077914
-0.419427824682233 0.8983839309411182 -1.9490587271359867
-0.39475559970092516 0.8918914872366293 -1.9516261548641818
-0.37008337471961733 0.8853990435321403 -1.954193582592377
-0.3454111497383096 0.8789065998276513 -1.9567610103205724
-0.3207389247570018 0.8724141561231623 -1.9593284380487677
-0.2960666997756939 0.8659217124186733 -1.9618958657769627
-0.27139447479438605 0.8594292687141843 -1.964463293505158
-0.24672224981307822 0.8529368250096954 -1.9670307212333533
-0.2220500248317705 0.8464443813052064 -1.9695981489615486
-0.19737779985046264 0.8399519376007174 -1.9721655766897437
-0.1727055748691548 0.8334594938962284 -1.974733004417939
-0.14803334988784694 0.8269670501917394 -1.9773004321461343
-0.12336112490653911 0.8204746064872505 -1.9798678598743296
-0.09868889992523137 0.8139821627827615 -1.9824352876025246
-0.07401667494392353 0.8074897190782725 -1.98500271533072
-0.04934444996261569 0.8009972753737834 -1.9875701430589152
-0.024672224981307844 0.7945048316692944 -1.9901375707871103
0.0 0.7880123879648054 -1.9927049985153056
-0.9622167742710052 1.0489433040865899 -1.9121116406305474
-0.9375445492896973 1.0424508603821008 -1.9146790683587427
-0.9128723243083895 1.0359584166776117 -1.9172464960869378
-0.8882000993270818 1.0294659729731228 -1.919813923815133
-0.8635278743457739 1.0229735292686337 -1.9223813515433283
-0.838855649364466 1.0164810855641448 -1.9249487792715236
-0.8141834243831582 1.0099886418596558 -1.9275162069997187
-0.7895111994018503 1.0034961981551669 -1.930083634727914
-0.7648389744205426 0.9970037544506779 -1.9326510624561093
-0.7401667494392348 0.9905113107461889 -1.9352184901843046
-0.7154945244579269 0.9840188670416999 -1.9377859179124997
-0.6908222994766191 0.9775264233372108 -1.940353345640695
-0.6661500744953113 0.9710339796327219 -1.9429207733688902
-0.6414778495140036 0.9645415359282329 -1.9454882010970853
-0.6168056245326956 0.9580490922237439 -1.9480556288252806
-0.5921333995513878 0.9515566485192549 -1.950623056553476
-0.5674611745700799 0.9450642048147659 -1.9531904842816712
-0.5427889495887721 0.938571761110277 -1.9557579120098663
-0.5181167246074644 0.932079317405788 -1.9583253397380616
-0.49344449962615644 0.925586873701299 -1.9608927674662568
-0.4687722746448487 0.91909442999681 -1.9634601951944521
-0.4441000496635409 0.912601986292321 -1.9660276229226472
-0.419427824682233 0.906109542587832 -1.9685950506508425
-0.39475559970092516 0.8996170988833431 -1.9711624783790378
-0.37008337471961733 0.893124655178854 -1.973729906107233
-0.3454111497383096 0.8866322114743651 -1.9762973338354282
-0.3207389247570018 0.880139767769876 -1.9788647615636235
-0.2960666997756939 0.873647324065387 -1.9814321892918187
-0.27139447479438605 0.867154880360898 -1.9839996170200138
-0.24672224981307822 0.8606624366564091 -1.986567044748209
-0.2220500248317705 0.8541699929519201 -1.9891344724764044
-0.19737779985046264 0.8476775492474311 -1.9917019002045997
-0.1727055748691548 0.8411851055429421 -1.9942693279327948
-0.14803334988784694 0.8346926618384531 -1.99683675566099
-0.12336112490653911 0.8282002181339642 -1.9994041833891854
-0.09868889992523137 0.8217077744294752 -2.0019716111173804
-0.07401667494392353 0.8152153307249862 -2.004539038845576
-0.04934444996261569 0.8087228870204972 -2.007106466573771
-0.024672224981307844 0.8022304433160082 -2.009673894301966
0.0 0.7957379996115193 -2.0122413220301616
-0.9622167742710052 1.0566689157333036 -1.9316479641454032
-0.9375445492896973 1.0501764720288145 -1.9342153918735985
-0.9128723243083895 1.0436840283243256 -1.9367828196017938
-0.8882000993270818 1.0371915846198365 -1.939350247329989
-0.8635278743457739 1.0306991409153476 -1.9419176750581841
-0.838855649364466 1.0242066972108586 -1.9444851027863794
-0.8141834243831582 1.0177142535063697 -1.9470525305145747
-0.7895111994018503 1.0112218098018806 -1.9496199582427698
-0.7648389744205426 1.0047293660973917 -1.952187385970965
-0.7401667494392348 0.9982369223929026 -1.9547548136991604
-0.7154945244579269 0.9917444786884136 -1.9573222414273557
-0.6908222994766191 0.9852520349839247 -1.9598896691555507
-0.6661500744953113 0.9787595912794357 -1.962457096883746
-0.6414778495140036 0.9722671475749467 -1.9650245246119413
-0.6168056245326956 0.9657747038704577 -1.9675919523401366
-0.5921333995513878 0.9592822601659687 -1.9701593800683317
-0.5674611745700799 0.9527898164614798 -1.972726807796527
-0.5427889495887721 0.9462973727569908 -1.9752942355247223
-0.5181167246074644 0.9398049290525018 -1.9778616632529173
-0.49344449962615644 0.9333124853480127 -1.9804290909811126
-0.4687722746448487 0.9268200416435237 -1.982996518709308
-0.4441000496635409 0.9203275979390347 -1.9855639464375032
-0.419427824682233 0.9138351542345458 -1.9881313741656983
-0.39475559970092516 0.9073427105300568 -1.9906988018938936
-0.37008337471961733 0.9008502668255678 -1.9932662296220889
-0.3454111497383096 0.8943578231210788 -1.9958336573502842
-0.3207389247570018 0.8878653794165898 -1.9984010850784792
-0.2960666997756939 0.8813729357121008 -2.0009685128066748
-0.27139447479438605 0.8748804920076119 -2.00353594053487
-0.24672224981307822 0.8683880483031229 -2.006103368263065
-0.2220500248317705 0.8618956045986339 -2.0086707959912604
-0.19737779985046264 0.8554031608941449 -2.0112382237194555
-0.1727055748691548 0.8489107171896559 -2.0138056514476506
-0.14803334988784694 0.8424182734851668 -2.016373079175846
-0.12336112490653911 0.8359258297806779 -2.018940506904041
-0.09868889992523137 0.8294333860761889 -2.021507934632236
-0.07401667494392353 0.8229409423716999 -2.0240753623604317
-0.04934444996261569 0.8164484986672109 -2.026642790088627
-0.024672224981307844 0.8099560549627219 -2.0292102178168223
0.0 0.803463611258233 -2.0317776455450174
-0.9622167742710052 1.0643945273800173 -1.9511842876602592
-0.9375445492896973 1.0579020836755282 -1.9537517153884543
-0.9128723243083895 1.0514096399710393 -1.9563191431166496
-0.8882000993270818 1.0449171962665502 -1.9588865708448449
-0.8635278743457739 1.0384247525620613 -1.9614539985730401
-0.838855649364466 1.0319323088575723 -1.9640214263012352
-0.8141834243831582 1.0254398651530834 -1.9665888540294305
-0.7895111994018503 1.0189474214485943 -1.9691562817576258
-0.7648389744205426 1.0124549777441054 -1.9717237094858209
-0.7401667494392348 1.0059625340396163 -1.9742911372140162
-0.7154945244579269 0.9994700903351273 -1.9768585649422115
-0.6908222994766191 0.9929776466306384 -1.9794259926704068
-0.6661500744953113 0.9864852029261494 -1.9819934203986018
-0.6414778495140036 0.9799927592216604 -1.9845608481267971
-0.6168056245326956 0.9735003155171714 -1.9871282758549924
-0.5921333995513878 0.9670078718126824 -1.9896957035831877
-0.5674611745700799 0.9605154281081935 -1.9922631313113828
-0.5427889495887721 0.9540229844037045 -1.994830559039578
-0.5181167246074644 0.9475305406992155 -1.9973979867677734
-0.49344449962615644 0.9410380969947265 -1.9999654144959687
-0.4687722746448487 0.9345456532902375 -2.0025328422241637
-0.4441000496635409 0.9280532095857486 -2.0051002699523592
-0.419427824682233 0.9215607658812596 -2.0076676976805543
-0.39475559970092516 0.9150683221767705 -2.0102351254087494
-0.37008337471961733 0.9085758784722815 -2.012802553136945
-0.3454111497383096 0.9020834347677925 -2.01536998086514
-0.3207389247570018 0.8955909910633035 -2.017937408593335
-0.2960666997756939 0.8890985473588146 -2.0205048363215306
-0.27139447479438605 0.8826061036543256 -2.0230722640497256
-0.24672224981307822 0.8761136599498366 -2.0256396917779207
-0.2220500248317705 0.8696212162453476 -2.028207119506116
-0.19737779985046264 0.8631287725408586 -2.0307745472343113
-0.1727055748691548 0.8566363288363696 -2.033341974962507
-0.14803334988784694 0.8501438851318807 -2.035909402690702
-0.12336112490653911 0.8436514414273917 -2.038476830418897
-0.09868889992523137 0.8371589977229027 -2.0410442581470924
-0.07401667494392353 0.8306665540184137 -2.0436116858752875
-0.04934444996261569 0.8241741103139247 -2.0461791136034826
-0.024672224981307844 0.8176816666094358 -2.048746541331678
0.0 0.8111892229049467 -2.051313969059873
-0.9622167742710052 1.072120139026731 -1.970720611175115
-0.9375445492896973 1.065627695322242 -1.9732880389033103
-0.9128723243083895 1.059135251617753 -1.9758554666315054
-0.8882000993270818 1.0526428079132641 -1.9784228943597006
-0.8635278743457739 1.046150364208775 -1.980990322087896
-0.838855649364466 1.0396579205042862 -1.9835577498160912
-0.8141834243831582 1.033165476799797 -1.9861251775442863
-0.7895111994018503 1.026673033095308 -1.9886926052724816
-0.7648389744205426 1.0201805893908191 -1.9912600330006769
-0.7401667494392348 1.01368814568633 -1.9938274607288722
-0.7154945244579269 1.0071957019818412 -1.9963948884570673
-0.6908222994766191 1.000703258277352 -1.9989623161852625
-0.6661500744953113 0.9942108145728632 -2.0015297439134576
-0.6414778495140036 0.9877183708683742 -2.004097171641653
-0.6168056245326956 0.9812259271638851 -2.006664599369848
-0.5921333995513878 0.9747334834593961 -2.0092320270980433
-0.5674611745700799 0.9682410397549072 -2.011799454826239
-0.5427889495887721 0.9617485960504182 -2.014366882554434
-0.5181167246074644 0.9552561523459292 -2.0169343102826294
-0.49344449962615644 0.9487637086414402 -2.0195017380108244
-0.4687722746448487 0.9422712649369512 -2.0220691657390195
-0.4441000496635409 0.9357788212324623 -2.024636593467215
-0.419427824682233 0.9292863775279733 -2.02720402119541
-0.39475559970092516 0.9227939338234843 -2.029771448923605
-0.37008337471961733 0.9163014901189953 -2.0323388766518007
-0.3454111497383096 0.9098090464145063 -2.0349063043799958
-0.3207389247570018 0.9033166027100173 -2.037473732108191
-0.2960666997756939 0.8968241590055284 -2.0400411598363863
-0.27139447479438605 0.8903317153010394 -2.0426085875645814
-0.24672224981307822 0.8838392715965503 -2.045176015292777
-0.2220500248317705 0.8773468278920614 -2.047743443020972
-0.19737779985046264 0.8708543841875723 -2.050310870749167
-0.1727055748691548 0.8643619404830833 -2.0528782984773626
-0.14803334988784694 0.8578694967785944 -2.0554457262055577
-0.12336112490653911 0.8513770530741054 -2.0580131539337527
-0.09868889992523137 0.8448846093696164 -2.0605805816619482
-0.07401667494392353 0.8383921656651274 -2.0631480093901433
-0.04934444996261569 0.8318997219606384 -2.065715437118339
-0.024672224981307844 0.8254072782561495 -2.068282864846534
0.0 0.8189148345516605 -2.070850292574729
-0.9622167742710052 1.0798457506734447 -1.9902569346899708
-0.9375445492896973 1.0733533069689558 -1.992824362418166
-0.9128723243083895 1.0668608632644667 -1.9953917901463614
-0.8882000993270818 1.0603684195599778 -1.9979592178745567
-0.8635278743457739 1.0538759758554888 -2.000526645602752
-0.838855649364466 1.0473835321509999 -2.003094073330947
-0.8141834243831582 1.0408910884465108 -2.005661501059142
-0.7895111994018503 1.034398644742022 -2.0082289287873376
-0.7648389744205426 1.0279062010375328 -2.0107963565155327
-0.7401667494392348 1.021413757333044 -2.0133637842437277
-0.7154945244579269 1.0149213136285549 -2.0159312119719233
-0.6908222994766191 1.008428869924066 -2.0184986397001183
-0.6661500744953113 1.001936426219577 -2.021066067428314
-0.6414778495140036 0.9954439825150879 -2.023633495156509
-0.6168056245326956 0.9889515388105989 -2.026200922884704
-0.5921333995513878 0.98245909510611 -2.0287683506128995
-0.5674611745700799 0.975966651401621 -2.0313357783410946
-0.5427889495887721 0.969474207697132 -2.0339032060692896
-0.5181167246074644 0.962981763992643 -2.036470633797485
-0.49344449962615644 0.956489320288154 -2.0390380615256802
-0.4687722746448487 0.949996876583665 -2.0416054892538753
-0.4441000496635409 0.9435044328791761 -2.044172916982071
-0.419427824682233 0.937011989174687 -2.046740344710266
-0.39475559970092516 0.930519545470198 -2.0493077724384614
-0.37008337471961733 0.924027101765709 -2.0518752001666565
-0.3454111497383096 0.91753465806122 -2.0544426278948515
-0.3207389247570018 0.911042214356731 -2.057010055623047
-0.2960666997756939 0.9045497706522421 -2.059577483351242
-0.27139447479438605 0.8980573269477531 -2.062144911079437
-0.24672224981307822 0.8915648832432641 -2.0647123388076327
-0.2220500248317705 0.8850724395387751 -2.067279766535828
-0.19737779985046264 0.8785799958342861 -2.069847194264023
-0.1727055748691548 0.8720875521297972 -2.0724146219922184
-0.14803334988784694 0.8655951084253082 -2.0749820497204134
-0.12336112490653911 0.8591026647208192 -2.077549477448609
-0.09868889992523137 0.8526102210163302 -2.080116905176804
-0.07401667494392353 0.8461177773118412 -2.082684332904999
-0.04934444996261569 0.8396253336073523 -2.0852517606331946
-0.024672224981307844 0.8331328899028632 -2.0878191883613897
0.0 0.8266404461983742 -2.0903866160895848
-0.9622167742710052 1.0875713623201586 -2.009793258204827
-0.9375445492896973 1.0810789186156697 -2.0123606859330225
-0.9128723243083895 1.0745864749111806 -2.0149281136612176
-0.8882000993270818 1.0680940312066918 -2.0174955413894127
-0.8635278743457739 1.0616015875022027 -2.020062969117608
-0.838855649364466 1.0551091437977138 -2.0226303968458033
-0.8141834243831582 1.0486167000932247 -2.0251978245739983
-0.7895111994018503 1.0421242563887358 -2.027765252302194
-0.7648389744205426 1.0356318126842468 -2.030332680030389
-0.7401667494392348 1.0291393689797579 -2.0329001077585844
-0.7154945244579269 1.0226469252752688 -2.0354675354867795
-0.6908222994766191 1.0161544815707797 -2.0380349632149746
-0.6661500744953113 1.0096620378662908 -2.04060239094317
-0.6414778495140036 1.0031695941618017 -2.043169818671365
-0.6168056245326956 0.9966771504573129 -2.0457372463995602
-0.5921333995513878 0.9901847067528239 -2.0483046741277557
-0.5674611745700799 0.9836922630483349 -2.050872101855951
-0.5427889495887721 0.9771998193438459 -2.053439529584146
-0.5181167246074644 0.9707073756393569 -2.0560069573123414
-0.49344449962615644 0.9642149319348678 -2.0585743850405365
-0.4687722746448487 0.957722488230379 -2.061141812768732
-0.4441000496635409 0.9512300445258899 -2.063709240496927
-0.419427824682233 0.9447376008214009 -2.066276668225122
-0.39475559970092516 0.9382451571169119 -2.0688440959533176
-0.37008337471961733 0.9317527134124229 -2.0714115236815127
-0.3454111497383096 0.925260269707934 -2.073978951409708
-0.3207389247570018 0.918767826003445 -2.0765463791379033
-0.2960666997756939 0.912275382298956 -2.0791138068660984
-0.27139447479438605 0.905782938594467 -2.0816812345942934
-0.24672224981307822 0.899290494889978 -2.084248662322489
-0.2220500248317705 0.892798051185489 -2.086816090050684
-0.19737779985046264 0.8863056074810001 -2.0893835177788795
-0.1727055748691548 0.8798131637765111 -2.0919509455070746
-0.14803334988784694 0.8733207200720221 -2.0945183732352697
-0.12336112490653911 0.866828276367533 -2.097085800963465
-0.09868889992523137 0.8603358326630441 -2.0996532286916603
-0.07401667494392353 0.8538433889585552 -2.1022206564198553
-0.04934444996261569 0.8473509452540661 -2.104788084148051
-0.024672224981307844 0.8408585015495771 -2.107355511876246
0.0 0.8343660578450881 -2.1099229396044414
-0.9622167742710052 1.0952969739668725 -2.029329581719683
-0.9375445492896973 1.0888045302623834 -2.0318970094478783
-0.9128723243083895 1.0823120865578943 -2.0344644371760734
-0.8882000993270818 1.0758196428534055 -2.037031864904269
-0.8635278743457739 1.0693271991489164 -2.039599292632464
-0.838855649364466 1.0628347554444275 -2.042166720360659
-0.8141834243831582 1.0563423117399384 -2.0447341480888546
-0.7895111994018503 1.0498498680354496 -2.0473015758170496
-0.7648389744205426 1.0433574243309605 -2.0498690035452447
-0.7401667494392348 1.0368649806264716 -2.05243643127344
-0.7154945244579269 1.0303725369219825 -2.0550038590016353
-0.6908222994766191 1.0238800932174936 -2.0575712867298304
-0.6661500744953113 1.0173876495130045 -2.060138714458026
-0.6414778495140036 1.0108952058085157 -2.062706142186221
-0.6168056245326956 1.0044027621040266 -2.0652735699144165
-0.5921333995513878 0.9979103183995376 -2.0678409976426115
-0.5674611745700799 0.9914178746950486 -2.0704084253708066
-0.5427889495887721 0.9849254309905596 -2.072975853099002
-0.5181167246074644 0.9784329872860706 -2.075543280827197
-0.49344449962615644 0.9719405435815817 -2.0781107085553923
-0.4687722746448487 0.9654480998770927 -2.0806781362835878
-0.4441000496635409 0.9589556561726037 -2.083245564011783
-0.419427824682233 0.9524632124681147 -2.085812991739978
-0.39475559970092516 0.9459707687636257 -2.0883804194681734
-0.37008337471961733 0.9394783250591366 -2.0909478471963685
-0.3454111497383096 0.9329858813546478 -2.093515274924564
-0.3207389247570018 0.9264934376501587 -2.096082702652759
-0.2960666997756939 0.9200009939456697 -2.098650130380954
-0.27139447479438605 0.9135085502411807 -2.1012175581091497
-0.24672224981307822 0.9070161065366917 -2.1037849858373447
-0.2220500248317705 0.9005236628322028 -2.10635241356554
-0.19737779985046264 0.8940312191277138 -2.1089198412937353
-0.1727055748691548 0.8875387754232248 -2.1114872690219304
-0.14803334988784694 0.8810463317187358 -2.1140546967501255
-0.12336112490653911 0.8745538880142468 -2.116622124478321
-0.09868889992523137 0.8680614443097578 -2.119189552206516
-0.07401667494392353 0.8615690006052689 -2.1217569799347116
-0.04934444996261569 0.8550765569007799 -2.1243244076629066
-0.024672224981307844 0.8485841131962909 -2.1268918353911017
0.0 0.8420916694918019 -2.1294592631192972
-0.9622167742710052 1.1030225856135862 -2.048865905234539
-0.9375445492896973 1.0965301419090971 -2.051433332962734
-0.9128723243083895 1.0900376982046083 -2.054000760690929
-0.8882000993270818 1.0835452545001192 -2.0565681884191247
-0.8635278743457739 1.0770528107956303 -2.0591356161473198
-0.838855649364466 1.0705603670911412 -2.061703043875515
-0.8141834243831582 1.0640679233866523 -2.0642704716037104
-0.7895111994018503 1.0575754796821633 -2.0668378993319054
-0.7648389744205426 1.0510830359776744 -2.0694053270601005
-0.7401667494392348 1.0445905922731853 -2.071972754788296
-0.7154945244579269 1.0380981485686964 -2.074540182516491
-0.6908222994766191 1.0316057048642073 -2.0771076102446866
-0.6661500744953113 1.0251132611597182 -2.0796750379728817
-0.6414778495140036 1.0186208174552294 -2.0822424657010767
-0.6168056245326956 1.0121283737507403 -2.0848098934292723
-0.5921333995513878 1.0056359300462514 -2.0873773211574673
-0.5674611745700799 0.9991434863417624 -2.0899447488856624
-0.5427889495887721 0.9926510426372734 -2.092512176613858
-0.5181167246074644 0.9861585989327845 -2.095079604342053
-0.49344449962615644 0.9796661552282954 -2.0976470320702485
-0.4687722746448487 0.9731737115238064 -2.1002144597984436
-0.4441000496635409 0.9666812678193174 -2.1027818875266386
-0.419427824682233 0.9601888241148284 -2.105349315254834
-0.39475559970092516 0.9536963804103394 -2.1079167429830292
-0.37008337471961733 0.9472039367058505 -2.1104841707112243
-0.3454111497383096 0.9407114930013615 -2.11305159843942
-0.3207389247570018 0.9342190492968725 -2.115619026167615
-0.2960666997756939 0.9277266055923835 -2.11818645389581
-0.27139447479438605 0.9212341618878945 -2.1207538816240055
-0.24672224981307822 0.9147417181834055 -2.1233213093522005
-0.2220500248317705 0.9082492744789166 -2.125888737080396
-0.19737779985046264 0.9017568307744276 -2.128456164808591
-0.1727055748691548 0.8952643870699386 -2.131023592536786
-0.14803334988784694 0.8887719433654495 -2.1335910202649817
-0.12336112490653911 0.8822794996609605 -2.136158447993177
-0.09868889992523137 0.8757870559564715 -2.138725875721372
-0.07401667494392353 0.8692946122519826 -2.1412933034495674
-0.04934444996261569 0.8628021685474936 -2.1438607311777624
-0.024672224981307844 0.8563097248430046 -2.1464281589059575
0.0 0.8498172811385156 -2.148995586634153
-0.9622167742710052 1.1107481972603 -2.068402228749395
-0.9375445492896973 1.1042557535558108 -2.07096965647759
-0.9128723243083895 1.097763309851322 -2.073537084205785
-0.8882000993270818 1.0912708661468329 -2.0761045119339805
-0.8635278743457739 1.084778422442344 -2.0786719396621756
-0.838855649364466 1.078285978737855 -2.081239367390371
-0.8141834243831582 1.071793535033366 -2.083806795118566
-0.7895111994018503 1.065301091328877 -2.086374222846761
-0.7648389744205426 1.058808647624388 -2.0889416505749567
-0.7401667494392348 1.052316203919899 -2.091509078303152
-0.7154945244579269 1.0458237602154101 -2.094076506031347
-0.6908222994766191 1.039331316510921 -2.0966439337595424
-0.6661500744953113 1.0328388728064322 -2.0992113614877375
-0.6414778495140036 1.026346429101943 -2.1017787892159325
-0.6168056245326956 1.019853985397454 -2.104346216944128
-0.5921333995513878 1.013361541692965 -2.106913644672323
-0.5674611745700799 1.006869097988476 -2.1094810724005186
-0.5427889495887721 1.0003766542839871 -2.1120485001287137
-0.5181167246074644 0.9938842105794982 -2.1146159278569088
-0.49344449962615644 0.9873917668750092 -2.1171833555851043
-0.4687722746448487 0.9808993231705202 -2.1197507833132994
-0.4441000496635409 0.9744068794660312 -2.1223182110414944
-0.419427824682233 0.9679144357615422 -2.12488563876969
-0.39475559970092516 0.9614219920570531 -2.127453066497885
-0.37008337471961733 0.9549295483525642 -2.1300204942260805
-0.3454111497383096 0.9484371046480752 -2.1325879219542756
-0.3207389247570018 0.9419446609435862 -2.1351553496824707
-0.2960666997756939 0.9354522172390972 -2.137722777410666
-0.27139447479438605 0.9289597735346082 -2.1402902051388613
-0.24672224981307822 0.9224673298301193 -2.1428576328670563
-0.2220500248317705 0.9159748861256303 -2.145425060595252
-0.19737779985046264 0.9094824424211413 -2.147992488323447
-0.1727055748691548 0.9029899987166523 -2.150559916051642
-0.14803334988784694 0.8964975550121633 -2.1531273437798375
-0.12336112490653911 0.8900051113076743 -2.1556947715080326
-0.09868889992523137 0.8835126676031854 -2.158262199236228
-0.07401667494392353 0.8770202238986964 -2.160829626964423
-0.04934444996261569 0.8705277801942074 -2.1633970546926182
-0.024672224981307844 0.8640353364897184 -2.1659644824208137
0.0 0.8575428927852293 -2.168531910149009
-0.9622167742710052 1.1184738089070136 -2.0879385522642506
-0.9375445492896973 1.1119813652025248 -2.0905059799924457
-0.9128723243083895 1.1054889214980357 -2.093073407720641
-0.8882000993270818 1.0989964777935468 -2.0956408354488363
-0.8635278743457739 1.0925040340890577 -2.0982082631770314
-0.838855649364466 1.0860115903845688 -2.100775690905227
-0.8141834243831582 1.0795191466800798 -2.103343118633422
-0.7895111994018503 1.0730267029755907 -2.105910546361617
-0.7648389744205426 1.0665342592711018 -2.1084779740898125
-0.7401667494392348 1.0600418155666127 -2.1110454018180076
-0.7154945244579269 1.0535493718621238 -2.113612829546203
-0.6908222994766191 1.0470569281576347 -2.116180257274398
-0.6661500744953113 1.0405644844531459 -2.1187476850025933
-0.6414778495140036 1.0340720407486568 -2.1213151127307888
-0.6168056245326956 1.027579597044168 -2.123882540458984
-0.5921333995513878 1.0210871533396788 -2.126449968187179
-0.5674611745700799 1.01459470963519 -2.1290173959153744
-0.5427889495887721 1.0081022659307008 -2.1315848236435695
-0.5181167246074644 1.001609822226212 -2.1341522513717646
-0.49344449962615644 0.9951173785217229 -2.13671967909996
-0.4687722746448487 0.9886249348172339 -2.139287106828155
-0.4441000496635409 0.9821324911127449 -2.1418545345563507
-0.419427824682233 0.9756400474082559 -2.1444219622845457
-0.39475559970092516 0.969147603703767 -2.146989390012741
-0.37008337471961733 0.962655159999278 -2.1495568177409363
-0.3454111497383096 0.956162716294789 -2.1521242454691314
-0.3207389247570018 0.9496702725903 -2.1546916731973265
-0.2960666997756939 0.943177828885811 -2.157259100925522
-0.27139447479438605 0.936685385181322 -2.159826528653717
-0.24672224981307822 0.930192941476833 -2.1623939563819126
-0.2220500248317705 0.9237004977723441 -2.1649613841101076
-0.19737779985046264 0.917208054067855 -2.1675288118383027
-0.1727055748691548 0.910715610363366 -2.170096239566498
-0.14803334988784694 0.904223166658877 -2.1726636672946933
-0.12336112490653911 0.897730722954388 -2.1752310950228884
-0.09868889992523137 0.8912382792498991 -2.177798522751084
-0.07401667494392353 0.8847458355454101 -2.180365950479279
-0.04934444996261569 0.8782533918409211 -2.182933378207474
-0.024672224981307844 0.8717609481364321 -2.1855008059356695
0.0 0.8652685044319431 -2.1880682336638646
-0.9622167742710052 1.1261994205537273 -2.1074748757791064
-0.9375445492896973 1.1197069768492385 -2.1100423035073015
-0.9128723243083895 1.1132145331447494 -2.112609731235497
-0.8882000993270818 1.1067220894402605 -2.115177158963692
-0.8635278743457739 1.1002296457357714 -2.1177445866918876
-0.838855649364466 1.0937372020312826 -2.1203120144200827
-0.8141834243831582 1.0872447583267935 -2.1228794421482777
-0.7895111994018503 1.0807523146223046 -2.1254468698764732
-0.7648389744205426 1.0742598709178155 -2.1280142976046683
-0.7401667494392348 1.0677674272133266 -2.1305817253328634
-0.7154945244579269 1.0612749835088375 -2.133149153061059
-0.6908222994766191 1.0547825398043487 -2.135716580789254
-0.6661500744953113 1.0482900960998596 -2.138284008517449
-0.6414778495140036 1.0417976523953707 -2.1408514362456446
-0.6168056245326956 1.0353052086908816 -2.1434188639738396
-0.5921333995513878 1.0288127649863925 -2.145986291702035
-0.5674611745700799 1.0223203212819036 -2.14855371943023
-0.5427889495887721 1.0158278775774146 -2.1511211471584253
-0.5181167246074644 1.0093354338729257 -2.153688574886621
-0.49344449962615644 1.0028429901684366 -2.156256002614816
-0.4687722746448487 0.9963505464639477 -2.158823430343011
-0.4441000496635409 0.9898581027594587 -2.1613908580712065
-0.419427824682233 0.9833656590549696 -2.1639582857994015
-0.39475559970092516 0.9768732153504807 -2.1665257135275966
-0.37008337471961733 0.9703807716459917 -2.169093141255792
-0.3454111497383096 0.9638883279415027 -2.171660568983987
-0.3207389247570018 0.9573958842370137 -2.1742279967121827
-0.2960666997756939 0.9509034405325247 -2.1767954244403778
-0.27139447479438605 0.9444109968280358 -2.179362852168573
-0.24672224981307822 0.9379185531235468 -2.1819302798967684
-0.2220500248317705 0.9314261094190578 -2.1844977076249634
-0.19737779985046264 0.9249336657145688 -2.1870651353531585
-0.1727055748691548 0.9184412220100798 -2.189632563081354
-0.14803334988784694 0.9119487783055908 -2.192199990809549
-0.12336112490653911 0.9054563346011019 -2.1947674185377446
-0.09868889992523137 0.8989638908966129 -2.1973348462659397
-0.07401667494392353 0.8924714471921239 -2.1999022739941347
-0.04934444996261569 0.8859790034876348 -2.2024697017223303
-0.024672224981307844 0.8794865597831458 -2.2050371294505253
0.0 0.8729941160786568 -2.2076045571787204
-0.9622167742710052 1.1339250322004413 -2.1270111992939627
-0.9375445492896973 1.1274325884959524 -2.129578627022158
-0.9128723243083895 1.1209401447914633 -2.1321460547503532
-0.8882000993270818 1.1144477010869744 -2.1347134824785483
-0.8635278743457739 1.1079552573824853 -2.137280910206744
-0.838855649364466 1.1014628136779965 -2.139848337934939
-0.8141834243831582 1.0949703699735074 -2.142415765663134
-0.7895111994018503 1.0884779262690185 -2.1449831933913295
-0.7648389744205426 1.0819854825645294 -2.1475506211195245
-0.7401667494392348 1.0754930388600406 -2.1501180488477196
-0.7154945244579269 1.0690005951555515 -2.152685476575915
-0.6908222994766191 1.0625081514510624 -2.15525290430411
-0.6661500744953113 1.0560157077465735 -2.1578203320323057
-0.6414778495140036 1.0495232640420844 -2.160387759760501
-0.6168056245326956 1.0430308203375955 -2.162955187488696
-0.5921333995513878 1.0365383766331064 -2.1655226152168914
-0.5674611745700799 1.0300459329286176 -2.1680900429450864
-0.5427889495887721 1.0235534892241285 -2.1706574706732815
-0.5181167246074644 1.0170610455196396 -2.173224898401477
-0.49344449962615644 1.0105686018151505 -2.175792326129672
-0.4687722746448487 1.0040761581106616 -2.178359753857867
-0.4441000496635409 0.9975837144061726 -2.1809271815860627
-0.419427824682233 0.9910912707016836 -2.1834946093142578
-0.39475559970092516 0.9845988269971946 -2.1860620370424533
-0.37008337471961733 0.9781063832927056 -2.1886294647706483
-0.3454111497383096 0.9716139395882166 -2.1911968924988434
-0.3207389247570018 0.9651214958837276 -2.193764320227039
-0.2960666997756939 0.9586290521792387 -2.196331747955234
-0.27139447479438605 0.9521366084747497 -2.198899175683429
-0.24672224981307822 0.9456441647702607 -2.2014666034116246
-0.2220500248317705 0.9391517210657717 -2.2040340311398197
-0.19737779985046264 0.9326592773612827 -2.2066014588680147
-0.1727055748691548 0.9261668336567938 -2.2091688865962102
-0.14803334988784694 0.9196743899523048 -2.2117363143244053
-0.12336112490653911 0.9131819462478157 -2.214303742052601
-0.09868889992523137 0.9066895025433268 -2.216871169780796
-0.07401667494392353 0.9001970588388378 -2.219438597508991
-0.04934444996261569 0.8937046151343487 -2.2220060252371865
-0.024672224981307844 0.8872121714298598 -2.2245734529653816
0.0 0.8807197277253708 -2.2271408806935766
-0.9622167742710052 1.1416506438471552 -2.1465475228088184
-0.9375445492896973 1.135158200142666 -2.149114950537014
-0.9128723243083895 1.128665756438177 -2.151682378265209
-0.8882000993270818 1.1221733127336881 -2.154249805993404
-0.8635278743457739 1.115680869029199 -2.1568172337215996
-0.838855649364466 1.1091884253247102 -2.1593846614497947
-0.8141834243831582 1.102695981620221 -2.16195208917799
-0.7895111994018503 1.0962035379157322 -2.1645195169061853
-0.7648389744205426 1.0897110942112431 -2.1670869446343803
-0.7401667494392348 1.0832186505067543 -2.169654372362576
-0.7154945244579269 1.0767262068022652 -2.172221800090771
-0.6908222994766191 1.0702337630977763 -2.174789227818966
-0.6661500744953113 1.0637413193932872 -2.1773566555471615
-0.6414778495140036 1.0572488756887983 -2.1799240832753566
-0.6168056245326956 1.0507564319843092 -2.1824915110035517
-0.5921333995513878 1.0442639882798204 -2.185058938731747
-0.5674611745700799 1.0377715445753313 -2.1876263664599422
-0.5427889495887721 1.0312791008708424 -2.1901937941881378
-0.5181167246074644 1.0247866571663533 -2.192761221916333
-0.49344449962615644 1.0182942134618642 -2.195328649644528
-0.4687722746448487 1.0118017697573753 -2.1978960773727234
-0.4441000496635409 1.0053093260528863 -2.2004635051009185
-0.419427824682233 0.9988168823483974 -2.2030309328291136
-0.39475559970092516 0.9923244386439084 -2.205598360557309
-0.37008337471961733 0.9858319949394193 -2.208165788285504
-0.3454111497383096 0.9793395512349304 -2.210733216013699
-0.3207389247570018 0.9728471075304413 -2.2133006437418947
-0.2960666997756939 0.9663546638259524 -2.21586807147009
-0.27139447479438605 0.9598622201214634 -2.2184354991982853
-0.24672224981307822 0.9533697764169744 -2.2210029269264804
-0.2220500248317705 0.9468773327124854 -2.2235703546546755
-0.19737779985046264 0.9403848890079964 -2.226137782382871
-0.1727055748691548 0.9338924453035075 -2.228705210111066
-0.14803334988784694 0.9274000015990185 -2.231272637839261
-0.12336112490653911 0.9209075578945295 -2.2338400655674566
-0.09868889992523137 0.9144151141900405 -2.2364074932956517
-0.07401667494392353 0.9079226704855515 -2.2389749210238468
-0.04934444996261569 0.9014302267810625 -2.2415423487520423
-0.024672224981307844 0.8949377830765736 -2.2441097764802374
0.0 0.8884453393720846 -2.246677204208433
-0.9622167742710052 1.149376255493869 -2.1660838463236747
-0.9375445492896973 1.1428838117893798 -2.1686512740518697
-0.9128723243083895 1.136391368084891 -2.171218701780065
-0.8882000993270818 1.1298989243804018 -2.1737861295082603
-0.8635278743457739 1.123406480675913 -2.1763535572364554
-0.838855649364466 1.1169140369714239 -2.1789209849646505
-0.8141834243831582 1.1104215932669348 -2.181488412692846
-0.7895111994018503 1.103929149562446 -2.184055840421041
-0.7648389744205426 1.097436705857957 -2.186623268149236
-0.7401667494392348 1.090944262153468 -2.1891906958774316
-0.7154945244579269 1.0844518184489789 -2.1917581236056267
-0.6908222994766191 1.07795937474449 -2.1943255513338222
-0.6661500744953113 1.071466931040001 -2.1968929790620173
-0.6414778495140036 1.064974487335512 -2.1994604067902124
-0.6168056245326956 1.058482043631023 -2.202027834518408
-0.5921333995513878 1.051989599926534 -2.204595262246603
-0.5674611745700799 1.045497156222045 -2.207162689974798
-0.5427889495887721 1.039004712517556 -2.2097301177029935
-0.5181167246074644 1.032512268813067 -2.2122975454311886
-0.49344449962615644 1.0260198251085781 -2.2148649731593837
-0.4687722746448487 1.019527381404089 -2.217432400887579
-0.4441000496635409 1.0130349376996002 -2.2199998286157743
-0.419427824682233 1.006542493995111 -2.22256725634397
-0.39475559970092516 1.000050050290622 -2.225134684072165
-0.37008337471961733 0.9935576065861331 -2.22770211180036
-0.3454111497383096 0.9870651628816441 -2.2302695395285554
-0.3207389247570018 0.9805727191771552 -2.2328369672567505
-0.2960666997756939 0.9740802754726662 -2.2354043949849456
-0.27139447479438605 0.9675878317681772 -2.237971822713141
-0.24672224981307822 0.9610953880636882 -2.240539250441336
-0.2220500248317705 0.9546029443591992 -2.2431066781695312
-0.19737779985046264 0.9481105006547103 -2.2456741058977268
-0.1727055748691548 0.9416180569502212 -2.248241533625922
-0.14803334988784694 0.9351256132457322 -2.2508089613541173
-0.12336112490653911 0.9286331695412432 -2.2533763890823124
-0.09868889992523137 0.9221407258367542 -2.2559438168105075
-0.07401667494392353 0.9156482821322652 -2.258511244538703
-0.04934444996261569 0.9091558384277763 -2.261078672266898
-0.024672224981307844 0.9026633947232873 -2.263646099995093
0.0 0.8961709510187983 -2.2662135277232887
-0.9622167742710052 1.1571018671405826 -2.1856201698385305
-0.9375445492896973 1.1506094234360935 -2.1881875975667255
-0.9128723243083895 1.1441169797316046 -2.1907550252949206
-0.8882000993270818 1.1376245360271156 -2.193322453023116
-0.8635278743457739 1.1311320923226267 -2.195889880751311
-0.838855649364466 1.1246396486181376 -2.1984573084795063
-0.8141834243831582 1.1181472049136487 -2.201024736207702
-0.7895111994018503 1.1116547612091596 -2.203592163935897
-0.7648389744205426 1.1051623175046708 -2.2061595916640924
-0.7401667494392348 1.0986698738001817 -2.2087270193922874
-0.7154945244579269 1.0921774300956928 -2.2112944471204825
-0.6908222994766191 1.0856849863912037 -2.213861874848678
-0.6661500744953113 1.0791925426867148 -2.216429302576873
-0.6414778495140036 1.0727000989822257 -2.218996730305068
-0.6168056245326956 1.0662076552777366 -2.2215641580332637
-0.5921333995513878 1.0597152115732478 -2.2241315857614588
-0.5674611745700799 1.0532227678687587 -2.2266990134896543
-0.5427889495887721 1.0467303241642698 -2.2292664412178493
-0.5181167246074644 1.0402378804597807 -2.2318338689460444
-0.49344449962615644 1.0337454367552918 -2.23440129667424
-0.4687722746448487 1.0272529930508028 -2.236968724402435
-0.4441000496635409 1.0207605493463139 -2.23953615213063
-0.419427824682233 1.0142681056418248 -2.2421035798588256
-0.39475559970092516 1.007775661937336 -2.2446710075870207
-0.37008337471961733 1.0012832182328468 -2.2472384353152157
-0.3454111497383096 0.9947907745283578 -2.2498058630434112
-0.3207389247570018 0.9882983308238689 -2.2523732907716063
-0.2960666997756939 0.9818058871193799 -2.254940718499802
-0.27139447479438605 0.9753134434148909 -2.257508146227997
-0.24672224981307822 0.9688209997104019 -2.260075573956192
-0.2220500248317705 0.9623285560059129 -2.2626430016843875
-0.19737779985046264 0.955836112301424 -2.2652104294125825
-0.1727055748691548 0.949343668596935 -2.2677778571407776
-0.14803334988784694 0.942851224892446 -2.270345284868973
-0.12336112490653911 0.936358781187957 -2.272912712597168
-0.09868889992523137 0.929866337483468 -2.2754801403253633
-0.07401667494392353 0.923373893778979 -2.278047568053559
-0.04934444996261569 0.9168814500744901 -2.280614995781754
-0.024672224981307844 0.9103890063700011 -2.2831824235099494
0.0 0.903896562665512 -2.2857498512381444
-0.9622167742710052 1.1648274787872963 -2.2051564933533863
-0.9375445492896973 1.1583350350828074 -2.2077239210815813
-0.9128723243083895 1.1518425913783183 -2.210291348809777
-0.8882000993270818 1.1453501476738295 -2.212858776537972
-0.8635278743457739 1.1388577039693404 -2.215426204266167
-0.838855649364466 1.1323652602648515 -2.2179936319943625
-0.8141834243831582 1.1258728165603624 -2.2205610597225576
-0.7895111994018503 1.1193803728558733 -2.2231284874507526
-0.7648389744205426 1.1128879291513845 -2.225695915178948
-0.7401667494392348 1.1063954854468954 -2.2282633429071432
-0.7154945244579269 1.0999030417424065 -2.2308307706353383
-0.6908222994766191 1.0934105980379174 -2.233398198363534
-0.6661500744953113 1.0869181543334285 -2.235965626091729
-0.6414778495140036 1.0804257106289394 -2.2385330538199244
-0.6168056245326956 1.0739332669244506 -2.2411004815481195
-0.5921333995513878 1.0674408232199615 -2.2436679092763145
-0.5674611745700799 1.0609483795154726 -2.24623533700451
-0.5427889495887721 1.0544559358109835 -2.248802764732705
-0.5181167246074644 1.0479634921064946 -2.2513701924609
-0.49344449962615644 1.0414710484020056 -2.2539376201890957
-0.4687722746448487 1.0349786046975167 -2.256505047917291
-0.4441000496635409 1.0284861609930276 -2.2590724756454863
-0.419427824682233 1.0219937172885385 -2.2616399033736814
-0.39475559970092516 1.0155012735840496 -2.2642073311018764
-0.37008337471961733 1.0090088298795605 -2.266774758830072
-0.3454111497383096 1.0025163861750717 -2.269342186558267
-0.3207389247570018 0.9960239424705827 -2.271909614286462
-0.2960666997756939 0.9895314987660937 -2.2744770420146576
-0.27139447479438605 0.9830390550616047 -2.2770444697428527
-0.24672224981307822 0.9765466113571156 -2.2796118974710478
-0.2220500248317705 0.9700541676526268 -2.2821793251992433
-0.19737779985046264 0.9635617239481377 -2.2847467529274383
-0.1727055748691548 0.9570692802436487 -2.287314180655634
-0.14803334988784694 0.9505768365391597 -2.289881608383829
-0.12336112490653911 0.9440843928346707 -2.292449036112024
-0.09868889992523137 0.9375919491301817 -2.2950164638402195
-0.07401667494392353 0.9310995054256928 -2.2975838915684146
-0.04934444996261569 0.9246070617212038 -2.3001513192966097
-0.024672224981307844 0.9181146180167148 -2.302718747024805
0.0 0.9116221743122258 -2.3052861747530002
-0.9622167742710052 1.17255309043401 -2.224692816868242
-0.9375445492896973 1.1660606467295211 -2.227260244596437
-0.9128723243083895 1.159568203025032 -2.2298276723246326
-0.8882000993270818 1.1530757593205432 -2.2323951000528277
-0.8635278743457739 1.146583315616054 -2.234962527781023
-0.838855649364466 1.1400908719115652 -2.2375299555092183
-0.8141834243831582 1.1335984282070761 -2.2400973832374134
-0.7895111994018503 1.1271059845025873 -2.242664810965609
-0.7648389744205426 1.1206135407980982 -2.245232238693804
-0.7401667494392348 1.1141210970936093 -2.247799666421999
-0.7154945244579269 1.1076286533891202 -2.2503670941501945
-0.6908222994766191 1.1011362096846313 -2.2529345218783896
-0.6661500744953113 1.0946437659801422 -2.2555019496065847
-0.6414778495140036 1.0881513222756531 -2.25806937733478
-0.6168056245326956 1.0816588785711643 -2.2606368050629753
-0.5921333995513878 1.0751664348666752 -2.2632042327911703
-0.5674611745700799 1.0686739911621863 -2.265771660519366
-0.5427889495887721 1.0621815474576972 -2.268339088247561
-0.5181167246074644 1.0556891037532083 -2.2709065159757564
-0.49344449962615644 1.0491966600487193 -2.2734739437039515
-0.4687722746448487 1.0427042163442304 -2.2760413714321466
-0.4441000496635409 1.0362117726397413 -2.278608799160342
-0.419427824682233 1.0297193289352524 -2.281176226888537
-0.39475559970092516 1.0232268852307633 -2.2837436546167322
-0.37008337471961733 1.0167344415262745 -2.2863110823449277
-0.3454111497383096 1.0102419978217854 -2.288878510073123
-0.3207389247570018 1.0037495541172965 -2.291445937801318
-0.2960666997756939 0.9972571104128074 -2.2940133655295134
-0.27139447479438605 0.9907646667083184 -2.2965807932577085
-0.24672224981307822 0.9842722230038294 -2.299148220985904
-0.2220500248317705 0.9777797792993405 -2.301715648714099
-0.19737779985046264 0.9712873355948515 -2.304283076442294
-0.1727055748691548 0.9647948918903625 -2.3068505041704896
-0.14803334988784694 0.9583024481858735 -2.3094179318986847
-0.12336112490653911 0.9518100044813845 -2.31198535962688
-0.09868889992523137 0.9453175607768955 -2.3145527873550753
-0.07401667494392353 0.9388251170724066 -2.3171202150832704
-0.04934444996261569 0.9323326733679175 -2.319687642811466
-0.024672224981307844 0.9258402296634285 -2.322255070539661
0.0 0.9193477859589395 -2.324822498267856
POLYGONS 9282 37128
3 0 40 1
3 1 40 41
3 1 41 2
3 2 41 42
3 2 42 3
3 3 42 43
3 3 43 4
3 4 43 44
3 4 44 5
3 5 44 45
3 5 45 6
3 6 45 46
3 6 46 7
3 7 46 47
3 7 47 8
3 8 47 48
3 8 48 9
3 9 48 49
3 9 49 10
3 10 49 50
3 10 50 11
3 11 50 51
3 11 51 12
3 12 51 52
3 12 52 13
3 13 52 53
3 13 53 14
3 14 53 54
3 14 54 15
3 15 54 55
3 15 55 16
3 16 55 56
3 16 56 17
3 17 56 57
3 17 57 18
3 18 57 58
3 18 58 19
3 19 58 59
3 19 59 20
3 20 59 60
3 20 60 21
3 21 60 61
3 21 61 22
3 22 61 62
3 22 62 23
3 23 62 63
3 23 63 24
3 24 63 64
3 24 64 25
3 25 64 65
3 25 65 26
3 26 65 66
3 26 66 27
3 27 66 67
3 27 67 28
3 28 67 68
3 28 68 29
3 29 68 69
3 29 69 30
3 30 69 70
3 30 70 31
3 31 70 71
3 31 71 32
3 32 71 72
3 32 72 33
3 33 72 73
3 33 73 34
3 34 73 74
3 34 74 35
3 35 74 75
3 35 75 36
3 36 75 76
3 36 76 37
3 37 76 77
3 37 77 38
3 38 77 78
3 38 78 39
3 39 78 79
3 40 80 41
3 41 80 81
3 41 81 42
3 42 81 82
3 42 82 43
3 43 82 83
3 43 83 44
3 44 83 84
3 44 84 45
3 45 84 85
3 45 85 46
3 46 85 86
3 46 86 47
3 47 86 87
3 47 87 48
3 48 87 88
3 48 88 49
3 49 88 89
3 49 89 50
3 50 89 90
3 50 90 51
3 51 90 91
3 51 91 52
3 52 91 92
3 52 92 53
3 53 92 93
3 53 93 54
3 54 93 94
3 54 94 55
3 55 94 95
3 55 95 56
3 56 95 96
3 56 96 57
3 57 96 97
3 57 97 58
3 58 97 98
3 58 98 59
3 59 98 99
3 59 99 60
3 60 99 100
3 60 100 61
3 61 100 101
3 61 101 62
3 62 101 102
3 62 102 63
3 63 102 103
3 63 103 64
3 64 103 104
3 64 104 65
3 65 104 105
3 65 105 66
3 66 105 106
3 66 106 67
3 67 106 107
3 67 107 68
3 68 107 108
3 68 108 69
3 69 108 109
3 69 109 70
3 70 109 110
3 70 110 71
3 71 110 111
3 71 111 72
3 72 111 112
3 72 112 73
3 73 112 113
3 73 113 74
3 74 113 114
3 74 114 75
3 75 114 115
3 75 115 76
3 76 115 116
3 76 116 77
3 77 116 117
3 77 117 78
3 78 117 118
3 78 118 79
3 79 118 119
3 80 120 81
3 81 120 121
3 81 121 82
3 82 121 122
3 82 122 83
3 83 122 123
3 83 123 84
3 84 123 124
3 84 124 85
3 85 124 125
3 85 125 86
3 86 125 126
3 86 126 87
3 87 126 127
3 87 127 88
3 88 127 128
3 88 128 89
3 89 128 129
3 89 129 90
3 90 129 130
3 90 130 91
3 91 130 131
3 91 131 92
3 92 131 132
3 92 132 93
3 93 132 133
3 93 133 94
3 94 133 134
3 94 134 95
3 95 134 135
3 95 135 96
3 96 135 136
3 96 136 97
3 97 136 137
3 97 137 98
3 98 137 138
3 98 138 99
3 99 138 139
3 99 139 100
3 100 139 140
3 100 140 101
3 101 140 141
3 101 141 102
3 102 141 142
3 102 142 103
3 103 142 143
3 103 143 104
3 104 143 144
3 104 144 105
3 105 144 145
3 105 145 106
3 106 145 146
3 106 146 107
3 107 146 147
3 107 147 108
3 108 147 148
3 108 148 109
3 109 148 149
3 109 149 110
3 110 149 150
3 110 150 111
3 111 150 151
3 111 151 112
3 112 151 152
3 112 152 113
3 113 152 153
3 113 153 114
3 114 153 154
3 114 154 115
3 115 154 155
3 115 155 116
3 116 155 156
3 116 156 117
3 117 156 157
3 117 157 118
3 118 157 158
3 118 158 119
3 119 158 159
3 120 160 121
3 121 160 161
3 121 161 122
3 122 161 162
3 122 162 123
3 123 162 163
3 123 163 124
3 124 163 164
3 124 164 125
3 125 164 165
3 125 165 126
3 126 165 166
3 126 166 127
3 127 166 167
3 127 167 128
3 128 167 168
3 128 168 129
3 129 168 169
3 129 169 130
3 130 169 170
3 130 170 131
3 131 170 171
3 131 171 132
3 132 171 172
3 132 172 133
3 133 172 173
3 133 173 134
3 134 173 174
3 134 174 135
3 135 174 175
3 135 175 136
3 136 175 176
3 136 176 137
3 137 176 177
3 137 177 138
3 138 177 178
3 138 178 139
3 139 178 179
3 139 179 140
3 140 179 180
3 140 180 141
3 141 180 181
3 141 181 142
3 142 181 182
3 142 182 143
3 143 182 183
3 143 183 144
3 144 183 184
3 144 184 145
3 145 184 185
3 145 185 146
3 146 185 186
3 146 186 147
3 147 186 187
3 147 187 148
3 148 187 188
3 148 188 149
3 149 188 189
3 149 189 150
3 150 189 190
3 150 190 151
3 151 190 191
3 151 191 152
3 152 191 192
3 152 192 153
3 153 192 193
3 153 193 154
3 154 193 194
3 154 194 155
3 155 194 195
3 155 195 156
3 156 195 196
3 156 196 157
3 157 196 197
3 157 197 158
3 158 197 198
3 158 198 159
3 159 198 199
3 160 200 161
3 161 200 201
3 161 201 162
3 162 201 202
3 162 202 163
3 163 202 203
3 163 203 164
3 164 203 204
3 164 204 165
3 165 204 205
3 165 205 166
3 166 205 206
3 166 206 167
3 167 206 207
3 167 207 168
3 168 207 208
3 168 208 169
3 169 208 209
3 169 209 170
3 170 209 210
3 170 210 171
3 171 210 211
3 171 211 172
3 172 211 212
3 172 212 173
3 173 212 213
3 173 213 174
3 174 213 214
3 174 214 175
3 175 214 215
3 175 215 176
3 176 215 216
3 176 216 177
3 177 216 217
3 177 217 178
3 178 217 218
3 178 218 179
3 179 218 219
3 179 219 180
3 180 219 220
3 180 220 181
3 181 220 221
3 181 221 182
3 182 221 222
3 182 222 183
3 183 222 223
3 183 223 184
3 184 223 224
3 184 224 185
3 185 224 225
3 185 225 186
3 186 225 226
3 186 226 187
3 187 226 227
3 187 227 188
3 188 227 228
3 188 228 189
3 189 228 229
3 189 229 190
3 190 229 230
3 190 230 191
3 191 230 231
3 191 231 192
3 192 231 232
3 192 232 193
3 193 232 233
3 193 233 194
3 194 233 234
3 194 234 195
3 195 234 235
3 195 235 196
3 196 235 236
3 196 236 197
3 197 236 237
3 197 237 198
3 198 237 238
3 198 238 199
3 199 238 239
3 200 240 201
3 201 240 241
3 201 241 202
3 202 241 242
3 202 242 203
3 203 242 243
3 203 243 204
3 204 243 244
3 204 244 205
3 205 244 245
3 205 245 206
3 206 245 246
3 206 246 207
3 207 246 247
3 207 247 208
3 208 247 248
3 208 248 209
3 209 248 249
3 209 249 210
3 210 249 250
3 210 250 211
3 211 250 251
3 211 251 212
3 212 251 252
3 212 252 213
3 213 252 253
3 213 253 214
3 214 253 254
3 214 254 215
3 215 254 255
3 215 255 216
3 216 255 256
3 216 256 217
3 217 256 257
3 217 257 218
3 218 257 258
3 218 258 219
3 219 258 259
3 219 259 220
3 220 259 260
3 220 260 221
3 221 260 261
3 221 261 222
3 222 261 262
3 222 262 223
3 223 262 263
3 223 263 224
3 224 263 264
3 224 264 225
3 225 264 265
3 225 265 226
3 226 265 266
3 226 266 227
3 227 266 267
3 227 267 228
3 228 267 268
3 228 268 229
3 229 268 269
3 229 269 230
3 230 269 270
3 230 270 231
3 231 270 271
3 231 271 232
3 232 271 272
3 232 272 233
3 233 272 273
3 233 273 234
3 234 273 274
3 234 274 235
3 235 274 275
3 235 275 236
3 236 275 276
3 236 276 237
3 237 276 277
3 237 277 238
3 238 277 278
3 238 278 239
3 239 278 279
3 240 280 241
3 241 280 281
3 241 281 242
3 242 281 282
3 242 282 243
3 243 282 283
3 243 283 244
3 244 283 284
3 244 284 245
3 245 284 285
3 245 285 246
3 246 285 286
3 246 286 247
3 247 286 287
3 247 287 248
3 248 287 288
3 248 288 249
3 249 288 289
3 249 289 250
3 250 289 290
3 250 290 251
3 251 290 291
3 251 291 252
3 252 291 292
3 252 292 253
3 253 292 293
3 253 293 254
3 254 293 294
3 254 294 255
3 255 294 295
3 255 295 256
3 256 295 296
3 256 296 257
3 257 296 297
3 257 297 258
3 258 297 298
3 258 298 259
3 259 298 299
3 259 299 260
3 260 299 300
3 260 300 261
3 261 300 301
3 261 301 262
3 262 301 302
3 262 302 263
3 263 302 303
3 263 303 264
3 264 303 304
3 264 304 265
3 265 304 305
3 265 305 266
3 266 305 306
3 266 306 267
3 267 306 307
3 267 307 268
3 268 307 308
3 268 308 269
3 269 308 309
3 269 309 270
3 270 309 310
3 270 310 271
3 271 310 311
3 271 311 272
3 272 311 312
3 272 312 273
3 273 312 313
3 273 313 274
3 274 313 314
3 274 314 275
3 275 314 315
3 275 315 276
3 276 315 316
3 276 316 277
3 277 316 317
3 277 317 278
3 278 317 318
3 278 318 279
3 279 318 319
3 280 320 281
3 281 320 321
3 281 321 282
3 282 321 322
3 282 322 283
3 283 322 323
3 283 323 284
3 284 323 324
3 284 324 285
3 285 324 325
3 285 325 286
3 286 325 326
3 286 326 287
3 287 326 327
3 287 327 288
3 288 327 328
3 288 328 289
3 289 328 329
3 289 329 290
3 290 329 330
3 290 330 291
3 291 330 331
3 291 331 292
3 292 331 332
3 292 332 293
3 293 332 333
3 293 333 294
3 294 333 334
3 294 334 295
3 295 334 335
3 295 335 296
3 296 335 336
3 296 336 297
3 297 336 337
3 297 337 298
3 298 337 338
3 298 338 299
3 299 338 339
3 299 339 300
3 300 339 340
3 300 340 301
3 301 340 341
3 301 341 302
3 302 341 342
3 302 342 303
3 303 342 343
3 303 343 304
3 304 343 344
3 304 344 305
3 305 344 345
3 305 345 306
3 306 345 346
3 306 346 307
3 307 346 347
3 307 347 308
3 308 347 348
3 308 348 309
3 309 348 349
3 309 349 310
3 310 349 350
3 310 350 311
3 311 350 351
3 311 351 312
3 312 351 352
3 312 352 313
3 313 352 353
3 313 353 314
3 314 353 354
3 314 354 315
3 315 354 355
3 315 355 316
3 316 355 356
3 316 356 317
3 317 356 357
3 317 357 318
3 318 357 358
3 318 358 319
3 319 358 359
3 320 360 321
3 321 360 361
3 321 361 322
3 322 361 362
3 322 362 323
3 323 362 363
3 323 363 324
3 324 363 364
3 324 364 325
3 325 364 365
3 325 365 326
3 326 365 366
3 326 366 327
3 327 366 367
3 327 367 328
3 328 367 368
3 328 368 329
3 329 368 369
3 329 369 330
3 330 369 370
3 330 370 331
3 331 370 371
3 331 371 332
3 332 371 372
3 332 372 333
3 333 372 373
3 333 373 334
3 334 373 374
3 334 374 335
3 335 374 375
3 335 375 336
3 336 375 376
3 336 376 337
3 337 376 377
3 337 377 338
3 338 377 378
3 338 378 339
3 339 378 379
3 339 379 340
3 340 379 380
3 340 380 341
3 341 380 381
3 341 381 342
3 342 381 382
3 342 382 343
3 343 382 383
3 343 383 344
3 344 383 384
3 344 384 345
3 345 384 385
3 345 385 346
3 346 385 386
3 346 386 347
3 347 386 387
3 347 387 348
3 348 387 388
3 348 388 349
3 349 388 389
3 349 389 350
3 350 389 390
3 350 390 351
3 351 390 391
3 351 391 352
3 352 391 392
3 352 392 353
3 353 392 393
3 353 393 354
3 354 393 394
3 354 394 355
3 355 394 395
3 355 395 356
3 356 395 396
3 356 396 357
3 357 396 397
3 357 397 358
3 358 397 398
3 358 398 359
3 359 398 399
3 360 400 361
3 361 400 401
3 361 401 362
3 362 401 402
3 362 402 363
3 363 402 403
3 363 403 364
3 364 403 404
3 364 404 365
3 365 404 405
3 365 405 366
3 366 405 406
3 366 406 367
3 367 406 407
3 367 407 368
3 368 407 408
3 368 408 369
3 369 408 409
3 369 409 370
3 370 409 410
3 370 410 371
3 371 410 411
3 371 411 372
3 372 411 412
3 372 412 373
3 373 412 413
3 373 413 374
3 374 413 414
3 374 414 375
3 375 414 415
3 375 415 376
3 376 415 416
3 376 416 377
3 377 416 417
3 377 417 378
3 378 417 418
3 378 418 379
3 379 418 419
3 379 419 380
3 380 419 420
3 380 420 381
3 381 420 421
3 381 421 382
3 382 421 422
3 382 422 383
3 383 422 423
3 383 423 384
3 384 423 424
3 384 424 385
3 385 424 425
3 385 425 386
3 386 425 426
3 386 426 387
3 387 426 427
3 387 427 388
3 388 427 428
3 388 428 389
3 389 428 429
3 389 429 390
3 390 429 430
3 390 430 391
3 391 430 431
3 391 431 392
3 392 431 432
3 392 432 393
3 393 432 433
3 393 433 394
3 394 433 434
3 394 434 395
3 395 434 435
3 395 435 396
3 396 435 436
3 396 436 397
3 397 436 437
3 397 437 398
3 398 437 438
3 398 438 399
3 399 438 439
3 400 440 401
3 401 440 441
3 401 441 402
3 402 441 442
3 402 442 403
3 403 442 443
3 403 443 404
3 404 443 444
3 404 444 405
3 405 444 445
3 405 445 406
3 406 445 446
3 406 446 407
3 407 446 447
3 407 447 408
3 408 447 448
3 408 448 409
3 409 448 449
3 409 449 410
3 410 449 450
3 410 450 411
3 411 450 451
3 411 451 412
3 412 451 452
3 412 452 413
3 413 452 453
3 413 453 414
3 414 453 454
3 414 454 415
3 415 454 455
3 415 455 416
3 416 455 456
3 416 456 417
3 417 456 457
3 417 457 418
3 418 457 458
3 418 458 419
3 419 458 459
3 419 459 420
3 420 459 460
3 420 460 421
3 421 460 461
3 421 461 422
3 422 461 462
3 422 462 423
3 423 462 463
3 423 463 424
3 424 463 464
3 424 464 425
3 425 464 465
3 425 465 426
3 426 465 466
3 426 466 427
3 427 466 467
3 427 467 428
3 428 467 468
3 428 468 429
3 429 468 469
3 429 469 430
3 430 469 470
3 430 470 431
3 431 470 471
3 431 471 432
3 432 471 472
3 432 472 433
3 433 472 473
3 433 473 434
3 434 473 474
3 434 474 435
3 435 474 475
3 435 475 436
3 436 475 476
3 436 476 437
3 437 476 477
3 437 477 438
3 438 477 478
3 438 478 439
3 439 478 479
3 440 480 441
3 441 480 481
3 441 481 442
3 442 481 482
3 442 482 443
3 443 482 483
3 443 483 444
3 444 483 484
3 444 484 445
3 445 484 485
3 445 485 446
3 446 485 486
3 446 486 447
3 447 486 487
3 447 487 448
3 448 487 488
3 448 488 449
3 449 488 489
3 449 489 450
3 450 489 490
3 450 490 451
3 451 490 491
3 451 491 452
3 452 491 492
3 452 492 453
3 453 492 493
3 453 493 454
3 454 493 494
3 454 494 455
3 455 494 495
3 455 495 456
3 456 495 496
3 456 496 457
3 457 496 497
3 457 497 458
3 458 497 498
3 458 498 459
3 459 498 499
3 459 499 460
3 460 499 500
3 460 500 461
3 461 500 501
3 461 501 462
3 462 501 502
3 462 502 463
3 463 502 503
3 463 503 464
3 464 503 504
3 464 504 465
3 465 504 505
3 465 505 466
3 466 505 506
3 466 506 467
3 467 506 507
3 467 507 468
3 468 507 508
3 468 508 469
3 469 508 509
3 469 509 470
3 470 509 510
3 470 510 471
3 471 510 511
3 471 511 472
3 472 511 512
3 472 512 473
3 473 512 513
3 473 513 474
3 474 513 514
3 474 514 475
3 475 514 515
3 475 515 476
3 476 515 516
3 476 516 477
3 477 516 517
3 477 517 478
3 478 517 518
3 478 518 479
3 479 518 519
3 480 520 481
3 481 520 521
3 481 521 482
3 482 521 522
3 482 522 483
3 483 522 523
3 483 523 484
3 484 523 524
3 484 524 485
3 485 524 525
3 485 525 486
3 486 525 526
3 486 526 487
3 487 526 527
3 487 527 488
3 488 527 528
3 488 528 489
3 489 528 529
3 489 529 490
3 490 529 530
3 490 530 491
3 491 530 531
3 491 531 492
3 492 531 532
3 492 532 493
3 493 532 533
3 493 533 494
3 494 533 534
3 494 534 495
3 495 534 535
3 495 535 496
3 496 535 536
3 496 536 497
3 497 536 537
3 497 537 498
3 498 537 538
3 498 538 499
3 499 538 539
3 499 539 500
3 500 539 540
3 500 540 501
3 501 540 541
3 501 541 502
3 502 541 542
3 502 542 503
3 503 542 543
3 503 543 504
3 504 543 544
3 504 544 505
3 505 544 545
3 505 545 506
3 506 545 546
3 506 546 507
3 507 546 547
3 507 547 508
3 508 547 548
3 508 548 509
3 509 548 549
3 509 549 510
3 510 549 550
3 510 550 511
3 511 550 551
3 511 551 512
3 512 551 552
3 512 552 513
3 513 552 553
3 513 553 514
3 514 553 554
3 514 554 515
3 515 554 555
3 515 555 516
3 516 555 556
3 516 556 517
3 517 556 557
3 517 557 518
3 518 557 558
3 518 558 519
3 519 558 559
3 520 560 521
3 521 560 561
3 521 561 522
3 522 561 562
3 522 562 523
3 523 562 563
3 523 563 524
3 524 563 564
3 524 564 525
3 525 564 565
3 525 565 526
3 526 565 566
3 526 566 527
3 527 566 567
3 527 567 528
3 528 567 568
3 528 568 529
3 529 568 569
3 529 569 530
3 530 569 570
3 530 570 531
3 531 570 571
3 531 571 532
3 532 571 572
3 532 572 533
3 533 572 573
3 533 573 534
3 534 573 574
3 534 574 535
3 535 574 575
3 535 575 536
3 536 575 576
3 536 576 537
3 537 576 577
3 537 577 538
3 538 577 578
3 538 578 539
3 539 578 579
3 539 579 540
3 540 579 580
3 540 580 541
3 541 580 581
3 541 581 542
3 542 581 582
3 542 582 543
3 543 582 583
3 543 583 544
3 544 583 584
3 544 584 545
3 545 584 585
3 545 585 546
3 546 585 586
3 546 586 547
3 547 586 587
3 547 587 548
3 548 587 588
3 548 588 549
3 549 588 589
3 549 589 550
3 550 589 590
3 550 590 551
3 551 590 591
3 551 591 552
3 552 591 592
3 552 592 553
3 553 592 593
3 553 593 554
3 554 593 594
3 554 594 555
3 555 594 595
3 555 595 556
3 556 595 596
3 556 596 557
3 557 596 597
3 557 597 558
3 558 597 598
3 558 598 559
3 559 598 599
3 560 600 561
3 561 600 601
3 561 601 562
3 562 601 602
3 562 602 563
3 563 602 603
3 563 603 564
3 564 603 604
3 564 604 565
3 565 604 605
3 565 605 566
3 566 605 606
3 566 606 567
3 567 606 607
3 567 607 568
3 568 607 608
3 568 608 569
3 569 608 609
3 569 609 570
3 570 609 610
3 570 610 571
3 571 610 611
3 571 611 572
3 572 611 612
3 572 612 573
3 573 612 613
3 573 613 574
3 574 613 614
3 574 614 575
3 575 614 615
3 575 615 576
3 576 615 616
3 576 616 577
3 577 616 617
3 577 617 578
3 578 617 618
3 578 618 579
3 579 618 619
3 579 619 580
3 580 619 620
3 580 620 581
3 581 620 621
3 581 621 582
3 582 621 622
3 582 622 583
3 583 622 623
3 583 623 584
3 584 623 624
3 584 624 585
3 585 624 625
3 585 625 586
3 586 625 626
3 586 626 587
3 587 626 627
3 587 627 588
3 588 627 628
3 588 628 589
3 589 628 629
3 589 629 590
3 590 629 630
3 590 630 591
3 591 630 631
3 591 631 592
3 592 631 632
3 592 632 593
3 593 632 633
3 593 633 594
3 594 633 634
3 594 634 595
3 595 634 635
3 595 635 596
3 596 635 636
3 596 636 597
3 597 636 637
3 597 637 598
3 598 637 638
3 598 638 599
3 599 638 639
3 600 640 601
3 601 640 641
3 601 641 602
3 602 641 642
3 602 642 603
3 603 642 643
3 603 643 604
3 604 643 644
3 604 644 605
3 605 644 645
3 605 645 606
3 606 645 646
3 606 646 607
3 607 646 647
3 607 647 608
3 608 647 648
3 608 648 609
3 609 648 649
3 609 649 610
3 610 649 650
3 610 650 611
3 611 650 651
3 611 651 612
3 612 651 652
3 612 652 613
3 613 652 653
3 613 653 614
3 614 653 654
3 614 654 615
3 615 654 655
3 615 655 616
3 616 655 656
3 616 656 617
3 617 656 657
3 617 657 618
3 618 657 658
3 618 658 619
3 619 658 659
3 619 659 620
3 620 659 660
3 620 660 621
3 621 660 661
3 621 661 622
3 622 661 662
3 622 662 623
3 623 662 663
3 623 663 624
3 624 663 664
3 624 664 625
3 625 664 665
3 625 665 626
3 626 665 666
3 626 666 627
3 627 666 667
3 627 667 628
3 628 667 668
3 628 668 629
3 629 668 669
3 629 669 630
3 630 669 670
3 630 670 631
3 631 670 671
3 631 671 632
3 632 671 672
3 632 672 633
3 633 672 673
3 633 673 634
3 634 673 674
3 634 674 635
3 635 674 675
3 635 675 636
3 636 675 676
3 636 676 637
3 637 676 677
3 637 677 638
3 638 677 678
3 638 678 639
3 639 678 679
3 640 680 641
3 641 680 681
3 641 681 642
3 642 681 682
3 642 682 643
3 643 682 683
3 643 683 644
3 644 683 684
3 644 684 645
3 645 684 685
3 645 685 646
3 646 685 686
3 646 686 647
3 647 686 687
3 647 687 648
3 648 687 688
3 648 688 649
3 649 688 689
3 649 689 650
3 650 689 690
3 650 690 651
3 651 690 691
3 651 691 652
3 652 691 692
3 652 692 653
3 653 692 693
3 653 693 654
3 654 693 694
3 654 694 655
3 655 694 695
3 655 695 656
3 656 695 696
3 656 696 657
3 657 696 697
3 657 697 658
3 658 697 698
3 658 698 659
3 659 698 699
3 659 699 660
3 660 699 700
3 660 700 661
3 661 700 701
3 661 701 662
3 662 701 702
3 662 702 663
3 663 702 703
3 663 703 664
3 664 703 704
3 664 704 665
3 665 704 705
3 665 705 666
3 666 705 706
3 666 706 667
3 667 706 707
3 667 707 668
3 668 707 708
3 668 708 669
3 669 708 709
3 669 709 670
3 670 709 710
3 670 710 671
3 671 710 711
3 671 711 672
3 672 711 712
3 672 712 673
3 673 712 713
3 673 713 674
3 674 713 714
3 674 714 675
3 675 714 715
3 675 715 676
3 676 715 716
3 676 716 677
3 677 716 717
3 677 717 678
3 678 717 718
3 678 718 679
3 679 718 719
3 680 720 681
3 681 720 721
3 681 721 682
3 682 721 722
3 682 722 683
3 683 722 723
3 683 723 684
3 684 723 724
3 684 724 685
3 685 724 725
3 685 725 686
3 686 725 726
3 686 726 687
3 687 726 727
3 687 727 688
3 688 727 728
3 688 728 689
3 689 728 729
3 689 729 690
3 690 729 730
3 690 730 691
3 691 730 731
3 691 731 692
3 692 731 732
3 692 732 693
3 693 732 733
3 693 733 694
3 694 733 734
3 694 734 695
3 695 734 735
3 695 735 696
3 696 735 736
3 696 736 697
3 697 736 737
3 697 737 698
3 698 737 738
3 698 738 699
3 699 738 739
3 699 739 700
3 700 739 740
3 700 740 701
3 701 740 741
3 701 741 702
3 702 741 742
3 702 742 703
3 703 742 743
3 703 743 704
3 704 743 744
3 704 744 705
3 705 744 745
3 705 745 706
3 706 745 746
3 706 746 707
3 707 746 747
3 707 747 708
3 708 747 748
3 708 748 709
3 709 748 749
3 709 749 710
3 710 749 750
3 710 750 711
3 711 750 751
3 711 751 712
3 712 751 752
3 712 752 713
3 713 752 753
3 713 753 714
3 714 753 754
3 714 754 715
3 715 754 755
3 715 755 716
3 716 755 756
3 716 756 717
3 717 756 757
3 717 757 718
3 718 757 758
3 718 758 719
3 719 758 759
3 720 760 721
3 721 760 761
3 721 761 722
3 722 761 762
3 722 762 723
3 723 762 763
3 723 763 724
3 724 763 764
3 724 764 725
3 725 764 765
3 725 765 726
3 726 765 766
3 726 766 727
3 727 766 767
3 727 767 728
3 728 767 768
3 728 768 729
3 729 768 769
3 729 769 730
3 730 769 770
3 730 770 731
3 731 770 771
3 731 771 732
3 732 771 772
3 732 772 733
3 733 772 773
3 733 773 734
3 734 773 774
3 734 774 735
3 735 774 775
3 735 775 736
3 736 775 776
3 736 776 737
3 737 776 777
3 737 777 738
3 738 777 778
3 738 778 739
3 739 778 779
3 739 779 740
3 740 779 780
3 740 780 741
3 741 780 781
3 741 781 742
3 742 781 782
3 742 782 743
3 743 782 783
3 743 783 744
3 744 783 784
3 744 784 745
3 745 784 785
3 745 785 746
3 746 785 786
3 746 786 747
3 747 786 787
3 747 787 748
3 748 787 788
3 748 788 749
3 749 788 789
3 749 789 750
3 750 789 790
3 750 790 751
3 751 790 791
3 751 791 752
3 752 791 792
3 752 792 753
3 753 792 793
3 753 793 754
3 754 793 794
3 754 794 755
3 755 794 795
3 755 795 756
3 756 795 796
3 756 796 757
3 757 796 797
3 757 797 758
3 758 797 798
3 758 798 759
3 759 798 799
3 760 800 761
3 761 800 801
3 761 801 762
3 762 801 802
3 762 802 763
3 763 802 803
3 763 803 764
3 764 803 804
3 764 804 765
3 765 804 805
3 765 805 766
3 766 805 806
3 766 806 767
3 767 806 807
3 767 807 768
3 768 807 808
3 768 808 769
3 769 808 809
3 769 809 770
3 770 809 810
3 770 810 771
3 771 810 811
3 771 811 772
3 772 811 812
3 772 812 773
3 773 812 813
3 773 813 774
3 774 813 814
3 774 814 775
3 775 814 815
3 775 815 776
3 776 815 816
3 776 816 777
3 777 816 817
3 777 817 778
3 778 817 818
3 778 818 779
3 779 818 819
3 779 819 780
3 780 819 820
3 780 820 781
3 781 820 821
3 781 821 782
3 782 821 822
3 782 822 783
3 783 822 823
3 783 823 784
3 784 823 824
3 784 824 785
3 785 824 825
3 785 825 786
3 786 825 826
3 786 826 787
3 787 826 827
3 787 827 788
3 788 827 828
3 788 828 789
3 789 828 829
3 789 829 790
3 790 829 830
3 790 830 791
3 791 830 831
3 791 831 792
3 792 831 832
3 792 832 793
3 793 832 833
3 793 833 794
3 794 833 834
3 794 834 795
3 795 834 835
3 795 835 796
3 796 835 836
3 796 836 797
3 797 836 837
3 797 837 798
3 798 837 838
3 798 838 799
3 799 838 839
3 800 840 801
3 801 840 841
3 801 841 802
3 802 841 842
3 802 842 803
3 803 842 843
3 803 843 804
3 804 843 844
3 804 844 805
3 805 844 845
3 805 845 806
3 806 845 846
3 806 846 807
3 807 846 847
3 807 847 808
3 808 847 848
3 808 848 809
3 809 848 849
3 809 849 810
3 810 849 850
3 810 850 811
3 811 850 851
3 811 851 812
3 812 851 852
3 812 852 813
3 813 852 853
3 813 853 814
3 814 853 854
3 814 854 815
3 815 854 855
3 815 855 816
3 816 855 856
3 816 856 817
3 817 856 857
3 817 857 818
3 818 857 858
3 818 858 819
3 819 858 859
3 819 859 820
3 820 859 860
3 820 860 821
3 821 860 861
3 821 861 822
3 822 861 862
3 822 862 823
3 823 862 863
3 823 863 824
3 824 863 864
3 824 864 825
3 825 864 865
3 825 865 826
3 826 865 866
3 826 866 827
3 827 866 867
3 827 867 828
3 828 867 868
3 828 868 829
3 829 868 869
3 829 869 830
3 830 869 870
3 830 870 831
3 831 870 871
3 831 871 832
3 832 871 872
3 832 872 833
3 833 872 873
3 833 873 834
3 834 873 874
3 834 874 835
3 835 874 875
3 835 875 836
3 836 875 876
3 836 876 837
3 837 876 877
3 837 877 838
3 838 877 878
3 838 878 839
3 839 878 879
3 840 880 841
3 841 880 881
3 841 881 842
3 842 881 882
3 842 882 843
3 843 882 883
3 843 883 844
3 844 883 884
3 844 884 845
3 845 884 885
3 845 885 846
3 846 885 886
3 846 886 847
3 847 886 887
3 847 887 848
3 848 887 888
3 848 888 849
3 849 888 889
3 849 889 850
3 850 889 890
3 850 890 851
3 851 890 891
3 851 891 852
3 852 891 892
3 852 892 853
3 853 892 893
3 853 893 854
3 854 893 894
3 854 894 855
3 855 894 895
3 855 895 856
3 856 895 896
3 856 896 857
3 857 896 897
3 857 897 858
3 858 897 898
3 858 898 859
3 859 898 899
3 859 899 860
3 860 899 900
3 860 900 861
3 861 900 901
3 861 901 862
3 862 901 902
3 862 902 863
3 863 902 903
3 863 903 864
3 864 903 904
3 864 904 865
3 865 904 905
3 865 905 866
3 866 905 906
3 866 906 867
3 867 906 907
3 867 907 868
3 868 907 908
3 868 908 869
3 869 908 909
3 869 909 870
3 870 909 910
3 870 910 871
3 871 910 911
3 871 911 872
3 872 911 912
3 872 912 873
3 873 912 913
3 873 913 874
3 874 913 914
3 874 914 875
3 875 914 915
3 875 915 876
3 876 915 916
3 876 916 877
3 877 916 917
3 877 917 878
3 878 917 918
3 878 918 879
3 879 918 919
3 880 920 881
3 881 920 921
3 881 921 882
3 882 921 922
3 882 922 883
3 883 922 923
3 883 923 884
3 884 923 924
3 884 924 885
3 885 924 925
3 885 925 886
3 886 925 926
3 886 926 887
3 887 926 927
3 887 927 888
3 888 927 928
3 888 928 889
3 889 928 929
3 889 929 890
3 890 929 930
3 890 930 891
3 891 930 931
3 891 931 892
3 892 931 932
3 892 932 893
3 893 932 933
3 893 933 894
3 894 933 934
3 894 934 895
3 895 934 935
3 895 935 896
3 896 935 936
3 896 936 897
3 897 936 937
3 897 937 898
3 898 937 938
3 898 938 899
3 899 938 939
3 899 939 900
3 900 939 940
3 900 940 901
3 901 940 941
3 901 941 902
3 902 941 942
3 902 942 903
3 903 942 943
3 903 943 904
3 904 943 944
3 904 944 905
3 905 944 945
3 905 945 906
3 906 945 946
3 906 946 907
3 907 946 947
3 907 947 908
3 908 947 948
3 908 948 909
3 909 948 949
3 909 949 910
3 910 949 950
3 910 950 911
3 911 950 951
3 911 951 912
3 912 951 952
3 912 952 913
3 913 952 953
3 913 953 914
3 914 953 954
3 914 954 915
3 915 954 955
3 915 955 916
3 916 955 956
3 916 956 917
3 917 956 957
3 917 957 918
3 918 957 958
3 918 958 919
3 919 958 959
3 920 960 921
3 921 960 961
3 921 961 922
3 922 961 962
3 922 962 923
3 923 962 963
3 923 963 924
3 924 963 964
3 924 964 925
3 925 964 965
3 925 965 926
3 926 965 966
3 926 966 927
3 927 966 967
3 927 967 928
3 928 967 968
3 928 968 929
3 929 968 969
3 929 969 930
3 930 969 970
3 930 970 931
3 931 970 971
3 931 971 932
3 932 971 972
3 932 972 933
3 933 972 973
3 933 973 934
3 934 973 974
3 934 974 935
3 935 974 975
3 935 975 936
3 936 975 976
3 936 976 937
3 937 976 977
3 937 977 938
3 938 977 978
3 938 978 939
3 939 978 979
3 939 979 940
3 940 979 980
3 940 980 941
3 941 980 981
3 941 981 942
3 942 981 982
3 942 982 943
3 943 982 983
3 943 983 944
3 944 983 984
3 944 984 945
3 945 984 985
3 945 985 946
3 946 985 986
3 946 986 947
3 947 986 987
3 947 987 948
3 948 987 988
3 948 988 949
3 949 988 989
3 949 989 950
3 950 989 990
3 950 990 951
3 951 990 991
3 951 991 952
3 952 991 992
3 952 992 953
3 953 992 993
3 953 993 954
3 954 993 994
3 954 994 955
3 955 994 995
3 955 995 956
3 956 995 996
3 956 996 957
3 957 996 997
3 957 997 958
3 958 997 998
3 958 998 959
3 959 998 999
3 960 1000 961
3 961 1000 1001
3 961 1001 962
3 962 1001 1002
3 962 1002 963
3 963 1002 1003
3 963 1003 964
3 964 1003 1004
3 964 1004 965
3 965 1004 1005
3 965 1005 966
3 966 1005 1006
3 966 1006 967
3 967 1006 1007
3 967 1007 968
3 968 1007 1008
3 968 1008 969
3 969 1008 1009
3 969 1009 970
3 970 1009 1010
3 970 1010 971
3 971 1010 1011
3 971 1011 972
3 972 1011 1012
3 972 1012 973
3 973 1012 1013
3 973 1013 974
3 974 1013 1014
3 974 1014 975
3 975 1014 1015
3 975 1015 976
3 976 1015 1016
3 976 1016 977
3 977 1016 1017
3 977 1017 978
3 978 1017 1018
3 978 1018 979
3 979 1018 1019
3 979 1019 980
3 980 1019 1020
3 980 1020 981
3 981 1020 1021
3 981 1021 982
3 982 1021 1022
3 982 1022 983
3 983 1022 1023
3 983 1023 984
3 984 1023 1024
3 984 1024 985
3 985 1024 1025
3 985 1025 986
3 986 1025 1026
3 986 1026 987
3 987 1026 1027
3 987 1027 988
3 988 1027 1028
3 988 1028 989
3 989 1028 1029
3 989 1029 990
3 990 1029 1030
3 990 1030 991
3 991 1030 1031
3 991 1031 992
3 992 1031 1032
3 992 1032 993
3 993 1032 1033
3 993 1033 994
3 994 1033 1034
3 994 1034 995
3 995 1034 1035
3 995 1035 996
3 996 1035 1036
3 996 1036 997
3 997 1036 1037
3 997 1037 998
3 998 1037 1038
3 998 1038 999
3 999 1038 1039
3 1000 1040 1001
3 1001 1040 1041
3 1001 1041 1002
3 1002 1041 1042
3 1002 1042 1003
3 1003 1042 1043
3 1003 1043 1004
3 1004 1043 1044
3 1004 1044 1005
3 1005 1044 1045
3 1005 1045 1006
3 1006 1045 1046
3 1006 1046 1007
3 1007 1046 1047
3 1007 1047 1008
3 1008 1047 1048
3 1008 1048 1009
3 1009 1048 1049
3 1009 1049 1010
3 1010 1049 1050
3 1010 1050 1011
3 1011 1050 1051
3 1011 1051 1012
3 1012 1051 1052
3 1012 1052 1013
3 1013 1052 1053
3 1013 1053 1014
3 1014 1053 1054
3 1014 1054 1015
3 1015 1054 1055
3 1015 1055 1016
3 1016 1055 1056
3 1016 1056 1017
3 1017 1056 1057
3 1017 1057 1018
3 1018 1057 1058
3 1018 1058 1019
3 1019 1058 1059
3 1019 1059 1020
3 1020 1059 1060
3 1020 1060 1021
3 1021 1060 1061
3 1021 1061 1022
3 1022 1061 1062
3 1022 1062 1023
3 1023 1062 1063
3 1023 1063 1024
3 1024 1063 1064
3 1024 1064 1025
3 1025 1064 1065
3 1025 1065 1026
3 1026 1065 1066
3 1026 1066 1027
3 1027 1066 1067
3 1027 1067 1028
3 1028 1067 1068
3 1028 1068 1029
3 1029 1068 1069
3 1029 1069 1030
3 1030 1069 1070
3 1030 1070 1031
3 1031 1070 1071
3 1031 1071 1032
3 1032 1071 1072
3 1032 1072 1033
3 1033 1072 1073
3 1033 1073 1034
3 1034 1073 1074
3 1034 1074 1035
3 1035 1074 1075
3 1035 1075 1036
3 1036 1075 1076
3 1036 1076 1037
3 1037 1076 1077
3 1037 1077 1038
3 1038 1077 1078
3 1038 1078 1039
3 1039 1078 1079
3 1040 1080 1041
3 1041 1080 1081
3 1041 1081 1042
3 1042 1081 1082
3 1042 1082 1043
3 1043 1082 1083
3 1043 1083 1044
3 1044 1083 1084
3 1044 1084 1045
3 1045 1084 1085
3 1045 1085 1046
3 1046 1085 1086
3 1046 1086 1047
3 1047 1086 1087
3 1047 1087 1048
3 1048 1087 1088
3 1048 1088 1049
3 1049 1088 1089
3 1049 1089 1050
3 1050 1089 1090
3 1050 1090 1051
3 1051 1090 1091
3 1051 1091 1052
3 1052 1091 1092
3 1052 1092 1053
3 1053 1092 1093
3 1053 1093 1054
3 1054 1093 1094
3 1054 1094 1055
3 1055 1094 1095
3 1055 1095 1056
3 1056 1095 1096
3 1056 1096 1057
3 1057 1096 1097
3 1057 1097 1058
3 1058 1097 1098
3 1058 1098 1059
3 1059 1098 1099
3 1059 1099 1060
3 1060 1099 1100
3 1060 1100 1061
3 1061 1100 1101
3 1061 1101 1062
3 1062 1101 1102
3 1062 1102 1063
3 1063 1102 1103
3 1063 1103 1064
3 1064 1103 1104
3 1064 1104 1065
3 1065 1104 1105
3 1065 1105 1066
3 1066 1105 1106
3 1066 1106 1067
3 1067 1106 1107
3 1067 1107 1068
3 1068 1107 1108
3 1068 1108 1069
3 1069 1108 1109
3 1069 1109 1070
3 1070 1109 1110
3 1070 1110 1071
3 1071 1110 1111
3 1071 1111 1072
3 1072 1111 1112
3 1072 1112 1073
3 1073 1112 1113
3 1073 1113 1074
3 1074 1113 1114
3 1074 1114 1075
3 1075 1114 1115
3 1075 1115 1076
3 1076 1115 1116
3 1076 1116 1077
3 1077 1116 1117
3 1077 1117 1078
3 1078 1117 1118
3 1078 1118 1079
3 1079 1118 1119
3 1080 1120 1081
3 1081 1120 1121
3 1081 1121 1082
3 1082 1121 1122
3 1082 1122 1083
3 1083 1122 1123
3 1083 1123 1084
3 1084 1123 1124
3 1084 1124 1085
3 1085 1124 1125
3 1085 1125 1086
3 1086 1125 1126
3 1086 1126 1087
3 1087 1126 1127
3 1087 1127 1088
3 1088 1127 1128
3 1088 1128 1089
3 1089 1128 1129
3 1089 1129 1090
3 1090 1129 1130
3 1090 1130 1091
3 1091 1130 1131
3 1091 1131 1092
3 1092 1131 1132
3 1092 1132 1093
3 1093 1132 1133
3 1093 1133 1094
3 1094 1133 1134
3 1094 1134 1095
3 1095 1134 1135
3 1095 1135 1096
3 1096 1135 1136
3 1096 1136 1097
3 1097 1136 1137
3 1097 1137 1098
3 1098 1137 1138
3 1098 1138 1099
3 1099 1138 1139
3 1099 1139 1100
3 1100 1139 1140
3 1100 1140 1101
3 1101 1140 1141
3 1101 1141 1102
3 1102 1141 1142
3 1102 1142 1103
3 1103 1142 1143
3 1103 1143 1104
3 1104 1143 1144
3 1104 1144 1105
3 1105 1144 1145
3 1105 1145 1106
3 1106 1145 1146
3 1106 1146 1107
3 1107 1146 1147
3 1107 1147 1108
3 1108 1147 1148
3 1108 1148 1109
3 1109 1148 1149
3 1109 1149 1110
3 1110 1149 1150
3 1110 1150 1111
3 1111 1150 1151
3 1111 1151 1112
3 1112 1151 1152
3 1112 1152 1113
3 1113 1152 1153
3 1113 1153 1114
3 1114 1153 1154
3 1114 1154 1115
3 1115 1154 1155
3 1115 1155 1116
3 1116 1155 1156
3 1116 1156 1117
3 1117 1156 1157
3 1117 1157 1118
3 1118 1157 1158
3 1118 1158 1119
3 1119 1158 1159
3 1120 1160 1121
3 1121 1160 1161
3 1121 1161 1122
3 1122 1161 1162
3 1122 1162 1123
3 1123 1162 1163
3 1123 1163 1124
3 1124 1163 1164
3 1124 1164 1125
3 1125 1164 1165
3 1125 1165 1126
3 1126 1165 1166
3 1126 1166 1127
3 1127 1166 1167
3 1127 1167 1128
3 1128 1167 1168
3 1128 1168 1129
3 1129 1168 1169
3 1129 1169 1130
3 1130 1169 1170
3 1130 1170 1131
3 1131 1170 1171
3 1131 1171 1132
3 1132 1171 1172
3 1132 1172 1133
3 1133 1172 1173
3 1133 1173 1134
3 1134 1173 1174
3 1134 1174 1135
3 1135 1174 1175
3 1135 1175 1136
3 1136 1175 1176
3 1136 1176 1137
3 1137 1176 1177
3 1137 1177 1138
3 1138 1177 1178
3 1138 1178 1139
3 1139 1178 1179
3 1139 1179 1140
3 1140 1179 1180
3 1140 1180 1141
3 1141 1180 1181
3 1141 1181 1142
3 1142 1181 1182
3 1142 1182 1143
3 1143 1182 1183
3 1143 1183 1144
3 1144 1183 1184
3 1144 1184 1145
3 1145 1184 1185
3 1145 1185 1146
3 1146 1185 1186
3 1146 1186 1147
3 1147 1186 1187
3 1147 1187 1148
3 1148 1187 1188
3 1148 1188 1149
3 1149 1188 1189
3 1149 1189 1150
3 1150 1189 1190
3 1150 1190 1151
3 1151 1190 1191
3 1151 1191 1152
3 1152 1191 1192
3 1152 1192 1153
3 1153 1192 1193
3 1153 1193 1154
3 1154 1193 1194
3 1154 1194 1155
3 1155 1194 1195
3 1155 1195 1156
3 1156 1195 1196
3 1156 1196 1157
3 1157 1196 1197
3 1157 1197 1158
3 1158 1197 1198
3 1158 1198 1159
3 1159 1198 1199
3 1160 1200 1161
3 1161 1200 1201
3 1161 1201 1162
3 1162 1201 1202
3 1162 1202 1163
3 1163 1202 1203
3 1163 1203 1164
3 1164 1203 1204
3 1164 1204 1165
3 1165 1204 1205
3 1165 1205 1166
3 1166 1205 1206
3 1166 1206 1167
3 1167 1206 1207
3 1167 1207 1168
3 1168 1207 1208
3 1168 1208 1169
3 1169 1208 1209
3 1169 1209 1170
3 1170 1209 1210
3 1170 1210 1171
3 1171 1210 1211
3 1171 1211 1172
3 1172 1211 1212
3 1172 1212 1173
3 1173 1212 1213
3 1173 1213 1174
3 1174 1213 1214
3 1174 1214 1175
3 1175 1214 1215
3 1175 1215 1176
3 1176 1215 1216
3 1176 1216 1177
3 1177 1216 1217
3 1177 1217 1178
3 1178 1217 1218
3 1178 1218 1179
3 1179 1218 1219
3 1179 1219 1180
3 1180 1219 1220
3 1180 1220 1181
3 1181 1220 1221
3 1181 1221 1182
3 1182 1221 1222
3 1182 1222 1183
3 1183 1222 1223
3 1183 1223 1184
3 1184 1223 1224
3 1184 1224 1185
3 1185 1224 1225
3 1185 1225 1186
3 1186 1225 1226
3 1186 1226 1187
3 1187 1226 1227
3 1187 1227 1188
3 1188 1227 1228
3 1188 1228 1189
3 1189 1228 1229
3 1189 1229 1190
3 1190 1229 1230
3 1190 1230 1191
3 1191 1230 1231
3 1191 1231 1192
3 1192 1231 1232
3 1192 1232 1193
3 1193 1232 1233
3 1193 1233 1194
3 1194 1233 1234
3 1194 1234 1195
3 1195 1234 1235
3 1195 1235 1196
3 1196 1235 1236
3 1196 1236 1197
3 1197 1236 1237
3 1197 1237 1198
3 1198 1237 1238
3 1198 1238 1199
3 1199 1238 1239
3 1200 1240 1201
3 1201 1240 1241
3 1201 1241 1202
3 1202 1241 1242
3 1202 1242 1203
3 1203 1242 1243
3 1203 1243 1204
3 1204 1243 1244
3 1204 1244 1205
3 1205 1244 1245
3 1205 1245 1206
3 1206 1245 1246
3 1206 1246 1207
3 1207 1246 1247
3 1207 1247 1208
3 1208 1247 1248
3 1208 1248 1209
3 1209 1248 1249
3 1209 1249 1210
3 1210 1249 1250
3 1210 1250 1211
3 1211 1250 1251
3 1211 1251 1212
3 1212 1251 1252
3 1212 1252 1213
3 1213 1252 1253
3 1213 1253 1214
3 1214 1253 1254
3 1214 1254 1215
3 1215 1254 1255
3 1215 1255 1216
3 1216 1255 1256
3 1216 1256 1217
3 1217 1256 1257
3 1217 1257 1218
3 1218 1257 1258
3 1218 1258 1219
3 1219 1258 1259
3 1219 1259 1220
3 1220 1259 1260
3 1220 1260 1221
3 1221 1260 1261
3 1221 1261 1222
3 1222 1261 1262
3 1222 1262 1223
3 1223 1262 1263
3 1223 1263 1224
3 1224 1263 1264
3 1224 1264 1225
3 1225 1264 1265
3 1225 1265 1226
3 1226 1265 1266
3 1226 1266 1227
3 1227 1266 1267
3 1227 1267 1228
3 1228 1267 1268
3 1228 1268 1229
3 1229 1268 1269
3 1229 1269 1230
3 1230 1269 1270
3 1230 1270 1231
3 1231 1270 1271
3 1231 1271 1232
3 1232 1271 1272
3 1232 1272 1233
3 1233 1272 1273
3 1233 1273 1234
3 1234 1273 1274
3 1234 1274 1235
3 1235 1274 1275
3 1235 1275 1236
3 1236 1275 1276
3 1236 1276 1237
3 1237 1276 1277
3 1237 1277 1238
3 1238 1277 1278
3 1238 1278 1239
3 1239 1278 1279
3 1240 1280 1241
3 1241 1280 1281
3 1241 1281 1242
3 1242 1281 1282
3 1242 1282 1243
3 1243 1282 1283
3 1243 1283 1244
3 1244 1283 1284
3 1244 1284 1245
3 1245 1284 1285
3 1245 1285 1246
3 1246 1285 1286
3 1246 1286 1247
3 1247 1286 1287
3 1247 1287 1248
3 1248 1287 1288
3 1248 1288 1249
3 1249 1288 1289
3 1249 1289 1250
3 1250 1289 1290
3 1250 1290 1251
3 1251 1290 1291
3 1251 1291 1252
3 1252 1291 1292
3 1252 1292 1253
3 1253 1292 1293
3 1253 1293 1254
3 1254 1293 1294
3 1254 1294 1255
3 1255 1294 1295
3 1255 1295 1256
3 1256 1295 1296
3 1256 1296 1257
3 1257 1296 1297
3 1257 1297 1258
3 1258 1297 1298
3 1258 1298 1259
3 1259 1298 1299
3 1259 1299 1260
3 1260 1299 1300
3 1260 1300 1261
3 1261 1300 1301
3 1261 1301 1262
3 1262 1301 1302
3 1262 1302 1263
3 1263 1302 1303
3 1263 1303 1264
3 1264 1303 1304
3 1264 1304 1265
3 1265 1304 1305
3 1265 1305 1266
3 1266 1305 1306
3 1266 1306 1267
3 1267 1306 1307
3 1267 1307 1268
3 1268 1307 1308
3 1268 1308 1269
3 1269 1308 1309
3 1269 1309 1270
3 1270 1309 1310
3 1270 1310 1271
3 1271 1310 1311
3 1271 1311 1272
3 1272 1311 1312
3 1272 1312 1273
3 1273 1312 1313
3 1273 1313 1274
3 1274 1313 1314
3 1274 1314 1275
3 1275 1314 1315
3 1275 1315 1276
3 1276 1315 1316
3 1276 1316 1277
3 1277 1316 1317
3 1277 1317 1278
3 1278 1317 1318
3 1278 1318 1279
3 1279 1318 1319
3 1280 1320 1281
3 1281 1320 1321
3 1281 1321 1282
3 1282 1321 1322
3 1282 1322 1283
3 1283 1322 1323
3 1283 1323 1284
3 1284 1323 1324
3 1284 1324 1285
3 1285 1324 1325
3 1285 1325 1286
3 1286 1325 1326
3 1286 1326 1287
3 1287 1326 1327
3 1287 1327 1288
3 1288 1327 1328
3 1288 1328 1289
3 1289 1328 1329
3 1289 1329 1290
3 1290 1329 1330
3 1290 1330 1291
3 1291 1330 1331
3 1291 1331 1292
3 1292 1331 1332
3 1292 1332 1293
3 1293 1332 1333
3 1293 1333 1294
3 1294 1333 1334
3 1294 1334 1295
3 1295 1334 1335
3 1295 1335 1296
3 1296 1335 1336
3 1296 1336 1297
3 1297 1336 1337
3 1297 1337 1298
3 1298 1337 1338
3 1298 1338 1299
3 1299 1338 1339
3 1299 1339 1300
3 1300 1339 1340
3 1300 1340 1301
3 1301 1340 1341
3 1301 1341 1302
3 1302 1341 1342
3 1302 1342 1303
3 1303 1342 1343
3 1303 1343 1304
3 1304 1343 1344
3 1304 1344 1305
3 1305 1344 1345
3 1305 1345 1306
3 1306 1345 1346
3 1306 1346 1307
3 1307 1346 1347
3 1307 1347 1308
3 1308 1347 1348
3 1308 1348 1309
3 1309 1348 1349
3 1309 1349 1310
3 1310 1349 1350
3 1310 1350 1311
3 1311 1350 1351
3 1311 1351 1312
3 1312 1351 1352
3 1312 1352 1313
3 1313 1352 1353
3 1313 1353 1314
3 1314 1353 1354
3 1314 1354 1315
3 1315 1354 1355
3 1315 1355 1316
3 1316 1355 1356
3 1316 1356 1317
3 1317 1356 1357
3 1317 1357 1318
3 1318 1357 1358
3 1318 1358 1319
3 1319 1358 1359
3 1320 1360 1321
3 1321 1360 1361
3 1321 1361 1322
3 1322 1361 1362
3 1322 1362 1323
3 1323 1362 1363
3 1323 1363 1324
3 1324 1363 1364
3 1324 1364 1325
3 1325 1364 1365
3 1325 1365 1326
3 1326 1365 1366
3 1326 1366 1327
3 1327 1366 1367
3 1327 1367 1328
3 1328 1367 1368
3 1328 1368 1329
3 1329 1368 1369
3 1329 1369 1330
3 1330 1369 1370
3 1330 1370 1331
3 1331 1370 1371
3 1331 1371 1332
3 1332 1371 1372
3 1332 1372 1333
3 1333 1372 1373
3 1333 1373 1334
3 1334 1373 1374
3 1334 1374 1335
3 1335 1374 1375
3 1335 1375 1336
3 1336 1375 1376
3 1336 1376 1337
3 1337 1376 1377
3 1337 1377 1338
3 1338 1377 1378
3 1338 1378 1339
3 1339 1378 1379
3 1339 1379 1340
3 1340 1379 1380
3 1340 1380 1341
3 1341 1380 1381
3 1341 1381 1342
3 1342 1381 1382
3 1342 1382 1343
3 1343 1382 1383
3 1343 1383 1344
3 1344 1383 1384
3 1344 1384 1345
3 1345 1384 1385
3 1345 1385 1346
3 1346 1385 1386
3 1346 1386 1347
3 1347 1386 1387
3 1347 1387 1348
3 1348 1387 1388
3 1348 1388 1349
3 1349 1388 1389
3 1349 1389 1350
3 1350 1389 1390
3 1350 1390 1351
3 1351 1390 1391
3 1351 1391 1352
3 1352 1391 1392
3 1352 1392 1353
3 1353 1392 1393
3 1353 1393 1354
3 1354 1393 1394
3 1354 1394 1355
3 1355 1394 1395
3 1355 1395 1356
3 1356 1395 1396
3 1356 1396 1357
3 1357 1396 1397
3 1357 1397 1358
3 1358 1397 1398
3 1358 1398 1359
3 1359 1398 1399
3 1360 1400 1361
3 1361 1400 1401
3 1361 1401 1362
3 1362 1401 1402
3 1362 1402 1363
3 1363 1402 1403
3 1363 1403 1364
3 1364 1403 1404
3 1364 1404 1365
3 1365 1404 1405
3 1365 1405 1366
3 1366 1405 1406
3 1366 1406 1367
3 1367 1406 1407
3 1367 1407 1368
3 1368 1407 1408
3 1368 1408 1369
3 1369 1408 1409
3 1369 1409 1370
3 1370 1409 1410
3 1370 1410 1371
3 1371 1410 1411
3 1371 1411 1372
3 1372 1411 1412
3 1372 1412 1373
3 1373 1412 1413
3 1373 1413 1374
3 1374 1413 1414
3 1374 1414 1375
3 1375 1414 1415
3 1375 1415 1376
3 1376 1415 1416
3 1376 1416 1377
3 1377 1416 1417
3 1377 1417 1378
3 1378 1417 1418
3 1378 1418 1379
3 1379 1418 1419
3 1379 1419 1380
3 1380 1419 1420
3 1380 1420 1381
3 1381 1420 1421
3 1381 1421 1382
3 1382 1421 1422
3 1382 1422 1383
3 1383 1422 1423
3 1383 1423 1384
3 1384 1423 1424
3 1384 1424 1385
3 1385 1424 1425
3 1385 1425 1386
3 1386 1425 1426
3 1386 1426 1387
3 1387 1426 1427
3 1387 1427 1388
3 1388 1427 1428
3 1388 1428 1389
3 1389 1428 1429
3 1389 1429 1390
3 1390 1429 1430
3 1390 1430 1391
3 1391 1430 1431
3 1391 1431 1392
3 1392 1431 1432
3 1392 1432 1393
3 1393 1432 1433
3 1393 1433 1394
3 1394 1433 1434
3 1394 1434 1395
3 1395 1434 1435
3 1395 1435 1396
3 1396 1435 1436
3 1396 1436 1397
3 1397 1436 1437
3 1397 1437 1398
3 1398 1437 1438
3 1398 1438 1399
3 1399 1438 1439
3 1400 1440 1401
3 1401 1440 1441
3 1401 1441 1402
3 1402 1441 1442
3 1402 1442 1403
3 1403 1442 1443
3 1403 1443 1404
3 1404 1443 1444
3 1404 1444 1405
3 1405 1444 1445
3 1405 1445 1406
3 1406 1445 1446
3 1406 1446 1407
3 1407 1446 1447
3 1407 1447 1408
3 1408 1447 1448
3 1408 1448 1409
3 1409 1448 1449
3 1409 1449 1410
3 1410 1449 1450
3 1410 1450 1411
3 1411 1450 1451
3 1411 1451 1412
3 1412 1451 1452
3 1412 1452 1413
3 1413 1452 1453
3 1413 1453 1414
3 1414 1453 1454
3 1414 1454 1415
3 1415 1454 1455
3 1415 1455 1416
3 1416 1455 1456
3 1416 1456 1417
3 1417 1456 1457
3 1417 1457 1418
3 1418 1457 1458
3 1418 1458 1419
3 1419 1458 1459
3 1419 1459 1420
3 1420 1459 1460
3 1420 1460 1421
3 1421 1460 1461
3 1421 1461 1422
3 1422 1461 1462
3 1422 1462 1423
3 1423 1462 1463
3 1423 1463 1424
3 1424 1463 1464
3 1424 1464 1425
3 1425 1464 1465
3 1425 1465 1426
3 1426 1465 1466
3 1426 1466 1427
3 1427 1466 1467
3 1427 1467 1428
3 1428 1467 1468
3 1428 1468 1429
3 1429 1468 1469
3 1429 1469 1430
3 1430 1469 1470
3 1430 1470 1431
3 1431 1470 1471
3 1431 1471 1432
3 1432 1471 1472
3 1432 1472 1433
3 1433 1472 1473
3 1433 1473 1434
3 1434 1473 1474
3 1434 1474 1435
3 1435 1474 1475
3 1435 1475 1436
3 1436 1475 1476
3 1436 1476 1437
3 1437 1476 1477
3 1437 1477 1438
3 1438 1477 1478
3 1438 1478 1439
3 1439 1478 1479
3 1440 1480 1441
3 1441 1480 1481
3 1441 1481 1442
3 1442 1481 1482
3 1442 1482 1443
3 1443 1482 1483
3 1443 1483 1444
3 1444 1483 1484
3 1444 1484 1445
3 1445 1484 1485
3 1445 1485 1446
3 1446 1485 1486
3 1446 1486 1447
3 1447 1486 1487
3 1447 1487 1448
3 1448 1487 1488
3 1448 1488 1449
3 1449 1488 1489
3 1449 1489 1450
3 1450 1489 1490
3 1450 1490 1451
3 1451 1490 1491
3 1451 1491 1452
3 1452 1491 1492
3 1452 1492 1453
3 1453 1492 1493
3 1453 1493 1454
3 1454 1493 1494
3 1454 1494 1455
3 1455 1494 1495
3 1455 1495 1456
3 1456 1495 1496
3 1456 1496 1457
3 1457 1496 1497
3 1457 1497 1458
3 1458 1497 1498
3 1458 1498 1459
3 1459 1498 1499
3 1459 1499 1460
3 1460 1499 1500
3 1460 1500 1461
3 1461 1500 1501
3 1461 1501 1462
3 1462 1501 1502
3 1462 1502 1463
3 1463 1502 1503
3 1463 1503 1464
3 1464 1503 1504
3 1464 1504 1465
3 1465 1504 1505
3 1465 1505 1466
3 1466 1505 1506
3 1466 1506 1467
3 1467 1506 1507
3 1467 1507 1468
3 1468 1507 1508
3 1468 1508 1469
3 1469 1508 1509
3 1469 1509 1470
3 1470 1509 1510
3 1470 1510 1471
3 1471 1510 1511
3 1471 1511 1472
3 1472 1511 1512
3 1472 1512 1473
3 1473 1512 1513
3 1473 1513 1474
3 1474 1513 1514
3 1474 1514 1475
3 1475 1514 1515
3 1475 1515 1476
3 1476 1515 1516
3 1476 1516 1477
3 1477 1516 1517
3 1477 1517 1478
3 1478 1517 1518
3 1478 1518 1479
3 1479 1518 1519
3 1480 1520 1481
3 1481 1520 1521
3 1481 1521 1482
3 1482 1521 1522
3 1482 1522 1483
3 1483 1522 1523
3 1483 1523 1484
3 1484 1523 1524
3 1484 1524 1485
3 1485 1524 1525
3 1485 1525 1486
3 1486 1525 1526
3 1486 1526 1487
3 1487 1526 1527
3 1487 1527 1488
3 1488 1527 1528
3 1488 1528 1489
3 1489 1528 1529
3 1489 1529 1490
3 1490 1529 1530
3 1490 1530 1491
3 1491 1530 1531
3 1491 1531 1492
3 1492 1531 1532
3 1492 1532 1493
3 1493 1532 1533
3 1493 1533 1494
3 1494 1533 1534
3 1494 1534 1495
3 1495 1534 1535
3 1495 1535 1496
3 1496 1535 1536
3 1496 1536 1497
3 1497 1536 1537
3 1497 1537 1498
3 1498 1537 1538
3 1498 1538 1499
3 1499 1538 1539
3 1499 1539 1500
3 1500 1539 1540
3 1500 1540 1501
3 1501 1540 1541
3 1501 1541 1502
3 1502 1541 1542
3 1502 1542 1503
3 1503 1542 1543
3 1503 1543 1504
3 1504 1543 1544
3 1504 1544 1505
3 1505 1544 1545
3 1505 1545 1506
3 1506 1545 1546
3 1506 1546 1507
3 1507 1546 1547
3 1507 1547 1508
3 1508 1547 1548
3 1508 1548 1509
3 1509 1548 1549
3 1509 1549 1510
3 1510 1549 1550
3 1510 1550 1511
3 1511 1550 1551
3 1511 1551 1512
3 1512 1551 1552
3 1512 1552 1513
3 1513 1552 1553
3 1513 1553 1514
3 1514 1553 1554
3 1514 1554 1515
3 1515 1554 1555
3 1515 1555 1516
3 1516 1555 1556
3 1516 1556 1517
3 1517 1556 1557
3 1517 1557 1518
3 1518 1557 1558
3 1518 1558 1519
3 1519 1558 1559
3 1520 1560 1521
3 1521 1560 1561
3 1521 1561 1522
3 1522 1561 1562
3 1522 1562 1523
3 1523 1562 1563
3 1523 1563 1524
3 1524 1563 1564
3 1524 1564 1525
3 1525 1564 1565
3 1525 1565 1526
3 1526 1565 1566
3 1526 1566 1527
3 1527 1566 1567
3 1527 1567 1528
3 1528 1567 1568
3 1528 1568 1529
3 1529 1568 1569
3 1529 1569 1530
3 1530 1569 1570
3 1530 1570 1531
3 1531 1570 1571
3 1531 1571 1532
3 1532 1571 1572
3 1532 1572 1533
3 1533 1572 1573
3 1533 1573 1534
3 1534 1573 1574
3 1534 1574 1535
3 1535 1574 1575
3 1535 1575 1536
3 1536 1575 1576
3 1536 1576 1537
3 1537 1576 1577
3 1537 1577 1538
3 1538 1577 1578
3 1538 1578 1539
3 1539 1578 1579
3 1539 1579 1540
3 1540 1579 1580
3 1540 1580 1541
3 1541 1580 1581
3 1541 1581 1542
3 1542 1581 1582
3 1542 1582 1543
3 1543 1582 1583
3 1543 1583 1544
3 1544 1583 1584
3 1544 1584 1545
3 1545 1584 1585
3 1545 1585 1546
3 1546 1585 1586
3 1546 1586 1547
3 1547 1586 1587
3 1547 1587 1548
3 1548 1587 1588
3 1548 1588 1549
3 1549 1588 1589
3 1549 1589 1550
3 1550 1589 1590
3 1550 1590 1551
3 1551 1590 1591
3 1551 1591 1552
3 1552 1591 1592
3 1552 1592 1553
3 1553 1592 1593
3 1553 1593 1554
3 1554 1593 1594
3 1554 1594 1555
3 1555 1594 1595
3 1555 1595 1556
3 1556 1595 1596
3 1556 1596 1557
3 1557 1596 1597
3 1557 1597 1558
3 1558 1597 1598
3 1558 1598 1559
3 1559 1598 1599
3 1560 1600 1561
3 1561 1600 1601
3 1561 1601 1562
3 1562 1601 1602
3 1562 1602 1563
3 1563 1602 1603
3 1563 1603 1564
3 1564 1603 1604
3 1564 1604 1565
3 1565 1604 1605
3 1565 1605 1566
3 1566 1605 1606
3 1566 1606 1567
3 1567 1606 1607
3 1567 1607 1568
3 1568 1607 1608
3 1568 1608 1569
3 1569 1608 1609
3 1569 1609 1570
3 1570 1609 1610
3 1570 1610 1571
3 1571 1610 1611
3 1571 1611 1572
3 1572 1611 1612
3 1572 1612 1573
3 1573 1612 1613
3 1573 1613 1574
3 1574 1613 1614
3 1574 1614 1575
3 1575 1614 1615
3 1575 1615 1576
3 1576 1615 1616
3 1576 1616 1577
3 1577 1616 1617
3 1577 1617 1578
3 1578 1617 1618
3 1578 1618 1579
3 1579 1618 1619
3 1579 1619 1580
3 1580 1619 1620
3 1580 1620 1581
3 1581 1620 1621
3 1581 1621 1582
3 1582 1621 1622
3 1582 1622 1583
3 1583 1622 1623
3 1583 1623 1584
3 1584 1623 1624
3 1584 1624 1585
3 1585 1624 1625
3 1585 1625 1586
3 1586 1625 1626
3 1586 1626 1587
3 1587 1626 1627
3 1587 1627 1588
3 1588 1627 1628
3 1588 1628 1589
3 1589 1628 1629
3 1589 1629 1590
3 1590 1629 1630
3 1590 1630 1591
3 1591 1630 1631
3 1591 1631 1592
3 1592 1631 1632
3 1592 1632 1593
3 1593 1632 1633
3 1593 1633 1594
3 1594 1633 1634
3 1594 1634 1595
3 1595 1634 1635
3 1595 1635 1596
3 1596 1635 1636
3 1596 1636 1597
3 1597 1636 1637
3 1597 1637 1598
3 1598 1637 1638
3 1598 1638 1599
3 1599 1638 1639
3 1600 1640 1601
3 1601 1640 1641
3 1601 1641 1602
3 1602 1641 1642
3 1602 1642 1603
3 1603 1642 1643
3 1603 1643 1604
3 1604 1643 1644
3 1604 1644 1605
3 1605 1644 1645
3 1605 1645 1606
3 1606 1645 1646
3 1606 1646 1607
3 1607 1646 1647
3 1607 1647 1608
3 1608 1647 1648
3 1608 1648 1609
3 1609 1648 1649
3 1609 1649 1610
3 1610 1649 1650
3 1610 1650 1611
3 1611 1650 1651
3 1611 1651 1612
3 1612 1651 1652
3 1612 1652 1613
3 1613 1652 1653
3 1613 1653 1614
3 1614 1653 1654
3 1614 1654 1615
3 1615 1654 1655
3 1615 1655 1616
3 1616 1655 1656
3 1616 1656 1617
3 1617 1656 1657
3 1617 1657 1618
3 1618 1657 1658
3 1618 1658 1619
3 1619 1658 1659
3 1619 1659 1620
3 1620 1659 1660
3 1620 1660 1621
3 1621 1660 1661
3 1621 1661 1622
3 1622 1661 1662
3 1622 1662 1623
3 1623 1662 1663
3 1623 1663 1624
3 1624 1663 1664
3 1624 1664 1625
3 1625 1664 1665
3 1625 1665 1626
3 1626 1665 1666
3 1626 1666 1627
3 1627 1666 1667
3 1627 1667 1628
3 1628 1667 1668
3 1628 1668 1629
3 1629 1668 1669
3 1629 1669 1630
3 1630 1669 1670
3 1630 1670 1631
3 1631 1670 1671
3 1631 1671 1632
3 1632 1671 1672
3 1632 1672 1633
3 1633 1672 1673
3 1633 1673 1634
3 1634 1673 1674
3 1634 1674 1635
3 1635 1674 1675
3 1635 1675 1636
3 1636 1675 1676
3 1636 1676 1637
3 1637 1676 1677
3 1637 1677 1638
3 1638 1677 1678
3 1638 1678 1639
3 1639 1678 1679
3 1640 1680 1641
3 1641 1680 1681
3 1641 1681 1642
3 1642 1681 1682
3 1642 1682 1643
3 1643 1682 1683
3 1643 1683 1644
3 1644 1683 1684
3 1644 1684 1645
3 1645 1684 1685
3 1645 1685 1646
3 1646 1685 1686
3 1646 1686 1647
3 1647 1686 1687
3 1647 1687 1648
3 1648 1687 1688
3 1648 1688 1649
3 1649 1688 1689
3 1649 1689 1650
3 1650 1689 1690
3 1650 1690 1651
3 1651 1690 1691
3 1651 1691 1652
3 1652 1691 1692
3 1652 1692 1653
3 1653 1692 1693
3 1653 1693 1654
3 1654 1693 1694
3 1654 1694 1655
3 1655 1694 1695
3 1655 1695 1656
3 1656 1695 1696
3 1656 1696 1657
3 1657 1696 1697
3 1657 1697 1658
3 1658 1697 1698
3 1658 1698 1659
3 1659 1698 1699
3 1659 1699 1660
3 1660 1699 1700
3 1660 1700 1661
3 1661 1700 1701
3 1661 1701 1662
3 1662 1701 1702
3 1662 1702 1663
3 1663 1702 1703
3 1663 1703 1664
3 1664 1703 1704
3 1664 1704 1665
3 1665 1704 1705
3 1665 1705 1666
3 1666 1705 1706
3 1666 1706 1667
3 1667 1706 1707
3 1667 1707 1668
3 1668 1707 1708
3 1668 1708 1669
3 1669 1708 1709
3 1669 1709 1670
3 1670 1709 1710
3 1670 1710 1671
3 1671 1710 1711
3 1671 1711 1672
3 1672 1711 1712
3 1672 1712 1673
3 1673 1712 1713
3 1673 1713 1674
3 1674 1713 1714
3 1674 1714 1675
3 1675 1714 1715
3 1675 1715 1676
3 1676 1715 1716
3 1676 1716 1677
3 1677 1716 1717
3 1677 1717 1678
3 1678 1717 1718
3 1678 1718 1679
3 1679 1718 1719
3 1680 1720 1681
3 1681 1720 1721
3 1681 1721 1682
3 1682 1721 1722
3 1682 1722 1683
3 1683 1722 1723
3 1683 1723 1684
3 1684 1723 1724
3 1684 1724 1685
3 1685 1724 1725
3 1685 1725 1686
3 1686 1725 1726
3 1686 1726 1687
3 1687 1726 1727
3 1687 1727 1688
3 1688 1727 1728
3 1688 1728 1689
3 1689 1728 1729
3 1689 1729 1690
3 1690 1729 1730
3 1690 1730 1691
3 1691 1730 1731
3 1691 1731 1692
3 1692 1731 1732
3 1692 1732 1693
3 1693 1732 1733
3 1693 1733 1694
3 1694 1733 1734
3 1694 1734 1695
3 1695 1734 1735
3 1695 1735 1696
3 1696 1735 1736
3 1696 1736 1697
3 1697 1736 1737
3 1697 1737 1698
3 1698 1737 1738
3 1698 1738 1699
3 1699 1738 1739
3 1699 1739 1700
3 1700 1739 1740
3 1700 1740 1701
3 1701 1740 1741
3 1701 1741 1702
3 1702 1741 1742
3 1702 1742 1703
3 1703 1742 1743
3 1703 1743 1704
3 1704 1743 1744
3 1704 1744 1705
3 1705 1744 1745
3 1705 1745 1706
3 1706 1745 1746
3 1706 1746 1707
3 1707 1746 1747
3 1707 1747 1708
3 1708 1747 1748
3 1708 1748 1709
3 1709 1748 1749
3 1709 1749 1710
3 1710 1749 1750
3 1710 1750 1711
3 1711 1750 1751
3 1711 1751 1712
3 1712 1751 1752
3 1712 1752 1713
3 1713 1752 1753
3 1713 1753 1714
3 1714 1753 1754
3 1714 1754 1715
3 1715 1754 1755
3 1715 1755 1716
3 1716 1755 1756
3 1716 1756 1717
3 1717 1756 1757
3 1717 1757 1718
3 1718 1757 1758
3 1718 1758 1719
3 1719 1758 1759
3 1720 1760 1721
3 1721 1760 1761
3 1721 1761 1722
3 1722 1761 1762
3 1722 1762 1723
3 1723 1762 1763
3 1723 1763 1724
3 1724 1763 1764
3 1724 1764 1725
3 1725 1764 1765
3 1725 1765 1726
3 1726 1765 1766
3 1726 1766 1727
3 1727 1766 1767
3 1727 1767 1728
3 1728 1767 1768
3 1728 1768 1729
3 1729 1768 1769
3 1729 1769 1730
3 1730 1769 1770
3 1730 1770 1731
3 1731 1770 1771
3 1731 1771 1732
3 1732 1771 1772
3 1732 1772 1733
3 1733 1772 1773
3 1733 1773 1734
3 1734 1773 1774
3 1734 1774 1735
3 1735 1774 1775
3 1735 1775 1736
3 1736 1775 1776
3 1736 1776 1737
3 1737 1776 1777
3 1737 1777 1738
3 1738 1777 1778
3 1738 1778 1739
3 1739 1778 1779
3 1739 1779 1740
3 1740 1779 1780
3 1740 1780 1741
3 1741 1780 1781
3 1741 1781 1742
3 1742 1781 1782
3 1742 1782 1743
3 1743 1782 1783
3 1743 1783 1744
3 1744 1783 1784
3 1744 1784 1745
3 1745 1784 1785
3 1745 1785 1746
3 1746 1785 1786
3 1746 1786 1747
3 1747 1786 1787
3 1747 1787 1748
3 1748 1787 1788
3 1748 1788 1749
3 1749 1788 1789
3 1749 1789 1750
3 1750 1789 1790
3 1750 1790 1751
3 1751 1790 1791
3 1751 1791 1752
3 1752 1791 1792
3 1752 1792 1753
3 1753 1792 1793
3 1753 1793 1754
3 1754 1793 1794
3 1754 1794 1755
3 1755 1794 1795
3 1755 1795 1756
3 1756 1795 1796
3 1756 1796 1757
3 1757 1796 1797
3 1757 1797 1758
3 1758 1797 1798
3 1758 1798 1759
3 1759 1798 1799
3 1760 1800 1761
3 1761 1800 1801
3 1761 1801 1762
3 1762 1801 1802
3 1762 1802 1763
3 1763 1802 1803
3 1763 1803 1764
3 1764 1803 1804
3 1764 1804 1765
3 1765 1804 1805
3 1765 1805 1766
3 1766 1805 1806
3 1766 1806 1767
3 1767 1806 1807
3 1767 1807 1768
3 1768 1807 1808
3 1768 1808 1769
3 1769 1808 1809
3 1769 1809 1770
3 1770 1809 1810
3 1770 1810 1771
3 1771 1810 1811
3 1771 1811 1772
3 1772 1811 1812
3 1772 1812 1773
3 1773 1812 1813
3 1773 1813 1774
3 1774 1813 1814
3 1774 1814 1775
3 1775 1814 1815
3 1775 1815 1776
3 1776 1815 1816
3 1776 1816 1777
3 1777 1816 1817
3 1777 1817 1778
3 1778 1817 1818
3 1778 1818 1779
3 1779 1818 1819
3 1779 1819 1780
3 1780 1819 1820
3 1780 1820 1781
3 1781 1820 1821
3 1781 1821 1782
3 1782 1821 1822
3 1782 1822 1783
3 1783 1822 1823
3 1783 1823 1784
3 1784 1823 1824
3 1784 1824 1785
3 1785 1824 1825
3 1785 1825 1786
3 1786 1825 1826
3 1786 1826 1787
3 1787 1826 1827
3 1787 1827 1788
3 1788 1827 1828
3 1788 1828 1789
3 1789 1828 1829
3 1789 1829 1790
3 1790 1829 1830
3 1790 1830 1791
3 1791 1830 1831
3 1791 1831 1792
3 1792 1831 1832
3 1792 1832 1793
3 1793 1832 1833
3 1793 1833 1794
3 1794 1833 1834
3 1794 1834 1795
3 1795 1834 1835
3 1795 1835 1796
3 1796 1835 1836
3 1796 1836 1797
3 1797 1836 1837
3 1797 1837 1798
3 1798 1837 1838
3 1798 1838 1799
3 1799 1838 1839
3 1800 1840 1801
3 1801 1840 1841
3 1801 1841 1802
3 1802 1841 1842
3 1802 1842 1803
3 1803 1842 1843
3 1803 1843 1804
3 1804 1843 1844
3 1804 1844 1805
3 1805 1844 1845
3 1805 1845 1806
3 1806 1845 1846
3 1806 1846 1807
3 1807 1846 1847
3 1807 1847 1808
3 1808 1847 1848
3 1808 1848 1809
3 1809 1848 1849
3 1809 1849 1810
3 1810 1849 1850
3 1810 1850 1811
3 1811 1850 1851
3 1811 1851 1812
3 1812 1851 1852
3 1812 1852 1813
3 1813 1852 1853
3 1813 1853 1814
3 1814 1853 1854
3 1814 1854 1815
3 1815 1854 1855
3 1815 1855 1816
3 1816 1855 1856
3 1816 1856 1817
3 1817 1856 1857
3 1817 1857 1818
3 1818 1857 1858
3 1818 1858 1819
3 1819 1858 1859
3 1819 1859 1820
3 1820 1859 1860
3 1820 1860 1821
3 1821 1860 1861
3 1821 1861 1822
3 1822 1861 1862
3 1822 1862 1823
3 1823 1862 1863
3 1823 1863 1824
3 1824 1863 1864
3 1824 1864 1825
3 1825 1864 1865
3 1825 1865 1826
3 1826 1865 1866
3 1826 1866 1827
3 1827 1866 1867
3 1827 1867 1828
3 1828 1867 1868
3 1828 1868 1829
3 1829 1868 1869
3 1829 1869 1830
3 1830 1869 1870
3 1830 1870 1831
3 1831 1870 1871
3 1831 1871 1832
3 1832 1871 1872
3 1832 1872 1833
3 1833 1872 1873
3 1833 1873 1834
3 1834 1873 1874
3 1834 1874 1835
3 1835 1874 1875
3 1835 1875 1836
3 1836 1875 1876
3 1836 1876 1837
3 1837 1876 1877
3 1837 1877 1838
3 1838 1877 1878
3 1838 1878 1839
3 1839 1878 1879
3 1840 1880 1841
3 1841 1880 1881
3 1841 1881 1842
3 1842 1881 1882
3 1842 1882 1843
3 1843 1882 1883
3 1843 1883 1844
3 1844 1883 1884
3 1844 1884 1845
3 1845 1884 1885
3 1845 1885 1846
3 1846 1885 1886
3 1846 1886 1847
3 1847 1886 1887
3 1847 1887 1848
3 1848 1887 1888
3 1848 1888 1849
3 1849 1888 1889
3 1849 1889 1850
3 1850 1889 1890
3 1850 1890 1851
3 1851 1890 1891
3 1851 1891 1852
3 1852 1891 1892
3 1852 1892 1853
3 1853 1892 1893
3 1853 1893 1854
3 1854 1893 1894
3 1854 1894 1855
3 1855 1894 1895
3 1855 1895 1856
3 1856 1895 1896
3 1856 1896 1857
3 1857 1896 1897
3 1857 1897 1858
3 1858 1897 1898
3 1858 1898 1859
3 1859 1898 1899
3 1859 1899 1860
3 1860 1899 1900
3 1860 1900 1861
3 1861 1900 1901
3 1861 1901 1862
3 1862 1901 1902
3 1862 1902 1863
3 1863 1902 1903
3 1863 1903 1864
3 1864 1903 1904
3 1864 1904 1865
3 1865 1904 1905
3 1865 1905 1866
3 1866 1905 1906
3 1866 1906 1867
3 1867 1906 1907
3 1867 1907 1868
3 1868 1907 1908
3 1868 1908 1869
3 1869 1908 1909
3 1869 1909 1870
3 1870 1909 1910
3 1870 1910 1871
3 1871 1910 1911
3 1871 1911 1872
3 1872 1911 1912
3 1872 1912 1873
3 1873 1912 1913
3 1873 1913 1874
3 1874 1913 1914
3 1874 1914 1875
3 1875 1914 1915
3 1875 1915 1876
3 1876 1915 1916
3 1876 1916 1877
3 1877 1916 1917
3 1877 1917 1878
3 1878 1917 1918
3 1878 1918 1879
3 1879 1918 1919
3 1880 1920 1881
3 1881 1920 1921
3 1881 1921 1882
3 1882 1921 1922
3 1882 1922 1883
3 1883 1922 1923
3 1883 1923 1884
3 1884 1923 1924
3 1884 1924 1885
3 1885 1924 1925
3 1885 1925 1886
3 1886 1925 1926
3 1886 1926 1887
3 1887 1926 1927
3 1887 1927 1888
3 1888 1927 1928
3 1888 1928 1889
3 1889 1928 1929
3 1889 1929 1890
3 1890 1929 1930
3 1890 1930 1891
3 1891 1930 1931
3 1891 1931 1892
3 1892 1931 1932
3 1892 1932 1893
3 1893 1932 1933
3 1893 1933 1894
3 1894 1933 1934
3 1894 1934 1895
3 1895 1934 1935
3 1895 1935 1896
3 1896 1935 1936
3 1896 1936 1897
3 1897 1936 1937
3 1897 1937 1898
3 1898 1937 1938
3 1898 1938 1899
3 1899 1938 1939
3 1899 1939 1900
3 1900 1939 1940
3 1900 1940 1901
3 1901 1940 1941
3 1901 1941 1902
3 1902 1941 1942
3 1902 1942 1903
3 1903 1942 1943
3 1903 1943 1904
3 1904 1943 1944
3 1904 1944 1905
3 1905 1944 1945
3 1905 1945 1906
3 1906 1945 1946
3 1906 1946 1907
3 1907 1946 1947
3 1907 1947 1908
3 1908 1947 1948
3 1908 1948 1909
3 1909 1948 1949
3 1909 1949 1910
3 1910 1949 1950
3 1910 1950 1911
3 1911 1950 1951
3 1911 1951 1912
3 1912 1951 1952
3 1912 1952 1913
3 1913 1952 1953
3 1913 1953 1914
3 1914 1953 1954
3 1914 1954 1915
3 1915 1954 1955
3 1915 1955 1916
3 1916 1955 1956
3 1916 1956 1917
3 1917 1956 1957
3 1917 1957 1918
3 1918 1957 1958
3 1918 1958 1919
3 1919 1958 1959
3 1920 1960 1921
3 1921 1960 1961
3 1921 1961 1922
3 1922 1961 1962
3 1922 1962 1923
3 1923 1962 1963
3 1923 1963 1924
3 1924 1963 1964
3 1924 1964 1925
3 1925 1964 1965
3 1925 1965 1926
3 1926 1965 1966
3 1926 1966 1927
3 1927 1966 1967
3 1927 1967 1928
3 1928 1967 1968
3 1928 1968 1929
3 1929 1968 1969
3 1929 1969 1930
3 1930 1969 1970
3 1930 1970 1931
3 1931 1970 1971
3 1931 1971 1932
3 1932 1971 1972
3 1932 1972 1933
3 1933 1972 1973
3 1933 1973 1934
3 1934 1973 1974
3 1934 1974 1935
3 1935 1974 1975
3 1935 1975 1936
3 1936 1975 1976
3 1936 1976 1937
3 1937 1976 1977
3 1937 1977 1938
3 1938 1977 1978
3 1938 1978 1939
3 1939 1978 1979
3 1939 1979 1940
3 1940 1979 1980
3 1940 1980 1941
3 1941 1980 1981
3 1941 1981 1942
3 1942 1981 1982
3 1942 1982 1943
3 1943 1982 1983
3 1943 1983 1944
3 1944 1983 1984
3 1944 1984 1945
3 1945 1984 1985
3 1945 1985 1946
3 1946 1985 1986
3 1946 1986 1947
3 1947 1986 1987
3 1947 1987 1948
3 1948 1987 1988
3 1948 1988 1949
3 1949 1988 1989
3 1949 1989 1950
3 1950 1989 1990
3 1950 1990 1951
3 1951 1990 1991
3 1951 1991 1952
3 1952 1991 1992
3 1952 1992 1953
3 1953 1992 1993
3 1953 1993 1954
3 1954 1993 1994
3 1954 1994 1955
3 1955 1994 1995
3 1955 1995 1956
3 1956 1995 1996
3 1956 1996 1957
3 1957 1996 1997
3 1957 1997 1958
3 1958 1997 1998
3 1958 1998 1959
3 1959 1998 1999
3 1960 2000 1961
3 1961 2000 2001
3 1961 2001 1962
3 1962 2001 2002
3 1962 2002 1963
3 1963 2002 2003
3 1963 2003 1964
3 1964 2003 2004
3 1964 2004 1965
3 1965 2004 2005
3 1965 2005 1966
3 1966 2005 2006
3 1966 2006 1967
3 1967 2006 2007
3 1967 2007 1968
3 1968 2007 2008
3 1968 2008 1969
3 1969 2008 2009
3 1969 2009 1970
3 1970 2009 2010
3 1970 2010 1971
3 1971 2010 2011
3 1971 2011 1972
3 1972 2011 2012
3 1972 2012 1973
3 1973 2012 2013
3 1973 2013 1974
3 1974 2013 2014
3 1974 2014 1975
3 1975 2014 2015
3 1975 2015 1976
3 1976 2015 2016
3 1976 2016 1977
3 1977 2016 2017
3 1977 2017 1978
3 1978 2017 2018
3 1978 2018 1979
3 1979 2018 2019
3 1979 2019 1980
3 1980 2019 2020
3 1980 2020 1981
3 1981 2020 2021
3 1981 2021 1982
3 1982 2021 2022
3 1982 2022 1983
3 1983 2022 2023
3 1983 2023 1984
3 1984 2023 2024
3 1984 2024 1985
3 1985 2024 2025
3 1985 2025 1986
3 1986 2025 2026
3 1986 2026 1987
3 1987 2026 2027
3 1987 2027 1988
3 1988 2027 2028
3 1988 2028 1989
3 1989 2028 2029
3 1989 2029 1990
3 1990 2029 2030
3 1990 2030 1991
3 1991 2030 2031
3 1991 2031 1992
3 1992 2031 2032
3 1992 2032 1993
3 1993 2032 2033
3 1993 2033 1994
3 1994 2033 2034
3 1994 2034 1995
3 1995 2034 2035
3 1995 2035 1996
3 1996 2035 2036
3 1996 2036 1997
3 1997 2036 2037
3 1997 2037 1998
3 1998 2037 2038
3 1998 2038 1999
3 1999 2038 2039
3 2000 2040 2001
3 2001 2040 2041
3 2001 2041 2002
3 2002 2041 2042
3 2002 2042 2003
3 2003 2042 2043
3 2003 2043 2004
3 2004 2043 2044
3 2004 2044 2005
3 2005 2044 2045
3 2005 2045 2006
3 2006 2045 2046
3 2006 2046 2007
3 2007 2046 2047
3 2007 2047 2008
3 2008 2047 2048
3 2008 2048 2009
3 2009 2048 2049
3 2009 2049 2010
3 2010 2049 2050
3 2010 2050 2011
3 2011 2050 2051
3 2011 2051 2012
3 2012 2051 2052
3 2012 2052 2013
3 2013 2052 2053
3 2013 2053 2014
3 2014 2053 2054
3 2014 2054 2015
3 2015 2054 2055
3 2015 2055 2016
3 2016 2055 2056
3 2016 2056 2017
3 2017 2056 2057
3 2017 2057 2018
3 2018 2057 2058
3 2018 2058 2019
3 2019 2058 2059
3 2019 2059 2020
3 2020 2059 2060
3 2020 2060 2021
3 2021 2060 2061
3 2021 2061 2022
3 2022 2061 2062
3 2022 2062 2023
3 2023 2062 2063
3 2023 2063 2024
3 2024 2063 2064
3 2024 2064 2025
3 2025 2064 2065
3 2025 2065 2026
3 2026 2065 2066
3 2026 2066 2027
3 2027 2066 2067
3 2027 2067 2028
3 2028 2067 2068
3 2028 2068 2029
3 2029 2068 2069
3 2029 2069 2030
3 2030 2069 2070
3 2030 2070 2031
3 2031 2070 2071
3 2031 2071 2032
3 2032 2071 2072
3 2032 2072 2033
3 2033 2072 2073
3 2033 2073 2034
3 2034 2073 2074
3 2034 2074 2035
3 2035 2074 2075
3 2035 2075 2036
3 2036 2075 2076
3 2036 2076 2037
3 2037 2076 2077
3 2037 2077 2038
3 2038 2077 2078
3 2038 2078 2039
3 2039 2078 2079
3 2040 2080 2041
3 2041 2080 2081
3 2041 2081 2042
3 2042 2081 2082
3 2042 2082 2043
3 2043 2082 2083
3 2043 2083 2044
3 2044 2083 2084
3 2044 2084 2045
3 2045 2084 2085
3 2045 2085 2046
3 2046 2085 2086
3 2046 2086 2047
3 2047 2086 2087
3 2047 2087 2048
3 2048 2087 2088
3 2048 2088 2049
3 2049 2088 2089
3 2049 2089 2050
3 2050 2089 2090
3 2050 2090 2051
3 2051 2090 2091
3 2051 2091 2052
3 2052 2091 2092
3 2052 2092 2053
3 2053 2092 2093
3 2053 2093 2054
3 2054 2093 2094
3 2054 2094 2055
3 2055 2094 2095
3 2055 2095 2056
3 2056 2095 2096
3 2056 2096 2057
3 2057 2096 2097
3 2057 2097 2058
3 2058 2097 2098
3 2058 2098 2059
3 2059 2098 2099
3 2059 2099 2060
3 2060 2099 2100
3 2060 2100 2061
3 2061 2100 2101
3 2061 2101 2062
3 2062 2101 2102
3 2062 2102 2063
3 2063 2102 2103
3 2063 2103 2064
3 2064 2103 2104
3 2064 2104 2065
3 2065 2104 2105
3 2065 2105 2066
3 2066 2105 2106
3 2066 2106 2067
3 2067 2106 2107
3 2067 2107 2068
3 2068 2107 2108
3 2068 2108 2069
3 2069 2108 2109
3 2069 2109 2070
3 2070 2109 2110
3 2070 2110 2071
3 2071 2110 2111
3 2071 2111 2072
3 2072 2111 2112
3 2072 2112 2073
3 2073 2112 2113
3 2073 2113 2074
3 2074 2113 2114
3 2074 2114 2075
3 2075 2114 2115
3 2075 2115 2076
3 2076 2115 2116
3 2076 2116 2077
3 2077 2116 2117
3 2077 2117 2078
3 2078 2117 2118
3 2078 2118 2079
3 2079 2118 2119
3 2080 2120 2081
3 2081 2120 2121
3 2081 2121 2082
3 2082 2121 2122
3 2082 2122 2083
3 2083 2122 2123
3 2083 2123 2084
3 2084 2123 2124
3 2084 2124 2085
3 2085 2124 2125
3 2085 2125 2086
3 2086 2125 2126
3 2086 2126 2087
3 2087 2126 2127
3 2087 2127 2088
3 2088 2127 2128
3 2088 2128 2089
3 2089 2128 2129
3 2089 2129 2090
3 2090 2129 2130
3 2090 2130 2091
3 2091 2130 2131
3 2091 2131 2092
3 2092 2131 2132
3 2092 2132 2093
3 2093 2132 2133
3 2093 2133 2094
3 2094 2133 2134
3 2094 2134 2095
3 2095 2134 2135
3 2095 2135 2096
3 2096 2135 2136
3 2096 2136 2097
3 2097 2136 2137
3 2097 2137 2098
3 2098 2137 2138
3 2098 2138 2099
3 2099 2138 2139
3 2099 2139 2100
3 2100 2139 2140
3 2100 2140 2101
3 2101 2140 2141
3 2101 2141 2102
3 2102 2141 2142
3 2102 2142 2103
3 2103 2142 2143
3 2103 2143 2104
3 2104 2143 2144
3 2104 2144 2105
3 2105 2144 2145
3 2105 2145 2106
3 2106 2145 2146
3 2106 2146 2107
3 2107 2146 2147
3 2107 2147 2108
3 2108 2147 2148
3 2108 2148 2109
3 2109 2148 2149
3 2109 2149 2110
3 2110 2149 2150
3 2110 2150 2111
3 2111 2150 2151
3 2111 2151 2112
3 2112 2151 2152
3 2112 2152 2113
3 2113 2152 2153
3 2113 2153 2114
3 2114 2153 2154
3 2114 2154 2115
3 2115 2154 2155
3 2115 2155 2116
3 2116 2155 2156
3 2116 2156 2117
3 2117 2156 2157
3 2117 2157 2118
3 2118 2157 2158
3 2118 2158 2119
3 2119 2158 2159
3 2120 2160 2121
3 2121 2160 2161
3 2121 2161 2122
3 2122 2161 2162
3 2122 2162 2123
3 2123 2162 2163
3 2123 2163 2124
3 2124 2163 2164
3 2124 2164 2125
3 2125 2164 2165
3 2125 2165 2126
3 2126 2165 2166
3 2126 2166 2127
3 2127 2166 2167
3 2127 2167 2128
3 2128 2167 2168
3 2128 2168 2129
3 2129 2168 2169
3 2129 2169 2130
3 2130 2169 2170
3 2130 2170 2131
3 2131 2170 2171
3 2131 2171 2132
3 2132 2171 2172
3 2132 2172 2133
3 2133 2172 2173
3 2133 2173 2134
3 2134 2173 2174
3 2134 2174 2135
3 2135 2174 2175
3 2135 2175 2136
3 2136 2175 2176
3 2136 2176 2137
3 2137 2176 2177
3 2137 2177 2138
3 2138 2177 2178
3 2138 2178 2139
3 2139 2178 2179
3 2139 2179 2140
3 2140 2179 2180
3 2140 2180 2141
3 2141 2180 2181
3 2141 2181 2142
3 2142 2181 2182
3 2142 2182 2143
3 2143 2182 2183
3 2143 2183 2144
3 2144 2183 2184
3 2144 2184 2145
3 2145 2184 2185
3 2145 2185 2146
3 2146 2185 2186
3 2146 2186 2147
3 2147 2186 2187
3 2147 2187 2148
3 2148 2187 2188
3 2148 2188 2149
3 2149 2188 2189
3 2149 2189 2150
3 2150 2189 2190
3 2150 2190 2151
3 2151 2190 2191
3 2151 2191 2152
3 2152 2191 2192
3 2152 2192 2153
3 2153 2192 2193
3 2153 2193 2154
3 2154 2193 2194
3 2154 2194 2155
3 2155 2194 2195
3 2155 2195 2156
3 2156 2195 2196
3 2156 2196 2157
3 2157 2196 2197
3 2157 2197 2158
3 2158 2197 2198
3 2158 2198 2159
3 2159 2198 2199
3 2160 2200 2161
3 2161 2200 2201
3 2161 2201 2162
3 2162 2201 2202
3 2162 2202 2163
3 2163 2202 2203
3 2163 2203 2164
3 2164 2203 2204
3 2164 2204 2165
3 2165 2204 2205
3 2165 2205 2166
3 2166 2205 2206
3 2166 2206 2167
3 2167 2206 2207
3 2167 2207 2168
3 2168 2207 2208
3 2168 2208 2169
3 2169 2208 2209
3 2169 2209 2170
3 2170 2209 2210
3 2170 2210 2171
3 2171 2210 2211
3 2171 2211 2172
3 2172 2211 2212
3 2172 2212 2173
3 2173 2212 2213
3 2173 2213 2174
3 2174 2213 2214
3 2174 2214 2175
3 2175 2214 2215
3 2175 2215 2176
3 2176 2215 2216
3 2176 2216 2177
3 2177 2216 2217
3 2177 2217 2178
3 2178 2217 2218
3 2178 2218 2179
3 2179 2218 2219
3 2179 2219 2180
3 2180 2219 2220
3 2180 2220 2181
3 2181 2220 2221
3 2181 2221 2182
3 2182 2221 2222
3 2182 2222 2183
3 2183 2222 2223
3 2183 2223 2184
3 2184 2223 2224
3 2184 2224 2185
3 2185 2224 2225
3 2185 2225 2186
3 2186 2225 2226
3 2186 2226 2187
3 2187 2226 2227
3 2187 2227 2188
3 2188 2227 2228
3 2188 2228 2189
3 2189 2228 2229
3 2189 2229 2190
3 2190 2229 2230
3 2190 2230 2191
3 2191 2230 2231
3 2191 2231 2192
3 2192 2231 2232
3 2192 2232 2193
3 2193 2232 2233
3 2193 2233 2194
3 2194 2233 2234
3 2194 2234 2195
3 2195 2234 2235
3 2195 2235 2196
3 2196 2235 2236
3 2196 2236 2197
3 2197 2236 2237
3 2197 2237 2198
3 2198 2237 2238
3 2198 2238 2199
3 2199 2238 2239
3 2200 2240 2201
3 2201 2240 2241
3 2201 2241 2202
3 2202 2241 2242
3 2202 2242 2203
3 2203 2242 2243
3 2203 2243 2204
3 2204 2243 2244
3 2204 2244 2205
3 2205 2244 2245
3 2205 2245 2206
3 2206 2245 2246
3 2206 2246 2207
3 2207 2246 2247
3 2207 2247 2208
3 2208 2247 2248
3 2208 2248 2209
3 2209 2248 2249
3 2209 2249 2210
3 2210 2249 2250
3 2210 2250 2211
3 2211 2250 2251
3 2211 2251 2212
3 2212 2251 2252
3 2212 2252 2213
3 2213 2252 2253
3 2213 2253 2214
3 2214 2253 2254
3 2214 2254 2215
3 2215 2254 2255
3 2215 2255 2216
3 2216 2255 2256
3 2216 2256 2217
3 2217 2256 2257
3 2217 2257 2218
3 2218 2257 2258
3 2218 2258 2219
3 2219 2258 2259
3 2219 2259 2220
3 2220 2259 2260
3 2220 2260 2221
3 2221 2260 2261
3 2221 2261 2222
3 2222 2261 2262
3 2222 2262 2223
3 2223 2262 2263
3 2223 2263 2224
3 2224 2263 2264
3 2224 2264 2225
3 2225 2264 2265
3 2225 2265 2226
3 2226 2265 2266
3 2226 2266 2227
3 2227 2266 2267
3 2227 2267 2228
3 2228 2267 2268
3 2228 2268 2229
3 2229 2268 2269
3 2229 2269 2230
3 2230 2269 2270
3 2230 2270 2231
3 2231 2270 2271
3 2231 2271 2232
3 2232 2271 2272
3 2232 2272 2233
3 2233 2272 2273
3 2233 2273 2234
3 2234 2273 2274
3 2234 2274 2235
3 2235 2274 2275
3 2235 2275 2236
3 2236 2275 2276
3 2236 2276 2237
3 2237 2276 2277
3 2237 2277 2238
3 2238 2277 2278
3 2238 2278 2239
3 2239 2278 2279
3 2240 2280 2241
3 2241 2280 2281
3 2241 2281 2242
3 2242 2281 2282
3 2242 2282 2243
3 2243 2282 2283
3 2243 2283 2244
3 2244 2283 2284
3 2244 2284 2245
3 2245 2284 2285
3 2245 2285 2246
3 2246 2285 2286
3 2246 2286 2247
3 2247 2286 2287
3 2247 2287 2248
3 2248 2287 2288
3 2248 2288 2249
3 2249 2288 2289
3 2249 2289 2250
3 2250 2289 2290
3 2250 2290 2251
3 2251 2290 2291
3 2251 2291 2252
3 2252 2291 2292
3 2252 2292 2253
3 2253 2292 2293
3 2253 2293 2254
3 2254 2293 2294
3 2254 2294 2255
3 2255 2294 2295
3 2255 2295 2256
3 2256 2295 2296
3 2256 2296 2257
3 2257 2296 2297
3 2257 2297 2258
3 2258 2297 2298
3 2258 2298 2259
3 2259 2298 2299
3 2259 2299 2260
3 2260 2299 2300
3 2260 2300 2261
3 2261 2300 2301
3 2261 2301 2262
3 2262 2301 2302
3 2262 2302 2263
3 2263 2302 2303
3 2263 2303 2264
3 2264 2303 2304
3 2264 2304 2265
3 2265 2304 2305
3 2265 2305 2266
3 2266 2305 2306
3 2266 2306 2267
3 2267 2306 2307
3 2267 2307 2268
3 2268 2307 2308
3 2268 2308 2269
3 2269 2308 2309
3 2269 2309 2270
3 2270 2309 2310
3 2270 2310 2271
3 2271 2310 2311
3 2271 2311 2272
3 2272 2311 2312
3 2272 2312 2273
3 2273 2312 2313
3 2273 2313 2274
3 2274 2313 2314
3 2274 2314 2275
3 2275 2314 2315
3 2275 2315 2276
3 2276 2315 2316
3 2276 2316 2277
3 2277 2316 2317
3 2277 2317 2278
3 2278 2317 2318
3 2278 2318 2279
3 2279 2318 2319
3 2280 2320 2281
3 2281 2320 2321
3 2281 2321 2282
3 2282 2321 2322
3 2282 2322 2283
3 2283 2322 2323
3 2283 2323 2284
3 2284 2323 2324
3 2284 2324 2285
3 2285 2324 2325
3 2285 2325 2286
3 2286 2325 2326
3 2286 2326 2287
3 2287 2326 2327
3 2287 2327 2288
3 2288 2327 2328
3 2288 2328 2289
3 2289 2328 2329
3 2289 2329 2290
3 2290 2329 2330
3 2290 2330 2291
3 2291 2330 2331
3 2291 2331 2292
3 2292 2331 2332
3 2292 2332 2293
3 2293 2332 2333
3 2293 2333 2294
3 2294 2333 2334
3 2294 2334 2295
3 2295 2334 2335
3 2295 2335 2296
3 2296 2335 2336
3 2296 2336 2297
3 2297 2336 2337
3 2297 2337 2298
3 2298 2337 2338
3 2298 2338 2299
3 2299 2338 2339
3 2299 2339 2300
3 2300 2339 2340
3 2300 2340 2301
3 2301 2340 2341
3 2301 2341 2302
3 2302 2341 2342
3 2302 2342 2303
3 2303 2342 2343
3 2303 2343 2304
3 2304 2343 2344
3 2304 2344 2305
3 2305 2344 2345
3 2305 2345 2306
3 2306 2345 2346
3 2306 2346 2307
3 2307 2346 2347
3 2307 2347 2308
3 2308 2347 2348
3 2308 2348 2309
3 2309 2348 2349
3 2309 2349 2310
3 2310 2349 2350
3 2310 2350 2311
3 2311 2350 2351
3 2311 2351 2312
3 2312 2351 2352
3 2312 2352 2313
3 2313 2352 2353
3 2313 2353 2314
3 2314 2353 2354
3 2314 2354 2315
3 2315 2354 2355
3 2315 2355 2316
3 2316 2355 2356
3 2316 2356 2317
3 2317 2356 2357
3 2317 2357 2318
3 2318 2357 2358
3 2318 2358 2319
3 2319 2358 2359
3 2320 2360 2321
3 2321 2360 2361
3 2321 2361 2322
3 2322 2361 2362
3 2322 2362 2323
3 2323 2362 2363
3 2323 2363 2324
3 2324 2363 2364
3 2324 2364 2325
3 2325 2364 2365
3 2325 2365 2326
3 2326 2365 2366
3 2326 2366 2327
3 2327 2366 2367
3 2327 2367 2328
3 2328 2367 2368
3 2328 2368 2329
3 2329 2368 2369
3 2329 2369 2330
3 2330 2369 2370
3 2330 2370 2331
3 2331 2370 2371
3 2331 2371 2332
3 2332 2371 2372
3 2332 2372 2333
3 2333 2372 2373
3 2333 2373 2334
3 2334 2373 2374
3 2334 2374 2335
3 2335 2374 2375
3 2335 2375 2336
3 2336 2375 2376
3 2336 2376 2337
3 2337 2376 2377
3 2337 2377 2338
3 2338 2377 2378
3 2338 2378 2339
3 2339 2378 2379
3 2339 2379 2340
3 2340 2379 2380
3 2340 2380 2341
3 2341 2380 2381
3 2341 2381 2342
3 2342 2381 2382
3 2342 2382 2343
3 2343 2382 2383
3 2343 2383 2344
3 2344 2383 2384
3 2344 2384 2345
3 2345 2384 2385
3 2345 2385 2346
3 2346 2385 2386
3 2346 2386 2347
3 2347 2386 2387
3 2347 2387 2348
3 2348 2387 2388
3 2348 2388 2349
3 2349 2388 2389
3 2349 2389 2350
3 2350 2389 2390
3 2350 2390 2351
3 2351 2390 2391
3 2351 2391 2352
3 2352 2391 2392
3 2352 2392 2353
3 2353 2392 2393
3 2353 2393 2354
3 2354 2393 2394
3 2354 2394 2355
3 2355 2394 2395
3 2355 2395 2356
3 2356 2395 2396
3 2356 2396 2357
3 2357 2396 2397
3 2357 2397 2358
3 2358 2397 2398
3 2358 2398 2359
3 2359 2398 2399
3 2360 2400 2361
3 2361 2400 2401
3 2361 2401 2362
3 2362 2401 2402
3 2362 2402 2363
3 2363 2402 2403
3 2363 2403 2364
3 2364 2403 2404
3 2364 2404 2365
3 2365 2404 2405
3 2365 2405 2366
3 2366 2405 2406
3 2366 2406 2367
3 2367 2406 2407
3 2367 2407 2368
3 2368 2407 2408
3 2368 2408 2369
3 2369 2408 2409
3 2369 2409 2370
3 2370 2409 2410
3 2370 2410 2371
3 2371 2410 2411
3 2371 2411 2372
3 2372 2411 2412
3 2372 2412 2373
3 2373 2412 2413
3 2373 2413 2374
3 2374 2413 2414
3 2374 2414 2375
3 2375 2414 2415
3 2375 2415 2376
3 2376 2415 2416
3 2376 2416 2377
3 2377 2416 2417
3 2377 2417 2378
3 2378 2417 2418
3 2378 2418 2379
3 2379 2418 2419
3 2379 2419 2380
3 2380 2419 2420
3 2380 2420 2381
3 2381 2420 2421
3 2381 2421 2382
3 2382 2421 2422
3 2382 2422 2383
3 2383 2422 2423
3 2383 2423 2384
3 2384 2423 2424
3 2384 2424 2385
3 2385 2424 2425
3 2385 2425 2386
3 2386 2425 2426
3 2386 2426 2387
3 2387 2426 2427
3 2387 2427 2388
3 2388 2427 2428
3 2388 2428 2389
3 2389 2428 2429
3 2389 2429 2390
3 2390 2429 2430
3 2390 2430 2391
3 2391 2430 2431
3 2391 2431 2392
3 2392 2431 2432
3 2392 2432 2393
3 2393 2432 2433
3 2393 2433 2394
3 2394 2433 2434
3 2394 2434 2395
3 2395 2434 2435
3 2395 2435 2396
3 2396 2435 2436
3 2396 2436 2397
3 2397 2436 2437
3 2397 2437 2398
3 2398 2437 2438
3 2398 2438 2399
3 2399 2438 2439
3 2400 2440 2401
3 2401 2440 2441
3 2401 2441 2402
3 2402 2441 2442
3 2402 2442 2403
3 2403 2442 2443
3 2403 2443 2404
3 2404 2443 2444
3 2404 2444 2405
3 2405 2444 2445
3 2405 2445 2406
3 2406 2445 2446
3 2406 2446 2407
3 2407 2446 2447
3 2407 2447 2408
3 2408 2447 2448
3 2408 2448 2409
3 2409 2448 2449
3 2409 2449 2410
3 2410 2449 2450
3 2410 2450 2411
3 2411 2450 2451
3 2411 2451 2412
3 2412 2451 2452
3 2412 2452 2413
3 2413 2452 2453
3 2413 2453 2414
3 2414 2453 2454
3 2414 2454 2415
3 2415 2454 2455
3 2415 2455 2416
3 2416 2455 2456
3 2416 2456 2417
3 2417 2456 2457
3 2417 2457 2418
3 2418 2457 2458
3 2418 2458 2419
3 2419 2458 2459
3 2419 2459 2420
3 2420 2459 2460
3 2420 2460 2421
3 2421 2460 2461
3 2421 2461 2422
3 2422 2461 2462
3 2422 2462 2423
3 2423 2462 2463
3 2423 2463 2424
3 2424 2463 2464
3 2424 2464 2425
3 2425 2464 2465
3 2425 2465 2426
3 2426 2465 2466
3 2426 2466 2427
3 2427 2466 2467
3 2427 2467 2428
3 2428 2467 2468
3 2428 2468 2429
3 2429 2468 2469
3 2429 2469 2430
3 2430 2469 2470
3 2430 2470 2431
3 2431 2470 2471
3 2431 2471 2432
3 2432 2471 2472
3 2432 2472 2433
3 2433 2472 2473
3 2433 2473 2434
3 2434 2473 2474
3 2434 2474 2435
3 2435 2474 2475
3 2435 2475 2436
3 2436 2475 2476
3 2436 2476 2437
3 2437 2476 2477
3 2437 2477 2438
3 2438 2477 2478
3 2438 2478 2439
3 2439 2478 2479
3 2440 2480 2441
3 2441 2480 2481
3 2441 2481 2442
3 2442 2481 2482
3 2442 2482 2443
3 2443 2482 2483
3 2443 2483 2444
3 2444 2483 2484
3 2444 2484 2445
3 2445 2484 2485
3 2445 2485 2446
3 2446 2485 2486
3 2446 2486 2447
3 2447 2486 2487
3 2447 2487 2448
3 2448 2487 2488
3 2448 2488 2449
3 2449 2488 2489
3 2449 2489 2450
3 2450 2489 2490
3 2450 2490 2451
3 2451 2490 2491
3 2451 2491 2452
3 2452 2491 2492
3 2452 2492 2453
3 2453 2492 2493
3 2453 2493 2454
3 2454 2493 2494
3 2454 2494 2455
3 2455 2494 2495
3 2455 2495 2456
3 2456 2495 2496
3 2456 2496 2457
3 2457 2496 2497
3 2457 2497 2458
3 2458 2497 2498
3 2458 2498 2459
3 2459 2498 2499
3 2459 2499 2460
3 2460 2499 2500
3 2460 2500 2461
3 2461 2500 2501
3 2461 2501 2462
3 2462 2501 2502
3 2462 2502 2463
3 2463 2502 2503
3 2463 2503 2464
3 2464 2503 2504
3 2464 2504 2465
3 2465 2504 2505
3 2465 2505 2466
3 2466 2505 2506
3 2466 2506 2467
3 2467 2506 2507
3 2467 2507 2468
3 2468 2507 2508
3 2468 2508 2469
3 2469 2508 2509
3 2469 2509 2470
3 2470 2509 2510
3 2470 2510 2471
3 2471 2510 2511
3 2471 2511 2472
3 2472 2511 2512
3 2472 2512 2473
3 2473 2512 2513
3 2473 2513 2474
3 2474 2513 2514
3 2474 2514 2475
3 2475 2514 2515
3 2475 2515 2476
3 2476 2515 2516
3 2476 2516 2477
3 2477 2516 2517
3 2477 2517 2478
3 2478 2517 2518
3 2478 2518 2479
3 2479 2518 2519
3 2480 2520 2481
3 2481 2520 2521
3 2481 2521 2482
3 2482 2521 2522
3 2482 2522 2483
3 2483 2522 2523
3 2483 2523 2484
3 2484 2523 2524
3 2484 2524 2485
3 2485 2524 2525
3 2485 2525 2486
3 2486 2525 2526
3 2486 2526 2487
3 2487 2526 2527
3 2487 2527 2488
3 2488 2527 2528
3 2488 2528 2489
3 2489 2528 2529
3 2489 2529 2490
3 2490 2529 2530
3 2490 2530 2491
3 2491 2530 2531
3 2491 2531 2492
3 2492 2531 2532
3 2492 2532 2493
3 2493 2532 2533
3 2493 2533 2494
3 2494 2533 2534
3 2494 2534 2495
3 2495 2534 2535
3 2495 2535 2496
3 2496 2535 2536
3 2496 2536 2497
3 2497 2536 2537
3 2497 2537 2498
3 2498 2537 2538
3 2498 2538 2499
3 2499 2538 2539
3 2499 2539 2500
3 2500 2539 2540
3 2500 2540 2501
3 2501 2540 2541
3 2501 2541 2502
3 2502 2541 2542
3 2502 2542 2503
3 2503 2542 2543
3 2503 2543 2504
3 2504 2543 2544
3 2504 2544 2505
3 2505 2544 2545
3 2505 2545 2506
3 2506 2545 2546
3 2506 2546 2507
3 2507 2546 2547
3 2507 2547 2508
3 2508 2547 2548
3 2508 2548 2509
3 2509 2548 2549
3 2509 2549 2510
3 2510 2549 2550
3 2510 2550 2511
3 2511 2550 2551
3 2511 2551 2512
3 2512 2551 2552
3 2512 2552 2513
3 2513 2552 2553
3 2513 2553 2514
3 2514 2553 2554
3 2514 2554 2515
3 2515 2554 2555
3 2515 2555 2516
3 2516 2555 2556
3 2516 2556 2517
3 2517 2556 2557
3 2517 2557 2518
3 2518 2557 2558
3 2518 2558 2519
3 2519 2558 2559
3 2520 2560 2521
3 2521 2560 2561
3 2521 2561 2522
3 2522 2561 2562
3 2522 2562 2523
3 2523 2562 2563
3 2523 2563 2524
3 2524 2563 2564
3 2524 2564 2525
3 2525 2564 2565
3 2525 2565 2526
3 2526 2565 2566
3 2526 2566 2527
3 2527 2566 2567
3 2527 2567 2528
3 2528 2567 2568
3 2528 2568 2529
3 2529 2568 2569
3 2529 2569 2530
3 2530 2569 2570
3 2530 2570 2531
3 2531 2570 2571
3 2531 2571 2532
3 2532 2571 2572
3 2532 2572 2533
3 2533 2572 2573
3 2533 2573 2534
3 2534 2573 2574
3 2534 2574 2535
3 2535 2574 2575
3 2535 2575 2536
3 2536 2575 2576
3 2536 2576 2537
3 2537 2576 2577
3 2537 2577 2538
3 2538 2577 2578
3 2538 2578 2539
3 2539 2578 2579
3 2539 2579 2540
3 2540 2579 2580
3 2540 2580 2541
3 2541 2580 2581
3 2541 2581 2542
3 2542 2581 2582
3 2542 2582 2543
3 2543 2582 2583
3 2543 2583 2544
3 2544 2583 2584
3 2544 2584 2545
3 2545 2584 2585
3 2545 2585 2546
3 2546 2585 2586
3 2546 2586 2547
3 2547 2586 2587
3 2547 2587 2548
3 2548 2587 2588
3 2548 2588 2549
3 2549 2588 2589
3 2549 2589 2550
3 2550 2589 2590
3 2550 2590 2551
3 2551 2590 2591
3 2551 2591 2552
3 2552 2591 2592
3 2552 2592 2553
3 2553 2592 2593
3 2553 2593 2554
3 2554 2593 2594
3 2554 2594 2555
3 2555 2594 2595
3 2555 2595 2556
3 2556 2595 2596
3 2556 2596 2557
3 2557 2596 2597
3 2557 2597 2558
3 2558 2597 2598
3 2558 2598 2559
3 2559 2598 2599
3 2560 2600 2561
3 2561 2600 2601
3 2561 2601 2562
3 2562 2601 2602
3 2562 2602 2563
3 2563 2602 2603
3 2563 2603 2564
3 2564 2603 2604
3 2564 2604 2565
3 2565 2604 2605
3 2565 2605 2566
3 2566 2605 2606
3 2566 2606 2567
3 2567 2606 2607
3 2567 2607 2568
3 2568 2607 2608
3 2568 2608 2569
3 2569 2608 2609
3 2569 2609 2570
3 2570 2609 2610
3 2570 2610 2571
3 2571 2610 2611
3 2571 2611 2572
3 2572 2611 2612
3 2572 2612 2573
3 2573 2612 2613
3 2573 2613 2574
3 2574 2613 2614
3 2574 2614 2575
3 2575 2614 2615
3 2575 2615 2576
3 2576 2615 2616
3 2576 2616 2577
3 2577 2616 2617
3 2577 2617 2578
3 2578 2617 2618
3 2578 2618 2579
3 2579 2618 2619
3 2579 2619 2580
3 2580 2619 2620
3 2580 2620 2581
3 2581 2620 2621
3 2581 2621 2582
3 2582 2621 2622
3 2582 2622 2583
3 2583 2622 2623
3 2583 2623 2584
3 2584 2623 2624
3 2584 2624 2585
3 2585 2624 2625
3 2585 2625 2586
3 2586 2625 2626
3 2586 2626 2587
3 2587 2626 2627
3 2587 2627 2588
3 2588 2627 2628
3 2588 2628 2589
3 2589 2628 2629
3 2589 2629 2590
3 2590 2629 2630
3 2590 2630 2591
3 2591 2630 2631
3 2591 2631 2592
3 2592 2631 2632
3 2592 2632 2593
3 2593 2632 2633
3 2593 2633 2594
3 2594 2633 2634
3 2594 2634 2595
3 2595 2634 2635
3 2595 2635 2596
3 2596 2635 2636
3 2596 2636 2597
3 2597 2636 2637
3 2597 2637 2598
3 2598 2637 2638
3 2598 2638 2599
3 2599 2638 2639
3 2600 2640 2601
3 2601 2640 2641
3 2601 2641 2602
3 2602 2641 2642
3 2602 2642 2603
3 2603 2642 2643
3 2603 2643 2604
3 2604 2643 2644
3 2604 2644 2605
3 2605 2644 2645
3 2605 2645 2606
3 2606 2645 2646
3 2606 2646 2607
3 2607 2646 2647
3 2607 2647 2608
3 2608 2647 2648
3 2608 2648 2609
3 2609 2648 2649
3 2609 2649 2610
3 2610 2649 2650
3 2610 2650 2611
3 2611 2650 2651
3 2611 2651 2612
3 2612 2651 2652
3 2612 2652 2613
3 2613 2652 2653
3 2613 2653 2614
3 2614 2653 2654
3 2614 2654 2615
3 2615 2654 2655
3 2615 2655 2616
3 2616 2655 2656
3 2616 2656 2617
3 2617 2656 2657
3 2617 2657 2618
3 2618 2657 2658
3 2618 2658 2619
3 2619 2658 2659
3 2619 2659 2620
3 2620 2659 2660
3 2620 2660 2621
3 2621 2660 2661
3 2621 2661 2622
3 2622 2661 2662
3 2622 2662 2623
3 2623 2662 2663
3 2623 2663 2624
3 2624 2663 2664
3 2624 2664 2625
3 2625 2664 2665
3 2625 2665 2626
3 2626 2665 2666
3 2626 2666 2627
3 2627 2666 2667
3 2627 2667 2628
3 2628 2667 2668
3 2628 2668 2629
3 2629 2668 2669
3 2629 2669 2630
3 2630 2669 2670
3 2630 2670 2631
3 2631 2670 2671
3 2631 2671 2632
3 2632 2671 2672
3 2632 2672 2633
3 2633 2672 2673
3 2633 2673 2634
3 2634 2673 2674
3 2634 2674 2635
3 2635 2674 2675
3 2635 2675 2636
3 2636 2675 2676
3 2636 2676 2637
3 2637 2676 2677
3 2637 2677 2638
3 2638 2677 2678
3 2638 2678 2639
3 2639 2678 2679
3 2640 2680 2641
3 2641 2680 2681
3 2641 2681 2642
3 2642 2681 2682
3 2642 2682 2643
3 2643 2682 2683
3 2643 2683 2644
3 2644 2683 2684
3 2644 2684 2645
3 2645 2684 2685
3 2645 2685 2646
3 2646 2685 2686
3 2646 2686 2647
3 2647 2686 2687
3 2647 2687 2648
3 2648 2687 2688
3 2648 2688 2649
3 2649 2688 2689
3 2649 2689 2650
3 2650 2689 2690
3 2650 2690 2651
3 2651 2690 2691
3 2651 2691 2652
3 2652 2691 2692
3 2652 2692 2653
3 2653 2692 2693
3 2653 2693 2654
3 2654 2693 2694
3 2654 2694 2655
3 2655 2694 2695
3 2655 2695 2656
3 2656 2695 2696
3 2656 2696 2657
3 2657 2696 2697
3 2657 2697 2658
3 2658 2697 2698
3 2658 2698 2659
3 2659 2698 2699
3 2659 2699 2660
3 2660 2699 2700
3 2660 2700 2661
3 2661 2700 2701
3 2661 2701 2662
3 2662 2701 2702
3 2662 2702 2663
3 2663 2702 2703
3 2663 2703 2664
3 2664 2703 2704
3 2664 2704 2665
3 2665 2704 2705
3 2665 2705 2666
3 2666 2705 2706
3 2666 2706 2667
3 2667 2706 2707
3 2667 2707 2668
3 2668 2707 2708
3 2668 2708 2669
3 2669 2708 2709
3 2669 2709 2670
3 2670 2709 2710
3 2670 2710 2671
3 2671 2710 2711
3 2671 2711 2672
3 2672 2711 2712
3 2672 2712 2673
3 2673 2712 2713
3 2673 2713 2674
3 2674 2713 2714
3 2674 2714 2675
3 2675 2714 2715
3 2675 2715 2676
3 2676 2715 2716
3 2676 2716 2677
3 2677 2716 2717
3 2677 2717 2678
3 2678 2717 2718
3 2678 2718 2679
3 2679 2718 2719
3 2680 2720 2681
3 2681 2720 2721
3 2681 2721 2682
3 2682 2721 2722
3 2682 2722 2683
3 2683 2722 2723
3 2683 2723 2684
3 2684 2723 2724
3 2684 2724 2685
3 2685 2724 2725
3 2685 2725 2686
3 2686 2725 2726
3 2686 2726 2687
3 2687 2726 2727
3 2687 2727 2688
3 2688 2727 2728
3 2688 2728 2689
3 2689 2728 2729
3 2689 2729 2690
3 2690 2729 2730
3 2690 2730 2691
3 2691 2730 2731
3 2691 2731 2692
3 2692 2731 2732
3 2692 2732 2693
3 2693 2732 2733
3 2693 2733 2694
3 2694 2733 2734
3 2694 2734 2695
3 2695 2734 2735
3 2695 2735 2696
3 2696 2735 2736
3 2696 2736 2697
3 2697 2736 2737
3 2697 2737 2698
3 2698 2737 2738
3 2698 2738 2699
3 2699 2738 2739
3 2699 2739 2700
3 2700 2739 2740
3 2700 2740 2701
3 2701 2740 2741
3 2701 2741 2702
3 2702 2741 2742
3 2702 2742 2703
3 2703 2742 2743
3 2703 2743 2704
3 2704 2743 2744
3 2704 2744 2705
3 2705 2744 2745
3 2705 2745 2706
3 2706 2745 2746
3 2706 2746 2707
3 2707 2746 2747
3 2707 2747 2708
3 2708 2747 2748
3 2708 2748 2709
3 2709 2748 2749
3 2709 2749 2710
3 2710 2749 2750
3 2710 2750 2711
3 2711 2750 2751
3 2711 2751 2712
3 2712 2751 2752
3 2712 2752 2713
3 2713 2752 2753
3 2713 2753 2714
3 2714 2753 2754
3 2714 2754 2715
3 2715 2754 2755
3 2715 2755 2716
3 2716 2755 2756
3 2716 2756 2717
3 2717 2756 2757
3 2717 2757 2718
3 2718 2757 2758
3 2718 2758 2719
3 2719 2758 2759
3 2720 2760 2721
3 2721 2760 2761
3 2721 2761 2722
3 2722 2761 2762
3 2722 2762 2723
3 2723 2762 2763
3 2723 2763 2724
3 2724 2763 2764
3 2724 2764 2725
3 2725 2764 2765
3 2725 2765 2726
3 2726 2765 2766
3 2726 2766 2727
3 2727 2766 2767
3 2727 2767 2728
3 2728 2767 2768
3 2728 2768 2729
3 2729 2768 2769
3 2729 2769 2730
3 2730 2769 2770
3 2730 2770 2731
3 2731 2770 2771
3 2731 2771 2732
3 2732 2771 2772
3 2732 2772 2733
3 2733 2772 2773
3 2733 2773 2734
3 2734 2773 2774
3 2734 2774 2735
3 2735 2774 2775
3 2735 2775 2736
3 2736 2775 2776
3 2736 2776 2737
3 2737 2776 2777
3 2737 2777 2738
3 2738 2777 2778
3 2738 2778 2739
3 2739 2778 2779
3 2739 2779 2740
3 2740 2779 2780
3 2740 2780 2741
3 2741 2780 2781
3 2741 2781 2742
3 2742 2781 2782
3 2742 2782 2743
3 2743 2782 2783
3 2743 2783 2744
3 2744 2783 2784
3 2744 2784 2745
3 2745 2784 2785
3 2745 2785 2746
3 2746 2785 2786
3 2746 2786 2747
3 2747 2786 2787
3 2747 2787 2748
3 2748 2787 2788
3 2748 2788 2749
3 2749 2788 2789
3 2749 2789 2750
3 2750 2789 2790
3 2750 2790 2751
3 2751 2790 2791
3 2751 2791 2752
3 2752 2791 2792
3 2752 2792 2753
3 2753 2792 2793
3 2753 2793 2754
3 2754 2793 2794
3 2754 2794 2755
3 2755 2794 2795
3 2755 2795 2756
3 2756 2795 2796
3 2756 2796 2757
3 2757 2796 2797
3 2757 2797 2758
3 2758 2797 2798
3 2758 2798 2759
3 2759 2798 2799
3 2760 2800 2761
3 2761 2800 2801
3 2761 2801 2762
3 2762 2801 2802
3 2762 2802 2763
3 2763 2802 2803
3 2763 2803 2764
3 2764 2803 2804
3 2764 2804 2765
3 2765 2804 2805
3 2765 2805 2766
3 2766 2805 2806
3 2766 2806 2767
3 2767 2806 2807
3 2767 2807 2768
3 2768 2807 2808
3 2768 2808 2769
3 2769 2808 2809
3 2769 2809 2770
3 2770 2809 2810
3 2770 2810 2771
3 2771 2810 2811
3 2771 2811 2772
3 2772 2811 2812
3 2772 2812 2773
3 2773 2812 2813
3 2773 2813 2774
3 2774 2813 2814
3 2774 2814 2775
3 2775 2814 2815
3 2775 2815 2776
3 2776 2815 2816
3 2776 2816 2777
3 2777 2816 2817
3 2777 2817 2778
3 2778 2817 2818
3 2778 2818 2779
3 2779 2818 2819
3 2779 2819 2780
3 2780 2819 2820
3 2780 2820 2781
3 2781 2820 2821
3 2781 2821 2782
3 2782 2821 2822
3 2782 2822 2783
3 2783 2822 2823
3 2783 2823 2784
3 2784 2823 2824
3 2784 2824 2785
3 2785 2824 2825
3 2785 2825 2786
3 2786 2825 2826
3 2786 2826 2787
3 2787 2826 2827
3 2787 2827 2788
3 2788 2827 2828
3 2788 2828 2789
3 2789 2828 2829
3 2789 2829 2790
3 2790 2829 2830
3 2790 2830 2791
3 2791 2830 2831
3 2791 2831 2792
3 2792 2831 2832
3 2792 2832 2793
3 2793 2832 2833
3 2793 2833 2794
3 2794 2833 2834
3 2794 2834 2795
3 2795 2834 2835
3 2795 2835 2796
3 2796 2835 2836
3 2796 2836 2797
3 2797 2836 2837
3 2797 2837 2798
3 2798 2837 2838
3 2798 2838 2799
3 2799 2838 2839
3 2800 2840 2801
3 2801 2840 2841
3 2801 2841 2802
3 2802 2841 2842
3 2802 2842 2803
3 2803 2842 2843
3 2803 2843 2804
3 2804 2843 2844
3 2804 2844 2805
3 2805 2844 2845
3 2805 2845 2806
3 2806 2845 2846
3 2806 2846 2807
3 2807 2846 2847
3 2807 2847 2808
3 2808 2847 2848
3 2808 2848 2809
3 2809 2848 2849
3 2809 2849 2810
3 2810 2849 2850
3 2810 2850 2811
3 2811 2850 2851
3 2811 2851 2812
3 2812 2851 2852
3 2812 2852 2813
3 2813 2852 2853
3 2813 2853 2814
3 2814 2853 2854
3 2814 2854 2815
3 2815 2854 2855
3 2815 2855 2816
3 2816 2855 2856
3 2816 2856 2817
3 2817 2856 2857
3 2817 2857 2818
3 2818 2857 2858
3 2818 2858 2819
3 2819 2858 2859
3 2819 2859 2820
3 2820 2859 2860
3 2820 2860 2821
3 2821 2860 2861
3 2821 2861 2822
3 2822 2861 2862
3 2822 2862 2823
3 2823 2862 2863
3 2823 2863 2824
3 2824 2863 2864
3 2824 2864 2825
3 2825 2864 2865
3 2825 2865 2826
3 2826 2865 2866
3 2826 2866 2827
3 2827 2866 2867
3 2827 2867 2828
3 2828 2867 2868
3 2828 2868 2829
3 2829 2868 2869
3 2829 2869 2830
3 2830 2869 2870
3 2830 2870 2831
3 2831 2870 2871
3 2831 2871 2832
3 2832 2871 2872
3 2832 2872 2833
3 2833 2872 2873
3 2833 2873 2834
3 2834 2873 2874
3 2834 2874 2835
3 2835 2874 2875
3 2835 2875 2836
3 2836 2875 2876
3 2836 2876 2837
3 2837 2876 2877
3 2837 2877 2838
3 2838 2877 2878
3 2838 2878 2839
3 2839 2878 2879
3 2840 2880 2841
3 2841 2880 2881
3 2841 2881 2842
3 2842 2881 2882
3 2842 2882 2843
3 2843 2882 2883
3 2843 2883 2844
3 2844 2883 2884
3 2844 2884 2845
3 2845 2884 2885
3 2845 2885 2846
3 2846 2885 2886
3 2846 2886 2847
3 2847 2886 2887
3 2847 2887 2848
3 2848 2887 2888
3 2848 2888 2849
3 2849 2888 2889
3 2849 2889 2850
3 2850 2889 2890
3 2850 2890 2851
3 2851 2890 2891
3 2851 2891 2852
3 2852 2891 2892
3 2852 2892 2853
3 2853 2892 2893
3 2853 2893 2854
3 2854 2893 2894
3 2854 2894 2855
3 2855 2894 2895
3 2855 2895 2856
3 2856 2895 2896
3 2856 2896 2857
3 2857 2896 2897
3 2857 2897 2858
3 2858 2897 2898
3 2858 2898 2859
3 2859 2898 2899
3 2859 2899 2860
3 2860 2899 2900
3 2860 2900 2861
3 2861 2900 2901
3 2861 2901 2862
3 2862 2901 2902
3 2862 2902 2863
3 2863 2902 2903
3 2863 2903 2864
3 2864 2903 2904
3 2864 2904 2865
3 2865 2904 2905
3 2865 2905 2866
3 2866 2905 2906
3 2866 2906 2867
3 2867 2906 2907
3 2867 2907 2868
3 2868 2907 2908
3 2868 2908 2869
3 2869 2908 2909
3 2869 2909 2870
3 2870 2909 2910
3 2870 2910 2871
3 2871 2910 2911
3 2871 2911 2872
3 2872 2911 2912
3 2872 2912 2873
3 2873 2912 2913
3 2873 2913 2874
3 2874 2913 2914
3 2874 2914 2875
3 2875 2914 2915
3 2875 2915 2876
3 2876 2915 2916
3 2876 2916 2877
3 2877 2916 2917
3 2877 2917 2878
3 2878 2917 2918
3 2878 2918 2879
3 2879 2918 2919
3 2880 2920 2881
3 2881 2920 2921
3 2881 2921 2882
3 2882 2921 2922
3 2882 2922 2883
3 2883 2922 2923
3 2883 2923 2884
3 2884 2923 2924
3 2884 2924 2885
3 2885 2924 2925
3 2885 2925 2886
3 2886 2925 2926
3 2886 2926 2887
3 2887 2926 2927
3 2887 2927 2888
3 2888 2927 2928
3 2888 2928 2889
3 2889 2928 2929
3 2889 2929 2890
3 2890 2929 2930
3 2890 2930 2891
3 2891 2930 2931
3 2891 2931 2892
3 2892 2931 2932
3 2892 2932 2893
3 2893 2932 2933
3 2893 2933 2894
3 2894 2933 2934
3 2894 2934 2895
3 2895 2934 2935
3 2895 2935 2896
3 2896 2935 2936
3 2896 2936 2897
3 2897 2936 2937
3 2897 2937 2898
3 2898 2937 2938
3 2898 2938 2899
3 2899 2938 2939
3 2899 2939 2900
3 2900 2939 2940
3 2900 2940 2901
3 2901 2940 2941
3 2901 2941 2902
3 2902 2941 2942
3 2902 2942 2903
3 2903 2942 2943
3 2903 2943 2904
3 2904 2943 2944
3 2904 2944 2905
3 2905 2944 2945
3 2905 2945 2906
3 2906 2945 2946
3 2906 2946 2907
3 2907 2946 2947
3 2907 2947 2908
3 2908 2947 2948
3 2908 2948 2909
3 2909 2948 2949
3 2909 2949 2910
3 2910 2949 2950
3 2910 2950 2911
3 2911 2950 2951
3 2911 2951 2912
3 2912 2951 2952
3 2912 2952 2913
3 2913 2952 2953
3 2913 2953 2914
3 2914 2953 2954
3 2914 2954 2915
3 2915 2954 2955
3 2915 2955 2916
3 2916 2955 2956
3 2916 2956 2917
3 2917 2956 2957
3 2917 2957 2918
3 2918 2957 2958
3 2918 2958 2919
3 2919 2958 2959
3 2920 2960 2921
3 2921 2960 2961
3 2921 2961 2922
3 2922 2961 2962
3 2922 2962 2923
3 2923 2962 2963
3 2923 2963 2924
3 2924 2963 2964
3 2924 2964 2925
3 2925 2964 2965
3 2925 2965 2926
3 2926 2965 2966
3 2926 2966 2927
3 2927 2966 2967
3 2927 2967 2928
3 2928 2967 2968
3 2928 2968 2929
3 2929 2968 2969
3 2929 2969 2930
3 2930 2969 2970
3 2930 2970 2931
3 2931 2970 2971
3 2931 2971 2932
3 2932 2971 2972
3 2932 2972 2933
3 2933 2972 2973
3 2933 2973 2934
3 2934 2973 2974
3 2934 2974 2935
3 2935 2974 2975
3 2935 2975 2936
3 2936 2975 2976
3 2936 2976 2937
3 2937 2976 2977
3 2937 2977 2938
3 2938 2977 2978
3 2938 2978 2939
3 2939 2978 2979
3 2939 2979 2940
3 2940 2979 2980
3 2940 2980 2941
3 2941 2980 2981
3 2941 2981 2942
3 2942 2981 2982
3 2942 2982 2943
3 2943 2982 2983
3 2943 2983 2944
3 2944 2983 2984
3 2944 2984 2945
3 2945 2984 2985
3 2945 2985 2946
3 2946 2985 2986
3 2946 2986 2947
3 2947 2986 2987
3 2947 2987 2948
3 2948 2987 2988
3 2948 2988 2949
3 2949 2988 2989
3 2949 2989 2950
3 2950 2989 2990
3 2950 2990 2951
3 2951 2990 2991
3 2951 2991 2952
3 2952 2991 2992
3 2952 2992 2953
3 2953 2992 2993
3 2953 2993 2954
3 2954 2993 2994
3 2954 2994 2955
3 2955 2994 2995
3 2955 2995 2956
3 2956 2995 2996
3 2956 2996 2957
3 2957 2996 2997
3 2957 2997 2958
3 2958 2997 2998
3 2958 2998 2959
3 2959 2998 2999
3 2960 3000 2961
3 2961 3000 3001
3 2961 3001 2962
3 2962 3001 3002
3 2962 3002 2963
3 2963 3002 3003
3 2963 3003 2964
3 2964 3003 3004
3 2964 3004 2965
3 2965 3004 3005
3 2965 3005 2966
3 2966 3005 3006
3 2966 3006 2967
3 2967 3006 3007
3 2967 3007 2968
3 2968 3007 3008
3 2968 3008 2969
3 2969 3008 3009
3 2969 3009 2970
3 2970 3009 3010
3 2970 3010 2971
3 2971 3010 3011
3 2971 3011 2972
3 2972 3011 3012
3 2972 3012 2973
3 2973 3012 3013
3 2973 3013 2974
3 2974 3013 3014
3 2974 3014 2975
3 2975 3014 3015
3 2975 3015 2976
3 2976 3015 3016
3 2976 3016 2977
3 2977 3016 3017
3 2977 3017 2978
3 2978 3017 3018
3 2978 3018 2979
3 2979 3018 3019
3 2979 3019 2980
3 2980 3019 3020
3 2980 3020 2981
3 2981 3020 3021
3 2981 3021 2982
3 2982 3021 3022
3 2982 3022 2983
3 2983 3022 3023
3 2983 3023 2984
3 2984 3023 3024
3 2984 3024 2985
3 2985 3024 3025
3 2985 3025 2986
3 2986 3025 3026
3 2986 3026 2987
3 2987 3026 3027
3 2987 3027 2988
3 2988 3027 3028
3 2988 3028 2989
3 2989 3028 3029
3 2989 3029 2990
3 2990 3029 3030
3 2990 3030 2991
3 2991 3030 3031
3 2991 3031 2992
3 2992 3031 3032
3 2992 3032 2993
3 2993 3032 3033
3 2993 3033 2994
3 2994 3033 3034
3 2994 3034 2995
3 2995 3034 3035
3 2995 3035 2996
3 2996 3035 3036
3 2996 3036 2997
3 2997 3036 3037
3 2997 3037 2998
3 2998 3037 3038
3 2998 3038 2999
3 2999 3038 3039
3 3000 3040 3001
3 3001 3040 3041
3 3001 3041 3002
3 3002 3041 3042
3 3002 3042 3003
3 3003 3042 3043
3 3003 3043 3004
3 3004 3043 3044
3 3004 3044 3005
3 3005 3044 3045
3 3005 3045 3006
3 3006 3045 3046
3 3006 3046 3007
3 3007 3046 3047
3 3007 3047 3008
3 3008 3047 3048
3 3008 3048 3009
3 3009 3048 3049
3 3009 3049 3010
3 3010 3049 3050
3 3010 3050 3011
3 3011 3050 3051
3 3011 3051 3012
3 3012 3051 3052
3 3012 3052 3013
3 3013 3052 3053
3 3013 3053 3014
3 3014 3053 3054
3 3014 3054 3015
3 3015 3054 3055
3 3015 3055 3016
3 3016 3055 3056
3 3016 3056 3017
3 3017 3056 3057
3 3017 3057 3018
3 3018 3057 3058
3 3018 3058 3019
3 3019 3058 3059
3 3019 3059 3020
3 3020 3059 3060
3 3020 3060 3021
3 3021 3060 3061
3 3021 3061 3022
3 3022 3061 3062
3 3022 3062 3023
3 3023 3062 3063
3 3023 3063 3024
3 3024 3063 3064
3 3024 3064 3025
3 3025 3064 3065
3 3025 3065 3026
3 3026 3065 3066
3 3026 3066 3027
3 3027 3066 3067
3 3027 3067 3028
3 3028 3067 3068
3 3028 3068 3029
3 3029 3068 3069
3 3029 3069 3030
3 3030 3069 3070
3 3030 3070 3031
3 3031 3070 3071
3 3031 3071 3032
3 3032 3071 3072
3 3032 3072 3033
3 3033 3072 3073
3 3033 3073 3034
3 3034 3073 3074
3 3034 3074 3035
3 3035 3074 3075
3 3035 3075 3036
3 3036 3075 3076
3 3036 3076 3037
3 3037 3076 3077
3 3037 3077 3038
3 3038 3077 3078
3 3038 3078 3039
3 3039 3078 3079
3 3040 3080 3041
3 3041 3080 3081
3 3041 3081 3042
3 3042 3081 3082
3 3042 3082 3043
3 3043 3082 3083
3 3043 3083 3044
3 3044 3083 3084
3 3044 3084 3045
3 3045 3084 3085
3 3045 3085 3046
3 3046 3085 3086
3 3046 3086 3047
3 3047 3086 3087
3 3047 3087 3048
3 3048 3087 3088
3 3048 3088 3049
3 3049 3088 3089
3 3049 3089 3050
3 3050 3089 3090
3 3050 3090 3051
3 3051 3090 3091
3 3051 3091 3052
3 3052 3091 3092
3 3052 3092 3053
3 3053 3092 3093
3 3053 3093 3054
3 3054 3093 3094
3 3054 3094 3055
3 3055 3094 3095
3 3055 3095 3056
3 3056 3095 3096
3 3056 3096 3057
3 3057 3096 3097
3 3057 3097 3058
3 3058 3097 3098
3 3058 3098 3059
3 3059 3098 3099
3 3059 3099 3060
3 3060 3099 3100
3 3060 3100 3061
3 3061 3100 3101
3 3061 3101 3062
3 3062 3101 3102
3 3062 3102 3063
3 3063 3102 3103
3 3063 3103 3064
3 3064 3103 3104
3 3064 3104 3065
3 3065 3104 3105
3 3065 3105 3066
3 3066 3105 3106
3 3066 3106 3067
3 3067 3106 3107
3 3067 3107 3068
3 3068 3107 3108
3 3068 3108 3069
3 3069 3108 3109
3 3069 3109 3070
3 3070 3109 3110
3 3070 3110 3071
3 3071 3110 3111
3 3071 3111 3072
3 3072 3111 3112
3 3072 3112 3073
3 3073 3112 3113
3 3073 3113 3074
3 3074 3113 3114
3 3074 3114 3075
3 3075 3114 3115
3 3075 3115 3076
3 3076 3115 3116
3 3076 3116 3077
3 3077 3116 3117
3 3077 3117 3078
3 3078 3117 3118
3 3078 3118 3079
3 3079 3118 3119
3 3080 3120 3081
3 3081 3120 3121
3 3081 3121 3082
3 3082 3121 3122
3 3082 3122 3083
3 3083 3122 3123
3 3083 3123 3084
3 3084 3123 3124
3 3084 3124 3085
3 3085 3124 3125
3 3085 3125 3086
3 3086 3125 3126
3 3086 3126 3087
3 3087 3126 3127
3 3087 3127 3088
3 3088 3127 3128
3 3088 3128 3089
3 3089 3128 3129
3 3089 3129 3090
3 3090 3129 3130
3 3090 3130 3091
3 3091 3130 3131
3 3091 3131 3092
3 3092 3131 3132
3 3092 3132 3093
3 3093 3132 3133
3 3093 3133 3094
3 3094 3133 3134
3 3094 3134 3095
3 3095 3134 3135
3 3095 3135 3096
3 3096 3135 3136
3 3096 3136 3097
3 3097 3136 3137
3 3097 3137 3098
3 3098 3137 3138
3 3098 3138 3099
3 3099 3138 3139
3 3099 3139 3100
3 3100 3139 3140
3 3100 3140 3101
3 3101 3140 3141
3 3101 3141 3102
3 3102 3141 3142
3 3102 3142 3103
3 3103 3142 3143
3 3103 3143 3104
3 3104 3143 3144
3 3104 3144 3105
3 3105 3144 3145
3 3105 3145 3106
3 3106 3145 3146
3 3106 3146 3107
3 3107 3146 3147
3 3107 3147 3108
3 3108 3147 3148
3 3108 3148 3109
3 3109 3148 3149
3 3109 3149 3110
3 3110 3149 3150
3 3110 3150 3111
3 3111 3150 3151
3 3111 3151 3112
3 3112 3151 3152
3 3112 3152 3113
3 3113 3152 3153
3 3113 3153 3114
3 3114 3153 3154
3 3114 3154 3115
3 3115 3154 3155
3 3115 3155 3116
3 3116 3155 3156
3 3116 3156 3117
3 3117 3156 3157
3 3117 3157 3118
3 3118 3157 3158
3 3118 3158 3119
3 3119 3158 3159
3 3120 3160 3121
3 3121 3160 3161
3 3121 3161 3122
3 3122 3161 3162
3 3122 3162 3123
3 3123 3162 3163
3 3123 3163 3124
3 3124 3163 3164
3 3124 3164 3125
3 3125 3164 3165
3 3125 3165 3126
3 3126 3165 3166
3 3126 3166 3127
3 3127 3166 3167
3 3127 3167 3128
3 3128 3167 3168
3 3128 3168 3129
3 3129 3168 3169
3 3129 3169 3130
3 3130 3169 3170
3 3130 3170 3131
3 3131 3170 3171
3 3131 3171 3132
3 3132 3171 3172
3 3132 3172 3133
3 3133 3172 3173
3 3133 3173 3134
3 3134 3173 3174
3 3134 3174 3135
3 3135 3174 3175
3 3135 3175 3136
3 3136 3175 3176
3 3136 3176 3137
3 3137 3176 3177
3 3137 3177 3138
3 3138 3177 3178
3 3138 3178 3139
3 3139 3178 3179
3 3139 3179 3140
3 3140 3179 3180
3 3140 3180 3141
3 3141 3180 3181
3 3141 3181 3142
3 3142 3181 3182
3 3142 3182 3143
3 3143 3182 3183
3 3143 3183 3144
3 3144 3183 3184
3 3144 3184 3145
3 3145 3184 3185
3 3145 3185 3146
3 3146 3185 3186
3 3146 3186 3147
3 3147 3186 3187
3 3147 3187 3148
3 3148 3187 3188
3 3148 3188 3149
3 3149 3188 3189
3 3149 3189 3150
3 3150 3189 3190
3 3150 3190 3151
3 3151 3190 3191
3 3151 3191 3152
3 3152 3191 3192
3 3152 3192 3153
3 3153 3192 3193
3 3153 3193 3154
3 3154 3193 3194
3 3154 3194 3155
3 3155 3194 3195
3 3155 3195 3156
3 3156 3195 3196
3 3156 3196 3157
3 3157 3196 3197
3 3157 3197 3158
3 3158 3197 3198
3 3158 3198 3159
3 3159 3198 3199
3 3160 3200 3161
3 3161 3200 3201
3 3161 3201 3162
3 3162 3201 3202
3 3162 3202 3163
3 3163 3202 3203
3 3163 3203 3164
3 3164 3203 3204
3 3164 3204 3165
3 3165 3204 3205
3 3165 3205 3166
3 3166 3205 3206
3 3166 3206 3167
3 3167 3206 3207
3 3167 3207 3168
3 3168 3207 3208
3 3168 3208 3169
3 3169 3208 3209
3 3169 3209 3170
3 3170 3209 3210
3 3170 3210 3171
3 3171 3210 3211
3 3171 3211 3172
3 3172 3211 3212
3 3172 3212 3173
3 3173 3212 3213
3 3173 3213 3174
3 3174 3213 3214
3 3174 3214 3175
3 3175 3214 3215
3 3175 3215 3176
3 3176 3215 3216
3 3176 3216 3177
3 3177 3216 3217
3 3177 3217 3178
3 3178 3217 3218
3 3178 3218 3179
3 3179 3218 3219
3 3179 3219 3180
3 3180 3219 3220
3 3180 3220 3181
3 3181 3220 3221
3 3181 3221 3182
3 3182 3221 3222
3 3182 3222 3183
3 3183 3222 3223
3 3183 3223 3184
3 3184 3223 3224
3 3184 3224 3185
3 3185 3224 3225
3 3185 3225 3186
3 3186 3225 3226
3 3186 3226 3187
3 3187 3226 3227
3 3187 3227 3188
3 3188 3227 3228
3 3188 3228 3189
3 3189 3228 3229
3 3189 3229 3190
3 3190 3229 3230
3 3190 3230 3191
3 3191 3230 3231
3 3191 3231 3192
3 3192 3231 3232
3 3192 3232 3193
3 3193 3232 3233
3 3193 3233 3194
3 3194 3233 3234
3 3194 3234 3195
3 3195 3234 3235
3 3195 3235 3196
3 3196 3235 3236
3 3196 3236 3197
3 3197 3236 3237
3 3197 3237 3198
3 3198 3237 3238
3 3198 3238 3199
3 3199 3238 3239
3 3200 3240 3201
3 3201 3240 3241
3 3201 3241 3202
3 3202 3241 3242
3 3202 3242 3203
3 3203 3242 3243
3 3203 3243 3204
3 3204 3243 3244
3 3204 3244 3205
3 3205 3244 3245
3 3205 3245 3206
3 3206 3245 3246
3 3206 3246 3207
3 3207 3246 3247
3 3207 3247 3208
3 3208 3247 3248
3 3208 3248 3209
3 3209 3248 3249
3 3209 3249 3210
3 3210 3249 3250
3 3210 3250 3211
3 3211 3250 3251
3 3211 3251 3212
3 3212 3251 3252
3 3212 3252 3213
3 3213 3252 3253
3 3213 3253 3214
3 3214 3253 3254
3 3214 3254 3215
3 3215 3254 3255
3 3215 3255 3216
3 3216 3255 3256
3 3216 3256 3217
3 3217 3256 3257
3 3217 3257 3218
3 3218 3257 3258
3 3218 3258 3219
3 3219 3258 3259
3 3219 3259 3220
3 3220 3259 3260
3 3220 3260 3221
3 3221 3260 3261
3 3221 3261 3222
3 3222 3261 3262
3 3222 3262 3223
3 3223 3262 3263
3 3223 3263 3224
3 3224 3263 3264
3 3224 3264 3225
3 3225 3264 3265
3 3225 3265 3226
3 3226 3265 3266
3 3226 3266 3227
3 3227 3266 3267
3 3227 3267 3228
3 3228 3267 3268
3 3228 3268 3229
3 3229 3268 3269
3 3229 3269 3230
3 3230 3269 3270
3 3230 3270 3231
3 3231 3270 3271
3 3231 3271 3232
3 3232 3271 3272
3 3232 3272 3233
3 3233 3272 3273
3 3233 3273 3234
3 3234 3273 3274
3 3234 3274 3235
3 3235 3274 3275
3 3235 3275 3236
3 3236 3275 3276
3 3236 3276 3237
3 3237 3276 3277
3 3237 3277 3238
3 3238 3277 3278
3 3238 3278 3239
3 3239 3278 3279
3 3240 3280 3241
3 3241 3280 3281
3 3241 3281 3242
3 3242 3281 3282
3 3242 3282 3243
3 3243 3282 3283
3 3243 3283 3244
3 3244 3283 3284
3 3244 3284 3245
3 3245 3284 3285
3 3245 3285 3246
3 3246 3285 3286
3 3246 3286 3247
3 3247 3286 3287
3 3247 3287 3248
3 3248 3287 3288
3 3248 3288 3249
3 3249 3288 3289
3 3249 3289 3250
3 3250 3289 3290
3 3250 3290 3251
3 3251 3290 3291
3 3251 3291 3252
3 3252 3291 3292
3 3252 3292 3253
3 3253 3292 3293
3 3253 3293 3254
3 3254 3293 3294
3 3254 3294 3255
3 3255 3294 3295
3 3255 3295 3256
3 3256 3295 3296
3 3256 3296 3257
3 3257 3296 3297
3 3257 3297 3258
3 3258 3297 3298
3 3258 3298 3259
3 3259 3298 3299
3 3259 3299 3260
3 3260 3299 3300
3 3260 3300 3261
3 3261 3300 3301
3 3261 3301 3262
3 3262 3301 3302
3 3262 3302 3263
3 3263 3302 3303
3 3263 3303 3264
3 3264 3303 3304
3 3264 3304 3265
3 3265 3304 3305
3 3265 3305 3266
3 3266 3305 3306
3 3266 3306 3267
3 3267 3306 3307
3 3267 3307 3268
3 3268 3307 3308
3 3268 3308 3269
3 3269 3308 3309
3 3269 3309 3270
3 3270 3309 3310
3 3270 3310 3271
3 3271 3310 3311
3 3271 3311 3272
3 3272 3311 3312
3 3272 3312 3273
3 3273 3312 3313
3 3273 3313 3274
3 3274 3313 3314
3 3274 3314 3275
3 3275 3314 3315
3 3275 3315 3276
3 3276 3315 3316
3 3276 3316 3277
3 3277 3316 3317
3 3277 3317 3278
3 3278 3317 3318
3 3278 3318 3279
3 3279 3318 3319
3 3280 3320 3281
3 3281 3320 3321
3 3281 3321 3282
3 3282 3321 3322
3 3282 3322 3283
3 3283 3322 3323
3 3283 3323 3284
3 3284 3323 3324
3 3284 3324 3285
3 3285 3324 3325
3 3285 3325 3286
3 3286 3325 3326
3 3286 3326 3287
3 3287 3326 3327
3 3287 3327 3288
3 3288 3327 3328
3 3288 3328 3289
3 3289 3328 3329
3 3289 3329 3290
3 3290 3329 3330
3 3290 3330 3291
3 3291 3330 3331
3 3291 3331 3292
3 3292 3331 3332
3 3292 3332 3293
3 3293 3332 3333
3 3293 3333 3294
3 3294 3333 3334
3 3294 3334 3295
3 3295 3334 3335
3 3295 3335 3296
3 3296 3335 3336
3 3296 3336 3297
3 3297 3336 3337
3 3297 3337 3298
3 3298 3337 3338
3 3298 3338 3299
3 3299 3338 3339
3 3299 3339 3300
3 3300 3339 3340
3 3300 3340 3301
3 3301 3340 3341
3 3301 3341 3302
3 3302 3341 3342
3 3302 3342 3303
3 3303 3342 3343
3 3303 3343 3304
3 3304 3343 3344
3 3304 3344 3305
3 3305 3344 3345
3 3305 3345 3306
3 3306 3345 3346
3 3306 3346 3307
3 3307 3346 3347
3 3307 3347 3308
3 3308 3347 3348
3 3308 3348 3309
3 3309 3348 3349
3 3309 3349 3310
3 3310 3349 3350
3 3310 3350 3311
3 3311 3350 3351
3 3311 3351 3312
3 3312 3351 3352
3 3312 3352 3313
3 3313 3352 3353
3 3313 3353 3314
3 3314 3353 3354
3 3314 3354 3315
3 3315 3354 3355
3 3315 3355 3316
3 3316 3355 3356
3 3316 3356 3317
3 3317 3356 3357
3 3317 3357 3318
3 3318 3357 3358
3 3318 3358 3319
3 3319 3358 3359
3 3320 3360 3321
3 3321 3360 3361
3 3321 3361 3322
3 3322 3361 3362
3 3322 3362 3323
3 3323 3362 3363
3 3323 3363 3324
3 3324 3363 3364
3 3324 3364 3325
3 3325 3364 3365
3 3325 3365 3326
3 3326 3365 3366
3 3326 3366 3327
3 3327 3366 3367
3 3327 3367 3328
3 3328 3367 3368
3 3328 3368 3329
3 3329 3368 3369
3 3329 3369 3330
3 3330 3369 3370
3 3330 3370 3331
3 3331 3370 3371
3 3331 3371 3332
3 3332 3371 3372
3 3332 3372 3333
3 3333 3372 3373
3 3333 3373 3334
3 3334 3373 3374
3 3334 3374 3335
3 3335 3374 3375
3 3335 3375 3336
3 3336 3375 3376
3 3336 3376 3337
3 3337 3376 3377
3 3337 3377 3338
3 3338 3377 3378
3 3338 3378 3339
3 3339 3378 3379
3 3339 3379 3340
3 3340 3379 3380
3 3340 3380 3341
3 3341 3380 3381
3 3341 3381 3342
3 3342 3381 3382
3 3342 3382 3343
3 3343 3382 3383
3 3343 3383 3344
3 3344 3383 3384
3 3344 3384 3345
3 3345 3384 3385
3 3345 3385 3346
3 3346 3385 3386
3 3346 3386 3347
3 3347 3386 3387
3 3347 3387 3348
3 3348 3387 3388
3 3348 3388 3349
3 3349 3388 3389
3 3349 3389 3350
3 3350 3389 3390
3 3350 3390 3351
3 3351 3390 3391
3 3351 3391 3352
3 3352 3391 3392
3 3352 3392 3353
3 3353 3392 3393
3 3353 3393 3354
3 3354 3393 3394
3 3354 3394 3355
3 3355 3394 3395
3 3355 3395 3356
3 3356 3395 3396
3 3356 3396 3357
3 3357 3396 3397
3 3357 3397 3358
3 3358 3397 3398
3 3358 3398 3359
3 3359 3398 3399
3 3360 3400 3361
3 3361 3400 3401
3 3361 3401 3362
3 3362 3401 3402
3 3362 3402 3363
3 3363 3402 3403
3 3363 3403 3364
3 3364 3403 3404
3 3364 3404 3365
3 3365 3404 3405
3 3365 3405 3366
3 3366 3405 3406
3 3366 3406 3367
3 3367 3406 3407
3 3367 3407 3368
3 3368 3407 3408
3 3368 3408 3369
3 3369 3408 3409
3 3369 3409 3370
3 3370 3409 3410
3 3370 3410 3371
3 3371 3410 3411
3 3371 3411 3372
3 3372 3411 3412
3 3372 3412 3373
3 3373 3412 3413
3 3373 3413 3374
3 3374 3413 3414
3 3374 3414 3375
3 3375 3414 3415
3 3375 3415 3376
3 3376 3415 3416
3 3376 3416 3377
3 3377 3416 3417
3 3377 3417 3378
3 3378 3417 3418
3 3378 3418 3379
3 3379 3418 3419
3 3379 3419 3380
3 3380 3419 3420
3 3380 3420 3381
3 3381 3420 3421
3 3381 3421 3382
3 3382 3421 3422
3 3382 3422 3383
3 3383 3422 3423
3 3383 3423 3384
3 3384 3423 3424
3 3384 3424 3385
3 3385 3424 3425
3 3385 3425 3386
3 3386 3425 3426
3 3386 3426 3387
3 3387 3426 3427
3 3387 3427 3388
3 3388 3427 3428
3 3388 3428 3389
3 3389 3428 3429
3 3389 3429 3390
3 3390 3429 3430
3 3390 3430 3391
3 3391 3430 3431
3 3391 3431 3392
3 3392 3431 3432
3 3392 3432 3393
3 3393 3432 3433
3 3393 3433 3394
3 3394 3433 3434
3 3394 3434 3395
3 3395 3434 3435
3 3395 3435 3396
3 3396 3435 3436
3 3396 3436 3397
3 3397 3436 3437
3 3397 3437 3398
3 3398 3437 3438
3 3398 3438 3399
3 3399 3438 3439
3 3400 3440 3401
3 3401 3440 3441
3 3401 3441 3402
3 3402 3441 3442
3 3402 3442 3403
3 3403 3442 3443
3 3403 3443 3404
3 3404 3443 3444
3 3404 3444 3405
3 3405 3444 3445
3 3405 3445 3406
3 3406 3445 3446
3 3406 3446 3407
3 3407 3446 3447
3 3407 3447 3408
3 3408 3447 3448
3 3408 3448 3409
3 3409 3448 3449
3 3409 3449 3410
3 3410 3449 3450
3 3410 3450 3411
3 3411 3450 3451
3 3411 3451 3412
3 3412 3451 3452
3 3412 3452 3413
3 3413 3452 3453
3 3413 3453 3414
3 3414 3453 3454
3 3414 3454 3415
3 3415 3454 3455
3 3415 3455 3416
3 3416 3455 3456
3 3416 3456 3417
3 3417 3456 3457
3 3417 3457 3418
3 3418 3457 3458
3 3418 3458 3419
3 3419 3458 3459
3 3419 3459 3420
3 3420 3459 3460
3 3420 3460 3421
3 3421 3460 3461
3 3421 3461 3422
3 3422 3461 3462
3 3422 3462 3423
3 3423 3462 3463
3 3423 3463 3424
3 3424 3463 3464
3 3424 3464 3425
3 3425 3464 3465
3 3425 3465 3426
3 3426 3465 3466
3 3426 3466 3427
3 3427 3466 3467
3 3427 3467 3428
3 3428 3467 3468
3 3428 3468 3429
3 3429 3468 3469
3 3429 3469 3430
3 3430 3469 3470
3 3430 3470 3431
3 3431 3470 3471
3 3431 3471 3432
3 3432 3471 3472
3 3432 3472 3433
3 3433 3472 3473
3 3433 3473 3434
3 3434 3473 3474
3 3434 3474 3435
3 3435 3474 3475
3 3435 3475 3436
3 3436 3475 3476
3 3436 3476 3437
3 3437 3476 3477
3 3437 3477 3438
3 3438 3477 3478
3 3438 3478 3439
3 3439 3478 3479
3 3440 3480 3441
3 3441 3480 3481
3 3441 3481 3442
3 3442 3481 3482
3 3442 3482 3443
3 3443 3482 3483
3 3443 3483 3444
3 3444 3483 3484
3 3444 3484 3445
3 3445 3484 3485
3 3445 3485 3446
3 3446 3485 3486
3 3446 3486 3447
3 3447 3486 3487
3 3447 3487 3448
3 3448 3487 3488
3 3448 3488 3449
3 3449 3488 3489
3 3449 3489 3450
3 3450 3489 3490
3 3450 3490 3451
3 3451 3490 3491
3 3451 3491 3452
3 3452 3491 3492
3 3452 3492 3453
3 3453 3492 3493
3 3453 3493 3454
3 3454 3493 3494
3 3454 3494 3455
3 3455 3494 3495
3 3455 3495 3456
3 3456 3495 3496
3 3456 3496 3457
3 3457 3496 3497
3 3457 3497 3458
3 3458 3497 3498
3 3458 3498 3459
3 3459 3498 3499
3 3459 3499 3460
3 3460 3499 3500
3 3460 3500 3461
3 3461 3500 3501
3 3461 3501 3462
3 3462 3501 3502
3 3462 3502 3463
3 3463 3502 3503
3 3463 3503 3464
3 3464 3503 3504
3 3464 3504 3465
3 3465 3504 3505
3 3465 3505 3466
3 3466 3505 3506
3 3466 3506 3467
3 3467 3506 3507
3 3467 3507 3468
3 3468 3507 3508
3 3468 3508 3469
3 3469 3508 3509
3 3469 3509 3470
3 3470 3509 3510
3 3470 3510 3471
3 3471 3510 3511
3 3471 3511 3472
3 3472 3511 3512
3 3472 3512 3473
3 3473 3512 3513
3 3473 3513 3474
3 3474 3513 3514
3 3474 3514 3475
3 3475 3514 3515
3 3475 3515 3476
3 3476 3515 3516
3 3476 3516 3477
3 3477 3516 3517
3 3477 3517 3478
3 3478 3517 3518
3 3478 3518 3479
3 3479 3518 3519
3 3480 3520 3481
3 3481 3520 3521
3 3481 3521 3482
3 3482 3521 3522
3 3482 3522 3483
3 3483 3522 3523
3 3483 3523 3484
3 3484 3523 3524
3 3484 3524 3485
3 3485 3524 3525
3 3485 3525 3486
3 3486 3525 3526
3 3486 3526 3487
3 3487 3526 3527
3 3487 3527 3488
3 3488 3527 3528
3 3488 3528 3489
3 3489 3528 3529
3 3489 3529 3490
3 3490 3529 3530
3 3490 3530 3491
3 3491 3530 3531
3 3491 3531 3492
3 3492 3531 3532
3 3492 3532 3493
3 3493 3532 3533
3 3493 3533 3494
3 3494 3533 3534
3 3494 3534 3495
3 3495 3534 3535
3 3495 3535 3496
3 3496 3535 3536
3 3496 3536 3497
3 3497 3536 3537
3 3497 3537 3498
3 3498 3537 3538
3 3498 3538 3499
3 3499 3538 3539
3 3499 3539 3500
3 3500 3539 3540
3 3500 3540 3501
3 3501 3540 3541
3 3501 3541 3502
3 3502 3541 3542
3 3502 3542 3503
3 3503 3542 3543
3 3503 3543 3504
3 3504 3543 3544
3 3504 3544 3505
3 3505 3544 3545
3 3505 3545 3506
3 3506 3545 3546
3 3506 3546 3507
3 3507 3546 3547
3 3507 3547 3508
3 3508 3547 3548
3 3508 3548 3509
3 3509 3548 3549
3 3509 3549 3510
3 3510 3549 3550
3 3510 3550 3511
3 3511 3550 3551
3 3511 3551 3512
3 3512 3551 3552
3 3512 3552 3513
3 3513 3552 3553
3 3513 3553 3514
3 3514 3553 3554
3 3514 3554 3515
3 3515 3554 3555
3 3515 3555 3516
3 3516 3555 3556
3 3516 3556 3517
3 3517 3556 3557
3 3517 3557 3518
3 3518 3557 3558
3 3518 3558 3519
3 3519 3558 3559
3 3520 3560 3521
3 3521 3560 3561
3 3521 3561 3522
3 3522 3561 3562
3 3522 3562 3523
3 3523 3562 3563
3 3523 3563 3524
3 3524 3563 3564
3 3524 3564 3525
3 3525 3564 3565
3 3525 3565 3526
3 3526 3565 3566
3 3526 3566 3527
3 3527 3566 3567
3 3527 3567 3528
3 3528 3567 3568
3 3528 3568 3529
3 3529 3568 3569
3 3529 3569 3530
3 3530 3569 3570
3 3530 3570 3531
3 3531 3570 3571
3 3531 3571 3532
3 3532 3571 3572
3 3532 3572 3533
3 3533 3572 3573
3 3533 3573 3534
3 3534 3573 3574
3 3534 3574 3535
3 3535 3574 3575
3 3535 3575 3536
3 3536 3575 3576
3 3536 3576 3537
3 3537 3576 3577
3 3537 3577 3538
3 3538 3577 3578
3 3538 3578 3539
3 3539 3578 3579
3 3539 3579 3540
3 3540 3579 3580
3 3540 3580 3541
3 3541 3580 3581
3 3541 3581 3542
3 3542 3581 3582
3 3542 3582 3543
3 3543 3582 3583
3 3543 3583 3544
3 3544 3583 3584
3 3544 3584 3545
3 3545 3584 3585
3 3545 3585 3546
3 3546 3585 3586
3 3546 3586 3547
3 3547 3586 3587
3 3547 3587 3548
3 3548 3587 3588
3 3548 3588 3549
3 3549 3588 3589
3 3549 3589 3550
3 3550 3589 3590
3 3550 3590 3551
3 3551 3590 3591
3 3551 3591 3552
3 3552 3591 3592
3 3552 3592 3553
3 3553 3592 3593
3 3553 3593 3554
3 3554 3593 3594
3 3554 3594 3555
3 3555 3594 3595
3 3555 3595 3556
3 3556 3595 3596
3 3556 3596 3557
3 3557 3596 3597
3 3557 3597 3558
3 3558 3597 3598
3 3558 3598 3559
3 3559 3598 3599
3 3560 3600 3561
3 3561 3600 3601
3 3561 3601 3562
3 3562 3601 3602
3 3562 3602 3563
3 3563 3602 3603
3 3563 3603 3564
3 3564 3603 3604
3 3564 3604 3565
3 3565 3604 3605
3 3565 3605 3566
3 3566 3605 3606
3 3566 3606 3567
3 3567 3606 3607
3 3567 3607 3568
3 3568 3607 3608
3 3568 3608 3569
3 3569 3608 3609
3 3569 3609 3570
3 3570 3609 3610
3 3570 3610 3571
3 3571 3610 3611
3 3571 3611 3572
3 3572 3611 3612
3 3572 3612 3573
3 3573 3612 3613
3 3573 3613 3574
3 3574 3613 3614
3 3574 3614 3575
3 3575 3614 3615
3 3575 3615 3576
3 3576 3615 3616
3 3576 3616 3577
3 3577 3616 3617
3 3577 3617 3578
3 3578 3617 3618
3 3578 3618 3579
3 3579 3618 3619
3 3579 3619 3580
3 3580 3619 3620
3 3580 3620 3581
3 3581 3620 3621
3 3581 3621 3582
3 3582 3621 3622
3 3582 3622 3583
3 3583 3622 3623
3 3583 3623 3584
3 3584 3623 3624
3 3584 3624 3585
3 3585 3624 3625
3 3585 3625 3586
3 3586 3625 3626
3 3586 3626 3587
3 3587 3626 3627
3 3587 3627 3588
3 3588 3627 3628
3 3588 3628 3589
3 3589 3628 3629
3 3589 3629 3590
3 3590 3629 3630
3 3590 3630 3591
3 3591 3630 3631
3 3591 3631 3592
3 3592 3631 3632
3 3592 3632 3593
3 3593 3632 3633
3 3593 3633 3594
3 3594 3633 3634
3 3594 3634 3595
3 3595 3634 3635
3 3595 3635 3596
3 3596 3635 3636
3 3596 3636 3597
3 3597 3636 3637
3 3597 3637 3598
3 3598 3637 3638
3 3598 3638 3599
3 3599 3638 3639
3 3600 3640 3601
3 3601 3640 3641
3 3601 3641 3602
3 3602 3641 3642
3 3602 3642 3603
3 3603 3642 3643
3 3603 3643 3604
3 3604 3643 3644
3 3604 3644 3605
3 3605 3644 3645
3 3605 3645 3606
3 3606 3645 3646
3 3606 3646 3607
3 3607 3646 3647
3 3607 3647 3608
3 3608 3647 3648
3 3608 3648 3609
3 3609 3648 3649
3 3609 3649 3610
3 3610 3649 3650
3 3610 3650 3611
3 3611 3650 3651
3 3611 3651 3612
3 3612 3651 3652
3 3612 3652 3613
3 3613 3652 3653
3 3613 3653 3614
3 3614 3653 3654
3 3614 3654 3615
3 3615 3654 3655
3 3615 3655 3616
3 3616 3655 3656
3 3616 3656 3617
3 3617 3656 3657
3 3617 3657 3618
3 3618 3657 3658
3 3618 3658 3619
3 3619 3658 3659
3 3619 3659 3620
3 3620 3659 3660
3 3620 3660 3621
3 3621 3660 3661
3 3621 3661 3622
3 3622 3661 3662
3 3622 3662 3623
3 3623 3662 3663
3 3623 3663 3624
3 3624 3663 3664
3 3624 3664 3625
3 3625 3664 3665
3 3625 3665 3626
3 3626 3665 3666
3 3626 3666 3627
3 3627 3666 3667
3 3627 3667 3628
3 3628 3667 3668
3 3628 3668 3629
3 3629 3668 3669
3 3629 3669 3630
3 3630 3669 3670
3 3630 3670 3631
3 3631 3670 3671
3 3631 3671 3632
3 3632 3671 3672
3 3632 3672 3633
3 3633 3672 3673
3 3633 3673 3634
3 3634 3673 3674
3 3634 3674 3635
3 3635 3674 3675
3 3635 3675 3636
3 3636 3675 3676
3 3636 3676 3637
3 3637 3676 3677
3 3637 3677 3638
3 3638 3677 3678
3 3638 3678 3639
3 3639 3678 3679
3 3640 3680 3641
3 3641 3680 3681
3 3641 3681 3642
3 3642 3681 3682
3 3642 3682 3643
3 3643 3682 3683
3 3643 3683 3644
3 3644 3683 3684
3 3644 3684 3645
3 3645 3684 3685
3 3645 3685 3646
3 3646 3685 3686
3 3646 3686 3647
3 3647 3686 3687
3 3647 3687 3648
3 3648 3687 3688
3 3648 3688 3649
3 3649 3688 3689
3 3649 3689 3650
3 3650 3689 3690
3 3650 3690 3651
3 3651 3690 3691
3 3651 3691 3652
3 3652 3691 3692
3 3652 3692 3653
3 3653 3692 3693
3 3653 3693 3654
3 3654 3693 3694
3 3654 3694 3655
3 3655 3694 3695
3 3655 3695 3656
3 3656 3695 3696
3 3656 3696 3657
3 3657 3696 3697
3 3657 3697 3658
3 3658 3697 3698
3 3658 3698 3659
3 3659 3698 3699
3 3659 3699 3660
3 3660 3699 3700
3 3660 3700 3661
3 3661 3700 3701
3 3661 3701 3662
3 3662 3701 3702
3 3662 3702 3663
3 3663 3702 3703
3 3663 3703 3664
3 3664 3703 3704
3 3664 3704 3665
3 3665 3704 3705
3 3665 3705 3666
3 3666 3705 3706
3 3666 3706 3667
3 3667 3706 3707
3 3667 3707 3668
3 3668 3707 3708
3 3668 3708 3669
3 3669 3708 3709
3 3669 3709 3670
3 3670 3709 3710
3 3670 3710 3671
3 3671 3710 3711
3 3671 3711 3672
3 3672 3711 3712
3 3672 3712 3673
3 3673 3712 3713
3 3673 3713 3674
3 3674 3713 3714
3 3674 3714 3675
3 3675 3714 3715
3 3675 3715 3676
3 3676 3715 3716
3 3676 3716 3677
3 3677 3716 3717
3 3677 3717 3678
3 3678 3717 3718
3 3678 3718 3679
3 3679 3718 3719
3 3680 3720 3681
3 3681 3720 3721
3 3681 3721 3682
3 3682 3721 3722
3 3682 3722 3683
3 3683 3722 3723
3 3683 3723 3684
3 3684 3723 3724
3 3684 3724 3685
3 3685 3724 3725
3 3685 3725 3686
3 3686 3725 3726
3 3686 3726 3687
3 3687 3726 3727
3 3687 3727 3688
3 3688 3727 3728
3 3688 3728 3689
3 3689 3728 3729
3 3689 3729 3690
3 3690 3729 3730
3 3690 3730 3691
3 3691 3730 3731
3 3691 3731 3692
3 3692 3731 3732
3 3692 3732 3693
3 3693 3732 3733
3 3693 3733 3694
3 3694 3733 3734
3 3694 3734 3695
3 3695 3734 3735
3 3695 3735 3696
3 3696 3735 3736
3 3696 3736 3697
3 3697 3736 3737
3 3697 3737 3698
3 3698 3737 3738
3 3698 3738 3699
3 3699 3738 3739
3 3699 3739 3700
3 3700 3739 3740
3 3700 3740 3701
3 3701 3740 3741
3 3701 3741 3702
3 3702 3741 3742
3 3702 3742 3703
3 3703 3742 3743
3 3703 3743 3704
3 3704 3743 3744
3 3704 3744 3705
3 3705 3744 3745
3 3705 3745 3706
3 3706 3745 3746
3 3706 3746 3707
3 3707 3746 3747
3 3707 3747 3708
3 3708 3747 3748
3 3708 3748 3709
3 3709 3748 3749
3 3709 3749 3710
3 3710 3749 3750
3 3710 3750 3711
3 3711 3750 3751
3 3711 3751 3712
3 3712 3751 3752
3 3712 3752 3713
3 3713 3752 3753
3 3713 3753 3714
3 3714 3753 3754
3 3714 3754 3715
3 3715 3754 3755
3 3715 3755 3716
3 3716 3755 3756
3 3716 3756 3717
3 3717 3756 3757
3 3717 3757 3718
3 3718 3757 3758
3 3718 3758 3719
3 3719 3758 3759
3 3720 3760 3721
3 3721 3760 3761
3 3721 3761 3722
3 3722 3761 3762
3 3722 3762 3723
3 3723 3762 3763
3 3723 3763 3724
3 3724 3763 3764
3 3724 3764 3725
3 3725 3764 3765
3 3725 3765 3726
3 3726 3765 3766
3 3726 3766 3727
3 3727 3766 3767
3 3727 3767 3728
3 3728 3767 3768
3 3728 3768 3729
3 3729 3768 3769
3 3729 3769 3730
3 3730 3769 3770
3 3730 3770 3731
3 3731 3770 3771
3 3731 3771 3732
3 3732 3771 3772
3 3732 3772 3733
3 3733 3772 3773
3 3733 3773 3734
3 3734 3773 3774
3 3734 3774 3735
3 3735 3774 3775
3 3735 3775 3736
3 3736 3775 3776
3 3736 3776 3737
3 3737 3776 3777
3 3737 3777 3738
3 3738 3777 3778
3 3738 3778 3739
3 3739 3778 3779
3 3739 3779 3740
3 3740 3779 3780
3 3740 3780 3741
3 3741 3780 3781
3 3741 3781 3742
3 3742 3781 3782
3 3742 3782 3743
3 3743 3782 3783
3 3743 3783 3744
3 3744 3783 3784
3 3744 3784 3745
3 3745 3784 3785
3 3745 3785 3746
3 3746 3785 3786
3 3746 3786 3747
3 3747 3786 3787
3 3747 3787 3748
3 3748 3787 3788
3 3748 3788 3749
3 3749 3788 3789
3 3749 3789 3750
3 3750 3789 3790
3 3750 3790 3751
3 3751 3790 3791
3 3751 3791 3752
3 3752 3791 3792
3 3752 3792 3753
3 3753 3792 3793
3 3753 3793 3754
3 3754 3793 3794
3 3754 3794 3755
3 3755 3794 3795
3 3755 3795 3756
3 3756 3795 3796
3 3756 3796 3757
3 3757 3796 3797
3 3757 3797 3758
3 3758 3797 3798
3 3758 3798 3759
3 3759 3798 3799
3 3760 3800 3761
3 3761 3800 3801
3 3761 3801 3762
3 3762 3801 3802
3 3762 3802 3763
3 3763 3802 3803
3 3763 3803 3764
3 3764 3803 3804
3 3764 3804 3765
3 3765 3804 3805
3 3765 3805 3766
3 3766 3805 3806
3 3766 3806 3767
3 3767 3806 3807
3 3767 3807 3768
3 3768 3807 3808
3 3768 3808 3769
3 3769 3808 3809
3 3769 3809 3770
3 3770 3809 3810
3 3770 3810 3771
3 3771 3810 3811
3 3771 3811 3772
3 3772 3811 3812
3 3772 3812 3773
3 3773 3812 3813
3 3773 3813 3774
3 3774 3813 3814
3 3774 3814 3775
3 3775 3814 3815
3 3775 3815 3776
3 3776 3815 3816
3 3776 3816 3777
3 3777 3816 3817
3 3777 3817 3778
3 3778 3817 3818
3 3778 3818 3779
3 3779 3818 3819
3 3779 3819 3780
3 3780 3819 3820
3 3780 3820 3781
3 3781 3820 3821
3 3781 3821 3782
3 3782 3821 3822
3 3782 3822 3783
3 3783 3822 3823
3 3783 3823 3784
3 3784 3823 3824
3 3784 3824 3785
3 3785 3824 3825
3 3785 3825 3786
3 3786 3825 3826
3 3786 3826 3787
3 3787 3826 3827
3 3787 3827 3788
3 3788 3827 3828
3 3788 3828 3789
3 3789 3828 3829
3 3789 3829 3790
3 3790 3829 3830
3 3790 3830 3791
3 3791 3830 3831
3 3791 3831 3792
3 3792 3831 3832
3 3792 3832 3793
3 3793 3832 3833
3 3793 3833 3794
3 3794 3833 3834
3 3794 3834 3795
3 3795 3834 3835
3 3795 3835 3796
3 3796 3835 3836
3 3796 3836 3797
3 3797 3836 3837
3 3797 3837 3798
3 3798 3837 3838
3 3798 3838 3799
3 3799 3838 3839
3 3800 3840 3801
3 3801 3840 3841
3 3801 3841 3802
3 3802 3841 3842
3 3802 3842 3803
3 3803 3842 3843
3 3803 3843 3804
3 3804 3843 3844
3 3804 3844 3805
3 3805 3844 3845
3 3805 3845 3806
3 3806 3845 3846
3 3806 3846 3807
3 3807 3846 3847
3 3807 3847 3808
3 3808 3847 3848
3 3808 3848 3809
3 3809 3848 3849
3 3809 3849 3810
3 3810 3849 3850
3 3810 3850 3811
3 3811 3850 3851
3 3811 3851 3812
3 3812 3851 3852
3 3812 3852 3813
3 3813 3852 3853
3 3813 3853 3814
3 3814 3853 3854
3 3814 3854 3815
3 3815 3854 3855
3 3815 3855 3816
3 3816 3855 3856
3 3816 3856 3817
3 3817 3856 3857
3 3817 3857 3818
3 3818 3857 3858
3 3818 3858 3819
3 3819 3858 3859
3 3819 3859 3820
3 3820 3859 3860
3 3820 3860 3821
3 3821 3860 3861
3 3821 3861 3822
3 3822 3861 3862
3 3822 3862 3823
3 3823 3862 3863
3 3823 3863 3824
3 3824 3863 3864
3 3824 3864 3825
3 3825 3864 3865
3 3825 3865 3826
3 3826 3865 3866
3 3826 3866 3827
3 3827 3866 3867
3 3827 3867 3828
3 3828 3867 3868
3 3828 3868 3829
3 3829 3868 3869
3 3829 3869 3830
3 3830 3869 3870
3 3830 3870 3831
3 3831 3870 3871
3 3831 3871 3832
3 3832 3871 3872
3 3832 3872 3833
3 3833 3872 3873
3 3833 3873 3834
3 3834 3873 3874
3 3834 3874 3835
3 3835 3874 3875
3 3835 3875 3836
3 3836 3875 3876
3 3836 3876 3837
3 3837 3876 3877
3 3837 3877 3838
3 3838 3877 3878
3 3838 3878 3839
3 3839 3878 3879
3 3840 3880 3841
3 3841 3880 3881
3 3841 3881 3842
3 3842 3881 3882
3 3842 3882 3843
3 3843 3882 3883
3 3843 3883 3844
3 3844 3883 3884
3 3844 3884 3845
3 3845 3884 3885
3 3845 3885 3846
3 3846 3885 3886
3 3846 3886 3847
3 3847 3886 3887
3 3847 3887 3848
3 3848 3887 3888
3 3848 3888 3849
3 3849 3888 3889
3 3849 3889 3850
3 3850 3889 3890
3 3850 3890 3851
3 3851 3890 3891
3 3851 3891 3852
3 3852 3891 3892
3 3852 3892 3853
3 3853 3892 3893
3 3853 3893 3854
3 3854 3893 3894
3 3854 3894 3855
3 3855 3894 3895
3 3855 3895 3856
3 3856 3895 3896
3 3856 3896 3857
3 3857 3896 3897
3 3857 3897 3858
3 3858 3897 3898
3 3858 3898 3859
3 3859 3898 3899
3 3859 3899 3860
3 3860 3899 3900
3 3860 3900 3861
3 3861 3900 3901
3 3861 3901 3862
3 3862 3901 3902
3 3862 3902 3863
3 3863 3902 3903
3 3863 3903 3864
3 3864 3903 3904
3 3864 3904 3865
3 3865 3904 3905
3 3865 3905 3866
3 3866 3905 3906
3 3866 3906 3867
3 3867 3906 3907
3 3867 3907 3868
3 3868 3907 3908
3 3868 3908 3869
3 3869 3908 3909
3 3869 3909 3870
3 3870 3909 3910
3 3870 3910 3871
3 3871 3910 3911
3 3871 3911 3872
3 3872 3911 3912
3 3872 3912 3873
3 3873 3912 3913
3 3873 3913 3874
3 3874 3913 3914
3 3874 3914 3875
3 3875 3914 3915
3 3875 3915 3876
3 3876 3915 3916
3 3876 3916 3877
3 3877 3916 3917
3 3877 3917 3878
3 3878 3917 3918
3 3878 3918 3879
3 3879 3918 3919
3 3880 3920 3881
3 3881 3920 3921
3 3881 3921 3882
3 3882 3921 3922
3 3882 3922 3883
3 3883 3922 3923
3 3883 3923 3884
3 3884 3923 3924
3 3884 3924 3885
3 3885 3924 3925
3 3885 3925 3886
3 3886 3925 3926
3 3886 3926 3887
3 3887 3926 3927
3 3887 3927 3888
3 3888 3927 3928
3 3888 3928 3889
3 3889 3928 3929
3 3889 3929 3890
3 3890 3929 3930
3 3890 3930 3891
3 3891 3930 3931
3 3891 3931 3892
3 3892 3931 3932
3 3892 3932 3893
3 3893 3932 3933
3 3893 3933 3894
3 3894 3933 3934
3 3894 3934 3895
3 3895 3934 3935
3 3895 3935 3896
3 3896 3935 3936
3 3896 3936 3897
3 3897 3936 3937
3 3897 3937 3898
3 3898 3937 3938
3 3898 3938 3899
3 3899 3938 3939
3 3899 3939 3900
3 3900 3939 3940
3 3900 3940 3901
3 3901 3940 3941
3 3901 3941 3902
3 3902 3941 3942
3 3902 3942 3903
3 3903 3942 3943
3 3903 3943 3904
3 3904 3943 3944
3 3904 3944 3905
3 3905 3944 3945
3 3905 3945 3906
3 3906 3945 3946
3 3906 3946 3907
3 3907 3946 3947
3 3907 3947 3908
3 3908 3947 3948
3 3908 3948 3909
3 3909 3948 3949
3 3909 3949 3910
3 3910 3949 3950
3 3910 3950 3911
3 3911 3950 3951
3 3911 3951 3912
3 3912 3951 3952
3 3912 3952 3913
3 3913 3952 3953
3 3913 3953 3914
3 3914 3953 3954
3 3914 3954 3915
3 3915 3954 3955
3 3915 3955 3916
3 3916 3955 3956
3 3916 3956 3917
3 3917 3956 3957
3 3917 3957 3918
3 3918 3957 3958
3 3918 3958 3919
3 3919 3958 3959
3 3920 3960 3921
3 3921 3960 3961
3 3921 3961 3922
3 3922 3961 3962
3 3922 3962 3923
3 3923 3962 3963
3 3923 3963 3924
3 3924 3963 3964
3 3924 3964 3925
3 3925 3964 3965
3 3925 3965 3926
3 3926 3965 3966
3 3926 3966 3927
3 3927 3966 3967
3 3927 3967 3928
3 3928 3967 3968
3 3928 3968 3929
3 3929 3968 3969
3 3929 3969 3930
3 3930 3969 3970
3 3930 3970 3931
3 3931 3970 3971
3 3931 3971 3932
3 3932 3971 3972
3 3932 3972 3933
3 3933 3972 3973
3 3933 3973 3934
3 3934 3973 3974
3 3934 3974 3935
3 3935 3974 3975
3 3935 3975 3936
3 3936 3975 3976
3 3936 3976 3937
3 3937 3976 3977
3 3937 3977 3938
3 3938 3977 3978
3 3938 3978 3939
3 3939 3978 3979
3 3939 3979 3940
3 3940 3979 3980
3 3940 3980 3941
3 3941 3980 3981
3 3941 3981 3942
3 3942 3981 3982
3 3942 3982 3943
3 3943 3982 3983
3 3943 3983 3944
3 3944 3983 3984
3 3944 3984 3945
3 3945 3984 3985
3 3945 3985 3946
3 3946 3985 3986
3 3946 3986 3947
3 3947 3986 3987
3 3947 3987 3948
3 3948 3987 3988
3 3948 3988 3949
3 3949 3988 3989
3 3949 3989 3950
3 3950 3989 3990
3 3950 3990 3951
3 3951 3990 3991
3 3951 3991 3952
3 3952 3991 3992
3 3952 3992 3953
3 3953 3992 3993
3 3953 3993 3954
3 3954 3993 3994
3 3954 3994 3955
3 3955 3994 3995
3 3955 3995 3956
3 3956 3995 3996
3 3956 3996 3957
3 3957 3996 3997
3 3957 3997 3958
3 3958 3997 3998
3 3958 3998 3959
3 3959 3998 3999
3 3960 4000 3961
3 3961 4000 4001
3 3961 4001 3962
3 3962 4001 4002
3 3962 4002 3963
3 3963 4002 4003
3 3963 4003 3964
3 3964 4003 4004
3 3964 4004 3965
3 3965 4004 4005
3 3965 4005 3966
3 3966 4005 4006
3 3966 4006 3967
3 3967 4006 4007
3 3967 4007 3968
3 3968 4007 4008
3 3968 4008 3969
3 3969 4008 4009
3 3969 4009 3970
3 3970 4009 4010
3 3970 4010 3971
3 3971 4010 4011
3 3971 4011 3972
3 3972 4011 4012
3 3972 4012 3973
3 3973 4012 4013
3 3973 4013 3974
3 3974 4013 4014
3 3974 4014 3975
3 3975 4014 4015
3 3975 4015 3976
3 3976 4015 4016
3 3976 4016 3977
3 3977 4016 4017
3 3977 4017 3978
3 3978 4017 4018
3 3978 4018 3979
3 3979 4018 4019
3 3979 4019 3980
3 3980 4019 4020
3 3980 4020 3981
3 3981 4020 4021
3 3981 4021 3982
3 3982 4021 4022
3 3982 4022 3983
3 3983 4022 4023
3 3983 4023 3984
3 3984 4023 4024
3 3984 4024 3985
3 3985 4024 4025
3 3985 4025 3986
3 3986 4025 4026
3 3986 4026 3987
3 3987 4026 4027
3 3987 4027 3988
3 3988 4027 4028
3 3988 4028 3989
3 3989 4028 4029
3 3989 4029 3990
3 3990 4029 4030
3 3990 4030 3991
3 3991 4030 4031
3 3991 4031 3992
3 3992 4031 4032
3 3992 4032 3993
3 3993 4032 4033
3 3993 4033 3994
3 3994 4033 4034
3 3994 4034 3995
3 3995 4034 4035
3 3995 4035 3996
3 3996 4035 4036
3 3996 4036 3997
3 3997 4036 4037
3 3997 4037 3998
3 3998 4037 4038
3 3998 4038 3999
3 3999 4038 4039
3 4000 4040 4001
3 4001 4040 4041
3 4001 4041 4002
3 4002 4041 4042
3 4002 4042 4003
3 4003 4042 4043
3 4003 4043 4004
3 4004 4043 4044
3 4004 4044 4005
3 4005 4044 4045
3 4005 4045 4006
3 4006 4045 4046
3 4006 4046 4007
3 4007 4046 4047
3 4007 4047 4008
3 4008 4047 4048
3 4008 4048 4009
3 4009 4048 4049
3 4009 4049 4010
3 4010 4049 4050
3 4010 4050 4011
3 4011 4050 4051
3 4011 4051 4012
3 4012 4051 4052
3 4012 4052 4013
3 4013 4052 4053
3 4013 4053 4014
3 4014 4053 4054
3 4014 4054 4015
3 4015 4054 4055
3 4015 4055 4016
3 4016 4055 4056
3 4016 4056 4017
3 4017 4056 4057
3 4017 4057 4018
3 4018 4057 4058
3 4018 4058 4019
3 4019 4058 4059
3 4019 4059 4020
3 4020 4059 4060
3 4020 4060 4021
3 4021 4060 4061
3 4021 4061 4022
3 4022 4061 4062
3 4022 4062 4023
3 4023 4062 4063
3 4023 4063 4024
3 4024 4063 4064
3 4024 4064 4025
3 4025 4064 4065
3 4025 4065 4026
3 4026 4065 4066
3 4026 4066 4027
3 4027 4066 4067
3 4027 4067 4028
3 4028 4067 4068
3 4028 4068 4029
3 4029 4068 4069
3 4029 4069 4030
3 4030 4069 4070
3 4030 4070 4031
3 4031 4070 4071
3 4031 4071 4032
3 4032 4071 4072
3 4032 4072 4033
3 4033 4072 4073
3 4033 4073 4034
3 4034 4073 4074
3 4034 4074 4035
3 4035 4074 4075
3 4035 4075 4036
3 4036 4075 4076
3 4036 4076 4037
3 4037 4076 4077
3 4037 4077 4038
3 4038 4077 4078
3 4038 4078 4039
3 4039 4078 4079
3 4040 4080 4041
3 4041 4080 4081
3 4041 4081 4042
3 4042 4081 4082
3 4042 4082 4043
3 4043 4082 4083
3 4043 4083 4044
3 4044 4083 4084
3 4044 4084 4045
3 4045 4084 4085
3 4045 4085 4046
3 4046 4085 4086
3 4046 4086 4047
3 4047 4086 4087
3 4047 4087 4048
3 4048 4087 4088
3 4048 4088 4049
3 4049 4088 4089
3 4049 4089 4050
3 4050 4089 4090
3 4050 4090 4051
3 4051 4090 4091
3 4051 4091 4052
3 4052 4091 4092
3 4052 4092 4053
3 4053 4092 4093
3 4053 4093 4054
3 4054 4093 4094
3 4054 4094 4055
3 4055 4094 4095
3 4055 4095 4056
3 4056 4095 4096
3 4056 4096 4057
3 4057 4096 4097
3 4057 4097 4058
3 4058 4097 4098
3 4058 4098 4059
3 4059 4098 4099
3 4059 4099 4060
3 4060 4099 4100
3 4060 4100 4061
3 4061 4100 4101
3 4061 4101 4062
3 4062 4101 4102
3 4062 4102 4063
3 4063 4102 4103
3 4063 4103 4064
3 4064 4103 4104
3 4064 4104 4065
3 4065 4104 4105
3 4065 4105 4066
3 4066 4105 4106
3 4066 4106 4067
3 4067 4106 4107
3 4067 4107 4068
3 4068 4107 4108
3 4068 4108 4069
3 4069 4108 4109
3 4069 4109 4070
3 4070 4109 4110
3 4070 4110 4071
3 4071 4110 4111
3 4071 4111 4072
3 4072 4111 4112
3 4072 4112 4073
3 4073 4112 4113
3 4073 4113 4074
3 4074 4113 4114
3 4074 4114 4075
3 4075 4114 4115
3 4075 4115 4076
3 4076 4115 4116
3 4076 4116 4077
3 4077 4116 4117
3 4077 4117 4078
3 4078 4117 4118
3 4078 4118 4079
3 4079 4118 4119
3 4080 4120 4081
3 4081 4120 4121
3 4081 4121 4082
3 4082 4121 4122
3 4082 4122 4083
3 4083 4122 4123
3 4083 4123 4084
3 4084 4123 4124
3 4084 4124 4085
3 4085 4124 4125
3 4085 4125 4086
3 4086 4125 4126
3 4086 4126 4087
3 4087 4126 4127
3 4087 4127 4088
3 4088 4127 4128
3 4088 4128 4089
3 4089 4128 4129
3 4089 4129 4090
3 4090 4129 4130
3 4090 4130 4091
3 4091 4130 4131
3 4091 4131 4092
3 4092 4131 4132
3 4092 4132 4093
3 4093 4132 4133
3 4093 4133 4094
3 4094 4133 4134
3 4094 4134 4095
3 4095 4134 4135
3 4095 4135 4096
3 4096 4135 4136
3 4096 4136 4097
3 4097 4136 4137
3 4097 4137 4098
3 4098 4137 4138
3 4098 4138 4099
3 4099 4138 4139
3 4099 4139 4100
3 4100 4139 4140
3 4100 4140 4101
3 4101 4140 4141
3 4101 4141 4102
3 4102 4141 4142
3 4102 4142 4103
3 4103 4142 4143
3 4103 4143 4104
3 4104 4143 4144
3 4104 4144 4105
3 4105 4144 4145
3 4105 4145 4106
3 4106 4145 4146
3 4106 4146 4107
3 4107 4146 4147
3 4107 4147 4108
3 4108 4147 4148
3 4108 4148 4109
3 4109 4148 4149
3 4109 4149 4110
3 4110 4149 4150
3 4110 4150 4111
3 4111 4150 4151
3 4111 4151 4112
3 4112 4151 4152
3 4112 4152 4113
3 4113 4152 4153
3 4113 4153 4114
3 4114 4153 4154
3 4114 4154 4115
3 4115 4154 4155
3 4115 4155 4116
3 4116 4155 4156
3 4116 4156 4117
3 4117 4156 4157
3 4117 4157 4118
3 4118 4157 4158
3 4118 4158 4119
3 4119 4158 4159
3 4120 4160 4121
3 4121 4160 4161
3 4121 4161 4122
3 4122 4161 4162
3 4122 4162 4123
3 4123 4162 4163
3 4123 4163 4124
3 4124 4163 4164
3 4124 4164 4125
3 4125 4164 4165
3 4125 4165 4126
3 4126 4165 4166
3 4126 4166 4127
3 4127 4166 4167
3 4127 4167 4128
3 4128 4167 4168
3 4128 4168 4129
3 4129 4168 4169
3 4129 4169 4130
3 4130 4169 4170
3 4130 4170 4131
3 4131 4170 4171
3 4131 4171 4132
3 4132 4171 4172
3 4132 4172 4133
3 4133 4172 4173
3 4133 4173 4134
3 4134 4173 4174
3 4134 4174 4135
3 4135 4174 4175
3 4135 4175 4136
3 4136 4175 4176
3 4136 4176 4137
3 4137 4176 4177
3 4137 4177 4138
3 4138 4177 4178
3 4138 4178 4139
3 4139 4178 4179
3 4139 4179 4140
3 4140 4179 4180
3 4140 4180 4141
3 4141 4180 4181
3 4141 4181 4142
3 4142 4181 4182
3 4142 4182 4143
3 4143 4182 4183
3 4143 4183 4144
3 4144 4183 4184
3 4144 4184 4145
3 4145 4184 4185
3 4145 4185 4146
3 4146 4185 4186
3 4146 4186 4147
3 4147 4186 4187
3 4147 4187 4148
3 4148 4187 4188
3 4148 4188 4149
3 4149 4188 4189
3 4149 4189 4150
3 4150 4189 4190
3 4150 4190 4151
3 4151 4190 4191
3 4151 4191 4152
3 4152 4191 4192
3 4152 4192 4153
3 4153 4192 4193
3 4153 4193 4154
3 4154 4193 4194
3 4154 4194 4155
3 4155 4194 4195
3 4155 4195 4156
3 4156 4195 4196
3 4156 4196 4157
3 4157 4196 4197
3 4157 4197 4158
3 4158 4197 4198
3 4158 4198 4159
3 4159 4198 4199
3 4160 4200 4161
3 4161 4200 4201
3 4161 4201 4162
3 4162 4201 4202
3 4162 4202 4163
3 4163 4202 4203
3 4163 4203 4164
3 4164 4203 4204
3 4164 4204 4165
3 4165 4204 4205
3 4165 4205 4166
3 4166 4205 4206
3 4166 4206 4167
3 4167 4206 4207
3 4167 4207 4168
3 4168 4207 4208
3 4168 4208 4169
3 4169 4208 4209
3 4169 4209 4170
3 4170 4209 4210
3 4170 4210 4171
3 4171 4210 4211
3 4171 4211 4172
3 4172 4211 4212
3 4172 4212 4173
3 4173 4212 4213
3 4173 4213 4174
3 4174 4213 4214
3 4174 4214 4175
3 4175 4214 4215
3 4175 4215 4176
3 4176 4215 4216
3 4176 4216 4177
3 4177 4216 4217
3 4177 4217 4178
3 4178 4217 4218
3 4178 4218 4179
3 4179 4218 4219
3 4179 4219 4180
3 4180 4219 4220
3 4180 4220 4181
3 4181 4220 4221
3 4181 4221 4182
3 4182 4221 4222
3 4182 4222 4183
3 4183 4222 4223
3 4183 4223 4184
3 4184 4223 4224
3 4184 4224 4185
3 4185 4224 4225
3 4185 4225 4186
3 4186 4225 4226
3 4186 4226 4187
3 4187 4226 4227
3 4187 4227 4188
3 4188 4227 4228
3 4188 4228 4189
3 4189 4228 4229
3 4189 4229 4190
3 4190 4229 4230
3 4190 4230 4191
3 4191 4230 4231
3 4191 4231 4192
3 4192 4231 4232
3 4192 4232 4193
3 4193 4232 4233
3 4193 4233 4194
3 4194 4233 4234
3 4194 4234 4195
3 4195 4234 4235
3 4195 4235 4196
3 4196 4235 4236
3 4196 4236 4197
3 4197 4236 4237
3 4197 4237 4198
3 4198 4237 4238
3 4198 4238 4199
3 4199 4238 4239
3 4200 4240 4201
3 4201 4240 4241
3 4201 4241 4202
3 4202 4241 4242
3 4202 4242 4203
3 4203 4242 4243
3 4203 4243 4204
3 4204 4243 4244
3 4204 4244 4205
3 4205 4244 4245
3 4205 4245 4206
3 4206 4245 4246
3 4206 4246 4207
3 4207 4246 4247
3 4207 4247 4208
3 4208 4247 4248
3 4208 4248 4209
3 4209 4248 4249
3 4209 4249 4210
3 4210 4249 4250
3 4210 4250 4211
3 4211 4250 4251
3 4211 4251 4212
3 4212 4251 4252
3 4212 4252 4213
3 4213 4252 4253
3 4213 4253 4214
3 4214 4253 4254
3 4214 4254 4215
3 4215 4254 4255
3 4215 4255 4216
3 4216 4255 4256
3 4216 4256 4217
3 4217 4256 4257
3 4217 4257 4218
3 4218 4257 4258
3 4218 4258 4219
3 4219 4258 4259
3 4219 4259 4220
3 4220 4259 4260
3 4220 4260 4221
3 4221 4260 4261
3 4221 4261 4222
3 4222 4261 4262
3 4222 4262 4223
3 4223 4262 4263
3 4223 4263 4224
3 4224 4263 4264
3 4224 4264 4225
3 4225 4264 4265
3 4225 4265 4226
3 4226 4265 4266
3 4226 4266 4227
3 4227 4266 4267
3 4227 4267 4228
3 4228 4267 4268
3 4228 4268 4229
3 4229 4268 4269
3 4229 4269 4230
3 4230 4269 4270
3 4230 4270 4231
3 4231 4270 4271
3 4231 4271 4232
3 4232 4271 4272
3 4232 4272 4233
3 4233 4272 4273
3 4233 4273 4234
3 4234 4273 4274
3 4234 4274 4235
3 4235 4274 4275
3 4235 4275 4236
3 4236 4275 4276
3 4236 4276 4237
3 4237 4276 4277
3 4237 4277 4238
3 4238 4277 4278
3 4238 4278 4239
3 4239 4278 4279
3 4240 4280 4241
3 4241 4280 4281
3 4241 4281 4242
3 4242 4281 4282
3 4242 4282 4243
3 4243 4282 4283
3 4243 4283 4244
3 4244 4283 4284
3 4244 4284 4245
3 4245 4284 4285
3 4245 4285 4246
3 4246 4285 4286
3 4246 4286 4247
3 4247 4286 4287
3 4247 4287 4248
3 4248 4287 4288
3 4248 4288 4249
3 4249 4288 4289
3 4249 4289 4250
3 4250 4289 4290
3 4250 4290 4251
3 4251 4290 4291
3 4251 4291 4252
3 4252 4291 4292
3 4252 4292 4253
3 4253 4292 4293
3 4253 4293 4254
3 4254 4293 4294
3 4254 4294 4255
3 4255 4294 4295
3 4255 4295 4256
3 4256 4295 4296
3 4256 4296 4257
3 4257 4296 4297
3 4257 4297 4258
3 4258 4297 4298
3 4258 4298 4259
3 4259 4298 4299
3 4259 4299 4260
3 4260 4299 4300
3 4260 4300 4261
3 4261 4300 4301
3 4261 4301 4262
3 4262 4301 4302
3 4262 4302 4263
3 4263 4302 4303
3 4263 4303 4264
3 4264 4303 4304
3 4264 4304 4265
3 4265 4304 4305
3 4265 4305 4266
3 4266 4305 4306
3 4266 4306 4267
3 4267 4306 4307
3 4267 4307 4268
3 4268 4307 4308
3 4268 4308 4269
3 4269 4308 4309
3 4269 4309 4270
3 4270 4309 4310
3 4270 4310 4271
3 4271 4310 4311
3 4271 4311 4272
3 4272 4311 4312
3 4272 4312 4273
3 4273 4312 4313
3 4273 4313 4274
3 4274 4313 4314
3 4274 4314 4275
3 4275 4314 4315
3 4275 4315 4276
3 4276 4315 4316
3 4276 4316 4277
3 4277 4316 4317
3 4277 4317 4278
3 4278 4317 4318
3 4278 4318 4279
3 4279 4318 4319
3 4280 4320 4281
3 4281 4320 4321
3 4281 4321 4282
3 4282 4321 4322
3 4282 4322 4283
3 4283 4322 4323
3 4283 4323 4284
3 4284 4323 4324
3 4284 4324 4285
3 4285 4324 4325
3 4285 4325 4286
3 4286 4325 4326
3 4286 4326 4287
3 4287 4326 4327
3 4287 4327 4288
3 4288 4327 4328
3 4288 4328 4289
3 4289 4328 4329
3 4289 4329 4290
3 4290 4329 4330
3 4290 4330 4291
3 4291 4330 4331
3 4291 4331 4292
3 4292 4331 4332
3 4292 4332 4293
3 4293 4332 4333
3 4293 4333 4294
3 4294 4333 4334
3 4294 4334 4295
3 4295 4334 4335
3 4295 4335 4296
3 4296 4335 4336
3 4296 4336 4297
3 4297 4336 4337
3 4297 4337 4298
3 4298 4337 4338
3 4298 4338 4299
3 4299 4338 4339
3 4299 4339 4300
3 4300 4339 4340
3 4300 4340 4301
3 4301 4340 4341
3 4301 4341 4302
3 4302 4341 4342
3 4302 4342 4303
3 4303 4342 4343
3 4303 4343 4304
3 4304 4343 4344
3 4304 4344 4305
3 4305 4344 4345
3 4305 4345 4306
3 4306 4345 4346
3 4306 4346 4307
3 4307 4346 4347
3 4307 4347 4308
3 4308 4347 4348
3 4308 4348 4309
3 4309 4348 4349
3 4309 4349 4310
3 4310 4349 4350
3 4310 4350 4311
3 4311 4350 4351
3 4311 4351 4312
3 4312 4351 4352
3 4312 4352 4313
3 4313 4352 4353
3 4313 4353 4314
3 4314 4353 4354
3 4314 4354 4315
3 4315 4354 4355
3 4315 4355 4316
3 4316 4355 4356
3 4316 4356 4317
3 4317 4356 4357
3 4317 4357 4318
3 4318 4357 4358
3 4318 4358 4319
3 4319 4358 4359
3 4320 4360 4321
3 4321 4360 4361
3 4321 4361 4322
3 4322 4361 4362
3 4322 4362 4323
3 4323 4362 4363
3 4323 4363 4324
3 4324 4363 4364
3 4324 4364 4325
3 4325 4364 4365
3 4325 4365 4326
3 4326 4365 4366
3 4326 4366 4327
3 4327 4366 4367
3 4327 4367 4328
3 4328 4367 4368
3 4328 4368 4329
3 4329 4368 4369
3 4329 4369 4330
3 4330 4369 4370
3 4330 4370 4331
3 4331 4370 4371
3 4331 4371 4332
3 4332 4371 4372
3 4332 4372 4333
3 4333 4372 4373
3 4333 4373 4334
3 4334 4373 4374
3 4334 4374 4335
3 4335 4374 4375
3 4335 4375 4336
3 4336 4375 4376
3 4336 4376 4337
3 4337 4376 4377
3 4337 4377 4338
3 4338 4377 4378
3 4338 4378 4339
3 4339 4378 4379
3 4339 4379 4340
3 4340 4379 4380
3 4340 4380 4341
3 4341 4380 4381
3 4341 4381 4342
3 4342 4381 4382
3 4342 4382 4343
3 4343 4382 4383
3 4343 4383 4344
3 4344 4383 4384
3 4344 4384 4345
3 4345 4384 4385
3 4345 4385 4346
3 4346 4385 4386
3 4346 4386 4347
3 4347 4386 4387
3 4347 4387 4348
3 4348 4387 4388
3 4348 4388 4349
3 4349 4388 4389
3 4349 4389 4350
3 4350 4389 4390
3 4350 4390 4351
3 4351 4390 4391
3 4351 4391 4352
3 4352 4391 4392
3 4352 4392 4353
3 4353 4392 4393
3 4353 4393 4354
3 4354 4393 4394
3 4354 4394 4355
3 4355 4394 4395
3 4355 4395 4356
3 4356 4395 4396
3 4356 4396 4357
3 4357 4396 4397
3 4357 4397 4358
3 4358 4397 4398
3 4358 4398 4359
3 4359 4398 4399
3 4360 4400 4361
3 4361 4400 4401
3 4361 4401 4362
3 4362 4401 4402
3 4362 4402 4363
3 4363 4402 4403
3 4363 4403 4364
3 4364 4403 4404
3 4364 4404 4365
3 4365 4404 4405
3 4365 4405 4366
3 4366 4405 4406
3 4366 4406 4367
3 4367 4406 4407
3 4367 4407 4368
3 4368 4407 4408
3 4368 4408 4369
3 4369 4408 4409
3 4369 4409 4370
3 4370 4409 4410
3 4370 4410 4371
3 4371 4410 4411
3 4371 4411 4372
3 4372 4411 4412
3 4372 4412 4373
3 4373 4412 4413
3 4373 4413 4374
3 4374 4413 4414
3 4374 4414 4375
3 4375 4414 4415
3 4375 4415 4376
3 4376 4415 4416
3 4376 4416 4377
3 4377 4416 4417
3 4377 4417 4378
3 4378 4417 4418
3 4378 4418 4379
3 4379 4418 4419
3 4379 4419 4380
3 4380 4419 4420
3 4380 4420 4381
3 4381 4420 4421
3 4381 4421 4382
3 4382 4421 4422
3 4382 4422 4383
3 4383 4422 4423
3 4383 4423 4384
3 4384 4423 4424
3 4384 4424 4385
3 4385 4424 4425
3 4385 4425 4386
3 4386 4425 4426
3 4386 4426 4387
3 4387 4426 4427
3 4387 4427 4388
3 4388 4427 4428
3 4388 4428 4389
3 4389 4428 4429
3 4389 4429 4390
3 4390 4429 4430
3 4390 4430 4391
3 4391 4430 4431
3 4391 4431 4392
3 4392 4431 4432
3 4392 4432 4393
3 4393 4432 4433
3 4393 4433 4394
3 4394 4433 4434
3 4394 4434 4395
3 4395 4434 4435
3 4395 4435 4396
3 4396 4435 4436
3 4396 4436 4397
3 4397 4436 4437
3 4397 4437 4398
3 4398 4437 4438
3 4398 4438 4399
3 4399 4438 4439
3 4400 4440 4401
3 4401 4440 4441
3 4401 4441 4402
3 4402 4441 4442
3 4402 4442 4403
3 4403 4442 4443
3 4403 4443 4404
3 4404 4443 4444
3 4404 4444 4405
3 4405 4444 4445
3 4405 4445 4406
3 4406 4445 4446
3 4406 4446 4407
3 4407 4446 4447
3 4407 4447 4408
3 4408 4447 4448
3 4408 4448 4409
3 4409 4448 4449
3 4409 4449 4410
3 4410 4449 4450
3 4410 4450 4411
3 4411 4450 4451
3 4411 4451 4412
3 4412 4451 4452
3 4412 4452 4413
3 4413 4452 4453
3 4413 4453 4414
3 4414 4453 4454
3 4414 4454 4415
3 4415 4454 4455
3 4415 4455 4416
3 4416 4455 4456
3 4416 4456 4417
3 4417 4456 4457
3 4417 4457 4418
3 4418 4457 4458
3 4418 4458 4419
3 4419 4458 4459
3 4419 4459 4420
3 4420 4459 4460
3 4420 4460 4421
3 4421 4460 4461
3 4421 4461 4422
3 4422 4461 4462
3 4422 4462 4423
3 4423 4462 4463
3 4423 4463 4424
3 4424 4463 4464
3 4424 4464 4425
3 4425 4464 4465
3 4425 4465 4426
3 4426 4465 4466
3 4426 4466 4427
3 4427 4466 4467
3 4427 4467 4428
3 4428 4467 4468
3 4428 4468 4429
3 4429 4468 4469
3 4429 4469 4430
3 4430 4469 4470
3 4430 4470 4431
3 4431 4470 4471
3 4431 4471 4432
3 4432 4471 4472
3 4432 4472 4433
3 4433 4472 4473
3 4433 4473 4434
3 4434 4473 4474
3 4434 4474 4435
3 4435 4474 4475
3 4435 4475 4436
3 4436 4475 4476
3 4436 4476 4437
3 4437 4476 4477
3 4437 4477 4438
3 4438 4477 4478
3 4438 4478 4439
3 4439 4478 4479
3 4440 4480 4441
3 4441 4480 4481
3 4441 4481 4442
3 4442 4481 4482
3 4442 4482 4443
3 4443 4482 4483
3 4443 4483 4444
3 4444 4483 4484
3 4444 4484 4445
3 4445 4484 4485
3 4445 4485 4446
3 4446 4485 4486
3 4446 4486 4447
3 4447 4486 4487
3 4447 4487 4448
3 4448 4487 4488
3 4448 4488 4449
3 4449 4488 4489
3 4449 4489 4450
3 4450 4489 4490
3 4450 4490 4451
3 4451 4490 4491
3 4451 4491 4452
3 4452 4491 4492
3 4452 4492 4453
3 4453 4492 4493
3 4453 4493 4454
3 4454 4493 4494
3 4454 4494 4455
3 4455 4494 4495
3 4455 4495 4456
3 4456 4495 4496
3 4456 4496 4457
3 4457 4496 4497
3 4457 4497 4458
3 4458 4497 4498
3 4458 4498 4459
3 4459 4498 4499
3 4459 4499 4460
3 4460 4499 4500
3 4460 4500 4461
3 4461 4500 4501
3 4461 4501 4462
3 4462 4501 4502
3 4462 4502 4463
3 4463 4502 4503
3 4463 4503 4464
3 4464 4503 4504
3 4464 4504 4465
3 4465 4504 4505
3 4465 4505 4466
3 4466 4505 4506
3 4466 4506 4467
3 4467 4506 4507
3 4467 4507 4468
3 4468 4507 4508
3 4468 4508 4469
3 4469 4508 4509
3 4469 4509 4470
3 4470 4509 4510
3 4470 4510 4471
3 4471 4510 4511
3 4471 4511 4472
3 4472 4511 4512
3 4472 4512 4473
3 4473 4512 4513
3 4473 4513 4474
3 4474 4513 4514
3 4474 4514 4475
3 4475 4514 4515
3 4475 4515 4476
3 4476 4515 4516
3 4476 4516 4477
3 4477 4516 4517
3 4477 4517 4478
3 4478 4517 4518
3 4478 4518 4479
3 4479 4518 4519
3 4480 4520 4481
3 4481 4520 4521
3 4481 4521 4482
3 4482 4521 4522
3 4482 4522 4483
3 4483 4522 4523
3 4483 4523 4484
3 4484 4523 4524
3 4484 4524 4485
3 4485 4524 4525
3 4485 4525 4486
3 4486 4525 4526
3 4486 4526 4487
3 4487 4526 4527
3 4487 4527 4488
3 4488 4527 4528
3 4488 4528 4489
3 4489 4528 4529
3 4489 4529 4490
3 4490 4529 4530
3 4490 4530 4491
3 4491 4530 4531
3 4491 4531 4492
3 4492 4531 4532
3 4492 4532 4493
3 4493 4532 4533
3 4493 4533 4494
3 4494 4533 4534
3 4494 4534 4495
3 4495 4534 4535
3 4495 4535 4496
3 4496 4535 4536
3 4496 4536 4497
3 4497 4536 4537
3 4497 4537 4498
3 4498 4537 4538
3 4498 4538 4499
3 4499 4538 4539
3 4499 4539 4500
3 4500 4539 4540
3 4500 4540 4501
3 4501 4540 4541
3 4501 4541 4502
3 4502 4541 4542
3 4502 4542 4503
3 4503 4542 4543
3 4503 4543 4504
3 4504 4543 4544
3 4504 4544 4505
3 4505 4544 4545
3 4505 4545 4506
3 4506 4545 4546
3 4506 4546 4507
3 4507 4546 4547
3 4507 4547 4508
3 4508 4547 4548
3 4508 4548 4509
3 4509 4548 4549
3 4509 4549 4510
3 4510 4549 4550
3 4510 4550 4511
3 4511 4550 4551
3 4511 4551 4512
3 4512 4551 4552
3 4512 4552 4513
3 4513 4552 4553
3 4513 4553 4514
3 4514 4553 4554
3 4514 4554 4515
3 4515 4554 4555
3 4515 4555 4516
3 4516 4555 4556
3 4516 4556 4517
3 4517 4556 4557
3 4517 4557 4518
3 4518 4557 4558
3 4518 4558 4519
3 4519 4558 4559
3 4520 4560 4521
3 4521 4560 4561
3 4521 4561 4522
3 4522 4561 4562
3 4522 4562 4523
3 4523 4562 4563
3 4523 4563 4524
3 4524 4563 4564
3 4524 4564 4525
3 4525 4564 4565
3 4525 4565 4526
3 4526 4565 4566
3 4526 4566 4527
3 4527 4566 4567
3 4527 4567 4528
3 4528 4567 4568
3 4528 4568 4529
3 4529 4568 4569
3 4529 4569 4530
3 4530 4569 4570
3 4530 4570 4531
3 4531 4570 4571
3 4531 4571 4532
3 4532 4571 4572
3 4532 4572 4533
3 4533 4572 4573
3 4533 4573 4534
3 4534 4573 4574
3 4534 4574 4535
3 4535 4574 4575
3 4535 4575 4536
3 4536 4575 4576
3 4536 4576 4537
3 4537 4576 4577
3 4537 4577 4538
3 4538 4577 4578
3 4538 4578 4539
3 4539 4578 4579
3 4539 4579 4540
3 4540 4579 4580
3 4540 4580 4541
3 4541 4580 4581
3 4541 4581 4542
3 4542 4581 4582
3 4542 4582 4543
3 4543 4582 4583
3 4543 4583 4544
3 4544 4583 4584
3 4544 4584 4545
3 4545 4584 4585
3 4545 4585 4546
3 4546 4585 4586
3 4546 4586 4547
3 4547 4586 4587
3 4547 4587 4548
3 4548 4587 4588
3 4548 4588 4549
3 4549 4588 4589
3 4549 4589 4550
3 4550 4589 4590
3 4550 4590 4551
3 4551 4590 4591
3 4551 4591 4552
3 4552 4591 4592
3 4552 4592 4553
3 4553 4592 4593
3 4553 4593 4554
3 4554 4593 4594
3 4554 4594 4555
3 4555 4594 4595
3 4555 4595 4556
3 4556 4595 4596
3 4556 4596 4557
3 4557 4596 4597
3 4557 4597 4558
3 4558 4597 4598
3 4558 4598 4559
3 4559 4598 4599
3 4560 4600 4561
3 4561 4600 4601
3 4561 4601 4562
3 4562 4601 4602
3 4562 4602 4563
3 4563 4602 4603
3 4563 4603 4564
3 4564 4603 4604
3 4564 4604 4565
3 4565 4604 4605
3 4565 4605 4566
3 4566 4605 4606
3 4566 4606 4567
3 4567 4606 4607
3 4567 4607 4568
3 4568 4607 4608
3 4568 4608 4569
3 4569 4608 4609
3 4569 4609 4570
3 4570 4609 4610
3 4570 4610 4571
3 4571 4610 4611
3 4571 4611 4572
3 4572 4611 4612
3 4572 4612 4573
3 4573 4612 4613
3 4573 4613 4574
3 4574 4613 4614
3 4574 4614 4575
3 4575 4614 4615
3 4575 4615 4576
3 4576 4615 4616
3 4576 4616 4577
3 4577 4616 4617
3 4577 4617 4578
3 4578 4617 4618
3 4578 4618 4579
3 4579 4618 4619
3 4579 4619 4580
3 4580 4619 4620
3 4580 4620 4581
3 4581 4620 4621
3 4581 4621 4582
3 4582 4621 4622
3 4582 4622 4583
3 4583 4622 4623
3 4583 4623 4584
3 4584 4623 4624
3 4584 4624 4585
3 4585 4624 4625
3 4585 4625 4586
3 4586 4625 4626
3 4586 4626 4587
3 4587 4626 4627
3 4587 4627 4588
3 4588 4627 4628
3 4588 4628 4589
3 4589 4628 4629
3 4589 4629 4590
3 4590 4629 4630
3 4590 4630 4591
3 4591 4630 4631
3 4591 4631 4592
3 4592 4631 4632
3 4592 4632 4593
3 4593 4632 4633
3 4593 4633 4594
3 4594 4633 4634
3 4594 4634 4595
3 4595 4634 4635
3 4595 4635 4596
3 4596 4635 4636
3 4596 4636 4597
3 4597 4636 4637
3 4597 4637 4598
3 4598 4637 4638
3 4598 4638 4599
3 4599 4638 4639
3 4600 4640 4601
3 4601 4640 4641
3 4601 4641 4602
3 4602 4641 4642
3 4602 4642 4603
3 4603 4642 4643
3 4603 4643 4604
3 4604 4643 4644
3 4604 4644 4605
3 4605 4644 4645
3 4605 4645 4606
3 4606 4645 4646
3 4606 4646 4607
3 4607 4646 4647
3 4607 4647 4608
3 4608 4647 4648
3 4608 4648 4609
3 4609 4648 4649
3 4609 4649 4610
3 4610 4649 4650
3 4610 4650 4611
3 4611 4650 4651
3 4611 4651 4612
3 4612 4651 4652
3 4612 4652 4613
3 4613 4652 4653
3 4613 4653 4614
3 4614 4653 4654
3 4614 4654 4615
3 4615 4654 4655
3 4615 4655 4616
3 4616 4655 4656
3 4616 4656 4617
3 4617 4656 4657
3 4617 4657 4618
3 4618 4657 4658
3 4618 4658 4619
3 4619 4658 4659
3 4619 4659 4620
3 4620 4659 4660
3 4620 4660 4621
3 4621 4660 4661
3 4621 4661 4622
3 4622 4661 4662
3 4622 4662 4623
3 4623 4662 4663
3 4623 4663 4624
3 4624 4663 4664
3 4624 4664 4625
3 4625 4664 4665
3 4625 4665 4626
3 4626 4665 4666
3 4626 4666 4627
3 4627 4666 4667
3 4627 4667 4628
3 4628 4667 4668
3 4628 4668 4629
3 4629 4668 4669
3 4629 4669 4630
3 4630 4669 4670
3 4630 4670 4631
3 4631 4670 4671
3 4631 4671 4632
3 4632 4671 4672
3 4632 4672 4633
3 4633 4672 4673
3 4633 4673 4634
3 4634 4673 4674
3 4634 4674 4635
3 4635 4674 4675
3 4635 4675 4636
3 4636 4675 4676
3 4636 4676 4637
3 4637 4676 4677
3 4637 4677 4638
3 4638 4677 4678
3 4638 4678 4639
3 4639 4678 4679
3 4640 4680 4641
3 4641 4680 4681
3 4641 4681 4642
3 4642 4681 4682
3 4642 4682 4643
3 4643 4682 4683
3 4643 4683 4644
3 4644 4683 4684
3 4644 4684 4645
3 4645 4684 4685
3 4645 4685 4646
3 4646 4685 4686
3 4646 4686 4647
3 4647 4686 4687
3 4647 4687 4648
3 4648 4687 4688
3 4648 4688 4649
3 4649 4688 4689
3 4649 4689 4650
3 4650 4689 4690
3 4650 4690 4651
3 4651 4690 4691
3 4651 4691 4652
3 4652 4691 4692
3 4652 4692 4653
3 4653 4692 4693
3 4653 4693 4654
3 4654 4693 4694
3 4654 4694 4655
3 4655 4694 4695
3 4655 4695 4656
3 4656 4695 4696
3 4656 4696 4657
3 4657 4696 4697
3 4657 4697 4658
3 4658 4697 4698
3 4658 4698 4659
3 4659 4698 4699
3 4659 4699 4660
3 4660 4699 4700
3 4660 4700 4661
3 4661 4700 4701
3 4661 4701 4662
3 4662 4701 4702
3 4662 4702 4663
3 4663 4702 4703
3 4663 4703 4664
3 4664 4703 4704
3 4664 4704 4665
3 4665 4704 4705
3 4665 4705 4666
3 4666 4705 4706
3 4666 4706 4667
3 4667 4706 4707
3 4667 4707 4668
3 4668 4707 4708
3 4668 4708 4669
3 4669 4708 4709
3 4669 4709 4670
3 4670 4709 4710
3 4670 4710 4671
3 4671 4710 4711
3 4671 4711 4672
3 4672 4711 4712
3 4672 4712 4673
3 4673 4712 4713
3 4673 4713 4674
3 4674 4713 4714
3 4674 4714 4675
3 4675 4714 4715
3 4675 4715 4676
3 4676 4715 4716
3 4676 4716 4677
3 4677 4716 4717
3 4677 4717 4678
3 4678 4717 4718
3 4678 4718 4679
3 4679 4718 4719
3 4680 4720 4681
3 4681 4720 4721
3 4681 4721 4682
3 4682 4721 4722
3 4682 4722 4683
3 4683 4722 4723
3 4683 4723 4684
3 4684 4723 4724
3 4684 4724 4685
3 4685 4724 4725
3 4685 4725 4686
3 4686 4725 4726
3 4686 4726 4687
3 4687 4726 4727
3 4687 4727 4688
3 4688 4727 4728
3 4688 4728 4689
3 4689 4728 4729
3 4689 4729 4690
3 4690 4729 4730
3 4690 4730 4691
3 4691 4730 4731
3 4691 4731 4692
3 4692 4731 4732
3 4692 4732 4693
3 4693 4732 4733
3 4693 4733 4694
3 4694 4733 4734
3 4694 4734 4695
3 4695 4734 4735
3 4695 4735 4696
3 4696 4735 4736
3 4696 4736 4697
3 4697 4736 4737
3 4697 4737 4698
3 4698 4737 4738
3 4698 4738 4699
3 4699 4738 4739
3 4699 4739 4700
3 4700 4739 4740
3 4700 4740 4701
3 4701 4740 4741
3 4701 4741 4702
3 4702 4741 4742
3 4702 4742 4703
3 4703 4742 4743
3 4703 4743 4704
3 4704 4743 4744
3 4704 4744 4705
3 4705 4744 4745
3 4705 4745 4706
3 4706 4745 4746
3 4706 4746 4707
3 4707 4746 4747
3 4707 4747 4708
3 4708 4747 4748
3 4708 4748 4709
3 4709 4748 4749
3 4709 4749 4710
3 4710 4749 4750
3 4710 4750 4711
3 4711 4750 4751
3 4711 4751 4712
3 4712 4751 4752
3 4712 4752 4713
3 4713 4752 4753
3 4713 4753 4714
3 4714 4753 4754
3 4714 4754 4715
3 4715 4754 4755
3 4715 4755 4716
3 4716 4755 4756
3 4716 4756 4717
3 4717 4756 4757
3 4717 4757 4718
3 4718 4757 4758
3 4718 4758 4719
3 4719 4758 4759
3 4720 4760 4721
3 4721 4760 4761
3 4721 4761 4722
3 4722 4761 4762
3 4722 4762 4723
3 4723 4762 4763
3 4723 4763 4724
3 4724 4763 4764
3 4724 4764 4725
3 4725 4764 4765
3 4725 4765 4726
3 4726 4765 4766
3 4726 4766 4727
3 4727 4766 4767
3 4727 4767 4728
3 4728 4767 4768
3 4728 4768 4729
3 4729 4768 4769
3 4729 4769 4730
3 4730 4769 4770
3 4730 4770 4731
3 4731 4770 4771
3 4731 4771 4732
3 4732 4771 4772
3 4732 4772 4733
3 4733 4772 4773
3 4733 4773 4734
3 4734 4773 4774
3 4734 4774 4735
3 4735 4774 4775
3 4735 4775 4736
3 4736 4775 4776
3 4736 4776 4737
3 4737 4776 4777
3 4737 4777 4738
3 4738 4777 4778
3 4738 4778 4739
3 4739 4778 4779
3 4739 4779 4740
3 4740 4779 4780
3 4740 4780 4741
3 4741 4780 4781
3 4741 4781 4742
3 4742 4781 4782
3 4742 4782 4743
3 4743 4782 4783
3 4743 4783 4744
3 4744 4783 4784
3 4744 4784 4745
3 4745 4784 4785
3 4745 4785 4746
3 4746 4785 4786
3 4746 4786 4747
3 4747 4786 4787
3 4747 4787 4748
3 4748 4787 4788
3 4748 4788 4749
3 4749 4788 4789
3 4749 4789 4750
3 4750 4789 4790
3 4750 4790 4751
3 4751 4790 4791
3 4751 4791 4752
3 4752 4791 4792
3 4752 4792 4753
3 4753 4792 4793
3 4753 4793 4754
3 4754 4793 4794
3 4754 4794 4755
3 4755 4794 4795
3 4755 4795 4756
3 4756 4795 4796
3 4756 4796 4757
3 4757 4796 4797
3 4757 4797 4758
3 4758 4797 4798
3 4758 4798 4759
3 4759 4798 4799
