# vtk DataFile Version 3.0
wing
ASCII
DATASET POLYDATA
POINTS 4800 float
-0.9802524207833829 0.19163737805716877 0.048788388779415874
-0.9551177433273987 0.18672359913262598 0.04753740445173854
-0.9299830658714145 0.18180982020808317 0.046286420124061214
-0.9048483884154305 0.17689604128354042 0.04503543579638389
-0.8797137109594463 0.1719822623589976 0.043784451468706555
-0.8545790335034621 0.16706848343445482 0.04253346714102922
-0.8294443560474779 0.16215470450991204 0.041282482813351895
-0.8043096785914936 0.15724092558536923 0.04003149848567456
-0.7791750011355095 0.15232714666082647 0.038780514157997235
-0.7540403236795253 0.14741336773628366 0.0375295298303199
-0.7289056462235411 0.14249958881174088 0.036278545502642576
-0.703770968767557 0.1375858098871981 0.03502756117496524
-0.6786362913115728 0.13267203096265529 0.03377657684728791
-0.6535016138555887 0.12775825203811253 0.03252559251961059
-0.6283669363996044 0.1228444731135697 0.03127460819193325
-0.6032322589436203 0.11793069418902694 0.030023623864255923
-0.5780975814876361 0.11301691526448415 0.028772639536578593
-0.5529629040316519 0.10810313633994136 0.027521655208901263
-0.5278282265756679 0.10318935741539859 0.026270670881223937
-0.5026935491196836 0.09827557849085578 0.0250196865535466
-0.4775588716636994 0.09336179956631299 0.023768702225869274
-0.45242419420771524 0.08844802064177021 0.022517717898191944
-0.42728951675173105 0.08353424171722741 0.02126673357051461
-0.4021548392957468 0.07862046279268461 0.02001574924283728
-0.3770201618397626 0.07370668386814183 0.01876476491515995
-0.35188548438377854 0.06879290494359906 0.017513780587482625
-0.32675080692779435 0.06387912601905626 0.016262796259805295
-0.30161612947181016 0.05896534709451347 0.015011811932127962
-0.27648145201582597 0.05405156816997068 0.013760827604450632
-0.2513467745598418 0.04913778924542789 0.0125098432767733
-0.22621209710385767 0.04422401032088511 0.011258858949095974
-0.20107741964787346 0.03931023139634232 0.010007874621418644
-0.17594274219188927 0.03439645247179953 0.008756890293741312
-0.15080806473590508 0.029482673547256734 0.007505905966063981
-0.1256733872799209 0.024568894622713944 0.00625492163838665
-0.10053870982393678 0.01965511569817117 0.0050039373107093246
-0.0754040323679526 0.014741336773628377 0.0037529529830319934
-0.05026935491196839 0.009827557849085585 0.0025019686553546623
-0.025134677455984196 0.004913778924542793 0.0012509843276773311
0.0 0.0 0.0
-0.9802524207833829 0.19682051059631914 0.028429406759812013
-0.9551177433273987 0.19190673167177635 0.02717842243213468
-0.9299830658714145 0.18699295274723354 0.025927438104457353
-0.9048483884154305 0.1820791738226908 0.024676453776780027
-0.8797137109594463 0.17716539489814798 0.023425469449102693
-0.8545790335034621 0.1722516159736052 0.02217448512142536
-0.8294443560474779 0.1673378370490624 0.020923500793748034
-0.8043096785914936 0.1624240581245196 0.0196725164660707
-0.7791750011355095 0.15751027919997684 0.018421532138393374
-0.7540403236795253 0.15259650027543403 0.01717054781071604
-0.7289056462235411 0.14768272135089125 0.015919563483038714
-0.703770968767557 0.14276894242634847 0.014668579155361381
-0.6786362913115728 0.13785516350180566 0.013417594827684048
-0.6535016138555887 0.1329413845772629 0.012166610500006728
-0.6283669363996044 0.12802760565272006 0.010915626172329388
-0.6032322589436203 0.12311382672817729 0.009664641844652062
-0.5780975814876361 0.11820004780363451 0.008413657516974732
-0.5529629040316519 0.11328626887909171 0.007162673189297403
-0.5278282265756679 0.10837248995454894 0.0059116888616200765
-0.5026935491196836 0.10345871103000613 0.00466070453394274
-0.4775588716636994 0.09854493210546335 0.0034097202062654134
-0.45242419420771524 0.09363115318092056 0.0021587358785880835
-0.42728951675173105 0.08871737425637777 0.0009077515509107501
-0.4021548392957468 0.08380359533183497 -0.0003432327767665797
-0.3770201618397626 0.07888981640729219 -0.0015942171044439095
-0.35188548438377854 0.07397603748274942 -0.002845201432121236
-0.32675080692779435 0.06906225855820662 -0.004096185759798566
-0.30161612947181016 0.06414847963366382 -0.005347170087475899
-0.27648145201582597 0.059234700709121034 -0.006598154415153229
-0.2513467745598418 0.054320921784578244 -0.007849138742830561
-0.22621209710385767 0.04940714286003547 -0.009100123070507888
-0.20107741964787346 0.04449336393549268 -0.010351107398185217
-0.17594274219188927 0.03957958501094989 -0.011602091725862549
-0.15080806473590508 0.03466580608640709 -0.01285307605353988
-0.1256733872799209 0.029752027161864304 -0.01410406038121721
-0.10053870982393678 0.02483824823732153 -0.015355044708894537
-0.0754040323679526 0.019924469312778737 -0.01660602903657187
-0.05026935491196839 0.015010690388235945 -0.017857013364249198
-0.025134677455984196 0.010096911463693152 -0.019107997691926528
0.0 0.005183132539150359 -0.02035898201960386
-0.9802524207833829 0.20200364313546948 0.008070424740208153
-0.9551177433273987 0.1970898642109267 0.00681944041253082
-0.9299830658714145 0.19217608528638389 0.005568456084853493
-0.9048483884154305 0.18726230636184113 0.004317471757176167
-0.8797137109594463 0.18234852743729832 0.0030664874294988338
-0.8545790335034621 0.17743474851275554 0.0018155031018215002
-0.8294443560474779 0.17252096958821275 0.0005645187741441739
-0.8043096785914936 0.16760719066366994 -0.0006864655535331594
-0.7791750011355095 0.16269341173912719 -0.0019374498812104858
-0.7540403236795253 0.15777963281458438 -0.003188434208887819
-0.7289056462235411 0.1528658538900416 -0.004439418536565145
-0.703770968767557 0.1479520749654988 -0.005690402864242479
-0.6786362913115728 0.143038296040956 -0.006941387191919812
-0.6535016138555887 0.13812451711641324 -0.008192371519597131
-0.6283669363996044 0.13321073819187043 -0.009443355847274472
-0.6032322589436203 0.12829695926732765 -0.010694340174951798
-0.5780975814876361 0.12338318034278487 -0.011945324502629128
-0.5529629040316519 0.11846940141824207 -0.013196308830306458
-0.5278282265756679 0.1135556224936993 -0.014447293157983784
-0.5026935491196836 0.10864184356915649 -0.015698277485661122
-0.4775588716636994 0.1037280646446137 -0.01694926181333845
-0.45242419420771524 0.09881428572007092 -0.01820024614101578
-0.42728951675173105 0.09390050679552812 -0.019451230468693112
-0.4021548392957468 0.08898672787098533 -0.020702214796370442
-0.3770201618397626 0.08407294894644254 -0.02195319912404777
-0.35188548438377854 0.07915917002189977 -0.023204183451725098
-0.32675080692779435 0.07424539109735698 -0.024455167779402428
-0.30161612947181016 0.06933161217281418 -0.02570615210707976
-0.27648145201582597 0.0644178332482714 -0.02695713643475709
-0.2513467745598418 0.05950405432372861 -0.02820812076243442
-0.22621209710385767 0.05459027539918583 -0.029459105090111747
-0.20107741964787346 0.04967649647464304 -0.030710089417789077
-0.17594274219188927 0.04476271755010025 -0.03196107374546641
-0.15080806473590508 0.039848938625557453 -0.033212058073143744
-0.1256733872799209 0.03493515970101466 -0.03446304240082107
-0.10053870982393678 0.03002138077647189 -0.035714026728498396
-0.0754040323679526 0.025107601851929097 -0.03696501105617573
-0.05026935491196839 0.020193822927386303 -0.038215995383853056
-0.025134677455984196 0.015280044002843511 -0.03946697971153039
0.0 0.010366265078300718 -0.04071796403920772
-0.9802524207833829 0.20718677567461985 -0.012288557279395701
-0.9551177433273987 0.20227299675007707 -0.013539541607073035
-0.9299830658714145 0.19735921782553426 -0.014790525934750361
-0.9048483884154305 0.1924454389009915 -0.016041510262427686
-0.8797137109594463 0.1875316599764487 -0.01729249459010502
-0.8545790335034621 0.1826178810519059 -0.018543478917782352
-0.8294443560474779 0.17770410212736312 -0.01979446324545968
-0.8043096785914936 0.1727903232028203 -0.021045447573137012
-0.7791750011355095 0.16787654427827756 -0.02229643190081434
-0.7540403236795253 0.16296276535373475 -0.02354741622849167
-0.7289056462235411 0.15804898642919196 -0.024798400556168998
-0.703770968767557 0.15313520750464918 -0.02604938488384633
-0.6786362913115728 0.14822142858010637 -0.027300369211523665
-0.6535016138555887 0.1433076496555636 -0.028551353539200984
-0.6283669363996044 0.13839387073102077 -0.029802337866878324
-0.6032322589436203 0.13348009180647802 -0.03105332219455565
-0.5780975814876361 0.12856631288193524 -0.032304306522232984
-0.5529629040316519 0.12365253395739242 -0.03355529084991031
-0.5278282265756679 0.11873875503284965 -0.03480627517758764
-0.5026935491196836 0.11382497610830684 -0.03605725950526498
-0.4775588716636994 0.10891119718376406 -0.0373082438329423
-0.45242419420771524 0.10399741825922128 -0.03855922816061963
-0.42728951675173105 0.09908363933467848 -0.03981021248829696
-0.4021548392957468 0.09416986041013568 -0.041061196815974296
-0.3770201618397626 0.0892560814855929 -0.04231218114365162
-0.35188548438377854 0.08434230256105013 -0.04356316547132895
-0.32675080692779435 0.07942852363650733 -0.04481414979900628
-0.30161612947181016 0.07451474471196454 -0.046065134126683616
-0.27648145201582597 0.06960096578742175 -0.04731611845436094
-0.2513467745598418 0.06468718686287896 -0.048567102782038275
-0.22621209710385767 0.05977340793833619 -0.0498180871097156
-0.20107741964787346 0.0548596290137934 -0.05106907143739293
-0.17594274219188927 0.04994585008925061 -0.05232005576507026
-0.15080806473590508 0.04503207116470781 -0.053571040092747595
-0.1256733872799209 0.04011829224016502 -0.05482202442042493
-0.10053870982393678 0.03520451331562224 -0.05607300874810225
-0.0754040323679526 0.030290734391079453 -0.05732399307577958
-0.05026935491196839 0.02537695546653666 -0.058574977403456914
-0.025134677455984196 0.02046317654199387 -0.05982596173113425
0.0 0.015549397617451076 -0.061076946058811574
-0.9802524207833829 0.2123699082137702 -0.03264753929899957
-0.9551177433273987 0.2074561292892274 -0.033898523626676905
-0.9299830658714145 0.2025423503646846 -0.03514950795435423
-0.9048483884154305 0.19762857144014184 -0.03640049228203156
-0.8797137109594463 0.19271479251559903 -0.03765147660970889
-0.8545790335034621 0.18780101359105625 -0.038902460937386224
-0.8294443560474779 0.18288723466651347 -0.04015344526506355
-0.8043096785914936 0.17797345574197065 -0.041404429592740884
-0.7791750011355095 0.1730596768174279 -0.04265541392041821
-0.7540403236795253 0.1681458978928851 -0.04390639824809554
-0.7289056462235411 0.1632321189683423 -0.04515738257577287
-0.703770968767557 0.15831834004379952 -0.0464083669034502
-0.6786362913115728 0.1534045611192567 -0.047659351231127536
-0.6535016138555887 0.14849078219471396 -0.048910335558804856
-0.6283669363996044 0.14357700327017114 -0.050161319886482196
-0.6032322589436203 0.13866322434562836 -0.05141230421415952
-0.5780975814876361 0.13374944542108558 -0.05266328854183685
-0.5529629040316519 0.1288356664965428 -0.05391427286951418
-0.5278282265756679 0.12392188757200003 -0.05516525719719151
-0.5026935491196836 0.11900810864745721 -0.05641624152486884
-0.4775588716636994 0.11409432972291443 -0.05766722585254617
-0.45242419420771524 0.10918055079837165 -0.0589182101802235
-0.42728951675173105 0.10426677187382885 -0.060169194507900835
-0.4021548392957468 0.09935299294928605 -0.06142017883557816
-0.3770201618397626 0.09443921402474327 -0.0626711631632555
-0.35188548438377854 0.0895254351002005 -0.06392214749093282
-0.32675080692779435 0.0846116561756577 -0.06517313181861015
-0.30161612947181016 0.07969787725111491 -0.06642411614628749
-0.27648145201582597 0.07478409832657211 -0.06767510047396481
-0.2513467745598418 0.06987031940202933 -0.06892608480164214
-0.22621209710385767 0.06495654047748654 -0.07017706912931947
-0.20107741964787346 0.06004276155294376 -0.07142805345699679
-0.17594274219188927 0.05512898262840097 -0.07267903778467413
-0.15080806473590508 0.05021520370385817 -0.07393002211235146
-0.1256733872799209 0.04530142477931538 -0.07518100644002879
-0.10053870982393678 0.04038764585477261 -0.07643199076770611
-0.0754040323679526 0.035473866930229817 -0.07768297509538345
-0.05026935491196839 0.030560088005687023 -0.07893395942306078
-0.025134677455984196 0.02564630908114423 -0.0801849437507381
0.0 0.020732530156601436 -0.08143592807841545
-0.9802524207833829 0.21755304075292056 -0.053006521318603436
-0.9551177433273987 0.21263926182837778 -0.05425750564628077
-0.9299830658714145 0.20772548290383497 -0.055508489973958096
-0.9048483884154305 0.2028117039792922 -0.05675947430163542
-0.8797137109594463 0.1978979250547494 -0.058010458629312756
-0.8545790335034621 0.19298414613020662 -0.05926144295699009
-0.8294443560474779 0.18807036720566384 -0.060512427284667415
-0.8043096785914936 0.18315658828112102 -0.06176341161234475
-0.7791750011355095 0.17824280935657827 -0.06301439594002207
-0.7540403236795253 0.17332903043203546 -0.0642653802676994
-0.7289056462235411 0.16841525150749267 -0.06551636459537673
-0.703770968767557 0.1635014725829499 -0.06676734892305407
-0.6786362913115728 0.15858769365840708 -0.0680183332507314
-0.6535016138555887 0.15367391473386433 -0.06926931757840872
-0.6283669363996044 0.14876013580932151 -0.07052030190608606
-0.6032322589436203 0.14384635688477873 -0.07177128623376339
-0.5780975814876361 0.13893257796023595 -0.07302227056144071
-0.5529629040316519 0.13401879903569316 -0.07427325488911804
-0.5278282265756679 0.12910502011115038 -0.07552423921679537
-0.5026935491196836 0.12419124118660757 -0.0767752235444727
-0.4775588716636994 0.11927746226206479 -0.07802620787215003
-0.45242419420771524 0.114363683337522 -0.07927719219982736
-0.42728951675173105 0.10944990441297921 -0.0805281765275047
-0.4021548392957468 0.10453612548843641 -0.08177916085518203
-0.3770201618397626 0.09962234656389363 -0.08303014518285935
-0.35188548438377854 0.09470856763935086 -0.08428112951053668
-0.32675080692779435 0.08979478871480806 -0.08553211383821402
-0.30161612947181016 0.08488100979026526 -0.08678309816589135
-0.27648145201582597 0.07996723086572248 -0.08803408249356867
-0.2513467745598418 0.07505345194117968 -0.08928506682124601
-0.22621209710385767 0.07013967301663691 -0.09053605114892334
-0.20107741964787346 0.06522589409209412 -0.09178703547660066
-0.17594274219188927 0.060312115167551326 -0.09303801980427799
-0.15080806473590508 0.05539833624300853 -0.09428900413195533
-0.1256733872799209 0.05048455731846574 -0.09553998845963266
-0.10053870982393678 0.04557077839392297 -0.09679097278730998
-0.0754040323679526 0.04065699946938017 -0.09804195711498731
-0.05026935491196839 0.03574322054483738 -0.09929294144266465
-0.025134677455984196 0.03082944162029459 -0.10054392577034198
0.0 0.0259156626957518 -0.1017949100980193
-0.9802524207833829 0.2227361732920709 -0.07336550333820728
-0.9551177433273987 0.21782239436752812 -0.0746164876658846
-0.9299830658714145 0.2129086154429853 -0.07586747199356193
-0.9048483884154305 0.20799483651844256 -0.07711845632123926
-0.8797137109594463 0.20308105759389974 -0.0783694406489166
-0.8545790335034621 0.19816727866935696 -0.07962042497659393
-0.8294443560474779 0.19325349974481418 -0.08087140930427125
-0.8043096785914936 0.18833972082027137 -0.08212239363194859
-0.7791750011355095 0.1834259418957286 -0.08337337795962592
-0.7540403236795253 0.1785121629711858 -0.08462436228730325
-0.7289056462235411 0.17359838404664302 -0.08587534661498057
-0.703770968767557 0.16868460512210023 -0.08712633094265791
-0.6786362913115728 0.16377082619755742 -0.08837731527033524
-0.6535016138555887 0.15885704727301467 -0.08962829959801256
-0.6283669363996044 0.15394326834847186 -0.0908792839256899
-0.6032322589436203 0.14902948942392907 -0.09213026825336723
-0.5780975814876361 0.1441157104993863 -0.09338125258104456
-0.5529629040316519 0.1392019315748435 -0.09463223690872188
-0.5278282265756679 0.13428815265030072 -0.09588322123639921
-0.5026935491196836 0.1293743737257579 -0.09713420556407655
-0.4775588716636994 0.12446059480121514 -0.09838518989175388
-0.45242419420771524 0.11954681587667236 -0.0996361742194312
-0.42728951675173105 0.11463303695212956 -0.10088715854710854
-0.4021548392957468 0.10971925802758677 -0.10213814287478587
-0.3770201618397626 0.10480547910304398 -0.1033891272024632
-0.35188548438377854 0.09989170017850121 -0.10464011153014052
-0.32675080692779435 0.09497792125395842 -0.10589109585781785
-0.30161612947181016 0.09006414232941562 -0.10714208018549519
-0.27648145201582597 0.08515036340487282 -0.10839306451317252
-0.2513467745598418 0.08023658448033004 -0.10964404884084986
-0.22621209710385767 0.07532280555578726 -0.11089503316852718
-0.20107741964787346 0.07040902663124447 -0.11214601749620451
-0.17594274219188927 0.06549524770670168 -0.11339700182388184
-0.15080806473590508 0.060581468782158886 -0.11464798615155918
-0.1256733872799209 0.055667689857616096 -0.1158989704792365
-0.10053870982393678 0.05075391093307332 -0.11714995480691383
-0.0754040323679526 0.04584013200853053 -0.11840093913459115
-0.05026935491196839 0.04092635308398774 -0.1196519234622685
-0.025134677455984196 0.03601257415944494 -0.12090290778994582
0.0 0.031098795234902152 -0.12215389211762315
-0.9802524207833829 0.22791930583122127 -0.09372448535781114
-0.9551177433273987 0.2230055269066785 -0.09497546968548848
-0.9299830658714145 0.21809174798213568 -0.0962264540131658
-0.9048483884154305 0.21317796905759293 -0.09747743834084313
-0.8797137109594463 0.20826419013305011 -0.09872842266852046
-0.8545790335034621 0.20335041120850733 -0.0999794069961978
-0.8294443560474779 0.19843663228396455 -0.10123039132387512
-0.8043096785914936 0.19352285335942174 -0.10248137565155245
-0.7791750011355095 0.18860907443487898 -0.10373235997922978
-0.7540403236795253 0.18369529551033617 -0.10498334430690712
-0.7289056462235411 0.1787815165857934 -0.10623432863458444
-0.703770968767557 0.1738677376612506 -0.10748531296226177
-0.6786362913115728 0.1689539587367078 -0.10873629728993911
-0.6535016138555887 0.16404017981216504 -0.10998728161761642
-0.6283669363996044 0.15912640088762223 -0.11123826594529376
-0.6032322589436203 0.15421262196307944 -0.11248925027297109
-0.5780975814876361 0.14929884303853666 -0.11374023460064843
-0.5529629040316519 0.14438506411399388 -0.11499121892832576
-0.5278282265756679 0.1394712851894511 -0.11624220325600308
-0.5026935491196836 0.13455750626490828 -0.11749318758368042
-0.4775588716636994 0.1296437273403655 -0.11874417191135775
-0.45242419420771524 0.12472994841582272 -0.11999515623903508
-0.42728951675173105 0.11981616949127992 -0.1212461405667124
-0.4021548392957468 0.11490239056673712 -0.12249712489438974
-0.3770201618397626 0.10998861164219434 -0.12374810922206707
-0.35188548438377854 0.10507483271765157 -0.1249990935497444
-0.32675080692779435 0.10016105379310877 -0.12625007787742173
-0.30161612947181016 0.09524727486856598 -0.12750106220509905
-0.27648145201582597 0.09033349594402319 -0.1287520465327764
-0.2513467745598418 0.0854197170194804 -0.13000303086045373
-0.22621209710385767 0.08050593809493763 -0.13125401518813104
-0.20107741964787346 0.07559215917039483 -0.13250499951580838
-0.17594274219188927 0.07067838024585205 -0.1337559838434857
-0.15080806473590508 0.06576460132130925 -0.13500696817116303
-0.1256733872799209 0.06085082239676646 -0.13625795249884037
-0.10053870982393678 0.05593704347222368 -0.13750893682651769
-0.0754040323679526 0.05102326454768089 -0.13875992115419503
-0.05026935491196839 0.046109485623138095 -0.14001090548187237
-0.025134677455984196 0.041195706698595305 -0.14126188980954968
0.0 0.036281927774052515 -0.14251287413722702
-0.9802524207833829 0.23310243837037165 -0.11408346737741501
-0.9551177433273987 0.22818865944582886 -0.11533445170509235
-0.9299830658714145 0.22327488052128605 -0.11658543603276968
-0.9048483884154305 0.2183611015967433 -0.117836420360447
-0.8797137109594463 0.21344732267220048 -0.11908740468812433
-0.8545790335034621 0.2085335437476577 -0.12033838901580167
-0.8294443560474779 0.20361976482311492 -0.121589373343479
-0.8043096785914936 0.1987059858985721 -0.12284035767115632
-0.7791750011355095 0.19379220697402935 -0.12409134199883365
-0.7540403236795253 0.18887842804948654 -0.125342326326511
-0.7289056462235411 0.18396464912494376 -0.1265933106541883
-0.703770968767557 0.17905087020040097 -0.12784429498186564
-0.6786362913115728 0.17413709127585816 -0.12909527930954298
-0.6535016138555887 0.1692233123513154 -0.1303462636372203
-0.6283669363996044 0.16430953342677257 -0.13159724796489763
-0.6032322589436203 0.15939575450222981 -0.13284823229257497
-0.5780975814876361 0.15448197557768703 -0.1340992166202523
-0.5529629040316519 0.14956819665314422 -0.13535020094792963
-0.5278282265756679 0.14465441772860146 -0.13660118527560694
-0.5026935491196836 0.13974063880405865 -0.13785216960328428
-0.4775588716636994 0.13482685987951587 -0.13910315393096162
-0.45242419420771524 0.1299130809549731 -0.14035413825863893
-0.42728951675173105 0.12499930203043029 -0.14160512258631627
-0.4021548392957468 0.12008552310588749 -0.1428561069139936
-0.3770201618397626 0.11517174418134471 -0.14410709124167093
-0.35188548438377854 0.11025796525680194 -0.14535807556934827
-0.32675080692779435 0.10534418633225914 -0.14660905989702558
-0.30161612947181016 0.10043040740771635 -0.14786004422470292
-0.27648145201582597 0.09551662848317355 -0.14911102855238026
-0.2513467745598418 0.09060284955863077 -0.15036201288005757
-0.22621209710385767 0.08568907063408798 -0.1516129972077349
-0.20107741964787346 0.0807752917095452 -0.15286398153541225
-0.17594274219188927 0.0758615127850024 -0.15411496586308956
-0.15080806473590508 0.0709477338604596 -0.1553659501907669
-0.1256733872799209 0.06603395493591682 -0.15661693451844425
-0.10053870982393678 0.061120176011374046 -0.15786791884612156
-0.0754040323679526 0.05620639708683125 -0.1591189031737989
-0.05026935491196839 0.05129261816228846 -0.1603698875014762
-0.025134677455984196 0.04637883923774567 -0.16162087182915355
0.0 0.04146506031320287 -0.1628718561568309
-0.9802524207833829 0.238285570909522 -0.13444244939701888
-0.9551177433273987 0.2333717919849792 -0.13569343372469622
-0.9299830658714145 0.2284580130604364 -0.13694441805237353
-0.9048483884154305 0.22354423413589364 -0.13819540238005087
-0.8797137109594463 0.21863045521135083 -0.1394463867077282
-0.8545790335034621 0.21371667628680804 -0.14069737103540553
-0.8294443560474779 0.20880289736226526 -0.14194835536308287
-0.8043096785914936 0.20388911843772245 -0.14319933969076018
-0.7791750011355095 0.1989753395131797 -0.14445032401843752
-0.7540403236795253 0.19406156058863688 -0.14570130834611486
-0.7289056462235411 0.1891477816640941 -0.14695229267379217
-0.703770968767557 0.18423400273955132 -0.1482032770014695
-0.6786362913115728 0.1793202238150085 -0.14945426132914685
-0.6535016138555887 0.17440644489046575 -0.15070524565682417
-0.6283669363996044 0.16949266596592294 -0.1519562299845015
-0.6032322589436203 0.16457888704138016 -0.15320721431217882
-0.5780975814876361 0.15966510811683737 -0.15445819863985616
-0.5529629040316519 0.1547513291922946 -0.1557091829675335
-0.5278282265756679 0.1498375502677518 -0.1569601672952108
-0.5026935491196836 0.144923771343209 -0.15821115162288815
-0.4775588716636994 0.1400099924186662 -0.15946213595056546
-0.45242419420771524 0.13509621349412343 -0.1607131202782428
-0.42728951675173105 0.13018243456958065 -0.16196410460592015
-0.4021548392957468 0.12526865564503784 -0.16321508893359746
-0.3770201618397626 0.12035487672049507 -0.1644660732612748
-0.35188548438377854 0.1154410977959523 -0.16571705758895214
-0.32675080692779435 0.1105273188714095 -0.16696804191662945
-0.30161612947181016 0.1056135399468667 -0.1682190262443068
-0.27648145201582597 0.1006997610223239 -0.16947001057198413
-0.2513467745598418 0.09578598209778112 -0.17072099489966144
-0.22621209710385767 0.09087220317323834 -0.17197197922733878
-0.20107741964787346 0.08595842424869556 -0.1732229635550161
-0.17594274219188927 0.08104464532415276 -0.17447394788269344
-0.15080806473590508 0.07613086639960996 -0.17572493221037078
-0.1256733872799209 0.07121708747506718 -0.1769759165380481
-0.10053870982393678 0.06630330855052441 -0.17822690086572543
-0.0754040323679526 0.06138952962598161 -0.17947788519340277
-0.05026935491196839 0.05647575070143882 -0.18072886952108008
-0.025134677455984196 0.051561971776896025 -0.18197985384875742
0.0 0.046648192852353235 -0.18323083817643476
-0.9802524207833829 0.24346870344867236 -0.15480143141662275
-0.9551177433273987 0.23855492452412957 -0.15605241574430007
-0.9299830658714145 0.23364114559958676 -0.1573034000719774
-0.9048483884154305 0.228727366675044 -0.15855438439965472
-0.8797137109594463 0.2238135877505012 -0.15980536872733206
-0.8545790335034621 0.21889980882595841 -0.1610563530550094
-0.8294443560474779 0.21398602990141563 -0.1623073373826867
-0.8043096785914936 0.20907225097687282 -0.16355832171036405
-0.7791750011355095 0.20415847205233006 -0.1648093060380414
-0.7540403236795253 0.19924469312778725 -0.1660602903657187
-0.7289056462235411 0.19433091420324447 -0.16731127469339604
-0.703770968767557 0.1894171352787017 -0.16856225902107339
-0.6786362913115728 0.18450335635415888 -0.1698132433487507
-0.6535016138555887 0.17958957742961612 -0.17106422767642804
-0.6283669363996044 0.1746757985050733 -0.17231521200410538
-0.6032322589436203 0.16976201958053053 -0.1735661963317827
-0.5780975814876361 0.16484824065598774 -0.17481718065946003
-0.5529629040316519 0.15993446173144496 -0.17606816498713734
-0.5278282265756679 0.15502068280690218 -0.17731914931481468
-0.5026935491196836 0.15010690388235937 -0.17857013364249202
-0.4775588716636994 0.14519312495781658 -0.17982111797016934
-0.45242419420771524 0.1402793460332738 -0.18107210229784668
-0.42728951675173105 0.13536556710873102 -0.18232308662552402
-0.4021548392957468 0.1304517881841882 -0.18357407095320133
-0.3770201618397626 0.12553800925964542 -0.18482505528087867
-0.35188548438377854 0.12062423033510265 -0.18607603960855598
-0.32675080692779435 0.11571045141055986 -0.18732702393623332
-0.30161612947181016 0.11079667248601706 -0.18857800826391066
-0.27648145201582597 0.10588289356147428 -0.18982899259158798
-0.2513467745598418 0.10096911463693148 -0.19107997691926532
-0.22621209710385767 0.09605533571238871 -0.19233096124694266
-0.20107741964787346 0.09114155678784591 -0.19358194557461997
-0.17594274219188927 0.08622777786330313 -0.1948329299022973
-0.15080806473590508 0.08131399893876033 -0.19608391422997465
-0.1256733872799209 0.07640022001421753 -0.19733489855765196
-0.10053870982393678 0.07148644108967477 -0.1985858828853293
-0.0754040323679526 0.06657266216513197 -0.1998368672130066
-0.05026935491196839 0.06165888324058918 -0.20108785154068395
-0.025134677455984196 0.05674510431604639 -0.2023388358683613
0.0 0.0518313253915036 -0.2035898201960386
-0.9802524207833829 0.24865183598782273 -0.1751604134362266
-0.9551177433273987 0.24373805706327994 -0.1764113977639039
-0.9299830658714145 0.23882427813873713 -0.17766238209158125
-0.9048483884154305 0.23391049921419438 -0.17891336641925856
-0.8797137109594463 0.22899672028965157 -0.1801643507469359
-0.8545790335034621 0.22408294136510878 -0.18141533507461324
-0.8294443560474779 0.219169162440566 -0.18266631940229056
-0.8043096785914936 0.2142553835160232 -0.1839173037299679
-0.7791750011355095 0.20934160459148043 -0.18516828805764524
-0.7540403236795253 0.20442782566693762 -0.18641927238532255
-0.7289056462235411 0.19951404674239484 -0.1876702567129999
-0.703770968767557 0.19460026781785206 -0.18892124104067723
-0.6786362913115728 0.18968648889330925 -0.19017222536835454
-0.6535016138555887 0.1847727099687665 -0.19142320969603188
-0.6283669363996044 0.17985893104422365 -0.19267419402370922
-0.6032322589436203 0.1749451521196809 -0.19392517835138653
-0.5780975814876361 0.1700313731951381 -0.19517616267906387
-0.5529629040316519 0.1651175942705953 -0.1964271470067412
-0.5278282265756679 0.16020381534605255 -0.19767813133441853
-0.5026935491196836 0.15529003642150974 -0.19892911566209587
-0.4775588716636994 0.15037625749696695 -0.20018009998977318
-0.45242419420771524 0.14546247857242417 -0.20143108431745052
-0.42728951675173105 0.14054869964788136 -0.20268206864512786
-0.4021548392957468 0.13563492072333858 -0.20393305297280517
-0.3770201618397626 0.1307211417987958 -0.2051840373004825
-0.35188548438377854 0.125807362874253 -0.20643502162815983
-0.32675080692779435 0.12089358394971021 -0.20768600595583717
-0.30161612947181016 0.11597980502516742 -0.2089369902835145
-0.27648145201582597 0.11106602610062463 -0.21018797461119182
-0.2513467745598418 0.10615224717608183 -0.21143895893886916
-0.22621209710385767 0.10123846825153907 -0.2126899432665465
-0.20107741964787346 0.09632468932699627 -0.2139409275942238
-0.17594274219188927 0.09141091040245349 -0.21519191192190115
-0.15080806473590508 0.08649713147791069 -0.2164428962495785
-0.1256733872799209 0.08158335255336789 -0.2176938805772558
-0.10053870982393678 0.07666957362882512 -0.21894486490493315
-0.0754040323679526 0.07175579470428232 -0.22019584923261046
-0.05026935491196839 0.06684201577973954 -0.2214468335602878
-0.025134677455984196 0.061928236855196744 -0.22269781788796514
0.0 0.05701445793065395 -0.22394880221564245
-0.9802524207833829 0.25383496852697307 -0.1955193954558304
-0.9551177433273987 0.2489211896024303 -0.19677037978350775
-0.9299830658714145 0.24400741067788748 -0.1980213641111851
-0.9048483884154305 0.23909363175334472 -0.1992723484388624
-0.8797137109594463 0.2341798528288019 -0.20052333276653975
-0.8545790335034621 0.22926607390425913 -0.2017743170942171
-0.8294443560474779 0.22435229497971634 -0.2030253014218944
-0.8043096785914936 0.21943851605517353 -0.20427628574957174
-0.7791750011355095 0.21452473713063078 -0.20552727007724905
-0.7540403236795253 0.20961095820608797 -0.2067782544049264
-0.7289056462235411 0.20469717928154518 -0.20802923873260373
-0.703770968767557 0.1997834003570024 -0.20928022306028105
-0.6786362913115728 0.1948696214324596 -0.21053120738795839
-0.6535016138555887 0.18995584250791683 -0.2117821917156357
-0.6283669363996044 0.185042063583374 -0.21303317604331304
-0.6032322589436203 0.18012828465883124 -0.21428416037099038
-0.5780975814876361 0.17521450573428846 -0.21553514469866772
-0.5529629040316519 0.17030072680974565 -0.21678612902634503
-0.5278282265756679 0.1653869478852029 -0.21803711335402237
-0.5026935491196836 0.16047316896066008 -0.2192880976816997
-0.4775588716636994 0.1555593900361173 -0.22053908200937702
-0.45242419420771524 0.1506456111115745 -0.22179006633705436
-0.42728951675173105 0.1457318321870317 -0.22304105066473168
-0.4021548392957468 0.14081805326248892 -0.22429203499240902
-0.3770201618397626 0.13590427433794613 -0.22554301932008636
-0.35188548438377854 0.13099049541340335 -0.22679400364776367
-0.32675080692779435 0.12607671648886057 -0.228044987975441
-0.30161612947181016 0.12116293756431777 -0.22929597230311835
-0.27648145201582597 0.11624915863977497 -0.23054695663079566
-0.2513467745598418 0.11133537971523219 -0.231797940958473
-0.22621209710385767 0.10642160079068941 -0.23304892528615032
-0.20107741964787346 0.10150782186614662 -0.23429990961382766
-0.17594274219188927 0.09659404294160383 -0.235550893941505
-0.15080806473590508 0.09168026401706103 -0.2368018782691823
-0.1256733872799209 0.08676648509251825 -0.23805286259685965
-0.10053870982393678 0.08185270616797548 -0.239303846924537
-0.0754040323679526 0.07693892724343268 -0.2405548312522143
-0.05026935491196839 0.07202514831888988 -0.24180581557989164
-0.025134677455984196 0.0671113693943471 -0.24305679990756898
0.0 0.062197590469804304 -0.2443077842352463
-0.9802524207833829 0.25901810106612344 -0.2158783774754343
-0.9551177433273987 0.25410432214158063 -0.21712936180311165
-0.9299830658714145 0.24919054321703785 -0.218380346130789
-0.9048483884154305 0.2442767642924951 -0.2196313304584663
-0.8797137109594463 0.23936298536795228 -0.22088231478614365
-0.8545790335034621 0.2344492064434095 -0.222133299113821
-0.8294443560474779 0.2295354275188667 -0.2233842834414983
-0.8043096785914936 0.2246216485943239 -0.22463526776917564
-0.7791750011355095 0.21970786966978115 -0.22588625209685295
-0.7540403236795253 0.21479409074523834 -0.2271372364245303
-0.7289056462235411 0.20988031182069555 -0.22838822075220763
-0.703770968767557 0.20496653289615277 -0.22963920507988494
-0.6786362913115728 0.20005275397160996 -0.23089018940756229
-0.6535016138555887 0.1951389750470672 -0.2321411737352396
-0.6283669363996044 0.19022519612252436 -0.23339215806291694
-0.6032322589436203 0.1853114171979816 -0.23464314239059428
-0.5780975814876361 0.18039763827343883 -0.2358941267182716
-0.5529629040316519 0.17548385934889602 -0.23714511104594893
-0.5278282265756679 0.17057008042435326 -0.23839609537362627
-0.5026935491196836 0.16565630149981045 -0.23964707970130358
-0.4775588716636994 0.16074252257526767 -0.24089806402898092
-0.45242419420771524 0.15582874365072488 -0.24214904835665826
-0.42728951675173105 0.15091496472618207 -0.24340003268433558
-0.4021548392957468 0.1460011858016393 -0.24465101701201292
-0.3770201618397626 0.1410874068770965 -0.24590200133969026
-0.35188548438377854 0.13617362795255372 -0.24715298566736757
-0.32675080692779435 0.13125984902801094 -0.2484039699950449
-0.30161612947181016 0.12634607010346813 -0.24965495432272222
-0.27648145201582597 0.12143229117892534 -0.25090593865039956
-0.2513467745598418 0.11651851225438256 -0.2521569229780769
-0.22621209710385767 0.11160473332983978 -0.25340790730575424
-0.20107741964787346 0.106690954405297 -0.25465889163343153
-0.17594274219188927 0.1017771754807542 -0.25590987596110887
-0.15080806473590508 0.0968633965562114 -0.2571608602887862
-0.1256733872799209 0.09194961763166862 -0.25841184461646355
-0.10053870982393678 0.08703583870712585 -0.2596628289441409
-0.0754040323679526 0.08212205978258305 -0.2609138132718182
-0.05026935491196839 0.07720828085804025 -0.2621647975994955
-0.025134677455984196 0.07229450193349746 -0.26341578192717285
0.0 0.06738072300895467 -0.2646667662548502
-0.9802524207833829 0.2642012336052738 -0.23623735949503816
-0.9551177433273987 0.259287454680731 -0.2374883438227155
-0.9299830658714145 0.2543736757561882 -0.2387393281503928
-0.9048483884154305 0.24945989683164543 -0.23999031247807015
-0.8797137109594463 0.24454611790710262 -0.2412412968057475
-0.8545790335034621 0.23963233898255984 -0.2424922811334248
-0.8294443560474779 0.23471856005801706 -0.24374326546110214
-0.8043096785914936 0.22980478113347425 -0.24499424978877948
-0.7791750011355095 0.2248910022089315 -0.2462452341164568
-0.7540403236795253 0.21997722328438868 -0.24749621844413414
-0.7289056462235411 0.2150634443598459 -0.24874720277181145
-0.703770968767557 0.2101496654353031 -0.2499981870994888
-0.6786362913115728 0.2052358865107603 -0.25124917142716613
-0.6535016138555887 0.20032210758621755 -0.25250015575484347
-0.6283669363996044 0.19540832866167474 -0.2537511400825208
-0.6032322589436203 0.19049454973713195 -0.2550021244101981
-0.5780975814876361 0.18558077081258917 -0.25625310873787543
-0.5529629040316519 0.18066699188804639 -0.2575040930655528
-0.5278282265756679 0.1757532129635036 -0.2587550773932301
-0.5026935491196836 0.1708394340389608 -0.26000606172090746
-0.4775588716636994 0.165925655114418 -0.26125704604858474
-0.45242419420771524 0.16101187618987522 -0.2625080303762621
-0.42728951675173105 0.15609809726533244 -0.2637590147039394
-0.4021548392957468 0.15118431834078963 -0.26500999903161676
-0.3770201618397626 0.14627053941624685 -0.2662609833592941
-0.35188548438377854 0.1413567604917041 -0.2675119676869714
-0.32675080692779435 0.13644298156716128 -0.2687629520146487
-0.30161612947181016 0.1315292026426185 -0.27001393634232607
-0.27648145201582597 0.12661542371807571 -0.2712649206700034
-0.2513467745598418 0.12170164479353292 -0.27251590499768075
-0.22621209710385767 0.11678786586899013 -0.2737668893253581
-0.20107741964787346 0.11187408694444735 -0.27501787365303537
-0.17594274219188927 0.10696030801990455 -0.2762688579807127
-0.15080806473590508 0.10204652909536176 -0.27751984230839005
-0.1256733872799209 0.09713275017081897 -0.2787708266360674
-0.10053870982393678 0.09221897124627619 -0.28002181096374473
-0.0754040323679526 0.08730519232173341 -0.281272795291422
-0.05026935491196839 0.08239141339719061 -0.28252377961909936
-0.025134677455984196 0.07747763447264781 -0.2837747639467767
0.0 0.07256385554810503 -0.28502574827445404
-0.9802524207833829 0.2693843661444242 -0.25659634151464206
-0.9551177433273987 0.26447058721988137 -0.2578473258423194
-0.9299830658714145 0.25955680829533856 -0.25909831016999674
-0.9048483884154305 0.2546430293707958 -0.260349294497674
-0.8797137109594463 0.249729250446253 -0.26160027882535136
-0.8545790335034621 0.2448154715217102 -0.2628512631530287
-0.8294443560474779 0.23990169259716743 -0.26410224748070604
-0.8043096785914936 0.23498791367262462 -0.2653532318083834
-0.7791750011355095 0.23007413474808186 -0.26660421613606067
-0.7540403236795253 0.22516035582353905 -0.267855200463738
-0.7289056462235411 0.22024657689899627 -0.26910618479141535
-0.703770968767557 0.21533279797445348 -0.2703571691190927
-0.6786362913115728 0.21041901904991067 -0.27160815344677003
-0.6535016138555887 0.20550524012536792 -0.2728591377744473
-0.6283669363996044 0.2005914612008251 -0.27411012210212465
-0.6032322589436203 0.19567768227628232 -0.275361106429802
-0.5780975814876361 0.19076390335173954 -0.27661209075747933
-0.5529629040316519 0.18585012442719676 -0.2778630750851567
-0.5278282265756679 0.18093634550265397 -0.279114059412834
-0.5026935491196836 0.17602256657811116 -0.28036504374051135
-0.4775588716636994 0.17110878765356838 -0.28161602806818864
-0.45242419420771524 0.1661950087290256 -0.282867012395866
-0.42728951675173105 0.1612812298044828 -0.2841179967235433
-0.4021548392957468 0.15636745087994 -0.28536898105122066
-0.3770201618397626 0.15145367195539722 -0.286619965378898
-0.35188548438377854 0.14653989303085446 -0.2878709497065753
-0.32675080692779435 0.14162611410631165 -0.2891219340342526
-0.30161612947181016 0.13671233518176887 -0.29037291836192997
-0.27648145201582597 0.13179855625722606 -0.2916239026896073
-0.2513467745598418 0.12688477733268327 -0.29287488701728465
-0.22621209710385767 0.1219709984081405 -0.29412587134496193
-0.20107741964787346 0.11705721948359771 -0.29537685567263927
-0.17594274219188927 0.11214344055905492 -0.2966278400003166
-0.15080806473590508 0.10722966163451213 -0.29787882432799395
-0.1256733872799209 0.10231588270996933 -0.2991298086556713
-0.10053870982393678 0.09740210378542656 -0.3003807929833486
-0.0754040323679526 0.09248832486088376 -0.3016317773110259
-0.05026935491196839 0.08757454593634098 -0.30288276163870326
-0.025134677455984196 0.08266076701179818 -0.3041337459663806
0.0 0.07774698808725539 -0.30538473029405794
-0.9802524207833829 0.2745674986835745 -0.2769553235342459
-0.9551177433273987 0.26965371975903174 -0.27820630786192324
-0.9299830658714145 0.26473994083448893 -0.2794572921896006
-0.9048483884154305 0.2598261619099462 -0.28070827651727787
-0.8797137109594463 0.25491238298540336 -0.2819592608449552
-0.8545790335034621 0.24999860406086058 -0.28321024517263255
-0.8294443560474779 0.2450848251363178 -0.2844612295003099
-0.8043096785914936 0.24017104621177499 -0.2857122138279872
-0.7791750011355095 0.23525726728723223 -0.2869631981556645
-0.7540403236795253 0.23034348836268942 -0.28821418248334185
-0.7289056462235411 0.22542970943814664 -0.2894651668110192
-0.703770968767557 0.22051593051360385 -0.29071615113869653
-0.6786362913115728 0.21560215158906104 -0.2919671354663739
-0.6535016138555887 0.2106883726645183 -0.29321811979405116
-0.6283669363996044 0.20577459373997545 -0.2944691041217285
-0.6032322589436203 0.2008608148154327 -0.29572008844940584
-0.5780975814876361 0.1959470358908899 -0.2969710727770832
-0.5529629040316519 0.1910332569663471 -0.2982220571047605
-0.5278282265756679 0.18611947804180434 -0.29947304143243786
-0.5026935491196836 0.18120569911726153 -0.30072402576011514
-0.4775588716636994 0.17629192019271875 -0.3019750100877925
-0.45242419420771524 0.17137814126817597 -0.3032259944154698
-0.42728951675173105 0.16646436234363315 -0.30447697874314716
-0.4021548392957468 0.16155058341909037 -0.3057279630708245
-0.3770201618397626 0.1566368044945476 -0.30697894739850184
-0.35188548438377854 0.1517230255700048 -0.30822993172617913
-0.32675080692779435 0.14680924664546202 -0.30948091605385647
-0.30161612947181016 0.1418954677209192 -0.3107319003815338
-0.27648145201582597 0.13698168879637643 -0.31198288470921115
-0.2513467745598418 0.13206790987183364 -0.3132338690368885
-0.22621209710385767 0.12715413094729086 -0.3144848533645658
-0.20107741964787346 0.12224035202274806 -0.3157358376922431
-0.17594274219188927 0.11732657309820528 -0.31698682201992046
-0.15080806473590508 0.11241279417366248 -0.3182378063475978
-0.1256733872799209 0.10749901524911969 -0.31948879067527514
-0.10053870982393678 0.10258523632457692 -0.3207397750029524
-0.0754040323679526 0.09767145740003412 -0.32199075933062976
-0.05026935491196839 0.09275767847549134 -0.3232417436583071
-0.025134677455984196 0.08784389955094854 -0.32449272798598444
0.0 0.08293012062640574 -0.3257437123136618
-0.9802524207833829 0.27975063122272487 -0.29731430555384974
-0.9551177433273987 0.2748368522981821 -0.2985652898815271
-0.9299830658714145 0.2699230733736393 -0.29981627420920437
-0.9048483884154305 0.26500929444909654 -0.3010672585368817
-0.8797137109594463 0.26009551552455373 -0.30231824286455905
-0.8545790335034621 0.2551817366000109 -0.3035692271922364
-0.8294443560474779 0.25026795767546817 -0.30482021151991373
-0.8043096785914936 0.24535417875092533 -0.30607119584759107
-0.7791750011355095 0.24044039982638257 -0.30732218017526836
-0.7540403236795253 0.23552662090183976 -0.3085731645029457
-0.7289056462235411 0.23061284197729698 -0.30982414883062304
-0.703770968767557 0.2256990630527542 -0.3110751331583004
-0.6786362913115728 0.22078528412821138 -0.3123261174859777
-0.6535016138555887 0.21587150520366863 -0.313577101813655
-0.6283669363996044 0.21095772627912582 -0.31482808614133234
-0.6032322589436203 0.20604394735458303 -0.3160790704690097
-0.5780975814876361 0.20113016843004025 -0.317330054796687
-0.5529629040316519 0.19621638950549747 -0.31858103912436436
-0.5278282265756679 0.19130261058095469 -0.31983202345204165
-0.5026935491196836 0.18638883165641187 -0.321083007779719
-0.4775588716636994 0.1814750527318691 -0.3223339921073963
-0.45242419420771524 0.1765612738073263 -0.32358497643507367
-0.42728951675173105 0.17164749488278352 -0.324835960762751
-0.4021548392957468 0.1667337159582407 -0.32608694509042835
-0.3770201618397626 0.16181993703369793 -0.32733792941810563
-0.35188548438377854 0.15690615810915517 -0.328588913745783
-0.32675080692779435 0.15199237918461236 -0.3298398980734603
-0.30161612947181016 0.14707860026006958 -0.33109088240113765
-0.27648145201582597 0.14216482133552677 -0.332341866728815
-0.2513467745598418 0.137251042410984 -0.33359285105649233
-0.22621209710385767 0.1323372634864412 -0.3348438353841696
-0.20107741964787346 0.12742348456189842 -0.33609481971184696
-0.17594274219188927 0.12250970563735564 -0.3373458040395243
-0.15080806473590508 0.11759592671281284 -0.33859678836720164
-0.1256733872799209 0.11268214778827004 -0.339847772694879
-0.10053870982393678 0.10776836886372727 -0.34109875702255626
-0.0754040323679526 0.10285458993918448 -0.3423497413502336
-0.05026935491196839 0.0979408110146417 -0.34360072567791095
-0.025134677455984196 0.0930270320900989 -0.3448517100055883
0.0 0.0881132531655561 -0.3461026943332656
-0.9802524207833829 0.28493376376187524 -0.31767328757345364
-0.9551177433273987 0.2800199848373324 -0.318924271901131
-0.9299830658714145 0.2751062059127896 -0.32017525622880827
-0.9048483884154305 0.27019242698824686 -0.3214262405564856
-0.8797137109594463 0.26527864806370405 -0.32267722488416295
-0.8545790335034621 0.2603648691391613 -0.3239282092118403
-0.8294443560474779 0.2554510902146185 -0.32517919353951763
-0.8043096785914936 0.25053731129007567 -0.3264301778671949
-0.7791750011355095 0.24562353236553294 -0.32768116219487226
-0.7540403236795253 0.24070975344099013 -0.3289321465225496
-0.7289056462235411 0.23579597451644735 -0.33018313085022694
-0.703770968767557 0.23088219559190457 -0.3314341151779043
-0.6786362913115728 0.22596841666736175 -0.3326850995055816
-0.6535016138555887 0.221054637742819 -0.3339360838332589
-0.6283669363996044 0.21614085881827616 -0.33518706816093624
-0.6032322589436203 0.2112270798937334 -0.3364380524886136
-0.5780975814876361 0.20631330096919062 -0.3376890368162909
-0.5529629040316519 0.2013995220446478 -0.33894002114396826
-0.5278282265756679 0.19648574312010506 -0.34019100547164555
-0.5026935491196836 0.19157196419556224 -0.3414419897993229
-0.4775588716636994 0.18665818527101946 -0.3426929741270002
-0.45242419420771524 0.18174440634647668 -0.34394395845467757
-0.42728951675173105 0.17683062742193387 -0.3451949427823549
-0.4021548392957468 0.17191684849739108 -0.34644592711003225
-0.3770201618397626 0.1670030695728483 -0.34769691143770953
-0.35188548438377854 0.16208929064830552 -0.3489478957653869
-0.32675080692779435 0.15717551172376273 -0.3501988800930642
-0.30161612947181016 0.15226173279921992 -0.35144986442074155
-0.27648145201582597 0.14734795387467714 -0.3527008487484189
-0.2513467745598418 0.14243417495013436 -0.3539518330760962
-0.22621209710385767 0.13752039602559157 -0.3552028174037735
-0.20107741964787346 0.1326066171010488 -0.35645380173145086
-0.17594274219188927 0.127692838176506 -0.3577047860591282
-0.15080806473590508 0.1227790592519632 -0.35895577038680554
-0.1256733872799209 0.11786528032742041 -0.3602067547144829
-0.10053870982393678 0.11295150140287764 -0.36145773904216016
-0.0754040323679526 0.10803772247833485 -0.3627087233698375
-0.05026935491196839 0.10312394355379205 -0.36395970769751484
-0.025134677455984196 0.09821016462924927 -0.3652106920251922
0.0 0.09329638570470647 -0.3664616763528695
-0.9802524207833829 0.2901168963010256 -0.3380322695930575
-0.9551177433273987 0.2852031173764828 -0.33928325392073483
-0.9299830658714145 0.28028933845194 -0.3405342382484121
-0.9048483884154305 0.27537555952739723 -0.34178522257608945
-0.8797137109594463 0.2704617806028544 -0.3430362069037668
-0.8545790335034621 0.26554800167831166 -0.34428719123144413
-0.8294443560474779 0.26063422275376885 -0.3455381755591215
-0.8043096785914936 0.25572044382922604 -0.34678915988679876
-0.7791750011355095 0.2508066649046833 -0.3480401442144761
-0.7540403236795253 0.24589288598014047 -0.34929112854215344
-0.7289056462235411 0.2409791070555977 -0.3505421128698308
-0.703770968767557 0.2360653281310549 -0.3517930971975081
-0.6786362913115728 0.2311515492065121 -0.35304408152518546
-0.6535016138555887 0.22623777028196934 -0.35429506585286275
-0.6283669363996044 0.22132399135742653 -0.3555460501805401
-0.6032322589436203 0.21641021243288375 -0.3567970345082174
-0.5780975814876361 0.21149643350834096 -0.35804801883589477
-0.5529629040316519 0.20658265458379818 -0.3592990031635721
-0.5278282265756679 0.2016688756592554 -0.3605499874912494
-0.5026935491196836 0.1967550967347126 -0.36180097181892673
-0.4775588716636994 0.1918413178101698 -0.36305195614660407
-0.45242419420771524 0.18692753888562702 -0.3643029404742814
-0.42728951675173105 0.18201375996108424 -0.36555392480195875
-0.4021548392957468 0.17709998103654143 -0.36680490912963604
-0.3770201618397626 0.17218620211199864 -0.3680558934573134
-0.35188548438377854 0.1672724231874559 -0.3693068777849907
-0.32675080692779435 0.16235864426291308 -0.37055786211266806
-0.30161612947181016 0.1574448653383703 -0.3718088464403454
-0.27648145201582597 0.1525310864138275 -0.37305983076802274
-0.2513467745598418 0.1476173074892847 -0.3743108150957
-0.22621209710385767 0.14270352856474194 -0.37556179942337736
-0.20107741964787346 0.13778974964019913 -0.3768127837510547
-0.17594274219188927 0.13287597071565635 -0.37806376807873204
-0.15080806473590508 0.12796219179111357 -0.3793147524064094
-0.1256733872799209 0.12304841286657077 -0.38056573673408667
-0.10053870982393678 0.118134633942028 -0.381816721061764
-0.0754040323679526 0.1132208550174852 -0.38306770538944135
-0.05026935491196839 0.1083070760929424 -0.3843186897171187
-0.025134677455984196 0.10339329716839961 -0.38556967404479603
0.0 0.09847951824385683 -0.38682065837247337
-0.9802524207833829 0.295300028840176 -0.3583912516126614
-0.9551177433273987 0.29038624991563317 -0.3596422359403387
-0.9299830658714145 0.28547247099109035 -0.360893220268016
-0.9048483884154305 0.2805586920665476 -0.36214420459569335
-0.8797137109594463 0.2756449131420048 -0.3633951889233707
-0.8545790335034621 0.27073113421746203 -0.36464617325104803
-0.8294443560474779 0.2658173552929192 -0.3658971575787253
-0.8043096785914936 0.2609035763683764 -0.36714814190640266
-0.7791750011355095 0.25598979744383366 -0.36839912623408
-0.7540403236795253 0.25107601851929084 -0.36965011056175734
-0.7289056462235411 0.24616223959474806 -0.3709010948894347
-0.703770968767557 0.24124846067020528 -0.372152079217112
-0.6786362913115728 0.23633468174566247 -0.3734030635447893
-0.6535016138555887 0.2314209028211197 -0.37465404787246664
-0.6283669363996044 0.2265071238965769 -0.375905032200144
-0.6032322589436203 0.22159334497203412 -0.3771560165278213
-0.5780975814876361 0.21667956604749133 -0.37840700085549867
-0.5529629040316519 0.21176578712294855 -0.37965798518317595
-0.5278282265756679 0.20685200819840577 -0.3809089695108533
-0.5026935491196836 0.20193822927386296 -0.38215995383853063
-0.4775588716636994 0.19702445034932017 -0.38341093816620797
-0.45242419420771524 0.1921106714247774 -0.3846619224938853
-0.42728951675173105 0.1871968925002346 -0.38591290682156265
-0.4021548392957468 0.1822831135756918 -0.38716389114923994
-0.3770201618397626 0.177369334651149 -0.3884148754769173
-0.35188548438377854 0.17245555572660626 -0.3896658598045946
-0.32675080692779435 0.16754177680206345 -0.39091684413227196
-0.30161612947181016 0.16262799787752066 -0.3921678284599493
-0.27648145201582597 0.15771421895297788 -0.3934188127876266
-0.2513467745598418 0.15280044002843507 -0.3946697971153039
-0.22621209710385767 0.14788666110389231 -0.39592078144298126
-0.20107741964787346 0.1429728821793495 -0.3971717657706586
-0.17594274219188927 0.13805910325480672 -0.39842275009833594
-0.15080806473590508 0.13314532433026394 -0.3996737344260133
-0.1256733872799209 0.12823154540572113 -0.40092471875369057
-0.10053870982393678 0.12331776648117836 -0.4021757030813679
-0.0754040323679526 0.11840398755663557 -0.40342668740904525
-0.05026935491196839 0.11349020863209278 -0.4046776717367226
-0.025134677455984196 0.10857642970754998 -0.40592865606439993
0.0 0.1036626507830072 -0.4071796403920772
-0.9802524207833829 0.3004831613793263 -0.37875023363226523
-0.9551177433273987 0.29556938245478354 -0.3800012179599425
-0.9299830658714145 0.2906556035302407 -0.38125220228761986
-0.9048483884154305 0.28574182460569797 -0.3825031866152972
-0.8797137109594463 0.28082804568115516 -0.38375417094297454
-0.8545790335034621 0.27591426675661235 -0.3850051552706519
-0.8294443560474779 0.2710004878320696 -0.38625613959832916
-0.8043096785914936 0.2660867089075268 -0.3875071239260065
-0.7791750011355095 0.261172929982984 -0.38875810825368384
-0.7540403236795253 0.2562591510584412 -0.3900090925813612
-0.7289056462235411 0.2513453721338984 -0.3912600769090385
-0.703770968767557 0.24643159320935565 -0.39251106123671586
-0.6786362913115728 0.24151781428481284 -0.39376204556439315
-0.6535016138555887 0.23660403536027008 -0.3950130298920705
-0.6283669363996044 0.23169025643572724 -0.39626401421974783
-0.6032322589436203 0.2267764775111845 -0.39751499854742517
-0.5780975814876361 0.2218626985866417 -0.3987659828751025
-0.5529629040316519 0.2169489196620989 -0.4000169672027798
-0.5278282265756679 0.21203514073755614 -0.40126795153045713
-0.5026935491196836 0.20712136181301333 -0.4025189358581345
-0.4775588716636994 0.20220758288847054 -0.4037699201858118
-0.45242419420771524 0.19729380396392776 -0.40502090451348916
-0.42728951675173105 0.19238002503938495 -0.4062718888411665
-0.4021548392957468 0.18746624611484217 -0.4075228731688438
-0.3770201618397626 0.18255246719029938 -0.4087738574965211
-0.35188548438377854 0.1776386882657566 -0.41002484182419846
-0.32675080692779435 0.17272490934121382 -0.4112758261518758
-0.30161612947181016 0.167811130416671 -0.41252681047955314
-0.27648145201582597 0.16289735149212822 -0.4137777948072304
-0.2513467745598418 0.15798357256758544 -0.41502877913490777
-0.22621209710385767 0.15306979364304266 -0.4162797634625851
-0.20107741964787346 0.14815601471849987 -0.41753074779026245
-0.17594274219188927 0.14324223579395706 -0.4187817321179398
-0.15080806473590508 0.13832845686941428 -0.42003271644561707
-0.1256733872799209 0.1334146779448715 -0.4212837007732944
-0.10053870982393678 0.1285008990203287 -0.42253468510097175
-0.0754040323679526 0.12358712009578592 -0.4237856694286491
-0.05026935491196839 0.11867334117124313 -0.42503665375632643
-0.025134677455984196 0.11375956224670034 -0.4262876380840038
0.0 0.10884578332215754 -0.42753862241168106
-0.9802524207833829 0.30566629391847666 -0.399109215651869
-0.9551177433273987 0.3007525149939339 -0.40036019997954636
-0.9299830658714145 0.2958387360693911 -0.4016111843072237
-0.9048483884154305 0.29092495714484834 -0.40286216863490104
-0.8797137109594463 0.28601117822030553 -0.4041131529625784
-0.8545790335034621 0.2810973992957627 -0.4053641372902557
-0.8294443560474779 0.27618362037121996 -0.406615121617933
-0.8043096785914936 0.27126984144667715 -0.40786610594561035
-0.7791750011355095 0.2663560625221344 -0.4091170902732877
-0.7540403236795253 0.2614422835975916 -0.410368074600965
-0.7289056462235411 0.2565285046730488 -0.41161905892864237
-0.703770968767557 0.251614725748506 -0.41287004325631965
-0.6786362913115728 0.24670094682396318 -0.414121027583997
-0.6535016138555887 0.24178716789942042 -0.41537201191167433
-0.6283669363996044 0.2368733889748776 -0.4166229962393517
-0.6032322589436203 0.23195961005033483 -0.417873980567029
-0.5780975814876361 0.22704583112579205 -0.41912496489470635
-0.5529629040316519 0.22213205220124926 -0.42037594922238364
-0.5278282265756679 0.21721827327670648 -0.421626933550061
-0.5026935491196836 0.21230449435216367 -0.4228779178777383
-0.4775588716636994 0.2073907154276209 -0.42412890220541566
-0.45242419420771524 0.2024769365030781 -0.425379886533093
-0.42728951675173105 0.19756315757853532 -0.4266308708607703
-0.4021548392957468 0.1926493786539925 -0.4278818551884476
-0.3770201618397626 0.18773559972944973 -0.42913283951612496
-0.35188548438377854 0.18282182080490697 -0.4303838238438023
-0.32675080692779435 0.17790804188036416 -0.43163480817147964
-0.30161612947181016 0.17299426295582138 -0.432885792499157
-0.27648145201582597 0.16808048403127857 -0.43413677682683427
-0.2513467745598418 0.16316670510673578 -0.4353877611545116
-0.22621209710385767 0.158252926182193 -0.43663874548218895
-0.20107741964787346 0.15333914725765022 -0.4378897298098663
-0.17594274219188927 0.14842536833310743 -0.43914071413754363
-0.15080806473590508 0.14351158940856462 -0.4403916984652209
-0.1256733872799209 0.13859781048402184 -0.44164268279289826
-0.10053870982393678 0.13368403155947908 -0.4428936671205756
-0.0754040323679526 0.12877025263493627 -0.44414465144825294
-0.05026935491196839 0.12385647371039349 -0.4453956357759303
-0.025134677455984196 0.11894269478585069 -0.44664662010360756
0.0 0.1140289158613079 -0.4478976044312849
-0.9802524207833829 0.31084942645762703 -0.4194681976714729
-0.9551177433273987 0.3059356475330843 -0.42071918199915026
-0.9299830658714145 0.30102186860854147 -0.4219701663268276
-0.9048483884154305 0.2961080896839987 -0.42322115065450494
-0.8797137109594463 0.2911943107594559 -0.4244721349821823
-0.8545790335034621 0.2862805318349131 -0.42572311930985957
-0.8294443560474779 0.28136675291037033 -0.4269741036375369
-0.8043096785914936 0.2764529739858275 -0.42822508796521425
-0.7791750011355095 0.27153919506128477 -0.4294760722928916
-0.7540403236795253 0.26662541613674196 -0.4307270566205689
-0.7289056462235411 0.26171163721219914 -0.4319780409482462
-0.703770968767557 0.2567978582876564 -0.43322902527592355
-0.6786362913115728 0.2518840793631136 -0.4344800096036009
-0.6535016138555887 0.2469703004385708 -0.43573099393127823
-0.6283669363996044 0.24205652151402798 -0.4369819782589556
-0.6032322589436203 0.2371427425894852 -0.4382329625866329
-0.5780975814876361 0.23222896366494242 -0.4394839469143102
-0.5529629040316519 0.22731518474039963 -0.44073493124198754
-0.5278282265756679 0.22240140581585685 -0.4419859155696649
-0.5026935491196836 0.21748762689131404 -0.4432368998973422
-0.4775588716636994 0.21257384796677126 -0.44448788422501956
-0.45242419420771524 0.20766006904222847 -0.44573886855269684
-0.42728951675173105 0.2027462901176857 -0.4469898528803742
-0.4021548392957468 0.19783251119314288 -0.4482408372080515
-0.3770201618397626 0.1929187322686001 -0.44949182153572886
-0.35188548438377854 0.18800495334405734 -0.4507428058634062
-0.32675080692779435 0.18309117441951453 -0.45199379019108354
-0.30161612947181016 0.17817739549497175 -0.45324477451876083
-0.27648145201582597 0.17326361657042894 -0.45449575884643817
-0.2513467745598418 0.16834983764588615 -0.4557467431741155
-0.22621209710385767 0.16343605872134337 -0.45699772750179285
-0.20107741964787346 0.15852227979680059 -0.4582487118294702
-0.17594274219188927 0.1536085008722578 -0.4594996961571475
-0.15080806473590508 0.148694721947715 -0.4607506804848248
-0.1256733872799209 0.1437809430231722 -0.46200166481250216
-0.10053870982393678 0.13886716409862943 -0.4632526491401795
-0.0754040323679526 0.13395338517408664 -0.46450363346785684
-0.05026935491196839 0.12903960624954386 -0.4657546177955342
-0.025134677455984196 0.12412582732500106 -0.46700560212321146
0.0 0.11921204840045826 -0.4682565864508888
-0.9802524207833829 0.31603255899677735 -0.4398271796910767
-0.9551177433273987 0.3111187800722346 -0.44107816401875405
-0.9299830658714145 0.3062050011476918 -0.4423291483464314
-0.9048483884154305 0.301291222223149 -0.44358013267410873
-0.8797137109594463 0.2963774432986062 -0.44483111700178607
-0.8545790335034621 0.2914636643740634 -0.44608210132946335
-0.8294443560474779 0.28654988544952065 -0.4473330856571407
-0.8043096785914936 0.28163610652497784 -0.44858406998481803
-0.7791750011355095 0.2767223276004351 -0.4498350543124954
-0.7540403236795253 0.27180854867589227 -0.4510860386401727
-0.7289056462235411 0.26689476975134946 -0.45233702296785
-0.703770968767557 0.2619809908268067 -0.45358800729552734
-0.6786362913115728 0.2570672119022639 -0.4548389916232047
-0.6535016138555887 0.25215343297772114 -0.456089975950882
-0.6283669363996044 0.2472396540531783 -0.45734096027855936
-0.6032322589436203 0.24232587512863554 -0.4585919446062367
-0.5780975814876361 0.23741209620409276 -0.459842928933914
-0.5529629040316519 0.23249831727954995 -0.4610939132615913
-0.5278282265756679 0.2275845383550072 -0.46234489758926867
-0.5026935491196836 0.22267075943046438 -0.463595881916946
-0.4775588716636994 0.2177569805059216 -0.46484686624462335
-0.45242419420771524 0.21284320158137882 -0.46609785057230063
-0.42728951675173105 0.207929422656836 -0.46734883489997797
-0.4021548392957468 0.20301564373229322 -0.4685998192276553
-0.3770201618397626 0.19810186480775044 -0.46985080355533265
-0.35188548438377854 0.19318808588320766 -0.47110178788301
-0.32675080692779435 0.18827430695866487 -0.47235277221068733
-0.30161612947181016 0.18336052803412206 -0.4736037565383646
-0.27648145201582597 0.17844674910957928 -0.47485474086604196
-0.2513467745598418 0.1735329701850365 -0.4761057251937193
-0.22621209710385767 0.1686191912604937 -0.47735670952139664
-0.20107741964787346 0.16370541233595093 -0.478607693849074
-0.17594274219188927 0.15879163341140815 -0.47985867817675126
-0.15080806473590508 0.15387785448686533 -0.4811096625044286
-0.1256733872799209 0.14896407556232255 -0.48236064683210594
-0.10053870982393678 0.14405029663777977 -0.4836116311597833
-0.0754040323679526 0.13913651771323698 -0.4848626154874606
-0.05026935491196839 0.1342227387886942 -0.48611359981513796
-0.025134677455984196 0.1293089598641514 -0.48736458414281525
0.0 0.12439518093960861 -0.4886155684704926
-0.9802524207833829 0.3212156915359277 -0.4601861617106806
-0.9551177433273987 0.31630191261138496 -0.46143714603835795
-0.9299830658714145 0.31138813368684215 -0.4626881303660353
-0.9048483884154305 0.3064743547622994 -0.46393911469371263
-0.8797137109594463 0.3015605758377566 -0.4651900990213899
-0.8545790335034621 0.2966467969132138 -0.46644108334906725
-0.8294443560474779 0.291733017988671 -0.4676920676767446
-0.8043096785914936 0.2868192390641282 -0.46894305200442193
-0.7791750011355095 0.28190546013958545 -0.4701940363320993
-0.7540403236795253 0.27699168121504264 -0.4714450206597766
-0.7289056462235411 0.27207790229049983 -0.4726960049874539
-0.703770968767557 0.2671641233659571 -0.47394698931513124
-0.6786362913115728 0.26225034444141426 -0.4751979736428086
-0.6535016138555887 0.2573365655168715 -0.4764489579704859
-0.6283669363996044 0.2524227865923287 -0.47769994229816326
-0.6032322589436203 0.2475090076677859 -0.47895092662584055
-0.5780975814876361 0.24259522874324313 -0.4802019109535179
-0.5529629040316519 0.23768144981870032 -0.4814528952811952
-0.5278282265756679 0.23276767089415756 -0.48270387960887257
-0.5026935491196836 0.22785389196961475 -0.4839548639365499
-0.4775588716636994 0.22294011304507197 -0.48520584826422725
-0.45242419420771524 0.21802633412052919 -0.48645683259190453
-0.42728951675173105 0.21311255519598638 -0.48770781691958187
-0.4021548392957468 0.2081987762714436 -0.4889588012472592
-0.3770201618397626 0.2032849973469008 -0.49020978557493655
-0.35188548438377854 0.19837121842235803 -0.4914607699026139
-0.32675080692779435 0.19345743949781524 -0.4927117542302912
-0.30161612947181016 0.18854366057327243 -0.4939627385579685
-0.27648145201582597 0.18362988164872965 -0.49521372288564586
-0.2513467745598418 0.17871610272418686 -0.4964647072133232
-0.22621209710385767 0.17380232379964408 -0.49771569154100054
-0.20107741964787346 0.1688885448751013 -0.4989666758686779
-0.17594274219188927 0.16397476595055852 -0.5002176601963552
-0.15080806473590508 0.1590609870260157 -0.5014686445240325
-0.1256733872799209 0.15414720810147292 -0.5027196288517098
-0.10053870982393678 0.14923342917693014 -0.5039706131793872
-0.0754040323679526 0.14431965025238735 -0.5052215975070645
-0.05026935491196839 0.13940587132784457 -0.5064725818347419
-0.025134677455984196 0.13449209240330176 -0.5077235661624192
0.0 0.12957831347875898 -0.5089745504900965
-0.9802524207833829 0.3263988240750781 -0.4805451437302845
-0.9551177433273987 0.32148504515053533 -0.48179612805796185
-0.9299830658714145 0.3165712662259925 -0.4830471123856392
-0.9048483884154305 0.31165748730144976 -0.48429809671331653
-0.8797137109594463 0.30674370837690695 -0.4855490810409938
-0.8545790335034621 0.30182992945236414 -0.48680006536867115
-0.8294443560474779 0.2969161505278214 -0.4880510496963485
-0.8043096785914936 0.2920023716032786 -0.48930203402402583
-0.7791750011355095 0.2870885926787358 -0.4905530183517032
-0.7540403236795253 0.282174813754193 -0.4918040026793805
-0.7289056462235411 0.2772610348296502 -0.4930549870070578
-0.703770968767557 0.27234725590510744 -0.49430597133473514
-0.6786362913115728 0.26743347698056463 -0.4955569556624125
-0.6535016138555887 0.2625196980560219 -0.4968079399900898
-0.6283669363996044 0.25760591913147907 -0.49805892431776716
-0.6032322589436203 0.25269214020693626 -0.49930990864544444
-0.5780975814876361 0.2477783612823935 -0.5005608929731218
-0.5529629040316519 0.2428645823578507 -0.5018118773007991
-0.5278282265756679 0.23795080343330793 -0.5030628616284765
-0.5026935491196836 0.23303702450876512 -0.5043138459561538
-0.4775588716636994 0.22812324558422234 -0.5055648302838311
-0.45242419420771524 0.22320946665967956 -0.5068158146115085
-0.42728951675173105 0.21829568773513675 -0.5080667989391858
-0.4021548392957468 0.21338190881059396 -0.5093177832668631
-0.3770201618397626 0.20846812988605118 -0.5105687675945404
-0.35188548438377854 0.2035543509615084 -0.5118197519222177
-0.32675080692779435 0.1986405720369656 -0.5130707362498951
-0.30161612947181016 0.1937267931124228 -0.5143217205775724
-0.27648145201582597 0.18881301418788002 -0.5155727049052498
-0.2513467745598418 0.18389923526333724 -0.5168236892329271
-0.22621209710385767 0.17898545633879445 -0.5180746735606044
-0.20107741964787346 0.17407167741425167 -0.5193256578882818
-0.17594274219188927 0.16915789848970889 -0.5205766422159591
-0.15080806473590508 0.16424411956516607 -0.5218276265436365
-0.1256733872799209 0.1593303406406233 -0.5230786108713137
-0.10053870982393678 0.1544165617160805 -0.524329595198991
-0.0754040323679526 0.14950278279153772 -0.5255805795266684
-0.05026935491196839 0.14458900386699491 -0.5268315638543457
-0.025134677455984196 0.13967522494245213 -0.528082548182023
0.0 0.13476144601790935 -0.5293335325097004
-0.9802524207833829 0.33158195661422846 -0.5009041257498884
-0.9551177433273987 0.3266681776896857 -0.5021551100775657
-0.9299830658714145 0.3217543987651429 -0.5034060944052431
-0.9048483884154305 0.31684061984060014 -0.5046570787329204
-0.8797137109594463 0.3119268409160573 -0.5059080630605978
-0.8545790335034621 0.3070130619915145 -0.5071590473882751
-0.8294443560474779 0.30209928306697176 -0.5084100317159523
-0.8043096785914936 0.29718550414242895 -0.5096610160436297
-0.7791750011355095 0.2922717252178862 -0.510912000371307
-0.7540403236795253 0.2873579462933434 -0.5121629846989844
-0.7289056462235411 0.28244416736880057 -0.5134139690266617
-0.703770968767557 0.2775303884442578 -0.514664953354339
-0.6786362913115728 0.272616609519715 -0.5159159376820164
-0.6535016138555887 0.26770283059517225 -0.5171669220096937
-0.6283669363996044 0.26278905167062944 -0.5184179063373711
-0.6032322589436203 0.2578752727460866 -0.5196688906650484
-0.5780975814876361 0.25296149382154387 -0.5209198749927257
-0.5529629040316519 0.24804771489700106 -0.522170859320403
-0.5278282265756679 0.2431339359724583 -0.5234218436480803
-0.5026935491196836 0.2382201570479155 -0.5246728279757576
-0.4775588716636994 0.2333063781233727 -0.525923812303435
-0.45242419420771524 0.22839259919882993 -0.5271747966311123
-0.42728951675173105 0.22347882027428712 -0.5284257809587897
-0.4021548392957468 0.21856504134974433 -0.529676765286467
-0.3770201618397626 0.21365126242520155 -0.5309277496141444
-0.35188548438377854 0.20873748350065877 -0.5321787339418217
-0.32675080692779435 0.20382370457611598 -0.533429718269499
-0.30161612947181016 0.19890992565157317 -0.5346807025971764
-0.27648145201582597 0.1939961467270304 -0.5359316869248536
-0.2513467745598418 0.1890823678024876 -0.5371826712525309
-0.22621209710385767 0.18416858887794482 -0.5384336555802083
-0.20107741964787346 0.17925480995340204 -0.5396846399078856
-0.17594274219188927 0.17434103102885923 -0.540935624235563
-0.15080806473590508 0.16942725210431644 -0.5421866085632403
-0.1256733872799209 0.16451347317977366 -0.5434375928909176
-0.10053870982393678 0.15959969425523088 -0.544688577218595
-0.0754040323679526 0.1546859153306881 -0.5459395615462723
-0.05026935491196839 0.14977213640614528 -0.5471905458739497
-0.025134677455984196 0.1448583574816025 -0.548441530201627
0.0 0.13994457855705972 -0.5496925145293042
-0.9802524207833829 0.3367650891533788 -0.5212631077694921
-0.9551177433273987 0.331851310228836 -0.5225140920971695
-0.9299830658714145 0.3269375313042932 -0.5237650764248468
-0.9048483884154305 0.32202375237975045 -0.5250160607525242
-0.8797137109594463 0.31710997345520764 -0.5262670450802015
-0.8545790335034621 0.3121961945306649 -0.5275180294078788
-0.8294443560474779 0.3072824156061221 -0.5287690137355562
-0.8043096785914936 0.30236863668157926 -0.5300199980632335
-0.7791750011355095 0.2974548577570365 -0.5312709823909109
-0.7540403236795253 0.2925410788324937 -0.5325219667185882
-0.7289056462235411 0.28762729990795094 -0.5337729510462655
-0.703770968767557 0.28271352098340813 -0.5350239353739428
-0.6786362913115728 0.2777997420588653 -0.5362749197016201
-0.6535016138555887 0.27288596313432256 -0.5375259040292975
-0.6283669363996044 0.26797218420977975 -0.5387768883569748
-0.6032322589436203 0.263058405285237 -0.5400278726846521
-0.5780975814876361 0.2581446263606942 -0.5412788570123295
-0.5529629040316519 0.25323084743615143 -0.5425298413400068
-0.5278282265756679 0.24831706851160865 -0.5437808256676842
-0.5026935491196836 0.24340328958706584 -0.5450318099953615
-0.4775588716636994 0.23848951066252305 -0.5462827943230388
-0.45242419420771524 0.23357573173798027 -0.5475337786507162
-0.42728951675173105 0.22866195281343746 -0.5487847629783934
-0.4021548392957468 0.22374817388889467 -0.5500357473060707
-0.3770201618397626 0.2188343949643519 -0.5512867316337481
-0.35188548438377854 0.2139206160398091 -0.5525377159614254
-0.32675080692779435 0.20900683711526633 -0.5537887002891028
-0.30161612947181016 0.20409305819072351 -0.5550396846167801
-0.27648145201582597 0.19917927926618073 -0.5562906689444574
-0.2513467745598418 0.19426550034163795 -0.5575416532721348
-0.22621209710385767 0.18935172141709516 -0.5587926375998121
-0.20107741964787346 0.18443794249255238 -0.5600436219274895
-0.17594274219188927 0.17952416356800957 -0.5612946062551668
-0.15080806473590508 0.1746103846434668 -0.562545590582844
-0.1256733872799209 0.169696605718924 -0.5637965749105214
-0.10053870982393678 0.16478282679438122 -0.5650475592381987
-0.0754040323679526 0.15986904786983844 -0.5662985435658761
-0.05026935491196839 0.15495526894529563 -0.5675495278935534
-0.025134677455984196 0.15004149002075284 -0.5688005122212307
0.0 0.14512771109621006 -0.5700514965489081
-0.9802524207833829 0.3419482216925292 -0.5416220897890961
-0.9551177433273987 0.3370344427679864 -0.5428730741167734
-0.9299830658714145 0.3321206638434436 -0.5441240584444508
-0.9048483884154305 0.3272068849189008 -0.5453750427721281
-0.8797137109594463 0.322293105994358 -0.5466260270998055
-0.8545790335034621 0.31737932706981525 -0.5478770114274828
-0.8294443560474779 0.31246554814527244 -0.54912799575516
-0.8043096785914936 0.30755176922072963 -0.5503789800828374
-0.7791750011355095 0.3026379902961869 -0.5516299644105147
-0.7540403236795253 0.29772421137164407 -0.552880948738192
-0.7289056462235411 0.2928104324471013 -0.5541319330658694
-0.703770968767557 0.2878966535225585 -0.5553829173935467
-0.6786362913115728 0.2829828745980157 -0.5566339017212241
-0.6535016138555887 0.27806909567347293 -0.5578848860489014
-0.6283669363996044 0.2731553167489301 -0.5591358703765787
-0.6032322589436203 0.26824153782438737 -0.5603868547042561
-0.5780975814876361 0.26332775889984456 -0.5616378390319333
-0.5529629040316519 0.2584139799753018 -0.5628888233596107
-0.5278282265756679 0.253500201050759 -0.564139807687288
-0.5026935491196836 0.2485864221262162 -0.5653907920149653
-0.4775588716636994 0.24367264320167342 -0.5666417763426427
-0.45242419420771524 0.23875886427713064 -0.56789276067032
-0.42728951675173105 0.23384508535258783 -0.5691437449979974
-0.4021548392957468 0.22893130642804504 -0.5703947293256747
-0.3770201618397626 0.22401752750350226 -0.571645713653352
-0.35188548438377854 0.21910374857895948 -0.5728966979810294
-0.32675080692779435 0.2141899696544167 -0.5741476823087067
-0.30161612947181016 0.20927619072987388 -0.575398666636384
-0.27648145201582597 0.2043624118053311 -0.5766496509640613
-0.2513467745598418 0.19944863288078832 -0.5779006352917386
-0.22621209710385767 0.19453485395624553 -0.579151619619416
-0.20107741964787346 0.18962107503170275 -0.5804026039470933
-0.17594274219188927 0.18470729610715994 -0.5816535882747706
-0.15080806473590508 0.17979351718261716 -0.582904572602448
-0.1256733872799209 0.17487973825807437 -0.5841555569301253
-0.10053870982393678 0.1699659593335316 -0.5854065412578027
-0.0754040323679526 0.1650521804089888 -0.58665752558548
-0.05026935491196839 0.160138401484446 -0.5879085099131574
-0.025134677455984196 0.1552246225599032 -0.5891594942408346
0.0 0.15031084363536043 -0.5904104785685119
-0.9802524207833829 0.34713135423167957 -0.5619810718086999
-0.9551177433273987 0.34221757530713676 -0.5632320561363773
-0.9299830658714145 0.33730379638259395 -0.5644830404640546
-0.9048483884154305 0.3323900174580512 -0.565734024791732
-0.8797137109594463 0.3274762385335084 -0.5669850091194093
-0.8545790335034621 0.3225624596089656 -0.5682359934470866
-0.8294443560474779 0.3176486806844228 -0.569486977774764
-0.8043096785914936 0.31273490175988 -0.5707379621024413
-0.7791750011355095 0.30782112283533725 -0.5719889464301187
-0.7540403236795253 0.30290734391079444 -0.573239930757796
-0.7289056462235411 0.2979935649862517 -0.5744909150854732
-0.703770968767557 0.29307978606170887 -0.5757418994131506
-0.6786362913115728 0.28816600713716606 -0.5769928837408279
-0.6535016138555887 0.2832522282126233 -0.5782438680685053
-0.6283669363996044 0.2783384492880805 -0.5794948523961826
-0.6032322589436203 0.27342467036353774 -0.5807458367238599
-0.5780975814876361 0.2685108914389949 -0.5819968210515373
-0.5529629040316519 0.2635971125144521 -0.5832478053792146
-0.5278282265756679 0.25868333358990936 -0.584498789706892
-0.5026935491196836 0.25376955466536655 -0.5857497740345693
-0.4775588716636994 0.24885577574082376 -0.5870007583622466
-0.45242419420771524 0.24394199681628098 -0.5882517426899239
-0.42728951675173105 0.2390282178917382 -0.5895027270176012
-0.4021548392957468 0.2341144389671954 -0.5907537113452785
-0.3770201618397626 0.2292006600426526 -0.5920046956729559
-0.35188548438377854 0.22428688111810985 -0.5932556800006332
-0.32675080692779435 0.21937310219356704 -0.5945066643283106
-0.30161612947181016 0.21445932326902425 -0.5957576486559879
-0.27648145201582597 0.20954554434448147 -0.5970086329836652
-0.2513467745598418 0.20463176541993866 -0.5982596173113426
-0.22621209710385767 0.1997179864953959 -0.5995106016390199
-0.20107741964787346 0.1948042075708531 -0.6007615859666973
-0.17594274219188927 0.1898904286463103 -0.6020125702943745
-0.15080806473590508 0.18497664972176753 -0.6032635546220518
-0.1256733872799209 0.18006287079722472 -0.6045145389497292
-0.10053870982393678 0.17514909187268196 -0.6057655232774065
-0.0754040323679526 0.17023531294813915 -0.6070165076050839
-0.05026935491196839 0.16532153402359637 -0.6082674919327612
-0.025134677455984196 0.16040775509905358 -0.6095184762604385
0.0 0.15549397617451077 -0.6107694605881159
-0.9802524207833829 0.3523144867708299 -0.5823400538283038
-0.9551177433273987 0.3474007078462871 -0.5835910381559811
-0.9299830658714145 0.3424869289217443 -0.5848420224836585
-0.9048483884154305 0.33757314999720156 -0.5860930068113358
-0.8797137109594463 0.33265937107265875 -0.5873439911390131
-0.8545790335034621 0.32774559214811594 -0.5885949754666904
-0.8294443560474779 0.3228318132235732 -0.5898459597943677
-0.8043096785914936 0.31791803429903037 -0.591096944122045
-0.7791750011355095 0.3130042553744876 -0.5923479284497224
-0.7540403236795253 0.3080904764499448 -0.5935989127773997
-0.7289056462235411 0.303176697525402 -0.5948498971050771
-0.703770968767557 0.29826291860085924 -0.5961008814327544
-0.6786362913115728 0.29334913967631643 -0.5973518657604318
-0.6535016138555887 0.2884353607517737 -0.5986028500881091
-0.6283669363996044 0.2835215818272308 -0.5998538344157864
-0.6032322589436203 0.27860780290268805 -0.6011048187434638
-0.5780975814876361 0.2736940239781453 -0.602355803071141
-0.5529629040316519 0.2687802450536025 -0.6036067873988183
-0.5278282265756679 0.26386646612905973 -0.6048577717264957
-0.5026935491196836 0.2589526872045169 -0.606108756054173
-0.4775588716636994 0.2540389082799741 -0.6073597403818504
-0.45242419420771524 0.24912512935543132 -0.6086107247095277
-0.42728951675173105 0.24421135043088854 -0.609861709037205
-0.4021548392957468 0.23929757150634573 -0.6111126933648824
-0.3770201618397626 0.23438379258180295 -0.6123636776925597
-0.35188548438377854 0.2294700136572602 -0.6136146620202371
-0.32675080692779435 0.22455623473271738 -0.6148656463479143
-0.30161612947181016 0.2196424558081746 -0.6161166306755916
-0.27648145201582597 0.2147286768836318 -0.617367615003269
-0.2513467745598418 0.209814897959089 -0.6186185993309463
-0.22621209710385767 0.20490111903454625 -0.6198695836586237
-0.20107741964787346 0.19998734011000344 -0.621120567986301
-0.17594274219188927 0.19507356118546065 -0.6223715523139783
-0.15080806473590508 0.19015978226091787 -0.6236225366416557
-0.1256733872799209 0.18524600333637506 -0.624873520969333
-0.10053870982393678 0.1803322244118323 -0.6261245052970104
-0.0754040323679526 0.1754184454872895 -0.6273754896246877
-0.05026935491196839 0.1705046665627467 -0.6286264739523649
-0.025134677455984196 0.16559088763820393 -0.6298774582800423
0.0 0.16067710871366112 -0.6311284426077196
-0.9802524207833829 0.35749761930998025 -0.6026990358479076
-0.9551177433273987 0.3525838403854375 -0.603950020175585
-0.9299830658714145 0.3476700614608947 -0.6052010045032623
-0.9048483884154305 0.34275628253635193 -0.6064519888309396
-0.8797137109594463 0.3378425036118091 -0.607702973158617
-0.8545790335034621 0.3329287246872663 -0.6089539574862943
-0.8294443560474779 0.32801494576272355 -0.6102049418139717
-0.8043096785914936 0.32310116683818074 -0.611455926141649
-0.7791750011355095 0.318187387913638 -0.6127069104693263
-0.7540403236795253 0.3132736089890952 -0.6139578947970037
-0.7289056462235411 0.30835983006455236 -0.6152088791246809
-0.703770968767557 0.3034460511400096 -0.6164598634523583
-0.6786362913115728 0.2985322722154668 -0.6177108477800356
-0.6535016138555887 0.29361849329092404 -0.6189618321077129
-0.6283669363996044 0.2887047143663812 -0.6202128164353903
-0.6032322589436203 0.2837909354418384 -0.6214638007630676
-0.5780975814876361 0.27887715651729567 -0.622714785090745
-0.5529629040316519 0.27396337759275285 -0.6239657694184223
-0.5278282265756679 0.2690495986682101 -0.6252167537460996
-0.5026935491196836 0.2641358197436673 -0.626467738073777
-0.4775588716636994 0.2592220408191245 -0.6277187224014542
-0.45242419420771524 0.2543082618945817 -0.6289697067291316
-0.42728951675173105 0.2493944829700389 -0.6302206910568089
-0.4021548392957468 0.2444807040454961 -0.6314716753844862
-0.3770201618397626 0.23956692512095332 -0.6327226597121636
-0.35188548438377854 0.23465314619641056 -0.6339736440398409
-0.32675080692779435 0.22973936727186775 -0.6352246283675183
-0.30161612947181016 0.22482558834732497 -0.6364756126951956
-0.27648145201582597 0.21991180942278218 -0.6377265970228729
-0.2513467745598418 0.21499803049823937 -0.6389775813505503
-0.22621209710385767 0.21008425157369662 -0.6402285656782276
-0.20107741964787346 0.2051704726491538 -0.6414795500059048
-0.17594274219188927 0.20025669372461102 -0.6427305343335822
-0.15080806473590508 0.19534291480006824 -0.6439815186612595
-0.1256733872799209 0.19042913587552543 -0.6452325029889369
-0.10053870982393678 0.18551535695098267 -0.6464834873166142
-0.0754040323679526 0.18060157802643986 -0.6477344716442915
-0.05026935491196839 0.17568779910189708 -0.6489854559719689
-0.025134677455984196 0.1707740201773543 -0.6502364402996462
0.0 0.16586024125281149 -0.6514874246273236
-0.9802524207833829 0.3626807518491306 -0.6230580178675116
-0.9551177433273987 0.35776697292458787 -0.6243090021951889
-0.9299830658714145 0.35285319400004506 -0.6255599865228663
-0.9048483884154305 0.3479394150755023 -0.6268109708505435
-0.8797137109594463 0.3430256361509595 -0.6280619551782208
-0.8545790335034621 0.3381118572264167 -0.6293129395058982
-0.8294443560474779 0.3331980783018739 -0.6305639238335755
-0.8043096785914936 0.3282842993773311 -0.6318149081612529
-0.7791750011355095 0.32337052045278836 -0.6330658924889302
-0.7540403236795253 0.31845674152824555 -0.6343168768166075
-0.7289056462235411 0.31354296260370274 -0.6355678611442849
-0.703770968767557 0.30862918367916 -0.6368188454719622
-0.6786362913115728 0.30371540475461717 -0.6380698297996396
-0.6535016138555887 0.2988016258300744 -0.6393208141273169
-0.6283669363996044 0.29388784690553155 -0.6405717984549942
-0.6032322589436203 0.2889740679809888 -0.6418227827826715
-0.5780975814876361 0.28406028905644604 -0.6430737671103488
-0.5529629040316519 0.2791465101319032 -0.6443247514380261
-0.5278282265756679 0.27423273120736047 -0.6455757357657035
-0.5026935491196836 0.26931895228281766 -0.6468267200933808
-0.4775588716636994 0.26440517335827485 -0.6480777044210582
-0.45242419420771524 0.2594913944337321 -0.6493286887487355
-0.42728951675173105 0.2545776155091893 -0.6505796730764128
-0.4021548392957468 0.24966383658464647 -0.6518306574040902
-0.3770201618397626 0.2447500576601037 -0.6530816417317675
-0.35188548438377854 0.23983627873556093 -0.6543326260594448
-0.32675080692779435 0.23492249981101812 -0.6555836103871221
-0.30161612947181016 0.23000872088647534 -0.6568345947147994
-0.27648145201582597 0.22509494196193253 -0.6580855790424768
-0.2513467745598418 0.22018116303738974 -0.6593365633701541
-0.22621209710385767 0.21526738411284696 -0.6605875476978315
-0.20107741964787346 0.21035360518830418 -0.6618385320255088
-0.17594274219188927 0.2054398262637614 -0.6630895163531861
-0.15080806473590508 0.20052604733921858 -0.6643405006808635
-0.1256733872799209 0.1956122684146758 -0.6655914850085408
-0.10053870982393678 0.19069848949013304 -0.6668424693362182
-0.0754040323679526 0.18578471056559023 -0.6680934536638954
-0.05026935491196839 0.18087093164104745 -0.6693444379915727
-0.025134677455984196 0.17595715271650467 -0.6705954223192501
0.0 0.17104337379196186 -0.6718464066469274
-0.9802524207833829 0.367863884388281 -0.6434169998871153
-0.9551177433273987 0.3629501054637382 -0.6446679842147927
-0.9299830658714145 0.35803632653919537 -0.64591896854247
-0.9048483884154305 0.3531225476146526 -0.6471699528701473
-0.8797137109594463 0.3482087686901098 -0.6484209371978247
-0.8545790335034621 0.34329498976556705 -0.649671921525502
-0.8294443560474779 0.33838121084102424 -0.6509229058531794
-0.8043096785914936 0.3334674319164814 -0.6521738901808567
-0.7791750011355095 0.32855365299193867 -0.653424874508534
-0.7540403236795253 0.32363987406739586 -0.6546758588362113
-0.7289056462235411 0.3187260951428531 -0.6559268431638886
-0.703770968767557 0.3138123162183103 -0.657177827491566
-0.6786362913115728 0.3088985372937675 -0.6584288118192433
-0.6535016138555887 0.30398475836922473 -0.6596797961469206
-0.6283669363996044 0.2990709794446819 -0.660930780474598
-0.6032322589436203 0.29415720052013916 -0.6621817648022753
-0.5780975814876361 0.28924342159559635 -0.6634327491299526
-0.5529629040316519 0.28432964267105354 -0.66468373345763
-0.5278282265756679 0.2794158637465108 -0.6659347177853073
-0.5026935491196836 0.274502084821968 -0.6671857021129847
-0.4775588716636994 0.2695883058974252 -0.6684366864406619
-0.45242419420771524 0.2646745269728824 -0.6696876707683392
-0.42728951675173105 0.2597607480483396 -0.6709386550960166
-0.4021548392957468 0.25484696912379684 -0.6721896394236939
-0.3770201618397626 0.24993319019925403 -0.6734406237513713
-0.35188548438377854 0.24501941127471127 -0.6746916080790486
-0.32675080692779435 0.24010563235016846 -0.6759425924067259
-0.30161612947181016 0.23519185342562568 -0.6771935767344033
-0.27648145201582597 0.23027807450108287 -0.6784445610620806
-0.2513467745598418 0.22536429557654009 -0.679695545389758
-0.22621209710385767 0.2204505166519973 -0.6809465297174353
-0.20107741964787346 0.21553673772745452 -0.6821975140451125
-0.17594274219188927 0.21062295880291174 -0.6834484983727899
-0.15080806473590508 0.20570917987836893 -0.6846994827004672
-0.1256733872799209 0.20079540095382614 -0.6859504670281446
-0.10053870982393678 0.1958816220292834 -0.6872014513558219
-0.0754040323679526 0.19096784310474058 -0.6884524356834992
-0.05026935491196839 0.1860540641801978 -0.6897034200111766
-0.025134677455984196 0.18114028525565498 -0.6909544043388539
0.0 0.1762265063311122 -0.6922053886665313
-0.9802524207833829 0.37304701692743136 -0.6637759819067193
-0.9551177433273987 0.36813323800288855 -0.6650269662343966
-0.9299830658714145 0.36321945907834574 -0.666277950562074
-0.9048483884154305 0.358305680153803 -0.6675289348897512
-0.8797137109594463 0.3533919012292602 -0.6687799192174285
-0.8545790335034621 0.3484781223047174 -0.6700309035451059
-0.8294443560474779 0.3435643433801746 -0.6712818878727832
-0.8043096785914936 0.3386505644556318 -0.6725328722004605
-0.7791750011355095 0.33373678553108904 -0.6737838565281379
-0.7540403236795253 0.32882300660654623 -0.6750348408558152
-0.7289056462235411 0.3239092276820035 -0.6762858251834926
-0.703770968767557 0.31899544875746066 -0.6775368095111699
-0.6786362913115728 0.31408166983291785 -0.6787877938388472
-0.6535016138555887 0.3091678909083751 -0.6800387781665245
-0.6283669363996044 0.3042541119838323 -0.6812897624942018
-0.6032322589436203 0.29934033305928953 -0.6825407468218792
-0.5780975814876361 0.2944265541347467 -0.6837917311495565
-0.5529629040316519 0.2895127752102039 -0.6850427154772338
-0.5278282265756679 0.28459899628566115 -0.6862936998049112
-0.5026935491196836 0.27968521736111834 -0.6875446841325885
-0.4775588716636994 0.2747714384365756 -0.6887956684602659
-0.45242419420771524 0.2698576595120328 -0.6900466527879432
-0.42728951675173105 0.26494388058748997 -0.6912976371156205
-0.4021548392957468 0.2600301016629472 -0.6925486214432979
-0.3770201618397626 0.2551163227384044 -0.6937996057709752
-0.35188548438377854 0.25020254381386164 -0.6950505900986524
-0.32675080692779435 0.24528876488931883 -0.6963015744263298
-0.30161612947181016 0.24037498596477605 -0.6975525587540071
-0.27648145201582597 0.23546120704023324 -0.6988035430816845
-0.2513467745598418 0.23054742811569046 -0.7000545274093618
-0.22621209710385767 0.22563364919114767 -0.7013055117370391
-0.20107741964787346 0.2207198702666049 -0.7025564960647165
-0.17594274219188927 0.2158060913420621 -0.7038074803923938
-0.15080806473590508 0.2108923124175193 -0.7050584647200712
-0.1256733872799209 0.2059785334929765 -0.7063094490477485
-0.10053870982393678 0.20106475456843373 -0.7075604333754257
-0.0754040323679526 0.19615097564389095 -0.7088114177031031
-0.05026935491196839 0.19123719671934816 -0.7100624020307804
-0.025134677455984196 0.18632341779480535 -0.7113133863584578
0.0 0.18140963887026257 -0.7125643706861351
-0.9802524207833829 0.3782301494665817 -0.6841349639263231
-0.9551177433273987 0.3733163705420389 -0.6853859482540005
-0.9299830658714145 0.3684025916174961 -0.6866369325816778
-0.9048483884154305 0.36348881269295336 -0.6878879169093551
-0.8797137109594463 0.35857503376841054 -0.6891389012370325
-0.8545790335034621 0.35366125484386773 -0.6903898855647098
-0.8294443560474779 0.348747475919325 -0.6916408698923872
-0.8043096785914936 0.34383369699478217 -0.6928918542200645
-0.7791750011355095 0.3389199180702394 -0.6941428385477417
-0.7540403236795253 0.3340061391456966 -0.6953938228754191
-0.7289056462235411 0.3290923602211538 -0.6966448072030964
-0.703770968767557 0.32417858129661103 -0.6978957915307737
-0.6786362913115728 0.3192648023720682 -0.6991467758584511
-0.6535016138555887 0.31435102344752547 -0.7003977601861284
-0.6283669363996044 0.30943724452298266 -0.7016487445138058
-0.6032322589436203 0.30452346559843985 -0.7028997288414831
-0.5780975814876361 0.2996096866738971 -0.7041507131691604
-0.5529629040316519 0.2946959077493543 -0.7054016974968378
-0.5278282265756679 0.2897821288248115 -0.706652681824515
-0.5026935491196836 0.2848683499002687 -0.7079036661521924
-0.4775588716636994 0.2799545709757259 -0.7091546504798697
-0.45242419420771524 0.27504079205118315 -0.710405634807547
-0.42728951675173105 0.27012701312664034 -0.7116566191352244
-0.4021548392957468 0.2652132342020975 -0.7129076034629017
-0.3770201618397626 0.26029945527755477 -0.7141585877905791
-0.35188548438377854 0.255385676353012 -0.7154095721182564
-0.32675080692779435 0.2504718974284692 -0.7166605564459337
-0.30161612947181016 0.2455581185039264 -0.7179115407736111
-0.27648145201582597 0.2406443395793836 -0.7191625251012884
-0.2513467745598418 0.23573056065484083 -0.7204135094289658
-0.22621209710385767 0.23081678173029804 -0.721664493756643
-0.20107741964787346 0.22590300280575526 -0.7229154780843203
-0.17594274219188927 0.22098922388121248 -0.7241664624119977
-0.15080806473590508 0.21607544495666967 -0.725417446739675
-0.1256733872799209 0.21116166603212688 -0.7266684310673523
-0.10053870982393678 0.2062478871075841 -0.7279194153950297
-0.0754040323679526 0.20133410818304132 -0.729170399722707
-0.05026935491196839 0.19642032925849853 -0.7304213840503844
-0.025134677455984196 0.19150655033395572 -0.7316723683780617
0.0 0.18659277140941294 -0.732923352705739
-0.9802524207833829 0.38341328200573205 -0.704493945945927
-0.9551177433273987 0.37849950308118924 -0.7057449302736043
-0.9299830658714145 0.3735857241566464 -0.7069959146012815
-0.9048483884154305 0.36867194523210367 -0.7082468989289589
-0.8797137109594463 0.36375816630756086 -0.7094978832566362
-0.8545790335034621 0.3588443873830181 -0.7107488675843135
-0.8294443560474779 0.3539306084584753 -0.7119998519119909
-0.8043096785914936 0.3490168295339325 -0.7132508362396682
-0.7791750011355095 0.3441030506093897 -0.7145018205673456
-0.7540403236795253 0.3391892716848469 -0.7157528048950229
-0.7289056462235411 0.33427549276030416 -0.7170037892227002
-0.703770968767557 0.32936171383576135 -0.7182547735503776
-0.6786362913115728 0.32444793491121854 -0.7195057578780549
-0.6535016138555887 0.3195341559866758 -0.7207567422057322
-0.6283669363996044 0.31462037706213297 -0.7220077265334095
-0.6032322589436203 0.3097065981375902 -0.7232587108610868
-0.5780975814876361 0.3047928192130474 -0.7245096951887642
-0.5529629040316519 0.29987904028850465 -0.7257606795164415
-0.5278282265756679 0.29496526136396184 -0.7270116638441189
-0.5026935491196836 0.29005148243941903 -0.7282626481717962
-0.4775588716636994 0.2851377035148763 -0.7295136324994735
-0.45242419420771524 0.28022392459033346 -0.7307646168271509
-0.42728951675173105 0.2753101456657907 -0.7320156011548282
-0.4021548392957468 0.2703963667412479 -0.7332665854825056
-0.3770201618397626 0.2654825878167051 -0.7345175698101828
-0.35188548438377854 0.26056880889216233 -0.7357685541378601
-0.32675080692779435 0.2556550299676195 -0.7370195384655375
-0.30161612947181016 0.25074125104307676 -0.7382705227932148
-0.27648145201582597 0.24582747211853395 -0.7395215071208922
-0.2513467745598418 0.24091369319399117 -0.7407724914485695
-0.22621209710385767 0.23599991426944839 -0.7420234757762468
-0.20107741964787346 0.2310861353449056 -0.7432744601039242
-0.17594274219188927 0.22617235642036282 -0.7445254444316015
-0.15080806473590508 0.22125857749582 -0.7457764287592789
-0.1256733872799209 0.21634479857127722 -0.7470274130869562
-0.10053870982393678 0.21143101964673444 -0.7482783974146334
-0.0754040323679526 0.20651724072219166 -0.7495293817423108
-0.05026935491196839 0.20160346179764888 -0.7507803660699881
-0.025134677455984196 0.19668968287310606 -0.7520313503976654
0.0 0.19177590394856328 -0.7532823347253428
-0.9802524207833829 0.3885964145448824 -0.7248529279655308
-0.9551177433273987 0.3836826356203396 -0.7261039122932081
-0.9299830658714145 0.3787688566957968 -0.7273548966208855
-0.9048483884154305 0.37385507777125404 -0.7286058809485628
-0.8797137109594463 0.36894129884671123 -0.7298568652762402
-0.8545790335034621 0.3640275199221685 -0.7311078496039175
-0.8294443560474779 0.35911374099762566 -0.7323588339315948
-0.8043096785914936 0.35419996207308285 -0.7336098182592721
-0.7791750011355095 0.3492861831485401 -0.7348608025869494
-0.7540403236795253 0.3443724042239973 -0.7361117869146268
-0.7289056462235411 0.33945862529945453 -0.7373627712423041
-0.703770968767557 0.3345448463749117 -0.7386137555699814
-0.6786362913115728 0.3296310674503689 -0.7398647398976588
-0.6535016138555887 0.32471728852582615 -0.7411157242253361
-0.6283669363996044 0.31980350960128334 -0.7423667085530135
-0.6032322589436203 0.3148897306767406 -0.7436176928806908
-0.5780975814876361 0.3099759517521978 -0.7448686772083681
-0.5529629040316519 0.305062172827655 -0.7461196615360455
-0.5278282265756679 0.3001483939031122 -0.7473706458637227
-0.5026935491196836 0.2952346149785694 -0.7486216301914
-0.4775588716636994 0.29032083605402664 -0.7498726145190774
-0.45242419420771524 0.28540705712948383 -0.7511235988467547
-0.42728951675173105 0.2804932782049411 -0.7523745831744321
-0.4021548392957468 0.27557949928039827 -0.7536255675021094
-0.3770201618397626 0.27066572035585545 -0.7548765518297867
-0.35188548438377854 0.2657519414313127 -0.7561275361574641
-0.32675080692779435 0.2608381625067699 -0.7573785204851414
-0.30161612947181016 0.25592438358222713 -0.7586295048128188
-0.27648145201582597 0.2510106046576843 -0.7598804891404961
-0.2513467745598418 0.24609682573314154 -0.7611314734681733
-0.22621209710385767 0.24118304680859876 -0.7623824577958507
-0.20107741964787346 0.23626926788405597 -0.763633442123528
-0.17594274219188927 0.2313554889595132 -0.7648844264512054
-0.15080806473590508 0.22644171003497038 -0.7661354107788827
-0.1256733872799209 0.2215279311104276 -0.76738639510656
-0.10053870982393678 0.2166141521858848 -0.7686373794342374
-0.0754040323679526 0.21170037326134203 -0.7698883637619147
-0.05026935491196839 0.20678659433679922 -0.7711393480895921
-0.025134677455984196 0.20187281541225643 -0.7723903324172694
0.0 0.19695903648771365 -0.7736413167449467
-0.9802524207833829 0.3937795470840328 -0.7452119099851348
-0.9551177433273987 0.38886576815949 -0.7464628943128121
-0.9299830658714145 0.38395198923494717 -0.7477138786404893
-0.9048483884154305 0.3790382103104044 -0.7489648629681667
-0.8797137109594463 0.3741244313858616 -0.750215847295844
-0.8545790335034621 0.36921065246131884 -0.7514668316235213
-0.8294443560474779 0.36429687353677603 -0.7527178159511987
-0.8043096785914936 0.3593830946122332 -0.753968800278876
-0.7791750011355095 0.35446931568769047 -0.7552197846065534
-0.7540403236795253 0.34955553676314766 -0.7564707689342307
-0.7289056462235411 0.3446417578386049 -0.757721753261908
-0.703770968767557 0.3397279789140621 -0.7589727375895854
-0.6786362913115728 0.3348141999895193 -0.7602237219172627
-0.6535016138555887 0.3299004210649765 -0.76147470624494
-0.6283669363996044 0.3249866421404337 -0.7627256905726173
-0.6032322589436203 0.32007286321589096 -0.7639766749002946
-0.5780975814876361 0.31515908429134815 -0.765227659227972
-0.5529629040316519 0.3102453053668054 -0.7664786435556493
-0.5278282265756679 0.3053315264422626 -0.7677296278833267
-0.5026935491196836 0.30041774751771977 -0.768980612211004
-0.4775588716636994 0.295503968593177 -0.7702315965386813
-0.45242419420771524 0.2905901896686342 -0.7714825808663587
-0.42728951675173105 0.28567641074409145 -0.772733565194036
-0.4021548392957468 0.28076263181954864 -0.7739845495217132
-0.3770201618397626 0.2758488528950058 -0.7752355338493906
-0.35188548438377854 0.27093507397046307 -0.7764865181770679
-0.32675080692779435 0.26602129504592026 -0.7777375025047453
-0.30161612947181016 0.2611075161213775 -0.7789884868324226
-0.27648145201582597 0.2561937371968347 -0.7802394711601
-0.2513467745598418 0.2512799582722919 -0.7814904554877773
-0.22621209710385767 0.24636617934774913 -0.7827414398154546
-0.20107741964787346 0.24145240042320634 -0.783992424143132
-0.17594274219188927 0.23653862149866353 -0.7852434084708093
-0.15080806473590508 0.23162484257412075 -0.7864943927984867
-0.1256733872799209 0.22671106364957797 -0.7877453771261639
-0.10053870982393678 0.22179728472503518 -0.7889963614538412
-0.0754040323679526 0.2168835058004924 -0.7902473457815186
-0.05026935491196839 0.2119697268759496 -0.7914983301091959
-0.025134677455984196 0.2070559479514068 -0.7927493144368732
0.0 0.20214216902686402 -0.7940002987645506
-0.9802524207833829 0.39896267962318316 -0.7655708920047386
-0.9551177433273987 0.39404890069864035 -0.7668218763324159
-0.9299830658714145 0.38913512177409754 -0.7680728606600933
-0.9048483884154305 0.3842213428495548 -0.7693238449877706
-0.8797137109594463 0.37930756392501197 -0.770574829315448
-0.8545790335034621 0.3743937850004692 -0.7718258136431253
-0.8294443560474779 0.3694800060759264 -0.7730767979708025
-0.8043096785914936 0.3645662271513836 -0.7743277822984799
-0.7791750011355095 0.35965244822684084 -0.7755787666261572
-0.7540403236795253 0.354738669302298 -0.7768297509538346
-0.7289056462235411 0.34982489037775527 -0.7780807352815119
-0.703770968767557 0.34491111145321246 -0.7793317196091892
-0.6786362913115728 0.33999733252866965 -0.7805827039368666
-0.6535016138555887 0.3350835536041269 -0.7818336882645439
-0.6283669363996044 0.3301697746795841 -0.7830846725922213
-0.6032322589436203 0.3252559957550413 -0.7843356569198986
-0.5780975814876361 0.3203422168304985 -0.7855866412475759
-0.5529629040316519 0.31542843790595576 -0.7868376255752532
-0.5278282265756679 0.31051465898141295 -0.7880886099029305
-0.5026935491196836 0.30560088005687014 -0.7893395942306078
-0.4775588716636994 0.3006871011323274 -0.7905905785582852
-0.45242419420771524 0.2957733222077846 -0.7918415628859625
-0.42728951675173105 0.2908595432832418 -0.7930925472136399
-0.4021548392957468 0.285945764358699 -0.7943435315413172
-0.3770201618397626 0.2810319854341562 -0.7955945158689945
-0.35188548438377854 0.27611820650961344 -0.7968455001966719
-0.32675080692779435 0.27120442758507063 -0.7980964845243492
-0.30161612947181016 0.2662906486605279 -0.7993474688520266
-0.27648145201582597 0.26137686973598506 -0.8005984531797038
-0.2513467745598418 0.25646309081144225 -0.8018494375073811
-0.22621209710385767 0.2515493118868995 -0.8031004218350585
-0.20107741964787346 0.2466355329623567 -0.8043514061627358
-0.17594274219188927 0.2417217540378139 -0.8056023904904132
-0.15080806473590508 0.23680797511327112 -0.8068533748180905
-0.1256733872799209 0.23189419618872834 -0.8081043591457678
-0.10053870982393678 0.22698041726418555 -0.8093553434734452
-0.0754040323679526 0.22206663833964277 -0.8106063278011225
-0.05026935491196839 0.21715285941509996 -0.8118573121287999
-0.025134677455984196 0.21223908049055717 -0.8131082964564772
0.0 0.2073253015660144 -0.8143592807841544
-0.9802524207833829 0.4041458121623335 -0.7859298740243423
-0.9551177433273987 0.3992320332377907 -0.7871808583520197
-0.9299830658714145 0.3943182543132479 -0.788431842679697
-0.9048483884154305 0.38940447538870515 -0.7896828270073744
-0.8797137109594463 0.38449069646416234 -0.7909338113350517
-0.8545790335034621 0.37957691753961953 -0.792184795662729
-0.8294443560474779 0.3746631386150768 -0.7934357799904064
-0.8043096785914936 0.36974935969053396 -0.7946867643180837
-0.7791750011355095 0.3648355807659912 -0.7959377486457611
-0.7540403236795253 0.3599218018414484 -0.7971887329734384
-0.7289056462235411 0.3550080229169056 -0.7984397173011157
-0.703770968767557 0.35009424399236283 -0.799690701628793
-0.6786362913115728 0.34518046506782 -0.8009416859564703
-0.6535016138555887 0.34026668614327726 -0.8021926702841476
-0.6283669363996044 0.33535290721873445 -0.803443654611825
-0.6032322589436203 0.33043912829419164 -0.8046946389395023
-0.5780975814876361 0.3255253493696489 -0.8059456232671797
-0.5529629040316519 0.3206115704451061 -0.807196607594857
-0.5278282265756679 0.3156977915205633 -0.8084475919225343
-0.5026935491196836 0.3107840125960205 -0.8096985762502117
-0.4775588716636994 0.3058702336714777 -0.810949560577889
-0.45242419420771524 0.30095645474693494 -0.8122005449055664
-0.42728951675173105 0.29604267582239213 -0.8134515292332436
-0.4021548392957468 0.2911288968978493 -0.8147025135609209
-0.3770201618397626 0.28621511797330657 -0.8159534978885983
-0.35188548438377854 0.2813013390487638 -0.8172044822162756
-0.32675080692779435 0.276387560124221 -0.818455466543953
-0.30161612947181016 0.2714737811996782 -0.8197064508716303
-0.27648145201582597 0.2665600022751354 -0.8209574351993076
-0.2513467745598418 0.2616462233505926 -0.822208419526985
-0.22621209710385767 0.2567324444260498 -0.8234594038546623
-0.20107741964787346 0.25181866550150706 -0.8247103881823397
-0.17594274219188927 0.24690488657696424 -0.825961372510017
-0.15080806473590508 0.24199110765242146 -0.8272123568376942
-0.1256733872799209 0.23707732872787868 -0.8284633411653716
-0.10053870982393678 0.2321635498033359 -0.8297143254930489
-0.0754040323679526 0.2272497708787931 -0.8309653098207263
-0.05026935491196839 0.2223359919542503 -0.8322162941484036
-0.025134677455984196 0.21742221302970752 -0.8334672784760809
0.0 0.21250843410516473 -0.8347182628037583
-0.9802524207833829 0.40932894470148384 -0.8062888560439463
-0.9551177433273987 0.4044151657769411 -0.8075398403716236
-0.9299830658714145 0.3995013868523983 -0.808790824699301
-0.9048483884154305 0.3945876079278555 -0.8100418090269783
-0.8797137109594463 0.3896738290033127 -0.8112927933546557
-0.8545790335034621 0.3847600500787699 -0.812543777682333
-0.8294443560474779 0.37984627115422714 -0.8137947620100102
-0.8043096785914936 0.37493249222968433 -0.8150457463376876
-0.7791750011355095 0.3700187133051416 -0.8162967306653649
-0.7540403236795253 0.36510493438059877 -0.8175477149930422
-0.7289056462235411 0.36019115545605596 -0.8187986993207196
-0.703770968767557 0.3552773765315132 -0.8200496836483969
-0.6786362913115728 0.3503635976069704 -0.8213006679760743
-0.6535016138555887 0.34544981868242763 -0.8225516523037516
-0.6283669363996044 0.34053603975788477 -0.8238026366314289
-0.6032322589436203 0.335622260833342 -0.8250536209591063
-0.5780975814876361 0.33070848190879926 -0.8263046052867835
-0.5529629040316519 0.32579470298425645 -0.8275555896144609
-0.5278282265756679 0.3208809240597137 -0.8288065739421382
-0.5026935491196836 0.3159671451351709 -0.8300575582698155
-0.4775588716636994 0.31105336621062807 -0.8313085425974929
-0.45242419420771524 0.3061395872860853 -0.8325595269251702
-0.42728951675173105 0.3012258083615425 -0.8338105112528476
-0.4021548392957468 0.2963120294369997 -0.8350614955805249
-0.3770201618397626 0.29139825051245694 -0.8363124799082022
-0.35188548438377854 0.2864844715879141 -0.8375634642358796
-0.32675080692779435 0.28157069266337137 -0.8388144485635569
-0.30161612947181016 0.27665691373882856 -0.8400654328912341
-0.27648145201582597 0.27174313481428575 -0.8413164172189115
-0.2513467745598418 0.266829355889743 -0.8425674015465888
-0.22621209710385767 0.2619155769652002 -0.8438183858742662
-0.20107741964787346 0.2570017980406574 -0.8450693702019435
-0.17594274219188927 0.2520880191161146 -0.8463203545296208
-0.15080806473590508 0.24717424019157183 -0.8475713388572982
-0.1256733872799209 0.24226046126702902 -0.8488223231849755
-0.10053870982393678 0.23734668234248626 -0.8500733075126529
-0.0754040323679526 0.23243290341794345 -0.8513242918403302
-0.05026935491196839 0.22751912449340067 -0.8525752761680075
-0.025134677455984196 0.2226053455688579 -0.8538262604956848
0.0 0.21769156664431508 -0.8550772448233621
-0.9802524207833829 0.4145120772406342 -0.8266478380635501
-0.9551177433273987 0.40959829831609146 -0.8278988223912275
-0.9299830658714145 0.40468451939154865 -0.8291498067189048
-0.9048483884154305 0.3997707404670059 -0.8304007910465822
-0.8797137109594463 0.3948569615424631 -0.8316517753742595
-0.8545790335034621 0.38994318261792027 -0.8329027597019368
-0.8294443560474779 0.3850294036933775 -0.8341537440296142
-0.8043096785914936 0.3801156247688347 -0.8354047283572915
-0.7791750011355095 0.37520184584429195 -0.8366557126849689
-0.7540403236795253 0.37028806691974914 -0.8379066970126462
-0.7289056462235411 0.3653742879952063 -0.8391576813403234
-0.703770968767557 0.36046050907066357 -0.8404086656680008
-0.6786362913115728 0.35554673014612076 -0.8416596499956781
-0.6535016138555887 0.350632951221578 -0.8429106343233554
-0.6283669363996044 0.34571917229703514 -0.8441616186510328
-0.6032322589436203 0.3408053933724924 -0.8454126029787101
-0.5780975814876361 0.3358916144479496 -0.8466635873063875
-0.5529629040316519 0.3309778355234068 -0.8479145716340648
-0.5278282265756679 0.32606405659886406 -0.8491655559617421
-0.5026935491196836 0.32115027767432125 -0.8504165402894195
-0.4775588716636994 0.31623649874977844 -0.8516675246170968
-0.45242419420771524 0.3113227198252357 -0.8529185089447741
-0.42728951675173105 0.30640894090069287 -0.8541694932724514
-0.4021548392957468 0.30149516197615006 -0.8554204776001287
-0.3770201618397626 0.2965813830516073 -0.8566714619278061
-0.35188548438377854 0.2916676041270645 -0.8579224462554834
-0.32675080692779435 0.28675382520252174 -0.8591734305831608
-0.30161612947181016 0.28184004627797893 -0.8604244149108381
-0.27648145201582597 0.2769262673534361 -0.8616753992385154
-0.2513467745598418 0.27201248842889336 -0.8629263835661928
-0.22621209710385767 0.26709870950435055 -0.8641773678938701
-0.20107741964787346 0.2621849305798078 -0.8654283522215475
-0.17594274219188927 0.257271151655265 -0.8666793365492247
-0.15080806473590508 0.2523573727307222 -0.867930320876902
-0.1256733872799209 0.2474435938061794 -0.8691813052045794
-0.10053870982393678 0.24252981488163664 -0.8704322895322567
-0.0754040323679526 0.23761603595709382 -0.871683273859934
-0.05026935491196839 0.23270225703255104 -0.8729342581876114
-0.025134677455984196 0.22778847810800826 -0.8741852425152887
0.0 0.22287469918346545 -0.8754362268429661
-0.9802524207833829 0.4196952097797846 -0.847006820083154
-0.9551177433273987 0.4147814308552418 -0.8482578044108313
-0.9299830658714145 0.40986765193069896 -0.8495087887385087
-0.9048483884154305 0.4049538730061562 -0.850759773066186
-0.8797137109594463 0.4000400940816134 -0.8520107573938633
-0.8545790335034621 0.39512631515707064 -0.8532617417215406
-0.8294443560474779 0.39021253623252783 -0.8545127260492179
-0.8043096785914936 0.385298757307985 -0.8557637103768952
-0.7791750011355095 0.38038497838344226 -0.8570146947045726
-0.7540403236795253 0.37547119945889945 -0.8582656790322499
-0.7289056462235411 0.3705574205343567 -0.8595166633599273
-0.703770968767557 0.3656436416098139 -0.8607676476876046
-0.6786362913115728 0.3607298626852711 -0.862018632015282
-0.6535016138555887 0.3558160837607283 -0.8632696163429593
-0.6283669363996044 0.3509023048361855 -0.8645206006706366
-0.6032322589436203 0.34598852591164275 -0.865771584998314
-0.5780975814876361 0.34107474698709994 -0.8670225693259912
-0.5529629040316519 0.33616096806255713 -0.8682735536536685
-0.5278282265756679 0.3312471891380144 -0.8695245379813459
-0.5026935491196836 0.32633341021347156 -0.8707755223090232
-0.4775588716636994 0.3214196312889288 -0.8720265066367006
-0.45242419420771524 0.316505852364386 -0.8732774909643779
-0.42728951675173105 0.3115920734398432 -0.8745284752920552
-0.4021548392957468 0.30667829451530043 -0.8757794596197326
-0.3770201618397626 0.3017645155907576 -0.8770304439474099
-0.35188548438377854 0.29685073666621486 -0.8782814282750873
-0.32675080692779435 0.29193695774167205 -0.8795324126027645
-0.30161612947181016 0.28702317881712924 -0.8807833969304418
-0.27648145201582597 0.2821093998925865 -0.8820343812581192
-0.2513467745598418 0.2771956209680437 -0.8832853655857965
-0.22621209710385767 0.2722818420435009 -0.8845363499134739
-0.20107741964787346 0.2673680631189581 -0.8857873342411512
-0.17594274219188927 0.26245428419441535 -0.8870383185688285
-0.15080806473590508 0.25754050526987254 -0.8882893028965059
-0.1256733872799209 0.25262672634532973 -0.8895402872241832
-0.10053870982393678 0.24771294742078698 -0.8907912715518606
-0.0754040323679526 0.24279916849624417 -0.8920422558795379
-0.05026935491196839 0.23788538957170138 -0.8932932402072151
-0.025134677455984196 0.2329716106471586 -0.8945442245348925
0.0 0.2280578317226158 -0.8957952088625698
-0.9802524207833829 0.42487834231893495 -0.8673658021027578
-0.9551177433273987 0.41996456339439214 -0.8686167864304352
-0.9299830658714145 0.41505078446984933 -0.8698677707581125
-0.9048483884154305 0.4101370055453066 -0.8711187550857898
-0.8797137109594463 0.40522322662076377 -0.8723697394134672
-0.8545790335034621 0.400309447696221 -0.8736207237411445
-0.8294443560474779 0.3953956687716782 -0.8748717080688219
-0.8043096785914936 0.3904818898471354 -0.8761226923964992
-0.7791750011355095 0.38556811092259263 -0.8773736767241765
-0.7540403236795253 0.3806543319980498 -0.8786246610518539
-0.7289056462235411 0.37574055307350707 -0.8798756453795311
-0.703770968767557 0.37082677414896426 -0.8811266297072085
-0.6786362913115728 0.36591299522442144 -0.8823776140348858
-0.6535016138555887 0.3609992162998787 -0.8836285983625631
-0.6283669363996044 0.3560854373753359 -0.8848795826902405
-0.6032322589436203 0.3511716584507931 -0.8861305670179178
-0.5780975814876361 0.3462578795262503 -0.8873815513455952
-0.5529629040316519 0.3413441006017075 -0.8886325356732725
-0.5278282265756679 0.33643032167716475 -0.8898835200009498
-0.5026935491196836 0.33151654275262193 -0.8911345043286272
-0.4775588716636994 0.3266027638280792 -0.8923854886563044
-0.45242419420771524 0.32168898490353637 -0.8936364729839817
-0.42728951675173105 0.31677520597899356 -0.8948874573116591
-0.4021548392957468 0.3118614270544508 -0.8961384416393364
-0.3770201618397626 0.306947648129908 -0.8973894259670138
-0.35188548438377854 0.30203386920536524 -0.8986404102946911
-0.32675080692779435 0.2971200902808224 -0.8998913946223684
-0.30161612947181016 0.2922063113562796 -0.9011423789500458
-0.27648145201582597 0.28729253243173686 -0.9023933632777231
-0.2513467745598418 0.28237875350719405 -0.9036443476054005
-0.22621209710385767 0.2774649745826513 -0.9048953319330778
-0.20107741964787346 0.2725511956581085 -0.906146316260755
-0.17594274219188927 0.26763741673356567 -0.9073973005884324
-0.15080806473590508 0.2627236378090229 -0.9086482849161097
-0.1256733872799209 0.2578098588844801 -0.9098992692437871
-0.10053870982393678 0.25289607995993735 -0.9111502535714644
-0.0754040323679526 0.24798230103539454 -0.9124012378991417
-0.05026935491196839 0.24306852211085175 -0.9136522222268191
-0.025134677455984196 0.23815474318630897 -0.9149032065544964
0.0 0.23324096426176616 -0.9161541908821738
-0.9802524207833829 0.4300614748580853 -0.8877247841223618
-0.9551177433273987 0.4251476959335425 -0.8889757684500391
-0.9299830658714145 0.4202339170089997 -0.8902267527777165
-0.9048483884154305 0.41532013808445695 -0.8914777371053937
-0.8797137109594463 0.41040635915991414 -0.892728721433071
-0.8545790335034621 0.4054925802353714 -0.8939797057607484
-0.8294443560474779 0.40057880131082857 -0.8952306900884257
-0.8043096785914936 0.39566502238628576 -0.896481674416103
-0.7791750011355095 0.390751243461743 -0.8977326587437804
-0.7540403236795253 0.3858374645372002 -0.8989836430714577
-0.7289056462235411 0.38092368561265744 -0.9002346273991351
-0.703770968767557 0.3760099066881146 -0.9014856117268124
-0.6786362913115728 0.3710961277635718 -0.9027365960544897
-0.6535016138555887 0.36618234883902906 -0.9039875803821671
-0.6283669363996044 0.36126856991448625 -0.9052385647098444
-0.6032322589436203 0.3563547909899435 -0.9064895490375217
-0.5780975814876361 0.3514410120654007 -0.907740533365199
-0.5529629040316519 0.34652723314085787 -0.9089915176928763
-0.5278282265756679 0.3416134542163151 -0.9102425020205537
-0.5026935491196836 0.3366996752917723 -0.911493486348231
-0.4775588716636994 0.33178589636722955 -0.9127444706759084
-0.45242419420771524 0.32687211744268674 -0.9139954550035857
-0.42728951675173105 0.3219583385181439 -0.915246439331263
-0.4021548392957468 0.31704455959360117 -0.9164974236589404
-0.3770201618397626 0.31213078066905836 -0.9177484079866177
-0.35188548438377854 0.3072170017445156 -0.918999392314295
-0.32675080692779435 0.3023032228199728 -0.9202503766419723
-0.30161612947181016 0.29738944389543 -0.9215013609696496
-0.27648145201582597 0.29247566497088723 -0.922752345297327
-0.2513467745598418 0.2875618860463444 -0.9240033296250043
-0.22621209710385767 0.28264810712180166 -0.9252543139526817
-0.20107741964787346 0.27773432819725885 -0.926505298280359
-0.17594274219188927 0.27282054927271604 -0.9277562826080363
-0.15080806473590508 0.2679067703481733 -0.9290072669357137
-0.1256733872799209 0.2629929914236305 -0.930258251263391
-0.10053870982393678 0.2580792124990877 -0.9315092355910684
-0.0754040323679526 0.2531654335745449 -0.9327602199187456
-0.05026935491196839 0.24825165465000212 -0.9340112042464229
-0.025134677455984196 0.2433378757254593 -0.9352621885741003
0.0 0.23842409680091653 -0.9365131729017776
-0.9802524207833829 0.43524460739723564 -0.9080837661419655
-0.9551177433273987 0.4303308284726929 -0.9093347504696428
-0.9299830658714145 0.4254170495481501 -0.9105857347973202
-0.9048483884154305 0.4205032706236073 -0.9118367191249975
-0.8797137109594463 0.4155894916990645 -0.9130877034526749
-0.8545790335034621 0.4106757127745217 -0.9143386877803522
-0.8294443560474779 0.40576193384997894 -0.9155896721080296
-0.8043096785914936 0.40084815492543613 -0.9168406564357069
-0.7791750011355095 0.3959343760008934 -0.9180916407633842
-0.7540403236795253 0.39102059707635056 -0.9193426250910615
-0.7289056462235411 0.38610681815180775 -0.9205936094187388
-0.703770968767557 0.381193039227265 -0.9218445937464161
-0.6786362913115728 0.3762792603027222 -0.9230955780740935
-0.6535016138555887 0.37136548137817943 -0.9243465624017708
-0.6283669363996044 0.36645170245363656 -0.9255975467294482
-0.6032322589436203 0.3615379235290938 -0.9268485310571255
-0.5780975814876361 0.35662414460455105 -0.9280995153848028
-0.5529629040316519 0.35171036568000824 -0.9293504997124802
-0.5278282265756679 0.3467965867554655 -0.9306014840401575
-0.5026935491196836 0.3418828078309227 -0.9318524683678349
-0.4775588716636994 0.33696902890637986 -0.9331034526955121
-0.45242419420771524 0.3320552499818371 -0.9343544370231894
-0.42728951675173105 0.3271414710572943 -0.9356054213508668
-0.4021548392957468 0.3222276921327515 -0.9368564056785441
-0.3770201618397626 0.31731391320820873 -0.9381073900062215
-0.35188548438377854 0.3124001342836659 -0.9393583743338988
-0.32675080692779435 0.30748635535912316 -0.9406093586615761
-0.30161612947181016 0.30257257643458035 -0.9418603429892535
-0.27648145201582597 0.29765879751003754 -0.9431113273169308
-0.2513467745598418 0.2927450185854948 -0.9443623116446082
-0.22621209710385767 0.287831239660952 -0.9456132959722855
-0.20107741964787346 0.2829174607364092 -0.9468642802999627
-0.17594274219188927 0.2780036818118664 -0.9481152646276401
-0.15080806473590508 0.2730899028873236 -0.9493662489553174
-0.1256733872799209 0.26817612396278084 -0.9506172332829947
-0.10053870982393678 0.26326234503823803 -0.9518682176106721
-0.0754040323679526 0.2583485661136953 -0.9531192019383494
-0.05026935491196839 0.25343478718915247 -0.9543701862660268
-0.025134677455984196 0.24852100826460966 -0.9556211705937041
0.0 0.24360722934006687 -0.9568721549213814
-0.9802524207833829 0.44042773993638595 -0.9284427481615694
-0.9551177433273987 0.4355139610118432 -0.9296937324892467
-0.9299830658714145 0.4306001820873004 -0.930944716816924
-0.9048483884154305 0.42568640316275763 -0.9321957011446013
-0.8797137109594463 0.4207726242382148 -0.9334466854722786
-0.8545790335034621 0.415858845313672 -0.9346976697999559
-0.8294443560474779 0.41094506638912925 -0.9359486541276333
-0.8043096785914936 0.40603128746458644 -0.9371996384553106
-0.7791750011355095 0.4011175085400437 -0.938450622782988
-0.7540403236795253 0.3962037296155009 -0.9397016071106653
-0.7289056462235411 0.39128995069095807 -0.9409525914383426
-0.703770968767557 0.3863761717664153 -0.94220357576602
-0.6786362913115728 0.3814623928418725 -0.9434545600936973
-0.6535016138555887 0.37654861391732974 -0.9447055444213747
-0.6283669363996044 0.37163483499278693 -0.945956528749052
-0.6032322589436203 0.3667210560682441 -0.9472075130767292
-0.5780975814876361 0.36180727714370137 -0.9484584974044066
-0.5529629040316519 0.35689349821915856 -0.9497094817320839
-0.5278282265756679 0.3519797192946158 -0.9509604660597613
-0.5026935491196836 0.347065940370073 -0.9522114503874386
-0.4775588716636994 0.3421521614455302 -0.9534624347151159
-0.45242419420771524 0.3372383825209874 -0.9547134190427933
-0.42728951675173105 0.3323246035964446 -0.9559644033704706
-0.4021548392957468 0.3274108246719018 -0.957215387698148
-0.3770201618397626 0.32249704574735905 -0.9584663720258253
-0.35188548438377854 0.3175832668228163 -0.9597173563535025
-0.32675080692779435 0.3126694878982735 -0.9609683406811799
-0.30161612947181016 0.30775570897373067 -0.9622193250088572
-0.27648145201582597 0.3028419300491879 -0.9634703093365345
-0.2513467745598418 0.2979281511246451 -0.9647212936642119
-0.22621209710385767 0.29301437220010235 -0.9659722779918892
-0.20107741964787346 0.28810059327555954 -0.9672232623195666
-0.17594274219188927 0.2831868143510167 -0.9684742466472439
-0.15080806473590508 0.27827303542647397 -0.9697252309749212
-0.1256733872799209 0.27335925650193116 -0.9709762153025986
-0.10053870982393678 0.2684454775773884 -0.9722271996302759
-0.0754040323679526 0.2635316986528456 -0.9734781839579532
-0.05026935491196839 0.2586179197283028 -0.9747291682856305
-0.025134677455984196 0.25370414080376 -0.9759801526133078
0.0 0.24879036187921721 -0.9772311369409852
-0.9802524207833829 0.4456108724755364 -0.9488017301811733
-0.9551177433273987 0.44069709355099357 -0.9500527145088506
-0.9299830658714145 0.43578331462645076 -0.951303698836528
-0.9048483884154305 0.430869535701908 -0.9525546831642053
-0.8797137109594463 0.4259557567773652 -0.9538056674918827
-0.8545790335034621 0.42104197785282244 -0.95505665181956
-0.8294443560474779 0.4161281989282796 -0.9563076361472373
-0.8043096785914936 0.4112144200037368 -0.9575586204749147
-0.7791750011355095 0.40630064107919406 -0.9588096048025919
-0.7540403236795253 0.40138686215465125 -0.9600605891302693
-0.7289056462235411 0.3964730832301085 -0.9613115734579466
-0.703770968767557 0.3915593043055657 -0.9625625577856239
-0.6786362913115728 0.38664552538102287 -0.9638135421133013
-0.6535016138555887 0.3817317464564801 -0.9650645264409786
-0.6283669363996044 0.3768179675319373 -0.966315510768656
-0.6032322589436203 0.37190418860739455 -0.9675664950963333
-0.5780975814876361 0.36699040968285174 -0.9688174794240106
-0.5529629040316519 0.362076630758309 -0.970068463751688
-0.5278282265756679 0.35716285183376617 -0.9713194480793652
-0.5026935491196836 0.35224907290922336 -0.9725704324070426
-0.4775588716636994 0.3473352939846806 -0.9738214167347199
-0.45242419420771524 0.3424215150601378 -0.9750724010623972
-0.42728951675173105 0.33750773613559504 -0.9763233853900746
-0.4021548392957468 0.3325939572110522 -0.9775743697177519
-0.3770201618397626 0.3276801782865094 -0.9788253540454293
-0.35188548438377854 0.32276639936196666 -0.9800763383731066
-0.32675080692779435 0.31785262043742385 -0.9813273227007839
-0.30161612947181016 0.3129388415128811 -0.9825783070284613
-0.27648145201582597 0.3080250625883383 -0.9838292913561386
-0.2513467745598418 0.30311128366379547 -0.985080275683816
-0.22621209710385767 0.2981975047392527 -0.9863312600114932
-0.20107741964787346 0.2932837258147099 -0.9875822443391705
-0.17594274219188927 0.28836994689016715 -0.9888332286668479
-0.15080806473590508 0.28345616796562434 -0.9900842129945252
-0.1256733872799209 0.27854238904108153 -0.9913351973222025
-0.10053870982393678 0.2736286101165388 -0.9925861816498799
-0.0754040323679526 0.26871483119199596 -0.9938371659775572
-0.05026935491196839 0.2638010522674532 -0.9950881503052346
-0.025134677455984196 0.2588872733429104 -0.9963391346329119
0.0 0.2539734944183676 -0.9975901189605892
-0.9802524207833829 0.4507940050146867 -0.9691607122007772
-0.9551177433273987 0.44588022609014394 -0.9704116965284545
-0.9299830658714145 0.4409664471656011 -0.9716626808561317
-0.9048483884154305 0.43605266824105837 -0.9729136651838091
-0.8797137109594463 0.43113888931651556 -0.9741646495114864
-0.8545790335034621 0.42622511039197275 -0.9754156338391637
-0.8294443560474779 0.42131133146743 -0.9766666181668411
-0.8043096785914936 0.4163975525428872 -0.9779176024945184
-0.7791750011355095 0.41148377361834443 -0.9791685868221958
-0.7540403236795253 0.4065699946938016 -0.9804195711498731
-0.7289056462235411 0.4016562157692588 -0.9816705554775504
-0.703770968767557 0.39674243684471605 -0.9829215398052278
-0.6786362913115728 0.39182865792017324 -0.9841725241329051
-0.6535016138555887 0.3869148789956305 -0.9854235084605824
-0.6283669363996044 0.3820011000710877 -0.9866744927882597
-0.6032322589436203 0.37708732114654486 -0.987925477115937
-0.5780975814876361 0.3721735422220021 -0.9891764614436144
-0.5529629040316519 0.3672597632974593 -0.9904274457712917
-0.5278282265756679 0.36234598437291654 -0.991678430098969
-0.5026935491196836 0.35743220544837373 -0.9929294144266464
-0.4775588716636994 0.3525184265238309 -0.9941803987543237
-0.45242419420771524 0.34760464759928816 -0.9954313830820011
-0.42728951675173105 0.34269086867474535 -0.9966823674096784
-0.4021548392957468 0.33777708975020254 -0.9979333517373558
-0.3770201618397626 0.3328633108256598 -0.999184336065033
-0.35188548438377854 0.32794953190111703 -1.0004353203927103
-0.32675080692779435 0.3230357529765742 -1.0016863047203877
-0.30161612947181016 0.3181219740520314 -1.002937289048065
-0.27648145201582597 0.31320819512748865 -1.0041882733757423
-0.2513467745598418 0.30829441620294584 -1.0054392577034197
-0.22621209710385767 0.3033806372784031 -1.006690242031097
-0.20107741964787346 0.2984668583538603 -1.0079412263587744
-0.17594274219188927 0.29355307942931747 -1.0091922106864517
-0.15080806473590508 0.2886393005047747 -1.010443195014129
-0.1256733872799209 0.2837255215802319 -1.0116941793418064
-0.10053870982393678 0.27881174265568914 -1.0129451636694837
-0.0754040323679526 0.27389796373114633 -1.014196147997161
-0.05026935491196839 0.2689841848066035 -1.0154471323248384
-0.025134677455984196 0.26407040588206077 -1.0166981166525157
0.0 0.25915662695751795 -1.017949100980193
-0.9802524207833829 0.4559771375538371 -0.9895196942203811
-0.9551177433273987 0.4510633586292943 -0.9907706785480584
-0.9299830658714145 0.4461495797047515 -0.9920216628757358
-0.9048483884154305 0.44123580078020874 -0.9932726472034131
-0.8797137109594463 0.43632202185566593 -0.9945236315310905
-0.8545790335034621 0.4314082429311232 -0.9957746158587678
-0.8294443560474779 0.42649446400658036 -0.9970256001864451
-0.8043096785914936 0.42158068508203755 -0.9982765845141224
-0.7791750011355095 0.4166669061574948 -0.9995275688417997
-0.7540403236795253 0.411753127232952 -1.000778553169477
-0.7289056462235411 0.40683934830840923 -1.0020295374971544
-0.703770968767557 0.4019255693838664 -1.0032805218248317
-0.6786362913115728 0.3970117904593236 -1.004531506152509
-0.6535016138555887 0.39209801153478085 -1.0057824904801864
-0.6283669363996044 0.38718423261023804 -1.0070334748078638
-0.6032322589436203 0.3822704536856953 -1.008284459135541
-0.5780975814876361 0.3773566747611525 -1.0095354434632184
-0.5529629040316519 0.3724428958366097 -1.0107864277908958
-0.5278282265756679 0.3675291169120669 -1.0120374121185731
-0.5026935491196836 0.3626153379875241 -1.0132883964462505
-0.4775588716636994 0.35770155906298134 -1.0145393807739278
-0.45242419420771524 0.35278778013843853 -1.0157903651016051
-0.42728951675173105 0.3478740012138958 -1.0170413494292825
-0.4021548392957468 0.34296022228935297 -1.0182923337569596
-0.3770201618397626 0.33804644336481016 -1.019543318084637
-0.35188548438377854 0.3331326644402674 -1.0207943024123143
-0.32675080692779435 0.3282188855157246 -1.0220452867399916
-0.30161612947181016 0.32330510659118183 -1.023296271067669
-0.27648145201582597 0.318391327666639 -1.0245472553953463
-0.2513467745598418 0.3134775487420962 -1.0257982397230236
-0.22621209710385767 0.30856376981755346 -1.027049224050701
-0.20107741964787346 0.30364999089301065 -1.0283002083783783
-0.17594274219188927 0.2987362119684679 -1.0295511927060557
-0.15080806473590508 0.2938224330439251 -1.030802177033733
-0.1256733872799209 0.28890865411938227 -1.0320531613614103
-0.10053870982393678 0.2839948751948395 -1.0333041456890877
-0.0754040323679526 0.2790810962702967 -1.034555130016765
-0.05026935491196839 0.27416731734575395 -1.0358061143444424
-0.025134677455984196 0.26925353842121114 -1.0370570986721197
0.0 0.2643397594966683 -1.038308082999797
-0.9802524207833829 0.46116027009298743 -1.009878676239985
-0.9551177433273987 0.4562464911684447 -1.0111296605676623
-0.9299830658714145 0.45133271224390187 -1.0123806448953396
-0.9048483884154305 0.4464189333193591 -1.013631629223017
-0.8797137109594463 0.4415051543948163 -1.0148826135506943
-0.8545790335034621 0.4365913754702735 -1.0161335978783717
-0.8294443560474779 0.43167759654573074 -1.017384582206049
-0.8043096785914936 0.4267638176211879 -1.0186355665337261
-0.7791750011355095 0.42185003869664517 -1.0198865508614035
-0.7540403236795253 0.41693625977210236 -1.0211375351890808
-0.7289056462235411 0.41202248084755955 -1.0223885195167581
-0.703770968767557 0.4071087019230168 -1.0236395038444355
-0.6786362913115728 0.402194922998474 -1.0248904881721128
-0.6535016138555887 0.3972811440739312 -1.0261414724997902
-0.6283669363996044 0.3923673651493884 -1.0273924568274675
-0.6032322589436203 0.3874535862248456 -1.0286434411551448
-0.5780975814876361 0.38253980730030285 -1.0298944254828222
-0.5529629040316519 0.37762602837576004 -1.0311454098104995
-0.5278282265756679 0.3727122494512173 -1.0323963941381769
-0.5026935491196836 0.36779847052667447 -1.0336473784658542
-0.4775588716636994 0.36288469160213166 -1.0348983627935315
-0.45242419420771524 0.3579709126775889 -1.0361493471212089
-0.42728951675173105 0.3530571337530461 -1.0374003314488862
-0.4021548392957468 0.3481433548285033 -1.0386513157765636
-0.3770201618397626 0.3432295759039605 -1.039902300104241
-0.35188548438377854 0.33831579697941777 -1.0411532844319182
-0.32675080692779435 0.33340201805487496 -1.0424042687595956
-0.30161612947181016 0.32848823913033215 -1.043655253087273
-0.27648145201582597 0.32357446020578934 -1.0449062374149503
-0.2513467745598418 0.3186606812812466 -1.0461572217426274
-0.22621209710385767 0.31374690235670377 -1.0474082060703047
-0.20107741964787346 0.308833123432161 -1.048659190397982
-0.17594274219188927 0.3039193445076182 -1.0499101747256594
-0.15080806473590508 0.2990055655830754 -1.0511611590533367
-0.1256733872799209 0.29409178665853264 -1.052412143381014
-0.10053870982393678 0.28917800773398983 -1.0536631277086914
-0.0754040323679526 0.2842642288094471 -1.0549141120363688
-0.05026935491196839 0.27935044988490426 -1.056165096364046
-0.025134677455984196 0.27443667096036145 -1.0574160806917234
0.0 0.2695228920358187 -1.0586670650194008
-0.9802524207833829 0.4663434026321378 -1.0302376582595887
-0.9551177433273987 0.461429623707595 -1.031488642587266
-0.9299830658714145 0.4565158447830522 -1.0327396269149434
-0.9048483884154305 0.4516020658585094 -1.0339906112426207
-0.8797137109594463 0.4466882869339666 -1.035241595570298
-0.8545790335034621 0.44177450800942386 -1.0364925798979754
-0.8294443560474779 0.43686072908488105 -1.0377435642256527
-0.8043096785914936 0.43194695016033824 -1.03899454855333
-0.7791750011355095 0.4270331712357955 -1.0402455328810074
-0.7540403236795253 0.4221193923112527 -1.0414965172086847
-0.7289056462235411 0.4172056133867099 -1.042747501536362
-0.703770968767557 0.4122918344621671 -1.0439984858640394
-0.6786362913115728 0.4073780555376243 -1.0452494701917165
-0.6535016138555887 0.40246427661308154 -1.0465004545193939
-0.6283669363996044 0.39755049768853873 -1.0477514388470712
-0.6032322589436203 0.392636718763996 -1.0490024231747486
-0.5780975814876361 0.38772293983945316 -1.050253407502426
-0.5529629040316519 0.3828091609149104 -1.0515043918301032
-0.5278282265756679 0.3778953819903676 -1.0527553761577806
-0.5026935491196836 0.3729816030658248 -1.054006360485458
-0.4775588716636994 0.36806782414128203 -1.0552573448131353
-0.45242419420771524 0.3631540452167392 -1.0565083291408126
-0.42728951675173105 0.35824026629219646 -1.05775931346849
-0.4021548392957468 0.35332648736765365 -1.0590102977961673
-0.3770201618397626 0.34841270844311084 -1.0602612821238446
-0.35188548438377854 0.3434989295185681 -1.061512266451522
-0.32675080692779435 0.3385851505940253 -1.0627632507791993
-0.30161612947181016 0.3336713716694825 -1.0640142351068766
-0.27648145201582597 0.3287575927449397 -1.065265219434554
-0.2513467745598418 0.3238438138203969 -1.0665162037622313
-0.22621209710385767 0.31893003489585414 -1.0677671880899087
-0.20107741964787346 0.31401625597131133 -1.069018172417586
-0.17594274219188927 0.3091024770467686 -1.0702691567452634
-0.15080806473590508 0.30418869812222576 -1.0715201410729407
-0.1256733872799209 0.29927491919768295 -1.0727711254006178
-0.10053870982393678 0.2943611402731402 -1.0740221097282951
-0.0754040323679526 0.2894473613485974 -1.0752730940559725
-0.05026935491196839 0.28453358242405463 -1.0765240783836498
-0.025134677455984196 0.2796198034995118 -1.0777750627113272
0.0 0.274706024574969 -1.0790260470390045
-0.9802524207833829 0.4715265351712882 -1.0505966402791926
-0.9551177433273987 0.4666127562467454 -1.05184762460687
-0.9299830658714145 0.4616989773222026 -1.0530986089345473
-0.9048483884154305 0.45678519839765985 -1.0543495932622247
-0.8797137109594463 0.45187141947311704 -1.055600577589902
-0.8545790335034621 0.44695764054857423 -1.0568515619175793
-0.8294443560474779 0.4420438616240315 -1.0581025462452567
-0.8043096785914936 0.43713008269948866 -1.059353530572934
-0.7791750011355095 0.4322163037749459 -1.0606045149006114
-0.7540403236795253 0.4273025248504031 -1.0618554992282887
-0.7289056462235411 0.4223887459258603 -1.063106483555966
-0.703770968767557 0.41747496700131753 -1.0643574678836434
-0.6786362913115728 0.4125611880767747 -1.0656084522113207
-0.6535016138555887 0.40764740915223197 -1.066859436538998
-0.6283669363996044 0.4027336302276891 -1.0681104208666754
-0.6032322589436203 0.39781985130314634 -1.0693614051943527
-0.5780975814876361 0.3929060723786036 -1.0706123895220299
-0.5529629040316519 0.3879922934540608 -1.0718633738497072
-0.5278282265756679 0.383078514529518 -1.0731143581773845
-0.5026935491196836 0.3781647356049752 -1.0743653425050619
-0.4775588716636994 0.3732509566804324 -1.0756163268327392
-0.45242419420771524 0.36833717775588964 -1.0768673111604166
-0.42728951675173105 0.36342339883134683 -1.078118295488094
-0.4021548392957468 0.358509619906804 -1.0793692798157712
-0.3770201618397626 0.35359584098226127 -1.0806202641434486
-0.35188548438377854 0.34868206205771846 -1.081871248471126
-0.32675080692779435 0.3437682831331757 -1.0831222327988033
-0.30161612947181016 0.3388545042086329 -1.0843732171264806
-0.27648145201582597 0.3339407252840901 -1.085624201454158
-0.2513467745598418 0.3290269463595473 -1.0868751857818353
-0.22621209710385767 0.3241131674350045 -1.0881261701095126
-0.20107741964787346 0.31919938851046176 -1.08937715443719
-0.17594274219188927 0.31428560958591895 -1.0906281387648673
-0.15080806473590508 0.30937183066137613 -1.0918791230925446
-0.1256733872799209 0.3044580517368334 -1.093130107420222
-0.10053870982393678 0.29954427281229057 -1.0943810917478993
-0.0754040323679526 0.2946304938877478 -1.0956320760755767
-0.05026935491196839 0.289716714963205 -1.096883060403254
-0.025134677455984196 0.2848029360386622 -1.0981340447309311
0.0 0.27988915711411944 -1.0993850290586085
-0.9802524207833829 0.47670966771043854 -1.0709556222987964
-0.9551177433273987 0.47179588878589573 -1.0722066066264737
-0.9299830658714145 0.4668821098613529 -1.073457590954151
-0.9048483884154305 0.46196833093681017 -1.0747085752818284
-0.8797137109594463 0.45705455201226736 -1.0759595596095057
-0.8545790335034621 0.4521407730877246 -1.077210543937183
-0.8294443560474779 0.4472269941631818 -1.0784615282648604
-0.8043096785914936 0.442313215238639 -1.0797125125925378
-0.7791750011355095 0.4373994363140962 -1.080963496920215
-0.7540403236795253 0.4324856573895534 -1.0822144812478924
-0.7289056462235411 0.42757187846501066 -1.0834654655755698
-0.703770968767557 0.42265809954046785 -1.0847164499032471
-0.6786362913115728 0.41774432061592504 -1.0859674342309245
-0.6535016138555887 0.4128305416913823 -1.0872184185586018
-0.6283669363996044 0.40791676276683947 -1.0884694028862791
-0.6032322589436203 0.4030029838422967 -1.0897203872139565
-0.5780975814876361 0.3980892049177539 -1.0909713715416338
-0.5529629040316519 0.3931754259932111 -1.0922223558693112
-0.5278282265756679 0.38826164706866834 -1.0934733401969885
-0.5026935491196836 0.3833478681441255 -1.0947243245246658
-0.4775588716636994 0.37843408921958277 -1.0959753088523432
-0.45242419420771524 0.37352031029503996 -1.0972262931800205
-0.42728951675173105 0.36860653137049715 -1.0984772775076976
-0.4021548392957468 0.3636927524459544 -1.099728261835375
-0.3770201618397626 0.3587789735214116 -1.1009792461630523
-0.35188548438377854 0.3538651945968688 -1.1022302304907297
-0.32675080692779435 0.348951415672326 -1.103481214818407
-0.30161612947181016 0.3440376367477832 -1.1047321991460843
-0.27648145201582597 0.33912385782324045 -1.1059831834737617
-0.2513467745598418 0.33421007889869764 -1.107234167801439
-0.22621209710385767 0.3292962999741549 -1.1084851521291164
-0.20107741964787346 0.32438252104961207 -1.1097361364567937
-0.17594274219188927 0.3194687421250693 -1.110987120784471
-0.15080806473590508 0.3145549632005265 -1.1122381051121484
-0.1256733872799209 0.3096411842759837 -1.1134890894398257
-0.10053870982393678 0.30472740535144094 -1.114740073767503
-0.0754040323679526 0.2998136264268981 -1.1159910580951804
-0.05026935491196839 0.2948998475023554 -1.1172420424228577
-0.025134677455984196 0.28998606857781256 -1.118493026750535
0.0 0.28507228965326975 -1.1197440110782124
-0.9802524207833829 0.48189280024958886 -1.0913146043184003
-0.9551177433273987 0.4769790213250461 -1.0925655886460777
-0.9299830658714145 0.4720652424005033 -1.093816572973755
-0.9048483884154305 0.46715146347596054 -1.0950675573014323
-0.8797137109594463 0.4622376845514177 -1.0963185416291097
-0.8545790335034621 0.4573239056268749 -1.0975695259567868
-0.8294443560474779 0.45241012670233216 -1.0988205102844641
-0.8043096785914936 0.44749634777778935 -1.1000714946121415
-0.7791750011355095 0.4425825688532466 -1.1013224789398188
-0.7540403236795253 0.4376687899287038 -1.1025734632674962
-0.7289056462235411 0.43275501100416097 -1.1038244475951735
-0.703770968767557 0.4278412320796182 -1.1050754319228508
-0.6786362913115728 0.4229274531550754 -1.1063264162505282
-0.6535016138555887 0.41801367423053265 -1.1075774005782055
-0.6283669363996044 0.4130998953059898 -1.1088283849058829
-0.6032322589436203 0.40818611638144703 -1.1100793692335602
-0.5780975814876361 0.4032723374569043 -1.1113303535612375
-0.5529629040316519 0.39835855853236146 -1.112581337888915
-0.5278282265756679 0.3934447796078187 -1.1138323222165922
-0.5026935491196836 0.3885310006832759 -1.1150833065442696
-0.4775588716636994 0.3836172217587331 -1.116334290871947
-0.45242419420771524 0.37870344283419033 -1.1175852751996243
-0.42728951675173105 0.3737896639096475 -1.1188362595273016
-0.4021548392957468 0.3688758849851047 -1.120087243854979
-0.3770201618397626 0.36396210606056195 -1.1213382281826563
-0.35188548438377854 0.35904832713601914 -1.1225892125103336
-0.32675080692779435 0.3541345482114764 -1.123840196838011
-0.30161612947181016 0.3492207692869336 -1.125091181165688
-0.27648145201582597 0.34430699036239076 -1.1263421654933654
-0.2513467745598418 0.339393211437848 -1.1275931498210428
-0.22621209710385767 0.3344794325133052 -1.12884413414872
-0.20107741964787346 0.32956565358876244 -1.1300951184763974
-0.17594274219188927 0.32465187466421963 -1.1313461028040748
-0.15080806473590508 0.3197380957396768 -1.1325970871317521
-0.1256733872799209 0.31482431681513406 -1.1338480714594295
-0.10053870982393678 0.30991053789059125 -1.1350990557871068
-0.0754040323679526 0.3049967589660485 -1.1363500401147841
-0.05026935491196839 0.3000829800415057 -1.1376010244424615
-0.025134677455984196 0.2951692011169629 -1.1388520087701388
0.0 0.2902554221924201 -1.1401029930978162
-0.9802524207833829 0.4870759327887393 -1.1116735863380043
-0.9551177433273987 0.4821621538641965 -1.1129245706656816
-0.9299830658714145 0.47724837493965366 -1.114175554993359
-0.9048483884154305 0.4723345960151109 -1.1154265393210363
-0.8797137109594463 0.4674208170905681 -1.1166775236487136
-0.8545790335034621 0.46250703816602534 -1.117928507976391
-0.8294443560474779 0.45759325924148253 -1.1191794923040683
-0.8043096785914936 0.4526794803169397 -1.1204304766317457
-0.7791750011355095 0.44776570139239696 -1.121681460959423
-0.7540403236795253 0.44285192246785415 -1.1229324452871003
-0.7289056462235411 0.4379381435433114 -1.1241834296147775
-0.703770968767557 0.4330243646187686 -1.1254344139424548
-0.6786362913115728 0.4281105856942258 -1.1266853982701321
-0.6535016138555887 0.423196806769683 -1.1279363825978095
-0.6283669363996044 0.4182830278451402 -1.1291873669254868
-0.6032322589436203 0.41336924892059745 -1.1304383512531642
-0.5780975814876361 0.40845546999605464 -1.1316893355808415
-0.5529629040316519 0.40354169107151183 -1.1329403199085188
-0.5278282265756679 0.3986279121469691 -1.1341913042361962
-0.5026935491196836 0.39371413322242627 -1.1354422885638735
-0.4775588716636994 0.3888003542978835 -1.1366932728915509
-0.45242419420771524 0.3838865753733407 -1.1379442572192282
-0.42728951675173105 0.3789727964487979 -1.1391952415469055
-0.4021548392957468 0.37405901752425513 -1.1404462258745829
-0.3770201618397626 0.3691452385997123 -1.1416972102022602
-0.35188548438377854 0.36423145967516957 -1.1429481945299376
-0.32675080692779435 0.35931768075062676 -1.144199178857615
-0.30161612947181016 0.35440390182608394 -1.1454501631852922
-0.27648145201582597 0.3494901229015412 -1.1467011475129696
-0.2513467745598418 0.3445763439769984 -1.147952131840647
-0.22621209710385767 0.3396625650524556 -1.1492031161683243
-0.20107741964787346 0.3347487861279128 -1.1504541004960014
-0.17594274219188927 0.32983500720337 -1.1517050848236787
-0.15080806473590508 0.32492122827882725 -1.152956069151356
-0.1256733872799209 0.32000744935428443 -1.1542070534790334
-0.10053870982393678 0.3150936704297417 -1.1554580378067107
-0.0754040323679526 0.31017989150519887 -1.156709022134388
-0.05026935491196839 0.30526611258065606 -1.1579600064620654
-0.025134677455984196 0.3003523336561133 -1.1592109907897428
0.0 0.2954385547315705 -1.16046197511742
-0.9802524207833829 0.4922590653278896 -1.132032568357608
-0.9551177433273987 0.48734528640334684 -1.1332835526852854
-0.9299830658714145 0.48243150747880403 -1.1345345370129627
-0.9048483884154305 0.4775177285542613 -1.13578552134064
-0.8797137109594463 0.47260394962971847 -1.1370365056683174
-0.8545790335034621 0.46769017070517566 -1.1382874899959947
-0.8294443560474779 0.4627763917806329 -1.139538474323672
-0.8043096785914936 0.4578626128560901 -1.1407894586513494
-0.7791750011355095 0.45294883393154733 -1.1420404429790267
-0.7540403236795253 0.4480350550070045 -1.143291427306704
-0.7289056462235411 0.4431212760824617 -1.1445424116343814
-0.703770968767557 0.43820749715791896 -1.1457933959620588
-0.6786362913115728 0.43329371823337615 -1.147044380289736
-0.6535016138555887 0.4283799393088334 -1.1482953646174134
-0.6283669363996044 0.4234661603842905 -1.1495463489450908
-0.6032322589436203 0.41855238145974777 -1.150797333272768
-0.5780975814876361 0.413638602535205 -1.1520483176004452
-0.5529629040316519 0.4087248236106622 -1.1532993019281226
-0.5278282265756679 0.40381104468611945 -1.1545502862558
-0.5026935491196836 0.39889726576157664 -1.1558012705834773
-0.4775588716636994 0.3939834868370338 -1.1570522549111546
-0.45242419420771524 0.38906970791249107 -1.158303239238832
-0.42728951675173105 0.38415592898794826 -1.1595542235665093
-0.4021548392957468 0.37924215006340545 -1.1608052078941866
-0.3770201618397626 0.3743283711388627 -1.162056192221864
-0.35188548438377854 0.3694145922143199 -1.1633071765495413
-0.32675080692779435 0.3645008132897771 -1.1645581608772186
-0.30161612947181016 0.3595870343652343 -1.165809145204896
-0.27648145201582597 0.3546732554406915 -1.1670601295325733
-0.2513467745598418 0.34975947651614875 -1.1683111138602507
-0.22621209710385767 0.34484569759160594 -1.169562098187928
-0.20107741964787346 0.3399319186670632 -1.1708130825156053
-0.17594274219188927 0.33501813974252037 -1.1720640668432827
-0.15080806473590508 0.33010436081797756 -1.17331505117096
-0.1256733872799209 0.3251905818934348 -1.1745660354986374
-0.10053870982393678 0.320276802968892 -1.1758170198263147
-0.0754040323679526 0.31536302404434924 -1.177068004153992
-0.05026935491196839 0.3104492451198064 -1.1783189884816692
-0.025134677455984196 0.3055354661952636 -1.1795699728093465
0.0 0.30062168727072086 -1.1808209571370238
-0.9802524207833829 0.49744219786703997 -1.1523915503772117
-0.9551177433273987 0.49252841894249716 -1.153642534704889
-0.9299830658714145 0.48761464001795435 -1.1548935190325664
-0.9048483884154305 0.4827008610934116 -1.1561445033602438
-0.8797137109594463 0.4777870821688688 -1.157395487687921
-0.8545790335034621 0.472873303244326 -1.1586464720155984
-0.8294443560474779 0.4679595243197832 -1.1598974563432758
-0.8043096785914936 0.4630457453952404 -1.1611484406709531
-0.7791750011355095 0.45813196647069765 -1.1623994249986305
-0.7540403236795253 0.45321818754615484 -1.1636504093263078
-0.7289056462235411 0.4483044086216121 -1.1649013936539852
-0.703770968767557 0.44339062969706927 -1.1661523779816625
-0.6786362913115728 0.43847685077252646 -1.1674033623093398
-0.6535016138555887 0.4335630718479837 -1.1686543466370172
-0.6283669363996044 0.4286492929234409 -1.1699053309646945
-0.6032322589436203 0.42373551399889814 -1.1711563152923719
-0.5780975814876361 0.41882173507435533 -1.1724072996200492
-0.5529629040316519 0.4139079561498125 -1.1736582839477265
-0.5278282265756679 0.40899417722526976 -1.1749092682754039
-0.5026935491196836 0.40408039830072695 -1.1761602526030812
-0.4775588716636994 0.3991666193761842 -1.1774112369307583
-0.45242419420771524 0.3942528404516414 -1.1786622212584357
-0.42728951675173105 0.3893390615270986 -1.179913205586113
-0.4021548392957468 0.3844252826025558 -1.1811641899137904
-0.3770201618397626 0.379511503678013 -1.1824151742414677
-0.35188548438377854 0.37459772475347025 -1.183666158569145
-0.32675080692779435 0.36968394582892744 -1.1849171428968224
-0.30161612947181016 0.36477016690438463 -1.1861681272244997
-0.27648145201582597 0.3598563879798419 -1.187419111552177
-0.2513467745598418 0.35494260905529906 -1.1886700958798544
-0.22621209710385767 0.3500288301307563 -1.1899210802075317
-0.20107741964787346 0.3451150512062135 -1.191172064535209
-0.17594274219188927 0.3402012722816707 -1.1924230488628864
-0.15080806473590508 0.33528749335712793 -1.1936740331905638
-0.1256733872799209 0.3303737144325851 -1.194925017518241
-0.10053870982393678 0.32545993550804236 -1.1961760018459184
-0.0754040323679526 0.32054615658349955 -1.1974269861735958
-0.05026935491196839 0.31563237765895674 -1.1986779705012731
-0.025134677455984196 0.310718598734414 -1.1999289548289505
0.0 0.3058048198098712 -1.2011799391566278
-0.9802524207833829 0.5026253304061903 -1.172750532396816
-0.9551177433273987 0.49771155148164753 -1.1740015167244933
-0.9299830658714145 0.4927977725571047 -1.1752525010521706
-0.9048483884154305 0.48788399363256196 -1.1765034853798477
-0.8797137109594463 0.48297021470801915 -1.177754469707525
-0.8545790335034621 0.4780564357834764 -1.1790054540352024
-0.8294443560474779 0.4731426568589336 -1.1802564383628797
-0.8043096785914936 0.4682288779343908 -1.181507422690557
-0.7791750011355095 0.463315099009848 -1.1827584070182344
-0.7540403236795253 0.4584013200853052 -1.1840093913459118
-0.7289056462235411 0.45348754116076245 -1.185260375673589
-0.703770968767557 0.44857376223621964 -1.1865113600012664
-0.6786362913115728 0.44365998331167683 -1.1877623443289438
-0.6535016138555887 0.4387462043871341 -1.1890133286566211
-0.6283669363996044 0.43383242546259126 -1.1902643129842985
-0.6032322589436203 0.4289186465380485 -1.1915152973119758
-0.5780975814876361 0.4240048676135057 -1.1927662816396531
-0.5529629040316519 0.41909108868896294 -1.1940172659673305
-0.5278282265756679 0.41417730976442013 -1.1952682502950078
-0.5026935491196836 0.4092635308398773 -1.1965192346226852
-0.4775588716636994 0.40434975191533457 -1.1977702189503625
-0.45242419420771524 0.39943597299079175 -1.1990212032780398
-0.42728951675173105 0.394522194066249 -1.2002721876057172
-0.4021548392957468 0.3896084151417062 -1.2015231719333945
-0.3770201618397626 0.3846946362171634 -1.2027741562610719
-0.35188548438377854 0.3797808572926206 -1.204025140588749
-0.32675080692779435 0.3748670783680778 -1.2052761249164263
-0.30161612947181016 0.36995329944353506 -1.2065271092441037
-0.27648145201582597 0.36503952051899224 -1.207778093571781
-0.2513467745598418 0.36012574159444943 -1.2090290778994583
-0.22621209710385767 0.3552119626699067 -1.2102800622271357
-0.20107741964787346 0.35029818374536387 -1.211531046554813
-0.17594274219188927 0.3453844048208211 -1.2127820308824904
-0.15080806473590508 0.3404706258962783 -1.2140330152101677
-0.1256733872799209 0.3355568469717355 -1.215283999537845
-0.10053870982393678 0.33064306804719273 -1.2165349838655224
-0.0754040323679526 0.3257292891226499 -1.2177859681931997
-0.05026935491196839 0.32081551019810717 -1.219036952520877
-0.025134677455984196 0.31590173127356436 -1.2202879368485544
0.0 0.31098795234902155 -1.2215389211762318
-0.9802524207833829 0.5078084629453407 -1.1931095144164197
-0.9551177433273987 0.5028946840207978 -1.194360498744097
-0.9299830658714145 0.4979809050962551 -1.1956114830717743
-0.9048483884154305 0.49306712617171233 -1.1968624673994517
-0.8797137109594463 0.4881533472471695 -1.198113451727129
-0.8545790335034621 0.4832395683226267 -1.1993644360548064
-0.8294443560474779 0.47832578939808396 -1.2006154203824837
-0.8043096785914936 0.47341201047354114 -1.201866404710161
-0.7791750011355095 0.4684982315489984 -1.2031173890378382
-0.7540403236795253 0.4635844526244556 -1.2043683733655155
-0.7289056462235411 0.45867067369991277 -1.2056193576931928
-0.703770968767557 0.45375689477537 -1.2068703420208702
-0.6786362913115728 0.4488431158508272 -1.2081213263485475
-0.6535016138555887 0.44392933692628445 -1.2093723106762249
-0.6283669363996044 0.43901555800174163 -1.2106232950039022
-0.6032322589436203 0.4341017790771988 -1.2118742793315795
-0.5780975814876361 0.42918800015265607 -1.2131252636592569
-0.5529629040316519 0.42427422122811326 -1.2143762479869342
-0.5278282265756679 0.4193604423035705 -1.2156272323146116
-0.5026935491196836 0.4144466633790277 -1.216878216642289
-0.4775588716636994 0.4095328844544849 -1.2181292009699662
-0.45242419420771524 0.4046191055299421 -1.2193801852976436
-0.42728951675173105 0.3997053266053993 -1.220631169625321
-0.4021548392957468 0.3947915476808565 -1.2218821539529983
-0.3770201618397626 0.38987776875631375 -1.2231331382806756
-0.35188548438377854 0.384963989831771 -1.224384122608353
-0.32675080692779435 0.3800502109072282 -1.2256351069360303
-0.30161612947181016 0.37513643198268537 -1.2268860912637076
-0.27648145201582597 0.3702226530581426 -1.228137075591385
-0.2513467745598418 0.3653088741335998 -1.2293880599190623
-0.22621209710385767 0.36039509520905705 -1.2306390442467394
-0.20107741964787346 0.35548131628451424 -1.2318900285744168
-0.17594274219188927 0.3505675373599714 -1.233141012902094
-0.15080806473590508 0.34565375843542867 -1.2343919972297714
-0.1256733872799209 0.34073997951088586 -1.2356429815574488
-0.10053870982393678 0.3358262005863431 -1.2368939658851261
-0.0754040323679526 0.3309124216618003 -1.2381449502128035
-0.05026935491196839 0.3259986427372575 -1.2393959345404808
-0.025134677455984196 0.3210848638127147 -1.2406469188681581
0.0 0.3161710848881719 -1.2418979031958355
-0.9802524207833829 0.512991595484491 -1.2134684964360234
-0.9551177433273987 0.5080778165599482 -1.2147194807637007
-0.9299830658714145 0.5031640376354054 -1.215970465091378
-0.9048483884154305 0.49825025871086265 -1.2172214494190554
-0.8797137109594463 0.49333647978631984 -1.2184724337467328
-0.8545790335034621 0.4884227008617771 -1.21972341807441
-0.8294443560474779 0.48350892193723427 -1.2209744024020874
-0.8043096785914936 0.47859514301269146 -1.2222253867297648
-0.7791750011355095 0.4736813640881487 -1.2234763710574421
-0.7540403236795253 0.4687675851636059 -1.2247273553851195
-0.7289056462235411 0.46385380623906314 -1.2259783397127968
-0.703770968767557 0.4589400273145203 -1.2272293240404741
-0.6786362913115728 0.4540262483899775 -1.2284803083681515
-0.6535016138555887 0.44911246946543476 -1.2297312926958286
-0.6283669363996044 0.44419869054089195 -1.230982277023506
-0.6032322589436203 0.4392849116163492 -1.2322332613511833
-0.5780975814876361 0.4343711326918064 -1.2334842456788606
-0.5529629040316519 0.4294573537672636 -1.234735230006538
-0.5278282265756679 0.4245435748427208 -1.2359862143342153
-0.5026935491196836 0.419629795918178 -1.2372371986618926
-0.4775588716636994 0.41471601699363525 -1.23848818298957
-0.45242419420771524 0.40980223806909244 -1.2397391673172473
-0.42728951675173105 0.4048884591445497 -1.2409901516449247
-0.4021548392957468 0.3999746802200069 -1.242241135972602
-0.3770201618397626 0.39506090129546406 -1.2434921203002793
-0.35188548438377854 0.3901471223709213 -1.2447431046279567
-0.32675080692779435 0.3852333434463785 -1.245994088955634
-0.30161612947181016 0.38031956452183574 -1.2472450732833114
-0.27648145201582597 0.37540578559729293 -1.2484960576109887
-0.2513467745598418 0.3704920066727501 -1.249747041938666
-0.22621209710385767 0.36557822774820736 -1.2509980262663434
-0.20107741964787346 0.36066444882366455 -1.2522490105940207
-0.17594274219188927 0.3557506698991218 -1.253499994921698
-0.15080806473590508 0.350836890974579 -1.2547509792493754
-0.1256733872799209 0.3459231120500362 -1.2560019635770527
-0.10053870982393678 0.3410093331254934 -1.2572529479047299
-0.0754040323679526 0.3360955542009506 -1.2585039322324072
-0.05026935491196839 0.33118177527640785 -1.2597549165600845
-0.025134677455984196 0.32626799635186504 -1.2610059008877619
0.0 0.32135421742732223 -1.2622568852154392
-0.9802524207833829 0.5181747280236414 -1.2338274784556273
-0.9551177433273987 0.5132609490990986 -1.2350784627833047
-0.9299830658714145 0.5083471701745558 -1.236329447110982
-0.9048483884154305 0.5034333912500131 -1.2375804314386594
-0.8797137109594463 0.49851961232547026 -1.2388314157663367
-0.8545790335034621 0.49360583340092745 -1.240082400094014
-0.8294443560474779 0.4886920544763847 -1.2413333844216914
-0.8043096785914936 0.4837782755518419 -1.2425843687493687
-0.7791750011355095 0.47886449662729913 -1.243835353077046
-0.7540403236795253 0.4739507177027563 -1.2450863374047234
-0.7289056462235411 0.4690369387782135 -1.2463373217324007
-0.703770968767557 0.46412315985367075 -1.247588306060078
-0.6786362913115728 0.45920938092912794 -1.2488392903877554
-0.6535016138555887 0.4542956020045852 -1.2500902747154328
-0.6283669363996044 0.4493818230800424 -1.25134125904311
-0.6032322589436203 0.44446804415549956 -1.2525922433707875
-0.5780975814876361 0.4395542652309568 -1.2538432276984648
-0.5529629040316519 0.434640486306414 -1.2550942120261421
-0.5278282265756679 0.42972670738187124 -1.2563451963538192
-0.5026935491196836 0.42481292845732843 -1.2575961806814966
-0.4775588716636994 0.4198991495327856 -1.258847165009174
-0.45242419420771524 0.41498537060824287 -1.2600981493368513
-0.42728951675173105 0.41007159168370005 -1.2613491336645286
-0.4021548392957468 0.40515781275915724 -1.262600117992206
-0.3770201618397626 0.4002440338346145 -1.2638511023198833
-0.35188548438377854 0.39533025491007173 -1.2651020866475606
-0.32675080692779435 0.3904164759855289 -1.266353070975238
-0.30161612947181016 0.3855026970609861 -1.2676040553029153
-0.27648145201582597 0.3805889181364433 -1.2688550396305927
-0.2513467745598418 0.37567513921190054 -1.27010602395827
-0.22621209710385767 0.37076136028735773 -1.2713570082859473
-0.20107741964787346 0.365847581362815 -1.2726079926136247
-0.17594274219188927 0.36093380243827217 -1.273858976941302
-0.15080806473590508 0.35602002351372936 -1.2751099612689794
-0.1256733872799209 0.3511062445891866 -1.2763609455966567
-0.10053870982393678 0.34619246566464384 -1.277611929924334
-0.0754040323679526 0.34127868674010103 -1.2788629142520114
-0.05026935491196839 0.3363649078155582 -1.2801138985796887
-0.025134677455984196 0.33145112889101547 -1.281364882907366
0.0 0.32653734996647266 -1.2826158672350434
-0.9802524207833829 0.5233578605627918 -1.2541864604752313
-0.9551177433273987 0.518444081638249 -1.2554374448029086
-0.9299830658714145 0.5135303027137061 -1.2566884291305858
-0.9048483884154305 0.5086165237891634 -1.257939413458263
-0.8797137109594463 0.5037027448646206 -1.2591903977859404
-0.8545790335034621 0.4987889659400778 -1.2604413821136178
-0.8294443560474779 0.493875187015535 -1.2616923664412951
-0.8043096785914936 0.4889614080909922 -1.2629433507689725
-0.7791750011355095 0.48404762916644944 -1.2641943350966498
-0.7540403236795253 0.47913385024190663 -1.2654453194243271
-0.7289056462235411 0.4742200713173639 -1.2666963037520045
-0.703770968767557 0.46930629239282107 -1.2679472880796818
-0.6786362913115728 0.46439251346827826 -1.2691982724073592
-0.6535016138555887 0.4594787345437355 -1.2704492567350365
-0.6283669363996044 0.4545649556191927 -1.2717002410627138
-0.6032322589436203 0.44965117669464993 -1.2729512253903912
-0.5780975814876361 0.4447373977701071 -1.2742022097180685
-0.5529629040316519 0.43982361884556437 -1.2754531940457459
-0.5278282265756679 0.43490983992102156 -1.2767041783734232
-0.5026935491196836 0.42999606099647875 -1.2779551627011005
-0.4775588716636994 0.425082282071936 -1.2792061470287779
-0.45242419420771524 0.4201685031473932 -1.2804571313564552
-0.42728951675173105 0.4152547242228504 -1.2817081156841326
-0.4021548392957468 0.4103409452983076 -1.28295910001181
-0.3770201618397626 0.4054271663737648 -1.284210084339487
-0.35188548438377854 0.40051338744922205 -1.2854610686671644
-0.32675080692779435 0.39559960852467924 -1.2867120529948417
-0.30161612947181016 0.3906858296001365 -1.287963037322519
-0.27648145201582597 0.38577205067559367 -1.2892140216501964
-0.2513467745598418 0.38085827175105086 -1.2904650059778737
-0.22621209710385767 0.3759444928265081 -1.291715990305551
-0.20107741964787346 0.3710307139019653 -1.2929669746332284
-0.17594274219188927 0.36611693497742254 -1.2942179589609057
-0.15080806473590508 0.3612031560528797 -1.295468943288583
-0.1256733872799209 0.3562893771283369 -1.2967199276162604
-0.10053870982393678 0.35137559820379416 -1.2979709119439378
-0.0754040323679526 0.34646181927925135 -1.299221896271615
-0.05026935491196839 0.3415480403547086 -1.3004728805992924
-0.025134677455984196 0.3366342614301658 -1.3017238649269698
0.0 0.33172048250562297 -1.3029748492546471
-0.9802524207833829 0.5285409931019421 -1.274545442494835
-0.9551177433273987 0.5236272141773993 -1.2757964268225124
-0.9299830658714145 0.5187134352528565 -1.2770474111501897
-0.9048483884154305 0.5137996563283137 -1.278298395477867
-0.8797137109594463 0.5088858774037709 -1.2795493798055444
-0.8545790335034621 0.5039720984792282 -1.2808003641332217
-0.8294443560474779 0.4990583195546854 -1.282051348460899
-0.8043096785914936 0.49414454063014257 -1.2833023327885762
-0.7791750011355095 0.4892307617055998 -1.2845533171162535
-0.7540403236795253 0.484316982781057 -1.2858043014439309
-0.7289056462235411 0.4794032038565142 -1.2870552857716082
-0.703770968767557 0.47448942493197144 -1.2883062700992856
-0.6786362913115728 0.4695756460074286 -1.289557254426963
-0.6535016138555887 0.46466186708288587 -1.2908082387546402
-0.6283669363996044 0.45974808815834306 -1.2920592230823176
-0.6032322589436203 0.45483430923380025 -1.293310207409995
-0.5780975814876361 0.4499205303092575 -1.2945611917376723
-0.5529629040316519 0.4450067513847147 -1.2958121760653496
-0.5278282265756679 0.4400929724601719 -1.297063160393027
-0.5026935491196836 0.4351791935356291 -1.2983141447207043
-0.4775588716636994 0.4302654146110863 -1.2995651290483816
-0.45242419420771524 0.42535163568654355 -1.300816113376059
-0.42728951675173105 0.42043785676200074 -1.3020670977037363
-0.4021548392957468 0.41552407783745793 -1.3033180820314136
-0.3770201618397626 0.4106102989129152 -1.304569066359091
-0.35188548438377854 0.4056965199883724 -1.3058200506867683
-0.32675080692779435 0.4007827410638296 -1.3070710350144457
-0.30161612947181016 0.3958689621392868 -1.308322019342123
-0.27648145201582597 0.390955183214744 -1.3095730036698003
-0.2513467745598418 0.38604140429020123 -1.3108239879974775
-0.22621209710385767 0.3811276253656584 -1.3120749723251548
-0.20107741964787346 0.37621384644111566 -1.3133259566528321
-0.17594274219188927 0.37130006751657285 -1.3145769409805095
-0.15080806473590508 0.36638628859203004 -1.3158279253081868
-0.1256733872799209 0.3614725096674873 -1.3170789096358642
-0.10053870982393678 0.3565587307429445 -1.3183298939635415
-0.0754040323679526 0.3516449518184017 -1.3195808782912188
-0.05026935491196839 0.3467311728938589 -1.3208318626188962
-0.025134677455984196 0.3418173939693161 -1.3220828469465735
0.0 0.33690361504477334 -1.3233338312742509
-0.9802524207833829 0.5337241256410925 -1.294904424514439
-0.9551177433273987 0.5288103467165497 -1.2961554088421163
-0.9299830658714145 0.5238965677920069 -1.2974063931697937
-0.9048483884154305 0.5189827888674642 -1.298657377497471
-0.8797137109594463 0.5140690099429214 -1.2999083618251484
-0.8545790335034621 0.5091552310183786 -1.3011593461528257
-0.8294443560474779 0.5042414520938358 -1.302410330480503
-0.8043096785914936 0.49932767316929294 -1.3036613148081804
-0.7791750011355095 0.4944138942447502 -1.3049122991358577
-0.7540403236795253 0.4895001153202074 -1.306163283463535
-0.7289056462235411 0.4845863363956646 -1.3074142677912124
-0.703770968767557 0.4796725574711218 -1.3086652521188897
-0.6786362913115728 0.474758778546579 -1.3099162364465669
-0.6535016138555887 0.46984499962203624 -1.3111672207742442
-0.6283669363996044 0.46493122069749343 -1.3124182051019215
-0.6032322589436203 0.4600174417729507 -1.3136691894295989
-0.5780975814876361 0.45510366284840786 -1.3149201737572762
-0.5529629040316519 0.45018988392386505 -1.3161711580849536
-0.5278282265756679 0.4452761049993223 -1.317422142412631
-0.5026935491196836 0.4403623260747795 -1.3186731267403082
-0.4775588716636994 0.43544854715023673 -1.3199241110679856
-0.45242419420771524 0.4305347682256939 -1.321175095395663
-0.42728951675173105 0.4256209893011511 -1.3224260797233403
-0.4021548392957468 0.42070721037660835 -1.3236770640510176
-0.3770201618397626 0.41579343145206554 -1.324928048378695
-0.35188548438377854 0.4108796525275228 -1.3261790327063723
-0.32675080692779435 0.40596587360298 -1.3274300170340496
-0.30161612947181016 0.40105209467843717 -1.328681001361727
-0.27648145201582597 0.3961383157538944 -1.3299319856894043
-0.2513467745598418 0.3912245368293516 -1.3311829700170816
-0.22621209710385767 0.38631075790480884 -1.332433954344759
-0.20107741964787346 0.38139697898026603 -1.3336849386724363
-0.17594274219188927 0.3764832000557233 -1.3349359230001137
-0.15080806473590508 0.37156942113118047 -1.336186907327791
-0.1256733872799209 0.36665564220663766 -1.3374378916554681
-0.10053870982393678 0.3617418632820949 -1.3386888759831455
-0.0754040323679526 0.3568280843575521 -1.3399398603108228
-0.05026935491196839 0.35191430543300933 -1.3411908446385001
-0.025134677455984196 0.3470005265084665 -1.3424418289661775
0.0 0.3420867475839237 -1.3436928132938548
-0.9802524207833829 0.5389072581802429 -1.3152634065340427
-0.9551177433273987 0.5339934792557001 -1.31651439086172
-0.9299830658714145 0.5290797003311573 -1.3177653751893974
-0.9048483884154305 0.5241659214066144 -1.3190163595170747
-0.8797137109594463 0.5192521424820716 -1.320267343844752
-0.8545790335034621 0.5143383635575289 -1.3215183281724294
-0.8294443560474779 0.5094245846329861 -1.3227693125001068
-0.8043096785914936 0.5045108057084433 -1.324020296827784
-0.7791750011355095 0.49959702678390056 -1.3252712811554614
-0.7540403236795253 0.49468324785935774 -1.3265222654831388
-0.7289056462235411 0.48976946893481493 -1.3277732498108161
-0.703770968767557 0.4848556900102722 -1.3290242341384935
-0.6786362913115728 0.47994191108572937 -1.3302752184661708
-0.6535016138555887 0.4750281321611866 -1.3315262027938481
-0.6283669363996044 0.47011435323664374 -1.3327771871215255
-0.6032322589436203 0.465200574312101 -1.3340281714492028
-0.5780975814876361 0.46028679538755823 -1.3352791557768802
-0.5529629040316519 0.4553730164630154 -1.3365301401045573
-0.5278282265756679 0.45045923753847267 -1.3377811244322346
-0.5026935491196836 0.44554545861392986 -1.339032108759912
-0.4775588716636994 0.44063167968938705 -1.3402830930875893
-0.45242419420771524 0.4357179007648443 -1.3415340774152666
-0.42728951675173105 0.4308041218403015 -1.342785061742944
-0.4021548392957468 0.42589034291575867 -1.3440360460706213
-0.3770201618397626 0.4209765639912159 -1.3452870303982987
-0.35188548438377854 0.4160627850666731 -1.346538014725976
-0.32675080692779435 0.41114900614213035 -1.3477889990536533
-0.30161612947181016 0.40623522721758754 -1.3490399833813307
-0.27648145201582597 0.4013214482930447 -1.350290967709008
-0.2513467745598418 0.39640766936850197 -1.3515419520366854
-0.22621209710385767 0.39149389044395916 -1.3527929363643627
-0.20107741964787346 0.3865801115194164 -1.35404392069204
-0.17594274219188927 0.3816663325948736 -1.3552949050197174
-0.15080806473590508 0.3767525536703308 -1.3565458893473947
-0.1256733872799209 0.371838774745788 -1.357796873675072
-0.10053870982393678 0.3669249958212452 -1.3590478580027494
-0.0754040323679526 0.36201121689670246 -1.3602988423304267
-0.05026935491196839 0.35709743797215965 -1.361549826658104
-0.025134677455984196 0.35218365904761684 -1.3628008109857814
0.0 0.3472698801230741 -1.3640517953134585
-0.9802524207833829 0.5440903907193931 -1.3356223885536465
-0.9551177433273987 0.5391766117948504 -1.3368733728813238
-0.9299830658714145 0.5342628328703076 -1.3381243572090011
-0.9048483884154305 0.5293490539457648 -1.3393753415366785
-0.8797137109594463 0.524435275021222 -1.3406263258643558
-0.8545790335034621 0.5195214960966792 -1.3418773101920332
-0.8294443560474779 0.5146077171721365 -1.3431282945197105
-0.8043096785914936 0.5096939382475937 -1.3443792788473878
-0.7791750011355095 0.5047801593230509 -1.3456302631750652
-0.7540403236795253 0.49986638039850806 -1.3468812475027425
-0.7289056462235411 0.4949526014739653 -1.3481322318304199
-0.703770968767557 0.4900388225494225 -1.3493832161580972
-0.6786362913115728 0.4851250436248797 -1.3506342004857745
-0.6535016138555887 0.4802112647003369 -1.3518851848134519
-0.6283669363996044 0.4752974857757941 -1.3531361691411292
-0.6032322589436203 0.47038370685125136 -1.3543871534688066
-0.5780975814876361 0.46546992792670855 -1.355638137796484
-0.5529629040316519 0.46055614900216574 -1.3568891221241612
-0.5278282265756679 0.455642370077623 -1.3581401064518386
-0.5026935491196836 0.45072859115308017 -1.359391090779516
-0.4775588716636994 0.4458148122285374 -1.3606420751071933
-0.45242419420771524 0.4409010333039946 -1.3618930594348706
-0.42728951675173105 0.4359872543794518 -1.3631440437625477
-0.4021548392957468 0.43107347545490904 -1.364395028090225
-0.3770201618397626 0.4261596965303662 -1.3656460124179024
-0.35188548438377854 0.42124591760582347 -1.3668969967455797
-0.32675080692779435 0.41633213868128066 -1.368147981073257
-0.30161612947181016 0.41141835975673785 -1.3693989654009344
-0.27648145201582597 0.4065045808321951 -1.3706499497286118
-0.2513467745598418 0.4015908019076523 -1.371900934056289
-0.22621209710385767 0.39667702298310953 -1.3731519183839664
-0.20107741964787346 0.3917632440585667 -1.3744029027116438
-0.17594274219188927 0.38684946513402396 -1.3756538870393211
-0.15080806473590508 0.38193568620948115 -1.3769048713669985
-0.1256733872799209 0.37702190728493834 -1.3781558556946758
-0.10053870982393678 0.3721081283603956 -1.3794068400223531
-0.0754040323679526 0.3671943494358528 -1.3806578243500305
-0.05026935491196839 0.36228057051130996 -1.3819088086777078
-0.025134677455984196 0.3573667915867672 -1.3831597930053852
0.0 0.3524530126622244 -1.3844107773330625
-0.9802524207833829 0.5492735232585436 -1.3559813705732506
-0.9551177433273987 0.5443597443340008 -1.357232354900928
-0.9299830658714145 0.539445965409458 -1.3584833392286053
-0.9048483884154305 0.5345321864849152 -1.3597343235562827
-0.8797137109594463 0.5296184075603724 -1.36098530788396
-0.8545790335034621 0.5247046286358297 -1.3622362922116371
-0.8294443560474779 0.5197908497112869 -1.3634872765393145
-0.8043096785914936 0.514877070786744 -1.3647382608669918
-0.7791750011355095 0.5099632918622012 -1.3659892451946691
-0.7540403236795253 0.5050495129376584 -1.3672402295223465
-0.7289056462235411 0.5001357340131157 -1.3684912138500238
-0.703770968767557 0.4952219550885729 -1.3697421981777012
-0.6786362913115728 0.4903081761640301 -1.3709931825053785
-0.6535016138555887 0.48539439723948735 -1.3722441668330558
-0.6283669363996044 0.4804806183149445 -1.3734951511607332
-0.6032322589436203 0.47556683939040173 -1.3747461354884105
-0.5780975814876361 0.470653060465859 -1.3759971198160879
-0.5529629040316519 0.46573928154131616 -1.3772481041437652
-0.5278282265756679 0.4608255026167734 -1.3784990884714425
-0.5026935491196836 0.4559117236922306 -1.3797500727991199
-0.4775588716636994 0.4509979447676878 -1.3810010571267972
-0.45242419420771524 0.44608416584314503 -1.3822520414544746
-0.42728951675173105 0.4411703869186022 -1.383503025782152
-0.4021548392957468 0.4362566079940594 -1.3847540101098292
-0.3770201618397626 0.43134282906951665 -1.3860049944375066
-0.35188548438377854 0.42642905014497384 -1.387255978765184
-0.32675080692779435 0.4215152712204311 -1.388506963092861
-0.30161612947181016 0.4166014922958883 -1.3897579474205384
-0.27648145201582597 0.41168771337134547 -1.3910089317482157
-0.2513467745598418 0.4067739344468027 -1.392259916075893
-0.22621209710385767 0.4018601555222599 -1.3935109004035704
-0.20107741964787346 0.39694637659771714 -1.3947618847312477
-0.17594274219188927 0.39203259767317433 -1.396012869058925
-0.15080806473590508 0.3871188187486315 -1.3972638533866024
-0.1256733872799209 0.38220503982408877 -1.3985148377142798
-0.10053870982393678 0.37729126089954595 -1.399765822041957
-0.0754040323679526 0.3723774819750032 -1.4010168063696344
-0.05026935491196839 0.3674637030504604 -1.4022677906973118
-0.025134677455984196 0.3625499241259176 -1.4035187750249891
0.0 0.3576361452013748 -1.4047697593526665
-0.9802524207833829 0.5544566557976939 -1.3763403525928544
-0.9551177433273987 0.5495428768731512 -1.3775913369205317
-0.9299830658714145 0.5446290979486084 -1.378842321248209
-0.9048483884154305 0.5397153190240656 -1.3800933055758864
-0.8797137109594463 0.5348015400995227 -1.3813442899035637
-0.8545790335034621 0.5298877611749799 -1.382595274231241
-0.8294443560474779 0.5249739822504372 -1.3838462585589184
-0.8043096785914936 0.5200602033258944 -1.3850972428865957
-0.7791750011355095 0.5151464244013516 -1.386348227214273
-0.7540403236795253 0.5102326454768088 -1.3875992115419504
-0.7289056462235411 0.505318866552266 -1.3888501958696275
-0.703770968767557 0.5004050876277233 -1.3901011801973049
-0.6786362913115728 0.4954913087031804 -1.3913521645249822
-0.6535016138555887 0.49057752977863767 -1.3926031488526596
-0.6283669363996044 0.48566375085409486 -1.393854133180337
-0.6032322589436203 0.4807499719295521 -1.3951051175080142
-0.5780975814876361 0.4758361930050093 -1.3963561018356916
-0.5529629040316519 0.4709224140804665 -1.397607086163369
-0.5278282265756679 0.4660086351559237 -1.3988580704910463
-0.5026935491196836 0.4610948562313809 -1.4001090548187236
-0.4775588716636994 0.45618107730683816 -1.401360039146401
-0.45242419420771524 0.45126729838229535 -1.4026110234740783
-0.42728951675173105 0.44635351945775253 -1.4038620078017556
-0.4021548392957468 0.4414397405332098 -1.405112992129433
-0.3770201618397626 0.43652596160866697 -1.4063639764571103
-0.35188548438377854 0.4316121826841242 -1.4076149607847876
-0.32675080692779435 0.4266984037595814 -1.408865945112465
-0.30161612947181016 0.4217846248350386 -1.4101169294401423
-0.27648145201582597 0.41687084591049584 -1.4113679137678197
-0.2513467745598418 0.411957066985953 -1.412618898095497
-0.22621209710385767 0.40704328806141027 -1.4138698824231744
-0.20107741964787346 0.40212950913686746 -1.4151208667508517
-0.17594274219188927 0.39721573021232465 -1.4163718510785288
-0.15080806473590508 0.3923019512877819 -1.4176228354062061
-0.1256733872799209 0.3873881723632391 -1.4188738197338835
-0.10053870982393678 0.3824743934386963 -1.4201248040615608
-0.0754040323679526 0.3775606145141535 -1.4213757883892382
-0.05026935491196839 0.3726468355896107 -1.4226267727169155
-0.025134677455984196 0.36773305666506795 -1.4238777570445929
0.0 0.36281927774052514 -1.4251287413722702
-0.9802524207833829 0.5596397883368442 -1.396699334612458
-0.9551177433273987 0.5547260094123014 -1.3979503189401354
-0.9299830658714145 0.5498122304877586 -1.3992013032678128
-0.9048483884154305 0.5448984515632159 -1.4004522875954901
-0.8797137109594463 0.5399846726386731 -1.4017032719231675
-0.8545790335034621 0.5350708937141303 -1.4029542562508448
-0.8294443560474779 0.5301571147895875 -1.4042052405785221
-0.8043096785914936 0.5252433358650447 -1.4054562249061995
-0.7791750011355095 0.520329556940502 -1.4067072092338768
-0.7540403236795253 0.5154157780159592 -1.4079581935615542
-0.7289056462235411 0.5105019990914164 -1.4092091778892315
-0.703770968767557 0.5055882201668735 -1.4104601622169088
-0.6786362913115728 0.5006744412423307 -1.4117111465445862
-0.6535016138555887 0.49576066231778804 -1.4129621308722635
-0.6283669363996044 0.49084688339324517 -1.4142131151999409
-0.6032322589436203 0.4859331044687024 -1.415464099527618
-0.5780975814876361 0.48101932554415966 -1.4167150838552953
-0.5529629040316519 0.47610554661961685 -1.4179660681829727
-0.5278282265756679 0.4711917676950741 -1.41921705251065
-0.5026935491196836 0.4662779887705313 -1.4204680368383273
-0.4775588716636994 0.46136420984598847 -1.4217190211660047
-0.45242419420771524 0.4564504309214457 -1.422970005493682
-0.42728951675173105 0.4515366519969029 -1.4242209898213594
-0.4021548392957468 0.4466228730723601 -1.4254719741490367
-0.3770201618397626 0.44170909414781734 -1.426722958476714
-0.35188548438377854 0.4367953152232745 -1.4279739428043914
-0.32675080692779435 0.43188153629873177 -1.4292249271320687
-0.30161612947181016 0.42696775737418896 -1.430475911459746
-0.27648145201582597 0.42205397844964615 -1.4317268957874234
-0.2513467745598418 0.4171401995251034 -1.4329778801151007
-0.22621209710385767 0.4122264206005606 -1.434228864442778
-0.20107741964787346 0.40731264167601783 -1.4354798487704554
-0.17594274219188927 0.402398862751475 -1.4367308330981328
-0.15080806473590508 0.3974850838269322 -1.43798181742581
-0.1256733872799209 0.39257130490238945 -1.4392328017534874
-0.10053870982393678 0.38765752597784664 -1.4404837860811648
-0.0754040323679526 0.3827437470533039 -1.4417347704088421
-0.05026935491196839 0.3778299681287611 -1.4429857547365192
-0.025134677455984196 0.37291618920421826 -1.4442367390641966
0.0 0.3680024102796755 -1.445487723391874
-0.9802524207833829 0.5648229208759946 -1.417058316632062
-0.9551177433273987 0.5599091419514518 -1.4183093009597394
-0.9299830658714145 0.554995363026909 -1.4195602852874167
-0.9048483884154305 0.5500815841023663 -1.420811269615094
-0.8797137109594463 0.5451678051778235 -1.4220622539427714
-0.8545790335034621 0.5402540262532807 -1.4233132382704488
-0.8294443560474779 0.5353402473287379 -1.424564222598126
-0.8043096785914936 0.530426468404195 -1.4258152069258034
-0.7791750011355095 0.5255126894796524 -1.4270661912534808
-0.7540403236795253 0.5205989105551095 -1.4283171755811581
-0.7289056462235411 0.5156851316305667 -1.4295681599088355
-0.703770968767557 0.5107713527060239 -1.4308191442365128
-0.6786362913115728 0.5058575737814811 -1.4320701285641901
-0.6535016138555887 0.5009437948569384 -1.4333211128918675
-0.6283669363996044 0.4960300159323956 -1.4345720972195448
-0.6032322589436203 0.4911162370078528 -1.4358230815472222
-0.5780975814876361 0.48620245808331003 -1.4370740658748995
-0.5529629040316519 0.4812886791587672 -1.4383250502025768
-0.5278282265756679 0.47637490023422446 -1.4395760345302542
-0.5026935491196836 0.47146112130968165 -1.4408270188579315
-0.4775588716636994 0.46654734238513884 -1.4420780031856086
-0.45242419420771524 0.4616335634605961 -1.443328987513286
-0.42728951675173105 0.4567197845360533 -1.4445799718409633
-0.4021548392957468 0.45180600561151046 -1.4458309561686407
-0.3770201618397626 0.4468922266869677 -1.447081940496318
-0.35188548438377854 0.44197844776242495 -1.4483329248239953
-0.32675080692779435 0.43706466883788214 -1.4495839091516727
-0.30161612947181016 0.43215088991333933 -1.45083489347935
-0.27648145201582597 0.4272371109887966 -1.4520858778070274
-0.2513467745598418 0.42232333206425376 -1.4533368621347047
-0.22621209710385767 0.417409553139711 -1.454587846462382
-0.20107741964787346 0.4124957742151682 -1.4558388307900594
-0.17594274219188927 0.4075819952906254 -1.4570898151177367
-0.15080806473590508 0.40266821636608263 -1.458340799445414
-0.1256733872799209 0.3977544374415398 -1.4595917837730914
-0.10053870982393678 0.39284065851699707 -1.4608427681007687
-0.0754040323679526 0.38792687959245425 -1.462093752428446
-0.05026935491196839 0.38301310066791144 -1.4633447367561234
-0.025134677455984196 0.3780993217433687 -1.4645957210838008
0.0 0.3731855428188259 -1.465846705411478
-0.9802524207833829 0.570006053415145 -1.437417298651666
-0.9551177433273987 0.5650922744906022 -1.4386682829793433
-0.9299830658714145 0.5601784955660594 -1.4399192673070207
-0.9048483884154305 0.5552647166415167 -1.4411702516346978
-0.8797137109594463 0.5503509377169739 -1.4424212359623751
-0.8545790335034621 0.545437158792431 -1.4436722202900525
-0.8294443560474779 0.5405233798678882 -1.4449232046177298
-0.8043096785914936 0.5356096009433454 -1.4461741889454072
-0.7791750011355095 0.5306958220188027 -1.4474251732730845
-0.7540403236795253 0.5257820430942599 -1.4486761576007618
-0.7289056462235411 0.5208682641697171 -1.4499271419284392
-0.703770968767557 0.5159544852451743 -1.4511781262561165
-0.6786362913115728 0.5110407063206315 -1.4524291105837939
-0.6535016138555887 0.5061269273960888 -1.4536800949114712
-0.6283669363996044 0.501213148471546 -1.4549310792391486
-0.6032322589436203 0.49629936954700316 -1.456182063566826
-0.5780975814876361 0.49138559062246034 -1.4574330478945032
-0.5529629040316519 0.4864718116979176 -1.4586840322221806
-0.5278282265756679 0.4815580327733748 -1.459935016549858
-0.5026935491196836 0.47664425384883197 -1.4611860008775353
-0.4775588716636994 0.4717304749242892 -1.4624369852052126
-0.45242419420771524 0.4668166959997464 -1.46368796953289
-0.42728951675173105 0.46190291707520365 -1.4649389538605673
-0.4021548392957468 0.45698913815066083 -1.4661899381882446
-0.3770201618397626 0.452075359226118 -1.467440922515922
-0.35188548438377854 0.44716158030157527 -1.468691906843599
-0.32675080692779435 0.44224780137703246 -1.4699428911712764
-0.30161612947181016 0.4373340224524897 -1.4711938754989538
-0.27648145201582597 0.4324202435279469 -1.472444859826631
-0.2513467745598418 0.4275064646034041 -1.4736958441543084
-0.22621209710385767 0.4225926856788613 -1.4749468284819858
-0.20107741964787346 0.4176789067543185 -1.4761978128096631
-0.17594274219188927 0.41276512782977576 -1.4774487971373405
-0.15080806473590508 0.40785134890523295 -1.4786997814650178
-0.1256733872799209 0.40293756998069014 -1.4799507657926951
-0.10053870982393678 0.3980237910561474 -1.4812017501203725
-0.0754040323679526 0.39311001213160457 -1.4824527344480498
-0.05026935491196839 0.3881962332070618 -1.4837037187757272
-0.025134677455984196 0.383282454282519 -1.4849547031034045
0.0 0.3783686753579762 -1.4862056874310818
-0.9802524207833829 0.5751891859542954 -1.4577762806712697
-0.9551177433273987 0.5702754070297525 -1.459027264998947
-0.9299830658714145 0.5653616281052097 -1.4602782493266244
-0.9048483884154305 0.5604478491806669 -1.4615292336543018
-0.8797137109594463 0.5555340702561241 -1.462780217981979
-0.8545790335034621 0.5506202913315814 -1.4640312023096564
-0.8294443560474779 0.5457065124070386 -1.4652821866373338
-0.8043096785914936 0.5407927334824958 -1.4665331709650111
-0.7791750011355095 0.535878954557953 -1.4677841552926885
-0.7540403236795253 0.5309651756334102 -1.4690351396203656
-0.7289056462235411 0.5260513967088675 -1.470286123948043
-0.703770968767557 0.5211376177843247 -1.4715371082757203
-0.6786362913115728 0.5162238388597818 -1.4727880926033976
-0.6535016138555887 0.511310059935239 -1.474039076931075
-0.6283669363996044 0.5063962810106962 -1.4752900612587523
-0.6032322589436203 0.5014825020861535 -1.4765410455864296
-0.5780975814876361 0.4965687231616107 -1.477792029914107
-0.5529629040316519 0.4916549442370679 -1.4790430142417843
-0.5278282265756679 0.48674116531252515 -1.4802939985694616
-0.5026935491196836 0.48182738638798234 -1.481544982897139
-0.4775588716636994 0.4769136074634395 -1.4827959672248163
-0.45242419420771524 0.47199982853889677 -1.4840469515524937
-0.42728951675173105 0.46708604961435396 -1.485297935880171
-0.4021548392957468 0.46217227068981115 -1.4865489202078483
-0.3770201618397626 0.4572584917652684 -1.4877999045355257
-0.35188548438377854 0.45234471284072564 -1.489050888863203
-0.32675080692779435 0.4474309339161828 -1.4903018731908804
-0.30161612947181016 0.44251715499164 -1.4915528575185577
-0.27648145201582597 0.43760337606709726 -1.492803841846235
-0.2513467745598418 0.43268959714255445 -1.4940548261739124
-0.22621209710385767 0.4277758182180117 -1.4953058105015895
-0.20107741964787346 0.4228620392934689 -1.4965567948292668
-0.17594274219188927 0.41794826036892607 -1.4978077791569442
-0.15080806473590508 0.4130344814443833 -1.4990587634846215
-0.1256733872799209 0.4081207025198405 -1.5003097478122989
-0.10053870982393678 0.40320692359529775 -1.5015607321399762
-0.0754040323679526 0.39829314467075494 -1.5028117164676535
-0.05026935491196839 0.39337936574621213 -1.5040627007953309
-0.025134677455984196 0.3884655868216694 -1.5053136851230082
0.0 0.38355180789712656 -1.5065646694506856
-0.9802524207833829 0.5803723184934457 -1.4781352626908737
-0.9551177433273987 0.5754585395689029 -1.479386247018551
-0.9299830658714145 0.5705447606443601 -1.4806372313462284
-0.9048483884154305 0.5656309817198174 -1.4818882156739057
-0.8797137109594463 0.5607172027952746 -1.483139200001583
-0.8545790335034621 0.5558034238707318 -1.4843901843292604
-0.8294443560474779 0.550889644946189 -1.4856411686569377
-0.8043096785914936 0.5459758660216462 -1.486892152984615
-0.7791750011355095 0.5410620870971035 -1.4881431373122924
-0.7540403236795253 0.5361483081725607 -1.4893941216399698
-0.7289056462235411 0.5312345292480178 -1.490645105967647
-0.703770968767557 0.526320750323475 -1.4918960902953244
-0.6786362913115728 0.5214069713989322 -1.4931470746230018
-0.6535016138555887 0.5164931924743895 -1.494398058950679
-0.6283669363996044 0.5115794135498467 -1.4956490432783562
-0.6032322589436203 0.5066656346253039 -1.4969000276060336
-0.5780975814876361 0.5017518557007611 -1.498151011933711
-0.5529629040316519 0.49683807677621833 -1.4994019962613883
-0.5278282265756679 0.4919242978516755 -1.5006529805890656
-0.5026935491196836 0.4870105189271327 -1.501903964916743
-0.4775588716636994 0.48209674000258995 -1.5031549492444203
-0.45242419420771524 0.47718296107804714 -1.5044059335720976
-0.42728951675173105 0.4722691821535044 -1.505656917899775
-0.4021548392957468 0.4673554032289616 -1.5069079022274523
-0.3770201618397626 0.46244162430441876 -1.5081588865551296
-0.35188548438377854 0.457527845379876 -1.509409870882807
-0.32675080692779435 0.4526140664553332 -1.5106608552104843
-0.30161612947181016 0.44770028753079044 -1.5119118395381617
-0.27648145201582597 0.44278650860624763 -1.513162823865839
-0.2513467745598418 0.4378727296817048 -1.5144138081935163
-0.22621209710385767 0.43295895075716206 -1.5156647925211937
-0.20107741964787346 0.42804517183261925 -1.516915776848871
-0.17594274219188927 0.4231313929080765 -1.5181667611765484
-0.15080806473590508 0.4182176139835337 -1.5194177455042257
-0.1256733872799209 0.4133038350589909 -1.520668729831903
-0.10053870982393678 0.4083900561344481 -1.5219197141595802
-0.0754040323679526 0.4034762772099053 -1.5231706984872575
-0.05026935491196839 0.39856249828536255 -1.5244216828149348
-0.025134677455984196 0.39364871936081974 -1.5256726671426122
0.0 0.38873494043627693 -1.5269236514702895
-0.9802524207833829 0.5855554510325961 -1.4984942447104774
-0.9551177433273987 0.5806416721080533 -1.4997452290381548
-0.9299830658714145 0.5757278931835105 -1.500996213365832
-0.9048483884154305 0.5708141142589677 -1.5022471976935095
-0.8797137109594463 0.5659003353344249 -1.5034981820211868
-0.8545790335034621 0.5609865564098822 -1.5047491663488641
-0.8294443560474779 0.5560727774853393 -1.5060001506765415
-0.8043096785914936 0.5511589985607965 -1.5072511350042188
-0.7791750011355095 0.5462452196362537 -1.5085021193318962
-0.7540403236795253 0.5413314407117109 -1.5097531036595735
-0.7289056462235411 0.5364176617871682 -1.5110040879872508
-0.703770968767557 0.5315038828626254 -1.5122550723149282
-0.6786362913115728 0.5265901039380826 -1.5135060566426055
-0.6535016138555887 0.5216763250135398 -1.5147570409702829
-0.6283669363996044 0.516762546088997 -1.5160080252979602
-0.6032322589436203 0.5118487671644543 -1.5172590096256375
-0.5780975814876361 0.5069349882399115 -1.5185099939533149
-0.5529629040316519 0.5020212093153686 -1.5197609782809922
-0.5278282265756679 0.4971074303908259 -1.5210119626086693
-0.5026935491196836 0.4921936514662831 -1.5222629469363467
-0.4775588716636994 0.48727987254174027 -1.523513931264024
-0.45242419420771524 0.4823660936171975 -1.5247649155917014
-0.42728951675173105 0.4774523146926547 -1.5260158999193787
-0.4021548392957468 0.4725385357681119 -1.527266884247056
-0.3770201618397626 0.46762475684356913 -1.5285178685747334
-0.35188548438377854 0.4627109779190264 -1.5297688529024107
-0.32675080692779435 0.45779719899448357 -1.531019837230088
-0.30161612947181016 0.45288342006994076 -1.5322708215577654
-0.27648145201582597 0.44796964114539795 -1.5335218058854427
-0.2513467745598418 0.4430558622208552 -1.53477279021312
-0.22621209710385767 0.4381420832963124 -1.5360237745407974
-0.20107741964787346 0.4332283043717696 -1.5372747588684748
-0.17594274219188927 0.4283145254472268 -1.538525743196152
-0.15080806473590508 0.423400746522684 -1.5397767275238294
-0.1256733872799209 0.41848696759814125 -1.5410277118515068
-0.10053870982393678 0.41357318867359844 -1.5422786961791841
-0.0754040323679526 0.4086594097490557 -1.5435296805068615
-0.05026935491196839 0.40374563082451287 -1.5447806648345388
-0.025134677455984196 0.39883185189997006 -1.5460316491622161
0.0 0.3939180729754273 -1.5472826334898935
-0.9802524207833829 0.5907385835717464 -1.5188532267300814
-0.9551177433273987 0.5858248046472037 -1.5201042110577587
-0.9299830658714145 0.5809110257226608 -1.5213551953854358
-0.9048483884154305 0.575997246798118 -1.5226061797131132
-0.8797137109594463 0.5710834678735752 -1.5238571640407905
-0.8545790335034621 0.5661696889490324 -1.5251081483684679
-0.8294443560474779 0.5612559100244897 -1.5263591326961452
-0.8043096785914936 0.5563421310999469 -1.5276101170238225
-0.7791750011355095 0.5514283521754041 -1.5288611013514999
-0.7540403236795253 0.5465145732508613 -1.5301120856791772
-0.7289056462235411 0.5416007943263185 -1.5313630700068546
-0.703770968767557 0.5366870154017758 -1.532614054334532
-0.6786362913115728 0.531773236477233 -1.5338650386622092
-0.6535016138555887 0.5268594575526901 -1.5351160229898866
-0.6283669363996044 0.5219456786281473 -1.536367007317564
-0.6032322589436203 0.5170318997036045 -1.5376179916452413
-0.5780975814876361 0.5121181207790618 -1.5388689759729186
-0.5529629040316519 0.507204341854519 -1.540119960300596
-0.5278282265756679 0.5022905629299762 -1.5413709446282733
-0.5026935491196836 0.4973767840054334 -1.5426219289559506
-0.4775588716636994 0.49246300508089064 -1.543872913283628
-0.45242419420771524 0.4875492261563478 -1.5451238976113053
-0.42728951675173105 0.48263544723180507 -1.5463748819389826
-0.4021548392957468 0.47772166830726226 -1.54762586626666
-0.3770201618397626 0.47280788938271945 -1.548876850594337
-0.35188548438377854 0.4678941104581767 -1.5501278349220144
-0.32675080692779435 0.4629803315336339 -1.5513788192496918
-0.30161612947181016 0.4580665526090911 -1.5526298035773691
-0.27648145201582597 0.4531527736845483 -1.5538807879050465
-0.2513467745598418 0.4482389947600055 -1.5551317722327238
-0.22621209710385767 0.44332521583546275 -1.5563827565604011
-0.20107741964787346 0.43841143691091994 -1.5576337408880785
-0.17594274219188927 0.4334976579863772 -1.5588847252157558
-0.15080806473590508 0.42858387906183437 -1.5601357095434332
-0.1256733872799209 0.42367010013729156 -1.5613866938711105
-0.10053870982393678 0.4187563212127488 -1.5626376781987878
-0.0754040323679526 0.413842542288206 -1.5638886625264652
-0.05026935491196839 0.40892876336366324 -1.5651396468541425
-0.025134677455984196 0.40401498443912043 -1.5663906311818199
0.0 0.3991012055145776 -1.5676416155094972
-0.9802524207833829 0.5959217161108968 -1.5392122087496853
-0.9551177433273987 0.591007937186354 -1.5404631930773627
-0.9299830658714145 0.5860941582618112 -1.54171417740504
-0.9048483884154305 0.5811803793372684 -1.5429651617327174
-0.8797137109594463 0.5762666004127256 -1.5442161460603947
-0.8545790335034621 0.5713528214881829 -1.545467130388072
-0.8294443560474779 0.5664390425636401 -1.5467181147157494
-0.8043096785914936 0.5615252636390973 -1.5479690990434265
-0.7791750011355095 0.5566114847145545 -1.5492200833711038
-0.7540403236795253 0.5516977057900116 -1.5504710676987812
-0.7289056462235411 0.546783926865469 -1.5517220520264585
-0.703770968767557 0.5418701479409261 -1.5529730363541359
-0.6786362913115728 0.5369563690163833 -1.5542240206818132
-0.6535016138555887 0.5320425900918405 -1.5554750050094905
-0.6283669363996044 0.5271288111672977 -1.5567259893371679
-0.6032322589436203 0.522215032242755 -1.5579769736648452
-0.5780975814876361 0.5173012533182122 -1.5592279579925226
-0.5529629040316519 0.5123874743936694 -1.5604789423202
-0.5278282265756679 0.5074736954691266 -1.5617299266478772
-0.5026935491196836 0.5025599165445838 -1.5629809109755546
-0.4775588716636994 0.497646137620041 -1.564231895303232
-0.45242419420771524 0.49273235869549825 -1.5654828796309093
-0.42728951675173105 0.48781857977095544 -1.5667338639585866
-0.4021548392957468 0.48290480084641263 -1.567984848286264
-0.3770201618397626 0.4779910219218699 -1.5692358326139413
-0.35188548438377854 0.47307724299732706 -1.5704868169416186
-0.32675080692779435 0.4681634640727843 -1.571737801269296
-0.30161612947181016 0.4632496851482415 -1.5729887855969733
-0.27648145201582597 0.4583359062236987 -1.5742397699246506
-0.2513467745598418 0.45342212729915593 -1.5754907542523278
-0.22621209710385767 0.4485083483746131 -1.576741738580005
-0.20107741964787346 0.44359456945007036 -1.5779927229076824
-0.17594274219188927 0.43868079052552755 -1.5792437072353598
-0.15080806473590508 0.43376701160098474 -1.5804946915630371
-0.1256733872799209 0.428853232676442 -1.5817456758907145
-0.10053870982393678 0.4239394537518992 -1.5829966602183918
-0.0754040323679526 0.4190256748273564 -1.5842476445460691
-0.05026935491196839 0.4141118959028136 -1.5854986288737465
-0.025134677455984196 0.4091981169782708 -1.5867496132014238
0.0 0.40428433805372804 -1.5880005975291012
-0.9802524207833829 0.6011048486500471 -1.559571190769289
-0.9551177433273987 0.5961910697255044 -1.5608221750969664
-0.9299830658714145 0.5912772908009616 -1.5620731594246438
-0.9048483884154305 0.5863635118764188 -1.563324143752321
-0.8797137109594463 0.581449732951876 -1.5645751280799984
-0.8545790335034621 0.5765359540273332 -1.5658261124076758
-0.8294443560474779 0.5716221751027905 -1.5670770967353531
-0.8043096785914936 0.5667083961782476 -1.5683280810630305
-0.7791750011355095 0.5617946172537048 -1.5695790653907078
-0.7540403236795253 0.556880838329162 -1.5708300497183851
-0.7289056462235411 0.5519670594046192 -1.5720810340460625
-0.703770968767557 0.5470532804800765 -1.5733320183737398
-0.6786362913115728 0.5421395015555337 -1.574583002701417
-0.6535016138555887 0.5372257226309909 -1.5758339870290943
-0.6283669363996044 0.5323119437064481 -1.5770849713567716
-0.6032322589436203 0.5273981647819053 -1.578335955684449
-0.5780975814876361 0.5224843858573626 -1.5795869400121263
-0.5529629040316519 0.5175706069328198 -1.5808379243398036
-0.5278282265756679 0.5126568280082769 -1.582088908667481
-0.5026935491196836 0.5077430490837341 -1.5833398929951583
-0.4775588716636994 0.5028292701591913 -1.5845908773228357
-0.45242419420771524 0.49791549123464857 -1.585841861650513
-0.42728951675173105 0.49300171231010576 -1.5870928459781903
-0.4021548392957468 0.488087933385563 -1.5883438303058677
-0.3770201618397626 0.4831741544610202 -1.589594814633545
-0.35188548438377854 0.47826037553647743 -1.5908457989612224
-0.32675080692779435 0.4733465966119346 -1.5920967832888997
-0.30161612947181016 0.4684328176873918 -1.593347767616577
-0.27648145201582597 0.46351903876284906 -1.5945987519442544
-0.2513467745598418 0.45860525983830625 -1.5958497362719317
-0.22621209710385767 0.4536914809137635 -1.597100720599609
-0.20107741964787346 0.4487777019892207 -1.5983517049272864
-0.17594274219188927 0.4438639230646779 -1.5996026892549637
-0.15080806473590508 0.4389501441401351 -1.600853673582641
-0.1256733872799209 0.4340363652155923 -1.6021046579103182
-0.10053870982393678 0.42912258629104955 -1.6033556422379955
-0.0754040323679526 0.42420880736650673 -1.6046066265656729
-0.05026935491196839 0.419295028441964 -1.6058576108933502
-0.025134677455984196 0.41438124951742117 -1.6071085952210276
0.0 0.40946747059287836 -1.608359579548705
-0.9802524207833829 0.6062879811891976 -1.579930172788893
-0.9551177433273987 0.6013742022646548 -1.5811811571165704
-0.9299830658714145 0.596460423340112 -1.5824321414442477
-0.9048483884154305 0.5915466444155691 -1.583683125771925
-0.8797137109594463 0.5866328654910263 -1.5849341100996024
-0.8545790335034621 0.5817190865664836 -1.5861850944272797
-0.8294443560474779 0.5768053076419408 -1.587436078754957
-0.8043096785914936 0.571891528717398 -1.5886870630826344
-0.7791750011355095 0.5669777497928552 -1.5899380474103117
-0.7540403236795253 0.5620639708683124 -1.591189031737989
-0.7289056462235411 0.5571501919437697 -1.5924400160656664
-0.703770968767557 0.5522364130192269 -1.5936910003933438
-0.6786362913115728 0.5473226340946841 -1.594941984721021
-0.6535016138555887 0.5424088551701413 -1.5961929690486985
-0.6283669363996044 0.5374950762455984 -1.5974439533763758
-0.6032322589436203 0.5325812973210557 -1.5986949377040531
-0.5780975814876361 0.5276675183965129 -1.5999459220317302
-0.5529629040316519 0.5227537394719701 -1.6011969063594076
-0.5278282265756679 0.5178399605474273 -1.602447890687085
-0.5026935491196836 0.5129261816228845 -1.6036988750147623
-0.4775588716636994 0.5080124026983418 -1.6049498593424396
-0.45242419420771524 0.503098623773799 -1.606200843670117
-0.42728951675173105 0.4981848448492562 -1.6074518279977943
-0.4021548392957468 0.49327106592471337 -1.6087028123254716
-0.3770201618397626 0.4883572870001706 -1.609953796653149
-0.35188548438377854 0.4834435080756278 -1.6112047809808263
-0.32675080692779435 0.47852972915108505 -1.6124557653085037
-0.30161612947181016 0.47361595022654224 -1.613706749636181
-0.27648145201582597 0.4687021713019994 -1.6149577339638583
-0.2513467745598418 0.46378839237745667 -1.6162087182915357
-0.22621209710385767 0.45887461345291386 -1.617459702619213
-0.20107741964787346 0.4539608345283711 -1.6187106869468904
-0.17594274219188927 0.4490470556038283 -1.6199616712745677
-0.15080806473590508 0.4441332766792855 -1.621212655602245
-0.1256733872799209 0.4392194977547427 -1.6224636399299224
-0.10053870982393678 0.4343057188301999 -1.6237146242575997
-0.0754040323679526 0.42939193990565716 -1.624965608585277
-0.05026935491196839 0.42447816098111435 -1.6262165929129544
-0.025134677455984196 0.41956438205657154 -1.6274675772406315
0.0 0.4146506031320288 -1.6287185615683089
-0.9802524207833829 0.6114711137283478 -1.6002891548084968
-0.9551177433273987 0.6065573348038051 -1.601540139136174
-0.9299830658714145 0.6016435558792623 -1.6027911234638514
-0.9048483884154305 0.5967297769547195 -1.6040421077915288
-0.8797137109594463 0.5918159980301767 -1.6052930921192061
-0.8545790335034621 0.5869022191056339 -1.6065440764468835
-0.8294443560474779 0.5819884401810912 -1.6077950607745608
-0.8043096785914936 0.5770746612565484 -1.6090460451022381
-0.7791750011355095 0.5721608823320056 -1.6102970294299155
-0.7540403236795253 0.5672471034074628 -1.6115480137575928
-0.7289056462235411 0.56233332448292 -1.6127989980852702
-0.703770968767557 0.5574195455583772 -1.6140499824129475
-0.6786362913115728 0.5525057666338344 -1.6153009667406248
-0.6535016138555887 0.5475919877092916 -1.6165519510683022
-0.6283669363996044 0.5426782087847488 -1.6178029353959795
-0.6032322589436203 0.537764429860206 -1.6190539197236569
-0.5780975814876361 0.5328506509356633 -1.6203049040513342
-0.5529629040316519 0.5279368720111205 -1.6215558883790115
-0.5278282265756679 0.5230230930865777 -1.6228068727066889
-0.5026935491196836 0.5181093141620349 -1.6240578570343662
-0.4775588716636994 0.5131955352374921 -1.6253088413620436
-0.45242419420771524 0.5082817563129494 -1.626559825689721
-0.42728951675173105 0.5033679773884066 -1.627810810017398
-0.4021548392957468 0.49845419846386374 -1.6290617943450754
-0.3770201618397626 0.49354041953932093 -1.6303127786727527
-0.35188548438377854 0.4886266406147782 -1.63156376300043
-0.32675080692779435 0.48371286169023536 -1.6328147473281074
-0.30161612947181016 0.47879908276569255 -1.6340657316557847
-0.27648145201582597 0.4738853038411498 -1.635316715983462
-0.2513467745598418 0.468971524916607 -1.6365677003111394
-0.22621209710385767 0.46405774599206423 -1.6378186846388167
-0.20107741964787346 0.4591439670675214 -1.639069668966494
-0.17594274219188927 0.4542301881429786 -1.6403206532941714
-0.15080806473590508 0.44931640921843585 -1.6415716376218488
-0.1256733872799209 0.44440263029389304 -1.642822621949526
-0.10053870982393678 0.4394888513693503 -1.6440736062772034
-0.0754040323679526 0.4345750724448075 -1.6453245906048808
-0.05026935491196839 0.42966129352026466 -1.6465755749325581
-0.025134677455984196 0.4247475145957219 -1.6478265592602355
0.0 0.4198337356711791 -1.6490775435879128
-0.9802524207833829 0.6166542462674982 -1.6206481368281007
-0.9551177433273987 0.6117404673429554 -1.621899121155778
-0.9299830658714145 0.6068266884184126 -1.6231501054834554
-0.9048483884154305 0.6019129094938699 -1.6244010898111327
-0.8797137109594463 0.5969991305693271 -1.62565207413881
-0.8545790335034621 0.5920853516447843 -1.6269030584664872
-0.8294443560474779 0.5871715727202415 -1.6281540427941645
-0.8043096785914936 0.5822577937956986 -1.6294050271218419
-0.7791750011355095 0.5773440148711559 -1.6306560114495192
-0.7540403236795253 0.5724302359466131 -1.6319069957771966
-0.7289056462235411 0.5675164570220703 -1.633157980104874
-0.703770968767557 0.5626026780975275 -1.6344089644325512
-0.6786362913115728 0.5576888991729847 -1.6356599487602286
-0.6535016138555887 0.552775120248442 -1.636910933087906
-0.6283669363996044 0.5478613413238992 -1.6381619174155833
-0.6032322589436203 0.5429475623993564 -1.6394129017432606
-0.5780975814876361 0.5380337834748136 -1.640663886070938
-0.5529629040316519 0.5331200045502708 -1.6419148703986153
-0.5278282265756679 0.528206225625728 -1.6431658547262926
-0.5026935491196836 0.5232924467011852 -1.64441683905397
-0.4775588716636994 0.5183786677766424 -1.6456678233816473
-0.45242419420771524 0.5134648888520996 -1.6469188077093246
-0.42728951675173105 0.5085511099275568 -1.648169792037002
-0.4021548392957468 0.5036373310030141 -1.6494207763646793
-0.3770201618397626 0.4987235520784713 -1.6506717606923567
-0.35188548438377854 0.4938097731539285 -1.651922745020034
-0.32675080692779435 0.48889599422938573 -1.6531737293477113
-0.30161612947181016 0.4839822153048429 -1.6544247136753885
-0.27648145201582597 0.4790684363803001 -1.6556756980030658
-0.2513467745598418 0.47415465745575736 -1.6569266823307431
-0.22621209710385767 0.46924087853121454 -1.6581776666584205
-0.20107741964787346 0.4643270996066718 -1.6594286509860978
-0.17594274219188927 0.459413320682129 -1.6606796353137752
-0.15080806473590508 0.45449954175758617 -1.6619306196414525
-0.1256733872799209 0.4495857628330434 -1.6631816039691298
-0.10053870982393678 0.4446719839085006 -1.6644325882968072
-0.0754040323679526 0.43975820498395785 -1.6656835726244845
-0.05026935491196839 0.43484442605941503 -1.6669345569521619
-0.025134677455984196 0.4299306471348722 -1.6681855412798392
0.0 0.42501686821032947 -1.6694365256075165
-0.9802524207833829 0.6218373788066486 -1.6410071188477047
-0.9551177433273987 0.6169235998821058 -1.642258103175382
-0.9299830658714145 0.612009820957563 -1.6435090875030594
-0.9048483884154305 0.6070960420330203 -1.6447600718307367
-0.8797137109594463 0.6021822631084774 -1.646011056158414
-0.8545790335034621 0.5972684841839346 -1.6472620404860914
-0.8294443560474779 0.5923547052593918 -1.6485130248137687
-0.8043096785914936 0.587440926334849 -1.649764009141446
-0.7791750011355095 0.5825271474103063 -1.6510149934691234
-0.7540403236795253 0.5776133684857635 -1.6522659777968007
-0.7289056462235411 0.5726995895612207 -1.6535169621244779
-0.703770968767557 0.5677858106366779 -1.6547679464521552
-0.6786362913115728 0.5628720317121351 -1.6560189307798325
-0.6535016138555887 0.5579582527875924 -1.6572699151075099
-0.6283669363996044 0.5530444738630496 -1.6585208994351872
-0.6032322589436203 0.5481306949385067 -1.6597718837628646
-0.5780975814876361 0.5432169160139639 -1.661022868090542
-0.5529629040316519 0.5383031370894212 -1.6622738524182192
-0.5278282265756679 0.5333893581648784 -1.6635248367458966
-0.5026935491196836 0.5284755792403356 -1.664775821073574
-0.4775588716636994 0.5235618003157928 -1.6660268054012513
-0.45242419420771524 0.51864802139125 -1.6672777897289286
-0.42728951675173105 0.5137342424667073 -1.668528774056606
-0.4021548392957468 0.5088204635421645 -1.6697797583842833
-0.3770201618397626 0.5039066846176217 -1.6710307427119606
-0.35188548438377854 0.4989929056930789 -1.672281727039638
-0.32675080692779435 0.4940791267685361 -1.6735327113673153
-0.30161612947181016 0.4891653478439933 -1.6747836956949926
-0.27648145201582597 0.48425156891945054 -1.67603468002267
-0.2513467745598418 0.4793377899949077 -1.6772856643503473
-0.22621209710385767 0.47442401107036497 -1.6785366486780247
-0.20107741964787346 0.46951023214582216 -1.6797876330057018
-0.17594274219188927 0.46459645322127935 -1.6810386173333791
-0.15080806473590508 0.4596826742967366 -1.6822896016610565
-0.1256733872799209 0.4547688953721938 -1.6835405859887338
-0.10053870982393678 0.449855116447651 -1.6847915703164111
-0.0754040323679526 0.4449413375231082 -1.6860425546440885
-0.05026935491196839 0.4400275585985654 -1.6872935389717658
-0.025134677455984196 0.43511377967402265 -1.6885445232994432
0.0 0.43020000074947984 -1.6897955076271205
-0.9802524207833829 0.627020511345799 -1.6613661008673084
-0.9551177433273987 0.6221067324212561 -1.6626170851949857
-0.9299830658714145 0.6171929534967133 -1.663868069522663
-0.9048483884154305 0.6122791745721706 -1.6651190538503404
-0.8797137109594463 0.6073653956476278 -1.6663700381780178
-0.8545790335034621 0.602451616723085 -1.667621022505695
-0.8294443560474779 0.5975378377985422 -1.6688720068333724
-0.8043096785914936 0.5926240588739994 -1.6701229911610498
-0.7791750011355095 0.5877102799494567 -1.6713739754887271
-0.7540403236795253 0.5827965010249139 -1.6726249598164045
-0.7289056462235411 0.5778827221003711 -1.6738759441440818
-0.703770968767557 0.5729689431758282 -1.6751269284717591
-0.6786362913115728 0.5680551642512854 -1.6763779127994365
-0.6535016138555887 0.5631413853267427 -1.6776288971271138
-0.6283669363996044 0.5582276064021999 -1.6788798814547912
-0.6032322589436203 0.5533138274776571 -1.6801308657824683
-0.5780975814876361 0.5484000485531143 -1.6813818501101456
-0.5529629040316519 0.5434862696285715 -1.682632834437823
-0.5278282265756679 0.5385724907040288 -1.6838838187655003
-0.5026935491196836 0.533658711779486 -1.6851348030931776
-0.4775588716636994 0.5287449328549432 -1.686385787420855
-0.45242419420771524 0.5238311539304004 -1.6876367717485323
-0.42728951675173105 0.5189173750058576 -1.6888877560762097
-0.4021548392957468 0.5140035960813147 -1.690138740403887
-0.3770201618397626 0.509089817156772 -1.6913897247315643
-0.35188548438377854 0.5041760382322292 -1.6926407090592417
-0.32675080692779435 0.4992622593076864 -1.693891693386919
-0.30161612947181016 0.49434848038314366 -1.6951426777145964
-0.27648145201582597 0.48943470145860085 -1.6963936620422737
-0.2513467745598418 0.48452092253405804 -1.697644646369951
-0.22621209710385767 0.4796071436095153 -1.6988956306976284
-0.20107741964787346 0.4746933646849725 -1.7001466150253057
-0.17594274219188927 0.4697795857604297 -1.701397599352983
-0.15080806473590508 0.4648658068358869 -1.7026485836806604
-0.1256733872799209 0.4599520279113441 -1.7038995680083378
-0.10053870982393678 0.45503824898680134 -1.705150552336015
-0.0754040323679526 0.45012447006225853 -1.7064015366636924
-0.05026935491196839 0.4452106911377158 -1.7076525209913695
-0.025134677455984196 0.44029691221317296 -1.708903505319047
0.0 0.43538313328863015 -1.7101544896467242
-0.9802524207833829 0.6322036438849493 -1.6817250828869121
-0.9551177433273987 0.6272898649604065 -1.6829760672145895
-0.9299830658714145 0.6223760860358637 -1.6842270515422668
-0.9048483884154305 0.6174623071113209 -1.6854780358699442
-0.8797137109594463 0.6125485281867781 -1.6867290201976215
-0.8545790335034621 0.6076347492622354 -1.6879800045252988
-0.8294443560474779 0.6027209703376926 -1.6892309888529762
-0.8043096785914936 0.5978071914131498 -1.6904819731806535
-0.7791750011355095 0.5928934124886069 -1.6917329575083309
-0.7540403236795253 0.5879796335640641 -1.6929839418360082
-0.7289056462235411 0.5830658546395214 -1.6942349261636855
-0.703770968767557 0.5781520757149786 -1.6954859104913629
-0.6786362913115728 0.5732382967904358 -1.6967368948190402
-0.6535016138555887 0.568324517865893 -1.6979878791467176
-0.6283669363996044 0.5634107389413502 -1.699238863474395
-0.6032322589436203 0.5584969600168075 -1.7004898478020722
-0.5780975814876361 0.5535831810922647 -1.7017408321297496
-0.5529629040316519 0.5486694021677219 -1.702991816457427
-0.5278282265756679 0.543755623243179 -1.7042428007851043
-0.5026935491196836 0.5388418443186362 -1.7054937851127816
-0.4775588716636994 0.5339280653940935 -1.7067447694404587
-0.45242419420771524 0.5290142864695507 -1.707995753768136
-0.42728951675173105 0.5241005075450079 -1.7092467380958134
-0.4021548392957468 0.5191867286204651 -1.7104977224234907
-0.3770201618397626 0.5142729496959223 -1.711748706751168
-0.35188548438377854 0.5093591707713796 -1.7129996910788454
-0.32675080692779435 0.5044453918468368 -1.7142506754065228
-0.30161612947181016 0.499531612922294 -1.7155016597342
-0.27648145201582597 0.4946178339977512 -1.7167526440618774
-0.2513467745598418 0.4897040550732084 -1.7180036283895548
-0.22621209710385767 0.48479027614866566 -1.7192546127172321
-0.20107741964787346 0.47987649722412284 -1.7205055970449095
-0.17594274219188927 0.47496271829958003 -1.7217565813725868
-0.15080806473590508 0.4700489393750373 -1.7230075657002641
-0.1256733872799209 0.46513516045049447 -1.7242585500279415
-0.10053870982393678 0.4602213815259517 -1.7255095343556188
-0.0754040323679526 0.4553076026014089 -1.7267605186832962
-0.05026935491196839 0.4503938236768661 -1.7280115030109735
-0.025134677455984196 0.44548004475232333 -1.7292624873386508
0.0 0.4405662658277805 -1.7305134716663282
-0.9802524207833829 0.6373867764240997 -1.7020840649065163
-0.9551177433273987 0.6324729974995569 -1.7033350492341937
-0.9299830658714145 0.6275592185750141 -1.704586033561871
-0.9048483884154305 0.6226454396504714 -1.7058370178895481
-0.8797137109594463 0.6177316607259286 -1.7070880022172255
-0.8545790335034621 0.6128178818013857 -1.7083389865449028
-0.8294443560474779 0.6079041028768429 -1.7095899708725801
-0.8043096785914936 0.6029903239523001 -1.7108409552002575
-0.7791750011355095 0.5980765450277574 -1.7120919395279348
-0.7540403236795253 0.5931627661032146 -1.7133429238556122
-0.7289056462235411 0.5882489871786718 -1.7145939081832895
-0.703770968767557 0.583335208254129 -1.7158448925109668
-0.6786362913115728 0.5784214293295862 -1.7170958768386442
-0.6535016138555887 0.5735076504050435 -1.7183468611663215
-0.6283669363996044 0.5685938714805007 -1.7195978454939989
-0.6032322589436203 0.5636800925559579 -1.7208488298216762
-0.5780975814876361 0.558766313631415 -1.7220998141493535
-0.5529629040316519 0.5538525347068722 -1.7233507984770309
-0.5278282265756679 0.5489387557823295 -1.7246017828047082
-0.5026935491196836 0.5440249768577867 -1.7258527671323856
-0.4775588716636994 0.5391111979332439 -1.727103751460063
-0.45242419420771524 0.5341974190087011 -1.7283547357877402
-0.42728951675173105 0.5292836400841583 -1.7296057201154176
-0.4021548392957468 0.5243698611596155 -1.730856704443095
-0.3770201618397626 0.5194560822350728 -1.7321076887707723
-0.35188548438377854 0.51454230331053 -1.7333586730984494
-0.32675080692779435 0.5096285243859872 -1.7346096574261267
-0.30161612947181016 0.5047147454614443 -1.735860641753804
-0.27648145201582597 0.4998009665369016 -1.7371116260814814
-0.2513467745598418 0.4948871876123588 -1.7383626104091587
-0.22621209710385767 0.489973408687816 -1.739613594736836
-0.20107741964787346 0.4850596297632732 -1.7408645790645134
-0.17594274219188927 0.48014585083873046 -1.7421155633921908
-0.15080806473590508 0.47523207191418765 -1.743366547719868
-0.1256733872799209 0.47031829298964484 -1.7446175320475454
-0.10053870982393678 0.4654045140651021 -1.7458685163752228
-0.0754040323679526 0.46049073514055927 -1.7471195007029001
-0.05026935491196839 0.4555769562160165 -1.7483704850305775
-0.025134677455984196 0.4506631772914737 -1.7496214693582548
0.0 0.4457493983669309 -1.7508724536859321
-0.9802524207833829 0.6425699089632501 -1.72244304692612
-0.9551177433273987 0.6376561300387072 -1.7236940312537974
-0.9299830658714145 0.6327423511141644 -1.7249450155814747
-0.9048483884154305 0.6278285721896216 -1.726195999909152
-0.8797137109594463 0.6229147932650788 -1.7274469842368294
-0.8545790335034621 0.6180010143405361 -1.7286979685645067
-0.8294443560474779 0.6130872354159933 -1.729948952892184
-0.8043096785914936 0.6081734564914505 -1.7311999372198614
-0.7791750011355095 0.6032596775669077 -1.7324509215475385
-0.7540403236795253 0.5983458986423649 -1.7337019058752159
-0.7289056462235411 0.5934321197178222 -1.7349528902028932
-0.703770968767557 0.5885183407932794 -1.7362038745305706
-0.6786362913115728 0.5836045618687365 -1.737454858858248
-0.6535016138555887 0.5786907829441937 -1.7387058431859252
-0.6283669363996044 0.5737770040196509 -1.7399568275136026
-0.6032322589436203 0.5688632250951082 -1.74120781184128
-0.5780975814876361 0.5639494461705654 -1.7424587961689573
-0.5529629040316519 0.5590356672460226 -1.7437097804966346
-0.5278282265756679 0.5541218883214798 -1.744960764824312
-0.5026935491196836 0.549208109396937 -1.7462117491519893
-0.4775588716636994 0.5442943304723943 -1.7474627334796666
-0.45242419420771524 0.5393805515478515 -1.748713717807344
-0.42728951675173105 0.5344667726233087 -1.7499647021350213
-0.4021548392957468 0.5295529936987659 -1.7512156864626987
-0.3770201618397626 0.524639214774223 -1.752466670790376
-0.35188548438377854 0.5197254358496803 -1.7537176551180533
-0.32675080692779435 0.5148116569251375 -1.7549686394457307
-0.30161612947181016 0.5098978780005947 -1.756219623773408
-0.27648145201582597 0.5049840990760519 -1.7574706081010854
-0.2513467745598418 0.5000703201515091 -1.7587215924287627
-0.22621209710385767 0.49515654122696634 -1.7599725767564398
-0.20107741964787346 0.4902427623024236 -1.7612235610841172
-0.17594274219188927 0.4853289833778808 -1.7624745454117945
-0.15080806473590508 0.48041520445333796 -1.7637255297394718
-0.1256733872799209 0.4755014255287952 -1.7649765140671492
-0.10053870982393678 0.47058764660425245 -1.7662274983948265
-0.0754040323679526 0.46567386767970964 -1.7674784827225039
-0.05026935491196839 0.46076008875516683 -1.7687294670501812
-0.025134677455984196 0.4558463098306241 -1.7699804513778585
0.0 0.45093253090608126 -1.7712314357055359
-0.9802524207833829 0.6477530415024003 -1.7428020289457238
-0.9551177433273987 0.6428392625778576 -1.7440530132734011
-0.9299830658714145 0.6379254836533148 -1.7453039976010785
-0.9048483884154305 0.633011704728772 -1.7465549819287558
-0.8797137109594463 0.6280979258042292 -1.7478059662564331
-0.8545790335034621 0.6231841468796864 -1.7490569505841105
-0.8294443560474779 0.6182703679551437 -1.7503079349117878
-0.8043096785914936 0.6133565890306009 -1.7515589192394652
-0.7791750011355095 0.608442810106058 -1.7528099035671425
-0.7540403236795253 0.6035290311815152 -1.7540608878948198
-0.7289056462235411 0.5986152522569724 -1.7553118722224972
-0.703770968767557 0.5937014733324297 -1.7565628565501745
-0.6786362913115728 0.5887876944078869 -1.7578138408778519
-0.6535016138555887 0.5838739154833441 -1.759064825205529
-0.6283669363996044 0.5789601365588013 -1.7603158095332063
-0.6032322589436203 0.5740463576342585 -1.7615667938608837
-0.5780975814876361 0.5691325787097158 -1.762817778188561
-0.5529629040316519 0.564218799785173 -1.7640687625162383
-0.5278282265756679 0.5593050208606302 -1.7653197468439157
-0.5026935491196836 0.5543912419360874 -1.766570731171593
-0.4775588716636994 0.5494774630115445 -1.7678217154992704
-0.45242419420771524 0.5445636840870018 -1.7690726998269477
-0.42728951675173105 0.539649905162459 -1.770323684154625
-0.4021548392957468 0.5347361262379162 -1.7715746684823024
-0.3770201618397626 0.5298223473133734 -1.7728256528099797
-0.35188548438377854 0.5249085683888307 -1.774076637137657
-0.32675080692779435 0.5199947894642879 -1.7753276214653344
-0.30161612947181016 0.5150810105397451 -1.7765786057930117
-0.27648145201582597 0.5101672316152023 -1.777829590120689
-0.2513467745598418 0.5052534526906595 -1.7790805744483664
-0.22621209710385767 0.5003396737661167 -1.7803315587760438
-0.20107741964787346 0.4954258948415739 -1.781582543103721
-0.17594274219188927 0.49051211591703114 -1.7828335274313984
-0.15080806473590508 0.48559833699248833 -1.7840845117590758
-0.1256733872799209 0.4806845580679455 -1.7853354960867531
-0.10053870982393678 0.47577077914340277 -1.7865864804144302
-0.0754040323679526 0.47085700021885996 -1.7878374647421076
-0.05026935491196839 0.4659432212943172 -1.789088449069785
-0.025134677455984196 0.4610294423697744 -1.7903394333974623
0.0 0.4561156634452316 -1.7915904177251396
-0.9802524207833829 0.6529361740415508 -1.7631610109653277
-0.9551177433273987 0.648022395117008 -1.764411995293005
-0.9299830658714145 0.6431086161924652 -1.7656629796206824
-0.9048483884154305 0.6381948372679224 -1.7669139639483598
-0.8797137109594463 0.6332810583433796 -1.768164948276037
-0.8545790335034621 0.6283672794188369 -1.7694159326037144
-0.8294443560474779 0.623453500494294 -1.7706669169313918
-0.8043096785914936 0.6185397215697512 -1.7719179012590691
-0.7791750011355095 0.6136259426452084 -1.7731688855867465
-0.7540403236795253 0.6087121637206656 -1.7744198699144238
-0.7289056462235411 0.6037983847961229 -1.7756708542421011
-0.703770968767557 0.5988846058715801 -1.7769218385697785
-0.6786362913115728 0.5939708269470373 -1.7781728228974558
-0.6535016138555887 0.5890570480224945 -1.7794238072251332
-0.6283669363996044 0.5841432690979517 -1.7806747915528105
-0.6032322589436203 0.579229490173409 -1.7819257758804878
-0.5780975814876361 0.5743157112488662 -1.7831767602081652
-0.5529629040316519 0.5694019323243233 -1.7844277445358425
-0.5278282265756679 0.5644881533997805 -1.7856787288635196
-0.5026935491196836 0.5595743744752377 -1.786929713191197
-0.4775588716636994 0.554660595550695 -1.7881806975188743
-0.45242419420771524 0.5497468166261522 -1.7894316818465517
-0.42728951675173105 0.5448330377016094 -1.790682666174229
-0.4021548392957468 0.5399192587770666 -1.7919336505019063
-0.3770201618397626 0.5350054798525238 -1.7931846348295837
-0.35188548438377854 0.5300917009279811 -1.794435619157261
-0.32675080692779435 0.5251779220034383 -1.7956866034849384
-0.30161612947181016 0.5202641430788955 -1.7969375878126157
-0.27648145201582597 0.5153503641543526 -1.798188572140293
-0.2513467745598418 0.5104365852298098 -1.7994395564679704
-0.22621209710385767 0.5055228063052671 -1.8006905407956477
-0.20107741964787346 0.5006090273807243 -1.801941525123325
-0.17594274219188927 0.4956952484561815 -1.8031925094510024
-0.15080806473590508 0.4907814695316387 -1.8044434937786797
-0.1256733872799209 0.48586769060709595 -1.805694478106357
-0.10053870982393678 0.48095391168255314 -1.8069454624340344
-0.0754040323679526 0.4760401327580104 -1.8081964467617118
-0.05026935491196839 0.47112635383346757 -1.809447431089389
-0.025134677455984196 0.46621257490892476 -1.8106984154170664
0.0 0.461298795984382 -1.8119493997447438
-0.9802524207833829 0.6581193065807011 -1.7835199929849317
-0.9551177433273987 0.6532055276561584 -1.784770977312609
-0.9299830658714145 0.6482917487316155 -1.7860219616402861
-0.9048483884154305 0.6433779698070727 -1.7872729459679635
-0.8797137109594463 0.6384641908825299 -1.7885239302956408
-0.8545790335034621 0.6335504119579871 -1.7897749146233182
-0.8294443560474779 0.6286366330334444 -1.7910258989509955
-0.8043096785914936 0.6237228541089016 -1.7922768832786728
-0.7791750011355095 0.6188090751843588 -1.7935278676063502
-0.7540403236795253 0.613895296259816 -1.7947788519340275
-0.7289056462235411 0.6089815173352732 -1.7960298362617049
-0.703770968767557 0.6040677384107305 -1.7972808205893822
-0.6786362913115728 0.5991539594861877 -1.7985318049170596
-0.6535016138555887 0.5942401805616448 -1.799782789244737
-0.6283669363996044 0.589326401637102 -1.8010337735724142
-0.6032322589436203 0.5844126227125592 -1.8022847579000916
-0.5780975814876361 0.5794988437880165 -1.803535742227769
-0.5529629040316519 0.5745850648634737 -1.8047867265554463
-0.5278282265756679 0.5696712859389309 -1.8060377108831236
-0.5026935491196836 0.5647575070143881 -1.807288695210801
-0.4775588716636994 0.5598437280898453 -1.8085396795384783
-0.45242419420771524 0.5549299491653026 -1.8097906638661556
-0.42728951675173105 0.5500161702407598 -1.811041648193833
-0.4021548392957468 0.545102391316217 -1.8122926325215103
-0.3770201618397626 0.5401886123916742 -1.8135436168491874
-0.35188548438377854 0.5352748334671313 -1.8147946011768648
-0.32675080692779435 0.5303610545425886 -1.816045585504542
-0.30161612947181016 0.5254472756180458 -1.8172965698322194
-0.27648145201582597 0.520533496693503 -1.8185475541598968
-0.2513467745598418 0.5156197177689602 -1.8197985384875741
-0.22621209710385767 0.5107059388444174 -1.8210495228152515
-0.20107741964787346 0.5057921599198747 -1.8223005071429288
-0.17594274219188927 0.5008783809953319 -1.8235514914706061
-0.15080806473590508 0.4959646020707891 -1.8248024757982835
-0.1256733872799209 0.49105082314624626 -1.8260534601259608
-0.10053870982393678 0.4861370442217035 -1.8273044444536382
-0.0754040323679526 0.4812232652971607 -1.8285554287813155
-0.05026935491196839 0.47630948637261794 -1.8298064131089928
-0.025134677455984196 0.47139570744807513 -1.8310573974366702
0.0 0.4664819285235323 -1.8323083817643475
-0.9802524207833829 0.6633024391198514 -1.8038789750045354
-0.9551177433273987 0.6583886601953086 -1.8051299593322128
-0.9299830658714145 0.6534748812707658 -1.80638094365989
-0.9048483884154305 0.6485611023462231 -1.8076319279875674
-0.8797137109594463 0.6436473234216803 -1.8088829123152448
-0.8545790335034621 0.6387335444971375 -1.8101338966429221
-0.8294443560474779 0.6338197655725947 -1.8113848809705995
-0.8043096785914936 0.6289059866480519 -1.8126358652982766
-0.7791750011355095 0.6239922077235092 -1.813886849625954
-0.7540403236795253 0.6190784287989664 -1.8151378339536313
-0.7289056462235411 0.6141646498744235 -1.8163888182813086
-0.703770968767557 0.6092508709498807 -1.817639802608986
-0.6786362913115728 0.6043370920253379 -1.8188907869366633
-0.6535016138555887 0.5994233131007952 -1.8201417712643406
-0.6283669363996044 0.5945095341762524 -1.821392755592018
-0.6032322589436203 0.5895957552517096 -1.8226437399196953
-0.5780975814876361 0.5846819763271668 -1.8238947242473726
-0.5529629040316519 0.579768197402624 -1.82514570857505
-0.5278282265756679 0.5748544184780813 -1.8263966929027273
-0.5026935491196836 0.5699406395535385 -1.8276476772304047
-0.4775588716636994 0.5650268606289957 -1.828898661558082
-0.45242419420771524 0.5601130817044528 -1.8301496458857593
-0.42728951675173105 0.55519930277991 -1.8314006302134367
-0.4021548392957468 0.5502855238553673 -1.832651614541114
-0.3770201618397626 0.5453717449308245 -1.8339025988687914
-0.35188548438377854 0.5404579660062817 -1.8351535831964687
-0.32675080692779435 0.5355441870817389 -1.836404567524146
-0.30161612947181016 0.5306304081571961 -1.8376555518518234
-0.27648145201582597 0.5257166292326534 -1.8389065361795007
-0.2513467745598418 0.5208028503081106 -1.8401575205071778
-0.22621209710385767 0.5158890713835678 -1.8414085048348552
-0.20107741964787346 0.510975292459025 -1.8426594891625325
-0.17594274219188927 0.5060615135344823 -1.8439104734902099
-0.15080806473590508 0.5011477346099394 -1.8451614578178872
-0.1256733872799209 0.49623395568539663 -1.8464124421455645
-0.10053870982393678 0.4913201767608538 -1.8476634264732419
-0.0754040323679526 0.48640639783631107 -1.8489144108009192
-0.05026935491196839 0.48149261891176826 -1.8501653951285966
-0.025134677455984196 0.47657883998722544 -1.851416379456274
0.0 0.4716650610626827 -1.8526673637839512
-0.9802524207833829 0.6684855716590018 -1.8242379570241394
-0.9551177433273987 0.6635717927344591 -1.8254889413518167
-0.9299830658714145 0.6586580138099163 -1.826739925679494
-0.9048483884154305 0.6537442348853735 -1.8279909100071714
-0.8797137109594463 0.6488304559608307 -1.8292418943348487
-0.8545790335034621 0.6439166770362879 -1.830492878662526
-0.8294443560474779 0.6390028981117452 -1.8317438629902034
-0.8043096785914936 0.6340891191872023 -1.8329948473178808
-0.7791750011355095 0.6291753402626595 -1.834245831645558
-0.7540403236795253 0.6242615613381167 -1.8354968159732354
-0.7289056462235411 0.6193477824135739 -1.8367478003009128
-0.703770968767557 0.6144340034890312 -1.8379987846285901
-0.6786362913115728 0.6095202245644884 -1.8392497689562672
-0.6535016138555887 0.6046064456399456 -1.8405007532839446
-0.6283669363996044 0.5996926667154028 -1.841751737611622
-0.6032322589436203 0.59477888779086 -1.8430027219392993
-0.5780975814876361 0.5898651088663173 -1.8442537062669766
-0.5529629040316519 0.5849513299417745 -1.845504690594654
-0.5278282265756679 0.5800375510172316 -1.8467556749223313
-0.5026935491196836 0.5751237720926888 -1.8480066592500086
-0.4775588716636994 0.570209993168146 -1.849257643577686
-0.45242419420771524 0.5652962142436033 -1.8505086279053633
-0.42728951675173105 0.5603824353190605 -1.8517596122330406
-0.4021548392957468 0.5554686563945177 -1.853010596560718
-0.3770201618397626 0.5505548774699749 -1.8542615808883953
-0.35188548438377854 0.5456410985454321 -1.8555125652160727
-0.32675080692779435 0.5407273196208894 -1.85676354954375
-0.30161612947181016 0.5358135406963466 -1.8580145338714273
-0.27648145201582597 0.5308997617718038 -1.8592655181991047
-0.2513467745598418 0.525985982847261 -1.860516502526782
-0.22621209710385767 0.5210722039227181 -1.8617674868544594
-0.20107741964787346 0.5161584249981754 -1.8630184711821367
-0.17594274219188927 0.5112446460736326 -1.864269455509814
-0.15080806473590508 0.5063308671490898 -1.8655204398374914
-0.1256733872799209 0.501417088224547 -1.8667714241651685
-0.10053870982393678 0.49650330930000425 -1.8680224084928458
-0.0754040323679526 0.49158953037546144 -1.8692733928205232
-0.05026935491196839 0.4866757514509186 -1.8705243771482005
-0.025134677455984196 0.48176197252637587 -1.8717753614758779
0.0 0.47684819360183306 -1.8730263458035552
-0.9802524207833829 0.6736687041981522 -1.8445969390437431
-0.9551177433273987 0.6687549252736094 -1.8458479233714205
-0.9299830658714145 0.6638411463490665 -1.8470989076990978
-0.9048483884154305 0.6589273674245238 -1.8483498920267751
-0.8797137109594463 0.654013588499981 -1.8496008763544525
-0.8545790335034621 0.6490998095754382 -1.8508518606821298
-0.8294443560474779 0.6441860306508954 -1.8521028450098072
-0.8043096785914936 0.6392722517263526 -1.8533538293374845
-0.7791750011355095 0.6343584728018099 -1.8546048136651618
-0.7540403236795253 0.6294446938772671 -1.8558557979928392
-0.7289056462235411 0.6245309149527243 -1.8571067823205165
-0.703770968767557 0.6196171360281815 -1.8583577666481939
-0.6786362913115728 0.6147033571036387 -1.8596087509758712
-0.6535016138555887 0.609789578179096 -1.8608597353035485
-0.6283669363996044 0.6048757992545531 -1.8621107196312259
-0.6032322589436203 0.5999620203300103 -1.8633617039589032
-0.5780975814876361 0.5950482414054675 -1.8646126882865806
-0.5529629040316519 0.5901344624809247 -1.8658636726142577
-0.5278282265756679 0.585220683556382 -1.867114656941935
-0.5026935491196836 0.5803069046318392 -1.8683656412696124
-0.4775588716636994 0.5753931257072964 -1.8696166255972897
-0.45242419420771524 0.5704793467827536 -1.870867609924967
-0.42728951675173105 0.5655655678582108 -1.8721185942526444
-0.4021548392957468 0.5606517889336681 -1.8733695785803217
-0.3770201618397626 0.5557380100091253 -1.874620562907999
-0.35188548438377854 0.5508242310845824 -1.8758715472356764
-0.32675080692779435 0.5459104521600396 -1.8771225315633537
-0.30161612947181016 0.5409966732354968 -1.878373515891031
-0.27648145201582597 0.5360828943109541 -1.8796245002187084
-0.2513467745598418 0.5311691153864113 -1.8808754845463858
-0.22621209710385767 0.5262553364618685 -1.882126468874063
-0.20107741964787346 0.5213415575373257 -1.8833774532017404
-0.17594274219188927 0.5164277786127829 -1.8846284375294178
-0.15080806473590508 0.5115139996882402 -1.8858794218570951
-0.1256733872799209 0.5066002207636974 -1.8871304061847725
-0.10053870982393678 0.5016864418391546 -1.8883813905124498
-0.0754040323679526 0.4967726629146118 -1.8896323748401271
-0.05026935491196839 0.491858883990069 -1.8908833591678045
-0.025134677455984196 0.4869451050655262 -1.8921343434954818
0.0 0.48203132614098343 -1.893385327823159
-0.9802524207833829 0.6788518367373025 -1.8649559210633468
-0.9551177433273987 0.6739380578127597 -1.8662069053910242
-0.9299830658714145 0.6690242788882169 -1.8674578897187015
-0.9048483884154305 0.6641104999636742 -1.8687088740463789
-0.8797137109594463 0.6591967210391314 -1.8699598583740562
-0.8545790335034621 0.6542829421145886 -1.8712108427017335
-0.8294443560474779 0.6493691631900458 -1.8724618270294109
-0.8043096785914936 0.644455384265503 -1.8737128113570882
-0.7791750011355095 0.6395416053409603 -1.8749637956847656
-0.7540403236795253 0.6346278264164175 -1.876214780012443
-0.7289056462235411 0.6297140474918747 -1.8774657643401202
-0.703770968767557 0.6248002685673318 -1.8787167486677976
-0.6786362913115728 0.619886489642789 -1.879967732995475
-0.6535016138555887 0.6149727107182463 -1.8812187173231523
-0.6283669363996044 0.6100589317937034 -1.8824697016508296
-0.6032322589436203 0.6051451528691607 -1.883720685978507
-0.5780975814876361 0.6002313739446179 -1.8849716703061843
-0.5529629040316519 0.5953175950200751 -1.8862226546338616
-0.5278282265756679 0.5904038160955324 -1.887473638961539
-0.5026935491196836 0.5854900371709896 -1.8887246232892163
-0.4775588716636994 0.5805762582464468 -1.8899756076168936
-0.45242419420771524 0.575662479321904 -1.891226591944571
-0.42728951675173105 0.5707487003973611 -1.892477576272248
-0.4021548392957468 0.5658349214728183 -1.8937285605999254
-0.3770201618397626 0.5609211425482756 -1.8949795449276028
-0.35188548438377854 0.5560073636237328 -1.8962305292552801
-0.32675080692779435 0.55109358469919 -1.8974815135829575
-0.30161612947181016 0.5461798057746472 -1.8987324979106348
-0.27648145201582597 0.5412660268501044 -1.8999834822383121
-0.2513467745598418 0.5363522479255617 -1.9012344665659895
-0.22621209710385767 0.5314384690010189 -1.9024854508936668
-0.20107741964787346 0.5265246900764761 -1.9037364352213442
-0.17594274219188927 0.5216109111519333 -1.9049874195490215
-0.15080806473590508 0.5166971322273904 -1.9062384038766989
-0.1256733872799209 0.5117833533028477 -1.9074893882043762
-0.10053870982393678 0.5068695743783049 -1.9087403725320535
-0.0754040323679526 0.5019557954537621 -1.9099913568597309
-0.05026935491196839 0.4970420165292193 -1.9112423411874082
-0.025134677455984196 0.49212823760467655 -1.9124933255150856
0.0 0.48721445868013374 -1.913744309842763
-0.9802524207833829 0.6840349692764529 -1.885314903082951
-0.9551177433273987 0.6791211903519101 -1.8865658874106284
-0.9299830658714145 0.6742074114273673 -1.8878168717383057
-0.9048483884154305 0.6692936325028246 -1.889067856065983
-0.8797137109594463 0.6643798535782818 -1.8903188403936604
-0.8545790335034621 0.659466074653739 -1.8915698247213375
-0.8294443560474779 0.6545522957291962 -1.8928208090490148
-0.8043096785914936 0.6496385168046533 -1.8940717933766922
-0.7791750011355095 0.6447247378801106 -1.8953227777043695
-0.7540403236795253 0.6398109589555678 -1.8965737620320469
-0.7289056462235411 0.634897180031025 -1.8978247463597242
-0.703770968767557 0.6299834011064822 -1.8990757306874015
-0.6786362913115728 0.6250696221819394 -1.9003267150150789
-0.6535016138555887 0.6201558432573967 -1.9015776993427562
-0.6283669363996044 0.6152420643328539 -1.9028286836704336
-0.6032322589436203 0.6103282854083111 -1.904079667998111
-0.5780975814876361 0.6054145064837683 -1.9053306523257882
-0.5529629040316519 0.6005007275592255 -1.9065816366534656
-0.5278282265756679 0.5955869486346828 -1.907832620981143
-0.5026935491196836 0.59067316971014 -1.9090836053088203
-0.4775588716636994 0.5857593907855971 -1.9103345896364976
-0.45242419420771524 0.5808456118610543 -1.911585573964175
-0.42728951675173105 0.5759318329365115 -1.9128365582918523
-0.4021548392957468 0.5710180540119687 -1.9140875426195296
-0.3770201618397626 0.566104275087426 -1.915338526947207
-0.35188548438377854 0.5611904961628832 -1.9165895112748843
-0.32675080692779435 0.5562767172383404 -1.9178404956025614
-0.30161612947181016 0.5513629383137976 -1.9190914799302388
-0.27648145201582597 0.5464491593892549 -1.920342464257916
-0.2513467745598418 0.5415353804647121 -1.9215934485855934
-0.22621209710385767 0.5366216015401692 -1.9228444329132708
-0.20107741964787346 0.5317078226156264 -1.9240954172409481
-0.17594274219188927 0.5267940436910836 -1.9253464015686255
-0.15080806473590508 0.5218802647665409 -1.9265973858963028
-0.1256733872799209 0.5169664858419981 -1.9278483702239801
-0.10053870982393678 0.5120527069174553 -1.9290993545516575
-0.0754040323679526 0.5071389279929125 -1.9303503388793348
-0.05026935491196839 0.5022251490683697 -1.9316013232070122
-0.025134677455984196 0.4973113701438269 -1.9328523075346895
0.0 0.4923975912192841 -1.9341032918623668
-0.9802524207833829 0.6892181018156032 -1.9056738851025545
-0.9551177433273987 0.6843043228910604 -1.9069248694302319
-0.9299830658714145 0.6793905439665175 -1.9081758537579092
-0.9048483884154305 0.6744767650419748 -1.9094268380855866
-0.8797137109594463 0.669562986117432 -1.910677822413264
-0.8545790335034621 0.6646492071928892 -1.9119288067409412
-0.8294443560474779 0.6597354282683464 -1.9131797910686186
-0.8043096785914936 0.6548216493438036 -1.914430775396296
-0.7791750011355095 0.6499078704192609 -1.9156817597239733
-0.7540403236795253 0.6449940914947181 -1.9169327440516506
-0.7289056462235411 0.6400803125701753 -1.918183728379328
-0.703770968767557 0.6351665336456325 -1.919434712707005
-0.6786362913115728 0.6302527547210897 -1.9206856970346824
-0.6535016138555887 0.625338975796547 -1.9219366813623597
-0.6283669363996044 0.6204251968720041 -1.923187665690037
-0.6032322589436203 0.6155114179474613 -1.9244386500177144
-0.5780975814876361 0.6105976390229185 -1.9256896343453918
-0.5529629040316519 0.6056838600983758 -1.926940618673069
-0.5278282265756679 0.600770081173833 -1.9281916030007464
-0.5026935491196836 0.5958563022492902 -1.9294425873284238
-0.4775588716636994 0.5909425233247474 -1.9306935716561011
-0.45242419420771524 0.5860287444002046 -1.9319445559837785
-0.42728951675173105 0.5811149654756619 -1.9331955403114558
-0.4021548392957468 0.5762011865511191 -1.9344465246391331
-0.3770201618397626 0.5712874076265763 -1.9356975089668105
-0.35188548438377854 0.5663736287020334 -1.9369484932944878
-0.32675080692779435 0.5614598497774906 -1.9381994776221652
-0.30161612947181016 0.5565460708529479 -1.9394504619498425
-0.27648145201582597 0.5516322919284051 -1.9407014462775198
-0.2513467745598418 0.5467185130038623 -1.9419524306051972
-0.22621209710385767 0.5418047340793195 -1.9432034149328745
-0.20107741964787346 0.5368909551547767 -1.9444543992605519
-0.17594274219188927 0.531977176230234 -1.9457053835882292
-0.15080806473590508 0.5270633973056912 -1.9469563679159063
-0.1256733872799209 0.5221496183811484 -1.9482073522435837
-0.10053870982393678 0.5172358394566056 -1.949458336571261
-0.0754040323679526 0.5123220605320628 -1.9507093208989383
-0.05026935491196839 0.50740828160752 -1.9519603052266157
-0.025134677455984196 0.5024945026829772 -1.953211289554293
0.0 0.49758072375843443 -1.9544622738819704
-0.9802524207833829 0.6944012343547536 -1.9260328671221587
-0.9551177433273987 0.6894874554302108 -1.927283851449836
-0.9299830658714145 0.684573676505668 -1.9285348357775134
-0.9048483884154305 0.6796598975811253 -1.9297858201051907
-0.8797137109594463 0.6747461186565825 -1.931036804432868
-0.8545790335034621 0.6698323397320397 -1.9322877887605454
-0.8294443560474779 0.6649185608074969 -1.9335387730882228
-0.8043096785914936 0.6600047818829541 -1.9347897574159
-0.7791750011355095 0.6550910029584114 -1.9360407417435774
-0.7540403236795253 0.6501772240338686 -1.9372917260712548
-0.7289056462235411 0.6452634451093258 -1.9385427103989321
-0.703770968767557 0.640349666184783 -1.9397936947266095
-0.6786362913115728 0.6354358872602401 -1.9410446790542868
-0.6535016138555887 0.6305221083356974 -1.9422956633819641
-0.6283669363996044 0.6256083294111546 -1.9435466477096415
-0.6032322589436203 0.6206945504866118 -1.9447976320373186
-0.5780975814876361 0.615780771562069 -1.946048616364996
-0.5529629040316519 0.6108669926375262 -1.9472996006926733
-0.5278282265756679 0.6059532137129835 -1.9485505850203506
-0.5026935491196836 0.6010394347884407 -1.949801569348028
-0.4775588716636994 0.5961256558638979 -1.9510525536757053
-0.45242419420771524 0.5912118769393551 -1.9523035380033826
-0.42728951675173105 0.5862980980148123 -1.95355452233106
-0.4021548392957468 0.5813843190902694 -1.9548055066587373
-0.3770201618397626 0.5764705401657267 -1.9560564909864147
-0.35188548438377854 0.5715567612411839 -1.957307475314092
-0.32675080692779435 0.5666429823166411 -1.9585584596417693
-0.30161612947181016 0.5617292033920983 -1.9598094439694467
-0.27648145201582597 0.5568154244675556 -1.961060428297124
-0.2513467745598418 0.5519016455430128 -1.9623114126248014
-0.22621209710385767 0.54698786661847 -1.9635623969524787
-0.20107741964787346 0.5420740876939272 -1.964813381280156
-0.17594274219188927 0.5371603087693844 -1.9660643656078334
-0.15080806473590508 0.5322465298448417 -1.9673153499355107
-0.1256733872799209 0.5273327509202989 -1.968566334263188
-0.10053870982393678 0.522418971995756 -1.9698173185908654
-0.0754040323679526 0.5175051930712132 -1.9710683029185425
-0.05026935491196839 0.5125914141466704 -1.9723192872462199
-0.025134677455984196 0.5076776352221277 -1.9735702715738972
0.0 0.5027638562975849 -1.9748212559015745
-0.9802524207833829 0.699584366893904 -1.9463918491417624
-0.9551177433273987 0.6946705879693612 -1.9476428334694398
-0.9299830658714145 0.6897568090448184 -1.9488938177971171
-0.9048483884154305 0.6848430301202756 -1.9501448021247945
-0.8797137109594463 0.6799292511957328 -1.9513957864524718
-0.8545790335034621 0.6750154722711901 -1.9526467707801491
-0.8294443560474779 0.6701016933466473 -1.9538977551078265
-0.8043096785914936 0.6651879144221045 -1.9551487394355038
-0.7791750011355095 0.6602741354975616 -1.9563997237631812
-0.7540403236795253 0.6553603565730188 -1.9576507080908585
-0.7289056462235411 0.6504465776484761 -1.9589016924185358
-0.703770968767557 0.6455327987239333 -1.9601526767462132
-0.6786362913115728 0.6406190197993905 -1.9614036610738905
-0.6535016138555887 0.6357052408748477 -1.9626546454015679
-0.6283669363996044 0.6307914619503049 -1.9639056297292452
-0.6032322589436203 0.6258776830257622 -1.9651566140569225
-0.5780975814876361 0.6209639041012194 -1.9664075983845999
-0.5529629040316519 0.6160501251766766 -1.9676585827122772
-0.5278282265756679 0.6111363462521338 -1.9689095670399546
-0.5026935491196836 0.6062225673275909 -1.970160551367632
-0.4775588716636994 0.6013087884030482 -1.971411535695309
-0.45242419420771524 0.5963950094785054 -1.9726625200229864
-0.42728951675173105 0.5914812305539626 -1.9739135043506637
-0.4021548392957468 0.5865674516294198 -1.975164488678341
-0.3770201618397626 0.581653672704877 -1.9764154730060184
-0.35188548438377854 0.5767398937803343 -1.9776664573336957
-0.32675080692779435 0.5718261148557915 -1.978917441661373
-0.30161612947181016 0.5669123359312487 -1.9801684259890504
-0.27648145201582597 0.5619985570067059 -1.9814194103167277
-0.2513467745598418 0.5570847780821631 -1.982670394644405
-0.22621209710385767 0.5521709991576204 -1.9839213789720824
-0.20107741964787346 0.5472572202330775 -1.9851723632997598
-0.17594274219188927 0.5423434413085347 -1.986423347627437
-0.15080806473590508 0.5374296623839919 -1.9876743319551144
-0.1256733872799209 0.5325158834594491 -1.9889253162827918
-0.10053870982393678 0.5276021045349064 -1.9901763006104691
-0.0754040323679526 0.5226883256103636 -1.9914272849381465
-0.05026935491196839 0.5177745466858208 -1.9926782692658238
-0.025134677455984196 0.512860767761278 -1.9939292535935011
0.0 0.5079469888367352 -1.9951802379211785
-0.9802524207833829 0.7047674994330543 -1.9667508311613664
-0.9551177433273987 0.6998537205085116 -1.9680018154890437
-0.9299830658714145 0.6949399415839688 -1.969252799816721
-0.9048483884154305 0.690026162659426 -1.9705037841443982
-0.8797137109594463 0.6851123837348831 -1.9717547684720755
-0.8545790335034621 0.6801986048103403 -1.9730057527997529
-0.8294443560474779 0.6752848258857976 -1.9742567371274302
-0.8043096785914936 0.6703710469612548 -1.9755077214551076
-0.7791750011355095 0.665457268036712 -1.976758705782785
-0.7540403236795253 0.6605434891121692 -1.9780096901104622
-0.7289056462235411 0.6556297101876264 -1.9792606744381396
-0.703770968767557 0.6507159312630837 -1.980511658765817
-0.6786362913115728 0.6458021523385409 -1.9817626430934943
-0.6535016138555887 0.6408883734139981 -1.9830136274211716
-0.6283669363996044 0.6359745944894553 -1.984264611748849
-0.6032322589436203 0.6310608155649124 -1.9855155960765263
-0.5780975814876361 0.6261470366403697 -1.9867665804042036
-0.5529629040316519 0.6212332577158269 -1.988017564731881
-0.5278282265756679 0.6163194787912841 -1.9892685490595583
-0.5026935491196836 0.6114056998667413 -1.9905195333872356
-0.4775588716636994 0.6064919209421985 -1.991770517714913
-0.45242419420771524 0.6015781420176558 -1.9930215020425903
-0.42728951675173105 0.596664363093113 -1.9942724863702677
-0.4021548392957468 0.5917505841685702 -1.995523470697945
-0.3770201618397626 0.5868368052440274 -1.9967744550256223
-0.35188548438377854 0.5819230263194847 -1.9980254393532995
-0.32675080692779435 0.5770092473949419 -1.9992764236809768
-0.30161612947181016 0.572095468470399 -2.0005274080086544
-0.27648145201582597 0.5671816895458562 -2.0017783923363317
-0.2513467745598418 0.5622679106213134 -2.003029376664009
-0.22621209710385767 0.5573541316967706 -2.0042803609916864
-0.20107741964787346 0.5524403527722279 -2.0055313453193637
-0.17594274219188927 0.5475265738476851 -2.006782329647041
-0.15080806473590508 0.5426127949231423 -2.0080333139747184
-0.1256733872799209 0.5376990159985995 -2.0092842983023957
-0.10053870982393678 0.5327852370740568 -2.010535282630073
-0.0754040323679526 0.527871458149514 -2.01178626695775
-0.05026935491196839 0.5229576792249712 -2.0130372512854273
-0.025134677455984196 0.5180439003004284 -2.0142882356131047
0.0 0.5131301213758855 -2.015539219940782
-0.9802524207833829 0.7099506319722046 -1.9871098131809701
-0.9551177433273987 0.7050368530476618 -1.9883607975086475
-0.9299830658714145 0.700123074123119 -1.9896117818363248
-0.9048483884154305 0.6952092951985763 -1.9908627661640022
-0.8797137109594463 0.6902955162740335 -1.9921137504916795
-0.8545790335034621 0.6853817373494907 -1.9933647348193568
-0.8294443560474779 0.6804679584249479 -1.9946157191470342
-0.8043096785914936 0.6755541795004051 -1.9958667034747115
-0.7791750011355095 0.6706404005758624 -1.9971176878023889
-0.7540403236795253 0.6657266216513196 -1.998368672130066
-0.7289056462235411 0.6608128427267768 -1.9996196564577433
-0.703770968767557 0.655899063802234 -2.0008706407854207
-0.6786362913115728 0.6509852848776911 -2.002121625113098
-0.6535016138555887 0.6460715059531484 -2.0033726094407753
-0.6283669363996044 0.6411577270286056 -2.0046235937684527
-0.6032322589436203 0.6362439481040628 -2.00587457809613
-0.5780975814876361 0.63133016917952 -2.0071255624238074
-0.5529629040316519 0.6264163902549773 -2.0083765467514847
-0.5278282265756679 0.6215026113304345 -2.009627531079162
-0.5026935491196836 0.6165888324058917 -2.0108785154068394
-0.4775588716636994 0.6116750534813489 -2.0121294997345167
-0.45242419420771524 0.6067612745568061 -2.013380484062194
-0.42728951675173105 0.6018474956322634 -2.0146314683898714
-0.4021548392957468 0.5969337167077206 -2.0158824527175487
-0.3770201618397626 0.5920199377831777 -2.017133437045226
-0.35188548438377854 0.5871061588586349 -2.0183844213729034
-0.32675080692779435 0.5821923799340921 -2.0196354057005808
-0.30161612947181016 0.5772786010095494 -2.020886390028258
-0.27648145201582597 0.5723648220850066 -2.0221373743559354
-0.2513467745598418 0.5674510431604638 -2.0233883586836128
-0.22621209710385767 0.562537264235921 -2.02463934301129
-0.20107741964787346 0.5576234853113782 -2.0258903273389675
-0.17594274219188927 0.5527097063868355 -2.027141311666645
-0.15080806473590508 0.5477959274622927 -2.028392295994322
-0.1256733872799209 0.5428821485377499 -2.0296432803219995
-0.10053870982393678 0.537968369613207 -2.030894264649677
-0.0754040323679526 0.5330545906886642 -2.032145248977354
-0.05026935491196839 0.5281408117641215 -2.0333962333050315
-0.025134677455984196 0.5232270328395787 -2.034647217632709
0.0 0.5183132539150359 -2.035898201960386
-0.9802524207833829 0.715133764511355 -2.007468795200574
-0.9551177433273987 0.7102199855868122 -2.0087197795282514
-0.9299830658714145 0.7053062066622694 -2.0099707638559288
-0.9048483884154305 0.7003924277377267 -2.0112217481836057
-0.8797137109594463 0.6954786488131839 -2.012472732511283
-0.8545790335034621 0.6905648698886411 -2.0137237168389603
-0.8294443560474779 0.6856510909640983 -2.0149747011666377
-0.8043096785914936 0.6807373120395555 -2.016225685494315
-0.7791750011355095 0.6758235331150128 -2.0174766698219924
-0.7540403236795253 0.6709097541904699 -2.0187276541496697
-0.7289056462235411 0.6659959752659271 -2.019978638477347
-0.703770968767557 0.6610821963413843 -2.0212296228050244
-0.6786362913115728 0.6561684174168415 -2.0224806071327017
-0.6535016138555887 0.6512546384922988 -2.023731591460379
-0.6283669363996044 0.646340859567756 -2.0249825757880564
-0.6032322589436203 0.6414270806432132 -2.0262335601157337
-0.5780975814876361 0.6365133017186704 -2.027484544443411
-0.5529629040316519 0.6315995227941276 -2.0287355287710884
-0.5278282265756679 0.6266857438695849 -2.0299865130987658
-0.5026935491196836 0.621771964945042 -2.031237497426443
-0.4775588716636994 0.6168581860204992 -2.0324884817541204
-0.45242419420771524 0.6119444070959564 -2.033739466081798
-0.42728951675173105 0.6070306281714136 -2.034990450409475
-0.4021548392957468 0.6021168492468708 -2.0362414347371525
-0.3770201618397626 0.5972030703223281 -2.03749241906483
-0.35188548438377854 0.5922892913977853 -2.038743403392507
-0.32675080692779435 0.5873755124732425 -2.0399943877201845
-0.30161612947181016 0.5824617335486997 -2.041245372047862
-0.27648145201582597 0.5775479546241569 -2.042496356375539
-0.2513467745598418 0.5726341756996142 -2.0437473407032165
-0.22621209710385767 0.5677203967750714 -2.044998325030894
-0.20107741964787346 0.5628066178505285 -2.046249309358571
-0.17594274219188927 0.5578928389259857 -2.0475002936862485
-0.15080806473590508 0.5529790600014429 -2.048751278013926
-0.1256733872799209 0.5480652810769002 -2.050002262341603
-0.10053870982393678 0.5431515021523574 -2.0512532466692805
-0.0754040323679526 0.5382377232278146 -2.052504230996958
-0.05026935491196839 0.5333239443032718 -2.0537552153246352
-0.025134677455984196 0.528410165378729 -2.0550061996523126
0.0 0.5234963864541863 -2.05625718397999
-0.9802524207833829 0.7203168970505055 -2.0278277772201783
-0.9551177433273987 0.7154031181259627 -2.0290787615478556
-0.9299830658714145 0.7104893392014199 -2.030329745875533
-0.9048483884154305 0.7055755602768771 -2.0315807302032103
-0.8797137109594463 0.7006617813523343 -2.0328317145308876
-0.8545790335034621 0.6957480024277916 -2.034082698858565
-0.8294443560474779 0.6908342235032487 -2.0353336831862423
-0.8043096785914936 0.6859204445787059 -2.036584667513919
-0.7791750011355095 0.6810066656541631 -2.0378356518415965
-0.7540403236795253 0.6760928867296203 -2.039086636169274
-0.7289056462235411 0.6711791078050776 -2.040337620496951
-0.703770968767557 0.6662653288805348 -2.0415886048246286
-0.6786362913115728 0.661351549955992 -2.042839589152306
-0.6535016138555887 0.6564377710314492 -2.0440905734799832
-0.6283669363996044 0.6515239921069064 -2.0453415578076606
-0.6032322589436203 0.6466102131823637 -2.046592542135338
-0.5780975814876361 0.6416964342578209 -2.0478435264630153
-0.5529629040316519 0.636782655333278 -2.0490945107906926
-0.5278282265756679 0.6318688764087352 -2.05034549511837
-0.5026935491196836 0.6269550974841924 -2.0515964794460473
-0.4775588716636994 0.6220413185596497 -2.0528474637737246
-0.45242419420771524 0.6171275396351069 -2.054098448101402
-0.42728951675173105 0.6122137607105641 -2.0553494324290793
-0.4021548392957468 0.6072999817860213 -2.0566004167567566
-0.3770201618397626 0.6023862028614785 -2.057851401084434
-0.35188548438377854 0.5974724239369358 -2.0591023854121113
-0.32675080692779435 0.592558645012393 -2.0603533697397887
-0.30161612947181016 0.5876448660878502 -2.061604354067466
-0.27648145201582597 0.5827310871633073 -2.0628553383951433
-0.2513467745598418 0.5778173082387645 -2.0641063227228207
-0.22621209710385767 0.5729035293142218 -2.065357307050498
-0.20107741964787346 0.567989750389679 -2.0666082913781754
-0.17594274219188927 0.5630759714651362 -2.0678592757058527
-0.15080806473590508 0.5581621925405934 -2.06911026003353
-0.1256733872799209 0.5532484136160506 -2.0703612443612074
-0.10053870982393678 0.5483346346915079 -2.0716122286888847
-0.0754040323679526 0.5434208557669651 -2.072863213016562
-0.05026935491196839 0.5385070768424223 -2.0741141973442394
-0.025134677455984196 0.5335932979178795 -2.0753651816719167
0.0 0.5286795189933367 -2.076616165999594
-0.9802524207833829 0.7255000295896558 -2.048186759239782
-0.9551177433273987 0.7205862506651131 -2.0494377435674593
-0.9299830658714145 0.7156724717405702 -2.0506887278951367
-0.9048483884154305 0.7107586928160274 -2.051939712222814
-0.8797137109594463 0.7058449138914846 -2.0531906965504914
-0.8545790335034621 0.7009311349669418 -2.0544416808781687
-0.8294443560474779 0.6960173560423991 -2.055692665205846
-0.8043096785914936 0.6911035771178563 -2.0569436495335234
-0.7791750011355095 0.6861897981933135 -2.0581946338612007
-0.7540403236795253 0.6812760192687707 -2.059445618188878
-0.7289056462235411 0.6763622403442279 -2.0606966025165554
-0.703770968767557 0.6714484614196852 -2.0619475868442327
-0.6786362913115728 0.6665346824951424 -2.06319857117191
-0.6535016138555887 0.6616209035705996 -2.064449555499587
-0.6283669363996044 0.6567071246460567 -2.0657005398272643
-0.6032322589436203 0.6517933457215139 -2.0669515241549417
-0.5780975814876361 0.6468795667969712 -2.068202508482619
-0.5529629040316519 0.6419657878724284 -2.0694534928102963
-0.5278282265756679 0.6370520089478856 -2.0707044771379737
-0.5026935491196836 0.6321382300233428 -2.071955461465651
-0.4775588716636994 0.6272244510988 -2.0732064457933284
-0.45242419420771524 0.6223106721742573 -2.0744574301210057
-0.42728951675173105 0.6173968932497145 -2.075708414448683
-0.4021548392957468 0.6124831143251717 -2.0769593987763604
-0.3770201618397626 0.6075693354006289 -2.0782103831040377
-0.35188548438377854 0.602655556476086 -2.079461367431715
-0.32675080692779435 0.5977417775515433 -2.0807123517593924
-0.30161612947181016 0.5928279986270005 -2.0819633360870697
-0.27648145201582597 0.5879142197024577 -2.083214320414747
-0.2513467745598418 0.5830004407779149 -2.0844653047424244
-0.22621209710385767 0.5780866618533721 -2.0857162890701018
-0.20107741964787346 0.5731728829288294 -2.086967273397779
-0.17594274219188927 0.5682591040042866 -2.0882182577254564
-0.15080806473590508 0.5633453250797438 -2.089469242053134
-0.1256733872799209 0.558431546155201 -2.090720226380811
-0.10053870982393678 0.5535177672306582 -2.0919712107084885
-0.0754040323679526 0.5486039883061155 -2.093222195036166
-0.05026935491196839 0.5436902093815726 -2.094473179363843
-0.025134677455984196 0.5387764304570298 -2.0957241636915205
0.0 0.533862651532487 -2.096975148019198
-0.9802524207833829 0.7306831621288061 -2.0685457412593857
-0.9551177433273987 0.7257693832042633 -2.069796725587063
-0.9299830658714145 0.7208556042797205 -2.0710477099147404
-0.9048483884154305 0.7159418253551778 -2.0722986942424177
-0.8797137109594463 0.711028046430635 -2.073549678570095
-0.8545790335034621 0.7061142675060922 -2.0748006628977724
-0.8294443560474779 0.7012004885815494 -2.0760516472254498
-0.8043096785914936 0.6962867096570066 -2.077302631553127
-0.7791750011355095 0.6913729307324639 -2.0785536158808045
-0.7540403236795253 0.686459151807921 -2.079804600208482
-0.7289056462235411 0.6815453728833782 -2.081055584536159
-0.703770968767557 0.6766315939588354 -2.0823065688638365
-0.6786362913115728 0.6717178150342926 -2.083557553191514
-0.6535016138555887 0.6668040361097499 -2.084808537519191
-0.6283669363996044 0.6618902571852071 -2.0860595218468685
-0.6032322589436203 0.6569764782606643 -2.087310506174546
-0.5780975814876361 0.6520626993361215 -2.088561490502223
-0.5529629040316519 0.6471489204115787 -2.0898124748299005
-0.5278282265756679 0.642235141487036 -2.0910634591575774
-0.5026935491196836 0.6373213625624932 -2.0923144434852547
-0.4775588716636994 0.6324075836379504 -2.093565427812932
-0.45242419420771524 0.6274938047134075 -2.0948164121406094
-0.42728951675173105 0.6225800257888647 -2.0960673964682868
-0.4021548392957468 0.617666246864322 -2.097318380795964
-0.3770201618397626 0.6127524679397792 -2.0985693651236415
-0.35188548438377854 0.6078386890152364 -2.099820349451319
-0.32675080692779435 0.6029249100906936 -2.101071333778996
-0.30161612947181016 0.5980111311661508 -2.1023223181066735
-0.27648145201582597 0.5930973522416081 -2.103573302434351
-0.2513467745598418 0.5881835733170653 -2.104824286762028
-0.22621209710385767 0.5832697943925225 -2.1060752710897055
-0.20107741964787346 0.5783560154679797 -2.107326255417383
-0.17594274219188927 0.5734422365434368 -2.10857723974506
-0.15080806473590508 0.5685284576188941 -2.1098282240727375
-0.1256733872799209 0.5636146786943513 -2.111079208400415
-0.10053870982393678 0.5587008997698085 -2.112330192728092
-0.0754040323679526 0.5537871208452657 -2.1135811770557695
-0.05026935491196839 0.5488733419207229 -2.114832161383447
-0.025134677455984196 0.5439595629961802 -2.116083145711124
0.0 0.5390457840716374 -2.1173341300388016
-0.9802524207833829 0.7358662946679565 -2.0889047232789895
-0.9551177433273987 0.7309525157434137 -2.090155707606667
-0.9299830658714145 0.7260387368188709 -2.091406691934344
-0.9048483884154305 0.7211249578943282 -2.0926576762620215
-0.8797137109594463 0.7162111789697854 -2.093908660589699
-0.8545790335034621 0.7112974000452426 -2.095159644917376
-0.8294443560474779 0.7063836211206997 -2.0964106292450535
-0.8043096785914936 0.7014698421961569 -2.097661613572731
-0.7791750011355095 0.6965560632716142 -2.098912597900408
-0.7540403236795253 0.6916422843470714 -2.1001635822280855
-0.7289056462235411 0.6867285054225286 -2.101414566555763
-0.703770968767557 0.6818147264979858 -2.10266555088344
-0.6786362913115728 0.676900947573443 -2.1039165352111175
-0.6535016138555887 0.6719871686489003 -2.105167519538795
-0.6283669363996044 0.6670733897243574 -2.1064185038664722
-0.6032322589436203 0.6621596107998147 -2.1076694881941496
-0.5780975814876361 0.6572458318752719 -2.108920472521827
-0.5529629040316519 0.652332052950729 -2.1101714568495042
-0.5278282265756679 0.6474182740261863 -2.1114224411771816
-0.5026935491196836 0.6425044951016435 -2.112673425504859
-0.4775588716636994 0.6375907161771007 -2.1139244098325363
-0.45242419420771524 0.6326769372525579 -2.1151753941602136
-0.42728951675173105 0.6277631583280151 -2.116426378487891
-0.4021548392957468 0.6228493794034723 -2.117677362815568
-0.3770201618397626 0.6179356004789296 -2.118928347143245
-0.35188548438377854 0.6130218215543868 -2.1201793314709225
-0.32675080692779435 0.608108042629844 -2.1214303157986
-0.30161612947181016 0.6031942637053012 -2.122681300126277
-0.27648145201582597 0.5982804847807583 -2.1239322844539545
-0.2513467745598418 0.5933667058562156 -2.125183268781632
-0.22621209710385767 0.5884529269316728 -2.1264342531093092
-0.20107741964787346 0.58353914800713 -2.1276852374369866
-0.17594274219188927 0.5786253690825872 -2.128936221764664
-0.15080806473590508 0.5737115901580444 -2.1301872060923412
-0.1256733872799209 0.5687978112335017 -2.1314381904200186
-0.10053870982393678 0.5638840323089589 -2.132689174747696
-0.0754040323679526 0.5589702533844161 -2.1339401590753733
-0.05026935491196839 0.5540564744598733 -2.1351911434030506
-0.025134677455984196 0.5491426955353305 -2.136442127730728
0.0 0.5442289166107878 -2.1376931120584053
-0.9802524207833829 0.7410494272071069 -2.109263705298593
-0.9551177433273987 0.7361356482825641 -2.1105146896262705
-0.9299830658714145 0.7312218693580212 -2.111765673953948
-0.9048483884154305 0.7263080904334784 -2.113016658281625
-0.8797137109594463 0.7213943115089356 -2.1142676426093026
-0.8545790335034621 0.7164805325843929 -2.11551862693698
-0.8294443560474779 0.7115667536598501 -2.1167696112646572
-0.8043096785914936 0.7066529747353073 -2.1180205955923346
-0.7791750011355095 0.7017391958107645 -2.119271579920012
-0.7540403236795253 0.6968254168862217 -2.1205225642476893
-0.7289056462235411 0.691911637961679 -2.1217735485753666
-0.703770968767557 0.6869978590371362 -2.123024532903044
-0.6786362913115728 0.6820840801125934 -2.1242755172307213
-0.6535016138555887 0.6771703011880505 -2.1255265015583986
-0.6283669363996044 0.6722565222635077 -2.126777485886076
-0.6032322589436203 0.667342743338965 -2.1280284702137533
-0.5780975814876361 0.6624289644144222 -2.1292794545414306
-0.5529629040316519 0.6575151854898794 -2.130530438869108
-0.5278282265756679 0.6526014065653366 -2.1317814231967853
-0.5026935491196836 0.6476876276407938 -2.1330324075244627
-0.4775588716636994 0.6427738487162511 -2.13428339185214
-0.45242419420771524 0.6378600697917083 -2.1355343761798173
-0.42728951675173105 0.6329462908671655 -2.1367853605074947
-0.4021548392957468 0.6280325119426227 -2.138036344835172
-0.3770201618397626 0.6231187330180799 -2.1392873291628494
-0.35188548438377854 0.6182049540935372 -2.1405383134905267
-0.32675080692779435 0.6132911751689943 -2.141789297818204
-0.30161612947181016 0.6083773962444515 -2.1430402821458814
-0.27648145201582597 0.6034636173199087 -2.1442912664735583
-0.2513467745598418 0.5985498383953659 -2.1455422508012356
-0.22621209710385767 0.5936360594708232 -2.146793235128913
-0.20107741964787346 0.5887222805462804 -2.1480442194565903
-0.17594274219188927 0.5838085016217376 -2.1492952037842676
-0.15080806473590508 0.5788947226971948 -2.150546188111945
-0.1256733872799209 0.573980943772652 -2.1517971724396223
-0.10053870982393678 0.5690671648481093 -2.1530481567672997
-0.0754040323679526 0.5641533859235665 -2.154299141094977
-0.05026935491196839 0.5592396069990236 -2.1555501254226543
-0.025134677455984196 0.5543258280744808 -2.1568011097503317
0.0 0.549412049149938 -2.158052094078009
-0.9802524207833829 0.7462325597462571 -2.129622687318197
-0.9551177433273987 0.7413187808217144 -2.1308736716458743
-0.9299830658714145 0.7364050018971716 -2.1321246559735516
-0.9048483884154305 0.7314912229726288 -2.133375640301229
-0.8797137109594463 0.726577444048086 -2.1346266246289063
-0.8545790335034621 0.7216636651235432 -2.1358776089565836
-0.8294443560474779 0.7167498861990005 -2.137128593284261
-0.8043096785914936 0.7118361072744577 -2.1383795776119383
-0.7791750011355095 0.7069223283499149 -2.1396305619396156
-0.7540403236795253 0.702008549425372 -2.140881546267293
-0.7289056462235411 0.6970947705008292 -2.1421325305949703
-0.703770968767557 0.6921809915762865 -2.1433835149226477
-0.6786362913115728 0.6872672126517437 -2.144634499250325
-0.6535016138555887 0.6823534337272009 -2.1458854835780024
-0.6283669363996044 0.6774396548026581 -2.1471364679056797
-0.6032322589436203 0.6725258758781153 -2.148387452233357
-0.5780975814876361 0.6676120969535726 -2.1496384365610344
-0.5529629040316519 0.6626983180290298 -2.1508894208887117
-0.5278282265756679 0.657784539104487 -2.152140405216389
-0.5026935491196836 0.6528707601799442 -2.1533913895440664
-0.4775588716636994 0.6479569812554014 -2.1546423738717437
-0.45242419420771524 0.6430432023308587 -2.155893358199421
-0.42728951675173105 0.6381294234063158 -2.1571443425270984
-0.4021548392957468 0.633215644481773 -2.1583953268547758
-0.3770201618397626 0.6283018655572302 -2.159646311182453
-0.35188548438377854 0.6233880866326874 -2.1608972955101304
-0.32675080692779435 0.6184743077081447 -2.1621482798378078
-0.30161612947181016 0.6135605287836019 -2.163399264165485
-0.27648145201582597 0.6086467498590591 -2.1646502484931625
-0.2513467745598418 0.6037329709345163 -2.16590123282084
-0.22621209710385767 0.5988191920099735 -2.167152217148517
-0.20107741964787346 0.5939054130854308 -2.1684032014761945
-0.17594274219188927 0.588991634160888 -2.169654185803872
-0.15080806473590508 0.5840778552363451 -2.1709051701315487
-0.1256733872799209 0.5791640763118023 -2.172156154459226
-0.10053870982393678 0.5742502973872595 -2.1734071387869034
-0.0754040323679526 0.5693365184627168 -2.1746581231145807
-0.05026935491196839 0.564422739538174 -2.175909107442258
-0.025134677455984196 0.5595089606136312 -2.1771600917699354
0.0 0.5545951816890884 -2.1784110760976128
-0.9802524207833829 0.7514156922854076 -2.149981669337801
-0.9551177433273987 0.7465019133608648 -2.1512326536654784
-0.9299830658714145 0.741588134436322 -2.152483637993156
-0.9048483884154305 0.7366743555117793 -2.153734622320833
-0.8797137109594463 0.7317605765872365 -2.1549856066485105
-0.8545790335034621 0.7268467976626937 -2.156236590976188
-0.8294443560474779 0.7219330187381509 -2.157487575303865
-0.8043096785914936 0.717019239813608 -2.1587385596315425
-0.7791750011355095 0.7121054608890653 -2.15998954395922
-0.7540403236795253 0.7071916819645225 -2.161240528286897
-0.7289056462235411 0.7022779030399797 -2.1624915126145745
-0.703770968767557 0.6973641241154369 -2.163742496942252
-0.6786362913115728 0.6924503451908941 -2.164993481269929
-0.6535016138555887 0.6875365662663514 -2.1662444655976065
-0.6283669363996044 0.6826227873418086 -2.167495449925284
-0.6032322589436203 0.6777090084172658 -2.168746434252961
-0.5780975814876361 0.672795229492723 -2.1699974185806385
-0.5529629040316519 0.6678814505681802 -2.171248402908316
-0.5278282265756679 0.6629676716436375 -2.1724993872359932
-0.5026935491196836 0.6580538927190946 -2.1737503715636706
-0.4775588716636994 0.6531401137945518 -2.175001355891348
-0.45242419420771524 0.648226334870009 -2.1762523402190252
-0.42728951675173105 0.6433125559454662 -2.1775033245467026
-0.4021548392957468 0.6383987770209234 -2.17875430887438
-0.3770201618397626 0.6334849980963807 -2.1800052932020573
-0.35188548438377854 0.6285712191718379 -2.1812562775297346
-0.32675080692779435 0.6236574402472951 -2.182507261857412
-0.30161612947181016 0.6187436613227523 -2.1837582461850893
-0.27648145201582597 0.6138298823982096 -2.1850092305127666
-0.2513467745598418 0.6089161034736668 -2.186260214840444
-0.22621209710385767 0.604002324549124 -2.1875111991681213
-0.20107741964787346 0.5990885456245811 -2.1887621834957987
-0.17594274219188927 0.5941747667000383 -2.190013167823476
-0.15080806473590508 0.5892609877754956 -2.1912641521511533
-0.1256733872799209 0.5843472088509528 -2.1925151364788307
-0.10053870982393678 0.57943342992641 -2.193766120806508
-0.0754040323679526 0.5745196510018672 -2.1950171051341854
-0.05026935491196839 0.5696058720773244 -2.1962680894618622
-0.025134677455984196 0.5646920931527817 -2.1975190737895396
0.0 0.5597783142282389 -2.198770058117217
-0.9802524207833829 0.756598824824558 -2.170340651357405
-0.9551177433273987 0.7516850459000152 -2.171591635685082
-0.9299830658714145 0.7467712669754724 -2.1728426200127595
-0.9048483884154305 0.7418574880509295 -2.174093604340437
-0.8797137109594463 0.7369437091263867 -2.175344588668114
-0.8545790335034621 0.732029930201844 -2.1765955729957915
-0.8294443560474779 0.7271161512773012 -2.177846557323469
-0.8043096785914936 0.7222023723527584 -2.179097541651146
-0.7791750011355095 0.7172885934282156 -2.1803485259788236
-0.7540403236795253 0.7123748145036728 -2.181599510306501
-0.7289056462235411 0.7074610355791301 -2.1828504946341782
-0.703770968767557 0.7025472566545873 -2.1841014789618556
-0.6786362913115728 0.6976334777300445 -2.185352463289533
-0.6535016138555887 0.6927196988055017 -2.1866034476172103
-0.6283669363996044 0.6878059198809588 -2.1878544319448876
-0.6032322589436203 0.6828921409564161 -2.189105416272565
-0.5780975814876361 0.6779783620318733 -2.1903564006002423
-0.5529629040316519 0.6730645831073305 -2.1916073849279196
-0.5278282265756679 0.6681508041827877 -2.192858369255597
-0.5026935491196836 0.6632370252582449 -2.1941093535832743
-0.4775588716636994 0.6583232463337022 -2.1953603379109516
-0.45242419420771524 0.6534094674091594 -2.196611322238629
-0.42728951675173105 0.6484956884846166 -2.1978623065663063
-0.4021548392957468 0.6435819095600738 -2.1991132908939837
-0.3770201618397626 0.638668130635531 -2.200364275221661
-0.35188548438377854 0.6337543517109883 -2.2016152595493383
-0.32675080692779435 0.6288405727864455 -2.2028662438770157
-0.30161612947181016 0.6239267938619026 -2.204117228204693
-0.27648145201582597 0.6190130149373598 -2.2053682125323704
-0.2513467745598418 0.614099236012817 -2.2066191968600477
-0.22621209710385767 0.6091854570882743 -2.207870181187725
-0.20107741964787346 0.6042716781637315 -2.2091211655154024
-0.17594274219188927 0.5993578992391887 -2.2103721498430797
-0.15080806473590508 0.5944441203146459 -2.211623134170757
-0.1256733872799209 0.5895303413901031 -2.2128741184984344
-0.10053870982393678 0.5846165624655604 -2.2141251028261117
-0.0754040323679526 0.5797027835410176 -2.215376087153789
-0.05026935491196839 0.5747890046164748 -2.2166270714814664
-0.025134677455984196 0.5698752256919319 -2.2178780558091438
0.0 0.5649614467673891 -2.219129040136821
-0.9802524207833829 0.7617819573637082 -2.190699633377009
-0.9551177433273987 0.7568681784391655 -2.1919506177046864
-0.9299830658714145 0.7519543995146227 -2.1932016020323637
-0.9048483884154305 0.7470406205900799 -2.194452586360041
-0.8797137109594463 0.7421268416655371 -2.195703570687718
-0.8545790335034621 0.7372130627409943 -2.1969545550153953
-0.8294443560474779 0.7322992838164516 -2.1982055393430726
-0.8043096785914936 0.7273855048919088 -2.19945652367075
-0.7791750011355095 0.722471725967366 -2.2007075079984273
-0.7540403236795253 0.7175579470428232 -2.2019584923261046
-0.7289056462235411 0.7126441681182804 -2.203209476653782
-0.703770968767557 0.7077303891937377 -2.2044604609814593
-0.6786362913115728 0.7028166102691948 -2.2057114453091367
-0.6535016138555887 0.697902831344652 -2.206962429636814
-0.6283669363996044 0.6929890524201092 -2.2082134139644913
-0.6032322589436203 0.6880752734955664 -2.2094643982921687
-0.5780975814876361 0.6831614945710237 -2.210715382619846
-0.5529629040316519 0.6782477156464809 -2.2119663669475234
-0.5278282265756679 0.6733339367219381 -2.2132173512752007
-0.5026935491196836 0.6684201577973953 -2.214468335602878
-0.4775588716636994 0.6635063788728525 -2.2157193199305554
-0.45242419420771524 0.6585925999483098 -2.2169703042582327
-0.42728951675173105 0.653678821023767 -2.21822128858591
-0.4021548392957468 0.6487650420992241 -2.2194722729135874
-0.3770201618397626 0.6438512631746813 -2.2207232572412647
-0.35188548438377854 0.6389374842501386 -2.221974241568942
-0.32675080692779435 0.6340237053255958 -2.2232252258966194
-0.30161612947181016 0.629109926401053 -2.2244762102242968
-0.27648145201582597 0.6241961474765102 -2.225727194551974
-0.2513467745598418 0.6192823685519674 -2.2269781788796514
-0.22621209710385767 0.6143685896274246 -2.2282291632073288
-0.20107741964787346 0.6094548107028819 -2.229480147535006
-0.17594274219188927 0.6045410317783391 -2.2307311318626835
-0.15080806473590508 0.5996272528537963 -2.231982116190361
-0.1256733872799209 0.5947134739292534 -2.233233100518038
-0.10053870982393678 0.5897996950047107 -2.2344840848457155
-0.0754040323679526 0.5848859160801679 -2.235735069173393
-0.05026935491196839 0.5799721371556251 -2.23698605350107
-0.025134677455984196 0.5750583582310823 -2.2382370378287475
0.0 0.5701445793065395 -2.239488022156425
-0.9802524207833829 0.7669650899028586 -2.2110586153966127
-0.9551177433273987 0.7620513109783158 -2.21230959972429
-0.9299830658714145 0.757137532053773 -2.2135605840519674
-0.9048483884154305 0.7522237531292303 -2.2148115683796448
-0.8797137109594463 0.7473099742046875 -2.216062552707322
-0.8545790335034621 0.7423961952801447 -2.2173135370349994
-0.8294443560474779 0.7374824163556019 -2.218564521362677
-0.8043096785914936 0.732568637431059 -2.219815505690354
-0.7791750011355095 0.7276548585065163 -2.2210664900180315
-0.7540403236795253 0.7227410795819735 -2.222317474345709
-0.7289056462235411 0.7178273006574307 -2.2235684586733857
-0.703770968767557 0.7129135217328879 -2.224819443001063
-0.6786362913115728 0.7079997428083451 -2.2260704273287404
-0.6535016138555887 0.7030859638838024 -2.2273214116564177
-0.6283669363996044 0.6981721849592596 -2.228572395984095
-0.6032322589436203 0.6932584060347168 -2.2298233803117724
-0.5780975814876361 0.688344627110174 -2.2310743646394497
-0.5529629040316519 0.6834308481856313 -2.232325348967127
-0.5278282265756679 0.6785170692610885 -2.2335763332948044
-0.5026935491196836 0.6736032903365456 -2.2348273176224818
-0.4775588716636994 0.6686895114120028 -2.236078301950159
-0.45242419420771524 0.66377573248746 -2.2373292862778364
-0.42728951675173105 0.6588619535629173 -2.238580270605514
-0.4021548392957468 0.6539481746383745 -2.239831254933191
-0.3770201618397626 0.6490343957138317 -2.2410822392608685
-0.35188548438377854 0.6441206167892889 -2.242333223588546
-0.32675080692779435 0.6392068378647461 -2.243584207916223
-0.30161612947181016 0.6342930589402034 -2.2448351922439005
-0.27648145201582597 0.6293792800156606 -2.246086176571578
-0.2513467745598418 0.6244655010911178 -2.247337160899255
-0.22621209710385767 0.619551722166575 -2.2485881452269325
-0.20107741964787346 0.6146379432420321 -2.24983912955461
-0.17594274219188927 0.6097241643174894 -2.251090113882287
-0.15080806473590508 0.6048103853929466 -2.2523410982099645
-0.1256733872799209 0.5998966064684038 -2.253592082537642
-0.10053870982393678 0.594982827543861 -2.254843066865319
-0.0754040323679526 0.5900690486193182 -2.2560940511929966
-0.05026935491196839 0.5851552696947755 -2.257345035520674
-0.025134677455984196 0.5802414907702327 -2.2585960198483512
0.0 0.5753277118456899 -2.2598470041760286
-0.9802524207833829 0.772148222442009 -2.2314175974162165
-0.9551177433273987 0.7672344435174662 -2.232668581743894
-0.9299830658714145 0.7623206645929234 -2.233919566071571
-0.9048483884154305 0.7574068856683807 -2.2351705503992485
-0.8797137109594463 0.7524931067438378 -2.236421534726926
-0.8545790335034621 0.747579327819295 -2.237672519054603
-0.8294443560474779 0.7426655488947522 -2.2389235033822805
-0.8043096785914936 0.7377517699702094 -2.240174487709958
-0.7791750011355095 0.7328379910456667 -2.241425472037635
-0.7540403236795253 0.7279242121211239 -2.2426764563653125
-0.7289056462235411 0.7230104331965811 -2.24392744069299
-0.703770968767557 0.7180966542720383 -2.2451784250206672
-0.6786362913115728 0.7131828753474955 -2.2464294093483446
-0.6535016138555887 0.7082690964229528 -2.247680393676022
-0.6283669363996044 0.70335531749841 -2.2489313780036992
-0.6032322589436203 0.6984415385738671 -2.250182362331376
-0.5780975814876361 0.6935277596493243 -2.2514333466590535
-0.5529629040316519 0.6886139807247815 -2.252684330986731
-0.5278282265756679 0.6837002018002388 -2.253935315314408
-0.5026935491196836 0.678786422875696 -2.2551862996420855
-0.4775588716636994 0.6738726439511532 -2.256437283969763
-0.45242419420771524 0.6689588650266104 -2.25768826829744
-0.42728951675173105 0.6640450861020676 -2.2589392526251175
-0.4021548392957468 0.6591313071775248 -2.260190236952795
-0.3770201618397626 0.6542175282529821 -2.261441221280472
-0.35188548438377854 0.6493037493284393 -2.2626922056081495
-0.32675080692779435 0.6443899704038965 -2.263943189935827
-0.30161612947181016 0.6394761914793536 -2.2651941742635042
-0.27648145201582597 0.6345624125548108 -2.2664451585911816
-0.2513467745598418 0.6296486336302681 -2.267696142918859
-0.22621209710385767 0.6247348547057253 -2.2689471272465362
-0.20107741964787346 0.6198210757811825 -2.2701981115742136
-0.17594274219188927 0.6149072968566397 -2.271449095901891
-0.15080806473590508 0.6099935179320969 -2.2727000802295683
-0.1256733872799209 0.6050797390075542 -2.2739510645572456
-0.10053870982393678 0.6001659600830114 -2.275202048884923
-0.0754040323679526 0.5952521811584686 -2.2764530332126003
-0.05026935491196839 0.5903384022339258 -2.2777040175402776
-0.025134677455984196 0.5854246233093829 -2.278955001867955
0.0 0.5805108443848402 -2.2802059861956323
-0.9802524207833829 0.7773313549811594 -2.25177657943582
-0.9551177433273987 0.7724175760566165 -2.2530275637634976
-0.9299830658714145 0.7675037971320737 -2.254278548091175
-0.9048483884154305 0.7625900182075309 -2.2555295324188522
-0.8797137109594463 0.7576762392829881 -2.2567805167465296
-0.8545790335034621 0.7527624603584454 -2.258031501074207
-0.8294443560474779 0.7478486814339026 -2.2592824854018843
-0.8043096785914936 0.7429349025093598 -2.2605334697295616
-0.7791750011355095 0.738021123584817 -2.261784454057239
-0.7540403236795253 0.7331073446602742 -2.2630354383849163
-0.7289056462235411 0.7281935657357315 -2.2642864227125936
-0.703770968767557 0.7232797868111887 -2.265537407040271
-0.6786362913115728 0.7183660078866458 -2.2667883913679483
-0.6535016138555887 0.713452228962103 -2.2680393756956256
-0.6283669363996044 0.7085384500375602 -2.269290360023303
-0.6032322589436203 0.7036246711130175 -2.2705413443509803
-0.5780975814876361 0.6987108921884747 -2.2717923286786577
-0.5529629040316519 0.6937971132639319 -2.273043313006335
-0.5278282265756679 0.6888833343393891 -2.2742942973340123
-0.5026935491196836 0.6839695554148463 -2.2755452816616897
-0.4775588716636994 0.6790557764903036 -2.2767962659893666
-0.45242419420771524 0.6741419975657608 -2.278047250317044
-0.42728951675173105 0.669228218641218 -2.2792982346447213
-0.4021548392957468 0.6643144397166751 -2.2805492189723986
-0.3770201618397626 0.6594006607921323 -2.281800203300076
-0.35188548438377854 0.6544868818675896 -2.2830511876277533
-0.32675080692779435 0.6495731029430468 -2.2843021719554306
-0.30161612947181016 0.644659324018504 -2.285553156283108
-0.27648145201582597 0.6397455450939612 -2.2868041406107853
-0.2513467745598418 0.6348317661694184 -2.2880551249384626
-0.22621209710385767 0.6299179872448757 -2.28930610926614
-0.20107741964787346 0.6250042083203329 -2.2905570935938173
-0.17594274219188927 0.6200904293957901 -2.2918080779214947
-0.15080806473590508 0.6151766504712473 -2.293059062249172
-0.1256733872799209 0.6102628715467044 -2.2943100465768493
-0.10053870982393678 0.6053490926221617 -2.2955610309045267
-0.0754040323679526 0.6004353136976189 -2.296812015232204
-0.05026935491196839 0.5955215347730761 -2.2980629995598814
-0.025134677455984196 0.5906077558485333 -2.2993139838875587
0.0 0.5856939769239905 -2.300564968215236
-0.9802524207833829 0.7825144875203097 -2.2721355614554244
-0.9551177433273987 0.777600708595767 -2.2733865457831017
-0.9299830658714145 0.7726869296712242 -2.274637530110779
-0.9048483884154305 0.7677731507466814 -2.2758885144384564
-0.8797137109594463 0.7628593718221386 -2.2771394987661338
-0.8545790335034621 0.7579455928975958 -2.278390483093811
-0.8294443560474779 0.7530318139730531 -2.2796414674214884
-0.8043096785914936 0.7481180350485103 -2.2808924517491658
-0.7791750011355095 0.7432042561239675 -2.282143436076843
-0.7540403236795253 0.7382904771994246 -2.2833944204045205
-0.7289056462235411 0.7333766982748818 -2.284645404732198
-0.703770968767557 0.7284629193503391 -2.285896389059875
-0.6786362913115728 0.7235491404257963 -2.2871473733875525
-0.6535016138555887 0.7186353615012535 -2.28839835771523
-0.6283669363996044 0.7137215825767107 -2.289649342042907
-0.6032322589436203 0.7088078036521679 -2.2909003263705845
-0.5780975814876361 0.7038940247276252 -2.292151310698262
-0.5529629040316519 0.6989802458030824 -2.293402295025939
-0.5278282265756679 0.6940664668785396 -2.2946532793536165
-0.5026935491196836 0.6891526879539968 -2.295904263681294
-0.4775588716636994 0.684238909029454 -2.297155248008971
-0.45242419420771524 0.6793251301049112 -2.2984062323366485
-0.42728951675173105 0.6744113511803684 -2.299657216664326
-0.4021548392957468 0.6694975722558256 -2.300908200992003
-0.3770201618397626 0.6645837933312828 -2.30215918531968
-0.35188548438377854 0.65967001440674 -2.3034101696473575
-0.32675080692779435 0.6547562354821973 -2.304661153975035
-0.30161612947181016 0.6498424565576545 -2.305912138302712
-0.27648145201582597 0.6449286776331117 -2.3071631226303895
-0.2513467745598418 0.6400148987085689 -2.308414106958067
-0.22621209710385767 0.6351011197840261 -2.309665091285744
-0.20107741964787346 0.6301873408594834 -2.3109160756134215
-0.17594274219188927 0.6252735619349405 -2.312167059941099
-0.15080806473590508 0.6203597830103977 -2.313418044268776
-0.1256733872799209 0.6154460040858549 -2.3146690285964535
-0.10053870982393678 0.6105322251613121 -2.315920012924131
-0.0754040323679526 0.6056184462367694 -2.317170997251808
-0.05026935491196839 0.6007046673122266 -2.3184219815794855
-0.025134677455984196 0.5957908883876838 -2.319672965907163
0.0 0.590877109463141 -2.32092395023484
-0.9802524207833829 0.7876976200594601 -2.292494543475028
-0.9551177433273987 0.7827838411349173 -2.2937455278027055
-0.9299830658714145 0.7778700622103745 -2.294996512130383
-0.9048483884154305 0.7729562832858318 -2.29624749645806
-0.8797137109594463 0.768042504361289 -2.2974984807857375
-0.8545790335034621 0.7631287254367461 -2.298749465113415
-0.8294443560474779 0.7582149465122033 -2.300000449441092
-0.8043096785914936 0.7533011675876605 -2.3012514337687695
-0.7791750011355095 0.7483873886631178 -2.302502418096447
-0.7540403236795253 0.743473609738575 -2.303753402424124
-0.7289056462235411 0.7385598308140322 -2.3050043867518015
-0.703770968767557 0.7336460518894894 -2.306255371079479
-0.6786362913115728 0.7287322729649466 -2.307506355407156
-0.6535016138555887 0.7238184940404039 -2.3087573397348335
-0.6283669363996044 0.7189047151158611 -2.310008324062511
-0.6032322589436203 0.7139909361913183 -2.3112593083901882
-0.5780975814876361 0.7090771572667754 -2.3125102927178656
-0.5529629040316519 0.7041633783422326 -2.313761277045543
-0.5278282265756679 0.6992495994176899 -2.3150122613732202
-0.5026935491196836 0.6943358204931471 -2.3162632457008976
-0.4775588716636994 0.6894220415686043 -2.317514230028575
-0.45242419420771524 0.6845082626440615 -2.3187652143562523
-0.42728951675173105 0.6795944837195187 -2.3200161986839296
-0.4021548392957468 0.674680704794976 -2.321267183011607
-0.3770201618397626 0.6697669258704332 -2.3225181673392843
-0.35188548438377854 0.6648531469458904 -2.3237691516669616
-0.32675080692779435 0.6599393680213476 -2.325020135994639
-0.30161612947181016 0.6550255890968048 -2.3262711203223163
-0.27648145201582597 0.650111810172262 -2.3275221046499937
-0.2513467745598418 0.6451980312477192 -2.3287730889776705
-0.22621209710385767 0.6402842523231764 -2.330024073305348
-0.20107741964787346 0.6353704733986336 -2.3312750576330252
-0.17594274219188927 0.6304566944740909 -2.3325260419607026
-0.15080806473590508 0.6255429155495481 -2.33377702628838
-0.1256733872799209 0.6206291366250053 -2.3350280106160572
-0.10053870982393678 0.6157153577004625 -2.3362789949437346
-0.0754040323679526 0.6108015787759197 -2.337529979271412
-0.05026935491196839 0.6058877998513769 -2.3387809635990893
-0.025134677455984196 0.6009740209268342 -2.3400319479267666
0.0 0.5960602420022914 -2.341282932254444
-0.9802524207833829 0.7928807525986105 -2.312853525494632
-0.9551177433273987 0.7879669736740677 -2.314104509822309
-0.9299830658714145 0.7830531947495248 -2.3153554941499865
-0.9048483884154305 0.7781394158249821 -2.316606478477664
-0.8797137109594463 0.7732256369004393 -2.317857462805341
-0.8545790335034621 0.7683118579758965 -2.3191084471330186
-0.8294443560474779 0.7633980790513537 -2.320359431460696
-0.8043096785914936 0.7584843001268109 -2.3216104157883732
-0.7791750011355095 0.7535705212022682 -2.3228614001160506
-0.7540403236795253 0.7486567422777254 -2.324112384443728
-0.7289056462235411 0.7437429633531826 -2.3253633687714053
-0.703770968767557 0.7388291844286398 -2.3266143530990826
-0.6786362913115728 0.733915405504097 -2.32786533742676
-0.6535016138555887 0.7290016265795543 -2.3291163217544373
-0.6283669363996044 0.7240878476550113 -2.3303673060821146
-0.6032322589436203 0.7191740687304686 -2.331618290409792
-0.5780975814876361 0.7142602898059258 -2.3328692747374693
-0.5529629040316519 0.709346510881383 -2.3341202590651466
-0.5278282265756679 0.7044327319568403 -2.335371243392824
-0.5026935491196836 0.6995189530322975 -2.3366222277205013
-0.4775588716636994 0.6946051741077547 -2.3378732120481787
-0.45242419420771524 0.6896913951832119 -2.339124196375856
-0.42728951675173105 0.6847776162586691 -2.3403751807035333
-0.4021548392957468 0.6798638373341263 -2.3416261650312107
-0.3770201618397626 0.6749500584095836 -2.342877149358888
-0.35188548438377854 0.6700362794850407 -2.3441281336865654
-0.32675080692779435 0.6651225005604979 -2.3453791180142427
-0.30161612947181016 0.6602087216359551 -2.34663010234192
-0.27648145201582597 0.6552949427114123 -2.3478810866695974
-0.2513467745598418 0.6503811637868696 -2.3491320709972747
-0.22621209710385767 0.6454673848623268 -2.350383055324952
-0.20107741964787346 0.640553605937784 -2.3516340396526294
-0.17594274219188927 0.6356398270132412 -2.3528850239803067
-0.15080806473590508 0.6307260480886984 -2.354136008307984
-0.1256733872799209 0.6258122691641557 -2.3553869926356614
-0.10053870982393678 0.6208984902396129 -2.3566379769633383
-0.0754040323679526 0.61598471131507 -2.3578889612910157
-0.05026935491196839 0.6110709323905272 -2.359139945618693
-0.025134677455984196 0.6061571534659844 -2.3603909299463703
0.0 0.6012433745414417 -2.3616419142740477
-0.9802524207833829 0.7980638851377608 -2.3332125075142356
-0.9551177433273987 0.793150106213218 -2.334463491841913
-0.9299830658714145 0.7882363272886752 -2.3357144761695903
-0.9048483884154305 0.7833225483641324 -2.3369654604972676
-0.8797137109594463 0.7784087694395896 -2.338216444824945
-0.8545790335034621 0.7734949905150469 -2.3394674291526223
-0.8294443560474779 0.7685812115905041 -2.3407184134802996
-0.8043096785914936 0.7636674326659613 -2.341969397807977
-0.7791750011355095 0.7587536537414185 -2.3432203821356543
-0.7540403236795253 0.7538398748168756 -2.3444713664633317
-0.7289056462235411 0.7489260958923329 -2.345722350791009
-0.703770968767557 0.7440123169677901 -2.3469733351186863
-0.6786362913115728 0.7390985380432473 -2.3482243194463637
-0.6535016138555887 0.7341847591187045 -2.349475303774041
-0.6283669363996044 0.7292709801941617 -2.3507262881017184
-0.6032322589436203 0.724357201269619 -2.3519772724293957
-0.5780975814876361 0.7194434223450762 -2.353228256757073
-0.5529629040316519 0.7145296434205334 -2.3544792410847504
-0.5278282265756679 0.7096158644959906 -2.3557302254124277
-0.5026935491196836 0.7047020855714478 -2.356981209740105
-0.4775588716636994 0.6997883066469051 -2.3582321940677824
-0.45242419420771524 0.6948745277223622 -2.3594831783954597
-0.42728951675173105 0.6899607487978194 -2.360734162723137
-0.4021548392957468 0.6850469698732766 -2.3619851470508144
-0.3770201618397626 0.6801331909487338 -2.3632361313784918
-0.35188548438377854 0.6752194120241911 -2.364487115706169
-0.32675080692779435 0.6703056330996483 -2.3657381000338464
-0.30161612947181016 0.6653918541751055 -2.3669890843615238
-0.27648145201582597 0.6604780752505627 -2.368240068689201
-0.2513467745598418 0.6555642963260199 -2.3694910530168785
-0.22621209710385767 0.6506505174014772 -2.370742037344556
-0.20107741964787346 0.6457367384769344 -2.371993021672233
-0.17594274219188927 0.6408229595523915 -2.3732440059999105
-0.15080806473590508 0.6359091806278487 -2.374494990327588
-0.1256733872799209 0.6309954017033059 -2.375745974655265
-0.10053870982393678 0.6260816227787632 -2.3769969589829425
-0.0754040323679526 0.6211678438542204 -2.37824794331062
-0.05026935491196839 0.6162540649296776 -2.379498927638297
-0.025134677455984196 0.6113402860051348 -2.3807499119659745
0.0 0.606426507080592 -2.382000896293652
-0.9802524207833829 0.8032470176769111 -2.3535714895338398
-0.9551177433273987 0.7983332387523684 -2.354822473861517
-0.9299830658714145 0.7934194598278256 -2.356073458189194
-0.9048483884154305 0.7885056809032828 -2.3573244425168713
-0.8797137109594463 0.78359190197874 -2.3585754268445487
-0.8545790335034621 0.7786781230541971 -2.359826411172226
-0.8294443560474779 0.7737643441296544 -2.3610773954999034
-0.8043096785914936 0.7688505652051116 -2.3623283798275807
-0.7791750011355095 0.7639367862805688 -2.363579364155258
-0.7540403236795253 0.759023007356026 -2.3648303484829354
-0.7289056462235411 0.7541092284314832 -2.3660813328106127
-0.703770968767557 0.7491954495069405 -2.36733231713829
-0.6786362913115728 0.7442816705823977 -2.3685833014659674
-0.6535016138555887 0.7393678916578549 -2.3698342857936447
-0.6283669363996044 0.7344541127333121 -2.371085270121322
-0.6032322589436203 0.7295403338087693 -2.3723362544489994
-0.5780975814876361 0.7246265548842266 -2.3735872387766768
-0.5529629040316519 0.7197127759596837 -2.374838223104354
-0.5278282265756679 0.7147989970351409 -2.3760892074320314
-0.5026935491196836 0.7098852181105981 -2.377340191759709
-0.4775588716636994 0.7049714391860553 -2.378591176087386
-0.45242419420771524 0.7000576602615126 -2.3798421604150635
-0.42728951675173105 0.6951438813369698 -2.381093144742741
-0.4021548392957468 0.690230102412427 -2.382344129070418
-0.3770201618397626 0.6853163234878842 -2.3835951133980955
-0.35188548438377854 0.6804025445633414 -2.384846097725773
-0.32675080692779435 0.6754887656387987 -2.38609708205345
-0.30161612947181016 0.6705749867142559 -2.3873480663811275
-0.27648145201582597 0.665661207789713 -2.388599050708805
-0.2513467745598418 0.6607474288651702 -2.389850035036482
-0.22621209710385767 0.6558336499406274 -2.3911010193641595
-0.20107741964787346 0.6509198710160847 -2.392352003691837
-0.17594274219188927 0.6460060920915419 -2.393602988019514
-0.15080806473590508 0.6410923131669991 -2.3948539723471916
-0.1256733872799209 0.6361785342424563 -2.396104956674869
-0.10053870982393678 0.6312647553179135 -2.3973559410025462
-0.0754040323679526 0.6263509763933708 -2.3986069253302236
-0.05026935491196839 0.621437197468828 -2.399857909657901
-0.025134677455984196 0.6165234185442852 -2.4011088939855783
0.0 0.6116096396197424 -2.4023598783132556
-0.9802524207833829 0.8084301502160615 -2.3739304715534435
-0.9551177433273987 0.8035163712915186 -2.375181455881121
-0.9299830658714145 0.7986025923669758 -2.376432440208798
-0.9048483884154305 0.7936888134424331 -2.3776834245364755
-0.8797137109594463 0.7887750345178903 -2.378934408864153
-0.8545790335034621 0.7838612555933475 -2.38018539319183
-0.8294443560474779 0.7789474766688047 -2.381436377519507
-0.8043096785914936 0.7740336977442619 -2.3826873618471844
-0.7791750011355095 0.7691199188197192 -2.3839383461748618
-0.7540403236795253 0.7642061398951764 -2.385189330502539
-0.7289056462235411 0.7592923609706336 -2.3864403148302165
-0.703770968767557 0.7543785820460908 -2.387691299157894
-0.6786362913115728 0.749464803121548 -2.388942283485571
-0.6535016138555887 0.7445510241970053 -2.3901932678132485
-0.6283669363996044 0.7396372452724624 -2.391444252140926
-0.6032322589436203 0.7347234663479196 -2.392695236468603
-0.5780975814876361 0.7298096874233768 -2.3939462207962805
-0.5529629040316519 0.724895908498834 -2.395197205123958
-0.5278282265756679 0.7199821295742913 -2.396448189451635
-0.5026935491196836 0.7150683506497485 -2.3976991737793125
-0.4775588716636994 0.7101545717252057 -2.39895015810699
-0.45242419420771524 0.7052407928006629 -2.400201142434667
-0.42728951675173105 0.7003270138761201 -2.4014521267623445
-0.4021548392957468 0.6954132349515774 -2.402703111090022
-0.3770201618397626 0.6904994560270346 -2.403954095417699
-0.35188548438377854 0.6855856771024917 -2.4052050797453766
-0.32675080692779435 0.6806718981779489 -2.406456064073054
-0.30161612947181016 0.6757581192534061 -2.4077070484007312
-0.27648145201582597 0.6708443403288634 -2.4089580327284086
-0.2513467745598418 0.6659305614043206 -2.410209017056086
-0.22621209710385767 0.6610167824797778 -2.4114600013837633
-0.20107741964787346 0.656103003555235 -2.4127109857114406
-0.17594274219188927 0.6511892246306922 -2.413961970039118
-0.15080806473590508 0.6462754457061495 -2.4152129543667953
-0.1256733872799209 0.6413616667816067 -2.4164639386944726
-0.10053870982393678 0.6364478878570639 -2.41771492302215
-0.0754040323679526 0.631534108932521 -2.4189659073498273
-0.05026935491196839 0.6266203300079782 -2.4202168916775046
-0.025134677455984196 0.6217065510834355 -2.421467876005182
0.0 0.6167927721588927 -2.4227188603328593
POLYGONS 9282 37128
3 0 40 1
3 1 40 41
3 1 41 2
3 2 41 42
3 2 42 3
3 3 42 43
3 3 43 4
3 4 43 44
3 4 44 5
3 5 44 45
3 5 45 6
3 6 45 46
3 6 46 7
3 7 46 47
3 7 47 8
3 8 47 48
3 8 48 9
3 9 48 49
3 9 49 10
3 10 49 50
3 10 50 11
3 11 50 51
3 11 51 12
3 12 51 52
3 12 52 13
3 13 52 53
3 13 53 14
3 14 53 54
3 14 54 15
3 15 54 55
3 15 55 16
3 16 55 56
3 16 56 17
3 17 56 57
3 17 57 18
3 18 57 58
3 18 58 19
3 19 58 59
3 19 59 20
3 20 59 60
3 20 60 21
3 21 60 61
3 21 61 22
3 22 61 62
3 22 62 23
3 23 62 63
3 23 63 24
3 24 63 64
3 24 64 25
3 25 64 65
3 25 65 26
3 26 65 66
3 26 66 27
3 27 66 67
3 27 67 28
3 28 67 68
3 28 68 29
3 29 68 69
3 29 69 30
3 30 69 70
3 30 70 31
3 31 70 71
3 31 71 32
3 32 71 72
3 32 72 33
3 33 72 73
3 33 73 34
3 34 73 74
3 34 74 35
3 35 74 75
3 35 75 36
3 36 75 76
3 36 76 37
3 37 76 77
3 37 77 38
3 38 77 78
3 38 78 39
3 39 78 79
3 40 80 41
3 41 80 81
3 41 81 42
3 42 81 82
3 42 82 43
3 43 82 83
3 43 83 44
3 44 83 84
3 44 84 45
3 45 84 85
3 45 85 46
3 46 85 86
3 46 86 47
3 47 86 87
3 47 87 48
3 48 87 88
3 48 88 49
3 49 88 89
3 49 89 50
3 50 89 90
3 50 90 51
3 51 90 91
3 51 91 52
3 52 91 92
3 52 92 53
3 53 92 93
3 53 93 54
3 54 93 94
3 54 94 55
3 55 94 95
3 55 95 56
3 56 95 96
3 56 96 57
3 57 96 97
3 57 97 58
3 58 97 98
3 58 98 59
3 59 98 99
3 59 99 60
3 60 99 100
3 60 100 61
3 61 100 101
3 61 101 62
3 62 101 102
3 62 102 63
3 63 102 103
3 63 103 64
3 64 103 104
3 64 104 65
3 65 104 105
3 65 105 66
3 66 105 106
3 66 106 67
3 67 106 107
3 67 107 68
3 68 107 108
3 68 108 69
3 69 108 109
3 69 109 70
3 70 109 110
3 70 110 71
3 71 110 111
3 71 111 72
3 72 111 112
3 72 112 73
3 73 112 113
3 73 113 74
3 74 113 114
3 74 114 75
3 75 114 115
3 75 115 76
3 76 115 116
3 76 116 77
3 77 116 117
3 77 117 78
3 78 117 118
3 78 118 79
3 79 118 119
3 80 120 81
3 81 120 121
3 81 121 82
3 82 121 122
3 82 122 83
3 83 122 123
3 83 123 84
3 84 123 124
3 84 124 85
3 85 124 125
3 85 125 86
3 86 125 126
3 86 126 87
3 87 126 127
3 87 127 88
3 88 127 128
3 88 128 89
3 89 128 129
3 89 129 90
3 90 129 130
3 90 130 91
3 91 130 131
3 91 131 92
3 92 131 132
3 92 132 93
3 93 132 133
3 93 133 94
3 94 133 134
3 94 134 95
3 95 134 135
3 95 135 96
3 96 135 136
3 96 136 97
3 97 136 137
3 97 137 98
3 98 137 138
3 98 138 99
3 99 138 139
3 99 139 100
3 100 139 140
3 100 140 101
3 101 140 141
3 101 141 102
3 102 141 142
3 102 142 103
3 103 142 143
3 103 143 104
3 104 143 144
3 104 144 105
3 105 144 145
3 105 145 106
3 106 145 146
3 106 146 107
3 107 146 147
3 107 147 108
3 108 147 148
3 108 148 109
3 109 148 149
3 109 149 110
3 110 149 150
3 110 150 111
3 111 150 151
3 111 151 112
3 112 151 152
3 112 152 113
3 113 152 153
3 113 153 114
3 114 153 154
3 114 154 115
3 115 154 155
3 115 155 116
3 116 155 156
3 116 156 117
3 117 156 157
3 117 157 118
3 118 157 158
3 118 158 119
3 119 158 159
3 120 160 121
3 121 160 161
3 121 161 122
3 122 161 162
3 122 162 123
3 123 162 163
3 123 163 124
3 124 163 164
3 124 164 125
3 125 164 165
3 125 165 126
3 126 165 166
3 126 166 127
3 127 166 167
3 127 167 128
3 128 167 168
3 128 168 129
3 129 168 169
3 129 169 130
3 130 169 170
3 130 170 131
3 131 170 171
3 131 171 132
3 132 171 172
3 132 172 133
3 133 172 173
3 133 173 134
3 134 173 174
3 134 174 135
3 135 174 175
3 135 175 136
3 136 175 176
3 136 176 137
3 137 176 177
3 137 177 138
3 138 177 178
3 138 178 139
3 139 178 179
3 139 179 140
3 140 179 180
3 140 180 141
3 141 180 181
3 141 181 142
3 142 181 182
3 142 182 143
3 143 182 183
3 143 183 144
3 144 183 184
3 144 184 145
3 145 184 185
3 145 185 146
3 146 185 186
3 146 186 147
3 147 186 187
3 147 187 148
3 148 187 188
3 148 188 149
3 149 188 189
3 149 189 150
3 150 189 190
3 150 190 151
3 151 190 191
3 151 191 152
3 152 191 192
3 152 192 153
3 153 192 193
3 153 193 154
3 154 193 194
3 154 194 155
3 155 194 195
3 155 195 156
3 156 195 196
3 156 196 157
3 157 196 197
3 157 197 158
3 158 197 198
3 158 198 159
3 159 198 199
3 160 200 161
3 161 200 201
3 161 201 162
3 162 201 202
3 162 202 163
3 163 202 203
3 163 203 164
3 164 203 204
3 164 204 165
3 165 204 205
3 165 205 166
3 166 205 206
3 166 206 167
3 167 206 207
3 167 207 168
3 168 207 208
3 168 208 169
3 169 208 209
3 169 209 170
3 170 209 210
3 170 210 171
3 171 210 211
3 171 211 172
3 172 211 212
3 172 212 173
3 173 212 213
3 173 213 174
3 174 213 214
3 174 214 175
3 175 214 215
3 175 215 176
3 176 215 216
3 176 216 177
3 177 216 217
3 177 217 178
3 178 217 218
3 178 218 179
3 179 218 219
3 179 219 180
3 180 219 220
3 180 220 181
3 181 220 221
3 181 221 182
3 182 221 222
3 182 222 183
3 183 222 223
3 183 223 184
3 184 223 224
3 184 224 185
3 185 224 225
3 185 225 186
3 186 225 226
3 186 226 187
3 187 226 227
3 187 227 188
3 188 227 228
3 188 228 189
3 189 228 229
3 189 229 190
3 190 229 230
3 190 230 191
3 191 230 231
3 191 231 192
3 192 231 232
3 192 232 193
3 193 232 233
3 193 233 194
3 194 233 234
3 194 234 195
3 195 234 235
3 195 235 196
3 196 235 236
3 196 236 197
3 197 236 237
3 197 237 198
3 198 237 238
3 198 238 199
3 199 238 239
3 200 240 201
3 201 240 241
3 201 241 202
3 202 241 242
3 202 242 203
3 203 242 243
3 203 243 204
3 204 243 244
3 204 244 205
3 205 244 245
3 205 245 206
3 206 245 246
3 206 246 207
3 207 246 247
3 207 247 208
3 208 247 248
3 208 248 209
3 209 248 249
3 209 249 210
3 210 249 250
3 210 250 211
3 211 250 251
3 211 251 212
3 212 251 252
3 212 252 213
3 213 252 253
3 213 253 214
3 214 253 254
3 214 254 215
3 215 254 255
3 215 255 216
3 216 255 256
3 216 256 217
3 217 256 257
3 217 257 218
3 218 257 258
3 218 258 219
3 219 258 259
3 219 259 220
3 220 259 260
3 220 260 221
3 221 260 261
3 221 261 222
3 222 261 262
3 222 262 223
3 223 262 263
3 223 263 224
3 224 263 264
3 224 264 225
3 225 264 265
3 225 265 226
3 226 265 266
3 226 266 227
3 227 266 267
3 227 267 228
3 228 267 268
3 228 268 229
3 229 268 269
3 229 269 230
3 230 269 270
3 230 270 231
3 231 270 271
3 231 271 232
3 232 271 272
3 232 272 233
3 233 272 273
3 233 273 234
3 234 273 274
3 234 274 235
3 235 274 275
3 235 275 236
3 236 275 276
3 236 276 237
3 237 276 277
3 237 277 238
3 238 277 278
3 238 278 239
3 239 278 279
3 240 280 241
3 241 280 281
3 241 281 242
3 242 281 282
3 242 282 243
3 243 282 283
3 243 283 244
3 244 283 284
3 244 284 245
3 245 284 285
3 245 285 246
3 246 285 286
3 246 286 247
3 247 286 287
3 247 287 248
3 248 287 288
3 248 288 249
3 249 288 289
3 249 289 250
3 250 289 290
3 250 290 251
3 251 290 291
3 251 291 252
3 252 291 292
3 252 292 253
3 253 292 293
3 253 293 254
3 254 293 294
3 254 294 255
3 255 294 295
3 255 295 256
3 256 295 296
3 256 296 257
3 257 296 297
3 257 297 258
3 258 297 298
3 258 298 259
3 259 298 299
3 259 299 260
3 260 299 300
3 260 300 261
3 261 300 301
3 261 301 262
3 262 301 302
3 262 302 263
3 263 302 303
3 263 303 264
3 264 303 304
3 264 304 265
3 265 304 305
3 265 305 266
3 266 305 306
3 266 306 267
3 267 306 307
3 267 307 268
3 268 307 308
3 268 308 269
3 269 308 309
3 269 309 270
3 270 309 310
3 270 310 271
3 271 310 311
3 271 311 272
3 272 311 312
3 272 312 273
3 273 312 313
3 273 313 274
3 274 313 314
3 274 314 275
3 275 314 315
3 275 315 276
3 276 315 316
3 276 316 277
3 277 316 317
3 277 317 278
3 278 317 318
3 278 318 279
3 279 318 319
3 280 320 281
3 281 320 321
3 281 321 282
3 282 321 322
3 282 322 283
3 283 322 323
3 283 323 284
3 284 323 324
3 284 324 285
3 285 324 325
3 285 325 286
3 286 325 326
3 286 326 287
3 287 326 327
3 287 327 288
3 288 327 328
3 288 328 289
3 289 328 329
3 289 329 290
3 290 329 330
3 290 330 291
3 291 330 331
3 291 331 292
3 292 331 332
3 292 332 293
3 293 332 333
3 293 333 294
3 294 333 334
3 294 334 295
3 295 334 335
3 295 335 296
3 296 335 336
3 296 336 297
3 297 336 337
3 297 337 298
3 298 337 338
3 298 338 299
3 299 338 339
3 299 339 300
3 300 339 340
3 300 340 301
3 301 340 341
3 301 341 302
3 302 341 342
3 302 342 303
3 303 342 343
3 303 343 304
3 304 343 344
3 304 344 305
3 305 344 345
3 305 345 306
3 306 345 346
3 306 346 307
3 307 346 347
3 307 347 308
3 308 347 348
3 308 348 309
3 309 348 349
3 309 349 310
3 310 349 350
3 310 350 311
3 311 350 351
3 311 351 312
3 312 351 352
3 312 352 313
3 313 352 353
3 313 353 314
3 314 353 354
3 314 354 315
3 315 354 355
3 315 355 316
3 316 355 356
3 316 356 317
3 317 356 357
3 317 357 318
3 318 357 358
3 318 358 319
3 319 358 359
3 320 360 321
3 321 360 361
3 321 361 322
3 322 361 362
3 322 362 323
3 323 362 363
3 323 363 324
3 324 363 364
3 324 364 325
3 325 364 365
3 325 365 326
3 326 365 366
3 326 366 327
3 327 366 367
3 327 367 328
3 328 367 368
3 328 368 329
3 329 368 369
3 329 369 330
3 330 369 370
3 330 370 331
3 331 370 371
3 331 371 332
3 332 371 372
3 332 372 333
3 333 372 373
3 333 373 334
3 334 373 374
3 334 374 335
3 335 374 375
3 335 375 336
3 336 375 376
3 336 376 337
3 337 376 377
3 337 377 338
3 338 377 378
3 338 378 339
3 339 378 379
3 339 379 340
3 340 379 380
3 340 380 341
3 341 380 381
3 341 381 342
3 342 381 382
3 342 382 343
3 343 382 383
3 343 383 344
3 344 383 384
3 344 384 345
3 345 384 385
3 345 385 346
3 346 385 386
3 346 386 347
3 347 386 387
3 347 387 348
3 348 387 388
3 348 388 349
3 349 388 389
3 349 389 350
3 350 389 390
3 350 390 351
3 351 390 391
3 351 391 352
3 352 391 392
3 352 392 353
3 353 392 393
3 353 393 354
3 354 393 394
3 354 394 355
3 355 394 395
3 355 395 356
3 356 395 396
3 356 396 357
3 357 396 397
3 357 397 358
3 358 397 398
3 358 398 359
3 359 398 399
3 360 400 361
3 361 400 401
3 361 401 362
3 362 401 402
3 362 402 363
3 363 402 403
3 363 403 364
3 364 403 404
3 364 404 365
3 365 404 405
3 365 405 366
3 366 405 406
3 366 406 367
3 367 406 407
3 367 407 368
3 368 407 408
3 368 408 369
3 369 408 409
3 369 409 370
3 370 409 410
3 370 410 371
3 371 410 411
3 371 411 372
3 372 411 412
3 372 412 373
3 373 412 413
3 373 413 374
3 374 413 414
3 374 414 375
3 375 414 415
3 375 415 376
3 376 415 416
3 376 416 377
3 377 416 417
3 377 417 378
3 378 417 418
3 378 418 379
3 379 418 419
3 379 419 380
3 380 419 420
3 380 420 381
3 381 420 421
3 381 421 382
3 382 421 422
3 382 422 383
3 383 422 423
3 383 423 384
3 384 423 424
3 384 424 385
3 385 424 425
3 385 425 386
3 386 425 426
3 386 426 387
3 387 426 427
3 387 427 388
3 388 427 428
3 388 428 389
3 389 428 429
3 389 429 390
3 390 429 430
3 390 430 391
3 391 430 431
3 391 431 392
3 392 431 432
3 392 432 393
3 393 432 433
3 393 433 394
3 394 433 434
3 394 434 395
3 395 434 435
3 395 435 396
3 396 435 436
3 396 436 397
3 397 436 437
3 397 437 398
3 398 437 438
3 398 438 399
3 399 438 439
3 400 440 401
3 401 440 441
3 401 441 402
3 402 441 442
3 402 442 403
3 403 442 443
3 403 443 404
3 404 443 444
3 404 444 405
3 405 444 445
3 405 445 406
3 406 445 446
3 406 446 407
3 407 446 447
3 407 447 408
3 408 447 448
3 408 448 409
3 409 448 449
3 409 449 410
3 410 449 450
3 410 450 411
3 411 450 451
3 411 451 412
3 412 451 452
3 412 452 413
3 413 452 453
3 413 453 414
3 414 453 454
3 414 454 415
3 415 454 455
3 415 455 416
3 416 455 456
3 416 456 417
3 417 456 457
3 417 457 418
3 418 457 458
3 418 458 419
3 419 458 459
3 419 459 420
3 420 459 460
3 420 460 421
3 421 460 461
3 421 461 422
3 422 461 462
3 422 462 423
3 423 462 463
3 423 463 424
3 424 463 464
3 424 464 425
3 425 464 465
3 425 465 426
3 426 465 466
3 426 466 427
3 427 466 467
3 427 467 428
3 428 467 468
3 428 468 429
3 429 468 469
3 429 469 430
3 430 469 470
3 430 470 431
3 431 470 471
3 431 471 432
3 432 471 472
3 432 472 433
3 433 472 473
3 433 473 434
3 434 473 474
3 434 474 435
3 435 474 475
3 435 475 436
3 436 475 476
3 436 476 437
3 437 476 477
3 437 477 438
3 438 477 478
3 438 478 439
3 439 478 479
3 440 480 441
3 441 480 481
3 441 481 442
3 442 481 482
3 442 482 443
3 443 482 483
3 443 483 444
3 444 483 484
3 444 484 445
3 445 484 485
3 445 485 446
3 446 485 486
3 446 486 447
3 447 486 487
3 447 487 448
3 448 487 488
3 448 488 449
3 449 488 489
3 449 489 450
3 450 489 490
3 450 490 451
3 451 490 491
3 451 491 452
3 452 491 492
3 452 492 453
3 453 492 493
3 453 493 454
3 454 493 494
3 454 494 455
3 455 494 495
3 455 495 456
3 456 495 496
3 456 496 457
3 457 496 497
3 457 497 458
3 458 497 498
3 458 498 459
3 459 498 499
3 459 499 460
3 460 499 500
3 460 500 461
3 461 500 501
3 461 501 462
3 462 501 502
3 462 502 463
3 463 502 503
3 463 503 464
3 464 503 504
3 464 504 465
3 465 504 505
3 465 505 466
3 466 505 506
3 466 506 467
3 467 506 507
3 467 507 468
3 468 507 508
3 468 508 469
3 469 508 509
3 469 509 470
3 470 509 510
3 470 510 471
3 471 510 511
3 471 511 472
3 472 511 512
3 472 512 473
3 473 512 513
3 473 513 474
3 474 513 514
3 474 514 475
3 475 514 515
3 475 515 476
3 476 515 516
3 476 516 477
3 477 516 517
3 477 517 478
3 478 517 518
3 478 518 479
3 479 518 519
3 480 520 481
3 481 520 521
3 481 521 482
3 482 521 522
3 482 522 483
3 483 522 523
3 483 523 484
3 484 523 524
3 484 524 485
3 485 524 525
3 485 525 486
3 486 525 526
3 486 526 487
3 487 526 527
3 487 527 488
3 488 527 528
3 488 528 489
3 489 528 529
3 489 529 490
3 490 529 530
3 490 530 491
3 491 530 531
3 491 531 492
3 492 531 532
3 492 532 493
3 493 532 533
3 493 533 494
3 494 533 534
3 494 534 495
3 495 534 535
3 495 535 496
3 496 535 536
3 496 536 497
3 497 536 537
3 497 537 498
3 498 537 538
3 498 538 499
3 499 538 539
3 499 539 500
3 500 539 540
3 500 540 501
3 501 540 541
3 501 541 502
3 502 541 542
3 502 542 503
3 503 542 543
3 503 543 504
3 504 543 544
3 504 544 505
3 505 544 545
3 505 545 506
3 506 545 546
3 506 546 507
3 507 546 547
3 507 547 508
3 508 547 548
3 508 548 509
3 509 548 549
3 509 549 510
3 510 549 550
3 510 550 511
3 511 550 551
3 511 551 512
3 512 551 552
3 512 552 513
3 513 552 553
3 513 553 514
3 514 553 554
3 514 554 515
3 515 554 555
3 515 555 516
3 516 555 556
3 516 556 517
3 517 556 557
3 517 557 518
3 518 557 558
3 518 558 519
3 519 558 559
3 520 560 521
3 521 560 561
3 521 561 522
3 522 561 562
3 522 562 523
3 523 562 563
3 523 563 524
3 524 563 564
3 524 564 525
3 525 564 565
3 525 565 526
3 526 565 566
3 526 566 527
3 527 566 567
3 527 567 528
3 528 567 568
3 528 568 529
3 529 568 569
3 529 569 530
3 530 569 570
3 530 570 531
3 531 570 571
3 531 571 532
3 532 571 572
3 532 572 533
3 533 572 573
3 533 573 534
3 534 573 574
3 534 574 535
3 535 574 575
3 535 575 536
3 536 575 576
3 536 576 537
3 537 576 577
3 537 577 538
3 538 577 578
3 538 578 539
3 539 578 579
3 539 579 540
3 540 579 580
3 540 580 541
3 541 580 581
3 541 581 542
3 542 581 582
3 542 582 543
3 543 582 583
3 543 583 544
3 544 583 584
3 544 584 545
3 545 584 585
3 545 585 546
3 546 585 586
3 546 586 547
3 547 586 587
3 547 587 548
3 548 587 588
3 548 588 549
3 549 588 589
3 549 589 550
3 550 589 590
3 550 590 551
3 551 590 591
3 551 591 552
3 552 591 592
3 552 592 553
3 553 592 593
3 553 593 554
3 554 593 594
3 554 594 555
3 555 594 595
3 555 595 556
3 556 595 596
3 556 596 557
3 557 596 597
3 557 597 558
3 558 597 598
3 558 598 559
3 559 598 599
3 560 600 561
3 561 600 601
3 561 601 562
3 562 601 602
3 562 602 563
3 563 602 603
3 563 603 564
3 564 603 604
3 564 604 565
3 565 604 605
3 565 605 566
3 566 605 606
3 566 606 567
3 567 606 607
3 567 607 568
3 568 607 608
3 568 608 569
3 569 608 609
3 569 609 570
3 570 609 610
3 570 610 571
3 571 610 611
3 571 611 572
3 572 611 612
3 572 612 573
3 573 612 613
3 573 613 574
3 574 613 614
3 574 614 575
3 575 614 615
3 575 615 576
3 576 615 616
3 576 616 577
3 577 616 617
3 577 617 578
3 578 617 618
3 578 618 579
3 579 618 619
3 579 619 580
3 580 619 620
3 580 620 581
3 581 620 621
3 581 621 582
3 582 621 622
3 582 622 583
3 583 622 623
3 583 623 584
3 584 623 624
3 584 624 585
3 585 624 625
3 585 625 586
3 586 625 626
3 586 626 587
3 587 626 627
3 587 627 588
3 588 627 628
3 588 628 589
3 589 628 629
3 589 629 590
3 590 629 630
3 590 630 591
3 591 630 631
3 591 631 592
3 592 631 632
3 592 632 593
3 593 632 633
3 593 633 594
3 594 633 634
3 594 634 595
3 595 634 635
3 595 635 596
3 596 635 636
3 596 636 597
3 597 636 637
3 597 637 598
3 598 637 638
3 598 638 599
3 599 638 639
3 600 640 601
3 601 640 641
3 601 641 602
3 602 641 642
3 602 642 603
3 603 642 643
3 603 643 604
3 604 643 644
3 604 644 605
3 605 644 645
3 605 645 606
3 606 645 646
3 606 646 607
3 607 646 647
3 607 647 608
3 608 647 648
3 608 648 609
3 609 648 649
3 609 649 610
3 610 649 650
3 610 650 611
3 611 650 651
3 611 651 612
3 612 651 652
3 612 652 613
3 613 652 653
3 613 653 614
3 614 653 654
3 614 654 615
3 615 654 655
3 615 655 616
3 616 655 656
3 616 656 617
3 617 656 657
3 617 657 618
3 618 657 658
3 618 658 619
3 619 658 659
3 619 659 620
3 620 659 660
3 620 660 621
3 621 660 661
3 621 661 622
3 622 661 662
3 622 662 623
3 623 662 663
3 623 663 624
3 624 663 664
3 624 664 625
3 625 664 665
3 625 665 626
3 626 665 666
3 626 666 627
3 627 666 667
3 627 667 628
3 628 667 668
3 628 668 629
3 629 668 669
3 629 669 630
3 630 669 670
3 630 670 631
3 631 670 671
3 631 671 632
3 632 671 672
3 632 672 633
3 633 672 673
3 633 673 634
3 634 673 674
3 634 674 635
3 635 674 675
3 635 675 636
3 636 675 676
3 636 676 637
3 637 676 677
3 637 677 638
3 638 677 678
3 638 678 639
3 639 678 679
3 640 680 641
3 641 680 681
3 641 681 642
3 642 681 682
3 642 682 643
3 643 682 683
3 643 683 644
3 644 683 684
3 644 684 645
3 645 684 685
3 645 685 646
3 646 685 686
3 646 686 647
3 647 686 687
3 647 687 648
3 648 687 688
3 648 688 649
3 649 688 689
3 649 689 650
3 650 689 690
3 650 690 651
3 651 690 691
3 651 691 652
3 652 691 692
3 652 692 653
3 653 692 693
3 653 693 654
3 654 693 694
3 654 694 655
3 655 694 695
3 655 695 656
3 656 695 696
3 656 696 657
3 657 696 697
3 657 697 658
3 658 697 698
3 658 698 659
3 659 698 699
3 659 699 660
3 660 699 700
3 660 700 661
3 661 700 701
3 661 701 662
3 662 701 702
3 662 702 663
3 663 702 703
3 663 703 664
3 664 703 704
3 664 704 665
3 665 704 705
3 665 705 666
3 666 705 706
3 666 706 667
3 667 706 707
3 667 707 668
3 668 707 708
3 668 708 669
3 669 708 709
3 669 709 670
3 670 709 710
3 670 710 671
3 671 710 711
3 671 711 672
3 672 711 712
3 672 712 673
3 673 712 713
3 673 713 674
3 674 713 714
3 674 714 675
3 675 714 715
3 675 715 676
3 676 715 716
3 676 716 677
3 677 716 717
3 677 717 678
3 678 717 718
3 678 718 679
3 679 718 719
3 680 720 681
3 681 720 721
3 681 721 682
3 682 721 722
3 682 722 683
3 683 722 723
3 683 723 684
3 684 723 724
3 684 724 685
3 685 724 725
3 685 725 686
3 686 725 726
3 686 726 687
3 687 726 727
3 687 727 688
3 688 727 728
3 688 728 689
3 689 728 729
3 689 729 690
3 690 729 730
3 690 730 691
3 691 730 731
3 691 731 692
3 692 731 732
3 692 732 693
3 693 732 733
3 693 733 694
3 694 733 734
3 694 734 695
3 695 734 735
3 695 735 696
3 696 735 736
3 696 736 697
3 697 736 737
3 697 737 698
3 698 737 738
3 698 738 699
3 699 738 739
3 699 739 700
3 700 739 740
3 700 740 701
3 701 740 741
3 701 741 702
3 702 741 742
3 702 742 703
3 703 742 743
3 703 743 704
3 704 743 744
3 704 744 705
3 705 744 745
3 705 745 706
3 706 745 746
3 706 746 707
3 707 746 747
3 707 747 708
3 708 747 748
3 708 748 709
3 709 748 749
3 709 749 710
3 710 749 750
3 710 750 711
3 711 750 751
3 711 751 712
3 712 751 752
3 712 752 713
3 713 752 753
3 713 753 714
3 714 753 754
3 714 754 715
3 715 754 755
3 715 755 716
3 716 755 756
3 716 756 717
3 717 756 757
3 717 757 718
3 718 757 758
3 718 758 719
3 719 758 759
3 720 760 721
3 721 760 761
3 721 761 722
3 722 761 762
3 722 762 723
3 723 762 763
3 723 763 724
3 724 763 764
3 724 764 725
3 725 764 765
3 725 765 726
3 726 765 766
3 726 766 727
3 727 766 767
3 727 767 728
3 728 767 768
3 728 768 729
3 729 768 769
3 729 769 730
3 730 769 770
3 730 770 731
3 731 770 771
3 731 771 732
3 732 771 772
3 732 772 733
3 733 772 773
3 733 773 734
3 734 773 774
3 734 774 735
3 735 774 775
3 735 775 736
3 736 775 776
3 736 776 737
3 737 776 777
3 737 777 738
3 738 777 778
3 738 778 739
3 739 778 779
3 739 779 740
3 740 779 780
3 740 780 741
3 741 780 781
3 741 781 742
3 742 781 782
3 742 782 743
3 743 782 783
3 743 783 744
3 744 783 784
3 744 784 745
3 745 784 785
3 745 785 746
3 746 785 786
3 746 786 747
3 747 786 787
3 747 787 748
3 748 787 788
3 748 788 749
3 749 788 789
3 749 789 750
3 750 789 790
3 750 790 751
3 751 790 791
3 751 791 752
3 752 791 792
3 752 792 753
3 753 792 793
3 753 793 754
3 754 793 794
3 754 794 755
3 755 794 795
3 755 795 756
3 756 795 796
3 756 796 757
3 757 796 797
3 757 797 758
3 758 797 798
3 758 798 759
3 759 798 799
3 760 800 761
3 761 800 801
3 761 801 762
3 762 801 802
3 762 802 763
3 763 802 803
3 763 803 764
3 764 803 804
3 764 804 765
3 765 804 805
3 765 805 766
3 766 805 806
3 766 806 767
3 767 806 807
3 767 807 768
3 768 807 808
3 768 808 769
3 769 808 809
3 769 809 770
3 770 809 810
3 770 810 771
3 771 810 811
3 771 811 772
3 772 811 812
3 772 812 773
3 773 812 813
3 773 813 774
3 774 813 814
3 774 814 775
3 775 814 815
3 775 815 776
3 776 815 816
3 776 816 777
3 777 816 817
3 777 817 778
3 778 817 818
3 778 818 779
3 779 818 819
3 779 819 780
3 780 819 820
3 780 820 781
3 781 820 821
3 781 821 782
3 782 821 822
3 782 822 783
3 783 822 823
3 783 823 784
3 784 823 824
3 784 824 785
3 785 824 825
3 785 825 786
3 786 825 826
3 786 826 787
3 787 826 827
3 787 827 788
3 788 827 828
3 788 828 789
3 789 828 829
3 789 829 790
3 790 829 830
3 790 830 791
3 791 830 831
3 791 831 792
3 792 831 832
3 792 832 793
3 793 832 833
3 793 833 794
3 794 833 834
3 794 834 795
3 795 834 835
3 795 835 796
3 796 835 836
3 796 836 797
3 797 836 837
3 797 837 798
3 798 837 838
3 798 838 799
3 799 838 839
3 800 840 801
3 801 840 841
3 801 841 802
3 802 841 842
3 802 842 803
3 803 842 843
3 803 843 804
3 804 843 844
3 804 844 805
3 805 844 845
3 805 845 806
3 806 845 846
3 806 846 807
3 807 846 847
3 807 847 808
3 808 847 848
3 808 848 809
3 809 848 849
3 809 849 810
3 810 849 850
3 810 850 811
3 811 850 851
3 811 851 812
3 812 851 852
3 812 852 813
3 813 852 853
3 813 853 814
3 814 853 854
3 814 854 815
3 815 854 855
3 815 855 816
3 816 855 856
3 816 856 817
3 817 856 857
3 817 857 818
3 818 857 858
3 818 858 819
3 819 858 859
3 819 859 820
3 820 859 860
3 820 860 821
3 821 860 861
3 821 861 822
3 822 861 862
3 822 862 823
3 823 862 863
3 823 863 824
3 824 863 864
3 824 864 825
3 825 864 865
3 825 865 826
3 826 865 866
3 826 866 827
3 827 866 867
3 827 867 828
3 828 867 868
3 828 868 829
3 829 868 869
3 829 869 830
3 830 869 870
3 830 870 831
3 831 870 871
3 831 871 832
3 832 871 872
3 832 872 833
3 833 872 873
3 833 873 834
3 834 873 874
3 834 874 835
3 835 874 875
3 835 875 836
3 836 875 876
3 836 876 837
3 837 876 877
3 837 877 838
3 838 877 878
3 838 878 839
3 839 878 879
3 840 880 841
3 841 880 881
3 841 881 842
3 842 881 882
3 842 882 843
3 843 882 883
3 843 883 844
3 844 883 884
3 844 884 845
3 845 884 885
3 845 885 846
3 846 885 886
3 846 886 847
3 847 886 887
3 847 887 848
3 848 887 888
3 848 888 849
3 849 888 889
3 849 889 850
3 850 889 890
3 850 890 851
3 851 890 891
3 851 891 852
3 852 891 892
3 852 892 853
3 853 892 893
3 853 893 854
3 854 893 894
3 854 894 855
3 855 894 895
3 855 895 856
3 856 895 896
3 856 896 857
3 857 896 897
3 857 897 858
3 858 897 898
3 858 898 859
3 859 898 899
3 859 899 860
3 860 899 900
3 860 900 861
3 861 900 901
3 861 901 862
3 862 901 902
3 862 902 863
3 863 902 903
3 863 903 864
3 864 903 904
3 864 904 865
3 865 904 905
3 865 905 866
3 866 905 906
3 866 906 867
3 867 906 907
3 867 907 868
3 868 907 908
3 868 908 869
3 869 908 909
3 869 909 870
3 870 909 910
3 870 910 871
3 871 910 911
3 871 911 872
3 872 911 912
3 872 912 873
3 873 912 913
3 873 913 874
3 874 913 914
3 874 914 875
3 875 914 915
3 875 915 876
3 876 915 916
3 876 916 877
3 877 916 917
3 877 917 878
3 878 917 918
3 878 918 879
3 879 918 919
3 880 920 881
3 881 920 921
3 881 921 882
3 882 921 922
3 882 922 883
3 883 922 923
3 883 923 884
3 884 923 924
3 884 924 885
3 885 924 925
3 885 925 886
3 886 925 926
3 886 926 887
3 887 926 927
3 887 927 888
3 888 927 928
3 888 928 889
3 889 928 929
3 889 929 890
3 890 929 930
3 890 930 891
3 891 930 931
3 891 931 892
3 892 931 932
3 892 932 893
3 893 932 933
3 893 933 894
3 894 933 934
3 894 934 895
3 895 934 935
3 895 935 896
3 896 935 936
3 896 936 897
3 897 936 937
3 897 937 898
3 898 937 938
3 898 938 899
3 899 938 939
3 899 939 900
3 900 939 940
3 900 940 901
3 901 940 941
3 901 941 902
3 902 941 942
3 902 942 903
3 903 942 943
3 903 943 904
3 904 943 944
3 904 944 905
3 905 944 945
3 905 945 906
3 906 945 946
3 906 946 907
3 907 946 947
3 907 947 908
3 908 947 948
3 908 948 909
3 909 948 949
3 909 949 910
3 910 949 950
3 910 950 911
3 911 950 951
3 911 951 912
3 912 951 952
3 912 952 913
3 913 952 953
3 913 953 914
3 914 953 954
3 914 954 915
3 915 954 955
3 915 955 916
3 916 955 956
3 916 956 917
3 917 956 957
3 917 957 918
3 918 957 958
3 918 958 919
3 919 958 959
3 920 960 921
3 921 960 961
3 921 961 922
3 922 961 962
3 922 962 923
3 923 962 963
3 923 963 924
3 924 963 964
3 924 964 925
3 925 964 965
3 925 965 926
3 926 965 966
3 926 966 927
3 927 966 967
3 927 967 928
3 928 967 968
3 928 968 929
3 929 968 969
3 929 969 930
3 930 969 970
3 930 970 931
3 931 970 971
3 931 971 932
3 932 971 972
3 932 972 933
3 933 972 973
3 933 973 934
3 934 973 974
3 934 974 935
3 935 974 975
3 935 975 936
3 936 975 976
3 936 976 937
3 937 976 977
3 937 977 938
3 938 977 978
3 938 978 939
3 939 978 979
3 939 979 940
3 940 979 980
3 940 980 941
3 941 980 981
3 941 981 942
3 942 981 982
3 942 982 943
3 943 982 983
3 943 983 944
3 944 983 984
3 944 984 945
3 945 984 985
3 945 985 946
3 946 985 986
3 946 986 947
3 947 986 987
3 947 987 948
3 948 987 988
3 948 988 949
3 949 988 989
3 949 989 950
3 950 989 990
3 950 990 951
3 951 990 991
3 951 991 952
3 952 991 992
3 952 992 953
3 953 992 993
3 953 993 954
3 954 993 994
3 954 994 955
3 955 994 995
3 955 995 956
3 956 995 996
3 956 996 957
3 957 996 997
3 957 997 958
3 958 997 998
3 958 998 959
3 959 998 999
3 960 1000 961
3 961 1000 1001
3 961 1001 962
3 962 1001 1002
3 962 1002 963
3 963 1002 1003
3 963 1003 964
3 964 1003 1004
3 964 1004 965
3 965 1004 1005
3 965 1005 966
3 966 1005 1006
3 966 1006 967
3 967 1006 1007
3 967 1007 968
3 968 1007 1008
3 968 1008 969
3 969 1008 1009
3 969 1009 970
3 970 1009 1010
3 970 1010 971
3 971 1010 1011
3 971 1011 972
3 972 1011 1012
3 972 1012 973
3 973 1012 1013
3 973 1013 974
3 974 1013 1014
3 974 1014 975
3 975 1014 1015
3 975 1015 976
3 976 1015 1016
3 976 1016 977
3 977 1016 1017
3 977 1017 978
3 978 1017 1018
3 978 1018 979
3 979 1018 1019
3 979 1019 980
3 980 1019 1020
3 980 1020 981
3 981 1020 1021
3 981 1021 982
3 982 1021 1022
3 982 1022 983
3 983 1022 1023
3 983 1023 984
3 984 1023 1024
3 984 1024 985
3 985 1024 1025
3 985 1025 986
3 986 1025 1026
3 986 1026 987
3 987 1026 1027
3 987 1027 988
3 988 1027 1028
3 988 1028 989
3 989 1028 1029
3 989 1029 990
3 990 1029 1030
3 990 1030 991
3 991 1030 1031
3 991 1031 992
3 992 1031 1032
3 992 1032 993
3 993 1032 1033
3 993 1033 994
3 994 1033 1034
3 994 1034 995
3 995 1034 1035
3 995 1035 996
3 996 1035 1036
3 996 1036 997
3 997 1036 1037
3 997 1037 998
3 998 1037 1038
3 998 1038 999
3 999 1038 1039
3 1000 1040 1001
3 1001 1040 1041
3 1001 1041 1002
3 1002 1041 1042
3 1002 1042 1003
3 1003 1042 1043
3 1003 1043 1004
3 1004 1043 1044
3 1004 1044 1005
3 1005 1044 1045
3 1005 1045 1006
3 1006 1045 1046
3 1006 1046 1007
3 1007 1046 1047
3 1007 1047 1008
3 1008 1047 1048
3 1008 1048 1009
3 1009 1048 1049
3 1009 1049 1010
3 1010 1049 1050
3 1010 1050 1011
3 1011 1050 1051
3 1011 1051 1012
3 1012 1051 1052
3 1012 1052 1013
3 1013 1052 1053
3 1013 1053 1014
3 1014 1053 1054
3 1014 1054 1015
3 1015 1054 1055
3 1015 1055 1016
3 1016 1055 1056
3 1016 1056 1017
3 1017 1056 1057
3 1017 1057 1018
3 1018 1057 1058
3 1018 1058 1019
3 1019 1058 1059
3 1019 1059 1020
3 1020 1059 1060
3 1020 1060 1021
3 1021 1060 1061
3 1021 1061 1022
3 1022 1061 1062
3 1022 1062 1023
3 1023 1062 1063
3 1023 1063 1024
3 1024 1063 1064
3 1024 1064 1025
3 1025 1064 1065
3 1025 1065 1026
3 1026 1065 1066
3 1026 1066 1027
3 1027 1066 1067
3 1027 1067 1028
3 1028 1067 1068
3 1028 1068 1029
3 1029 1068 1069
3 1029 1069 1030
3 1030 1069 1070
3 1030 1070 1031
3 1031 1070 1071
3 1031 1071 1032
3 1032 1071 1072
3 1032 1072 1033
3 1033 1072 1073
3 1033 1073 1034
3 1034 1073 1074
3 1034 1074 1035
3 1035 1074 1075
3 1035 1075 1036
3 1036 1075 1076
3 1036 1076 1037
3 1037 1076 1077
3 1037 1077 1038
3 1038 1077 1078
3 1038 1078 1039
3 1039 1078 1079
3 1040 1080 1041
3 1041 1080 1081
3 1041 1081 1042
3 1042 1081 1082
3 1042 1082 1043
3 1043 1082 1083
3 1043 1083 1044
3 1044 1083 1084
3 1044 1084 1045
3 1045 1084 1085
3 1045 1085 1046
3 1046 1085 1086
3 1046 1086 1047
3 1047 1086 1087
3 1047 1087 1048
3 1048 1087 1088
3 1048 1088 1049
3 1049 1088 1089
3 1049 1089 1050
3 1050 1089 1090
3 1050 1090 1051
3 1051 1090 1091
3 1051 1091 1052
3 1052 1091 1092
3 1052 1092 1053
3 1053 1092 1093
3 1053 1093 1054
3 1054 1093 1094
3 1054 1094 1055
3 1055 1094 1095
3 1055 1095 1056
3 1056 1095 1096
3 1056 1096 1057
3 1057 1096 1097
3 1057 1097 1058
3 1058 1097 1098
3 1058 1098 1059
3 1059 1098 1099
3 1059 1099 1060
3 1060 1099 1100
3 1060 1100 1061
3 1061 1100 1101
3 1061 1101 1062
3 1062 1101 1102
3 1062 1102 1063
3 1063 1102 1103
3 1063 1103 1064
3 1064 1103 1104
3 1064 1104 1065
3 1065 1104 1105
3 1065 1105 1066
3 1066 1105 1106
3 1066 1106 1067
3 1067 1106 1107
3 1067 1107 1068
3 1068 1107 1108
3 1068 1108 1069
3 1069 1108 1109
3 1069 1109 1070
3 1070 1109 1110
3 1070 1110 1071
3 1071 1110 1111
3 1071 1111 1072
3 1072 1111 1112
3 1072 1112 1073
3 1073 1112 1113
3 1073 1113 1074
3 1074 1113 1114
3 1074 1114 1075
3 1075 1114 1115
3 1075 1115 1076
3 1076 1115 1116
3 1076 1116 1077
3 1077 1116 1117
3 1077 1117 1078
3 1078 1117 1118
3 1078 1118 1079
3 1079 1118 1119
3 1080 1120 1081
3 1081 1120 1121
3 1081 1121 1082
3 1082 1121 1122
3 1082 1122 1083
3 1083 1122 1123
3 1083 1123 1084
3 1084 1123 1124
3 1084 1124 1085
3 1085 1124 1125
3 1085 1125 1086
3 1086 1125 1126
3 1086 1126 1087
3 1087 1126 1127
3 1087 1127 1088
3 1088 1127 1128
3 1088 1128 1089
3 1089 1128 1129
3 1089 1129 1090
3 1090 1129 1130
3 1090 1130 1091
3 1091 1130 1131
3 1091 1131 1092
3 1092 1131 1132
3 1092 1132 1093
3 1093 1132 1133
3 1093 1133 1094
3 1094 1133 1134
3 1094 1134 1095
3 1095 1134 1135
3 1095 1135 1096
3 1096 1135 1136
3 1096 1136 1097
3 1097 1136 1137
3 1097 1137 1098
3 1098 1137 1138
3 1098 1138 1099
3 1099 1138 1139
3 1099 1139 1100
3 1100 1139 1140
3 1100 1140 1101
3 1101 1140 1141
3 1101 1141 1102
3 1102 1141 1142
3 1102 1142 1103
3 1103 1142 1143
3 1103 1143 1104
3 1104 1143 1144
3 1104 1144 1105
3 1105 1144 1145
3 1105 1145 1106
3 1106 1145 1146
3 1106 1146 1107
3 1107 1146 1147
3 1107 1147 1108
3 1108 1147 1148
3 1108 1148 1109
3 1109 1148 1149
3 1109 1149 1110
3 1110 1149 1150
3 1110 1150 1111
3 1111 1150 1151
3 1111 1151 1112
3 1112 1151 1152
3 1112 1152 1113
3 1113 1152 1153
3 1113 1153 1114
3 1114 1153 1154
3 1114 1154 1115
3 1115 1154 1155
3 1115 1155 1116
3 1116 1155 1156
3 1116 1156 1117
3 1117 1156 1157
3 1117 1157 1118
3 1118 1157 1158
3 1118 1158 1119
3 1119 1158 1159
3 1120 1160 1121
3 1121 1160 1161
3 1121 1161 1122
3 1122 1161 1162
3 1122 1162 1123
3 1123 1162 1163
3 1123 1163 1124
3 1124 1163 1164
3 1124 1164 1125
3 1125 1164 1165
3 1125 1165 1126
3 1126 1165 1166
3 1126 1166 1127
3 1127 1166 1167
3 1127 1167 1128
3 1128 1167 1168
3 1128 1168 1129
3 1129 1168 1169
3 1129 1169 1130
3 1130 1169 1170
3 1130 1170 1131
3 1131 1170 1171
3 1131 1171 1132
3 1132 1171 1172
3 1132 1172 1133
3 1133 1172 1173
3 1133 1173 1134
3 1134 1173 1174
3 1134 1174 1135
3 1135 1174 1175
3 1135 1175 1136
3 1136 1175 1176
3 1136 1176 1137
3 1137 1176 1177
3 1137 1177 1138
3 1138 1177 1178
3 1138 1178 1139
3 1139 1178 1179
3 1139 1179 1140
3 1140 1179 1180
3 1140 1180 1141
3 1141 1180 1181
3 1141 1181 1142
3 1142 1181 1182
3 1142 1182 1143
3 1143 1182 1183
3 1143 1183 1144
3 1144 1183 1184
3 1144 1184 1145
3 1145 1184 1185
3 1145 1185 1146
3 1146 1185 1186
3 1146 1186 1147
3 1147 1186 1187
3 1147 1187 1148
3 1148 1187 1188
3 1148 1188 1149
3 1149 1188 1189
3 1149 1189 1150
3 1150 1189 1190
3 1150 1190 1151
3 1151 1190 1191
3 1151 1191 1152
3 1152 1191 1192
3 1152 1192 1153
3 1153 1192 1193
3 1153 1193 1154
3 1154 1193 1194
3 1154 1194 1155
3 1155 1194 1195
3 1155 1195 1156
3 1156 1195 1196
3 1156 1196 1157
3 1157 1196 1197
3 1157 1197 1158
3 1158 1197 1198
3 1158 1198 1159
3 1159 1198 1199
3 1160 1200 1161
3 1161 1200 1201
3 1161 1201 1162
3 1162 1201 1202
3 1162 1202 1163
3 1163 1202 1203
3 1163 1203 1164
3 1164 1203 1204
3 1164 1204 1165
3 1165 1204 1205
3 1165 1205 1166
3 1166 1205 1206
3 1166 1206 1167
3 1167 1206 1207
3 1167 1207 1168
3 1168 1207 1208
3 1168 1208 1169
3 1169 1208 1209
3 1169 1209 1170
3 1170 1209 1210
3 1170 1210 1171
3 1171 1210 1211
3 1171 1211 1172
3 1172 1211 1212
3 1172 1212 1173
3 1173 1212 1213
3 1173 1213 1174
3 1174 1213 1214
3 1174 1214 1175
3 1175 1214 1215
3 1175 1215 1176
3 1176 1215 1216
3 1176 1216 1177
3 1177 1216 1217
3 1177 1217 1178
3 1178 1217 1218
3 1178 1218 1179
3 1179 1218 1219
3 1179 1219 1180
3 1180 1219 1220
3 1180 1220 1181
3 1181 1220 1221
3 1181 1221 1182
3 1182 1221 1222
3 1182 1222 1183
3 1183 1222 1223
3 1183 1223 1184
3 1184 1223 1224
3 1184 1224 1185
3 1185 1224 1225
3 1185 1225 1186
3 1186 1225 1226
3 1186 1226 1187
3 1187 1226 1227
3 1187 1227 1188
3 1188 1227 1228
3 1188 1228 1189
3 1189 1228 1229
3 1189 1229 1190
3 1190 1229 1230
3 1190 1230 1191
3 1191 1230 1231
3 1191 1231 1192
3 1192 1231 1232
3 1192 1232 1193
3 1193 1232 1233
3 1193 1233 1194
3 1194 1233 1234
3 1194 1234 1195
3 1195 1234 1235
3 1195 1235 1196
3 1196 1235 1236
3 1196 1236 1197
3 1197 1236 1237
3 1197 1237 1198
3 1198 1237 1238
3 1198 1238 1199
3 1199 1238 1239
3 1200 1240 1201
3 1201 1240 1241
3 1201 1241 1202
3 1202 1241 1242
3 1202 1242 1203
3 1203 1242 1243
3 1203 1243 1204
3 1204 1243 1244
3 1204 1244 1205
3 1205 1244 1245
3 1205 1245 1206
3 1206 1245 1246
3 1206 1246 1207
3 1207 1246 1247
3 1207 1247 1208
3 1208 1247 1248
3 1208 1248 1209
3 1209 1248 1249
3 1209 1249 1210
3 1210 1249 1250
3 1210 1250 1211
3 1211 1250 1251
3 1211 1251 1212
3 1212 1251 1252
3 1212 1252 1213
3 1213 1252 1253
3 1213 1253 1214
3 1214 1253 1254
3 1214 1254 1215
3 1215 1254 1255
3 1215 1255 1216
3 1216 1255 1256
3 1216 1256 1217
3 1217 1256 1257
3 1217 1257 1218
3 1218 1257 1258
3 1218 1258 1219
3 1219 1258 1259
3 1219 1259 1220
3 1220 1259 1260
3 1220 1260 1221
3 1221 1260 1261
3 1221 1261 1222
3 1222 1261 1262
3 1222 1262 1223
3 1223 1262 1263
3 1223 1263 1224
3 1224 1263 1264
3 1224 1264 1225
3 1225 1264 1265
3 1225 1265 1226
3 1226 1265 1266
3 1226 1266 1227
3 1227 1266 1267
3 1227 1267 1228
3 1228 1267 1268
3 1228 1268 1229
3 1229 1268 1269
3 1229 1269 1230
3 1230 1269 1270
3 1230 1270 1231
3 1231 1270 1271
3 1231 1271 1232
3 1232 1271 1272
3 1232 1272 1233
3 1233 1272 1273
3 1233 1273 1234
3 1234 1273 1274
3 1234 1274 1235
3 1235 1274 1275
3 1235 1275 1236
3 1236 1275 1276
3 1236 1276 1237
3 1237 1276 1277
3 1237 1277 1238
3 1238 1277 1278
3 1238 1278 1239
3 1239 1278 1279
3 1240 1280 1241
3 1241 1280 1281
3 1241 1281 1242
3 1242 1281 1282
3 1242 1282 1243
3 1243 1282 1283
3 1243 1283 1244
3 1244 1283 1284
3 1244 1284 1245
3 1245 1284 1285
3 1245 1285 1246
3 1246 1285 1286
3 1246 1286 1247
3 1247 1286 1287
3 1247 1287 1248
3 1248 1287 1288
3 1248 1288 1249
3 1249 1288 1289
3 1249 1289 1250
3 1250 1289 1290
3 1250 1290 1251
3 1251 1290 1291
3 1251 1291 1252
3 1252 1291 1292
3 1252 1292 1253
3 1253 1292 1293
3 1253 1293 1254
3 1254 1293 1294
3 1254 1294 1255
3 1255 1294 1295
3 1255 1295 1256
3 1256 1295 1296
3 1256 1296 1257
3 1257 1296 1297
3 1257 1297 1258
3 1258 1297 1298
3 1258 1298 1259
3 1259 1298 1299
3 1259 1299 1260
3 1260 1299 1300
3 1260 1300 1261
3 1261 1300 1301
3 1261 1301 1262
3 1262 1301 1302
3 1262 1302 1263
3 1263 1302 1303
3 1263 1303 1264
3 1264 1303 1304
3 1264 1304 1265
3 1265 1304 1305
3 1265 1305 1266
3 1266 1305 1306
3 1266 1306 1267
3 1267 1306 1307
3 1267 1307 1268
3 1268 1307 1308
3 1268 1308 1269
3 1269 1308 1309
3 1269 1309 1270
3 1270 1309 1310
3 1270 1310 1271
3 1271 1310 1311
3 1271 1311 1272
3 1272 1311 1312
3 1272 1312 1273
3 1273 1312 1313
3 1273 1313 1274
3 1274 1313 1314
3 1274 1314 1275
3 1275 1314 1315
3 1275 1315 1276
3 1276 1315 1316
3 1276 1316 1277
3 1277 1316 1317
3 1277 1317 1278
3 1278 1317 1318
3 1278 1318 1279
3 1279 1318 1319
3 1280 1320 1281
3 1281 1320 1321
3 1281 1321 1282
3 1282 1321 1322
3 1282 1322 1283
3 1283 1322 1323
3 1283 1323 1284
3 1284 1323 1324
3 1284 1324 1285
3 1285 1324 1325
3 1285 1325 1286
3 1286 1325 1326
3 1286 1326 1287
3 1287 1326 1327
3 1287 1327 1288
3 1288 1327 1328
3 1288 1328 1289
3 1289 1328 1329
3 1289 1329 1290
3 1290 1329 1330
3 1290 1330 1291
3 1291 1330 1331
3 1291 1331 1292
3 1292 1331 1332
3 1292 1332 1293
3 1293 1332 1333
3 1293 1333 1294
3 1294 1333 1334
3 1294 1334 1295
3 1295 1334 1335
3 1295 1335 1296
3 1296 1335 1336
3 1296 1336 1297
3 1297 1336 1337
3 1297 1337 1298
3 1298 1337 1338
3 1298 1338 1299
3 1299 1338 1339
3 1299 1339 1300
3 1300 1339 1340
3 1300 1340 1301
3 1301 1340 1341
3 1301 1341 1302
3 1302 1341 1342
3 1302 1342 1303
3 1303 1342 1343
3 1303 1343 1304
3 1304 1343 1344
3 1304 1344 1305
3 1305 1344 1345
3 1305 1345 1306
3 1306 1345 1346
3 1306 1346 1307
3 1307 1346 1347
3 1307 1347 1308
3 1308 1347 1348
3 1308 1348 1309
3 1309 1348 1349
3 1309 1349 1310
3 1310 1349 1350
3 1310 1350 1311
3 1311 1350 1351
3 1311 1351 1312
3 1312 1351 1352
3 1312 1352 1313
3 1313 1352 1353
3 1313 1353 1314
3 1314 1353 1354
3 1314 1354 1315
3 1315 1354 1355
3 1315 1355 1316
3 1316 1355 1356
3 1316 1356 1317
3 1317 1356 1357
3 1317 1357 1318
3 1318 1357 1358
3 1318 1358 1319
3 1319 1358 1359
3 1320 1360 1321
3 1321 1360 1361
3 1321 1361 1322
3 1322 1361 1362
3 1322 1362 1323
3 1323 1362 1363
3 1323 1363 1324
3 1324 1363 1364
3 1324 1364 1325
3 1325 1364 1365
3 1325 1365 1326
3 1326 1365 1366
3 1326 1366 1327
3 1327 1366 1367
3 1327 1367 1328
3 1328 1367 1368
3 1328 1368 1329
3 1329 1368 1369
3 1329 1369 1330
3 1330 1369 1370
3 1330 1370 1331
3 1331 1370 1371
3 1331 1371 1332
3 1332 1371 1372
3 1332 1372 1333
3 1333 1372 1373
3 1333 1373 1334
3 1334 1373 1374
3 1334 1374 1335
3 1335 1374 1375
3 1335 1375 1336
3 1336 1375 1376
3 1336 1376 1337
3 1337 1376 1377
3 1337 1377 1338
3 1338 1377 1378
3 1338 1378 1339
3 1339 1378 1379
3 1339 1379 1340
3 1340 1379 1380
3 1340 1380 1341
3 1341 1380 1381
3 1341 1381 1342
3 1342 1381 1382
3 1342 1382 1343
3 1343 1382 1383
3 1343 1383 1344
3 1344 1383 1384
3 1344 1384 1345
3 1345 1384 1385
3 1345 1385 1346
3 1346 1385 1386
3 1346 1386 1347
3 1347 1386 1387
3 1347 1387 1348
3 1348 1387 1388
3 1348 1388 1349
3 1349 1388 1389
3 1349 1389 1350
3 1350 1389 1390
3 1350 1390 1351
3 1351 1390 1391
3 1351 1391 1352
3 1352 1391 1392
3 1352 1392 1353
3 1353 1392 1393
3 1353 1393 1354
3 1354 1393 1394
3 1354 1394 1355
3 1355 1394 1395
3 1355 1395 1356
3 1356 1395 1396
3 1356 1396 1357
3 1357 1396 1397
3 1357 1397 1358
3 1358 1397 1398
3 1358 1398 1359
3 1359 1398 1399
3 1360 1400 1361
3 1361 1400 1401
3 1361 1401 1362
3 1362 1401 1402
3 1362 1402 1363
3 1363 1402 1403
3 1363 1403 1364
3 1364 1403 1404
3 1364 1404 1365
3 1365 1404 1405
3 1365 1405 1366
3 1366 1405 1406
3 1366 1406 1367
3 1367 1406 1407
3 1367 1407 1368
3 1368 1407 1408
3 1368 1408 1369
3 1369 1408 1409
3 1369 1409 1370
3 1370 1409 1410
3 1370 1410 1371
3 1371 1410 1411
3 1371 1411 1372
3 1372 1411 1412
3 1372 1412 1373
3 1373 1412 1413
3 1373 1413 1374
3 1374 1413 1414
3 1374 1414 1375
3 1375 1414 1415
3 1375 1415 1376
3 1376 1415 1416
3 1376 1416 1377
3 1377 1416 1417
3 1377 1417 1378
3 1378 1417 1418
3 1378 1418 1379
3 1379 1418 1419
3 1379 1419 1380
3 1380 1419 1420
3 1380 1420 1381
3 1381 1420 1421
3 1381 1421 1382
3 1382 1421 1422
3 1382 1422 1383
3 1383 1422 1423
3 1383 1423 1384
3 1384 1423 1424
3 1384 1424 1385
3 1385 1424 1425
3 1385 1425 1386
3 1386 1425 1426
3 1386 1426 1387
3 1387 1426 1427
3 1387 1427 1388
3 1388 1427 1428
3 1388 1428 1389
3 1389 1428 1429
3 1389 1429 1390
3 1390 1429 1430
3 1390 1430 1391
3 1391 1430 1431
3 1391 1431 1392
3 1392 1431 1432
3 1392 1432 1393
3 1393 1432 1433
3 1393 1433 1394
3 1394 1433 1434
3 1394 1434 1395
3 1395 1434 1435
3 1395 1435 1396
3 1396 1435 1436
3 1396 1436 1397
3 1397 1436 1437
3 1397 1437 1398
3 1398 1437 1438
3 1398 1438 1399
3 1399 1438 1439
3 1400 1440 1401
3 1401 1440 1441
3 1401 1441 1402
3 1402 1441 1442
3 1402 1442 1403
3 1403 1442 1443
3 1403 1443 1404
3 1404 1443 1444
3 1404 1444 1405
3 1405 1444 1445
3 1405 1445 1406
3 1406 1445 1446
3 1406 1446 1407
3 1407 1446 1447
3 1407 1447 1408
3 1408 1447 1448
3 1408 1448 1409
3 1409 1448 1449
3 1409 1449 1410
3 1410 1449 1450
3 1410 1450 1411
3 1411 1450 1451
3 1411 1451 1412
3 1412 1451 1452
3 1412 1452 1413
3 1413 1452 1453
3 1413 1453 1414
3 1414 1453 1454
3 1414 1454 1415
3 1415 1454 1455
3 1415 1455 1416
3 1416 1455 1456
3 1416 1456 1417
3 1417 1456 1457
3 1417 1457 1418
3 1418 1457 1458
3 1418 1458 1419
3 1419 1458 1459
3 1419 1459 1420
3 1420 1459 1460
3 1420 1460 1421
3 1421 1460 1461
3 1421 1461 1422
3 1422 1461 1462
3 1422 1462 1423
3 1423 1462 1463
3 1423 1463 1424
3 1424 1463 1464
3 1424 1464 1425
3 1425 1464 1465
3 1425 1465 1426
3 1426 1465 1466
3 1426 1466 1427
3 1427 1466 1467
3 1427 1467 1428
3 1428 1467 1468
3 1428 1468 1429
3 1429 1468 1469
3 1429 1469 1430
3 1430 1469 1470
3 1430 1470 1431
3 1431 1470 1471
3 1431 1471 1432
3 1432 1471 1472
3 1432 1472 1433
3 1433 1472 1473
3 1433 1473 1434
3 1434 1473 1474
3 1434 1474 1435
3 1435 1474 1475
3 1435 1475 1436
3 1436 1475 1476
3 1436 1476 1437
3 1437 1476 1477
3 1437 1477 1438
3 1438 1477 1478
3 1438 1478 1439
3 1439 1478 1479
3 1440 1480 1441
3 1441 1480 1481
3 1441 1481 1442
3 1442 1481 1482
3 1442 1482 1443
3 1443 1482 1483
3 1443 1483 1444
3 1444 1483 1484
3 1444 1484 1445
3 1445 1484 1485
3 1445 1485 1446
3 1446 1485 1486
3 1446 1486 1447
3 1447 1486 1487
3 1447 1487 1448
3 1448 1487 1488
3 1448 1488 1449
3 1449 1488 1489
3 1449 1489 1450
3 1450 1489 1490
3 1450 1490 1451
3 1451 1490 1491
3 1451 1491 1452
3 1452 1491 1492
3 1452 1492 1453
3 1453 1492 1493
3 1453 1493 1454
3 1454 1493 1494
3 1454 1494 1455
3 1455 1494 1495
3 1455 1495 1456
3 1456 1495 1496
3 1456 1496 1457
3 1457 1496 1497
3 1457 1497 1458
3 1458 1497 1498
3 1458 1498 1459
3 1459 1498 1499
3 1459 1499 1460
3 1460 1499 1500
3 1460 1500 1461
3 1461 1500 1501
3 1461 1501 1462
3 1462 1501 1502
3 1462 1502 1463
3 1463 1502 1503
3 1463 1503 1464
3 1464 1503 1504
3 1464 1504 1465
3 1465 1504 1505
3 1465 1505 1466
3 1466 1505 1506
3 1466 1506 1467
3 1467 1506 1507
3 1467 1507 1468
3 1468 1507 1508
3 1468 1508 1469
3 1469 1508 1509
3 1469 1509 1470
3 1470 1509 1510
3 1470 1510 1471
3 1471 1510 1511
3 1471 1511 1472
3 1472 1511 1512
3 1472 1512 1473
3 1473 1512 1513
3 1473 1513 1474
3 1474 1513 1514
3 1474 1514 1475
3 1475 1514 1515
3 1475 1515 1476
3 1476 1515 1516
3 1476 1516 1477
3 1477 1516 1517
3 1477 1517 1478
3 1478 1517 1518
3 1478 1518 1479
3 1479 1518 1519
3 1480 1520 1481
3 1481 1520 1521
3 1481 1521 1482
3 1482 1521 1522
3 1482 1522 1483
3 1483 1522 1523
3 1483 1523 1484
3 1484 1523 1524
3 1484 1524 1485
3 1485 1524 1525
3 1485 1525 1486
3 1486 1525 1526
3 1486 1526 1487
3 1487 1526 1527
3 1487 1527 1488
3 1488 1527 1528
3 1488 1528 1489
3 1489 1528 1529
3 1489 1529 1490
3 1490 1529 1530
3 1490 1530 1491
3 1491 1530 1531
3 1491 1531 1492
3 1492 1531 1532
3 1492 1532 1493
3 1493 1532 1533
3 1493 1533 1494
3 1494 1533 1534
3 1494 1534 1495
3 1495 1534 1535
3 1495 1535 1496
3 1496 1535 1536
3 1496 1536 1497
3 1497 1536 1537
3 1497 1537 1498
3 1498 1537 1538
3 1498 1538 1499
3 1499 1538 1539
3 1499 1539 1500
3 1500 1539 1540
3 1500 1540 1501
3 1501 1540 1541
3 1501 1541 1502
3 1502 1541 1542
3 1502 1542 1503
3 1503 1542 1543
3 1503 1543 1504
3 1504 1543 1544
3 1504 1544 1505
3 1505 1544 1545
3 1505 1545 1506
3 1506 1545 1546
3 1506 1546 1507
3 1507 1546 1547
3 1507 1547 1508
3 1508 1547 1548
3 1508 1548 1509
3 1509 1548 1549
3 1509 1549 1510
3 1510 1549 1550
3 1510 1550 1511
3 1511 1550 1551
3 1511 1551 1512
3 1512 1551 1552
3 1512 1552 1513
3 1513 1552 1553
3 1513 1553 1514
3 1514 1553 1554
3 1514 1554 1515
3 1515 1554 1555
3 1515 1555 1516
3 1516 1555 1556
3 1516 1556 1517
3 1517 1556 1557
3 1517 1557 1518
3 1518 1557 1558
3 1518 1558 1519
3 1519 1558 1559
3 1520 1560 1521
3 1521 1560 1561
3 1521 1561 1522
3 1522 1561 1562
3 1522 1562 1523
3 1523 1562 1563
3 1523 1563 1524
3 1524 1563 1564
3 1524 1564 1525
3 1525 1564 1565
3 1525 1565 1526
3 1526 1565 1566
3 1526 1566 1527
3 1527 1566 1567
3 1527 1567 1528
3 1528 1567 1568
3 1528 1568 1529
3 1529 1568 1569
3 1529 1569 1530
3 1530 1569 1570
3 1530 1570 1531
3 1531 1570 1571
3 1531 1571 1532
3 1532 1571 1572
3 1532 1572 1533
3 1533 1572 1573
3 1533 1573 1534
3 1534 1573 1574
3 1534 1574 1535
3 1535 1574 1575
3 1535 1575 1536
3 1536 1575 1576
3 1536 1576 1537
3 1537 1576 1577
3 1537 1577 1538
3 1538 1577 1578
3 1538 1578 1539
3 1539 1578 1579
3 1539 1579 1540
3 1540 1579 1580
3 1540 1580 1541
3 1541 1580 1581
3 1541 1581 1542
3 1542 1581 1582
3 1542 1582 1543
3 1543 1582 1583
3 1543 1583 1544
3 1544 1583 1584
3 1544 1584 1545
3 1545 1584 1585
3 1545 1585 1546
3 1546 1585 1586
3 1546 1586 1547
3 1547 1586 1587
3 1547 1587 1548
3 1548 1587 1588
3 1548 1588 1549
3 1549 1588 1589
3 1549 1589 1550
3 1550 1589 1590
3 1550 1590 1551
3 1551 1590 1591
3 1551 1591 1552
3 1552 1591 1592
3 1552 1592 1553
3 1553 1592 1593
3 1553 1593 1554
3 1554 1593 1594
3 1554 1594 1555
3 1555 1594 1595
3 1555 1595 1556
3 1556 1595 1596
3 1556 1596 1557
3 1557 1596 1597
3 1557 1597 1558
3 1558 1597 1598
3 1558 1598 1559
3 1559 1598 1599
3 1560 1600 1561
3 1561 1600 1601
3 1561 1601 1562
3 1562 1601 1602
3 1562 1602 1563
3 1563 1602 1603
3 1563 1603 1564
3 1564 1603 1604
3 1564 1604 1565
3 1565 1604 1605
3 1565 1605 1566
3 1566 1605 1606
3 1566 1606 1567
3 1567 1606 1607
3 1567 1607 1568
3 1568 1607 1608
3 1568 1608 1569
3 1569 1608 1609
3 1569 1609 1570
3 1570 1609 1610
3 1570 1610 1571
3 1571 1610 1611
3 1571 1611 1572
3 1572 1611 1612
3 1572 1612 1573
3 1573 1612 1613
3 1573 1613 1574
3 1574 1613 1614
3 1574 1614 1575
3 1575 1614 1615
3 1575 1615 1576
3 1576 1615 1616
3 1576 1616 1577
3 1577 1616 1617
3 1577 1617 1578
3 1578 1617 1618
3 1578 1618 1579
3 1579 1618 1619
3 1579 1619 1580
3 1580 1619 1620
3 1580 1620 1581
3 1581 1620 1621
3 1581 1621 1582
3 1582 1621 1622
3 1582 1622 1583
3 1583 1622 1623
3 1583 1623 1584
3 1584 1623 1624
3 1584 1624 1585
3 1585 1624 1625
3 1585 1625 1586
3 1586 1625 1626
3 1586 1626 1587
3 1587 1626 1627
3 1587 1627 1588
3 1588 1627 1628
3 1588 1628 1589
3 1589 1628 1629
3 1589 1629 1590
3 1590 1629 1630
3 1590 1630 1591
3 1591 1630 1631
3 1591 1631 1592
3 1592 1631 1632
3 1592 1632 1593
3 1593 1632 1633
3 1593 1633 1594
3 1594 1633 1634
3 1594 1634 1595
3 1595 1634 1635
3 1595 1635 1596
3 1596 1635 1636
3 1596 1636 1597
3 1597 1636 1637
3 1597 1637 1598
3 1598 1637 1638
3 1598 1638 1599
3 1599 1638 1639
3 1600 1640 1601
3 1601 1640 1641
3 1601 1641 1602
3 1602 1641 1642
3 1602 1642 1603
3 1603 1642 1643
3 1603 1643 1604
3 1604 1643 1644
3 1604 1644 1605
3 1605 1644 1645
3 1605 1645 1606
3 1606 1645 1646
3 1606 1646 1607
3 1607 1646 1647
3 1607 1647 1608
3 1608 1647 1648
3 1608 1648 1609
3 1609 1648 1649
3 1609 1649 1610
3 1610 1649 1650
3 1610 1650 1611
3 1611 1650 1651
3 1611 1651 1612
3 1612 1651 1652
3 1612 1652 1613
3 1613 1652 1653
3 1613 1653 1614
3 1614 1653 1654
3 1614 1654 1615
3 1615 1654 1655
3 1615 1655 1616
3 1616 1655 1656
3 1616 1656 1617
3 1617 1656 1657
3 1617 1657 1618
3 1618 1657 1658
3 1618 1658 1619
3 1619 1658 1659
3 1619 1659 1620
3 1620 1659 1660
3 1620 1660 1621
3 1621 1660 1661
3 1621 1661 1622
3 1622 1661 1662
3 1622 1662 1623
3 1623 1662 1663
3 1623 1663 1624
3 1624 1663 1664
3 1624 1664 1625
3 1625 1664 1665
3 1625 1665 1626
3 1626 1665 1666
3 1626 1666 1627
3 1627 1666 1667
3 1627 1667 1628
3 1628 1667 1668
3 1628 1668 1629
3 1629 1668 1669
3 1629 1669 1630
3 1630 1669 1670
3 1630 1670 1631
3 1631 1670 1671
3 1631 1671 1632
3 1632 1671 1672
3 1632 1672 1633
3 1633 1672 1673
3 1633 1673 1634
3 1634 1673 1674
3 1634 1674 1635
3 1635 1674 1675
3 1635 1675 1636
3 1636 1675 1676
3 1636 1676 1637
3 1637 1676 1677
3 1637 1677 1638
3 1638 1677 1678
3 1638 1678 1639
3 1639 1678 1679
3 1640 1680 1641
3 1641 1680 1681
3 1641 1681 1642
3 1642 1681 1682
3 1642 1682 1643
3 1643 1682 1683
3 1643 1683 1644
3 1644 1683 1684
3 1644 1684 1645
3 1645 1684 1685
3 1645 1685 1646
3 1646 1685 1686
3 1646 1686 1647
3 1647 1686 1687
3 1647 1687 1648
3 1648 1687 1688
3 1648 1688 1649
3 1649 1688 1689
3 1649 1689 1650
3 1650 1689 1690
3 1650 1690 1651
3 1651 1690 1691
3 1651 1691 1652
3 1652 1691 1692
3 1652 1692 1653
3 1653 1692 1693
3 1653 1693 1654
3 1654 1693 1694
3 1654 1694 1655
3 1655 1694 1695
3 1655 1695 1656
3 1656 1695 1696
3 1656 1696 1657
3 1657 1696 1697
3 1657 1697 1658
3 1658 1697 1698
3 1658 1698 1659
3 1659 1698 1699
3 1659 1699 1660
3 1660 1699 1700
3 1660 1700 1661
3 1661 1700 1701
3 1661 1701 1662
3 1662 1701 1702
3 1662 1702 1663
3 1663 1702 1703
3 1663 1703 1664
3 1664 1703 1704
3 1664 1704 1665
3 1665 1704 1705
3 1665 1705 1666
3 1666 1705 1706
3 1666 1706 1667
3 1667 1706 1707
3 1667 1707 1668
3 1668 1707 1708
3 1668 1708 1669
3 1669 1708 1709
3 1669 1709 1670
3 1670 1709 1710
3 1670 1710 1671
3 1671 1710 1711
3 1671 1711 1672
3 1672 1711 1712
3 1672 1712 1673
3 1673 1712 1713
3 1673 1713 1674
3 1674 1713 1714
3 1674 1714 1675
3 1675 1714 1715
3 1675 1715 1676
3 1676 1715 1716
3 1676 1716 1677
3 1677 1716 1717
3 1677 1717 1678
3 1678 1717 1718
3 1678 1718 1679
3 1679 1718 1719
3 1680 1720 1681
3 1681 1720 1721
3 1681 1721 1682
3 1682 1721 1722
3 1682 1722 1683
3 1683 1722 1723
3 1683 1723 1684
3 1684 1723 1724
3 1684 1724 1685
3 1685 1724 1725
3 1685 1725 1686
3 1686 1725 1726
3 1686 1726 1687
3 1687 1726 1727
3 1687 1727 1688
3 1688 1727 1728
3 1688 1728 1689
3 1689 1728 1729
3 1689 1729 1690
3 1690 1729 1730
3 1690 1730 1691
3 1691 1730 1731
3 1691 1731 1692
3 1692 1731 1732
3 1692 1732 1693
3 1693 1732 1733
3 1693 1733 1694
3 1694 1733 1734
3 1694 1734 1695
3 1695 1734 1735
3 1695 1735 1696
3 1696 1735 1736
3 1696 1736 1697
3 1697 1736 1737
3 1697 1737 1698
3 1698 1737 1738
3 1698 1738 1699
3 1699 1738 1739
3 1699 1739 1700
3 1700 1739 1740
3 1700 1740 1701
3 1701 1740 1741
3 1701 1741 1702
3 1702 1741 1742
3 1702 1742 1703
3 1703 1742 1743
3 1703 1743 1704
3 1704 1743 1744
3 1704 1744 1705
3 1705 1744 1745
3 1705 1745 1706
3 1706 1745 1746
3 1706 1746 1707
3 1707 1746 1747
3 1707 1747 1708
3 1708 1747 1748
3 1708 1748 1709
3 1709 1748 1749
3 1709 1749 1710
3 1710 1749 1750
3 1710 1750 1711
3 1711 1750 1751
3 1711 1751 1712
3 1712 1751 1752
3 1712 1752 1713
3 1713 1752 1753
3 1713 1753 1714
3 1714 1753 1754
3 1714 1754 1715
3 1715 1754 1755
3 1715 1755 1716
3 1716 1755 1756
3 1716 1756 1717
3 1717 1756 1757
3 1717 1757 1718
3 1718 1757 1758
3 1718 1758 1719
3 1719 1758 1759
3 1720 1760 1721
3 1721 1760 1761
3 1721 1761 1722
3 1722 1761 1762
3 1722 1762 1723
3 1723 1762 1763
3 1723 1763 1724
3 1724 1763 1764
3 1724 1764 1725
3 1725 1764 1765
3 1725 1765 1726
3 1726 1765 1766
3 1726 1766 1727
3 1727 1766 1767
3 1727 1767 1728
3 1728 1767 1768
3 1728 1768 1729
3 1729 1768 1769
3 1729 1769 1730
3 1730 1769 1770
3 1730 1770 1731
3 1731 1770 1771
3 1731 1771 1732
3 1732 1771 1772
3 1732 1772 1733
3 1733 1772 1773
3 1733 1773 1734
3 1734 1773 1774
3 1734 1774 1735
3 1735 1774 1775
3 1735 1775 1736
3 1736 1775 1776
3 1736 1776 1737
3 1737 1776 1777
3 1737 1777 1738
3 1738 1777 1778
3 1738 1778 1739
3 1739 1778 1779
3 1739 1779 1740
3 1740 1779 1780
3 1740 1780 1741
3 1741 1780 1781
3 1741 1781 1742
3 1742 1781 1782
3 1742 1782 1743
3 1743 1782 1783
3 1743 1783 1744
3 1744 1783 1784
3 1744 1784 1745
3 1745 1784 1785
3 1745 1785 1746
3 1746 1785 1786
3 1746 1786 1747
3 1747 1786 1787
3 1747 1787 1748
3 1748 1787 1788
3 1748 1788 1749
3 1749 1788 1789
3 1749 1789 1750
3 1750 1789 1790
3 1750 1790 1751
3 1751 1790 1791
3 1751 1791 1752
3 1752 1791 1792
3 1752 1792 1753
3 1753 1792 1793
3 1753 1793 1754
3 1754 1793 1794
3 1754 1794 1755
3 1755 1794 1795
3 1755 1795 1756
3 1756 1795 1796
3 1756 1796 1757
3 1757 1796 1797
3 1757 1797 1758
3 1758 1797 1798
3 1758 1798 1759
3 1759 1798 1799
3 1760 1800 1761
3 1761 1800 1801
3 1761 1801 1762
3 1762 1801 1802
3 1762 1802 1763
3 1763 1802 1803
3 1763 1803 1764
3 1764 1803 1804
3 1764 1804 1765
3 1765 1804 1805
3 1765 1805 1766
3 1766 1805 1806
3 1766 1806 1767
3 1767 1806 1807
3 1767 1807 1768
3 1768 1807 1808
3 1768 1808 1769
3 1769 1808 1809
3 1769 1809 1770
3 1770 1809 1810
3 1770 1810 1771
3 1771 1810 1811
3 1771 1811 1772
3 1772 1811 1812
3 1772 1812 1773
3 1773 1812 1813
3 1773 1813 1774
3 1774 1813 1814
3 1774 1814 1775
3 1775 1814 1815
3 1775 1815 1776
3 1776 1815 1816
3 1776 1816 1777
3 1777 1816 1817
3 1777 1817 1778
3 1778 1817 1818
3 1778 1818 1779
3 1779 1818 1819
3 1779 1819 1780
3 1780 1819 1820
3 1780 1820 1781
3 1781 1820 1821
3 1781 1821 1782
3 1782 1821 1822
3 1782 1822 1783
3 1783 1822 1823
3 1783 1823 1784
3 1784 1823 1824
3 1784 1824 1785
3 1785 1824 1825
3 1785 1825 1786
3 1786 1825 1826
3 1786 1826 1787
3 1787 1826 1827
3 1787 1827 1788
3 1788 1827 1828
3 1788 1828 1789
3 1789 1828 1829
3 1789 1829 1790
3 1790 1829 1830
3 1790 1830 1791
3 1791 1830 1831
3 1791 1831 1792
3 1792 1831 1832
3 1792 1832 1793
3 1793 1832 1833
3 1793 1833 1794
3 1794 1833 1834
3 1794 1834 1795
3 1795 1834 1835
3 1795 1835 1796
3 1796 1835 1836
3 1796 1836 1797
3 1797 1836 1837
3 1797 1837 1798
3 1798 1837 1838
3 1798 1838 1799
3 1799 1838 1839
3 1800 1840 1801
3 1801 1840 1841
3 1801 1841 1802
3 1802 1841 1842
3 1802 1842 1803
3 1803 1842 1843
3 1803 1843 1804
3 1804 1843 1844
3 1804 1844 1805
3 1805 1844 1845
3 1805 1845 1806
3 1806 1845 1846
3 1806 1846 1807
3 1807 1846 1847
3 1807 1847 1808
3 1808 1847 1848
3 1808 1848 1809
3 1809 1848 1849
3 1809 1849 1810
3 1810 1849 1850
3 1810 1850 1811
3 1811 1850 1851
3 1811 1851 1812
3 1812 1851 1852
3 1812 1852 1813
3 1813 1852 1853
3 1813 1853 1814
3 1814 1853 1854
3 1814 1854 1815
3 1815 1854 1855
3 1815 1855 1816
3 1816 1855 1856
3 1816 1856 1817
3 1817 1856 1857
3 1817 1857 1818
3 1818 1857 1858
3 1818 1858 1819
3 1819 1858 1859
3 1819 1859 1820
3 1820 1859 1860
3 1820 1860 1821
3 1821 1860 1861
3 1821 1861 1822
3 1822 1861 1862
3 1822 1862 1823
3 1823 1862 1863
3 1823 1863 1824
3 1824 1863 1864
3 1824 1864 1825
3 1825 1864 1865
3 1825 1865 1826
3 1826 1865 1866
3 1826 1866 1827
3 1827 1866 1867
3 1827 1867 1828
3 1828 1867 1868
3 1828 1868 1829
3 1829 1868 1869
3 1829 1869 1830
3 1830 1869 1870
3 1830 1870 1831
3 1831 1870 1871
3 1831 1871 1832
3 1832 1871 1872
3 1832 1872 1833
3 1833 1872 1873
3 1833 1873 1834
3 1834 1873 1874
3 1834 1874 1835
3 1835 1874 1875
3 1835 1875 1836
3 1836 1875 1876
3 1836 1876 1837
3 1837 1876 1877
3 1837 1877 1838
3 1838 1877 1878
3 1838 1878 1839
3 1839 1878 1879
3 1840 1880 1841
3 1841 1880 1881
3 1841 1881 1842
3 1842 1881 1882
3 1842 1882 1843
3 1843 1882 1883
3 1843 1883 1844
3 1844 1883 1884
3 1844 1884 1845
3 1845 1884 1885
3 1845 1885 1846
3 1846 1885 1886
3 1846 1886 1847
3 1847 1886 1887
3 1847 1887 1848
3 1848 1887 1888
3 1848 1888 1849
3 1849 1888 1889
3 1849 1889 1850
3 1850 1889 1890
3 1850 1890 1851
3 1851 1890 1891
3 1851 1891 1852
3 1852 1891 1892
3 1852 1892 1853
3 1853 1892 1893
3 1853 1893 1854
3 1854 1893 1894
3 1854 1894 1855
3 1855 1894 1895
3 1855 1895 1856
3 1856 1895 1896
3 1856 1896 1857
3 1857 1896 1897
3 1857 1897 1858
3 1858 1897 1898
3 1858 1898 1859
3 1859 1898 1899
3 1859 1899 1860
3 1860 1899 1900
3 1860 1900 1861
3 1861 1900 1901
3 1861 1901 1862
3 1862 1901 1902
3 1862 1902 1863
3 1863 1902 1903
3 1863 1903 1864
3 1864 1903 1904
3 1864 1904 1865
3 1865 1904 1905
3 1865 1905 1866
3 1866 1905 1906
3 1866 1906 1867
3 1867 1906 1907
3 1867 1907 1868
3 1868 1907 1908
3 1868 1908 1869
3 1869 1908 1909
3 1869 1909 1870
3 1870 1909 1910
3 1870 1910 1871
3 1871 1910 1911
3 1871 1911 1872
3 1872 1911 1912
3 1872 1912 1873
3 1873 1912 1913
3 1873 1913 1874
3 1874 1913 1914
3 1874 1914 1875
3 1875 1914 1915
3 1875 1915 1876
3 1876 1915 1916
3 1876 1916 1877
3 1877 1916 1917
3 1877 1917 1878
3 1878 1917 1918
3 1878 1918 1879
3 1879 1918 1919
3 1880 1920 1881
3 1881 1920 1921
3 1881 1921 1882
3 1882 1921 1922
3 1882 1922 1883
3 1883 1922 1923
3 1883 1923 1884
3 1884 1923 1924
3 1884 1924 1885
3 1885 1924 1925
3 1885 1925 1886
3 1886 1925 1926
3 1886 1926 1887
3 1887 1926 1927
3 1887 1927 1888
3 1888 1927 1928
3 1888 1928 1889
3 1889 1928 1929
3 1889 1929 1890
3 1890 1929 1930
3 1890 1930 1891
3 1891 1930 1931
3 1891 1931 1892
3 1892 1931 1932
3 1892 1932 1893
3 1893 1932 1933
3 1893 1933 1894
3 1894 1933 1934
3 1894 1934 1895
3 1895 1934 1935
3 1895 1935 1896
3 1896 1935 1936
3 1896 1936 1897
3 1897 1936 1937
3 1897 1937 1898
3 1898 1937 1938
3 1898 1938 1899
3 1899 1938 1939
3 1899 1939 1900
3 1900 1939 1940
3 1900 1940 1901
3 1901 1940 1941
3 1901 1941 1902
3 1902 1941 1942
3 1902 1942 1903
3 1903 1942 1943
3 1903 1943 1904
3 1904 1943 1944
3 1904 1944 1905
3 1905 1944 1945
3 1905 1945 1906
3 1906 1945 1946
3 1906 1946 1907
3 1907 1946 1947
3 1907 1947 1908
3 1908 1947 1948
3 1908 1948 1909
3 1909 1948 1949
3 1909 1949 1910
3 1910 1949 1950
3 1910 1950 1911
3 1911 1950 1951
3 1911 1951 1912
3 1912 1951 1952
3 1912 1952 1913
3 1913 1952 1953
3 1913 1953 1914
3 1914 1953 1954
3 1914 1954 1915
3 1915 1954 1955
3 1915 1955 1916
3 1916 1955 1956
3 1916 1956 1917
3 1917 1956 1957
3 1917 1957 1918
3 1918 1957 1958
3 1918 1958 1919
3 1919 1958 1959
3 1920 1960 1921
3 1921 1960 1961
3 1921 1961 1922
3 1922 1961 1962
3 1922 1962 1923
3 1923 1962 1963
3 1923 1963 1924
3 1924 1963 1964
3 1924 1964 1925
3 1925 1964 1965
3 1925 1965 1926
3 1926 1965 1966
3 1926 1966 1927
3 1927 1966 1967
3 1927 1967 1928
3 1928 1967 1968
3 1928 1968 1929
3 1929 1968 1969
3 1929 1969 1930
3 1930 1969 1970
3 1930 1970 1931
3 1931 1970 1971
3 1931 1971 1932
3 1932 1971 1972
3 1932 1972 1933
3 1933 1972 1973
3 1933 1973 1934
3 1934 1973 1974
3 1934 1974 1935
3 1935 1974 1975
3 1935 1975 1936
3 1936 1975 1976
3 1936 1976 1937
3 1937 1976 1977
3 1937 1977 1938
3 1938 1977 1978
3 1938 1978 1939
3 1939 1978 1979
3 1939 1979 1940
3 1940 1979 1980
3 1940 1980 1941
3 1941 1980 1981
3 1941 1981 1942
3 1942 1981 1982
3 1942 1982 1943
3 1943 1982 1983
3 1943 1983 1944
3 1944 1983 1984
3 1944 1984 1945
3 1945 1984 1985
3 1945 1985 1946
3 1946 1985 1986
3 1946 1986 1947
3 1947 1986 1987
3 1947 1987 1948
3 1948 1987 1988
3 1948 1988 1949
3 1949 1988 1989
3 1949 1989 1950
3 1950 1989 1990
3 1950 1990 1951
3 1951 1990 1991
3 1951 1991 1952
3 1952 1991 1992
3 1952 1992 1953
3 1953 1992 1993
3 1953 1993 1954
3 1954 1993 1994
3 1954 1994 1955
3 1955 1994 1995
3 1955 1995 1956
3 1956 1995 1996
3 1956 1996 1957
3 1957 1996 1997
3 1957 1997 1958
3 1958 1997 1998
3 1958 1998 1959
3 1959 1998 1999
3 1960 2000 1961
3 1961 2000 2001
3 1961 2001 1962
3 1962 2001 2002
3 1962 2002 1963
3 1963 2002 2003
3 1963 2003 1964
3 1964 2003 2004
3 1964 2004 1965
3 1965 2004 2005
3 1965 2005 1966
3 1966 2005 2006
3 1966 2006 1967
3 1967 2006 2007
3 1967 2007 1968
3 1968 2007 2008
3 1968 2008 1969
3 1969 2008 2009
3 1969 2009 1970
3 1970 2009 2010
3 1970 2010 1971
3 1971 2010 2011
3 1971 2011 1972
3 1972 2011 2012
3 1972 2012 1973
3 1973 2012 2013
3 1973 2013 1974
3 1974 2013 2014
3 1974 2014 1975
3 1975 2014 2015
3 1975 2015 1976
3 1976 2015 2016
3 1976 2016 1977
3 1977 2016 2017
3 1977 2017 1978
3 1978 2017 2018
3 1978 2018 1979
3 1979 2018 2019
3 1979 2019 1980
3 1980 2019 2020
3 1980 2020 1981
3 1981 2020 2021
3 1981 2021 1982
3 1982 2021 2022
3 1982 2022 1983
3 1983 2022 2023
3 1983 2023 1984
3 1984 2023 2024
3 1984 2024 1985
3 1985 2024 2025
3 1985 2025 1986
3 1986 2025 2026
3 1986 2026 1987
3 1987 2026 2027
3 1987 2027 1988
3 1988 2027 2028
3 1988 2028 1989
3 1989 2028 2029
3 1989 2029 1990
3 1990 2029 2030
3 1990 2030 1991
3 1991 2030 2031
3 1991 2031 1992
3 1992 2031 2032
3 1992 2032 1993
3 1993 2032 2033
3 1993 2033 1994
3 1994 2033 2034
3 1994 2034 1995
3 1995 2034 2035
3 1995 2035 1996
3 1996 2035 2036
3 1996 2036 1997
3 1997 2036 2037
3 1997 2037 1998
3 1998 2037 2038
3 1998 2038 1999
3 1999 2038 2039
3 2000 2040 2001
3 2001 2040 2041
3 2001 2041 2002
3 2002 2041 2042
3 2002 2042 2003
3 2003 2042 2043
3 2003 2043 2004
3 2004 2043 2044
3 2004 2044 2005
3 2005 2044 2045
3 2005 2045 2006
3 2006 2045 2046
3 2006 2046 2007
3 2007 2046 2047
3 2007 2047 2008
3 2008 2047 2048
3 2008 2048 2009
3 2009 2048 2049
3 2009 2049 2010
3 2010 2049 2050
3 2010 2050 2011
3 2011 2050 2051
3 2011 2051 2012
3 2012 2051 2052
3 2012 2052 2013
3 2013 2052 2053
3 2013 2053 2014
3 2014 2053 2054
3 2014 2054 2015
3 2015 2054 2055
3 2015 2055 2016
3 2016 2055 2056
3 2016 2056 2017
3 2017 2056 2057
3 2017 2057 2018
3 2018 2057 2058
3 2018 2058 2019
3 2019 2058 2059
3 2019 2059 2020
3 2020 2059 2060
3 2020 2060 2021
3 2021 2060 2061
3 2021 2061 2022
3 2022 2061 2062
3 2022 2062 2023
3 2023 2062 2063
3 2023 2063 2024
3 2024 2063 2064
3 2024 2064 2025
3 2025 2064 2065
3 2025 2065 2026
3 2026 2065 2066
3 2026 2066 2027
3 2027 2066 2067
3 2027 2067 2028
3 2028 2067 2068
3 2028 2068 2029
3 2029 2068 2069
3 2029 2069 2030
3 2030 2069 2070
3 2030 2070 2031
3 2031 2070 2071
3 2031 2071 2032
3 2032 2071 2072
3 2032 2072 2033
3 2033 2072 2073
3 2033 2073 2034
3 2034 2073 2074
3 2034 2074 2035
3 2035 2074 2075
3 2035 2075 2036
3 2036 2075 2076
3 2036 2076 2037
3 2037 2076 2077
3 2037 2077 2038
3 2038 2077 2078
3 2038 2078 2039
3 2039 2078 2079
3 2040 2080 2041
3 2041 2080 2081
3 2041 2081 2042
3 2042 2081 2082
3 2042 2082 2043
3 2043 2082 2083
3 2043 2083 2044
3 2044 2083 2084
3 2044 2084 2045
3 2045 2084 2085
3 2045 2085 2046
3 2046 2085 2086
3 2046 2086 2047
3 2047 2086 2087
3 2047 2087 2048
3 2048 2087 2088
3 2048 2088 2049
3 2049 2088 2089
3 2049 2089 2050
3 2050 2089 2090
3 2050 2090 2051
3 2051 2090 2091
3 2051 2091 2052
3 2052 2091 2092
3 2052 2092 2053
3 2053 2092 2093
3 2053 2093 2054
3 2054 2093 2094
3 2054 2094 2055
3 2055 2094 2095
3 2055 2095 2056
3 2056 2095 2096
3 2056 2096 2057
3 2057 2096 2097
3 2057 2097 2058
3 2058 2097 2098
3 2058 2098 2059
3 2059 2098 2099
3 2059 2099 2060
3 2060 2099 2100
3 2060 2100 2061
3 2061 2100 2101
3 2061 2101 2062
3 2062 2101 2102
3 2062 2102 2063
3 2063 2102 2103
3 2063 2103 2064
3 2064 2103 2104
3 2064 2104 2065
3 2065 2104 2105
3 2065 2105 2066
3 2066 2105 2106
3 2066 2106 2067
3 2067 2106 2107
3 2067 2107 2068
3 2068 2107 2108
3 2068 2108 2069
3 2069 2108 2109
3 2069 2109 2070
3 2070 2109 2110
3 2070 2110 2071
3 2071 2110 2111
3 2071 2111 2072
3 2072 2111 2112
3 2072 2112 2073
3 2073 2112 2113
3 2073 2113 2074
3 2074 2113 2114
3 2074 2114 2075
3 2075 2114 2115
3 2075 2115 2076
3 2076 2115 2116
3 2076 2116 2077
3 2077 2116 2117
3 2077 2117 2078
3 2078 2117 2118
3 2078 2118 2079
3 2079 2118 2119
3 2080 2120 2081
3 2081 2120 2121
3 2081 2121 2082
3 2082 2121 2122
3 2082 2122 2083
3 2083 2122 2123
3 2083 2123 2084
3 2084 2123 2124
3 2084 2124 2085
3 2085 2124 2125
3 2085 2125 2086
3 2086 2125 2126
3 2086 2126 2087
3 2087 2126 2127
3 2087 2127 2088
3 2088 2127 2128
3 2088 2128 2089
3 2089 2128 2129
3 2089 2129 2090
3 2090 2129 2130
3 2090 2130 2091
3 2091 2130 2131
3 2091 2131 2092
3 2092 2131 2132
3 2092 2132 2093
3 2093 2132 2133
3 2093 2133 2094
3 2094 2133 2134
3 2094 2134 2095
3 2095 2134 2135
3 2095 2135 2096
3 2096 2135 2136
3 2096 2136 2097
3 2097 2136 2137
3 2097 2137 2098
3 2098 2137 2138
3 2098 2138 2099
3 2099 2138 2139
3 2099 2139 2100
3 2100 2139 2140
3 2100 2140 2101
3 2101 2140 2141
3 2101 2141 2102
3 2102 2141 2142
3 2102 2142 2103
3 2103 2142 2143
3 2103 2143 2104
3 2104 2143 2144
3 2104 2144 2105
3 2105 2144 2145
3 2105 2145 2106
3 2106 2145 2146
3 2106 2146 2107
3 2107 2146 2147
3 2107 2147 2108
3 2108 2147 2148
3 2108 2148 2109
3 2109 2148 2149
3 2109 2149 2110
3 2110 2149 2150
3 2110 2150 2111
3 2111 2150 2151
3 2111 2151 2112
3 2112 2151 2152
3 2112 2152 2113
3 2113 2152 2153
3 2113 2153 2114
3 2114 2153 2154
3 2114 2154 2115
3 2115 2154 2155
3 2115 2155 2116
3 2116 2155 2156
3 2116 2156 2117
3 2117 2156 2157
3 2117 2157 2118
3 2118 2157 2158
3 2118 2158 2119
3 2119 2158 2159
3 2120 2160 2121
3 2121 2160 2161
3 2121 2161 2122
3 2122 2161 2162
3 2122 2162 2123
3 2123 2162 2163
3 2123 2163 2124
3 2124 2163 2164
3 2124 2164 2125
3 2125 2164 2165
3 2125 2165 2126
3 2126 2165 2166
3 2126 2166 2127
3 2127 2166 2167
3 2127 2167 2128
3 2128 2167 2168
3 2128 2168 2129
3 2129 2168 2169
3 2129 2169 2130
3 2130 2169 2170
3 2130 2170 2131
3 2131 2170 2171
3 2131 2171 2132
3 2132 2171 2172
3 2132 2172 2133
3 2133 2172 2173
3 2133 2173 2134
3 2134 2173 2174
3 2134 2174 2135
3 2135 2174 2175
3 2135 2175 2136
3 2136 2175 2176
3 2136 2176 2137
3 2137 2176 2177
3 2137 2177 2138
3 2138 2177 2178
3 2138 2178 2139
3 2139 2178 2179
3 2139 2179 2140
3 2140 2179 2180
3 2140 2180 2141
3 2141 2180 2181
3 2141 2181 2142
3 2142 2181 2182
3 2142 2182 2143
3 2143 2182 2183
3 2143 2183 2144
3 2144 2183 2184
3 2144 2184 2145
3 2145 2184 2185
3 2145 2185 2146
3 2146 2185 2186
3 2146 2186 2147
3 2147 2186 2187
3 2147 2187 2148
3 2148 2187 2188
3 2148 2188 2149
3 2149 2188 2189
3 2149 2189 2150
3 2150 2189 2190
3 2150 2190 2151
3 2151 2190 2191
3 2151 2191 2152
3 2152 2191 2192
3 2152 2192 2153
3 2153 2192 2193
3 2153 2193 2154
3 2154 2193 2194
3 2154 2194 2155
3 2155 2194 2195
3 2155 2195 2156
3 2156 2195 2196
3 2156 2196 2157
3 2157 2196 2197
3 2157 2197 2158
3 2158 2197 2198
3 2158 2198 2159
3 2159 2198 2199
3 2160 2200 2161
3 2161 2200 2201
3 2161 2201 2162
3 2162 2201 2202
3 2162 2202 2163
3 2163 2202 2203
3 2163 2203 2164
3 2164 2203 2204
3 2164 2204 2165
3 2165 2204 2205
3 2165 2205 2166
3 2166 2205 2206
3 2166 2206 2167
3 2167 2206 2207
3 2167 2207 2168
3 2168 2207 2208
3 2168 2208 2169
3 2169 2208 2209
3 2169 2209 2170
3 2170 2209 2210
3 2170 2210 2171
3 2171 2210 2211
3 2171 2211 2172
3 2172 2211 2212
3 2172 2212 2173
3 2173 2212 2213
3 2173 2213 2174
3 2174 2213 2214
3 2174 2214 2175
3 2175 2214 2215
3 2175 2215 2176
3 2176 2215 2216
3 2176 2216 2177
3 2177 2216 2217
3 2177 2217 2178
3 2178 2217 2218
3 2178 2218 2179
3 2179 2218 2219
3 2179 2219 2180
3 2180 2219 2220
3 2180 2220 2181
3 2181 2220 2221
3 2181 2221 2182
3 2182 2221 2222
3 2182 2222 2183
3 2183 2222 2223
3 2183 2223 2184
3 2184 2223 2224
3 2184 2224 2185
3 2185 2224 2225
3 2185 2225 2186
3 2186 2225 2226
3 2186 2226 2187
3 2187 2226 2227
3 2187 2227 2188
3 2188 2227 2228
3 2188 2228 2189
3 2189 2228 2229
3 2189 2229 2190
3 2190 2229 2230
3 2190 2230 2191
3 2191 2230 2231
3 2191 2231 2192
3 2192 2231 2232
3 2192 2232 2193
3 2193 2232 2233
3 2193 2233 2194
3 2194 2233 2234
3 2194 2234 2195
3 2195 2234 2235
3 2195 2235 2196
3 2196 2235 2236
3 2196 2236 2197
3 2197 2236 2237
3 2197 2237 2198
3 2198 2237 2238
3 2198 2238 2199
3 2199 2238 2239
3 2200 2240 2201
3 2201 2240 2241
3 2201 2241 2202
3 2202 2241 2242
3 2202 2242 2203
3 2203 2242 2243
3 2203 2243 2204
3 2204 2243 2244
3 2204 2244 2205
3 2205 2244 2245
3 2205 2245 2206
3 2206 2245 2246
3 2206 2246 2207
3 2207 2246 2247
3 2207 2247 2208
3 2208 2247 2248
3 2208 2248 2209
3 2209 2248 2249
3 2209 2249 2210
3 2210 2249 2250
3 2210 2250 2211
3 2211 2250 2251
3 2211 2251 2212
3 2212 2251 2252
3 2212 2252 2213
3 2213 2252 2253
3 2213 2253 2214
3 2214 2253 2254
3 2214 2254 2215
3 2215 2254 2255
3 2215 2255 2216
3 2216 2255 2256
3 2216 2256 2217
3 2217 2256 2257
3 2217 2257 2218
3 2218 2257 2258
3 2218 2258 2219
3 2219 2258 2259
3 2219 2259 2220
3 2220 2259 2260
3 2220 2260 2221
3 2221 2260 2261
3 2221 2261 2222
3 2222 2261 2262
3 2222 2262 2223
3 2223 2262 2263
3 2223 2263 2224
3 2224 2263 2264
3 2224 2264 2225
3 2225 2264 2265
3 2225 2265 2226
3 2226 2265 2266
3 2226 2266 2227
3 2227 2266 2267
3 2227 2267 2228
3 2228 2267 2268
3 2228 2268 2229
3 2229 2268 2269
3 2229 2269 2230
3 2230 2269 2270
3 2230 2270 2231
3 2231 2270 2271
3 2231 2271 2232
3 2232 2271 2272
3 2232 2272 2233
3 2233 2272 2273
3 2233 2273 2234
3 2234 2273 2274
3 2234 2274 2235
3 2235 2274 2275
3 2235 2275 2236
3 2236 2275 2276
3 2236 2276 2237
3 2237 2276 2277
3 2237 2277 2238
3 2238 2277 2278
3 2238 2278 2239
3 2239 2278 2279
3 2240 2280 2241
3 2241 2280 2281
3 2241 2281 2242
3 2242 2281 2282
3 2242 2282 2243
3 2243 2282 2283
3 2243 2283 2244
3 2244 2283 2284
3 2244 2284 2245
3 2245 2284 2285
3 2245 2285 2246
3 2246 2285 2286
3 2246 2286 2247
3 2247 2286 2287
3 2247 2287 2248
3 2248 2287 2288
3 2248 2288 2249
3 2249 2288 2289
3 2249 2289 2250
3 2250 2289 2290
3 2250 2290 2251
3 2251 2290 2291
3 2251 2291 2252
3 2252 2291 2292
3 2252 2292 2253
3 2253 2292 2293
3 2253 2293 2254
3 2254 2293 2294
3 2254 2294 2255
3 2255 2294 2295
3 2255 2295 2256
3 2256 2295 2296
3 2256 2296 2257
3 2257 2296 2297
3 2257 2297 2258
3 2258 2297 2298
3 2258 2298 2259
3 2259 2298 2299
3 2259 2299 2260
3 2260 2299 2300
3 2260 2300 2261
3 2261 2300 2301
3 2261 2301 2262
3 2262 2301 2302
3 2262 2302 2263
3 2263 2302 2303
3 2263 2303 2264
3 2264 2303 2304
3 2264 2304 2265
3 2265 2304 2305
3 2265 2305 2266
3 2266 2305 2306
3 2266 2306 2267
3 2267 2306 2307
3 2267 2307 2268
3 2268 2307 2308
3 2268 2308 2269
3 2269 2308 2309
3 2269 2309 2270
3 2270 2309 2310
3 2270 2310 2271
3 2271 2310 2311
3 2271 2311 2272
3 2272 2311 2312
3 2272 2312 2273
3 2273 2312 2313
3 2273 2313 2274
3 2274 2313 2314
3 2274 2314 2275
3 2275 2314 2315
3 2275 2315 2276
3 2276 2315 2316
3 2276 2316 2277
3 2277 2316 2317
3 2277 2317 2278
3 2278 2317 2318
3 2278 2318 2279
3 2279 2318 2319
3 2280 2320 2281
3 2281 2320 2321
3 2281 2321 2282
3 2282 2321 2322
3 2282 2322 2283
3 2283 2322 2323
3 2283 2323 2284
3 2284 2323 2324
3 2284 2324 2285
3 2285 2324 2325
3 2285 2325 2286
3 2286 2325 2326
3 2286 2326 2287
3 2287 2326 2327
3 2287 2327 2288
3 2288 2327 2328
3 2288 2328 2289
3 2289 2328 2329
3 2289 2329 2290
3 2290 2329 2330
3 2290 2330 2291
3 2291 2330 2331
3 2291 2331 2292
3 2292 2331 2332
3 2292 2332 2293
3 2293 2332 2333
3 2293 2333 2294
3 2294 2333 2334
3 2294 2334 2295
3 2295 2334 2335
3 2295 2335 2296
3 2296 2335 2336
3 2296 2336 2297
3 2297 2336 2337
3 2297 2337 2298
3 2298 2337 2338
3 2298 2338 2299
3 2299 2338 2339
3 2299 2339 2300
3 2300 2339 2340
3 2300 2340 2301
3 2301 2340 2341
3 2301 2341 2302
3 2302 2341 2342
3 2302 2342 2303
3 2303 2342 2343
3 2303 2343 2304
3 2304 2343 2344
3 2304 2344 2305
3 2305 2344 2345
3 2305 2345 2306
3 2306 2345 2346
3 2306 2346 2307
3 2307 2346 2347
3 2307 2347 2308
3 2308 2347 2348
3 2308 2348 2309
3 2309 2348 2349
3 2309 2349 2310
3 2310 2349 2350
3 2310 2350 2311
3 2311 2350 2351
3 2311 2351 2312
3 2312 2351 2352
3 2312 2352 2313
3 2313 2352 2353
3 2313 2353 2314
3 2314 2353 2354
3 2314 2354 2315
3 2315 2354 2355
3 2315 2355 2316
3 2316 2355 2356
3 2316 2356 2317
3 2317 2356 2357
3 2317 2357 2318
3 2318 2357 2358
3 2318 2358 2319
3 2319 2358 2359
3 2320 2360 2321
3 2321 2360 2361
3 2321 2361 2322
3 2322 2361 2362
3 2322 2362 2323
3 2323 2362 2363
3 2323 2363 2324
3 2324 2363 2364
3 2324 2364 2325
3 2325 2364 2365
3 2325 2365 2326
3 2326 2365 2366
3 2326 2366 2327
3 2327 2366 2367
3 2327 2367 2328
3 2328 2367 2368
3 2328 2368 2329
3 2329 2368 2369
3 2329 2369 2330
3 2330 2369 2370
3 2330 2370 2331
3 2331 2370 2371
3 2331 2371 2332
3 2332 2371 2372
3 2332 2372 2333
3 2333 2372 2373
3 2333 2373 2334
3 2334 2373 2374
3 2334 2374 2335
3 2335 2374 2375
3 2335 2375 2336
3 2336 2375 2376
3 2336 2376 2337
3 2337 2376 2377
3 2337 2377 2338
3 2338 2377 2378
3 2338 2378 2339
3 2339 2378 2379
3 2339 2379 2340
3 2340 2379 2380
3 2340 2380 2341
3 2341 2380 2381
3 2341 2381 2342
3 2342 2381 2382
3 2342 2382 2343
3 2343 2382 2383
3 2343 2383 2344
3 2344 2383 2384
3 2344 2384 2345
3 2345 2384 2385
3 2345 2385 2346
3 2346 2385 2386
3 2346 2386 2347
3 2347 2386 2387
3 2347 2387 2348
3 2348 2387 2388
3 2348 2388 2349
3 2349 2388 2389
3 2349 2389 2350
3 2350 2389 2390
3 2350 2390 2351
3 2351 2390 2391
3 2351 2391 2352
3 2352 2391 2392
3 2352 2392 2353
3 2353 2392 2393
3 2353 2393 2354
3 2354 2393 2394
3 2354 2394 2355
3 2355 2394 2395
3 2355 2395 2356
3 2356 2395 2396
3 2356 2396 2357
3 2357 2396 2397
3 2357 2397 2358
3 2358 2397 2398
3 2358 2398 2359
3 2359 2398 2399
3 2360 2400 2361
3 2361 2400 2401
3 2361 2401 2362
3 2362 2401 2402
3 2362 2402 2363
3 2363 2402 2403
3 2363 2403 2364
3 2364 2403 2404
3 2364 2404 2365
3 2365 2404 2405
3 2365 2405 2366
3 2366 2405 2406
3 2366 2406 2367
3 2367 2406 2407
3 2367 2407 2368
3 2368 2407 2408
3 2368 2408 2369
3 2369 2408 2409
3 2369 2409 2370
3 2370 2409 2410
3 2370 2410 2371
3 2371 2410 2411
3 2371 2411 2372
3 2372 2411 2412
3 2372 2412 2373
3 2373 2412 2413
3 2373 2413 2374
3 2374 2413 2414
3 2374 2414 2375
3 2375 2414 2415
3 2375 2415 2376
3 2376 2415 2416
3 2376 2416 2377
3 2377 2416 2417
3 2377 2417 2378
3 2378 2417 2418
3 2378 2418 2379
3 2379 2418 2419
3 2379 2419 2380
3 2380 2419 2420
3 2380 2420 2381
3 2381 2420 2421
3 2381 2421 2382
3 2382 2421 2422
3 2382 2422 2383
3 2383 2422 2423
3 2383 2423 2384
3 2384 2423 2424
3 2384 2424 2385
3 2385 2424 2425
3 2385 2425 2386
3 2386 2425 2426
3 2386 2426 2387
3 2387 2426 2427
3 2387 2427 2388
3 2388 2427 2428
3 2388 2428 2389
3 2389 2428 2429
3 2389 2429 2390
3 2390 2429 2430
3 2390 2430 2391
3 2391 2430 2431
3 2391 2431 2392
3 2392 2431 2432
3 2392 2432 2393
3 2393 2432 2433
3 2393 2433 2394
3 2394 2433 2434
3 2394 2434 2395
3 2395 2434 2435
3 2395 2435 2396
3 2396 2435 2436
3 2396 2436 2397
3 2397 2436 2437
3 2397 2437 2398
3 2398 2437 2438
3 2398 2438 2399
3 2399 2438 2439
3 2400 2440 2401
3 2401 2440 2441
3 2401 2441 2402
3 2402 2441 2442
3 2402 2442 2403
3 2403 2442 2443
3 2403 2443 2404
3 2404 2443 2444
3 2404 2444 2405
3 2405 2444 2445
3 2405 2445 2406
3 2406 2445 2446
3 2406 2446 2407
3 2407 2446 2447
3 2407 2447 2408
3 2408 2447 2448
3 2408 2448 2409
3 2409 2448 2449
3 2409 2449 2410
3 2410 2449 2450
3 2410 2450 2411
3 2411 2450 2451
3 2411 2451 2412
3 2412 2451 2452
3 2412 2452 2413
3 2413 2452 2453
3 2413 2453 2414
3 2414 2453 2454
3 2414 2454 2415
3 2415 2454 2455
3 2415 2455 2416
3 2416 2455 2456
3 2416 2456 2417
3 2417 2456 2457
3 2417 2457 2418
3 2418 2457 2458
3 2418 2458 2419
3 2419 2458 2459
3 2419 2459 2420
3 2420 2459 2460
3 2420 2460 2421
3 2421 2460 2461
3 2421 2461 2422
3 2422 2461 2462
3 2422 2462 2423
3 2423 2462 2463
3 2423 2463 2424
3 2424 2463 2464
3 2424 2464 2425
3 2425 2464 2465
3 2425 2465 2426
3 2426 2465 2466
3 2426 2466 2427
3 2427 2466 2467
3 2427 2467 2428
3 2428 2467 2468
3 2428 2468 2429
3 2429 2468 2469
3 2429 2469 2430
3 2430 2469 2470
3 2430 2470 2431
3 2431 2470 2471
3 2431 2471 2432
3 2432 2471 2472
3 2432 2472 2433
3 2433 2472 2473
3 2433 2473 2434
3 2434 2473 2474
3 2434 2474 2435
3 2435 2474 2475
3 2435 2475 2436
3 2436 2475 2476
3 2436 2476 2437
3 2437 2476 2477
3 2437 2477 2438
3 2438 2477 2478
3 2438 2478 2439
3 2439 2478 2479
3 2440 2480 2441
3 2441 2480 2481
3 2441 2481 2442
3 2442 2481 2482
3 2442 2482 2443
3 2443 2482 2483
3 2443 2483 2444
3 2444 2483 2484
3 2444 2484 2445
3 2445 2484 2485
3 2445 2485 2446
3 2446 2485 2486
3 2446 2486 2447
3 2447 2486 2487
3 2447 2487 2448
3 2448 2487 2488
3 2448 2488 2449
3 2449 2488 2489
3 2449 2489 2450
3 2450 2489 2490
3 2450 2490 2451
3 2451 2490 2491
3 2451 2491 2452
3 2452 2491 2492
3 2452 2492 2453
3 2453 2492 2493
3 2453 2493 2454
3 2454 2493 2494
3 2454 2494 2455
3 2455 2494 2495
3 2455 2495 2456
3 2456 2495 2496
3 2456 2496 2457
3 2457 2496 2497
3 2457 2497 2458
3 2458 2497 2498
3 2458 2498 2459
3 2459 2498 2499
3 2459 2499 2460
3 2460 2499 2500
3 2460 2500 2461
3 2461 2500 2501
3 2461 2501 2462
3 2462 2501 2502
3 2462 2502 2463
3 2463 2502 2503
3 2463 2503 2464
3 2464 2503 2504
3 2464 2504 2465
3 2465 2504 2505
3 2465 2505 2466
3 2466 2505 2506
3 2466 2506 2467
3 2467 2506 2507
3 2467 2507 2468
3 2468 2507 2508
3 2468 2508 2469
3 2469 2508 2509
3 2469 2509 2470
3 2470 2509 2510
3 2470 2510 2471
3 2471 2510 2511
3 2471 2511 2472
3 2472 2511 2512
3 2472 2512 2473
3 2473 2512 2513
3 2473 2513 2474
3 2474 2513 2514
3 2474 2514 2475
3 2475 2514 2515
3 2475 2515 2476
3 2476 2515 2516
3 2476 2516 2477
3 2477 2516 2517
3 2477 2517 2478
3 2478 2517 2518
3 2478 2518 2479
3 2479 2518 2519
3 2480 2520 2481
3 2481 2520 2521
3 2481 2521 2482
3 2482 2521 2522
3 2482 2522 2483
3 2483 2522 2523
3 2483 2523 2484
3 2484 2523 2524
3 2484 2524 2485
3 2485 2524 2525
3 2485 2525 2486
3 2486 2525 2526
3 2486 2526 2487
3 2487 2526 2527
3 2487 2527 2488
3 2488 2527 2528
3 2488 2528 2489
3 2489 2528 2529
3 2489 2529 2490
3 2490 2529 2530
3 2490 2530 2491
3 2491 2530 2531
3 2491 2531 2492
3 2492 2531 2532
3 2492 2532 2493
3 2493 2532 2533
3 2493 2533 2494
3 2494 2533 2534
3 2494 2534 2495
3 2495 2534 2535
3 2495 2535 2496
3 2496 2535 2536
3 2496 2536 2497
3 2497 2536 2537
3 2497 2537 2498
3 2498 2537 2538
3 2498 2538 2499
3 2499 2538 2539
3 2499 2539 2500
3 2500 2539 2540
3 2500 2540 2501
3 2501 2540 2541
3 2501 2541 2502
3 2502 2541 2542
3 2502 2542 2503
3 2503 2542 2543
3 2503 2543 2504
3 2504 2543 2544
3 2504 2544 2505
3 2505 2544 2545
3 2505 2545 2506
3 2506 2545 2546
3 2506 2546 2507
3 2507 2546 2547
3 2507 2547 2508
3 2508 2547 2548
3 2508 2548 2509
3 2509 2548 2549
3 2509 2549 2510
3 2510 2549 2550
3 2510 2550 2511
3 2511 2550 2551
3 2511 2551 2512
3 2512 2551 2552
3 2512 2552 2513
3 2513 2552 2553
3 2513 2553 2514
3 2514 2553 2554
3 2514 2554 2515
3 2515 2554 2555
3 2515 2555 2516
3 2516 2555 2556
3 2516 2556 2517
3 2517 2556 2557
3 2517 2557 2518
3 2518 2557 2558
3 2518 2558 2519
3 2519 2558 2559
3 2520 2560 2521
3 2521 2560 2561
3 2521 2561 2522
3 2522 2561 2562
3 2522 2562 2523
3 2523 2562 2563
3 2523 2563 2524
3 2524 2563 2564
3 2524 2564 2525
3 2525 2564 2565
3 2525 2565 2526
3 2526 2565 2566
3 2526 2566 2527
3 2527 2566 2567
3 2527 2567 2528
3 2528 2567 2568
3 2528 2568 2529
3 2529 2568 2569
3 2529 2569 2530
3 2530 2569 2570
3 2530 2570 2531
3 2531 2570 2571
3 2531 2571 2532
3 2532 2571 2572
3 2532 2572 2533
3 2533 2572 2573
3 2533 2573 2534
3 2534 2573 2574
3 2534 2574 2535
3 2535 2574 2575
3 2535 2575 2536
3 2536 2575 2576
3 2536 2576 2537
3 2537 2576 2577
3 2537 2577 2538
3 2538 2577 2578
3 2538 2578 2539
3 2539 2578 2579
3 2539 2579 2540
3 2540 2579 2580
3 2540 2580 2541
3 2541 2580 2581
3 2541 2581 2542
3 2542 2581 2582
3 2542 2582 2543
3 2543 2582 2583
3 2543 2583 2544
3 2544 2583 2584
3 2544 2584 2545
3 2545 2584 2585
3 2545 2585 2546
3 2546 2585 2586
3 2546 2586 2547
3 2547 2586 2587
3 2547 2587 2548
3 2548 2587 2588
3 2548 2588 2549
3 2549 2588 2589
3 2549 2589 2550
3 2550 2589 2590
3 2550 2590 2551
3 2551 2590 2591
3 2551 2591 2552
3 2552 2591 2592
3 2552 2592 2553
3 2553 2592 2593
3 2553 2593 2554
3 2554 2593 2594
3 2554 2594 2555
3 2555 2594 2595
3 2555 2595 2556
3 2556 2595 2596
3 2556 2596 2557
3 2557 2596 2597
3 2557 2597 2558
3 2558 2597 2598
3 2558 2598 2559
3 2559 2598 2599
3 2560 2600 2561
3 2561 2600 2601
3 2561 2601 2562
3 2562 2601 2602
3 2562 2602 2563
3 2563 2602 2603
3 2563 2603 2564
3 2564 2603 2604
3 2564 2604 2565
3 2565 2604 2605
3 2565 2605 2566
3 2566 2605 2606
3 2566 2606 2567
3 2567 2606 2607
3 2567 2607 2568
3 2568 2607 2608
3 2568 2608 2569
3 2569 2608 2609
3 2569 2609 2570
3 2570 2609 2610
3 2570 2610 2571
3 2571 2610 2611
3 2571 2611 2572
3 2572 2611 2612
3 2572 2612 2573
3 2573 2612 2613
3 2573 2613 2574
3 2574 2613 2614
3 2574 2614 2575
3 2575 2614 2615
3 2575 2615 2576
3 2576 2615 2616
3 2576 2616 2577
3 2577 2616 2617
3 2577 2617 2578
3 2578 2617 2618
3 2578 2618 2579
3 2579 2618 2619
3 2579 2619 2580
3 2580 2619 2620
3 2580 2620 2581
3 2581 2620 2621
3 2581 2621 2582
3 2582 2621 2622
3 2582 2622 2583
3 2583 2622 2623
3 2583 2623 2584
3 2584 2623 2624
3 2584 2624 2585
3 2585 2624 2625
3 2585 2625 2586
3 2586 2625 2626
3 2586 2626 2587
3 2587 2626 2627
3 2587 2627 2588
3 2588 2627 2628
3 2588 2628 2589
3 2589 2628 2629
3 2589 2629 2590
3 2590 2629 2630
3 2590 2630 2591
3 2591 2630 2631
3 2591 2631 2592
3 2592 2631 2632
3 2592 2632 2593
3 2593 2632 2633
3 2593 2633 2594
3 2594 2633 2634
3 2594 2634 2595
3 2595 2634 2635
3 2595 2635 2596
3 2596 2635 2636
3 2596 2636 2597
3 2597 2636 2637
3 2597 2637 2598
3 2598 2637 2638
3 2598 2638 2599
3 2599 2638 2639
3 2600 2640 2601
3 2601 2640 2641
3 2601 2641 2602
3 2602 2641 2642
3 2602 2642 2603
3 2603 2642 2643
3 2603 2643 2604
3 2604 2643 2644
3 2604 2644 2605
3 2605 2644 2645
3 2605 2645 2606
3 2606 2645 2646
3 2606 2646 2607
3 2607 2646 2647
3 2607 2647 2608
3 2608 2647 2648
3 2608 2648 2609
3 2609 2648 2649
3 2609 2649 2610
3 2610 2649 2650
3 2610 2650 2611
3 2611 2650 2651
3 2611 2651 2612
3 2612 2651 2652
3 2612 2652 2613
3 2613 2652 2653
3 2613 2653 2614
3 2614 2653 2654
3 2614 2654 2615
3 2615 2654 2655
3 2615 2655 2616
3 2616 2655 2656
3 2616 2656 2617
3 2617 2656 2657
3 2617 2657 2618
3 2618 2657 2658
3 2618 2658 2619
3 2619 2658 2659
3 2619 2659 2620
3 2620 2659 2660
3 2620 2660 2621
3 2621 2660 2661
3 2621 2661 2622
3 2622 2661 2662
3 2622 2662 2623
3 2623 2662 2663
3 2623 2663 2624
3 2624 2663 2664
3 2624 2664 2625
3 2625 2664 2665
3 2625 2665 2626
3 2626 2665 2666
3 2626 2666 2627
3 2627 2666 2667
3 2627 2667 2628
3 2628 2667 2668
3 2628 2668 2629
3 2629 2668 2669
3 2629 2669 2630
3 2630 2669 2670
3 2630 2670 2631
3 2631 2670 2671
3 2631 2671 2632
3 2632 2671 2672
3 2632 2672 2633
3 2633 2672 2673
3 2633 2673 2634
3 2634 2673 2674
3 2634 2674 2635
3 2635 2674 2675
3 2635 2675 2636
3 2636 2675 2676
3 2636 2676 2637
3 2637 2676 2677
3 2637 2677 2638
3 2638 2677 2678
3 2638 2678 2639
3 2639 2678 2679
3 2640 2680 2641
3 2641 2680 2681
3 2641 2681 2642
3 2642 2681 2682
3 2642 2682 2643
3 2643 2682 2683
3 2643 2683 2644
3 2644 2683 2684
3 2644 2684 2645
3 2645 2684 2685
3 2645 2685 2646
3 2646 2685 2686
3 2646 2686 2647
3 2647 2686 2687
3 2647 2687 2648
3 2648 2687 2688
3 2648 2688 2649
3 2649 2688 2689
3 2649 2689 2650
3 2650 2689 2690
3 2650 2690 2651
3 2651 2690 2691
3 2651 2691 2652
3 2652 2691 2692
3 2652 2692 2653
3 2653 2692 2693
3 2653 2693 2654
3 2654 2693 2694
3 2654 2694 2655
3 2655 2694 2695
3 2655 2695 2656
3 2656 2695 2696
3 2656 2696 2657
3 2657 2696 2697
3 2657 2697 2658
3 2658 2697 2698
3 2658 2698 2659
3 2659 2698 2699
3 2659 2699 2660
3 2660 2699 2700
3 2660 2700 2661
3 2661 2700 2701
3 2661 2701 2662
3 2662 2701 2702
3 2662 2702 2663
3 2663 2702 2703
3 2663 2703 2664
3 2664 2703 2704
3 2664 2704 2665
3 2665 2704 2705
3 2665 2705 2666
3 2666 2705 2706
3 2666 2706 2667
3 2667 2706 2707
3 2667 2707 2668
3 2668 2707 2708
3 2668 2708 2669
3 2669 2708 2709
3 2669 2709 2670
3 2670 2709 2710
3 2670 2710 2671
3 2671 2710 2711
3 2671 2711 2672
3 2672 2711 2712
3 2672 2712 2673
3 2673 2712 2713
3 2673 2713 2674
3 2674 2713 2714
3 2674 2714 2675
3 2675 2714 2715
3 2675 2715 2676
3 2676 2715 2716
3 2676 2716 2677
3 2677 2716 2717
3 2677 2717 2678
3 2678 2717 2718
3 2678 2718 2679
3 2679 2718 2719
3 2680 2720 2681
3 2681 2720 2721
3 2681 2721 2682
3 2682 2721 2722
3 2682 2722 2683
3 2683 2722 2723
3 2683 2723 2684
3 2684 2723 2724
3 2684 2724 2685
3 2685 2724 2725
3 2685 2725 2686
3 2686 2725 2726
3 2686 2726 2687
3 2687 2726 2727
3 2687 2727 2688
3 2688 2727 2728
3 2688 2728 2689
3 2689 2728 2729
3 2689 2729 2690
3 2690 2729 2730
3 2690 2730 2691
3 2691 2730 2731
3 2691 2731 2692
3 2692 2731 2732
3 2692 2732 2693
3 2693 2732 2733
3 2693 2733 2694
3 2694 2733 2734
3 2694 2734 2695
3 2695 2734 2735
3 2695 2735 2696
3 2696 2735 2736
3 2696 2736 2697
3 2697 2736 2737
3 2697 2737 2698
3 2698 2737 2738
3 2698 2738 2699
3 2699 2738 2739
3 2699 2739 2700
3 2700 2739 2740
3 2700 2740 2701
3 2701 2740 2741
3 2701 2741 2702
3 2702 2741 2742
3 2702 2742 2703
3 2703 2742 2743
3 2703 2743 2704
3 2704 2743 2744
3 2704 2744 2705
3 2705 2744 2745
3 2705 2745 2706
3 2706 2745 2746
3 2706 2746 2707
3 2707 2746 2747
3 2707 2747 2708
3 2708 2747 2748
3 2708 2748 2709
3 2709 2748 2749
3 2709 2749 2710
3 2710 2749 2750
3 2710 2750 2711
3 2711 2750 2751
3 2711 2751 2712
3 2712 2751 2752
3 2712 2752 2713
3 2713 2752 2753
3 2713 2753 2714
3 2714 2753 2754
3 2714 2754 2715
3 2715 2754 2755
3 2715 2755 2716
3 2716 2755 2756
3 2716 2756 2717
3 2717 2756 2757
3 2717 2757 2718
3 2718 2757 2758
3 2718 2758 2719
3 2719 2758 2759
3 2720 2760 2721
3 2721 2760 2761
3 2721 2761 2722
3 2722 2761 2762
3 2722 2762 2723
3 2723 2762 2763
3 2723 2763 2724
3 2724 2763 2764
3 2724 2764 2725
3 2725 2764 2765
3 2725 2765 2726
3 2726 2765 2766
3 2726 2766 2727
3 2727 2766 2767
3 2727 2767 2728
3 2728 2767 2768
3 2728 2768 2729
3 2729 2768 2769
3 2729 2769 2730
3 2730 2769 2770
3 2730 2770 2731
3 2731 2770 2771
3 2731 2771 2732
3 2732 2771 2772
3 2732 2772 2733
3 2733 2772 2773
3 2733 2773 2734
3 2734 2773 2774
3 2734 2774 2735
3 2735 2774 2775
3 2735 2775 2736
3 2736 2775 2776
3 2736 2776 2737
3 2737 2776 2777
3 2737 2777 2738
3 2738 2777 2778
3 2738 2778 2739
3 2739 2778 2779
3 2739 2779 2740
3 2740 2779 2780
3 2740 2780 2741
3 2741 2780 2781
3 2741 2781 2742
3 2742 2781 2782
3 2742 2782 2743
3 2743 2782 2783
3 2743 2783 2744
3 2744 2783 2784
3 2744 2784 2745
3 2745 2784 2785
3 2745 2785 2746
3 2746 2785 2786
3 2746 2786 2747
3 2747 2786 2787
3 2747 2787 2748
3 2748 2787 2788
3 2748 2788 2749
3 2749 2788 2789
3 2749 2789 2750
3 2750 2789 2790
3 2750 2790 2751
3 2751 2790 2791
3 2751 2791 2752
3 2752 2791 2792
3 2752 2792 2753
3 2753 2792 2793
3 2753 2793 2754
3 2754 2793 2794
3 2754 2794 2755
3 2755 2794 2795
3 2755 2795 2756
3 2756 2795 2796
3 2756 2796 2757
3 2757 2796 2797
3 2757 2797 2758
3 2758 2797 2798
3 2758 2798 2759
3 2759 2798 2799
3 2760 2800 2761
3 2761 2800 2801
3 2761 2801 2762
3 2762 2801 2802
3 2762 2802 2763
3 2763 2802 2803
3 2763 2803 2764
3 2764 2803 2804
3 2764 2804 2765
3 2765 2804 2805
3 2765 2805 2766
3 2766 2805 2806
3 2766 2806 2767
3 2767 2806 2807
3 2767 2807 2768
3 2768 2807 2808
3 2768 2808 2769
3 2769 2808 2809
3 2769 2809 2770
3 2770 2809 2810
3 2770 2810 2771
3 2771 2810 2811
3 2771 2811 2772
3 2772 2811 2812
3 2772 2812 2773
3 2773 2812 2813
3 2773 2813 2774
3 2774 2813 2814
3 2774 2814 2775
3 2775 2814 2815
3 2775 2815 2776
3 2776 2815 2816
3 2776 2816 2777
3 2777 2816 2817
3 2777 2817 2778
3 2778 2817 2818
3 2778 2818 2779
3 2779 2818 2819
3 2779 2819 2780
3 2780 2819 2820
3 2780 2820 2781
3 2781 2820 2821
3 2781 2821 2782
3 2782 2821 2822
3 2782 2822 2783
3 2783 2822 2823
3 2783 2823 2784
3 2784 2823 2824
3 2784 2824 2785
3 2785 2824 2825
3 2785 2825 2786
3 2786 2825 2826
3 2786 2826 2787
3 2787 2826 2827
3 2787 2827 2788
3 2788 2827 2828
3 2788 2828 2789
3 2789 2828 2829
3 2789 2829 2790
3 2790 2829 2830
3 2790 2830 2791
3 2791 2830 2831
3 2791 2831 2792
3 2792 2831 2832
3 2792 2832 2793
3 2793 2832 2833
3 2793 2833 2794
3 2794 2833 2834
3 2794 2834 2795
3 2795 2834 2835
3 2795 2835 2796
3 2796 2835 2836
3 2796 2836 2797
3 2797 2836 2837
3 2797 2837 2798
3 2798 2837 2838
3 2798 2838 2799
3 2799 2838 2839
3 2800 2840 2801
3 2801 2840 2841
3 2801 2841 2802
3 2802 2841 2842
3 2802 2842 2803
3 2803 2842 2843
3 2803 2843 2804
3 2804 2843 2844
3 2804 2844 2805
3 2805 2844 2845
3 2805 2845 2806
3 2806 2845 2846
3 2806 2846 2807
3 2807 2846 2847
3 2807 2847 2808
3 2808 2847 2848
3 2808 2848 2809
3 2809 2848 2849
3 2809 2849 2810
3 2810 2849 2850
3 2810 2850 2811
3 2811 2850 2851
3 2811 2851 2812
3 2812 2851 2852
3 2812 2852 2813
3 2813 2852 2853
3 2813 2853 2814
3 2814 2853 2854
3 2814 2854 2815
3 2815 2854 2855
3 2815 2855 2816
3 2816 2855 2856
3 2816 2856 2817
3 2817 2856 2857
3 2817 2857 2818
3 2818 2857 2858
3 2818 2858 2819
3 2819 2858 2859
3 2819 2859 2820
3 2820 2859 2860
3 2820 2860 2821
3 2821 2860 2861
3 2821 2861 2822
3 2822 2861 2862
3 2822 2862 2823
3 2823 2862 2863
3 2823 2863 2824
3 2824 2863 2864
3 2824 2864 2825
3 2825 2864 2865
3 2825 2865 2826
3 2826 2865 2866
3 2826 2866 2827
3 2827 2866 2867
3 2827 2867 2828
3 2828 2867 2868
3 2828 2868 2829
3 2829 2868 2869
3 2829 2869 2830
3 2830 2869 2870
3 2830 2870 2831
3 2831 2870 2871
3 2831 2871 2832
3 2832 2871 2872
3 2832 2872 2833
3 2833 2872 2873
3 2833 2873 2834
3 2834 2873 2874
3 2834 2874 2835
3 2835 2874 2875
3 2835 2875 2836
3 2836 2875 2876
3 2836 2876 2837
3 2837 2876 2877
3 2837 2877 2838
3 2838 2877 2878
3 2838 2878 2839
3 2839 2878 2879
3 2840 2880 2841
3 2841 2880 2881
3 2841 2881 2842
3 2842 2881 2882
3 2842 2882 2843
3 2843 2882 2883
3 2843 2883 2844
3 2844 2883 2884
3 2844 2884 2845
3 2845 2884 2885
3 2845 2885 2846
3 2846 2885 2886
3 2846 2886 2847
3 2847 2886 2887
3 2847 2887 2848
3 2848 2887 2888
3 2848 2888 2849
3 2849 2888 2889
3 2849 2889 2850
3 2850 2889 2890
3 2850 2890 2851
3 2851 2890 2891
3 2851 2891 2852
3 2852 2891 2892
3 2852 2892 2853
3 2853 2892 2893
3 2853 2893 2854
3 2854 2893 2894
3 2854 2894 2855
3 2855 2894 2895
3 2855 2895 2856
3 2856 2895 2896
3 2856 2896 2857
3 2857 2896 2897
3 2857 2897 2858
3 2858 2897 2898
3 2858 2898 2859
3 2859 2898 2899
3 2859 2899 2860
3 2860 2899 2900
3 2860 2900 2861
3 2861 2900 2901
3 2861 2901 2862
3 2862 2901 2902
3 2862 2902 2863
3 2863 2902 2903
3 2863 2903 2864
3 2864 2903 2904
3 2864 2904 2865
3 2865 2904 2905
3 2865 2905 2866
3 2866 2905 2906
3 2866 2906 2867
3 2867 2906 2907
3 2867 2907 2868
3 2868 2907 2908
3 2868 2908 2869
3 2869 2908 2909
3 2869 2909 2870
3 2870 2909 2910
3 2870 2910 2871
3 2871 2910 2911
3 2871 2911 2872
3 2872 2911 2912
3 2872 2912 2873
3 2873 2912 2913
3 2873 2913 2874
3 2874 2913 2914
3 2874 2914 2875
3 2875 2914 2915
3 2875 2915 2876
3 2876 2915 2916
3 2876 2916 2877
3 2877 2916 2917
3 2877 2917 2878
3 2878 2917 2918
3 2878 2918 2879
3 2879 2918 2919
3 2880 2920 2881
3 2881 2920 2921
3 2881 2921 2882
3 2882 2921 2922
3 2882 2922 2883
3 2883 2922 2923
3 2883 2923 2884
3 2884 2923 2924
3 2884 2924 2885
3 2885 2924 2925
3 2885 2925 2886
3 2886 2925 2926
3 2886 2926 2887
3 2887 2926 2927
3 2887 2927 2888
3 2888 2927 2928
3 2888 2928 2889
3 2889 2928 2929
3 2889 2929 2890
3 2890 2929 2930
3 2890 2930 2891
3 2891 2930 2931
3 2891 2931 2892
3 2892 2931 2932
3 2892 2932 2893
3 2893 2932 2933
3 2893 2933 2894
3 2894 2933 2934
3 2894 2934 2895
3 2895 2934 2935
3 2895 2935 2896
3 2896 2935 2936
3 2896 2936 2897
3 2897 2936 2937
3 2897 2937 2898
3 2898 2937 2938
3 2898 2938 2899
3 2899 2938 2939
3 2899 2939 2900
3 2900 2939 2940
3 2900 2940 2901
3 2901 2940 2941
3 2901 2941 2902
3 2902 2941 2942
3 2902 2942 2903
3 2903 2942 2943
3 2903 2943 2904
3 2904 2943 2944
3 2904 2944 2905
3 2905 2944 2945
3 2905 2945 2906
3 2906 2945 2946
3 2906 2946 2907
3 2907 2946 2947
3 2907 2947 2908
3 2908 2947 2948
3 2908 2948 2909
3 2909 2948 2949
3 2909 2949 2910
3 2910 2949 2950
3 2910 2950 2911
3 2911 2950 2951
3 2911 2951 2912
3 2912 2951 2952
3 2912 2952 2913
3 2913 2952 2953
3 2913 2953 2914
3 2914 2953 2954
3 2914 2954 2915
3 2915 2954 2955
3 2915 2955 2916
3 2916 2955 2956
3 2916 2956 2917
3 2917 2956 2957
3 2917 2957 2918
3 2918 2957 2958
3 2918 2958 2919
3 2919 2958 2959
3 2920 2960 2921
3 2921 2960 2961
3 2921 2961 2922
3 2922 2961 2962
3 2922 2962 2923
3 2923 2962 2963
3 2923 2963 2924
3 2924 2963 2964
3 2924 2964 2925
3 2925 2964 2965
3 2925 2965 2926
3 2926 2965 2966
3 2926 2966 2927
3 2927 2966 2967
3 2927 2967 2928
3 2928 2967 2968
3 2928 2968 2929
3 2929 2968 2969
3 2929 2969 2930
3 2930 2969 2970
3 2930 2970 2931
3 2931 2970 2971
3 2931 2971 2932
3 2932 2971 2972
3 2932 2972 2933
3 2933 2972 2973
3 2933 2973 2934
3 2934 2973 2974
3 2934 2974 2935
3 2935 2974 2975
3 2935 2975 2936
3 2936 2975 2976
3 2936 2976 2937
3 2937 2976 2977
3 2937 2977 2938
3 2938 2977 2978
3 2938 2978 2939
3 2939 2978 2979
3 2939 2979 2940
3 2940 2979 2980
3 2940 2980 2941
3 2941 2980 2981
3 2941 2981 2942
3 2942 2981 2982
3 2942 2982 2943
3 2943 2982 2983
3 2943 2983 2944
3 2944 2983 2984
3 2944 2984 2945
3 2945 2984 2985
3 2945 2985 2946
3 2946 2985 2986
3 2946 2986 2947
3 2947 2986 2987
3 2947 2987 2948
3 2948 2987 2988
3 2948 2988 2949
3 2949 2988 2989
3 2949 2989 2950
3 2950 2989 2990
3 2950 2990 2951
3 2951 2990 2991
3 2951 2991 2952
3 2952 2991 2992
3 2952 2992 2953
3 2953 2992 2993
3 2953 2993 2954
3 2954 2993 2994
3 2954 2994 2955
3 2955 2994 2995
3 2955 2995 2956
3 2956 2995 2996
3 2956 2996 2957
3 2957 2996 2997
3 2957 2997 2958
3 2958 2997 2998
3 2958 2998 2959
3 2959 2998 2999
3 2960 3000 2961
3 2961 3000 3001
3 2961 3001 2962
3 2962 3001 3002
3 2962 3002 2963
3 2963 3002 3003
3 2963 3003 2964
3 2964 3003 3004
3 2964 3004 2965
3 2965 3004 3005
3 2965 3005 2966
3 2966 3005 3006
3 2966 3006 2967
3 2967 3006 3007
3 2967 3007 2968
3 2968 3007 3008
3 2968 3008 2969
3 2969 3008 3009
3 2969 3009 2970
3 2970 3009 3010
3 2970 3010 2971
3 2971 3010 3011
3 2971 3011 2972
3 2972 3011 3012
3 2972 3012 2973
3 2973 3012 3013
3 2973 3013 2974
3 2974 3013 3014
3 2974 3014 2975
3 2975 3014 3015
3 2975 3015 2976
3 2976 3015 3016
3 2976 3016 2977
3 2977 3016 3017
3 2977 3017 2978
3 2978 3017 3018
3 2978 3018 2979
3 2979 3018 3019
3 2979 3019 2980
3 2980 3019 3020
3 2980 3020 2981
3 2981 3020 3021
3 2981 3021 2982
3 2982 3021 3022
3 2982 3022 2983
3 2983 3022 3023
3 2983 3023 2984
3 2984 3023 3024
3 2984 3024 2985
3 2985 3024 3025
3 2985 3025 2986
3 2986 3025 3026
3 2986 3026 2987
3 2987 3026 3027
3 2987 3027 2988
3 2988 3027 3028
3 2988 3028 2989
3 2989 3028 3029
3 2989 3029 2990
3 2990 3029 3030
3 2990 3030 2991
3 2991 3030 3031
3 2991 3031 2992
3 2992 3031 3032
3 2992 3032 2993
3 2993 3032 3033
3 2993 3033 2994
3 2994 3033 3034
3 2994 3034 2995
3 2995 3034 3035
3 2995 3035 2996
3 2996 3035 3036
3 2996 3036 2997
3 2997 3036 3037
3 2997 3037 2998
3 2998 3037 3038
3 2998 3038 2999
3 2999 3038 3039
3 3000 3040 3001
3 3001 3040 3041
3 3001 3041 3002
3 3002 3041 3042
3 3002 3042 3003
3 3003 3042 3043
3 3003 3043 3004
3 3004 3043 3044
3 3004 3044 3005
3 3005 3044 3045
3 3005 3045 3006
3 3006 3045 3046
3 3006 3046 3007
3 3007 3046 3047
3 3007 3047 3008
3 3008 3047 3048
3 3008 3048 3009
3 3009 3048 3049
3 3009 3049 3010
3 3010 3049 3050
3 3010 3050 3011
3 3011 3050 3051
3 3011 3051 3012
3 3012 3051 3052
3 3012 3052 3013
3 3013 3052 3053
3 3013 3053 3014
3 3014 3053 3054
3 3014 3054 3015
3 3015 3054 3055
3 3015 3055 3016
3 3016 3055 3056
3 3016 3056 3017
3 3017 3056 3057
3 3017 3057 3018
3 3018 3057 3058
3 3018 3058 3019
3 3019 3058 3059
3 3019 3059 3020
3 3020 3059 3060
3 3020 3060 3021
3 3021 3060 3061
3 3021 3061 3022
3 3022 3061 3062
3 3022 3062 3023
3 3023 3062 3063
3 3023 3063 3024
3 3024 3063 3064
3 3024 3064 3025
3 3025 3064 3065
3 3025 3065 3026
3 3026 3065 3066
3 3026 3066 3027
3 3027 3066 3067
3 3027 3067 3028
3 3028 3067 3068
3 3028 3068 3029
3 3029 3068 3069
3 3029 3069 3030
3 3030 3069 3070
3 3030 3070 3031
3 3031 3070 3071
3 3031 3071 3032
3 3032 3071 3072
3 3032 3072 3033
3 3033 3072 3073
3 3033 3073 3034
3 3034 3073 3074
3 3034 3074 3035
3 3035 3074 3075
3 3035 3075 3036
3 3036 3075 3076
3 3036 3076 3037
3 3037 3076 3077
3 3037 3077 3038
3 3038 3077 3078
3 3038 3078 3039
3 3039 3078 3079
3 3040 3080 3041
3 3041 3080 3081
3 3041 3081 3042
3 3042 3081 3082
3 3042 3082 3043
3 3043 3082 3083
3 3043 3083 3044
3 3044 3083 3084
3 3044 3084 3045
3 3045 3084 3085
3 3045 3085 3046
3 3046 3085 3086
3 3046 3086 3047
3 3047 3086 3087
3 3047 3087 3048
3 3048 3087 3088
3 3048 3088 3049
3 3049 3088 3089
3 3049 3089 3050
3 3050 3089 3090
3 3050 3090 3051
3 3051 3090 3091
3 3051 3091 3052
3 3052 3091 3092
3 3052 3092 3053
3 3053 3092 3093
3 3053 3093 3054
3 3054 3093 3094
3 3054 3094 3055
3 3055 3094 3095
3 3055 3095 3056
3 3056 3095 3096
3 3056 3096 3057
3 3057 3096 3097
3 3057 3097 3058
3 3058 3097 3098
3 3058 3098 3059
3 3059 3098 3099
3 3059 3099 3060
3 3060 3099 3100
3 3060 3100 3061
3 3061 3100 3101
3 3061 3101 3062
3 3062 3101 3102
3 3062 3102 3063
3 3063 3102 3103
3 3063 3103 3064
3 3064 3103 3104
3 3064 3104 3065
3 3065 3104 3105
3 3065 3105 3066
3 3066 3105 3106
3 3066 3106 3067
3 3067 3106 3107
3 3067 3107 3068
3 3068 3107 3108
3 3068 3108 3069
3 3069 3108 3109
3 3069 3109 3070
3 3070 3109 3110
3 3070 3110 3071
3 3071 3110 3111
3 3071 3111 3072
3 3072 3111 3112
3 3072 3112 3073
3 3073 3112 3113
3 3073 3113 3074
3 3074 3113 3114
3 3074 3114 3075
3 3075 3114 3115
3 3075 3115 3076
3 3076 3115 3116
3 3076 3116 3077
3 3077 3116 3117
3 3077 3117 3078
3 3078 3117 3118
3 3078 3118 3079
3 3079 3118 3119
3 3080 3120 3081
3 3081 3120 3121
3 3081 3121 3082
3 3082 3121 3122
3 3082 3122 3083
3 3083 3122 3123
3 3083 3123 3084
3 3084 3123 3124
3 3084 3124 3085
3 3085 3124 3125
3 3085 3125 3086
3 3086 3125 3126
3 3086 3126 3087
3 3087 3126 3127
3 3087 3127 3088
3 3088 3127 3128
3 3088 3128 3089
3 3089 3128 3129
3 3089 3129 3090
3 3090 3129 3130
3 3090 3130 3091
3 3091 3130 3131
3 3091 3131 3092
3 3092 3131 3132
3 3092 3132 3093
3 3093 3132 3133
3 3093 3133 3094
3 3094 3133 3134
3 3094 3134 3095
3 3095 3134 3135
3 3095 3135 3096
3 3096 3135 3136
3 3096 3136 3097
3 3097 3136 3137
3 3097 3137 3098
3 3098 3137 3138
3 3098 3138 3099
3 3099 3138 3139
3 3099 3139 3100
3 3100 3139 3140
3 3100 3140 3101
3 3101 3140 3141
3 3101 3141 3102
3 3102 3141 3142
3 3102 3142 3103
3 3103 3142 3143
3 3103 3143 3104
3 3104 3143 3144
3 3104 3144 3105
3 3105 3144 3145
3 3105 3145 3106
3 3106 3145 3146
3 3106 3146 3107
3 3107 3146 3147
3 3107 3147 3108
3 3108 3147 3148
3 3108 3148 3109
3 3109 3148 3149
3 3109 3149 3110
3 3110 3149 3150
3 3110 3150 3111
3 3111 3150 3151
3 3111 3151 3112
3 3112 3151 3152
3 3112 3152 3113
3 3113 3152 3153
3 3113 3153 3114
3 3114 3153 3154
3 3114 3154 3115
3 3115 3154 3155
3 3115 3155 3116
3 3116 3155 3156
3 3116 3156 3117
3 3117 3156 3157
3 3117 3157 3118
3 3118 3157 3158
3 3118 3158 3119
3 3119 3158 3159
3 3120 3160 3121
3 3121 3160 3161
3 3121 3161 3122
3 3122 3161 3162
3 3122 3162 3123
3 3123 3162 3163
3 3123 3163 3124
3 3124 3163 3164
3 3124 3164 3125
3 3125 3164 3165
3 3125 3165 3126
3 3126 3165 3166
3 3126 3166 3127
3 3127 3166 3167
3 3127 3167 3128
3 3128 3167 3168
3 3128 3168 3129
3 3129 3168 3169
3 3129 3169 3130
3 3130 3169 3170
3 3130 3170 3131
3 3131 3170 3171
3 3131 3171 3132
3 3132 3171 3172
3 3132 3172 3133
3 3133 3172 3173
3 3133 3173 3134
3 3134 3173 3174
3 3134 3174 3135
3 3135 3174 3175
3 3135 3175 3136
3 3136 3175 3176
3 3136 3176 3137
3 3137 3176 3177
3 3137 3177 3138
3 3138 3177 3178
3 3138 3178 3139
3 3139 3178 3179
3 3139 3179 3140
3 3140 3179 3180
3 3140 3180 3141
3 3141 3180 3181
3 3141 3181 3142
3 3142 3181 3182
3 3142 3182 3143
3 3143 3182 3183
3 3143 3183 3144
3 3144 3183 3184
3 3144 3184 3145
3 3145 3184 3185
3 3145 3185 3146
3 3146 3185 3186
3 3146 3186 3147
3 3147 3186 3187
3 3147 3187 3148
3 3148 3187 3188
3 3148 3188 3149
3 3149 3188 3189
3 3149 3189 3150
3 3150 3189 3190
3 3150 3190 3151
3 3151 3190 3191
3 3151 3191 3152
3 3152 3191 3192
3 3152 3192 3153
3 3153 3192 3193
3 3153 3193 3154
3 3154 3193 3194
3 3154 3194 3155
3 3155 3194 3195
3 3155 3195 3156
3 3156 3195 3196
3 3156 3196 3157
3 3157 3196 3197
3 3157 3197 3158
3 3158 3197 3198
3 3158 3198 3159
3 3159 3198 3199
3 3160 3200 3161
3 3161 3200 3201
3 3161 3201 3162
3 3162 3201 3202
3 3162 3202 3163
3 3163 3202 3203
3 3163 3203 3164
3 3164 3203 3204
3 3164 3204 3165
3 3165 3204 3205
3 3165 3205 3166
3 3166 3205 3206
3 3166 3206 3167
3 3167 3206 3207
3 3167 3207 3168
3 3168 3207 3208
3 3168 3208 3169
3 3169 3208 3209
3 3169 3209 3170
3 3170 3209 3210
3 3170 3210 3171
3 3171 3210 3211
3 3171 3211 3172
3 3172 3211 3212
3 3172 3212 3173
3 3173 3212 3213
3 3173 3213 3174
3 3174 3213 3214
3 3174 3214 3175
3 3175 3214 3215
3 3175 3215 3176
3 3176 3215 3216
3 3176 3216 3177
3 3177 3216 3217
3 3177 3217 3178
3 3178 3217 3218
3 3178 3218 3179
3 3179 3218 3219
3 3179 3219 3180
3 3180 3219 3220
3 3180 3220 3181
3 3181 3220 3221
3 3181 3221 3182
3 3182 3221 3222
3 3182 3222 3183
3 3183 3222 3223
3 3183 3223 3184
3 3184 3223 3224
3 3184 3224 3185
3 3185 3224 3225
3 3185 3225 3186
3 3186 3225 3226
3 3186 3226 3187
3 3187 3226 3227
3 3187 3227 3188
3 3188 3227 3228
3 3188 3228 3189
3 3189 3228 3229
3 3189 3229 3190
3 3190 3229 3230
3 3190 3230 3191
3 3191 3230 3231
3 3191 3231 3192
3 3192 3231 3232
3 3192 3232 3193
3 3193 3232 3233
3 3193 3233 3194
3 3194 3233 3234
3 3194 3234 3195
3 3195 3234 3235
3 3195 3235 3196
3 3196 3235 3236
3 3196 3236 3197
3 3197 3236 3237
3 3197 3237 3198
3 3198 3237 3238
3 3198 3238 3199
3 3199 3238 3239
3 3200 3240 3201
3 3201 3240 3241
3 3201 3241 3202
3 3202 3241 3242
3 3202 3242 3203
3 3203 3242 3243
3 3203 3243 3204
3 3204 3243 3244
3 3204 3244 3205
3 3205 3244 3245
3 3205 3245 3206
3 3206 3245 3246
3 3206 3246 3207
3 3207 3246 3247
3 3207 3247 3208
3 3208 3247 3248
3 3208 3248 3209
3 3209 3248 3249
3 3209 3249 3210
3 3210 3249 3250
3 3210 3250 3211
3 3211 3250 3251
3 3211 3251 3212
3 3212 3251 3252
3 3212 3252 3213
3 3213 3252 3253
3 3213 3253 3214
3 3214 3253 3254
3 3214 3254 3215
3 3215 3254 3255
3 3215 3255 3216
3 3216 3255 3256
3 3216 3256 3217
3 3217 3256 3257
3 3217 3257 3218
3 3218 3257 3258
3 3218 3258 3219
3 3219 3258 3259
3 3219 3259 3220
3 3220 3259 3260
3 3220 3260 3221
3 3221 3260 3261
3 3221 3261 3222
3 3222 3261 3262
3 3222 3262 3223
3 3223 3262 3263
3 3223 3263 3224
3 3224 3263 3264
3 3224 3264 3225
3 3225 3264 3265
3 3225 3265 3226
3 3226 3265 3266
3 3226 3266 3227
3 3227 3266 3267
3 3227 3267 3228
3 3228 3267 3268
3 3228 3268 3229
3 3229 3268 3269
3 3229 3269 3230
3 3230 3269 3270
3 3230 3270 3231
3 3231 3270 3271
3 3231 3271 3232
3 3232 3271 3272
3 3232 3272 3233
3 3233 3272 3273
3 3233 3273 3234
3 3234 3273 3274
3 3234 3274 3235
3 3235 3274 3275
3 3235 3275 3236
3 3236 3275 3276
3 3236 3276 3237
3 3237 3276 3277
3 3237 3277 3238
3 3238 3277 3278
3 3238 3278 3239
3 3239 3278 3279
3 3240 3280 3241
3 3241 3280 3281
3 3241 3281 3242
3 3242 3281 3282
3 3242 3282 3243
3 3243 3282 3283
3 3243 3283 3244
3 3244 3283 3284
3 3244 3284 3245
3 3245 3284 3285
3 3245 3285 3246
3 3246 3285 3286
3 3246 3286 3247
3 3247 3286 3287
3 3247 3287 3248
3 3248 3287 3288
3 3248 3288 3249
3 3249 3288 3289
3 3249 3289 3250
3 3250 3289 3290
3 3250 3290 3251
3 3251 3290 3291
3 3251 3291 3252
3 3252 3291 3292
3 3252 3292 3253
3 3253 3292 3293
3 3253 3293 3254
3 3254 3293 3294
3 3254 3294 3255
3 3255 3294 3295
3 3255 3295 3256
3 3256 3295 3296
3 3256 3296 3257
3 3257 3296 3297
3 3257 3297 3258
3 3258 3297 3298
3 3258 3298 3259
3 3259 3298 3299
3 3259 3299 3260
3 3260 3299 3300
3 3260 3300 3261
3 3261 3300 3301
3 3261 3301 3262
3 3262 3301 3302
3 3262 3302 3263
3 3263 3302 3303
3 3263 3303 3264
3 3264 3303 3304
3 3264 3304 3265
3 3265 3304 3305
3 3265 3305 3266
3 3266 3305 3306
3 3266 3306 3267
3 3267 3306 3307
3 3267 3307 3268
3 3268 3307 3308
3 3268 3308 3269
3 3269 3308 3309
3 3269 3309 3270
3 3270 3309 3310
3 3270 3310 3271
3 3271 3310 3311
3 3271 3311 3272
3 3272 3311 3312
3 3272 3312 3273
3 3273 3312 3313
3 3273 3313 3274
3 3274 3313 3314
3 3274 3314 3275
3 3275 3314 3315
3 3275 3315 3276
3 3276 3315 3316
3 3276 3316 3277
3 3277 3316 3317
3 3277 3317 3278
3 3278 3317 3318
3 3278 3318 3279
3 3279 3318 3319
3 3280 3320 3281
3 3281 3320 3321
3 3281 3321 3282
3 3282 3321 3322
3 3282 3322 3283
3 3283 3322 3323
3 3283 3323 3284
3 3284 3323 3324
3 3284 3324 3285
3 3285 3324 3325
3 3285 3325 3286
3 3286 3325 3326
3 3286 3326 3287
3 3287 3326 3327
3 3287 3327 3288
3 3288 3327 3328
3 3288 3328 3289
3 3289 3328 3329
3 3289 3329 3290
3 3290 3329 3330
3 3290 3330 3291
3 3291 3330 3331
3 3291 3331 3292
3 3292 3331 3332
3 3292 3332 3293
3 3293 3332 3333
3 3293 3333 3294
3 3294 3333 3334
3 3294 3334 3295
3 3295 3334 3335
3 3295 3335 3296
3 3296 3335 3336
3 3296 3336 3297
3 3297 3336 3337
3 3297 3337 3298
3 3298 3337 3338
3 3298 3338 3299
3 3299 3338 3339
3 3299 3339 3300
3 3300 3339 3340
3 3300 3340 3301
3 3301 3340 3341
3 3301 3341 3302
3 3302 3341 3342
3 3302 3342 3303
3 3303 3342 3343
3 3303 3343 3304
3 3304 3343 3344
3 3304 3344 3305
3 3305 3344 3345
3 3305 3345 3306
3 3306 3345 3346
3 3306 3346 3307
3 3307 3346 3347
3 3307 3347 3308
3 3308 3347 3348
3 3308 3348 3309
3 3309 3348 3349
3 3309 3349 3310
3 3310 3349 3350
3 3310 3350 3311
3 3311 3350 3351
3 3311 3351 3312
3 3312 3351 3352
3 3312 3352 3313
3 3313 3352 3353
3 3313 3353 3314
3 3314 3353 3354
3 3314 3354 3315
3 3315 3354 3355
3 3315 3355 3316
3 3316 3355 3356
3 3316 3356 3317
3 3317 3356 3357
3 3317 3357 3318
3 3318 3357 3358
3 3318 3358 3319
3 3319 3358 3359
3 3320 3360 3321
3 3321 3360 3361
3 3321 3361 3322
3 3322 3361 3362
3 3322 3362 3323
3 3323 3362 3363
3 3323 3363 3324
3 3324 3363 3364
3 3324 3364 3325
3 3325 3364 3365
3 3325 3365 3326
3 3326 3365 3366
3 3326 3366 3327
3 3327 3366 3367
3 3327 3367 3328
3 3328 3367 3368
3 3328 3368 3329
3 3329 3368 3369
3 3329 3369 3330
3 3330 3369 3370
3 3330 3370 3331
3 3331 3370 3371
3 3331 3371 3332
3 3332 3371 3372
3 3332 3372 3333
3 3333 3372 3373
3 3333 3373 3334
3 3334 3373 3374
3 3334 3374 3335
3 3335 3374 3375
3 3335 3375 3336
3 3336 3375 3376
3 3336 3376 3337
3 3337 3376 3377
3 3337 3377 3338
3 3338 3377 3378
3 3338 3378 3339
3 3339 3378 3379
3 3339 3379 3340
3 3340 3379 3380
3 3340 3380 3341
3 3341 3380 3381
3 3341 3381 3342
3 3342 3381 3382
3 3342 3382 3343
3 3343 3382 3383
3 3343 3383 3344
3 3344 3383 3384
3 3344 3384 3345
3 3345 3384 3385
3 3345 3385 3346
3 3346 3385 3386
3 3346 3386 3347
3 3347 3386 3387
3 3347 3387 3348
3 3348 3387 3388
3 3348 3388 3349
3 3349 3388 3389
3 3349 3389 3350
3 3350 3389 3390
3 3350 3390 3351
3 3351 3390 3391
3 3351 3391 3352
3 3352 3391 3392
3 3352 3392 3353
3 3353 3392 3393
3 3353 3393 3354
3 3354 3393 3394
3 3354 3394 3355
3 3355 3394 3395
3 3355 3395 3356
3 3356 3395 3396
3 3356 3396 3357
3 3357 3396 3397
3 3357 3397 3358
3 3358 3397 3398
3 3358 3398 3359
3 3359 3398 3399
3 3360 3400 3361
3 3361 3400 3401
3 3361 3401 3362
3 3362 3401 3402
3 3362 3402 3363
3 3363 3402 3403
3 3363 3403 3364
3 3364 3403 3404
3 3364 3404 3365
3 3365 3404 3405
3 3365 3405 3366
3 3366 3405 3406
3 3366 3406 3367
3 3367 3406 3407
3 3367 3407 3368
3 3368 3407 3408
3 3368 3408 3369
3 3369 3408 3409
3 3369 3409 3370
3 3370 3409 3410
3 3370 3410 3371
3 3371 3410 3411
3 3371 3411 3372
3 3372 3411 3412
3 3372 3412 3373
3 3373 3412 3413
3 3373 3413 3374
3 3374 3413 3414
3 3374 3414 3375
3 3375 3414 3415
3 3375 3415 3376
3 3376 3415 3416
3 3376 3416 3377
3 3377 3416 3417
3 3377 3417 3378
3 3378 3417 3418
3 3378 3418 3379
3 3379 3418 3419
3 3379 3419 3380
3 3380 3419 3420
3 3380 3420 3381
3 3381 3420 3421
3 3381 3421 3382
3 3382 3421 3422
3 3382 3422 3383
3 3383 3422 3423
3 3383 3423 3384
3 3384 3423 3424
3 3384 3424 3385
3 3385 3424 3425
3 3385 3425 3386
3 3386 3425 3426
3 3386 3426 3387
3 3387 3426 3427
3 3387 3427 3388
3 3388 3427 3428
3 3388 3428 3389
3 3389 3428 3429
3 3389 3429 3390
3 3390 3429 3430
3 3390 3430 3391
3 3391 3430 3431
3 3391 3431 3392
3 3392 3431 3432
3 3392 3432 3393
3 3393 3432 3433
3 3393 3433 3394
3 3394 3433 3434
3 3394 3434 3395
3 3395 3434 3435
3 3395 3435 3396
3 3396 3435 3436
3 3396 3436 3397
3 3397 3436 3437
3 3397 3437 3398
3 3398 3437 3438
3 3398 3438 3399
3 3399 3438 3439
3 3400 3440 3401
3 3401 3440 3441
3 3401 3441 3402
3 3402 3441 3442
3 3402 3442 3403
3 3403 3442 3443
3 3403 3443 3404
3 3404 3443 3444
3 3404 3444 3405
3 3405 3444 3445
3 3405 3445 3406
3 3406 3445 3446
3 3406 3446 3407
3 3407 3446 3447
3 3407 3447 3408
3 3408 3447 3448
3 3408 3448 3409
3 3409 3448 3449
3 3409 3449 3410
3 3410 3449 3450
3 3410 3450 3411
3 3411 3450 3451
3 3411 3451 3412
3 3412 3451 3452
3 3412 3452 3413
3 3413 3452 3453
3 3413 3453 3414
3 3414 3453 3454
3 3414 3454 3415
3 3415 3454 3455
3 3415 3455 3416
3 3416 3455 3456
3 3416 3456 3417
3 3417 3456 3457
3 3417 3457 3418
3 3418 3457 3458
3 3418 3458 3419
3 3419 3458 3459
3 3419 3459 3420
3 3420 3459 3460
3 3420 3460 3421
3 3421 3460 3461
3 3421 3461 3422
3 3422 3461 3462
3 3422 3462 3423
3 3423 3462 3463
3 3423 3463 3424
3 3424 3463 3464
3 3424 3464 3425
3 3425 3464 3465
3 3425 3465 3426
3 3426 3465 3466
3 3426 3466 3427
3 3427 3466 3467
3 3427 3467 3428
3 3428 3467 3468
3 3428 3468 3429
3 3429 3468 3469
3 3429 3469 3430
3 3430 3469 3470
3 3430 3470 3431
3 3431 3470 3471
3 3431 3471 3432
3 3432 3471 3472
3 3432 3472 3433
3 3433 3472 3473
3 3433 3473 3434
3 3434 3473 3474
3 3434 3474 3435
3 3435 3474 3475
3 3435 3475 3436
3 3436 3475 3476
3 3436 3476 3437
3 3437 3476 3477
3 3437 3477 3438
3 3438 3477 3478
3 3438 3478 3439
3 3439 3478 3479
3 3440 3480 3441
3 3441 3480 3481
3 3441 3481 3442
3 3442 3481 3482
3 3442 3482 3443
3 3443 3482 3483
3 3443 3483 3444
3 3444 3483 3484
3 3444 3484 3445
3 3445 3484 3485
3 3445 3485 3446
3 3446 3485 3486
3 3446 3486 3447
3 3447 3486 3487
3 3447 3487 3448
3 3448 3487 3488
3 3448 3488 3449
3 3449 3488 3489
3 3449 3489 3450
3 3450 3489 3490
3 3450 3490 3451
3 3451 3490 3491
3 3451 3491 3452
3 3452 3491 3492
3 3452 3492 3453
3 3453 3492 3493
3 3453 3493 3454
3 3454 3493 3494
3 3454 3494 3455
3 3455 3494 3495
3 3455 3495 3456
3 3456 3495 3496
3 3456 3496 3457
3 3457 3496 3497
3 3457 3497 3458
3 3458 3497 3498
3 3458 3498 3459
3 3459 3498 3499
3 3459 3499 3460
3 3460 3499 3500
3 3460 3500 3461
3 3461 3500 3501
3 3461 3501 3462
3 3462 3501 3502
3 3462 3502 3463
3 3463 3502 3503
3 3463 3503 3464
3 3464 3503 3504
3 3464 3504 3465
3 3465 3504 3505
3 3465 3505 3466
3 3466 3505 3506
3 3466 3506 3467
3 3467 3506 3507
3 3467 3507 3468
3 3468 3507 3508
3 3468 3508 3469
3 3469 3508 3509
3 3469 3509 3470
3 3470 3509 3510
3 3470 3510 3471
3 3471 3510 3511
3 3471 3511 3472
3 3472 3511 3512
3 3472 3512 3473
3 3473 3512 3513
3 3473 3513 3474
3 3474 3513 3514
3 3474 3514 3475
3 3475 3514 3515
3 3475 3515 3476
3 3476 3515 3516
3 3476 3516 3477
3 3477 3516 3517
3 3477 3517 3478
3 3478 3517 3518
3 3478 3518 3479
3 3479 3518 3519
3 3480 3520 3481
3 3481 3520 3521
3 3481 3521 3482
3 3482 3521 3522
3 3482 3522 3483
3 3483 3522 3523
3 3483 3523 3484
3 3484 3523 3524
3 3484 3524 3485
3 3485 3524 3525
3 3485 3525 3486
3 3486 3525 3526
3 3486 3526 3487
3 3487 3526 3527
3 3487 3527 3488
3 3488 3527 3528
3 3488 3528 3489
3 3489 3528 3529
3 3489 3529 3490
3 3490 3529 3530
3 3490 3530 3491
3 3491 3530 3531
3 3491 3531 3492
3 3492 3531 3532
3 3492 3532 3493
3 3493 3532 3533
3 3493 3533 3494
3 3494 3533 3534
3 3494 3534 3495
3 3495 3534 3535
3 3495 3535 3496
3 3496 3535 3536
3 3496 3536 3497
3 3497 3536 3537
3 3497 3537 3498
3 3498 3537 3538
3 3498 3538 3499
3 3499 3538 3539
3 3499 3539 3500
3 3500 3539 3540
3 3500 3540 3501
3 3501 3540 3541
3 3501 3541 3502
3 3502 3541 3542
3 3502 3542 3503
3 3503 3542 3543
3 3503 3543 3504
3 3504 3543 3544
3 3504 3544 3505
3 3505 3544 3545
3 3505 3545 3506
3 3506 3545 3546
3 3506 3546 3507
3 3507 3546 3547
3 3507 3547 3508
3 3508 3547 3548
3 3508 3548 3509
3 3509 3548 3549
3 3509 3549 3510
3 3510 3549 3550
3 3510 3550 3511
3 3511 3550 3551
3 3511 3551 3512
3 3512 3551 3552
3 3512 3552 3513
3 3513 3552 3553
3 3513 3553 3514
3 3514 3553 3554
3 3514 3554 3515
3 3515 3554 3555
3 3515 3555 3516
3 3516 3555 3556
3 3516 3556 3517
3 3517 3556 3557
3 3517 3557 3518
3 3518 3557 3558
3 3518 3558 3519
3 3519 3558 3559
3 3520 3560 3521
3 3521 3560 3561
3 3521 3561 3522
3 3522 3561 3562
3 3522 3562 3523
3 3523 3562 3563
3 3523 3563 3524
3 3524 3563 3564
3 3524 3564 3525
3 3525 3564 3565
3 3525 3565 3526
3 3526 3565 3566
3 3526 3566 3527
3 3527 3566 3567
3 3527 3567 3528
3 3528 3567 3568
3 3528 3568 3529
3 3529 3568 3569
3 3529 3569 3530
3 3530 3569 3570
3 3530 3570 3531
3 3531 3570 3571
3 3531 3571 3532
3 3532 3571 3572
3 3532 3572 3533
3 3533 3572 3573
3 3533 3573 3534
3 3534 3573 3574
3 3534 3574 3535
3 3535 3574 3575
3 3535 3575 3536
3 3536 3575 3576
3 3536 3576 3537
3 3537 3576 3577
3 3537 3577 3538
3 3538 3577 3578
3 3538 3578 3539
3 3539 3578 3579
3 3539 3579 3540
3 3540 3579 3580
3 3540 3580 3541
3 3541 3580 3581
3 3541 3581 3542
3 3542 3581 3582
3 3542 3582 3543
3 3543 3582 3583
3 3543 3583 3544
3 3544 3583 3584
3 3544 3584 3545
3 3545 3584 3585
3 3545 3585 3546
3 3546 3585 3586
3 3546 3586 3547
3 3547 3586 3587
3 3547 3587 3548
3 3548 3587 3588
3 3548 3588 3549
3 3549 3588 3589
3 3549 3589 3550
3 3550 3589 3590
3 3550 3590 3551
3 3551 3590 3591
3 3551 3591 3552
3 3552 3591 3592
3 3552 3592 3553
3 3553 3592 3593
3 3553 3593 3554
3 3554 3593 3594
3 3554 3594 3555
3 3555 3594 3595
3 3555 3595 3556
3 3556 3595 3596
3 3556 3596 3557
3 3557 3596 3597
3 3557 3597 3558
3 3558 3597 3598
3 3558 3598 3559
3 3559 3598 3599
3 3560 3600 3561
3 3561 3600 3601
3 3561 3601 3562
3 3562 3601 3602
3 3562 3602 3563
3 3563 3602 3603
3 3563 3603 3564
3 3564 3603 3604
3 3564 3604 3565
3 3565 3604 3605
3 3565 3605 3566
3 3566 3605 3606
3 3566 3606 3567
3 3567 3606 3607
3 3567 3607 3568
3 3568 3607 3608
3 3568 3608 3569
3 3569 3608 3609
3 3569 3609 3570
3 3570 3609 3610
3 3570 3610 3571
3 3571 3610 3611
3 3571 3611 3572
3 3572 3611 3612
3 3572 3612 3573
3 3573 3612 3613
3 3573 3613 3574
3 3574 3613 3614
3 3574 3614 3575
3 3575 3614 3615
3 3575 3615 3576
3 3576 3615 3616
3 3576 3616 3577
3 3577 3616 3617
3 3577 3617 3578
3 3578 3617 3618
3 3578 3618 3579
3 3579 3618 3619
3 3579 3619 3580
3 3580 3619 3620
3 3580 3620 3581
3 3581 3620 3621
3 3581 3621 3582
3 3582 3621 3622
3 3582 3622 3583
3 3583 3622 3623
3 3583 3623 3584
3 3584 3623 3624
3 3584 3624 3585
3 3585 3624 3625
3 3585 3625 3586
3 3586 3625 3626
3 3586 3626 3587
3 3587 3626 3627
3 3587 3627 3588
3 3588 3627 3628
3 3588 3628 3589
3 3589 3628 3629
3 3589 3629 3590
3 3590 3629 3630
3 3590 3630 3591
3 3591 3630 3631
3 3591 3631 3592
3 3592 3631 3632
3 3592 3632 3593
3 3593 3632 3633
3 3593 3633 3594
3 3594 3633 3634
3 3594 3634 3595
3 3595 3634 3635
3 3595 3635 3596
3 3596 3635 3636
3 3596 3636 3597
3 3597 3636 3637
3 3597 3637 3598
3 3598 3637 3638
3 3598 3638 3599
3 3599 3638 3639
3 3600 3640 3601
3 3601 3640 3641
3 3601 3641 3602
3 3602 3641 3642
3 3602 3642 3603
3 3603 3642 3643
3 3603 3643 3604
3 3604 3643 3644
3 3604 3644 3605
3 3605 3644 3645
3 3605 3645 3606
3 3606 3645 3646
3 3606 3646 3607
3 3607 3646 3647
3 3607 3647 3608
3 3608 3647 3648
3 3608 3648 3609
3 3609 3648 3649
3 3609 3649 3610
3 3610 3649 3650
3 3610 3650 3611
3 3611 3650 3651
3 3611 3651 3612
3 3612 3651 3652
3 3612 3652 3613
3 3613 3652 3653
3 3613 3653 3614
3 3614 3653 3654
3 3614 3654 3615
3 3615 3654 3655
3 3615 3655 3616
3 3616 3655 3656
3 3616 3656 3617
3 3617 3656 3657
3 3617 3657 3618
3 3618 3657 3658
3 3618 3658 3619
3 3619 3658 3659
3 3619 3659 3620
3 3620 3659 3660
3 3620 3660 3621
3 3621 3660 3661
3 3621 3661 3622
3 3622 3661 3662
3 3622 3662 3623
3 3623 3662 3663
3 3623 3663 3624
3 3624 3663 3664
3 3624 3664 3625
3 3625 3664 3665
3 3625 3665 3626
3 3626 3665 3666
3 3626 3666 3627
3 3627 3666 3667
3 3627 3667 3628
3 3628 3667 3668
3 3628 3668 3629
3 3629 3668 3669
3 3629 3669 3630
3 3630 3669 3670
3 3630 3670 3631
3 3631 3670 3671
3 3631 3671 3632
3 3632 3671 3672
3 3632 3672 3633
3 3633 3672 3673
3 3633 3673 3634
3 3634 3673 3674
3 3634 3674 3635
3 3635 3674 3675
3 3635 3675 3636
3 3636 3675 3676
3 3636 3676 3637
3 3637 3676 3677
3 3637 3677 3638
3 3638 3677 3678
3 3638 3678 3639
3 3639 3678 3679
3 3640 3680 3641
3 3641 3680 3681
3 3641 3681 3642
3 3642 3681 3682
3 3642 3682 3643
3 3643 3682 3683
3 3643 3683 3644
3 3644 3683 3684
3 3644 3684 3645
3 3645 3684 3685
3 3645 3685 3646
3 3646 3685 3686
3 3646 3686 3647
3 3647 3686 3687
3 3647 3687 3648
3 3648 3687 3688
3 3648 3688 3649
3 3649 3688 3689
3 3649 3689 3650
3 3650 3689 3690
3 3650 3690 3651
3 3651 3690 3691
3 3651 3691 3652
3 3652 3691 3692
3 3652 3692 3653
3 3653 3692 3693
3 3653 3693 3654
3 3654 3693 3694
3 3654 3694 3655
3 3655 3694 3695
3 3655 3695 3656
3 3656 3695 3696
3 3656 3696 3657
3 3657 3696 3697
3 3657 3697 3658
3 3658 3697 3698
3 3658 3698 3659
3 3659 3698 3699
3 3659 3699 3660
3 3660 3699 3700
3 3660 3700 3661
3 3661 3700 3701
3 3661 3701 3662
3 3662 3701 3702
3 3662 3702 3663
3 3663 3702 3703
3 3663 3703 3664
3 3664 3703 3704
3 3664 3704 3665
3 3665 3704 3705
3 3665 3705 3666
3 3666 3705 3706
3 3666 3706 3667
3 3667 3706 3707
3 3667 3707 3668
3 3668 3707 3708
3 3668 3708 3669
3 3669 3708 3709
3 3669 3709 3670
3 3670 3709 3710
3 3670 3710 3671
3 3671 3710 3711
3 3671 3711 3672
3 3672 3711 3712
3 3672 3712 3673
3 3673 3712 3713
3 3673 3713 3674
3 3674 3713 3714
3 3674 3714 3675
3 3675 3714 3715
3 3675 3715 3676
3 3676 3715 3716
3 3676 3716 3677
3 3677 3716 3717
3 3677 3717 3678
3 3678 3717 3718
3 3678 3718 3679
3 3679 3718 3719
3 3680 3720 3681
3 3681 3720 3721
3 3681 3721 3682
3 3682 3721 3722
3 3682 3722 3683
3 3683 3722 3723
3 3683 3723 3684
3 3684 3723 3724
3 3684 3724 3685
3 3685 3724 3725
3 3685 3725 3686
3 3686 3725 3726
3 3686 3726 3687
3 3687 3726 3727
3 3687 3727 3688
3 3688 3727 3728
3 3688 3728 3689
3 3689 3728 3729
3 3689 3729 3690
3 3690 3729 3730
3 3690 3730 3691
3 3691 3730 3731
3 3691 3731 3692
3 3692 3731 3732
3 3692 3732 3693
3 3693 3732 3733
3 3693 3733 3694
3 3694 3733 3734
3 3694 3734 3695
3 3695 3734 3735
3 3695 3735 3696
3 3696 3735 3736
3 3696 3736 3697
3 3697 3736 3737
3 3697 3737 3698
3 3698 3737 3738
3 3698 3738 3699
3 3699 3738 3739
3 3699 3739 3700
3 3700 3739 3740
3 3700 3740 3701
3 3701 3740 3741
3 3701 3741 3702
3 3702 3741 3742
3 3702 3742 3703
3 3703 3742 3743
3 3703 3743 3704
3 3704 3743 3744
3 3704 3744 3705
3 3705 3744 3745
3 3705 3745 3706
3 3706 3745 3746
3 3706 3746 3707
3 3707 3746 3747
3 3707 3747 3708
3 3708 3747 3748
3 3708 3748 3709
3 3709 3748 3749
3 3709 3749 3710
3 3710 3749 3750
3 3710 3750 3711
3 3711 3750 3751
3 3711 3751 3712
3 3712 3751 3752
3 3712 3752 3713
3 3713 3752 3753
3 3713 3753 3714
3 3714 3753 3754
3 3714 3754 3715
3 3715 3754 3755
3 3715 3755 3716
3 3716 3755 3756
3 3716 3756 3717
3 3717 3756 3757
3 3717 3757 3718
3 3718 3757 3758
3 3718 3758 3719
3 3719 3758 3759
3 3720 3760 3721
3 3721 3760 3761
3 3721 3761 3722
3 3722 3761 3762
3 3722 3762 3723
3 3723 3762 3763
3 3723 3763 3724
3 3724 3763 3764
3 3724 3764 3725
3 3725 3764 3765
3 3725 3765 3726
3 3726 3765 3766
3 3726 3766 3727
3 3727 3766 3767
3 3727 3767 3728
3 3728 3767 3768
3 3728 3768 3729
3 3729 3768 3769
3 3729 3769 3730
3 3730 3769 3770
3 3730 3770 3731
3 3731 3770 3771
3 3731 3771 3732
3 3732 3771 3772
3 3732 3772 3733
3 3733 3772 3773
3 3733 3773 3734
3 3734 3773 3774
3 3734 3774 3735
3 3735 3774 3775
3 3735 3775 3736
3 3736 3775 3776
3 3736 3776 3737
3 3737 3776 3777
3 3737 3777 3738
3 3738 3777 3778
3 3738 3778 3739
3 3739 3778 3779
3 3739 3779 3740
3 3740 3779 3780
3 3740 3780 3741
3 3741 3780 3781
3 3741 3781 3742
3 3742 3781 3782
3 3742 3782 3743
3 3743 3782 3783
3 3743 3783 3744
3 3744 3783 3784
3 3744 3784 3745
3 3745 3784 3785
3 3745 3785 3746
3 3746 3785 3786
3 3746 3786 3747
3 3747 3786 3787
3 3747 3787 3748
3 3748 3787 3788
3 3748 3788 3749
3 3749 3788 3789
3 3749 3789 3750
3 3750 3789 3790
3 3750 3790 3751
3 3751 3790 3791
3 3751 3791 3752
3 3752 3791 3792
3 3752 3792 3753
3 3753 3792 3793
3 3753 3793 3754
3 3754 3793 3794
3 3754 3794 3755
3 3755 3794 3795
3 3755 3795 3756
3 3756 3795 3796
3 3756 3796 3757
3 3757 3796 3797
3 3757 3797 3758
3 3758 3797 3798
3 3758 3798 3759
3 3759 3798 3799
3 3760 3800 3761
3 3761 3800 3801
3 3761 3801 3762
3 3762 3801 3802
3 3762 3802 3763
3 3763 3802 3803
3 3763 3803 3764
3 3764 3803 3804
3 3764 3804 3765
3 3765 3804 3805
3 3765 3805 3766
3 3766 3805 3806
3 3766 3806 3767
3 3767 3806 3807
3 3767 3807 3768
3 3768 3807 3808
3 3768 3808 3769
3 3769 3808 3809
3 3769 3809 3770
3 3770 3809 3810
3 3770 3810 3771
3 3771 3810 3811
3 3771 3811 3772
3 3772 3811 3812
3 3772 3812 3773
3 3773 3812 3813
3 3773 3813 3774
3 3774 3813 3814
3 3774 3814 3775
3 3775 3814 3815
3 3775 3815 3776
3 3776 3815 3816
3 3776 3816 3777
3 3777 3816 3817
3 3777 3817 3778
3 3778 3817 3818
3 3778 3818 3779
3 3779 3818 3819
3 3779 3819 3780
3 3780 3819 3820
3 3780 3820 3781
3 3781 3820 3821
3 3781 3821 3782
3 3782 3821 3822
3 3782 3822 3783
3 3783 3822 3823
3 3783 3823 3784
3 3784 3823 3824
3 3784 3824 3785
3 3785 3824 3825
3 3785 3825 3786
3 3786 3825 3826
3 3786 3826 3787
3 3787 3826 3827
3 3787 3827 3788
3 3788 3827 3828
3 3788 3828 3789
3 3789 3828 3829
3 3789 3829 3790
3 3790 3829 3830
3 3790 3830 3791
3 3791 3830 3831
3 3791 3831 3792
3 3792 3831 3832
3 3792 3832 3793
3 3793 3832 3833
3 3793 3833 3794
3 3794 3833 3834
3 3794 3834 3795
3 3795 3834 3835
3 3795 3835 3796
3 3796 3835 3836
3 3796 3836 3797
3 3797 3836 3837
3 3797 3837 3798
3 3798 3837 3838
3 3798 3838 3799
3 3799 3838 3839
3 3800 3840 3801
3 3801 3840 3841
3 3801 3841 3802
3 3802 3841 3842
3 3802 3842 3803
3 3803 3842 3843
3 3803 3843 3804
3 3804 3843 3844
3 3804 3844 3805
3 3805 3844 3845
3 3805 3845 3806
3 3806 3845 3846
3 3806 3846 3807
3 3807 3846 3847
3 3807 3847 3808
3 3808 3847 3848
3 3808 3848 3809
3 3809 3848 3849
3 3809 3849 3810
3 3810 3849 3850
3 3810 3850 3811
3 3811 3850 3851
3 3811 3851 3812
3 3812 3851 3852
3 3812 3852 3813
3 3813 3852 3853
3 3813 3853 3814
3 3814 3853 3854
3 3814 3854 3815
3 3815 3854 3855
3 3815 3855 3816
3 3816 3855 3856
3 3816 3856 3817
3 3817 3856 3857
3 3817 3857 3818
3 3818 3857 3858
3 3818 3858 3819
3 3819 3858 3859
3 3819 3859 3820
3 3820 3859 3860
3 3820 3860 3821
3 3821 3860 3861
3 3821 3861 3822
3 3822 3861 3862
3 3822 3862 3823
3 3823 3862 3863
3 3823 3863 3824
3 3824 3863 3864
3 3824 3864 3825
3 3825 3864 3865
3 3825 3865 3826
3 3826 3865 3866
3 3826 3866 3827
3 3827 3866 3867
3 3827 3867 3828
3 3828 3867 3868
3 3828 3868 3829
3 3829 3868 3869
3 3829 3869 3830
3 3830 3869 3870
3 3830 3870 3831
3 3831 3870 3871
3 3831 3871 3832
3 3832 3871 3872
3 3832 3872 3833
3 3833 3872 3873
3 3833 3873 3834
3 3834 3873 3874
3 3834 3874 3835
3 3835 3874 3875
3 3835 3875 3836
3 3836 3875 3876
3 3836 3876 3837
3 3837 3876 3877
3 3837 3877 3838
3 3838 3877 3878
3 3838 3878 3839
3 3839 3878 3879
3 3840 3880 3841
3 3841 3880 3881
3 3841 3881 3842
3 3842 3881 3882
3 3842 3882 3843
3 3843 3882 3883
3 3843 3883 3844
3 3844 3883 3884
3 3844 3884 3845
3 3845 3884 3885
3 3845 3885 3846
3 3846 3885 3886
3 3846 3886 3847
3 3847 3886 3887
3 3847 3887 3848
3 3848 3887 3888
3 3848 3888 3849
3 3849 3888 3889
3 3849 3889 3850
3 3850 3889 3890
3 3850 3890 3851
3 3851 3890 3891
3 3851 3891 3852
3 3852 3891 3892
3 3852 3892 3853
3 3853 3892 3893
3 3853 3893 3854
3 3854 3893 3894
3 3854 3894 3855
3 3855 3894 3895
3 3855 3895 3856
3 3856 3895 3896
3 3856 3896 3857
3 3857 3896 3897
3 3857 3897 3858
3 3858 3897 3898
3 3858 3898 3859
3 3859 3898 3899
3 3859 3899 3860
3 3860 3899 3900
3 3860 3900 3861
3 3861 3900 3901
3 3861 3901 3862
3 3862 3901 3902
3 3862 3902 3863
3 3863 3902 3903
3 3863 3903 3864
3 3864 3903 3904
3 3864 3904 3865
3 3865 3904 3905
3 3865 3905 3866
3 3866 3905 3906
3 3866 3906 3867
3 3867 3906 3907
3 3867 3907 3868
3 3868 3907 3908
3 3868 3908 3869
3 3869 3908 3909
3 3869 3909 3870
3 3870 3909 3910
3 3870 3910 3871
3 3871 3910 3911
3 3871 3911 3872
3 3872 3911 3912
3 3872 3912 3873
3 3873 3912 3913
3 3873 3913 3874
3 3874 3913 3914
3 3874 3914 3875
3 3875 3914 3915
3 3875 3915 3876
3 3876 3915 3916
3 3876 3916 3877
3 3877 3916 3917
3 3877 3917 3878
3 3878 3917 3918
3 3878 3918 3879
3 3879 3918 3919
3 3880 3920 3881
3 3881 3920 3921
3 3881 3921 3882
3 3882 3921 3922
3 3882 3922 3883
3 3883 3922 3923
3 3883 3923 3884
3 3884 3923 3924
3 3884 3924 3885
3 3885 3924 3925
3 3885 3925 3886
3 3886 3925 3926
3 3886 3926 3887
3 3887 3926 3927
3 3887 3927 3888
3 3888 3927 3928
3 3888 3928 3889
3 3889 3928 3929
3 3889 3929 3890
3 3890 3929 3930
3 3890 3930 3891
3 3891 3930 3931
3 3891 3931 3892
3 3892 3931 3932
3 3892 3932 3893
3 3893 3932 3933
3 3893 3933 3894
3 3894 3933 3934
3 3894 3934 3895
3 3895 3934 3935
3 3895 3935 3896
3 3896 3935 3936
3 3896 3936 3897
3 3897 3936 3937
3 3897 3937 3898
3 3898 3937 3938
3 3898 3938 3899
3 3899 3938 3939
3 3899 3939 3900
3 3900 3939 3940
3 3900 3940 3901
3 3901 3940 3941
3 3901 3941 3902
3 3902 3941 3942
3 3902 3942 3903
3 3903 3942 3943
3 3903 3943 3904
3 3904 3943 3944
3 3904 3944 3905
3 3905 3944 3945
3 3905 3945 3906
3 3906 3945 3946
3 3906 3946 3907
3 3907 3946 3947
3 3907 3947 3908
3 3908 3947 3948
3 3908 3948 3909
3 3909 3948 3949
3 3909 3949 3910
3 3910 3949 3950
3 3910 3950 3911
3 3911 3950 3951
3 3911 3951 3912
3 3912 3951 3952
3 3912 3952 3913
3 3913 3952 3953
3 3913 3953 3914
3 3914 3953 3954
3 3914 3954 3915
3 3915 3954 3955
3 3915 3955 3916
3 3916 3955 3956
3 3916 3956 3917
3 3917 3956 3957
3 3917 3957 3918
3 3918 3957 3958
3 3918 3958 3919
3 3919 3958 3959
3 3920 3960 3921
3 3921 3960 3961
3 3921 3961 3922
3 3922 3961 3962
3 3922 3962 3923
3 3923 3962 3963
3 3923 3963 3924
3 3924 3963 3964
3 3924 3964 3925
3 3925 3964 3965
3 3925 3965 3926
3 3926 3965 3966
3 3926 3966 3927
3 3927 3966 3967
3 3927 3967 3928
3 3928 3967 3968
3 3928 3968 3929
3 3929 3968 3969
3 3929 3969 3930
3 3930 3969 3970
3 3930 3970 3931
3 3931 3970 3971
3 3931 3971 3932
3 3932 3971 3972
3 3932 3972 3933
3 3933 3972 3973
3 3933 3973 3934
3 3934 3973 3974
3 3934 3974 3935
3 3935 3974 3975
3 3935 3975 3936
3 3936 3975 3976
3 3936 3976 3937
3 3937 3976 3977
3 3937 3977 3938
3 3938 3977 3978
3 3938 3978 3939
3 3939 3978 3979
3 3939 3979 3940
3 3940 3979 3980
3 3940 3980 3941
3 3941 3980 3981
3 3941 3981 3942
3 3942 3981 3982
3 3942 3982 3943
3 3943 3982 3983
3 3943 3983 3944
3 3944 3983 3984
3 3944 3984 3945
3 3945 3984 3985
3 3945 3985 3946
3 3946 3985 3986
3 3946 3986 3947
3 3947 3986 3987
3 3947 3987 3948
3 3948 3987 3988
3 3948 3988 3949
3 3949 3988 3989
3 3949 3989 3950
3 3950 3989 3990
3 3950 3990 3951
3 3951 3990 3991
3 3951 3991 3952
3 3952 3991 3992
3 3952 3992 3953
3 3953 3992 3993
3 3953 3993 3954
3 3954 3993 3994
3 3954 3994 3955
3 3955 3994 3995
3 3955 3995 3956
3 3956 3995 3996
3 3956 3996 3957
3 3957 3996 3997
3 3957 3997 3958
3 3958 3997 3998
3 3958 3998 3959
3 3959 3998 3999
3 3960 4000 3961
3 3961 4000 4001
3 3961 4001 3962
3 3962 4001 4002
3 3962 4002 3963
3 3963 4002 4003
3 3963 4003 3964
3 3964 4003 4004
3 3964 4004 3965
3 3965 4004 4005
3 3965 4005 3966
3 3966 4005 4006
3 3966 4006 3967
3 3967 4006 4007
3 3967 4007 3968
3 3968 4007 4008
3 3968 4008 3969
3 3969 4008 4009
3 3969 4009 3970
3 3970 4009 4010
3 3970 4010 3971
3 3971 4010 4011
3 3971 4011 3972
3 3972 4011 4012
3 3972 4012 3973
3 3973 4012 4013
3 3973 4013 3974
3 3974 4013 4014
3 3974 4014 3975
3 3975 4014 4015
3 3975 4015 3976
3 3976 4015 4016
3 3976 4016 3977
3 3977 4016 4017
3 3977 4017 3978
3 3978 4017 4018
3 3978 4018 3979
3 3979 4018 4019
3 3979 4019 3980
3 3980 4019 4020
3 3980 4020 3981
3 3981 4020 4021
3 3981 4021 3982
3 3982 4021 4022
3 3982 4022 3983
3 3983 4022 4023
3 3983 4023 3984
3 3984 4023 4024
3 3984 4024 3985
3 3985 4024 4025
3 3985 4025 3986
3 3986 4025 4026
3 3986 4026 3987
3 3987 4026 4027
3 3987 4027 3988
3 3988 4027 4028
3 3988 4028 3989
3 3989 4028 4029
3 3989 4029 3990
3 3990 4029 4030
3 3990 4030 3991
3 3991 4030 4031
3 3991 4031 3992
3 3992 4031 4032
3 3992 4032 3993
3 3993 4032 4033
3 3993 4033 3994
3 3994 4033 4034
3 3994 4034 3995
3 3995 4034 4035
3 3995 4035 3996
3 3996 4035 4036
3 3996 4036 3997
3 3997 4036 4037
3 3997 4037 3998
3 3998 4037 4038
3 3998 4038 3999
3 3999 4038 4039
3 4000 4040 4001
3 4001 4040 4041
3 4001 4041 4002
3 4002 4041 4042
3 4002 4042 4003
3 4003 4042 4043
3 4003 4043 4004
3 4004 4043 4044
3 4004 4044 4005
3 4005 4044 4045
3 4005 4045 4006
3 4006 4045 4046
3 4006 4046 4007
3 4007 4046 4047
3 4007 4047 4008
3 4008 4047 4048
3 4008 4048 4009
3 4009 4048 4049
3 4009 4049 4010
3 4010 4049 4050
3 4010 4050 4011
3 4011 4050 4051
3 4011 4051 4012
3 4012 4051 4052
3 4012 4052 4013
3 4013 4052 4053
3 4013 4053 4014
3 4014 4053 4054
3 4014 4054 4015
3 4015 4054 4055
3 4015 4055 4016
3 4016 4055 4056
3 4016 4056 4017
3 4017 4056 4057
3 4017 4057 4018
3 4018 4057 4058
3 4018 4058 4019
3 4019 4058 4059
3 4019 4059 4020
3 4020 4059 4060
3 4020 4060 4021
3 4021 4060 4061
3 4021 4061 4022
3 4022 4061 4062
3 4022 4062 4023
3 4023 4062 4063
3 4023 4063 4024
3 4024 4063 4064
3 4024 4064 4025
3 4025 4064 4065
3 4025 4065 4026
3 4026 4065 4066
3 4026 4066 4027
3 4027 4066 4067
3 4027 4067 4028
3 4028 4067 4068
3 4028 4068 4029
3 4029 4068 4069
3 4029 4069 4030
3 4030 4069 4070
3 4030 4070 4031
3 4031 4070 4071
3 4031 4071 4032
3 4032 4071 4072
3 4032 4072 4033
3 4033 4072 4073
3 4033 4073 4034
3 4034 4073 4074
3 4034 4074 4035
3 4035 4074 4075
3 4035 4075 4036
3 4036 4075 4076
3 4036 4076 4037
3 4037 4076 4077
3 4037 4077 4038
3 4038 4077 4078
3 4038 4078 4039
3 4039 4078 4079
3 4040 4080 4041
3 4041 4080 4081
3 4041 4081 4042
3 4042 4081 4082
3 4042 4082 4043
3 4043 4082 4083
3 4043 4083 4044
3 4044 4083 4084
3 4044 4084 4045
3 4045 4084 4085
3 4045 4085 4046
3 4046 4085 4086
3 4046 4086 4047
3 4047 4086 4087
3 4047 4087 4048
3 4048 4087 4088
3 4048 4088 4049
3 4049 4088 4089
3 4049 4089 4050
3 4050 4089 4090
3 4050 4090 4051
3 4051 4090 4091
3 4051 4091 4052
3 4052 4091 4092
3 4052 4092 4053
3 4053 4092 4093
3 4053 4093 4054
3 4054 4093 4094
3 4054 4094 4055
3 4055 4094 4095
3 4055 4095 4056
3 4056 4095 4096
3 4056 4096 4057
3 4057 4096 4097
3 4057 4097 4058
3 4058 4097 4098
3 4058 4098 4059
3 4059 4098 4099
3 4059 4099 4060
3 4060 4099 4100
3 4060 4100 4061
3 4061 4100 4101
3 4061 4101 4062
3 4062 4101 4102
3 4062 4102 4063
3 4063 4102 4103
3 4063 4103 4064
3 4064 4103 4104
3 4064 4104 4065
3 4065 4104 4105
3 4065 4105 4066
3 4066 4105 4106
3 4066 4106 4067
3 4067 4106 4107
3 4067 4107 4068
3 4068 4107 4108
3 4068 4108 4069
3 4069 4108 4109
3 4069 4109 4070
3 4070 4109 4110
3 4070 4110 4071
3 4071 4110 4111
3 4071 4111 4072
3 4072 4111 4112
3 4072 4112 4073
3 4073 4112 4113
3 4073 4113 4074
3 4074 4113 4114
3 4074 4114 4075
3 4075 4114 4115
3 4075 4115 4076
3 4076 4115 4116
3 4076 4116 4077
3 4077 4116 4117
3 4077 4117 4078
3 4078 4117 4118
3 4078 4118 4079
3 4079 4118 4119
3 4080 4120 4081
3 4081 4120 4121
3 4081 4121 4082
3 4082 4121 4122
3 4082 4122 4083
3 4083 4122 4123
3 4083 4123 4084
3 4084 4123 4124
3 4084 4124 4085
3 4085 4124 4125
3 4085 4125 4086
3 4086 4125 4126
3 4086 4126 4087
3 4087 4126 4127
3 4087 4127 4088
3 4088 4127 4128
3 4088 4128 4089
3 4089 4128 4129
3 4089 4129 4090
3 4090 4129 4130
3 4090 4130 4091
3 4091 4130 4131
3 4091 4131 4092
3 4092 4131 4132
3 4092 4132 4093
3 4093 4132 4133
3 4093 4133 4094
3 4094 4133 4134
3 4094 4134 4095
3 4095 4134 4135
3 4095 4135 4096
3 4096 4135 4136
3 4096 4136 4097
3 4097 4136 4137
3 4097 4137 4098
3 4098 4137 4138
3 4098 4138 4099
3 4099 4138 4139
3 4099 4139 4100
3 4100 4139 4140
3 4100 4140 4101
3 4101 4140 4141
3 4101 4141 4102
3 4102 4141 4142
3 4102 4142 4103
3 4103 4142 4143
3 4103 4143 4104
3 4104 4143 4144
3 4104 4144 4105
3 4105 4144 4145
3 4105 4145 4106
3 4106 4145 4146
3 4106 4146 4107
3 4107 4146 4147
3 4107 4147 4108
3 4108 4147 4148
3 4108 4148 4109
3 4109 4148 4149
3 4109 4149 4110
3 4110 4149 4150
3 4110 4150 4111
3 4111 4150 4151
3 4111 4151 4112
3 4112 4151 4152
3 4112 4152 4113
3 4113 4152 4153
3 4113 4153 4114
3 4114 4153 4154
3 4114 4154 4115
3 4115 4154 4155
3 4115 4155 4116
3 4116 4155 4156
3 4116 4156 4117
3 4117 4156 4157
3 4117 4157 4118
3 4118 4157 4158
3 4118 4158 4119
3 4119 4158 4159
3 4120 4160 4121
3 4121 4160 4161
3 4121 4161 4122
3 4122 4161 4162
3 4122 4162 4123
3 4123 4162 4163
3 4123 4163 4124
3 4124 4163 4164
3 4124 4164 4125
3 4125 4164 4165
3 4125 4165 4126
3 4126 4165 4166
3 4126 4166 4127
3 4127 4166 4167
3 4127 4167 4128
3 4128 4167 4168
3 4128 4168 4129
3 4129 4168 4169
3 4129 4169 4130
3 4130 4169 4170
3 4130 4170 4131
3 4131 4170 4171
3 4131 4171 4132
3 4132 4171 4172
3 4132 4172 4133
3 4133 4172 4173
3 4133 4173 4134
3 4134 4173 4174
3 4134 4174 4135
3 4135 4174 4175
3 4135 4175 4136
3 4136 4175 4176
3 4136 4176 4137
3 4137 4176 4177
3 4137 4177 4138
3 4138 4177 4178
3 4138 4178 4139
3 4139 4178 4179
3 4139 4179 4140
3 4140 4179 4180
3 4140 4180 4141
3 4141 4180 4181
3 4141 4181 4142
3 4142 4181 4182
3 4142 4182 4143
3 4143 4182 4183
3 4143 4183 4144
3 4144 4183 4184
3 4144 4184 4145
3 4145 4184 4185
3 4145 4185 4146
3 4146 4185 4186
3 4146 4186 4147
3 4147 4186 4187
3 4147 4187 4148
3 4148 4187 4188
3 4148 4188 4149
3 4149 4188 4189
3 4149 4189 4150
3 4150 4189 4190
3 4150 4190 4151
3 4151 4190 4191
3 4151 4191 4152
3 4152 4191 4192
3 4152 4192 4153
3 4153 4192 4193
3 4153 4193 4154
3 4154 4193 4194
3 4154 4194 4155
3 4155 4194 4195
3 4155 4195 4156
3 4156 4195 4196
3 4156 4196 4157
3 4157 4196 4197
3 4157 4197 4158
3 4158 4197 4198
3 4158 4198 4159
3 4159 4198 4199
3 4160 4200 4161
3 4161 4200 4201
3 4161 4201 4162
3 4162 4201 4202
3 4162 4202 4163
3 4163 4202 4203
3 4163 4203 4164
3 4164 4203 4204
3 4164 4204 4165
3 4165 4204 4205
3 4165 4205 4166
3 4166 4205 4206
3 4166 4206 4167
3 4167 4206 4207
3 4167 4207 4168
3 4168 4207 4208
3 4168 4208 4169
3 4169 4208 4209
3 4169 4209 4170
3 4170 4209 4210
3 4170 4210 4171
3 4171 4210 4211
3 4171 4211 4172
3 4172 4211 4212
3 4172 4212 4173
3 4173 4212 4213
3 4173 4213 4174
3 4174 4213 4214
3 4174 4214 4175
3 4175 4214 4215
3 4175 4215 4176
3 4176 4215 4216
3 4176 4216 4177
3 4177 4216 4217
3 4177 4217 4178
3 4178 4217 4218
3 4178 4218 4179
3 4179 4218 4219
3 4179 4219 4180
3 4180 4219 4220
3 4180 4220 4181
3 4181 4220 4221
3 4181 4221 4182
3 4182 4221 4222
3 4182 4222 4183
3 4183 4222 4223
3 4183 4223 4184
3 4184 4223 4224
3 4184 4224 4185
3 4185 4224 4225
3 4185 4225 4186
3 4186 4225 4226
3 4186 4226 4187
3 4187 4226 4227
3 4187 4227 4188
3 4188 4227 4228
3 4188 4228 4189
3 4189 4228 4229
3 4189 4229 4190
3 4190 4229 4230
3 4190 4230 4191
3 4191 4230 4231
3 4191 4231 4192
3 4192 4231 4232
3 4192 4232 4193
3 4193 4232 4233
3 4193 4233 4194
3 4194 4233 4234
3 4194 4234 4195
3 4195 4234 4235
3 4195 4235 4196
3 4196 4235 4236
3 4196 4236 4197
3 4197 4236 4237
3 4197 4237 4198
3 4198 4237 4238
3 4198 4238 4199
3 4199 4238 4239
3 4200 4240 4201
3 4201 4240 4241
3 4201 4241 4202
3 4202 4241 4242
3 4202 4242 4203
3 4203 4242 4243
3 4203 4243 4204
3 4204 4243 4244
3 4204 4244 4205
3 4205 4244 4245
3 4205 4245 4206
3 4206 4245 4246
3 4206 4246 4207
3 4207 4246 4247
3 4207 4247 4208
3 4208 4247 4248
3 4208 4248 4209
3 4209 4248 4249
3 4209 4249 4210
3 4210 4249 4250
3 4210 4250 4211
3 4211 4250 4251
3 4211 4251 4212
3 4212 4251 4252
3 4212 4252 4213
3 4213 4252 4253
3 4213 4253 4214
3 4214 4253 4254
3 4214 4254 4215
3 4215 4254 4255
3 4215 4255 4216
3 4216 4255 4256
3 4216 4256 4217
3 4217 4256 4257
3 4217 4257 4218
3 4218 4257 4258
3 4218 4258 4219
3 4219 4258 4259
3 4219 4259 4220
3 4220 4259 4260
3 4220 4260 4221
3 4221 4260 4261
3 4221 4261 4222
3 4222 4261 4262
3 4222 4262 4223
3 4223 4262 4263
3 4223 4263 4224
3 4224 4263 4264
3 4224 4264 4225
3 4225 4264 4265
3 4225 4265 4226
3 4226 4265 4266
3 4226 4266 4227
3 4227 4266 4267
3 4227 4267 4228
3 4228 4267 4268
3 4228 4268 4229
3 4229 4268 4269
3 4229 4269 4230
3 4230 4269 4270
3 4230 4270 4231
3 4231 4270 4271
3 4231 4271 4232
3 4232 4271 4272
3 4232 4272 4233
3 4233 4272 4273
3 4233 4273 4234
3 4234 4273 4274
3 4234 4274 4235
3 4235 4274 4275
3 4235 4275 4236
3 4236 4275 4276
3 4236 4276 4237
3 4237 4276 4277
3 4237 4277 4238
3 4238 4277 4278
3 4238 4278 4239
3 4239 4278 4279
3 4240 4280 4241
3 4241 4280 4281
3 4241 4281 4242
3 4242 4281 4282
3 4242 4282 4243
3 4243 4282 4283
3 4243 4283 4244
3 4244 4283 4284
3 4244 4284 4245
3 4245 4284 4285
3 4245 4285 4246
3 4246 4285 4286
3 4246 4286 4247
3 4247 4286 4287
3 4247 4287 4248
3 4248 4287 4288
3 4248 4288 4249
3 4249 4288 4289
3 4249 4289 4250
3 4250 4289 4290
3 4250 4290 4251
3 4251 4290 4291
3 4251 4291 4252
3 4252 4291 4292
3 4252 4292 4253
3 4253 4292 4293
3 4253 4293 4254
3 4254 4293 4294
3 4254 4294 4255
3 4255 4294 4295
3 4255 4295 4256
3 4256 4295 4296
3 4256 4296 4257
3 4257 4296 4297
3 4257 4297 4258
3 4258 4297 4298
3 4258 4298 4259
3 4259 4298 4299
3 4259 4299 4260
3 4260 4299 4300
3 4260 4300 4261
3 4261 4300 4301
3 4261 4301 4262
3 4262 4301 4302
3 4262 4302 4263
3 4263 4302 4303
3 4263 4303 4264
3 4264 4303 4304
3 4264 4304 4265
3 4265 4304 4305
3 4265 4305 4266
3 4266 4305 4306
3 4266 4306 4267
3 4267 4306 4307
3 4267 4307 4268
3 4268 4307 4308
3 4268 4308 4269
3 4269 4308 4309
3 4269 4309 4270
3 4270 4309 4310
3 4270 4310 4271
3 4271 4310 4311
3 4271 4311 4272
3 4272 4311 4312
3 4272 4312 4273
3 4273 4312 4313
3 4273 4313 4274
3 4274 4313 4314
3 4274 4314 4275
3 4275 4314 4315
3 4275 4315 4276
3 4276 4315 4316
3 4276 4316 4277
3 4277 4316 4317
3 4277 4317 4278
3 4278 4317 4318
3 4278 4318 4279
3 4279 4318 4319
3 4280 4320 4281
3 4281 4320 4321
3 4281 4321 4282
3 4282 4321 4322
3 4282 4322 4283
3 4283 4322 4323
3 4283 4323 4284
3 4284 4323 4324
3 4284 4324 4285
3 4285 4324 4325
3 4285 4325 4286
3 4286 4325 4326
3 4286 4326 4287
3 4287 4326 4327
3 4287 4327 4288
3 4288 4327 4328
3 4288 4328 4289
3 4289 4328 4329
3 4289 4329 4290
3 4290 4329 4330
3 4290 4330 4291
3 4291 4330 4331
3 4291 4331 4292
3 4292 4331 4332
3 4292 4332 4293
3 4293 4332 4333
3 4293 4333 4294
3 4294 4333 4334
3 4294 4334 4295
3 4295 4334 4335
3 4295 4335 4296
3 4296 4335 4336
3 4296 4336 4297
3 4297 4336 4337
3 4297 4337 4298
3 4298 4337 4338
3 4298 4338 4299
3 4299 4338 4339
3 4299 4339 4300
3 4300 4339 4340
3 4300 4340 4301
3 4301 4340 4341
3 4301 4341 4302
3 4302 4341 4342
3 4302 4342 4303
3 4303 4342 4343
3 4303 4343 4304
3 4304 4343 4344
3 4304 4344 4305
3 4305 4344 4345
3 4305 4345 4306
3 4306 4345 4346
3 4306 4346 4307
3 4307 4346 4347
3 4307 4347 4308
3 4308 4347 4348
3 4308 4348 4309
3 4309 4348 4349
3 4309 4349 4310
3 4310 4349 4350
3 4310 4350 4311
3 4311 4350 4351
3 4311 4351 4312
3 4312 4351 4352
3 4312 4352 4313
3 4313 4352 4353
3 4313 4353 4314
3 4314 4353 4354
3 4314 4354 4315
3 4315 4354 4355
3 4315 4355 4316
3 4316 4355 4356
3 4316 4356 4317
3 4317 4356 4357
3 4317 4357 4318
3 4318 4357 4358
3 4318 4358 4319
3 4319 4358 4359
3 4320 4360 4321
3 4321 4360 4361
3 4321 4361 4322
3 4322 4361 4362
3 4322 4362 4323
3 4323 4362 4363
3 4323 4363 4324
3 4324 4363 4364
3 4324 4364 4325
3 4325 4364 4365
3 4325 4365 4326
3 4326 4365 4366
3 4326 4366 4327
3 4327 4366 4367
3 4327 4367 4328
3 4328 4367 4368
3 4328 4368 4329
3 4329 4368 4369
3 4329 4369 4330
3 4330 4369 4370
3 4330 4370 4331
3 4331 4370 4371
3 4331 4371 4332
3 4332 4371 4372
3 4332 4372 4333
3 4333 4372 4373
3 4333 4373 4334
3 4334 4373 4374
3 4334 4374 4335
3 4335 4374 4375
3 4335 4375 4336
3 4336 4375 4376
3 4336 4376 4337
3 4337 4376 4377
3 4337 4377 4338
3 4338 4377 4378
3 4338 4378 4339
3 4339 4378 4379
3 4339 4379 4340
3 4340 4379 4380
3 4340 4380 4341
3 4341 4380 4381
3 4341 4381 4342
3 4342 4381 4382
3 4342 4382 4343
3 4343 4382 4383
3 4343 4383 4344
3 4344 4383 4384
3 4344 4384 4345
3 4345 4384 4385
3 4345 4385 4346
3 4346 4385 4386
3 4346 4386 4347
3 4347 4386 4387
3 4347 4387 4348
3 4348 4387 4388
3 4348 4388 4349
3 4349 4388 4389
3 4349 4389 4350
3 4350 4389 4390
3 4350 4390 4351
3 4351 4390 4391
3 4351 4391 4352
3 4352 4391 4392
3 4352 4392 4353
3 4353 4392 4393
3 4353 4393 4354
3 4354 4393 4394
3 4354 4394 4355
3 4355 4394 4395
3 4355 4395 4356
3 4356 4395 4396
3 4356 4396 4357
3 4357 4396 4397
3 4357 4397 4358
3 4358 4397 4398
3 4358 4398 4359
3 4359 4398 4399
3 4360 4400 4361
3 4361 4400 4401
3 4361 4401 4362
3 4362 4401 4402
3 4362 4402 4363
3 4363 4402 4403
3 4363 4403 4364
3 4364 4403 4404
3 4364 4404 4365
3 4365 4404 4405
3 4365 4405 4366
3 4366 4405 4406
3 4366 4406 4367
3 4367 4406 4407
3 4367 4407 4368
3 4368 4407 4408
3 4368 4408 4369
3 4369 4408 4409
3 4369 4409 4370
3 4370 4409 4410
3 4370 4410 4371
3 4371 4410 4411
3 4371 4411 4372
3 4372 4411 4412
3 4372 4412 4373
3 4373 4412 4413
3 4373 4413 4374
3 4374 4413 4414
3 4374 4414 4375
3 4375 4414 4415
3 4375 4415 4376
3 4376 4415 4416
3 4376 4416 4377
3 4377 4416 4417
3 4377 4417 4378
3 4378 4417 4418
3 4378 4418 4379
3 4379 4418 4419
3 4379 4419 4380
3 4380 4419 4420
3 4380 4420 4381
3 4381 4420 4421
3 4381 4421 4382
3 4382 4421 4422
3 4382 4422 4383
3 4383 4422 4423
3 4383 4423 4384
3 4384 4423 4424
3 4384 4424 4385
3 4385 4424 4425
3 4385 4425 4386
3 4386 4425 4426
3 4386 4426 4387
3 4387 4426 4427
3 4387 4427 4388
3 4388 4427 4428
3 4388 4428 4389
3 4389 4428 4429
3 4389 4429 4390
3 4390 4429 4430
3 4390 4430 4391
3 4391 4430 4431
3 4391 4431 4392
3 4392 4431 4432
3 4392 4432 4393
3 4393 4432 4433
3 4393 4433 4394
3 4394 4433 4434
3 4394 4434 4395
3 4395 4434 4435
3 4395 4435 4396
3 4396 4435 4436
3 4396 4436 4397
3 4397 4436 4437
3 4397 4437 4398
3 4398 4437 4438
3 4398 4438 4399
3 4399 4438 4439
3 4400 4440 4401
3 4401 4440 4441
3 4401 4441 4402
3 4402 4441 4442
3 4402 4442 4403
3 4403 4442 4443
3 4403 4443 4404
3 4404 4443 4444
3 4404 4444 4405
3 4405 4444 4445
3 4405 4445 4406
3 4406 4445 4446
3 4406 4446 4407
3 4407 4446 4447
3 4407 4447 4408
3 4408 4447 4448
3 4408 4448 4409
3 4409 4448 4449
3 4409 4449 4410
3 4410 4449 4450
3 4410 4450 4411
3 4411 4450 4451
3 4411 4451 4412
3 4412 4451 4452
3 4412 4452 4413
3 4413 4452 4453
3 4413 4453 4414
3 4414 4453 4454
3 4414 4454 4415
3 4415 4454 4455
3 4415 4455 4416
3 4416 4455 4456
3 4416 4456 4417
3 4417 4456 4457
3 4417 4457 4418
3 4418 4457 4458
3 4418 4458 4419
3 4419 4458 4459
3 4419 4459 4420
3 4420 4459 4460
3 4420 4460 4421
3 4421 4460 4461
3 4421 4461 4422
3 4422 4461 4462
3 4422 4462 4423
3 4423 4462 4463
3 4423 4463 4424
3 4424 4463 4464
3 4424 4464 4425
3 4425 4464 4465
3 4425 4465 4426
3 4426 4465 4466
3 4426 4466 4427
3 4427 4466 4467
3 4427 4467 4428
3 4428 4467 4468
3 4428 4468 4429
3 4429 4468 4469
3 4429 4469 4430
3 4430 4469 4470
3 4430 4470 4431
3 4431 4470 4471
3 4431 4471 4432
3 4432 4471 4472
3 4432 4472 4433
3 4433 4472 4473
3 4433 4473 4434
3 4434 4473 4474
3 4434 4474 4435
3 4435 4474 4475
3 4435 4475 4436
3 4436 4475 4476
3 4436 4476 4437
3 4437 4476 4477
3 4437 4477 4438
3 4438 4477 4478
3 4438 4478 4439
3 4439 4478 4479
3 4440 4480 4441
3 4441 4480 4481
3 4441 4481 4442
3 4442 4481 4482
3 4442 4482 4443
3 4443 4482 4483
3 4443 4483 4444
3 4444 4483 4484
3 4444 4484 4445
3 4445 4484 4485
3 4445 4485 4446
3 4446 4485 4486
3 4446 4486 4447
3 4447 4486 4487
3 4447 4487 4448
3 4448 4487 4488
3 4448 4488 4449
3 4449 4488 4489
3 4449 4489 4450
3 4450 4489 4490
3 4450 4490 4451
3 4451 4490 4491
3 4451 4491 4452
3 4452 4491 4492
3 4452 4492 4453
3 4453 4492 4493
3 4453 4493 4454
3 4454 4493 4494
3 4454 4494 4455
3 4455 4494 4495
3 4455 4495 4456
3 4456 4495 4496
3 4456 4496 4457
3 4457 4496 4497
3 4457 4497 4458
3 4458 4497 4498
3 4458 4498 4459
3 4459 4498 4499
3 4459 4499 4460
3 4460 4499 4500
3 4460 4500 4461
3 4461 4500 4501
3 4461 4501 4462
3 4462 4501 4502
3 4462 4502 4463
3 4463 4502 4503
3 4463 4503 4464
3 4464 4503 4504
3 4464 4504 4465
3 4465 4504 4505
3 4465 4505 4466
3 4466 4505 4506
3 4466 4506 4467
3 4467 4506 4507
3 4467 4507 4468
3 4468 4507 4508
3 4468 4508 4469
3 4469 4508 4509
3 4469 4509 4470
3 4470 4509 4510
3 4470 4510 4471
3 4471 4510 4511
3 4471 4511 4472
3 4472 4511 4512
3 4472 4512 4473
3 4473 4512 4513
3 4473 4513 4474
3 4474 4513 4514
3 4474 4514 4475
3 4475 4514 4515
3 4475 4515 4476
3 4476 4515 4516
3 4476 4516 4477
3 4477 4516 4517
3 4477 4517 4478
3 4478 4517 4518
3 4478 4518 4479
3 4479 4518 4519
3 4480 4520 4481
3 4481 4520 4521
3 4481 4521 4482
3 4482 4521 4522
3 4482 4522 4483
3 4483 4522 4523
3 4483 4523 4484
3 4484 4523 4524
3 4484 4524 4485
3 4485 4524 4525
3 4485 4525 4486
3 4486 4525 4526
3 4486 4526 4487
3 4487 4526 4527
3 4487 4527 4488
3 4488 4527 4528
3 4488 4528 4489
3 4489 4528 4529
3 4489 4529 4490
3 4490 4529 4530
3 4490 4530 4491
3 4491 4530 4531
3 4491 4531 4492
3 4492 4531 4532
3 4492 4532 4493
3 4493 4532 4533
3 4493 4533 4494
3 4494 4533 4534
3 4494 4534 4495
3 4495 4534 4535
3 4495 4535 4496
3 4496 4535 4536
3 4496 4536 4497
3 4497 4536 4537
3 4497 4537 4498
3 4498 4537 4538
3 4498 4538 4499
3 4499 4538 4539
3 4499 4539 4500
3 4500 4539 4540
3 4500 4540 4501
3 4501 4540 4541
3 4501 4541 4502
3 4502 4541 4542
3 4502 4542 4503
3 4503 4542 4543
3 4503 4543 4504
3 4504 4543 4544
3 4504 4544 4505
3 4505 4544 4545
3 4505 4545 4506
3 4506 4545 4546
3 4506 4546 4507
3 4507 4546 4547
3 4507 4547 4508
3 4508 4547 4548
3 4508 4548 4509
3 4509 4548 4549
3 4509 4549 4510
3 4510 4549 4550
3 4510 4550 4511
3 4511 4550 4551
3 4511 4551 4512
3 4512 4551 4552
3 4512 4552 4513
3 4513 4552 4553
3 4513 4553 4514
3 4514 4553 4554
3 4514 4554 4515
3 4515 4554 4555
3 4515 4555 4516
3 4516 4555 4556
3 4516 4556 4517
3 4517 4556 4557
3 4517 4557 4518
3 4518 4557 4558
3 4518 4558 4519
3 4519 4558 4559
3 4520 4560 4521
3 4521 4560 4561
3 4521 4561 4522
3 4522 4561 4562
3 4522 4562 4523
3 4523 4562 4563
3 4523 4563 4524
3 4524 4563 4564
3 4524 4564 4525
3 4525 4564 4565
3 4525 4565 4526
3 4526 4565 4566
3 4526 4566 4527
3 4527 4566 4567
3 4527 4567 4528
3 4528 4567 4568
3 4528 4568 4529
3 4529 4568 4569
3 4529 4569 4530
3 4530 4569 4570
3 4530 4570 4531
3 4531 4570 4571
3 4531 4571 4532
3 4532 4571 4572
3 4532 4572 4533
3 4533 4572 4573
3 4533 4573 4534
3 4534 4573 4574
3 4534 4574 4535
3 4535 4574 4575
3 4535 4575 4536
3 4536 4575 4576
3 4536 4576 4537
3 4537 4576 4577
3 4537 4577 4538
3 4538 4577 4578
3 4538 4578 4539
3 4539 4578 4579
3 4539 4579 4540
3 4540 4579 4580
3 4540 4580 4541
3 4541 4580 4581
3 4541 4581 4542
3 4542 4581 4582
3 4542 4582 4543
3 4543 4582 4583
3 4543 4583 4544
3 4544 4583 4584
3 4544 4584 4545
3 4545 4584 4585
3 4545 4585 4546
3 4546 4585 4586
3 4546 4586 4547
3 4547 4586 4587
3 4547 4587 4548
3 4548 4587 4588
3 4548 4588 4549
3 4549 4588 4589
3 4549 4589 4550
3 4550 4589 4590
3 4550 4590 4551
3 4551 4590 4591
3 4551 4591 4552
3 4552 4591 4592
3 4552 4592 4553
3 4553 4592 4593
3 4553 4593 4554
3 4554 4593 4594
3 4554 4594 4555
3 4555 4594 4595
3 4555 4595 4556
3 4556 4595 4596
3 4556 4596 4557
3 4557 4596 4597
3 4557 4597 4558
3 4558 4597 4598
3 4558 4598 4559
3 4559 4598 4599
3 4560 4600 4561
3 4561 4600 4601
3 4561 4601 4562
3 4562 4601 4602
3 4562 4602 4563
3 4563 4602 4603
3 4563 4603 4564
3 4564 4603 4604
3 4564 4604 4565
3 4565 4604 4605
3 4565 4605 4566
3 4566 4605 4606
3 4566 4606 4567
3 4567 4606 4607
3 4567 4607 4568
3 4568 4607 4608
3 4568 4608 4569
3 4569 4608 4609
3 4569 4609 4570
3 4570 4609 4610
3 4570 4610 4571
3 4571 4610 4611
3 4571 4611 4572
3 4572 4611 4612
3 4572 4612 4573
3 4573 4612 4613
3 4573 4613 4574
3 4574 4613 4614
3 4574 4614 4575
3 4575 4614 4615
3 4575 4615 4576
3 4576 4615 4616
3 4576 4616 4577
3 4577 4616 4617
3 4577 4617 4578
3 4578 4617 4618
3 4578 4618 4579
3 4579 4618 4619
3 4579 4619 4580
3 4580 4619 4620
3 4580 4620 4581
3 4581 4620 4621
3 4581 4621 4582
3 4582 4621 4622
3 4582 4622 4583
3 4583 4622 4623
3 4583 4623 4584
3 4584 4623 4624
3 4584 4624 4585
3 4585 4624 4625
3 4585 4625 4586
3 4586 4625 4626
3 4586 4626 4587
3 4587 4626 4627
3 4587 4627 4588
3 4588 4627 4628
3 4588 4628 4589
3 4589 4628 4629
3 4589 4629 4590
3 4590 4629 4630
3 4590 4630 4591
3 4591 4630 4631
3 4591 4631 4592
3 4592 4631 4632
3 4592 4632 4593
3 4593 4632 4633
3 4593 4633 4594
3 4594 4633 4634
3 4594 4634 4595
3 4595 4634 4635
3 4595 4635 4596
3 4596 4635 4636
3 4596 4636 4597
3 4597 4636 4637
3 4597 4637 4598
3 4598 4637 4638
3 4598 4638 4599
3 4599 4638 4639
3 4600 4640 4601
3 4601 4640 4641
3 4601 4641 4602
3 4602 4641 4642
3 4602 4642 4603
3 4603 4642 4643
3 4603 4643 4604
3 4604 4643 4644
3 4604 4644 4605
3 4605 4644 4645
3 4605 4645 4606
3 4606 4645 4646
3 4606 4646 4607
3 4607 4646 4647
3 4607 4647 4608
3 4608 4647 4648
3 4608 4648 4609
3 4609 4648 4649
3 4609 4649 4610
3 4610 4649 4650
3 4610 4650 4611
3 4611 4650 4651
3 4611 4651 4612
3 4612 4651 4652
3 4612 4652 4613
3 4613 4652 4653
3 4613 4653 4614
3 4614 4653 4654
3 4614 4654 4615
3 4615 4654 4655
3 4615 4655 4616
3 4616 4655 4656
3 4616 4656 4617
3 4617 4656 4657
3 4617 4657 4618
3 4618 4657 4658
3 4618 4658 4619
3 4619 4658 4659
3 4619 4659 4620
3 4620 4659 4660
3 4620 4660 4621
3 4621 4660 4661
3 4621 4661 4622
3 4622 4661 4662
3 4622 4662 4623
3 4623 4662 4663
3 4623 4663 4624
3 4624 4663 4664
3 4624 4664 4625
3 4625 4664 4665
3 4625 4665 4626
3 4626 4665 4666
3 4626 4666 4627
3 4627 4666 4667
3 4627 4667 4628
3 4628 4667 4668
3 4628 4668 4629
3 4629 4668 4669
3 4629 4669 4630
3 4630 4669 4670
3 4630 4670 4631
3 4631 4670 4671
3 4631 4671 4632
3 4632 4671 4672
3 4632 4672 4633
3 4633 4672 4673
3 4633 4673 4634
3 4634 4673 4674
3 4634 4674 4635
3 4635 4674 4675
3 4635 4675 4636
3 4636 4675 4676
3 4636 4676 4637
3 4637 4676 4677
3 4637 4677 4638
3 4638 4677 4678
3 4638 4678 4639
3 4639 4678 4679
3 4640 4680 4641
3 4641 4680 4681
3 4641 4681 4642
3 4642 4681 4682
3 4642 4682 4643
3 4643 4682 4683
3 4643 4683 4644
3 4644 4683 4684
3 4644 4684 4645
3 4645 4684 4685
3 4645 4685 4646
3 4646 4685 4686
3 4646 4686 4647
3 4647 4686 4687
3 4647 4687 4648
3 4648 4687 4688
3 4648 4688 4649
3 4649 4688 4689
3 4649 4689 4650
3 4650 4689 4690
3 4650 4690 4651
3 4651 4690 4691
3 4651 4691 4652
3 4652 4691 4692
3 4652 4692 4653
3 4653 4692 4693
3 4653 4693 4654
3 4654 4693 4694
3 4654 4694 4655
3 4655 4694 4695
3 4655 4695 4656
3 4656 4695 4696
3 4656 4696 4657
3 4657 4696 4697
3 4657 4697 4658
3 4658 4697 4698
3 4658 4698 4659
3 4659 4698 4699
3 4659 4699 4660
3 4660 4699 4700
3 4660 4700 4661
3 4661 4700 4701
3 4661 4701 4662
3 4662 4701 4702
3 4662 4702 4663
3 4663 4702 4703
3 4663 4703 4664
3 4664 4703 4704
3 4664 4704 4665
3 4665 4704 4705
3 4665 4705 4666
3 4666 4705 4706
3 4666 4706 4667
3 4667 4706 4707
3 4667 4707 4668
3 4668 4707 4708
3 4668 4708 4669
3 4669 4708 4709
3 4669 4709 4670
3 4670 4709 4710
3 4670 4710 4671
3 4671 4710 4711
3 4671 4711 4672
3 4672 4711 4712
3 4672 4712 4673
3 4673 4712 4713
3 4673 4713 4674
3 4674 4713 4714
3 4674 4714 4675
3 4675 4714 4715
3 4675 4715 4676
3 4676 4715 4716
3 4676 4716 4677
3 4677 4716 4717
3 4677 4717 4678
3 4678 4717 4718
3 4678 4718 4679
3 4679 4718 4719
3 4680 4720 4681
3 4681 4720 4721
3 4681 4721 4682
3 4682 4721 4722
3 4682 4722 4683
3 4683 4722 4723
3 4683 4723 4684
3 4684 4723 4724
3 4684 4724 4685
3 4685 4724 4725
3 4685 4725 4686
3 4686 4725 4726
3 4686 4726 4687
3 4687 4726 4727
3 4687 4727 4688
3 4688 4727 4728
3 4688 4728 4689
3 4689 4728 4729
3 4689 4729 4690
3 4690 4729 4730
3 4690 4730 4691
3 4691 4730 4731
3 4691 4731 4692
3 4692 4731 4732
3 4692 4732 4693
3 4693 4732 4733
3 4693 4733 4694
3 4694 4733 4734
3 4694 4734 4695
3 4695 4734 4735
3 4695 4735 4696
3 4696 4735 4736
3 4696 4736 4697
3 4697 4736 4737
3 4697 4737 4698
3 4698 4737 4738
3 4698 4738 4699
3 4699 4738 4739
3 4699 4739 4700
3 4700 4739 4740
3 4700 4740 4701
3 4701 4740 4741
3 4701 4741 4702
3 4702 4741 4742
3 4702 4742 4703
3 4703 4742 4743
3 4703 4743 4704
3 4704 4743 4744
3 4704 4744 4705
3 4705 4744 4745
3 4705 4745 4706
3 4706 4745 4746
3 4706 4746 4707
3 4707 4746 4747
3 4707 4747 4708
3 4708 4747 4748
3 4708 4748 4709
3 4709 4748 4749
3 4709 4749 4710
3 4710 4749 4750
3 4710 4750 4711
3 4711 4750 4751
3 4711 4751 4712
3 4712 4751 4752
3 4712 4752 4713
3 4713 4752 4753
3 4713 4753 4714
3 4714 4753 4754
3 4714 4754 4715
3 4715 4754 4755
3 4715 4755 4716
3 4716 4755 4756
3 4716 4756 4717
3 4717 4756 4757
3 4717 4757 4718
3 4718 4757 4758
3 4718 4758 4719
3 4719 4758 4759
3 4720 4760 4721
3 4721 4760 4761
3 4721 4761 4722
3 4722 4761 4762
3 4722 4762 4723
3 4723 4762 4763
3 4723 4763 4724
3 4724 4763 4764
3 4724 4764 4725
3 4725 4764 4765
3 4725 4765 4726
3 4726 4765 4766
3 4726 4766 4727
3 4727 4766 4767
3 4727 4767 4728
3 4728 4767 4768
3 4728 4768 4729
3 4729 4768 4769
3 4729 4769 4730
3 4730 4769 4770
3 4730 4770 4731
3 4731 4770 4771
3 4731 4771 4732
3 4732 4771 4772
3 4732 4772 4733
3 4733 4772 4773
3 4733 4773 4734
3 4734 4773 4774
3 4734 4774 4735
3 4735 4774 4775
3 4735 4775 4736
3 4736 4775 4776
3 4736 4776 4737
3 4737 4776 4777
3 4737 4777 4738
3 4738 4777 4778
3 4738 4778 4739
3 4739 4778 4779
3 4739 4779 4740
3 4740 4779 4780
3 4740 4780 4741
3 4741 4780 4781
3 4741 4781 4742
3 4742 4781 4782
3 4742 4782 4743
3 4743 4782 4783
3 4743 4783 4744
3 4744 4783 4784
3 4744 4784 4745
3 4745 4784 4785
3 4745 4785 4746
3 4746 4785 4786
3 4746 4786 4747
3 4747 4786 4787
3 4747 4787 4748
3 4748 4787 4788
3 4748 4788 4749
3 4749 4788 4789
3 4749 4789 4750
3 4750 4789 4790
3 4750 4790 4751
3 4751 4790 4791
3 4751 4791 4752
3 4752 4791 4792
3 4752 4792 4753
3 4753 4792 4793
3 4753 4793 4754
3 4754 4793 4794
3 4754 4794 4755
3 4755 4794 4795
3 4755 4795 4756
3 4756 4795 4796
3 4756 4796 4757
3 4757 4796 4797
3 4757 4797 4758
3 4758 4797 4798
3 4758 4798 4759
3 4759 4798 4799
